// Validating benchmarks:
// ***** BenchmarkRunner: Start   *****
// ***** Found 14 benchmark(s) in total *****
// ***** Building 1 exe(s) in Parallel: Start   *****
// start dotnet  restore /p:UseSharedCompilation=false /p:BuildInParallel=false /m:1 /p:Deterministic=true /p:Optimize=true /p:ArtifactsPath="C:\AOCR\AOCR\AOCR05-01-2026\AOCR1\AOCR\BenchmarkSuite1\bin\Release\net9.0\BenchmarkSuite1-DefaultJob-1/" /p:OutDir="C:\AOCR\AOCR\AOCR05-01-2026\AOCR1\AOCR\BenchmarkSuite1\bin\Release\net9.0\BenchmarkSuite1-DefaultJob-1\bin\Release\net9.0/" /p:OutputPath="C:\AOCR\AOCR\AOCR05-01-2026\AOCR1\AOCR\BenchmarkSuite1\bin\Release\net9.0\BenchmarkSuite1-DefaultJob-1\bin\Release\net9.0/" /p:PublishDir="C:\AOCR\AOCR\AOCR05-01-2026\AOCR1\AOCR\BenchmarkSuite1\bin\Release\net9.0\BenchmarkSuite1-DefaultJob-1\publish/" in C:\AOCR\AOCR\AOCR05-01-2026\AOCR1\AOCR\BenchmarkSuite1\bin\Release\net9.0\BenchmarkSuite1-DefaultJob-1
// command took 0.94 sec and exited with 0
// start dotnet  build -c Release --no-restore /p:UseSharedCompilation=false /p:BuildInParallel=false /m:1 /p:Deterministic=true /p:Optimize=true /p:ArtifactsPath="C:\AOCR\AOCR\AOCR05-01-2026\AOCR1\AOCR\BenchmarkSuite1\bin\Release\net9.0\BenchmarkSuite1-DefaultJob-1/" /p:OutDir="C:\AOCR\AOCR\AOCR05-01-2026\AOCR1\AOCR\BenchmarkSuite1\bin\Release\net9.0\BenchmarkSuite1-DefaultJob-1\bin\Release\net9.0/" /p:OutputPath="C:\AOCR\AOCR\AOCR05-01-2026\AOCR1\AOCR\BenchmarkSuite1\bin\Release\net9.0\BenchmarkSuite1-DefaultJob-1\bin\Release\net9.0/" /p:PublishDir="C:\AOCR\AOCR\AOCR05-01-2026\AOCR1\AOCR\BenchmarkSuite1\bin\Release\net9.0\BenchmarkSuite1-DefaultJob-1\publish/" --output "C:\AOCR\AOCR\AOCR05-01-2026\AOCR1\AOCR\BenchmarkSuite1\bin\Release\net9.0\BenchmarkSuite1-DefaultJob-1\bin\Release\net9.0/" in C:\AOCR\AOCR\AOCR05-01-2026\AOCR1\AOCR\BenchmarkSuite1\bin\Release\net9.0\BenchmarkSuite1-DefaultJob-1
// command took 6.18 sec and exited with 0
// ***** Done, took 00:00:07 (7.44 sec)   *****
// Found 14 benchmarks:
//   MapearOrdenBenchmark.MapearOrden_Actual: DefaultJob
//   MapearOrdenBenchmark.MapearOrden_Optimizado: DefaultJob
//   MapearOrdenBenchmark.MapearDetalle_Actual: DefaultJob
//   MapearOrdenBenchmark.MapearDetalle_Optimizado: DefaultJob
//   MapearOrdenBenchmark.MapearPagoModel_Actual: DefaultJob
//   MapearOrdenBenchmark.MapearPagoModel_Optimizado: DefaultJob
//   MapearOrdenBenchmark.MapearPagoEntidad_Actual: DefaultJob
//   MapearOrdenBenchmark.MapearPagoEntidad_Optimizado: DefaultJob
//   MapearOrdenBenchmark.LeerOrdenTx_Actual: DefaultJob
//   MapearOrdenBenchmark.LeerOrdenTx_Optimizado: DefaultJob
//   MapearOrdenBenchmark.LeerOrdenMeta_Actual: DefaultJob
//   MapearOrdenBenchmark.LeerOrdenMeta_Optimizado: DefaultJob
//   MapearOrdenBenchmark.LeerOrdenFr3_Actual: DefaultJob
//   MapearOrdenBenchmark.LeerOrdenFr3_Optimizado: DefaultJob

Setup power plan (GUID: 8c5e7fda-e8bf-4a96-9a85-a6e23a8c635c FriendlyName: Alto rendimiento)
// **************************
// Benchmark: MapearOrdenBenchmark.MapearOrden_Actual: DefaultJob
// *** Execute ***
// Launch: 1 / 1
// Execute: dotnet BenchmarkSuite1-DefaultJob-1.dll --anonymousPipes 1348 1316 --benchmarkName CapaDatos.Benchmarks.MapearOrdenBenchmark.MapearOrden_Actual --job Default --benchmarkId 0 in C:\AOCR\AOCR\AOCR05-01-2026\AOCR1\AOCR\BenchmarkSuite1\bin\Release\net9.0\BenchmarkSuite1-DefaultJob-1\bin\Release\net9.0
// BeforeAnythingElse

// Benchmark Process Environment Information:
// BenchmarkDotNet v0.15.2
// Runtime=.NET 9.0.14 (9.0.1426.11910), X64 RyuJIT AVX2
// GC=Concurrent Workstation
// HardwareIntrinsics=AVX2,AES,BMI1,BMI2,FMA,LZCNT,PCLMUL,POPCNT VectorSize=256
// Job: DefaultJob

OverheadJitting  1: 1 op, 182100.00 ns, 182.1000 us/op
WorkloadJitting  1: 1 op, 4507200.00 ns, 4.5072 ms/op

OverheadJitting  2: 16 op, 506700.00 ns, 31.6688 us/op
WorkloadJitting  2: 16 op, 21561800.00 ns, 1.3476 ms/op

WorkloadPilot    1: 16 op, 20722000.00 ns, 1.2951 ms/op
WorkloadPilot    2: 32 op, 49962300.00 ns, 1.5613 ms/op
WorkloadPilot    3: 64 op, 83323100.00 ns, 1.3019 ms/op
WorkloadPilot    4: 128 op, 46045900.00 ns, 359.7336 us/op
WorkloadPilot    5: 256 op, 44830700.00 ns, 175.1199 us/op
WorkloadPilot    6: 512 op, 90047500.00 ns, 175.8740 us/op
WorkloadPilot    7: 1024 op, 180738300.00 ns, 176.5022 us/op
WorkloadPilot    8: 2048 op, 369325100.00 ns, 180.3345 us/op
WorkloadPilot    9: 4096 op, 725677500.00 ns, 177.1674 us/op

OverheadWarmup   1: 4096 op, 15600.00 ns, 3.8086 ns/op
OverheadWarmup   2: 4096 op, 14500.00 ns, 3.5400 ns/op
OverheadWarmup   3: 4096 op, 14700.00 ns, 3.5889 ns/op
OverheadWarmup   4: 4096 op, 14500.00 ns, 3.5400 ns/op
OverheadWarmup   5: 4096 op, 14700.00 ns, 3.5889 ns/op
OverheadWarmup   6: 4096 op, 14700.00 ns, 3.5889 ns/op

OverheadActual   1: 4096 op, 14500.00 ns, 3.5400 ns/op
OverheadActual   2: 4096 op, 14600.00 ns, 3.5645 ns/op
OverheadActual   3: 4096 op, 15300.00 ns, 3.7354 ns/op
OverheadActual   4: 4096 op, 14600.00 ns, 3.5645 ns/op
OverheadActual   5: 4096 op, 14700.00 ns, 3.5889 ns/op
OverheadActual   6: 4096 op, 14700.00 ns, 3.5889 ns/op
OverheadActual   7: 4096 op, 14600.00 ns, 3.5645 ns/op
OverheadActual   8: 4096 op, 14500.00 ns, 3.5400 ns/op
OverheadActual   9: 4096 op, 14700.00 ns, 3.5889 ns/op
OverheadActual  10: 4096 op, 14500.00 ns, 3.5400 ns/op
OverheadActual  11: 4096 op, 15200.00 ns, 3.7109 ns/op
OverheadActual  12: 4096 op, 14500.00 ns, 3.5400 ns/op
OverheadActual  13: 4096 op, 14600.00 ns, 3.5645 ns/op
OverheadActual  14: 4096 op, 14800.00 ns, 3.6133 ns/op
OverheadActual  15: 4096 op, 14700.00 ns, 3.5889 ns/op

OverheadWarmup   1: 4096 op, 14900.00 ns, 3.6377 ns/op
OverheadWarmup   2: 4096 op, 14600.00 ns, 3.5645 ns/op
OverheadWarmup   3: 4096 op, 14900.00 ns, 3.6377 ns/op
OverheadWarmup   4: 4096 op, 14600.00 ns, 3.5645 ns/op
OverheadWarmup   5: 4096 op, 14700.00 ns, 3.5889 ns/op
OverheadWarmup   6: 4096 op, 14600.00 ns, 3.5645 ns/op

// BeforeActualRun
WorkloadActual   1: 4096 op, 729028300.00 ns, 177.9854 us/op
WorkloadActual   2: 4096 op, 721355400.00 ns, 176.1122 us/op
WorkloadActual   3: 4096 op, 721787900.00 ns, 176.2177 us/op
WorkloadActual   4: 4096 op, 721556500.00 ns, 176.1613 us/op
WorkloadActual   5: 4096 op, 720703800.00 ns, 175.9531 us/op
WorkloadActual   6: 4096 op, 727143300.00 ns, 177.5252 us/op
WorkloadActual   7: 4096 op, 724826400.00 ns, 176.9596 us/op
WorkloadActual   8: 4096 op, 738301800.00 ns, 180.2495 us/op
WorkloadActual   9: 4096 op, 725409200.00 ns, 177.1019 us/op
WorkloadActual  10: 4096 op, 726674000.00 ns, 177.4106 us/op
WorkloadActual  11: 4096 op, 733989100.00 ns, 179.1966 us/op
WorkloadActual  12: 4096 op, 727375600.00 ns, 177.5819 us/op
WorkloadActual  13: 4096 op, 724873300.00 ns, 176.9710 us/op
WorkloadActual  14: 4096 op, 740334600.00 ns, 180.7458 us/op
WorkloadActual  15: 4096 op, 734220100.00 ns, 179.2530 us/op

// AfterActualRun
WorkloadResult   1: 4096 op, 729013700.00 ns, 177.9819 us/op
WorkloadResult   2: 4096 op, 721340800.00 ns, 176.1086 us/op
WorkloadResult   3: 4096 op, 721773300.00 ns, 176.2142 us/op
WorkloadResult   4: 4096 op, 721541900.00 ns, 176.1577 us/op
WorkloadResult   5: 4096 op, 720689200.00 ns, 175.9495 us/op
WorkloadResult   6: 4096 op, 727128700.00 ns, 177.5217 us/op
WorkloadResult   7: 4096 op, 724811800.00 ns, 176.9560 us/op
WorkloadResult   8: 4096 op, 738287200.00 ns, 180.2459 us/op
WorkloadResult   9: 4096 op, 725394600.00 ns, 177.0983 us/op
WorkloadResult  10: 4096 op, 726659400.00 ns, 177.4071 us/op
WorkloadResult  11: 4096 op, 733974500.00 ns, 179.1930 us/op
WorkloadResult  12: 4096 op, 727361000.00 ns, 177.5784 us/op
WorkloadResult  13: 4096 op, 724858700.00 ns, 176.9675 us/op
WorkloadResult  14: 4096 op, 740320000.00 ns, 180.7422 us/op
WorkloadResult  15: 4096 op, 734205500.00 ns, 179.2494 us/op
// GC:  67 19 0 426213376 4096
// Threading:  0 0 4096

// AfterAll
// Benchmark Process 37804 has exited with code 0.

Mean = 177.691 μs, StdErr = 0.392 μs (0.22%), N = 15, StdDev = 1.517 μs
Min = 175.950 μs, Q1 = 176.585 μs, Median = 177.407 μs, Q3 = 178.587 μs, Max = 180.742 μs
IQR = 2.002 μs, LowerFence = 173.582 μs, UpperFence = 181.591 μs
ConfidenceInterval = [176.070 μs; 179.313 μs] (CI 99.9%), Margin = 1.622 μs (0.91% of Mean)
Skewness = 0.67, Kurtosis = 2.1, MValue = 2

// ** Remained 13 (92,9 %) benchmark(s) to run. Estimated finish 2026-03-16 16:40 (0h 3m from now) **
Setup power plan (GUID: 8c5e7fda-e8bf-4a96-9a85-a6e23a8c635c FriendlyName: Alto rendimiento)
// **************************
// Benchmark: MapearOrdenBenchmark.MapearOrden_Optimizado: DefaultJob
// *** Execute ***
// Launch: 1 / 1
// Execute: dotnet BenchmarkSuite1-DefaultJob-1.dll --anonymousPipes 4320 660 --benchmarkName CapaDatos.Benchmarks.MapearOrdenBenchmark.MapearOrden_Optimizado --job Default --benchmarkId 1 in C:\AOCR\AOCR\AOCR05-01-2026\AOCR1\AOCR\BenchmarkSuite1\bin\Release\net9.0\BenchmarkSuite1-DefaultJob-1\bin\Release\net9.0
// BeforeAnythingElse

// Benchmark Process Environment Information:
// BenchmarkDotNet v0.15.2
// Runtime=.NET 9.0.14 (9.0.1426.11910), X64 RyuJIT AVX2
// GC=Concurrent Workstation
// HardwareIntrinsics=AVX2,AES,BMI1,BMI2,FMA,LZCNT,PCLMUL,POPCNT VectorSize=256
// Job: DefaultJob

OverheadJitting  1: 1 op, 171400.00 ns, 171.4000 us/op
WorkloadJitting  1: 1 op, 2690200.00 ns, 2.6902 ms/op

OverheadJitting  2: 16 op, 515600.00 ns, 32.2250 us/op
WorkloadJitting  2: 16 op, 14913300.00 ns, 932.0813 us/op

WorkloadPilot    1: 16 op, 13916300.00 ns, 869.7688 us/op
WorkloadPilot    2: 32 op, 28860900.00 ns, 901.9031 us/op
WorkloadPilot    3: 64 op, 56989500.00 ns, 890.4609 us/op
WorkloadPilot    4: 128 op, 100812800.00 ns, 787.6000 us/op
WorkloadPilot    5: 256 op, 31216700.00 ns, 121.9402 us/op
WorkloadPilot    6: 512 op, 49773500.00 ns, 97.2139 us/op
WorkloadPilot    7: 1024 op, 100698500.00 ns, 98.3384 us/op
WorkloadPilot    8: 2048 op, 201705800.00 ns, 98.4892 us/op
WorkloadPilot    9: 4096 op, 398780100.00 ns, 97.3584 us/op
WorkloadPilot   10: 8192 op, 777587200.00 ns, 94.9203 us/op

OverheadWarmup   1: 8192 op, 29400.00 ns, 3.5889 ns/op
OverheadWarmup   2: 8192 op, 28500.00 ns, 3.4790 ns/op
OverheadWarmup   3: 8192 op, 28400.00 ns, 3.4668 ns/op
OverheadWarmup   4: 8192 op, 28700.00 ns, 3.5034 ns/op
OverheadWarmup   5: 8192 op, 28700.00 ns, 3.5034 ns/op
OverheadWarmup   6: 8192 op, 28400.00 ns, 3.4668 ns/op
OverheadWarmup   7: 8192 op, 28400.00 ns, 3.4668 ns/op

OverheadActual   1: 8192 op, 28600.00 ns, 3.4912 ns/op
OverheadActual   2: 8192 op, 29000.00 ns, 3.5400 ns/op
OverheadActual   3: 8192 op, 28900.00 ns, 3.5278 ns/op
OverheadActual   4: 8192 op, 28700.00 ns, 3.5034 ns/op
OverheadActual   5: 8192 op, 28400.00 ns, 3.4668 ns/op
OverheadActual   6: 8192 op, 28400.00 ns, 3.4668 ns/op
OverheadActual   7: 8192 op, 28400.00 ns, 3.4668 ns/op
OverheadActual   8: 8192 op, 28700.00 ns, 3.5034 ns/op
OverheadActual   9: 8192 op, 28700.00 ns, 3.5034 ns/op
OverheadActual  10: 8192 op, 29000.00 ns, 3.5400 ns/op
OverheadActual  11: 8192 op, 28700.00 ns, 3.5034 ns/op
OverheadActual  12: 8192 op, 28500.00 ns, 3.4790 ns/op
OverheadActual  13: 8192 op, 28400.00 ns, 3.4668 ns/op
OverheadActual  14: 8192 op, 28400.00 ns, 3.4668 ns/op
OverheadActual  15: 8192 op, 28500.00 ns, 3.4790 ns/op

OverheadWarmup   1: 8192 op, 28400.00 ns, 3.4668 ns/op
OverheadWarmup   2: 8192 op, 28700.00 ns, 3.5034 ns/op
OverheadWarmup   3: 8192 op, 28600.00 ns, 3.4912 ns/op
OverheadWarmup   4: 8192 op, 28700.00 ns, 3.5034 ns/op
OverheadWarmup   5: 8192 op, 28700.00 ns, 3.5034 ns/op
OverheadWarmup   6: 8192 op, 28500.00 ns, 3.4790 ns/op

// BeforeActualRun
WorkloadActual   1: 8192 op, 788418700.00 ns, 96.2425 us/op
WorkloadActual   2: 8192 op, 780648200.00 ns, 95.2940 us/op
WorkloadActual   3: 8192 op, 776002200.00 ns, 94.7268 us/op
WorkloadActual   4: 8192 op, 779661100.00 ns, 95.1735 us/op
WorkloadActual   5: 8192 op, 780523600.00 ns, 95.2788 us/op
WorkloadActual   6: 8192 op, 789498200.00 ns, 96.3743 us/op
WorkloadActual   7: 8192 op, 785325900.00 ns, 95.8650 us/op
WorkloadActual   8: 8192 op, 834032600.00 ns, 101.8106 us/op
WorkloadActual   9: 8192 op, 799614500.00 ns, 97.6092 us/op
WorkloadActual  10: 8192 op, 791355100.00 ns, 96.6010 us/op
WorkloadActual  11: 8192 op, 786922000.00 ns, 96.0598 us/op
WorkloadActual  12: 8192 op, 780754800.00 ns, 95.3070 us/op
WorkloadActual  13: 8192 op, 775863000.00 ns, 94.7098 us/op
WorkloadActual  14: 8192 op, 779416300.00 ns, 95.1436 us/op
WorkloadActual  15: 8192 op, 779124600.00 ns, 95.1080 us/op

// AfterActualRun
WorkloadResult   1: 8192 op, 788390100.00 ns, 96.2390 us/op
WorkloadResult   2: 8192 op, 780619600.00 ns, 95.2905 us/op
WorkloadResult   3: 8192 op, 775973600.00 ns, 94.7233 us/op
WorkloadResult   4: 8192 op, 779632500.00 ns, 95.1700 us/op
WorkloadResult   5: 8192 op, 780495000.00 ns, 95.2753 us/op
WorkloadResult   6: 8192 op, 789469600.00 ns, 96.3708 us/op
WorkloadResult   7: 8192 op, 785297300.00 ns, 95.8615 us/op
WorkloadResult   8: 8192 op, 799585900.00 ns, 97.6057 us/op
WorkloadResult   9: 8192 op, 791326500.00 ns, 96.5975 us/op
WorkloadResult  10: 8192 op, 786893400.00 ns, 96.0563 us/op
WorkloadResult  11: 8192 op, 780726200.00 ns, 95.3035 us/op
WorkloadResult  12: 8192 op, 775834400.00 ns, 94.7063 us/op
WorkloadResult  13: 8192 op, 779387700.00 ns, 95.1401 us/op
WorkloadResult  14: 8192 op, 779096000.00 ns, 95.1045 us/op
// GC:  135 38 0 852426752 8192
// Threading:  0 0 8192

// AfterAll
// Benchmark Process 15200 has exited with code 0.

Mean = 95.675 μs, StdErr = 0.219 μs (0.23%), N = 14, StdDev = 0.819 μs
Min = 94.706 μs, Q1 = 95.148 μs, Median = 95.297 μs, Q3 = 96.193 μs, Max = 97.606 μs
IQR = 1.046 μs, LowerFence = 93.579 μs, UpperFence = 97.762 μs
ConfidenceInterval = [94.751 μs; 96.598 μs] (CI 99.9%), Margin = 0.924 μs (0.97% of Mean)
Skewness = 0.8, Kurtosis = 2.7, MValue = 2

// ** Remained 12 (85,7 %) benchmark(s) to run. Estimated finish 2026-03-16 16:41 (0h 3m from now) **
Setup power plan (GUID: 8c5e7fda-e8bf-4a96-9a85-a6e23a8c635c FriendlyName: Alto rendimiento)
// **************************
// Benchmark: MapearOrdenBenchmark.MapearDetalle_Actual: DefaultJob
// *** Execute ***
// Launch: 1 / 1
// Execute: dotnet BenchmarkSuite1-DefaultJob-1.dll --anonymousPipes 6620 1316 --benchmarkName CapaDatos.Benchmarks.MapearOrdenBenchmark.MapearDetalle_Actual --job Default --benchmarkId 2 in C:\AOCR\AOCR\AOCR05-01-2026\AOCR1\AOCR\BenchmarkSuite1\bin\Release\net9.0\BenchmarkSuite1-DefaultJob-1\bin\Release\net9.0
// BeforeAnythingElse

// Benchmark Process Environment Information:
// BenchmarkDotNet v0.15.2
// Runtime=.NET 9.0.14 (9.0.1426.11910), X64 RyuJIT AVX2
// GC=Concurrent Workstation
// HardwareIntrinsics=AVX2,AES,BMI1,BMI2,FMA,LZCNT,PCLMUL,POPCNT VectorSize=256
// Job: DefaultJob

OverheadJitting  1: 1 op, 773900.00 ns, 773.9000 us/op
WorkloadJitting  1: 1 op, 2273600.00 ns, 2.2736 ms/op

OverheadJitting  2: 16 op, 469500.00 ns, 29.3438 us/op
WorkloadJitting  2: 16 op, 10948500.00 ns, 684.2813 us/op

WorkloadPilot    1: 16 op, 10396100.00 ns, 649.7563 us/op
WorkloadPilot    2: 32 op, 20565500.00 ns, 642.6719 us/op
WorkloadPilot    3: 64 op, 41177800.00 ns, 643.4031 us/op
WorkloadPilot    4: 128 op, 79942700.00 ns, 624.5523 us/op
WorkloadPilot    5: 256 op, 70643900.00 ns, 275.9527 us/op
WorkloadPilot    6: 512 op, 43980500.00 ns, 85.8994 us/op
WorkloadPilot    7: 1024 op, 86693600.00 ns, 84.6617 us/op
WorkloadPilot    8: 2048 op, 173403000.00 ns, 84.6694 us/op
WorkloadPilot    9: 4096 op, 349361300.00 ns, 85.2933 us/op
WorkloadPilot   10: 8192 op, 693901300.00 ns, 84.7047 us/op

OverheadWarmup   1: 8192 op, 29400.00 ns, 3.5889 ns/op
OverheadWarmup   2: 8192 op, 28400.00 ns, 3.4668 ns/op
OverheadWarmup   3: 8192 op, 28200.00 ns, 3.4424 ns/op
OverheadWarmup   4: 8192 op, 28100.00 ns, 3.4302 ns/op
OverheadWarmup   5: 8192 op, 28000.00 ns, 3.4180 ns/op
OverheadWarmup   6: 8192 op, 28700.00 ns, 3.5034 ns/op
OverheadWarmup   7: 8192 op, 28200.00 ns, 3.4424 ns/op
OverheadWarmup   8: 8192 op, 28100.00 ns, 3.4302 ns/op
OverheadWarmup   9: 8192 op, 28300.00 ns, 3.4546 ns/op
OverheadWarmup  10: 8192 op, 28300.00 ns, 3.4546 ns/op

OverheadActual   1: 8192 op, 28200.00 ns, 3.4424 ns/op
OverheadActual   2: 8192 op, 28000.00 ns, 3.4180 ns/op
OverheadActual   3: 8192 op, 28400.00 ns, 3.4668 ns/op
OverheadActual   4: 8192 op, 28700.00 ns, 3.5034 ns/op
OverheadActual   5: 8192 op, 28200.00 ns, 3.4424 ns/op
OverheadActual   6: 8192 op, 27800.00 ns, 3.3936 ns/op
OverheadActual   7: 8192 op, 28800.00 ns, 3.5156 ns/op
OverheadActual   8: 8192 op, 28700.00 ns, 3.5034 ns/op
OverheadActual   9: 8192 op, 28700.00 ns, 3.5034 ns/op
OverheadActual  10: 8192 op, 28600.00 ns, 3.4912 ns/op
OverheadActual  11: 8192 op, 28400.00 ns, 3.4668 ns/op
OverheadActual  12: 8192 op, 28100.00 ns, 3.4302 ns/op
OverheadActual  13: 8192 op, 28500.00 ns, 3.4790 ns/op
OverheadActual  14: 8192 op, 28200.00 ns, 3.4424 ns/op
OverheadActual  15: 8192 op, 28700.00 ns, 3.5034 ns/op

OverheadWarmup   1: 8192 op, 27800.00 ns, 3.3936 ns/op
OverheadWarmup   2: 8192 op, 28100.00 ns, 3.4302 ns/op
OverheadWarmup   3: 8192 op, 28300.00 ns, 3.4546 ns/op
OverheadWarmup   4: 8192 op, 28200.00 ns, 3.4424 ns/op
OverheadWarmup   5: 8192 op, 28300.00 ns, 3.4546 ns/op
OverheadWarmup   6: 8192 op, 28000.00 ns, 3.4180 ns/op

// BeforeActualRun
WorkloadActual   1: 8192 op, 701173900.00 ns, 85.5925 us/op
WorkloadActual   2: 8192 op, 703201400.00 ns, 85.8400 us/op
WorkloadActual   3: 8192 op, 698250300.00 ns, 85.2356 us/op
WorkloadActual   4: 8192 op, 705278000.00 ns, 86.0935 us/op
WorkloadActual   5: 8192 op, 724097700.00 ns, 88.3908 us/op
WorkloadActual   6: 8192 op, 869464400.00 ns, 106.1358 us/op
WorkloadActual   7: 8192 op, 761604500.00 ns, 92.9693 us/op
WorkloadActual   8: 8192 op, 737628000.00 ns, 90.0425 us/op
WorkloadActual   9: 8192 op, 801438900.00 ns, 97.8319 us/op
WorkloadActual  10: 8192 op, 821186100.00 ns, 100.2424 us/op
WorkloadActual  11: 8192 op, 804163600.00 ns, 98.1645 us/op
WorkloadActual  12: 8192 op, 865216000.00 ns, 105.6172 us/op
WorkloadActual  13: 8192 op, 701261200.00 ns, 85.6032 us/op
WorkloadActual  14: 8192 op, 706086200.00 ns, 86.1922 us/op
WorkloadActual  15: 8192 op, 701754200.00 ns, 85.6634 us/op
WorkloadActual  16: 8192 op, 695361000.00 ns, 84.8829 us/op
WorkloadActual  17: 8192 op, 693108900.00 ns, 84.6080 us/op
WorkloadActual  18: 8192 op, 688437800.00 ns, 84.0378 us/op
WorkloadActual  19: 8192 op, 695119600.00 ns, 84.8535 us/op
WorkloadActual  20: 8192 op, 697299300.00 ns, 85.1195 us/op
WorkloadActual  21: 8192 op, 693157500.00 ns, 84.6140 us/op
WorkloadActual  22: 8192 op, 689256900.00 ns, 84.1378 us/op
WorkloadActual  23: 8192 op, 704038400.00 ns, 85.9422 us/op
WorkloadActual  24: 8192 op, 691169900.00 ns, 84.3713 us/op
WorkloadActual  25: 8192 op, 692052300.00 ns, 84.4790 us/op
WorkloadActual  26: 8192 op, 692581100.00 ns, 84.5436 us/op
WorkloadActual  27: 8192 op, 690898300.00 ns, 84.3382 us/op
WorkloadActual  28: 8192 op, 694801600.00 ns, 84.8146 us/op

// AfterActualRun
WorkloadResult   1: 8192 op, 701145500.00 ns, 85.5891 us/op
WorkloadResult   2: 8192 op, 703173000.00 ns, 85.8365 us/op
WorkloadResult   3: 8192 op, 698221900.00 ns, 85.2322 us/op
WorkloadResult   4: 8192 op, 705249600.00 ns, 86.0900 us/op
WorkloadResult   5: 8192 op, 724069300.00 ns, 88.3874 us/op
WorkloadResult   6: 8192 op, 761576100.00 ns, 92.9658 us/op
WorkloadResult   7: 8192 op, 737599600.00 ns, 90.0390 us/op
WorkloadResult   8: 8192 op, 701232800.00 ns, 85.5997 us/op
WorkloadResult   9: 8192 op, 706057800.00 ns, 86.1887 us/op
WorkloadResult  10: 8192 op, 701725800.00 ns, 85.6599 us/op
WorkloadResult  11: 8192 op, 695332600.00 ns, 84.8795 us/op
WorkloadResult  12: 8192 op, 693080500.00 ns, 84.6046 us/op
WorkloadResult  13: 8192 op, 688409400.00 ns, 84.0344 us/op
WorkloadResult  14: 8192 op, 695091200.00 ns, 84.8500 us/op
WorkloadResult  15: 8192 op, 697270900.00 ns, 85.1161 us/op
WorkloadResult  16: 8192 op, 693129100.00 ns, 84.6105 us/op
WorkloadResult  17: 8192 op, 689228500.00 ns, 84.1343 us/op
WorkloadResult  18: 8192 op, 704010000.00 ns, 85.9387 us/op
WorkloadResult  19: 8192 op, 691141500.00 ns, 84.3679 us/op
WorkloadResult  20: 8192 op, 692023900.00 ns, 84.4756 us/op
WorkloadResult  21: 8192 op, 692552700.00 ns, 84.5401 us/op
WorkloadResult  22: 8192 op, 690869900.00 ns, 84.3347 us/op
WorkloadResult  23: 8192 op, 694773200.00 ns, 84.8112 us/op
// GC:  99 23 0 623050752 8192
// Threading:  0 0 8192

// AfterAll
// Benchmark Process 31048 has exited with code 0.

Mean = 85.752 μs, StdErr = 0.436 μs (0.51%), N = 23, StdDev = 2.090 μs
Min = 84.034 μs, Q1 = 84.572 μs, Median = 85.116 μs, Q3 = 85.888 μs, Max = 92.966 μs
IQR = 1.315 μs, LowerFence = 82.599 μs, UpperFence = 87.861 μs
ConfidenceInterval = [84.099 μs; 87.404 μs] (CI 99.9%), Margin = 1.653 μs (1.93% of Mean)
Skewness = 2.14, Kurtosis = 7.13, MValue = 2

// ** Remained 11 (78,6 %) benchmark(s) to run. Estimated finish 2026-03-16 16:41 (0h 3m from now) **
Setup power plan (GUID: 8c5e7fda-e8bf-4a96-9a85-a6e23a8c635c FriendlyName: Alto rendimiento)
// **************************
// Benchmark: MapearOrdenBenchmark.MapearDetalle_Optimizado: DefaultJob
// *** Execute ***
// Launch: 1 / 1
// Execute: dotnet BenchmarkSuite1-DefaultJob-1.dll --anonymousPipes 3468 3880 --benchmarkName CapaDatos.Benchmarks.MapearOrdenBenchmark.MapearDetalle_Optimizado --job Default --benchmarkId 3 in C:\AOCR\AOCR\AOCR05-01-2026\AOCR1\AOCR\BenchmarkSuite1\bin\Release\net9.0\BenchmarkSuite1-DefaultJob-1\bin\Release\net9.0
// BeforeAnythingElse

// Benchmark Process Environment Information:
// BenchmarkDotNet v0.15.2
// Runtime=.NET 9.0.14 (9.0.1426.11910), X64 RyuJIT AVX2
// GC=Concurrent Workstation
// HardwareIntrinsics=AVX2,AES,BMI1,BMI2,FMA,LZCNT,PCLMUL,POPCNT VectorSize=256
// Job: DefaultJob

OverheadJitting  1: 1 op, 1328300.00 ns, 1.3283 ms/op
WorkloadJitting  1: 1 op, 1752500.00 ns, 1.7525 ms/op

OverheadJitting  2: 16 op, 484700.00 ns, 30.2938 us/op
WorkloadJitting  2: 16 op, 8220600.00 ns, 513.7875 us/op

WorkloadPilot    1: 16 op, 7480100.00 ns, 467.5063 us/op
WorkloadPilot    2: 32 op, 14925100.00 ns, 466.4094 us/op
WorkloadPilot    3: 64 op, 29625000.00 ns, 462.8906 us/op
WorkloadPilot    4: 128 op, 58943400.00 ns, 460.4953 us/op
WorkloadPilot    5: 256 op, 106197600.00 ns, 414.8344 us/op
WorkloadPilot    6: 512 op, 31978800.00 ns, 62.4586 us/op
WorkloadPilot    7: 1024 op, 62561100.00 ns, 61.0948 us/op
WorkloadPilot    8: 2048 op, 125060800.00 ns, 61.0648 us/op
WorkloadPilot    9: 4096 op, 254356200.00 ns, 62.0987 us/op
WorkloadPilot   10: 8192 op, 481101900.00 ns, 58.7283 us/op
WorkloadPilot   11: 16384 op, 972681800.00 ns, 59.3678 us/op

OverheadWarmup   1: 16384 op, 57000.00 ns, 3.4790 ns/op
OverheadWarmup   2: 16384 op, 56100.00 ns, 3.4241 ns/op
OverheadWarmup   3: 16384 op, 55600.00 ns, 3.3936 ns/op
OverheadWarmup   4: 16384 op, 55800.00 ns, 3.4058 ns/op
OverheadWarmup   5: 16384 op, 56500.00 ns, 3.4485 ns/op
OverheadWarmup   6: 16384 op, 55800.00 ns, 3.4058 ns/op
OverheadWarmup   7: 16384 op, 56500.00 ns, 3.4485 ns/op
OverheadWarmup   8: 16384 op, 56000.00 ns, 3.4180 ns/op

OverheadActual   1: 16384 op, 56700.00 ns, 3.4607 ns/op
OverheadActual   2: 16384 op, 56100.00 ns, 3.4241 ns/op
OverheadActual   3: 16384 op, 56500.00 ns, 3.4485 ns/op
OverheadActual   4: 16384 op, 57100.00 ns, 3.4851 ns/op
OverheadActual   5: 16384 op, 56900.00 ns, 3.4729 ns/op
OverheadActual   6: 16384 op, 56200.00 ns, 3.4302 ns/op
OverheadActual   7: 16384 op, 55900.00 ns, 3.4119 ns/op
OverheadActual   8: 16384 op, 56300.00 ns, 3.4363 ns/op
OverheadActual   9: 16384 op, 56200.00 ns, 3.4302 ns/op
OverheadActual  10: 16384 op, 56300.00 ns, 3.4363 ns/op
OverheadActual  11: 16384 op, 55700.00 ns, 3.3997 ns/op
OverheadActual  12: 16384 op, 56700.00 ns, 3.4607 ns/op
OverheadActual  13: 16384 op, 55700.00 ns, 3.3997 ns/op
OverheadActual  14: 16384 op, 55600.00 ns, 3.3936 ns/op
OverheadActual  15: 16384 op, 56300.00 ns, 3.4363 ns/op

OverheadWarmup   1: 16384 op, 56300.00 ns, 3.4363 ns/op
OverheadWarmup   2: 16384 op, 55900.00 ns, 3.4119 ns/op
OverheadWarmup   3: 16384 op, 56100.00 ns, 3.4241 ns/op
OverheadWarmup   4: 16384 op, 56300.00 ns, 3.4363 ns/op
OverheadWarmup   5: 16384 op, 56100.00 ns, 3.4241 ns/op
OverheadWarmup   6: 16384 op, 56500.00 ns, 3.4485 ns/op
OverheadWarmup   7: 16384 op, 55800.00 ns, 3.4058 ns/op

// BeforeActualRun
WorkloadActual   1: 16384 op, 963534600.00 ns, 58.8095 us/op
WorkloadActual   2: 16384 op, 965856200.00 ns, 58.9512 us/op
WorkloadActual   3: 16384 op, 969913000.00 ns, 59.1988 us/op
WorkloadActual   4: 16384 op, 975400200.00 ns, 59.5337 us/op
WorkloadActual   5: 16384 op, 965969800.00 ns, 58.9581 us/op
WorkloadActual   6: 16384 op, 990211600.00 ns, 60.4377 us/op
WorkloadActual   7: 16384 op, 1005048100.00 ns, 61.3433 us/op
WorkloadActual   8: 16384 op, 965907600.00 ns, 58.9543 us/op
WorkloadActual   9: 16384 op, 974569300.00 ns, 59.4830 us/op
WorkloadActual  10: 16384 op, 973347500.00 ns, 59.4084 us/op
WorkloadActual  11: 16384 op, 971654300.00 ns, 59.3051 us/op
WorkloadActual  12: 16384 op, 984260100.00 ns, 60.0745 us/op
WorkloadActual  13: 16384 op, 990177200.00 ns, 60.4356 us/op
WorkloadActual  14: 16384 op, 1012092400.00 ns, 61.7732 us/op
WorkloadActual  15: 16384 op, 1061066100.00 ns, 64.7623 us/op

// AfterActualRun
WorkloadResult   1: 16384 op, 963478300.00 ns, 58.8060 us/op
WorkloadResult   2: 16384 op, 965799900.00 ns, 58.9477 us/op
WorkloadResult   3: 16384 op, 969856700.00 ns, 59.1954 us/op
WorkloadResult   4: 16384 op, 975343900.00 ns, 59.5303 us/op
WorkloadResult   5: 16384 op, 965913500.00 ns, 58.9547 us/op
WorkloadResult   6: 16384 op, 990155300.00 ns, 60.4343 us/op
WorkloadResult   7: 16384 op, 1004991800.00 ns, 61.3398 us/op
WorkloadResult   8: 16384 op, 965851300.00 ns, 58.9509 us/op
WorkloadResult   9: 16384 op, 974513000.00 ns, 59.4796 us/op
WorkloadResult  10: 16384 op, 973291200.00 ns, 59.4050 us/op
WorkloadResult  11: 16384 op, 971598000.00 ns, 59.3016 us/op
WorkloadResult  12: 16384 op, 984203800.00 ns, 60.0710 us/op
WorkloadResult  13: 16384 op, 990120900.00 ns, 60.4322 us/op
WorkloadResult  14: 16384 op, 1012036100.00 ns, 61.7698 us/op
// GC:  198 47 0 1246101504 16384
// Threading:  0 0 16384

// AfterAll
// Benchmark Process 37736 has exited with code 0.

Mean = 59.758 μs, StdErr = 0.248 μs (0.42%), N = 14, StdDev = 0.928 μs
Min = 58.806 μs, Q1 = 59.015 μs, Median = 59.442 μs, Q3 = 60.342 μs, Max = 61.770 μs
IQR = 1.327 μs, LowerFence = 57.024 μs, UpperFence = 62.332 μs
ConfidenceInterval = [58.711 μs; 60.805 μs] (CI 99.9%), Margin = 1.047 μs (1.75% of Mean)
Skewness = 0.89, Kurtosis = 2.44, MValue = 2

// ** Remained 10 (71,4 %) benchmark(s) to run. Estimated finish 2026-03-16 16:41 (0h 3m from now) **
Setup power plan (GUID: 8c5e7fda-e8bf-4a96-9a85-a6e23a8c635c FriendlyName: Alto rendimiento)
// **************************
// Benchmark: MapearOrdenBenchmark.MapearPagoModel_Actual: DefaultJob
// *** Execute ***
// Launch: 1 / 1
// Execute: dotnet BenchmarkSuite1-DefaultJob-1.dll --anonymousPipes 6960 5940 --benchmarkName CapaDatos.Benchmarks.MapearOrdenBenchmark.MapearPagoModel_Actual --job Default --benchmarkId 4 in C:\AOCR\AOCR\AOCR05-01-2026\AOCR1\AOCR\BenchmarkSuite1\bin\Release\net9.0\BenchmarkSuite1-DefaultJob-1\bin\Release\net9.0
// BeforeAnythingElse

// Benchmark Process Environment Information:
// BenchmarkDotNet v0.15.2
// Runtime=.NET 9.0.14 (9.0.1426.11910), X64 RyuJIT AVX2
// GC=Concurrent Workstation
// HardwareIntrinsics=AVX2,AES,BMI1,BMI2,FMA,LZCNT,PCLMUL,POPCNT VectorSize=256
// Job: DefaultJob

OverheadJitting  1: 1 op, 771100.00 ns, 771.1000 us/op
WorkloadJitting  1: 1 op, 3200600.00 ns, 3.2006 ms/op

OverheadJitting  2: 16 op, 540900.00 ns, 33.8063 us/op
WorkloadJitting  2: 16 op, 16384400.00 ns, 1.0240 ms/op

WorkloadPilot    1: 16 op, 14196700.00 ns, 887.2938 us/op
WorkloadPilot    2: 32 op, 30831600.00 ns, 963.4875 us/op
WorkloadPilot    3: 64 op, 57525800.00 ns, 898.8406 us/op
WorkloadPilot    4: 128 op, 92521200.00 ns, 722.8219 us/op
WorkloadPilot    5: 256 op, 34244100.00 ns, 133.7660 us/op
WorkloadPilot    6: 512 op, 74326900.00 ns, 145.1697 us/op
WorkloadPilot    7: 1024 op, 150348900.00 ns, 146.8251 us/op
WorkloadPilot    8: 2048 op, 301957000.00 ns, 147.4399 us/op
WorkloadPilot    9: 4096 op, 616996800.00 ns, 150.6340 us/op

OverheadWarmup   1: 4096 op, 17300.00 ns, 4.2236 ns/op
OverheadWarmup   2: 4096 op, 14500.00 ns, 3.5400 ns/op
OverheadWarmup   3: 4096 op, 14600.00 ns, 3.5645 ns/op
OverheadWarmup   4: 4096 op, 14500.00 ns, 3.5400 ns/op
OverheadWarmup   5: 4096 op, 14500.00 ns, 3.5400 ns/op
OverheadWarmup   6: 4096 op, 14500.00 ns, 3.5400 ns/op

OverheadActual   1: 4096 op, 16200.00 ns, 3.9551 ns/op
OverheadActual   2: 4096 op, 14800.00 ns, 3.6133 ns/op
OverheadActual   3: 4096 op, 14600.00 ns, 3.5645 ns/op
OverheadActual   4: 4096 op, 14400.00 ns, 3.5156 ns/op
OverheadActual   5: 4096 op, 14600.00 ns, 3.5645 ns/op
OverheadActual   6: 4096 op, 14500.00 ns, 3.5400 ns/op
OverheadActual   7: 4096 op, 14500.00 ns, 3.5400 ns/op
OverheadActual   8: 4096 op, 16700.00 ns, 4.0771 ns/op
OverheadActual   9: 4096 op, 14600.00 ns, 3.5645 ns/op
OverheadActual  10: 4096 op, 14600.00 ns, 3.5645 ns/op
OverheadActual  11: 4096 op, 38500.00 ns, 9.3994 ns/op
OverheadActual  12: 4096 op, 14500.00 ns, 3.5400 ns/op
OverheadActual  13: 4096 op, 14500.00 ns, 3.5400 ns/op
OverheadActual  14: 4096 op, 14500.00 ns, 3.5400 ns/op
OverheadActual  15: 4096 op, 14500.00 ns, 3.5400 ns/op

OverheadWarmup   1: 4096 op, 14500.00 ns, 3.5400 ns/op
OverheadWarmup   2: 4096 op, 14500.00 ns, 3.5400 ns/op
OverheadWarmup   3: 4096 op, 14500.00 ns, 3.5400 ns/op
OverheadWarmup   4: 4096 op, 14400.00 ns, 3.5156 ns/op
OverheadWarmup   5: 4096 op, 14400.00 ns, 3.5156 ns/op
OverheadWarmup   6: 4096 op, 14500.00 ns, 3.5400 ns/op

// BeforeActualRun
WorkloadActual   1: 4096 op, 528428400.00 ns, 129.0108 us/op
WorkloadActual   2: 4096 op, 530720900.00 ns, 129.5705 us/op
WorkloadActual   3: 4096 op, 527807800.00 ns, 128.8593 us/op
WorkloadActual   4: 4096 op, 560587000.00 ns, 136.8621 us/op
WorkloadActual   5: 4096 op, 563953200.00 ns, 137.6839 us/op
WorkloadActual   6: 4096 op, 581650400.00 ns, 142.0045 us/op
WorkloadActual   7: 4096 op, 580123700.00 ns, 141.6318 us/op
WorkloadActual   8: 4096 op, 541798800.00 ns, 132.2751 us/op
WorkloadActual   9: 4096 op, 540815900.00 ns, 132.0351 us/op
WorkloadActual  10: 4096 op, 527436100.00 ns, 128.7686 us/op
WorkloadActual  11: 4096 op, 527495200.00 ns, 128.7830 us/op
WorkloadActual  12: 4096 op, 532939600.00 ns, 130.1122 us/op
WorkloadActual  13: 4096 op, 531576300.00 ns, 129.7794 us/op
WorkloadActual  14: 4096 op, 526521300.00 ns, 128.5452 us/op
WorkloadActual  15: 4096 op, 530753300.00 ns, 129.5784 us/op
WorkloadActual  16: 4096 op, 560326900.00 ns, 136.7986 us/op
WorkloadActual  17: 4096 op, 534829500.00 ns, 130.5736 us/op
WorkloadActual  18: 4096 op, 527973400.00 ns, 128.8998 us/op
WorkloadActual  19: 4096 op, 530154300.00 ns, 129.4322 us/op
WorkloadActual  20: 4096 op, 543246300.00 ns, 132.6285 us/op
WorkloadActual  21: 4096 op, 652302400.00 ns, 159.2535 us/op
WorkloadActual  22: 4096 op, 546869200.00 ns, 133.5130 us/op
WorkloadActual  23: 4096 op, 548807800.00 ns, 133.9863 us/op
WorkloadActual  24: 4096 op, 554210100.00 ns, 135.3052 us/op
WorkloadActual  25: 4096 op, 549967400.00 ns, 134.2694 us/op
WorkloadActual  26: 4096 op, 641579900.00 ns, 156.6357 us/op
WorkloadActual  27: 4096 op, 584084200.00 ns, 142.5987 us/op
WorkloadActual  28: 4096 op, 566346500.00 ns, 138.2682 us/op
WorkloadActual  29: 4096 op, 731454900.00 ns, 178.5779 us/op
WorkloadActual  30: 4096 op, 530103800.00 ns, 129.4199 us/op
WorkloadActual  31: 4096 op, 555060400.00 ns, 135.5128 us/op
WorkloadActual  32: 4096 op, 546914100.00 ns, 133.5240 us/op
WorkloadActual  33: 4096 op, 563926700.00 ns, 137.6774 us/op
WorkloadActual  34: 4096 op, 559159300.00 ns, 136.5135 us/op
WorkloadActual  35: 4096 op, 587135900.00 ns, 143.3437 us/op
WorkloadActual  36: 4096 op, 553801000.00 ns, 135.2053 us/op
WorkloadActual  37: 4096 op, 622891700.00 ns, 152.0732 us/op
WorkloadActual  38: 4096 op, 544683300.00 ns, 132.9793 us/op
WorkloadActual  39: 4096 op, 540020300.00 ns, 131.8409 us/op

// AfterActualRun
WorkloadResult   1: 4096 op, 528413800.00 ns, 129.0073 us/op
WorkloadResult   2: 4096 op, 530706300.00 ns, 129.5670 us/op
WorkloadResult   3: 4096 op, 527793200.00 ns, 128.8558 us/op
WorkloadResult   4: 4096 op, 560572400.00 ns, 136.8585 us/op
WorkloadResult   5: 4096 op, 563938600.00 ns, 137.6803 us/op
WorkloadResult   6: 4096 op, 581635800.00 ns, 142.0009 us/op
WorkloadResult   7: 4096 op, 580109100.00 ns, 141.6282 us/op
WorkloadResult   8: 4096 op, 541784200.00 ns, 132.2715 us/op
WorkloadResult   9: 4096 op, 540801300.00 ns, 132.0316 us/op
WorkloadResult  10: 4096 op, 527421500.00 ns, 128.7650 us/op
WorkloadResult  11: 4096 op, 527480600.00 ns, 128.7794 us/op
WorkloadResult  12: 4096 op, 532925000.00 ns, 130.1086 us/op
WorkloadResult  13: 4096 op, 531561700.00 ns, 129.7758 us/op
WorkloadResult  14: 4096 op, 526506700.00 ns, 128.5417 us/op
WorkloadResult  15: 4096 op, 530738700.00 ns, 129.5749 us/op
WorkloadResult  16: 4096 op, 560312300.00 ns, 136.7950 us/op
WorkloadResult  17: 4096 op, 534814900.00 ns, 130.5700 us/op
WorkloadResult  18: 4096 op, 527958800.00 ns, 128.8962 us/op
WorkloadResult  19: 4096 op, 530139700.00 ns, 129.4286 us/op
WorkloadResult  20: 4096 op, 543231700.00 ns, 132.6249 us/op
WorkloadResult  21: 4096 op, 546854600.00 ns, 133.5094 us/op
WorkloadResult  22: 4096 op, 548793200.00 ns, 133.9827 us/op
WorkloadResult  23: 4096 op, 554195500.00 ns, 135.3016 us/op
WorkloadResult  24: 4096 op, 549952800.00 ns, 134.2658 us/op
WorkloadResult  25: 4096 op, 584069600.00 ns, 142.5951 us/op
WorkloadResult  26: 4096 op, 566331900.00 ns, 138.2646 us/op
WorkloadResult  27: 4096 op, 530089200.00 ns, 129.4163 us/op
WorkloadResult  28: 4096 op, 555045800.00 ns, 135.5092 us/op
WorkloadResult  29: 4096 op, 546899500.00 ns, 133.5204 us/op
WorkloadResult  30: 4096 op, 563912100.00 ns, 137.6739 us/op
WorkloadResult  31: 4096 op, 559144700.00 ns, 136.5099 us/op
WorkloadResult  32: 4096 op, 587121300.00 ns, 143.3402 us/op
WorkloadResult  33: 4096 op, 553786400.00 ns, 135.2018 us/op
WorkloadResult  34: 4096 op, 544668700.00 ns, 132.9758 us/op
WorkloadResult  35: 4096 op, 540005700.00 ns, 131.8373 us/op
// GC:  49 11 0 311525376 4096
// Threading:  0 0 4096

// AfterAll
// Benchmark Process 28420 has exited with code 0.

Mean = 133.648 μs, StdErr = 0.742 μs (0.55%), N = 35, StdDev = 4.388 μs
Min = 128.542 μs, Q1 = 129.571 μs, Median = 132.976 μs, Q3 = 136.652 μs, Max = 143.340 μs
IQR = 7.082 μs, LowerFence = 118.949 μs, UpperFence = 147.275 μs
ConfidenceInterval = [130.977 μs; 136.318 μs] (CI 99.9%), Margin = 2.671 μs (2.00% of Mean)
Skewness = 0.65, Kurtosis = 2.35, MValue = 2

// ** Remained 9 (64,3 %) benchmark(s) to run. Estimated finish 2026-03-16 16:42 (0h 3m from now) **
Setup power plan (GUID: 8c5e7fda-e8bf-4a96-9a85-a6e23a8c635c FriendlyName: Alto rendimiento)
// **************************
// Benchmark: MapearOrdenBenchmark.MapearPagoModel_Optimizado: DefaultJob
// *** Execute ***
// Launch: 1 / 1
// Execute: dotnet BenchmarkSuite1-DefaultJob-1.dll --anonymousPipes 6964 4208 --benchmarkName CapaDatos.Benchmarks.MapearOrdenBenchmark.MapearPagoModel_Optimizado --job Default --benchmarkId 5 in C:\AOCR\AOCR\AOCR05-01-2026\AOCR1\AOCR\BenchmarkSuite1\bin\Release\net9.0\BenchmarkSuite1-DefaultJob-1\bin\Release\net9.0
// BeforeAnythingElse

// Benchmark Process Environment Information:
// BenchmarkDotNet v0.15.2
// Runtime=.NET 9.0.14 (9.0.1426.11910), X64 RyuJIT AVX2
// GC=Concurrent Workstation
// HardwareIntrinsics=AVX2,AES,BMI1,BMI2,FMA,LZCNT,PCLMUL,POPCNT VectorSize=256
// Job: DefaultJob

OverheadJitting  1: 1 op, 579000.00 ns, 579.0000 us/op
WorkloadJitting  1: 1 op, 2092700.00 ns, 2.0927 ms/op

OverheadJitting  2: 16 op, 500900.00 ns, 31.3063 us/op
WorkloadJitting  2: 16 op, 9553900.00 ns, 597.1188 us/op

WorkloadPilot    1: 16 op, 9028900.00 ns, 564.3063 us/op
WorkloadPilot    2: 32 op, 17892400.00 ns, 559.1375 us/op
WorkloadPilot    3: 64 op, 35148000.00 ns, 549.1875 us/op
WorkloadPilot    4: 128 op, 69084000.00 ns, 539.7188 us/op
WorkloadPilot    5: 256 op, 91220600.00 ns, 356.3305 us/op
WorkloadPilot    6: 512 op, 42004400.00 ns, 82.0398 us/op
WorkloadPilot    7: 1024 op, 77265900.00 ns, 75.4550 us/op
WorkloadPilot    8: 2048 op, 152882100.00 ns, 74.6495 us/op
WorkloadPilot    9: 4096 op, 305543200.00 ns, 74.5955 us/op
WorkloadPilot   10: 8192 op, 601667400.00 ns, 73.4457 us/op

OverheadWarmup   1: 8192 op, 31800.00 ns, 3.8818 ns/op
OverheadWarmup   2: 8192 op, 28800.00 ns, 3.5156 ns/op
OverheadWarmup   3: 8192 op, 28700.00 ns, 3.5034 ns/op
OverheadWarmup   4: 8192 op, 28700.00 ns, 3.5034 ns/op
OverheadWarmup   5: 8192 op, 28700.00 ns, 3.5034 ns/op
OverheadWarmup   6: 8192 op, 28800.00 ns, 3.5156 ns/op
OverheadWarmup   7: 8192 op, 28500.00 ns, 3.4790 ns/op

OverheadActual   1: 8192 op, 28800.00 ns, 3.5156 ns/op
OverheadActual   2: 8192 op, 29300.00 ns, 3.5767 ns/op
OverheadActual   3: 8192 op, 28700.00 ns, 3.5034 ns/op
OverheadActual   4: 8192 op, 28700.00 ns, 3.5034 ns/op
OverheadActual   5: 8192 op, 28700.00 ns, 3.5034 ns/op
OverheadActual   6: 8192 op, 28700.00 ns, 3.5034 ns/op
OverheadActual   7: 8192 op, 28400.00 ns, 3.4668 ns/op
OverheadActual   8: 8192 op, 28500.00 ns, 3.4790 ns/op
OverheadActual   9: 8192 op, 28500.00 ns, 3.4790 ns/op
OverheadActual  10: 8192 op, 29100.00 ns, 3.5522 ns/op
OverheadActual  11: 8192 op, 28700.00 ns, 3.5034 ns/op
OverheadActual  12: 8192 op, 28500.00 ns, 3.4790 ns/op
OverheadActual  13: 8192 op, 28700.00 ns, 3.5034 ns/op
OverheadActual  14: 8192 op, 28600.00 ns, 3.4912 ns/op
OverheadActual  15: 8192 op, 28500.00 ns, 3.4790 ns/op

OverheadWarmup   1: 8192 op, 28900.00 ns, 3.5278 ns/op
OverheadWarmup   2: 8192 op, 28500.00 ns, 3.4790 ns/op
OverheadWarmup   3: 8192 op, 29200.00 ns, 3.5645 ns/op
OverheadWarmup   4: 8192 op, 28700.00 ns, 3.5034 ns/op
OverheadWarmup   5: 8192 op, 65300.00 ns, 7.9712 ns/op
OverheadWarmup   6: 8192 op, 28500.00 ns, 3.4790 ns/op

// BeforeActualRun
WorkloadActual   1: 8192 op, 600712600.00 ns, 73.3292 us/op
WorkloadActual   2: 8192 op, 597335300.00 ns, 72.9169 us/op
WorkloadActual   3: 8192 op, 597340800.00 ns, 72.9176 us/op
WorkloadActual   4: 8192 op, 596416100.00 ns, 72.8047 us/op
WorkloadActual   5: 8192 op, 599852700.00 ns, 73.2242 us/op
WorkloadActual   6: 8192 op, 596216100.00 ns, 72.7803 us/op
WorkloadActual   7: 8192 op, 601085500.00 ns, 73.3747 us/op
WorkloadActual   8: 8192 op, 596632200.00 ns, 72.8311 us/op
WorkloadActual   9: 8192 op, 615328900.00 ns, 75.1134 us/op
WorkloadActual  10: 8192 op, 632877400.00 ns, 77.2555 us/op
WorkloadActual  11: 8192 op, 784863100.00 ns, 95.8085 us/op
WorkloadActual  12: 8192 op, 750311900.00 ns, 91.5908 us/op
WorkloadActual  13: 8192 op, 799990300.00 ns, 97.6551 us/op
WorkloadActual  14: 8192 op, 681211200.00 ns, 83.1557 us/op
WorkloadActual  15: 8192 op, 638386600.00 ns, 77.9281 us/op
WorkloadActual  16: 8192 op, 650942900.00 ns, 79.4608 us/op
WorkloadActual  17: 8192 op, 750481200.00 ns, 91.6115 us/op
WorkloadActual  18: 8192 op, 686086400.00 ns, 83.7508 us/op
WorkloadActual  19: 8192 op, 742446000.00 ns, 90.6306 us/op
WorkloadActual  20: 8192 op, 723465700.00 ns, 88.3137 us/op
WorkloadActual  21: 8192 op, 602514700.00 ns, 73.5492 us/op
WorkloadActual  22: 8192 op, 598879800.00 ns, 73.1054 us/op
WorkloadActual  23: 8192 op, 598888200.00 ns, 73.1065 us/op
WorkloadActual  24: 8192 op, 600809000.00 ns, 73.3409 us/op
WorkloadActual  25: 8192 op, 605327600.00 ns, 73.8925 us/op
WorkloadActual  26: 8192 op, 599076500.00 ns, 73.1295 us/op
WorkloadActual  27: 8192 op, 611161800.00 ns, 74.6047 us/op
WorkloadActual  28: 8192 op, 609383600.00 ns, 74.3876 us/op
WorkloadActual  29: 8192 op, 606817000.00 ns, 74.0743 us/op
WorkloadActual  30: 8192 op, 599819800.00 ns, 73.2202 us/op
WorkloadActual  31: 8192 op, 601691700.00 ns, 73.4487 us/op
WorkloadActual  32: 8192 op, 597749000.00 ns, 72.9674 us/op
WorkloadActual  33: 8192 op, 597927000.00 ns, 72.9891 us/op
WorkloadActual  34: 8192 op, 611476600.00 ns, 74.6431 us/op
WorkloadActual  35: 8192 op, 600635300.00 ns, 73.3197 us/op
WorkloadActual  36: 8192 op, 601631700.00 ns, 73.4414 us/op
WorkloadActual  37: 8192 op, 616302300.00 ns, 75.2322 us/op
WorkloadActual  38: 8192 op, 614100300.00 ns, 74.9634 us/op
WorkloadActual  39: 8192 op, 610408300.00 ns, 74.5127 us/op
WorkloadActual  40: 8192 op, 605346700.00 ns, 73.8949 us/op
WorkloadActual  41: 8192 op, 601687900.00 ns, 73.4482 us/op

// AfterActualRun
WorkloadResult   1: 8192 op, 600683900.00 ns, 73.3257 us/op
WorkloadResult   2: 8192 op, 597306600.00 ns, 72.9134 us/op
WorkloadResult   3: 8192 op, 597312100.00 ns, 72.9141 us/op
WorkloadResult   4: 8192 op, 596387400.00 ns, 72.8012 us/op
WorkloadResult   5: 8192 op, 599824000.00 ns, 73.2207 us/op
WorkloadResult   6: 8192 op, 596187400.00 ns, 72.7768 us/op
WorkloadResult   7: 8192 op, 601056800.00 ns, 73.3712 us/op
WorkloadResult   8: 8192 op, 596603500.00 ns, 72.8276 us/op
WorkloadResult   9: 8192 op, 615300200.00 ns, 75.1099 us/op
WorkloadResult  10: 8192 op, 632848700.00 ns, 77.2520 us/op
WorkloadResult  11: 8192 op, 681182500.00 ns, 83.1522 us/op
WorkloadResult  12: 8192 op, 638357900.00 ns, 77.9245 us/op
WorkloadResult  13: 8192 op, 650914200.00 ns, 79.4573 us/op
WorkloadResult  14: 8192 op, 602486000.00 ns, 73.5457 us/op
WorkloadResult  15: 8192 op, 598851100.00 ns, 73.1019 us/op
WorkloadResult  16: 8192 op, 598859500.00 ns, 73.1030 us/op
WorkloadResult  17: 8192 op, 600780300.00 ns, 73.3374 us/op
WorkloadResult  18: 8192 op, 605298900.00 ns, 73.8890 us/op
WorkloadResult  19: 8192 op, 599047800.00 ns, 73.1260 us/op
WorkloadResult  20: 8192 op, 611133100.00 ns, 74.6012 us/op
WorkloadResult  21: 8192 op, 609354900.00 ns, 74.3841 us/op
WorkloadResult  22: 8192 op, 606788300.00 ns, 74.0708 us/op
WorkloadResult  23: 8192 op, 599791100.00 ns, 73.2167 us/op
WorkloadResult  24: 8192 op, 601663000.00 ns, 73.4452 us/op
WorkloadResult  25: 8192 op, 597720300.00 ns, 72.9639 us/op
WorkloadResult  26: 8192 op, 597898300.00 ns, 72.9856 us/op
WorkloadResult  27: 8192 op, 611447900.00 ns, 74.6396 us/op
WorkloadResult  28: 8192 op, 600606600.00 ns, 73.3162 us/op
WorkloadResult  29: 8192 op, 601603000.00 ns, 73.4379 us/op
WorkloadResult  30: 8192 op, 616273600.00 ns, 75.2287 us/op
WorkloadResult  31: 8192 op, 614071600.00 ns, 74.9599 us/op
WorkloadResult  32: 8192 op, 610379600.00 ns, 74.5092 us/op
WorkloadResult  33: 8192 op, 605318000.00 ns, 73.8914 us/op
WorkloadResult  34: 8192 op, 601659200.00 ns, 73.4447 us/op
// GC:  99 23 0 623050752 8192
// Threading:  0 0 8192

// AfterAll
// Benchmark Process 22440 has exited with code 0.

Mean = 74.301 μs, StdErr = 0.374 μs (0.50%), N = 34, StdDev = 2.178 μs
Min = 72.777 μs, Q1 = 73.109 μs, Median = 73.441 μs, Q3 = 74.578 μs, Max = 83.152 μs
IQR = 1.470 μs, LowerFence = 70.904 μs, UpperFence = 76.782 μs
ConfidenceInterval = [72.952 μs; 75.650 μs] (CI 99.9%), Margin = 1.349 μs (1.82% of Mean)
Skewness = 2.48, Kurtosis = 9.32, MValue = 2

// ** Remained 8 (57,1 %) benchmark(s) to run. Estimated finish 2026-03-16 16:42 (0h 3m from now) **
Setup power plan (GUID: 8c5e7fda-e8bf-4a96-9a85-a6e23a8c635c FriendlyName: Alto rendimiento)
// **************************
// Benchmark: MapearOrdenBenchmark.MapearPagoEntidad_Actual: DefaultJob
// *** Execute ***
// Launch: 1 / 1
// Execute: dotnet BenchmarkSuite1-DefaultJob-1.dll --anonymousPipes 6952 980 --benchmarkName CapaDatos.Benchmarks.MapearOrdenBenchmark.MapearPagoEntidad_Actual --job Default --benchmarkId 6 in C:\AOCR\AOCR\AOCR05-01-2026\AOCR1\AOCR\BenchmarkSuite1\bin\Release\net9.0\BenchmarkSuite1-DefaultJob-1\bin\Release\net9.0
// BeforeAnythingElse

// Benchmark Process Environment Information:
// BenchmarkDotNet v0.15.2
// Runtime=.NET 9.0.14 (9.0.1426.11910), X64 RyuJIT AVX2
// GC=Concurrent Workstation
// HardwareIntrinsics=AVX2,AES,BMI1,BMI2,FMA,LZCNT,PCLMUL,POPCNT VectorSize=256
// Job: DefaultJob

OverheadJitting  1: 1 op, 978800.00 ns, 978.8000 us/op
WorkloadJitting  1: 1 op, 2305800.00 ns, 2.3058 ms/op

OverheadJitting  2: 16 op, 482000.00 ns, 30.1250 us/op
WorkloadJitting  2: 16 op, 13610900.00 ns, 850.6813 us/op

WorkloadPilot    1: 16 op, 12986900.00 ns, 811.6813 us/op
WorkloadPilot    2: 32 op, 24642100.00 ns, 770.0656 us/op
WorkloadPilot    3: 64 op, 52001600.00 ns, 812.5250 us/op
WorkloadPilot    4: 128 op, 97860000.00 ns, 764.5313 us/op
WorkloadPilot    5: 256 op, 42655100.00 ns, 166.6215 us/op
WorkloadPilot    6: 512 op, 55932800.00 ns, 109.2438 us/op
WorkloadPilot    7: 1024 op, 109533200.00 ns, 106.9660 us/op
WorkloadPilot    8: 2048 op, 222027400.00 ns, 108.4118 us/op
WorkloadPilot    9: 4096 op, 436734000.00 ns, 106.6245 us/op
WorkloadPilot   10: 8192 op, 863130100.00 ns, 105.3626 us/op

OverheadWarmup   1: 8192 op, 29600.00 ns, 3.6133 ns/op
OverheadWarmup   2: 8192 op, 28400.00 ns, 3.4668 ns/op
OverheadWarmup   3: 8192 op, 28500.00 ns, 3.4790 ns/op
OverheadWarmup   4: 8192 op, 28700.00 ns, 3.5034 ns/op
OverheadWarmup   5: 8192 op, 29300.00 ns, 3.5767 ns/op
OverheadWarmup   6: 8192 op, 28300.00 ns, 3.4546 ns/op
OverheadWarmup   7: 8192 op, 29000.00 ns, 3.5400 ns/op
OverheadWarmup   8: 8192 op, 28400.00 ns, 3.4668 ns/op

OverheadActual   1: 8192 op, 29000.00 ns, 3.5400 ns/op
OverheadActual   2: 8192 op, 28700.00 ns, 3.5034 ns/op
OverheadActual   3: 8192 op, 29000.00 ns, 3.5400 ns/op
OverheadActual   4: 8192 op, 29100.00 ns, 3.5522 ns/op
OverheadActual   5: 8192 op, 29300.00 ns, 3.5767 ns/op
OverheadActual   6: 8192 op, 28700.00 ns, 3.5034 ns/op
OverheadActual   7: 8192 op, 28200.00 ns, 3.4424 ns/op
OverheadActual   8: 8192 op, 29300.00 ns, 3.5767 ns/op
OverheadActual   9: 8192 op, 29100.00 ns, 3.5522 ns/op
OverheadActual  10: 8192 op, 28500.00 ns, 3.4790 ns/op
OverheadActual  11: 8192 op, 28700.00 ns, 3.5034 ns/op
OverheadActual  12: 8192 op, 28400.00 ns, 3.4668 ns/op
OverheadActual  13: 8192 op, 28600.00 ns, 3.4912 ns/op
OverheadActual  14: 8192 op, 28900.00 ns, 3.5278 ns/op
OverheadActual  15: 8192 op, 29100.00 ns, 3.5522 ns/op

OverheadWarmup   1: 8192 op, 28500.00 ns, 3.4790 ns/op
OverheadWarmup   2: 8192 op, 29600.00 ns, 3.6133 ns/op
OverheadWarmup   3: 8192 op, 29300.00 ns, 3.5767 ns/op
OverheadWarmup   4: 8192 op, 28200.00 ns, 3.4424 ns/op
OverheadWarmup   5: 8192 op, 28300.00 ns, 3.4546 ns/op
OverheadWarmup   6: 8192 op, 29100.00 ns, 3.5522 ns/op
OverheadWarmup   7: 8192 op, 28400.00 ns, 3.4668 ns/op

// BeforeActualRun
WorkloadActual   1: 8192 op, 874422600.00 ns, 106.7410 us/op
WorkloadActual   2: 8192 op, 873926200.00 ns, 106.6804 us/op
WorkloadActual   3: 8192 op, 878314300.00 ns, 107.2161 us/op
WorkloadActual   4: 8192 op, 893629600.00 ns, 109.0856 us/op
WorkloadActual   5: 8192 op, 876325200.00 ns, 106.9733 us/op
WorkloadActual   6: 8192 op, 869263000.00 ns, 106.1112 us/op
WorkloadActual   7: 8192 op, 866545900.00 ns, 105.7795 us/op
WorkloadActual   8: 8192 op, 927723700.00 ns, 113.2475 us/op
WorkloadActual   9: 8192 op, 1056742600.00 ns, 128.9969 us/op
WorkloadActual  10: 8192 op, 934013800.00 ns, 114.0154 us/op
WorkloadActual  11: 8192 op, 1054597400.00 ns, 128.7350 us/op
WorkloadActual  12: 8192 op, 957307600.00 ns, 116.8588 us/op
WorkloadActual  13: 8192 op, 1052641600.00 ns, 128.4963 us/op
WorkloadActual  14: 8192 op, 898376400.00 ns, 109.6651 us/op
WorkloadActual  15: 8192 op, 877264400.00 ns, 107.0879 us/op
WorkloadActual  16: 8192 op, 889406400.00 ns, 108.5701 us/op
WorkloadActual  17: 8192 op, 886940600.00 ns, 108.2691 us/op
WorkloadActual  18: 8192 op, 886351400.00 ns, 108.1972 us/op
WorkloadActual  19: 8192 op, 877937700.00 ns, 107.1701 us/op
WorkloadActual  20: 8192 op, 903366600.00 ns, 110.2742 us/op
WorkloadActual  21: 8192 op, 972003900.00 ns, 118.6528 us/op
WorkloadActual  22: 8192 op, 893670000.00 ns, 109.0906 us/op
WorkloadActual  23: 8192 op, 1012166500.00 ns, 123.5555 us/op
WorkloadActual  24: 8192 op, 951585300.00 ns, 116.1603 us/op
WorkloadActual  25: 8192 op, 1095417200.00 ns, 133.7179 us/op
WorkloadActual  26: 8192 op, 868831800.00 ns, 106.0586 us/op
WorkloadActual  27: 8192 op, 873683100.00 ns, 106.6508 us/op
WorkloadActual  28: 8192 op, 869568500.00 ns, 106.1485 us/op
WorkloadActual  29: 8192 op, 869494600.00 ns, 106.1395 us/op
WorkloadActual  30: 8192 op, 876641900.00 ns, 107.0120 us/op
WorkloadActual  31: 8192 op, 865338900.00 ns, 105.6322 us/op
WorkloadActual  32: 8192 op, 878088300.00 ns, 107.1885 us/op
WorkloadActual  33: 8192 op, 875550700.00 ns, 106.8787 us/op
WorkloadActual  34: 8192 op, 908024700.00 ns, 110.8429 us/op
WorkloadActual  35: 8192 op, 898698000.00 ns, 109.7043 us/op
WorkloadActual  36: 8192 op, 874739200.00 ns, 106.7797 us/op
WorkloadActual  37: 8192 op, 865775100.00 ns, 105.6854 us/op
WorkloadActual  38: 8192 op, 862262800.00 ns, 105.2567 us/op

// AfterActualRun
WorkloadResult   1: 8192 op, 874393700.00 ns, 106.7375 us/op
WorkloadResult   2: 8192 op, 873897300.00 ns, 106.6769 us/op
WorkloadResult   3: 8192 op, 878285400.00 ns, 107.2126 us/op
WorkloadResult   4: 8192 op, 893600700.00 ns, 109.0821 us/op
WorkloadResult   5: 8192 op, 876296300.00 ns, 106.9698 us/op
WorkloadResult   6: 8192 op, 869234100.00 ns, 106.1077 us/op
WorkloadResult   7: 8192 op, 866517000.00 ns, 105.7760 us/op
WorkloadResult   8: 8192 op, 927694800.00 ns, 113.2440 us/op
WorkloadResult   9: 8192 op, 933984900.00 ns, 114.0118 us/op
WorkloadResult  10: 8192 op, 957278700.00 ns, 116.8553 us/op
WorkloadResult  11: 8192 op, 898347500.00 ns, 109.6616 us/op
WorkloadResult  12: 8192 op, 877235500.00 ns, 107.0844 us/op
WorkloadResult  13: 8192 op, 889377500.00 ns, 108.5666 us/op
WorkloadResult  14: 8192 op, 886911700.00 ns, 108.2656 us/op
WorkloadResult  15: 8192 op, 886322500.00 ns, 108.1937 us/op
WorkloadResult  16: 8192 op, 877908800.00 ns, 107.1666 us/op
WorkloadResult  17: 8192 op, 903337700.00 ns, 110.2707 us/op
WorkloadResult  18: 8192 op, 971975000.00 ns, 118.6493 us/op
WorkloadResult  19: 8192 op, 893641100.00 ns, 109.0870 us/op
WorkloadResult  20: 8192 op, 951556400.00 ns, 116.1568 us/op
WorkloadResult  21: 8192 op, 868802900.00 ns, 106.0550 us/op
WorkloadResult  22: 8192 op, 873654200.00 ns, 106.6472 us/op
WorkloadResult  23: 8192 op, 869539600.00 ns, 106.1450 us/op
WorkloadResult  24: 8192 op, 869465700.00 ns, 106.1359 us/op
WorkloadResult  25: 8192 op, 876613000.00 ns, 107.0084 us/op
WorkloadResult  26: 8192 op, 865310000.00 ns, 105.6287 us/op
WorkloadResult  27: 8192 op, 878059400.00 ns, 107.1850 us/op
WorkloadResult  28: 8192 op, 875521800.00 ns, 106.8752 us/op
WorkloadResult  29: 8192 op, 907995800.00 ns, 110.8393 us/op
WorkloadResult  30: 8192 op, 898669100.00 ns, 109.7008 us/op
WorkloadResult  31: 8192 op, 874710300.00 ns, 106.7762 us/op
WorkloadResult  32: 8192 op, 865746200.00 ns, 105.6819 us/op
WorkloadResult  33: 8192 op, 862233900.00 ns, 105.2532 us/op
// GC:  83 15 0 524746752 8192
// Threading:  0 0 8192

// AfterAll
// Benchmark Process 22868 has exited with code 0.

Mean = 108.658 μs, StdErr = 0.600 μs (0.55%), N = 33, StdDev = 3.446 μs
Min = 105.253 μs, Q1 = 106.647 μs, Median = 107.167 μs, Q3 = 109.662 μs, Max = 118.649 μs
IQR = 3.014 μs, LowerFence = 102.126 μs, UpperFence = 114.183 μs
ConfidenceInterval = [106.485 μs; 110.830 μs] (CI 99.9%), Margin = 2.172 μs (2.00% of Mean)
Skewness = 1.48, Kurtosis = 4.21, MValue = 2

// ** Remained 7 (50,0 %) benchmark(s) to run. Estimated finish 2026-03-16 16:43 (0h 3m from now) **
Setup power plan (GUID: 8c5e7fda-e8bf-4a96-9a85-a6e23a8c635c FriendlyName: Alto rendimiento)
// **************************
// Benchmark: MapearOrdenBenchmark.MapearPagoEntidad_Optimizado: DefaultJob
// *** Execute ***
// Launch: 1 / 1
// Execute: dotnet BenchmarkSuite1-DefaultJob-1.dll --anonymousPipes 5940 1360 --benchmarkName CapaDatos.Benchmarks.MapearOrdenBenchmark.MapearPagoEntidad_Optimizado --job Default --benchmarkId 7 in C:\AOCR\AOCR\AOCR05-01-2026\AOCR1\AOCR\BenchmarkSuite1\bin\Release\net9.0\BenchmarkSuite1-DefaultJob-1\bin\Release\net9.0
// BeforeAnythingElse

// Benchmark Process Environment Information:
// BenchmarkDotNet v0.15.2
// Runtime=.NET 9.0.14 (9.0.1426.11910), X64 RyuJIT AVX2
// GC=Concurrent Workstation
// HardwareIntrinsics=AVX2,AES,BMI1,BMI2,FMA,LZCNT,PCLMUL,POPCNT VectorSize=256
// Job: DefaultJob

OverheadJitting  1: 1 op, 166100.00 ns, 166.1000 us/op
WorkloadJitting  1: 1 op, 1873900.00 ns, 1.8739 ms/op

OverheadJitting  2: 16 op, 477100.00 ns, 29.8188 us/op
WorkloadJitting  2: 16 op, 9315700.00 ns, 582.2313 us/op

WorkloadPilot    1: 16 op, 7903200.00 ns, 493.9500 us/op
WorkloadPilot    2: 32 op, 16360500.00 ns, 511.2656 us/op
WorkloadPilot    3: 64 op, 30669300.00 ns, 479.2078 us/op
WorkloadPilot    4: 128 op, 60457200.00 ns, 472.3219 us/op
WorkloadPilot    5: 256 op, 102990300.00 ns, 402.3059 us/op
WorkloadPilot    6: 512 op, 36020200.00 ns, 70.3520 us/op
WorkloadPilot    7: 1024 op, 72154700.00 ns, 70.4636 us/op
WorkloadPilot    8: 2048 op, 144315200.00 ns, 70.4664 us/op
WorkloadPilot    9: 4096 op, 290922400.00 ns, 71.0260 us/op
WorkloadPilot   10: 8192 op, 557557300.00 ns, 68.0612 us/op

OverheadWarmup   1: 8192 op, 30200.00 ns, 3.6865 ns/op
OverheadWarmup   2: 8192 op, 28800.00 ns, 3.5156 ns/op
OverheadWarmup   3: 8192 op, 28900.00 ns, 3.5278 ns/op
OverheadWarmup   4: 8192 op, 28800.00 ns, 3.5156 ns/op
OverheadWarmup   5: 8192 op, 28900.00 ns, 3.5278 ns/op
OverheadWarmup   6: 8192 op, 28700.00 ns, 3.5034 ns/op

OverheadActual   1: 8192 op, 28900.00 ns, 3.5278 ns/op
OverheadActual   2: 8192 op, 28800.00 ns, 3.5156 ns/op
OverheadActual   3: 8192 op, 29700.00 ns, 3.6255 ns/op
OverheadActual   4: 8192 op, 29400.00 ns, 3.5889 ns/op
OverheadActual   5: 8192 op, 29200.00 ns, 3.5645 ns/op
OverheadActual   6: 8192 op, 29200.00 ns, 3.5645 ns/op
OverheadActual   7: 8192 op, 39600.00 ns, 4.8340 ns/op
OverheadActual   8: 8192 op, 29000.00 ns, 3.5400 ns/op
OverheadActual   9: 8192 op, 29100.00 ns, 3.5522 ns/op
OverheadActual  10: 8192 op, 29200.00 ns, 3.5645 ns/op
OverheadActual  11: 8192 op, 29600.00 ns, 3.6133 ns/op
OverheadActual  12: 8192 op, 29100.00 ns, 3.5522 ns/op
OverheadActual  13: 8192 op, 29100.00 ns, 3.5522 ns/op
OverheadActual  14: 8192 op, 28800.00 ns, 3.5156 ns/op
OverheadActual  15: 8192 op, 29200.00 ns, 3.5645 ns/op

OverheadWarmup   1: 8192 op, 29000.00 ns, 3.5400 ns/op
OverheadWarmup   2: 8192 op, 28800.00 ns, 3.5156 ns/op
OverheadWarmup   3: 8192 op, 29000.00 ns, 3.5400 ns/op
OverheadWarmup   4: 8192 op, 29600.00 ns, 3.6133 ns/op
OverheadWarmup   5: 8192 op, 28700.00 ns, 3.5034 ns/op
OverheadWarmup   6: 8192 op, 29200.00 ns, 3.5645 ns/op
OverheadWarmup   7: 8192 op, 28800.00 ns, 3.5156 ns/op

// BeforeActualRun
WorkloadActual   1: 8192 op, 573164300.00 ns, 69.9663 us/op
WorkloadActual   2: 8192 op, 564516700.00 ns, 68.9107 us/op
WorkloadActual   3: 8192 op, 563992100.00 ns, 68.8467 us/op
WorkloadActual   4: 8192 op, 566403000.00 ns, 69.1410 us/op
WorkloadActual   5: 8192 op, 564666100.00 ns, 68.9290 us/op
WorkloadActual   6: 8192 op, 561658100.00 ns, 68.5618 us/op
WorkloadActual   7: 8192 op, 563908800.00 ns, 68.8365 us/op
WorkloadActual   8: 8192 op, 562729300.00 ns, 68.6925 us/op
WorkloadActual   9: 8192 op, 565824500.00 ns, 69.0704 us/op
WorkloadActual  10: 8192 op, 564161000.00 ns, 68.8673 us/op
WorkloadActual  11: 8192 op, 561828400.00 ns, 68.5826 us/op
WorkloadActual  12: 8192 op, 565716600.00 ns, 69.0572 us/op
WorkloadActual  13: 8192 op, 560032900.00 ns, 68.3634 us/op
WorkloadActual  14: 8192 op, 560908400.00 ns, 68.4703 us/op
WorkloadActual  15: 8192 op, 572241100.00 ns, 69.8536 us/op

// AfterActualRun
WorkloadResult   1: 8192 op, 564487500.00 ns, 68.9072 us/op
WorkloadResult   2: 8192 op, 563962900.00 ns, 68.8431 us/op
WorkloadResult   3: 8192 op, 566373800.00 ns, 69.1374 us/op
WorkloadResult   4: 8192 op, 564636900.00 ns, 68.9254 us/op
WorkloadResult   5: 8192 op, 561628900.00 ns, 68.5582 us/op
WorkloadResult   6: 8192 op, 563879600.00 ns, 68.8330 us/op
WorkloadResult   7: 8192 op, 562700100.00 ns, 68.6890 us/op
WorkloadResult   8: 8192 op, 565795300.00 ns, 69.0668 us/op
WorkloadResult   9: 8192 op, 564131800.00 ns, 68.8637 us/op
WorkloadResult  10: 8192 op, 561799200.00 ns, 68.5790 us/op
WorkloadResult  11: 8192 op, 565687400.00 ns, 69.0536 us/op
WorkloadResult  12: 8192 op, 560003700.00 ns, 68.3598 us/op
WorkloadResult  13: 8192 op, 560879200.00 ns, 68.4667 us/op
// GC:  83 15 0 524746752 8192
// Threading:  0 0 8192

// AfterAll
// Benchmark Process 34356 has exited with code 0.

Mean = 68.791 μs, StdErr = 0.067 μs (0.10%), N = 13, StdDev = 0.243 μs
Min = 68.360 μs, Q1 = 68.579 μs, Median = 68.843 μs, Q3 = 68.925 μs, Max = 69.137 μs
IQR = 0.346 μs, LowerFence = 68.059 μs, UpperFence = 69.445 μs
ConfidenceInterval = [68.500 μs; 69.082 μs] (CI 99.9%), Margin = 0.291 μs (0.42% of Mean)
Skewness = -0.28, Kurtosis = 1.69, MValue = 2

// ** Remained 6 (42,9 %) benchmark(s) to run. Estimated finish 2026-03-16 16:43 (0h 2m from now) **
Setup power plan (GUID: 8c5e7fda-e8bf-4a96-9a85-a6e23a8c635c FriendlyName: Alto rendimiento)
// **************************
// Benchmark: MapearOrdenBenchmark.LeerOrdenTx_Actual: DefaultJob
// *** Execute ***
// Launch: 1 / 1
// Execute: dotnet BenchmarkSuite1-DefaultJob-1.dll --anonymousPipes 980 3120 --benchmarkName CapaDatos.Benchmarks.MapearOrdenBenchmark.LeerOrdenTx_Actual --job Default --benchmarkId 8 in C:\AOCR\AOCR\AOCR05-01-2026\AOCR1\AOCR\BenchmarkSuite1\bin\Release\net9.0\BenchmarkSuite1-DefaultJob-1\bin\Release\net9.0
// BeforeAnythingElse

// Benchmark Process Environment Information:
// BenchmarkDotNet v0.15.2
// Runtime=.NET 9.0.14 (9.0.1426.11910), X64 RyuJIT AVX2
// GC=Concurrent Workstation
// HardwareIntrinsics=AVX2,AES,BMI1,BMI2,FMA,LZCNT,PCLMUL,POPCNT VectorSize=256
// Job: DefaultJob

OverheadJitting  1: 1 op, 177900.00 ns, 177.9000 us/op
WorkloadJitting  1: 1 op, 1489600.00 ns, 1.4896 ms/op

OverheadJitting  2: 16 op, 485800.00 ns, 30.3625 us/op
WorkloadJitting  2: 16 op, 5980900.00 ns, 373.8063 us/op

WorkloadPilot    1: 16 op, 5183400.00 ns, 323.9625 us/op
WorkloadPilot    2: 32 op, 10604000.00 ns, 331.3750 us/op
WorkloadPilot    3: 64 op, 20000600.00 ns, 312.5094 us/op
WorkloadPilot    4: 128 op, 39198300.00 ns, 306.2367 us/op
WorkloadPilot    5: 256 op, 74729100.00 ns, 291.9105 us/op
WorkloadPilot    6: 512 op, 94734000.00 ns, 185.0273 us/op
WorkloadPilot    7: 1024 op, 58381400.00 ns, 57.0131 us/op
WorkloadPilot    8: 2048 op, 113356000.00 ns, 55.3496 us/op
WorkloadPilot    9: 4096 op, 223509300.00 ns, 54.5677 us/op
WorkloadPilot   10: 8192 op, 425385500.00 ns, 51.9269 us/op
WorkloadPilot   11: 16384 op, 847258500.00 ns, 51.7126 us/op

OverheadWarmup   1: 16384 op, 56800.00 ns, 3.4668 ns/op
OverheadWarmup   2: 16384 op, 56000.00 ns, 3.4180 ns/op
OverheadWarmup   3: 16384 op, 79400.00 ns, 4.8462 ns/op
OverheadWarmup   4: 16384 op, 56200.00 ns, 3.4302 ns/op
OverheadWarmup   5: 16384 op, 56700.00 ns, 3.4607 ns/op
OverheadWarmup   6: 16384 op, 56200.00 ns, 3.4302 ns/op

OverheadActual   1: 16384 op, 55700.00 ns, 3.3997 ns/op
OverheadActual   2: 16384 op, 56200.00 ns, 3.4302 ns/op
OverheadActual   3: 16384 op, 56100.00 ns, 3.4241 ns/op
OverheadActual   4: 16384 op, 56000.00 ns, 3.4180 ns/op
OverheadActual   5: 16384 op, 56500.00 ns, 3.4485 ns/op
OverheadActual   6: 16384 op, 56000.00 ns, 3.4180 ns/op
OverheadActual   7: 16384 op, 56300.00 ns, 3.4363 ns/op
OverheadActual   8: 16384 op, 56000.00 ns, 3.4180 ns/op
OverheadActual   9: 16384 op, 56000.00 ns, 3.4180 ns/op
OverheadActual  10: 16384 op, 55700.00 ns, 3.3997 ns/op
OverheadActual  11: 16384 op, 56800.00 ns, 3.4668 ns/op
OverheadActual  12: 16384 op, 56500.00 ns, 3.4485 ns/op
OverheadActual  13: 16384 op, 55700.00 ns, 3.3997 ns/op
OverheadActual  14: 16384 op, 56000.00 ns, 3.4180 ns/op
OverheadActual  15: 16384 op, 55500.00 ns, 3.3875 ns/op

OverheadWarmup   1: 16384 op, 57000.00 ns, 3.4790 ns/op
OverheadWarmup   2: 16384 op, 56700.00 ns, 3.4607 ns/op
OverheadWarmup   3: 16384 op, 56500.00 ns, 3.4485 ns/op
OverheadWarmup   4: 16384 op, 56000.00 ns, 3.4180 ns/op
OverheadWarmup   5: 16384 op, 56700.00 ns, 3.4607 ns/op
OverheadWarmup   6: 16384 op, 56300.00 ns, 3.4363 ns/op
OverheadWarmup   7: 16384 op, 57000.00 ns, 3.4790 ns/op
OverheadWarmup   8: 16384 op, 55300.00 ns, 3.3752 ns/op

// BeforeActualRun
WorkloadActual   1: 16384 op, 1059053100.00 ns, 64.6395 us/op
WorkloadActual   2: 16384 op, 879592400.00 ns, 53.6861 us/op
WorkloadActual   3: 16384 op, 879694100.00 ns, 53.6923 us/op
WorkloadActual   4: 16384 op, 875593300.00 ns, 53.4420 us/op
WorkloadActual   5: 16384 op, 877312700.00 ns, 53.5469 us/op
WorkloadActual   6: 16384 op, 879846400.00 ns, 53.7016 us/op
WorkloadActual   7: 16384 op, 877101700.00 ns, 53.5340 us/op
WorkloadActual   8: 16384 op, 902080700.00 ns, 55.0586 us/op
WorkloadActual   9: 16384 op, 1096291600.00 ns, 66.9123 us/op
WorkloadActual  10: 16384 op, 1004074100.00 ns, 61.2838 us/op
WorkloadActual  11: 16384 op, 975528200.00 ns, 59.5415 us/op
WorkloadActual  12: 16384 op, 1169196700.00 ns, 71.3621 us/op
WorkloadActual  13: 16384 op, 1062603700.00 ns, 64.8562 us/op
WorkloadActual  14: 16384 op, 1152815800.00 ns, 70.3623 us/op
WorkloadActual  15: 16384 op, 901049100.00 ns, 54.9957 us/op
WorkloadActual  16: 16384 op, 886866100.00 ns, 54.1300 us/op
WorkloadActual  17: 16384 op, 870636000.00 ns, 53.1394 us/op
WorkloadActual  18: 16384 op, 880259800.00 ns, 53.7268 us/op
WorkloadActual  19: 16384 op, 869562000.00 ns, 53.0739 us/op
WorkloadActual  20: 16384 op, 868359200.00 ns, 53.0004 us/op
WorkloadActual  21: 16384 op, 868400500.00 ns, 53.0030 us/op
WorkloadActual  22: 16384 op, 869768200.00 ns, 53.0864 us/op
WorkloadActual  23: 16384 op, 871454300.00 ns, 53.1893 us/op
WorkloadActual  24: 16384 op, 921436600.00 ns, 56.2400 us/op
WorkloadActual  25: 16384 op, 973358000.00 ns, 59.4091 us/op
WorkloadActual  26: 16384 op, 869351100.00 ns, 53.0610 us/op
WorkloadActual  27: 16384 op, 888051600.00 ns, 54.2024 us/op
WorkloadActual  28: 16384 op, 885985500.00 ns, 54.0763 us/op
WorkloadActual  29: 16384 op, 887518100.00 ns, 54.1698 us/op
WorkloadActual  30: 16384 op, 1372471400.00 ns, 83.7690 us/op
WorkloadActual  31: 16384 op, 881391600.00 ns, 53.7959 us/op
WorkloadActual  32: 16384 op, 882955900.00 ns, 53.8914 us/op
WorkloadActual  33: 16384 op, 869837600.00 ns, 53.0907 us/op
WorkloadActual  34: 16384 op, 882426000.00 ns, 53.8590 us/op
WorkloadActual  35: 16384 op, 883612400.00 ns, 53.9314 us/op
WorkloadActual  36: 16384 op, 870123800.00 ns, 53.1081 us/op
WorkloadActual  37: 16384 op, 868548500.00 ns, 53.0120 us/op
WorkloadActual  38: 16384 op, 862355700.00 ns, 52.6340 us/op

// AfterActualRun
WorkloadResult   1: 16384 op, 879536400.00 ns, 53.6826 us/op
WorkloadResult   2: 16384 op, 879638100.00 ns, 53.6888 us/op
WorkloadResult   3: 16384 op, 875537300.00 ns, 53.4386 us/op
WorkloadResult   4: 16384 op, 877256700.00 ns, 53.5435 us/op
WorkloadResult   5: 16384 op, 879790400.00 ns, 53.6981 us/op
WorkloadResult   6: 16384 op, 877045700.00 ns, 53.5306 us/op
WorkloadResult   7: 16384 op, 902024700.00 ns, 55.0552 us/op
WorkloadResult   8: 16384 op, 975472200.00 ns, 59.5381 us/op
WorkloadResult   9: 16384 op, 900993100.00 ns, 54.9923 us/op
WorkloadResult  10: 16384 op, 886810100.00 ns, 54.1266 us/op
WorkloadResult  11: 16384 op, 870580000.00 ns, 53.1360 us/op
WorkloadResult  12: 16384 op, 880203800.00 ns, 53.7234 us/op
WorkloadResult  13: 16384 op, 869506000.00 ns, 53.0704 us/op
WorkloadResult  14: 16384 op, 868303200.00 ns, 52.9970 us/op
WorkloadResult  15: 16384 op, 868344500.00 ns, 52.9995 us/op
WorkloadResult  16: 16384 op, 869712200.00 ns, 53.0830 us/op
WorkloadResult  17: 16384 op, 871398300.00 ns, 53.1859 us/op
WorkloadResult  18: 16384 op, 921380600.00 ns, 56.2366 us/op
WorkloadResult  19: 16384 op, 973302000.00 ns, 59.4056 us/op
WorkloadResult  20: 16384 op, 869295100.00 ns, 53.0576 us/op
WorkloadResult  21: 16384 op, 887995600.00 ns, 54.1990 us/op
WorkloadResult  22: 16384 op, 885929500.00 ns, 54.0728 us/op
WorkloadResult  23: 16384 op, 887462100.00 ns, 54.1664 us/op
WorkloadResult  24: 16384 op, 881335600.00 ns, 53.7925 us/op
WorkloadResult  25: 16384 op, 882899900.00 ns, 53.8879 us/op
WorkloadResult  26: 16384 op, 869781600.00 ns, 53.0873 us/op
WorkloadResult  27: 16384 op, 882370000.00 ns, 53.8556 us/op
WorkloadResult  28: 16384 op, 883556400.00 ns, 53.9280 us/op
WorkloadResult  29: 16384 op, 870067800.00 ns, 53.1047 us/op
WorkloadResult  30: 16384 op, 868492500.00 ns, 53.0086 us/op
WorkloadResult  31: 16384 op, 862299700.00 ns, 52.6306 us/op
// GC:  188 39 0 1180565504 16384
// Threading:  0 0 16384

// AfterAll
// Benchmark Process 35596 has exited with code 0.

Mean = 54.062 μs, StdErr = 0.291 μs (0.54%), N = 31, StdDev = 1.619 μs
Min = 52.631 μs, Q1 = 53.096 μs, Median = 53.689 μs, Q3 = 54.100 μs, Max = 59.538 μs
IQR = 1.004 μs, LowerFence = 51.590 μs, UpperFence = 55.605 μs
ConfidenceInterval = [53.002 μs; 55.122 μs] (CI 99.9%), Margin = 1.060 μs (1.96% of Mean)
Skewness = 2.4, Kurtosis = 8.23, MValue = 2

// ** Remained 5 (35,7 %) benchmark(s) to run. Estimated finish 2026-03-16 16:43 (0h 2m from now) **
Setup power plan (GUID: 8c5e7fda-e8bf-4a96-9a85-a6e23a8c635c FriendlyName: Alto rendimiento)
// **************************
// Benchmark: MapearOrdenBenchmark.LeerOrdenTx_Optimizado: DefaultJob
// *** Execute ***
// Launch: 1 / 1
// Execute: dotnet BenchmarkSuite1-DefaultJob-1.dll --anonymousPipes 976 5332 --benchmarkName CapaDatos.Benchmarks.MapearOrdenBenchmark.LeerOrdenTx_Optimizado --job Default --benchmarkId 9 in C:\AOCR\AOCR\AOCR05-01-2026\AOCR1\AOCR\BenchmarkSuite1\bin\Release\net9.0\BenchmarkSuite1-DefaultJob-1\bin\Release\net9.0
// BeforeAnythingElse

// Benchmark Process Environment Information:
// BenchmarkDotNet v0.15.2
// Runtime=.NET 9.0.14 (9.0.1426.11910), X64 RyuJIT AVX2
// GC=Concurrent Workstation
// HardwareIntrinsics=AVX2,AES,BMI1,BMI2,FMA,LZCNT,PCLMUL,POPCNT VectorSize=256
// Job: DefaultJob

OverheadJitting  1: 1 op, 720800.00 ns, 720.8000 us/op
WorkloadJitting  1: 1 op, 1821400.00 ns, 1.8214 ms/op

OverheadJitting  2: 16 op, 840400.00 ns, 52.5250 us/op
WorkloadJitting  2: 16 op, 4801900.00 ns, 300.1188 us/op

WorkloadPilot    1: 16 op, 3692500.00 ns, 230.7813 us/op
WorkloadPilot    2: 32 op, 7318200.00 ns, 228.6938 us/op
WorkloadPilot    3: 64 op, 14546100.00 ns, 227.2828 us/op
WorkloadPilot    4: 128 op, 28230100.00 ns, 220.5477 us/op
WorkloadPilot    5: 256 op, 51565900.00 ns, 201.4293 us/op
WorkloadPilot    6: 512 op, 73785600.00 ns, 144.1125 us/op
WorkloadPilot    7: 1024 op, 35734700.00 ns, 34.8972 us/op
WorkloadPilot    8: 2048 op, 70198800.00 ns, 34.2768 us/op
WorkloadPilot    9: 4096 op, 139135600.00 ns, 33.9687 us/op
WorkloadPilot   10: 8192 op, 258896100.00 ns, 31.6035 us/op
WorkloadPilot   11: 16384 op, 515389100.00 ns, 31.4569 us/op

OverheadWarmup   1: 16384 op, 65800.00 ns, 4.0161 ns/op
OverheadWarmup   2: 16384 op, 64600.00 ns, 3.9429 ns/op
OverheadWarmup   3: 16384 op, 64100.00 ns, 3.9124 ns/op
OverheadWarmup   4: 16384 op, 58000.00 ns, 3.5400 ns/op
OverheadWarmup   5: 16384 op, 65300.00 ns, 3.9856 ns/op
OverheadWarmup   6: 16384 op, 64200.00 ns, 3.9185 ns/op
OverheadWarmup   7: 16384 op, 57900.00 ns, 3.5339 ns/op
OverheadWarmup   8: 16384 op, 57900.00 ns, 3.5339 ns/op
OverheadWarmup   9: 16384 op, 81600.00 ns, 4.9805 ns/op

OverheadActual   1: 16384 op, 64400.00 ns, 3.9307 ns/op
OverheadActual   2: 16384 op, 64600.00 ns, 3.9429 ns/op
OverheadActual   3: 16384 op, 64200.00 ns, 3.9185 ns/op
OverheadActual   4: 16384 op, 58300.00 ns, 3.5583 ns/op
OverheadActual   5: 16384 op, 64600.00 ns, 3.9429 ns/op
OverheadActual   6: 16384 op, 57900.00 ns, 3.5339 ns/op
OverheadActual   7: 16384 op, 64600.00 ns, 3.9429 ns/op
OverheadActual   8: 16384 op, 65100.00 ns, 3.9734 ns/op
OverheadActual   9: 16384 op, 62500.00 ns, 3.8147 ns/op
OverheadActual  10: 16384 op, 58000.00 ns, 3.5400 ns/op
OverheadActual  11: 16384 op, 65000.00 ns, 3.9673 ns/op
OverheadActual  12: 16384 op, 63700.00 ns, 3.8879 ns/op
OverheadActual  13: 16384 op, 57900.00 ns, 3.5339 ns/op
OverheadActual  14: 16384 op, 57500.00 ns, 3.5095 ns/op
OverheadActual  15: 16384 op, 89800.00 ns, 5.4810 ns/op
OverheadActual  16: 16384 op, 58900.00 ns, 3.5950 ns/op
OverheadActual  17: 16384 op, 64600.00 ns, 3.9429 ns/op
OverheadActual  18: 16384 op, 64600.00 ns, 3.9429 ns/op

OverheadWarmup   1: 16384 op, 58000.00 ns, 3.5400 ns/op
OverheadWarmup   2: 16384 op, 58100.00 ns, 3.5461 ns/op
OverheadWarmup   3: 16384 op, 65300.00 ns, 3.9856 ns/op
OverheadWarmup   4: 16384 op, 57800.00 ns, 3.5278 ns/op
OverheadWarmup   5: 16384 op, 64100.00 ns, 3.9124 ns/op
OverheadWarmup   6: 16384 op, 96100.00 ns, 5.8655 ns/op
OverheadWarmup   7: 16384 op, 58000.00 ns, 3.5400 ns/op

// BeforeActualRun
WorkloadActual   1: 16384 op, 757213700.00 ns, 46.2167 us/op
WorkloadActual   2: 16384 op, 558383900.00 ns, 34.0810 us/op
WorkloadActual   3: 16384 op, 555166600.00 ns, 33.8847 us/op
WorkloadActual   4: 16384 op, 530806800.00 ns, 32.3979 us/op
WorkloadActual   5: 16384 op, 543219100.00 ns, 33.1555 us/op
WorkloadActual   6: 16384 op, 546932600.00 ns, 33.3821 us/op
WorkloadActual   7: 16384 op, 543840700.00 ns, 33.1934 us/op
WorkloadActual   8: 16384 op, 541570100.00 ns, 33.0548 us/op
WorkloadActual   9: 16384 op, 540595300.00 ns, 32.9953 us/op
WorkloadActual  10: 16384 op, 537564700.00 ns, 32.8103 us/op
WorkloadActual  11: 16384 op, 524614900.00 ns, 32.0200 us/op
WorkloadActual  12: 16384 op, 523996900.00 ns, 31.9822 us/op
WorkloadActual  13: 16384 op, 541008500.00 ns, 33.0205 us/op
WorkloadActual  14: 16384 op, 566340700.00 ns, 34.5667 us/op
WorkloadActual  15: 16384 op, 665773600.00 ns, 40.6356 us/op
WorkloadActual  16: 16384 op, 558099100.00 ns, 34.0637 us/op
WorkloadActual  17: 16384 op, 554538400.00 ns, 33.8463 us/op
WorkloadActual  18: 16384 op, 566831900.00 ns, 34.5967 us/op
WorkloadActual  19: 16384 op, 543537000.00 ns, 33.1749 us/op
WorkloadActual  20: 16384 op, 535482100.00 ns, 32.6832 us/op
WorkloadActual  21: 16384 op, 538777200.00 ns, 32.8844 us/op
WorkloadActual  22: 16384 op, 523754500.00 ns, 31.9674 us/op
WorkloadActual  23: 16384 op, 527084400.00 ns, 32.1707 us/op
WorkloadActual  24: 16384 op, 523539100.00 ns, 31.9543 us/op
WorkloadActual  25: 16384 op, 524960400.00 ns, 32.0410 us/op

// AfterActualRun
WorkloadResult   1: 16384 op, 558319600.00 ns, 34.0771 us/op
WorkloadResult   2: 16384 op, 555102300.00 ns, 33.8808 us/op
WorkloadResult   3: 16384 op, 530742500.00 ns, 32.3940 us/op
WorkloadResult   4: 16384 op, 543154800.00 ns, 33.1515 us/op
WorkloadResult   5: 16384 op, 546868300.00 ns, 33.3782 us/op
WorkloadResult   6: 16384 op, 543776400.00 ns, 33.1895 us/op
WorkloadResult   7: 16384 op, 541505800.00 ns, 33.0509 us/op
WorkloadResult   8: 16384 op, 540531000.00 ns, 32.9914 us/op
WorkloadResult   9: 16384 op, 537500400.00 ns, 32.8064 us/op
WorkloadResult  10: 16384 op, 524550600.00 ns, 32.0160 us/op
WorkloadResult  11: 16384 op, 523932600.00 ns, 31.9783 us/op
WorkloadResult  12: 16384 op, 540944200.00 ns, 33.0166 us/op
WorkloadResult  13: 16384 op, 566276400.00 ns, 34.5628 us/op
WorkloadResult  14: 16384 op, 558034800.00 ns, 34.0597 us/op
WorkloadResult  15: 16384 op, 554474100.00 ns, 33.8424 us/op
WorkloadResult  16: 16384 op, 566767600.00 ns, 34.5927 us/op
WorkloadResult  17: 16384 op, 543472700.00 ns, 33.1709 us/op
WorkloadResult  18: 16384 op, 535417800.00 ns, 32.6793 us/op
WorkloadResult  19: 16384 op, 538712900.00 ns, 32.8804 us/op
WorkloadResult  20: 16384 op, 523690200.00 ns, 31.9635 us/op
WorkloadResult  21: 16384 op, 527020100.00 ns, 32.1668 us/op
WorkloadResult  22: 16384 op, 523474800.00 ns, 31.9504 us/op
WorkloadResult  23: 16384 op, 524896100.00 ns, 32.0371 us/op
// GC:  188 39 0 1180565504 16384
// Threading:  0 0 16384

// AfterAll
// Benchmark Process 11404 has exited with code 0.

Mean = 33.036 μs, StdErr = 0.174 μs (0.53%), N = 23, StdDev = 0.833 μs
Min = 31.950 μs, Q1 = 32.280 μs, Median = 33.017 μs, Q3 = 33.610 μs, Max = 34.593 μs
IQR = 1.330 μs, LowerFence = 30.285 μs, UpperFence = 35.605 μs
ConfidenceInterval = [32.377 μs; 33.695 μs] (CI 99.9%), Margin = 0.659 μs (1.99% of Mean)
Skewness = 0.3, Kurtosis = 1.92, MValue = 2

// ** Remained 4 (28,6 %) benchmark(s) to run. Estimated finish 2026-03-16 16:43 (0h 1m from now) **
Setup power plan (GUID: 8c5e7fda-e8bf-4a96-9a85-a6e23a8c635c FriendlyName: Alto rendimiento)
// **************************
// Benchmark: MapearOrdenBenchmark.LeerOrdenMeta_Actual: DefaultJob
// *** Execute ***
// Launch: 1 / 1
// Execute: dotnet BenchmarkSuite1-DefaultJob-1.dll --anonymousPipes 7136 3468 --benchmarkName CapaDatos.Benchmarks.MapearOrdenBenchmark.LeerOrdenMeta_Actual --job Default --benchmarkId 10 in C:\AOCR\AOCR\AOCR05-01-2026\AOCR1\AOCR\BenchmarkSuite1\bin\Release\net9.0\BenchmarkSuite1-DefaultJob-1\bin\Release\net9.0
// BeforeAnythingElse

// Benchmark Process Environment Information:
// BenchmarkDotNet v0.15.2
// Runtime=.NET 9.0.14 (9.0.1426.11910), X64 RyuJIT AVX2
// GC=Concurrent Workstation
// HardwareIntrinsics=AVX2,AES,BMI1,BMI2,FMA,LZCNT,PCLMUL,POPCNT VectorSize=256
// Job: DefaultJob

OverheadJitting  1: 1 op, 254000.00 ns, 254.0000 us/op
WorkloadJitting  1: 1 op, 1199000.00 ns, 1.1990 ms/op

OverheadJitting  2: 16 op, 852200.00 ns, 53.2625 us/op
WorkloadJitting  2: 16 op, 3373100.00 ns, 210.8188 us/op

WorkloadPilot    1: 16 op, 2889700.00 ns, 180.6063 us/op
WorkloadPilot    2: 32 op, 4229900.00 ns, 132.1844 us/op
WorkloadPilot    3: 64 op, 8623600.00 ns, 134.7438 us/op
WorkloadPilot    4: 128 op, 15089200.00 ns, 117.8844 us/op
WorkloadPilot    5: 256 op, 26037300.00 ns, 101.7082 us/op
WorkloadPilot    6: 512 op, 52425900.00 ns, 102.3943 us/op
WorkloadPilot    7: 1024 op, 78773300.00 ns, 76.9271 us/op
WorkloadPilot    8: 2048 op, 51587200.00 ns, 25.1891 us/op
WorkloadPilot    9: 4096 op, 101567700.00 ns, 24.7968 us/op
WorkloadPilot   10: 8192 op, 186618000.00 ns, 22.7805 us/op
WorkloadPilot   11: 16384 op, 365161700.00 ns, 22.2877 us/op
WorkloadPilot   12: 32768 op, 729253100.00 ns, 22.2550 us/op

OverheadWarmup   1: 32768 op, 116100.00 ns, 3.5431 ns/op
OverheadWarmup   2: 32768 op, 114800.00 ns, 3.5034 ns/op
OverheadWarmup   3: 32768 op, 115500.00 ns, 3.5248 ns/op
OverheadWarmup   4: 32768 op, 114600.00 ns, 3.4973 ns/op
OverheadWarmup   5: 32768 op, 127900.00 ns, 3.9032 ns/op
OverheadWarmup   6: 32768 op, 113000.00 ns, 3.4485 ns/op

OverheadActual   1: 32768 op, 116200.00 ns, 3.5461 ns/op
OverheadActual   2: 32768 op, 114600.00 ns, 3.4973 ns/op
OverheadActual   3: 32768 op, 114900.00 ns, 3.5065 ns/op
OverheadActual   4: 32768 op, 114600.00 ns, 3.4973 ns/op
OverheadActual   5: 32768 op, 114500.00 ns, 3.4943 ns/op
OverheadActual   6: 32768 op, 114700.00 ns, 3.5004 ns/op
OverheadActual   7: 32768 op, 115500.00 ns, 3.5248 ns/op
OverheadActual   8: 32768 op, 114600.00 ns, 3.4973 ns/op
OverheadActual   9: 32768 op, 114700.00 ns, 3.5004 ns/op
OverheadActual  10: 32768 op, 114600.00 ns, 3.4973 ns/op
OverheadActual  11: 32768 op, 116300.00 ns, 3.5492 ns/op
OverheadActual  12: 32768 op, 113100.00 ns, 3.4515 ns/op
OverheadActual  13: 32768 op, 114800.00 ns, 3.5034 ns/op
OverheadActual  14: 32768 op, 114500.00 ns, 3.4943 ns/op
OverheadActual  15: 32768 op, 114600.00 ns, 3.4973 ns/op

OverheadWarmup   1: 32768 op, 114100.00 ns, 3.4821 ns/op
OverheadWarmup   2: 32768 op, 113500.00 ns, 3.4637 ns/op
OverheadWarmup   3: 32768 op, 114600.00 ns, 3.4973 ns/op
OverheadWarmup   4: 32768 op, 114200.00 ns, 3.4851 ns/op
OverheadWarmup   5: 32768 op, 114600.00 ns, 3.4973 ns/op
OverheadWarmup   6: 32768 op, 115000.00 ns, 3.5095 ns/op
OverheadWarmup   7: 32768 op, 115200.00 ns, 3.5156 ns/op
OverheadWarmup   8: 32768 op, 115000.00 ns, 3.5095 ns/op

// BeforeActualRun
WorkloadActual   1: 32768 op, 1251088000.00 ns, 38.1802 us/op
WorkloadActual   2: 32768 op, 771324200.00 ns, 23.5389 us/op
WorkloadActual   3: 32768 op, 756250400.00 ns, 23.0789 us/op
WorkloadActual   4: 32768 op, 747411500.00 ns, 22.8092 us/op
WorkloadActual   5: 32768 op, 741905400.00 ns, 22.6412 us/op
WorkloadActual   6: 32768 op, 745596700.00 ns, 22.7538 us/op
WorkloadActual   7: 32768 op, 752715800.00 ns, 22.9711 us/op
WorkloadActual   8: 32768 op, 753077700.00 ns, 22.9821 us/op
WorkloadActual   9: 32768 op, 756602700.00 ns, 23.0897 us/op
WorkloadActual  10: 32768 op, 761933700.00 ns, 23.2524 us/op
WorkloadActual  11: 32768 op, 763273300.00 ns, 23.2933 us/op
WorkloadActual  12: 32768 op, 769128700.00 ns, 23.4719 us/op
WorkloadActual  13: 32768 op, 852857100.00 ns, 26.0271 us/op
WorkloadActual  14: 32768 op, 1748605600.00 ns, 53.3632 us/op
WorkloadActual  15: 32768 op, 1377128600.00 ns, 42.0266 us/op
WorkloadActual  16: 32768 op, 1056847700.00 ns, 32.2524 us/op
WorkloadActual  17: 32768 op, 1025519200.00 ns, 31.2964 us/op
WorkloadActual  18: 32768 op, 1208738400.00 ns, 36.8878 us/op
WorkloadActual  19: 32768 op, 1056845500.00 ns, 32.2524 us/op
WorkloadActual  20: 32768 op, 1244298000.00 ns, 37.9730 us/op
WorkloadActual  21: 32768 op, 927905500.00 ns, 28.3174 us/op
WorkloadActual  22: 32768 op, 795854400.00 ns, 24.2875 us/op
WorkloadActual  23: 32768 op, 776498900.00 ns, 23.6969 us/op
WorkloadActual  24: 32768 op, 776284200.00 ns, 23.6903 us/op
WorkloadActual  25: 32768 op, 763367600.00 ns, 23.2961 us/op
WorkloadActual  26: 32768 op, 755160200.00 ns, 23.0457 us/op
WorkloadActual  27: 32768 op, 740229400.00 ns, 22.5900 us/op
WorkloadActual  28: 32768 op, 756976700.00 ns, 23.1011 us/op
WorkloadActual  29: 32768 op, 771796500.00 ns, 23.5534 us/op
WorkloadActual  30: 32768 op, 738748000.00 ns, 22.5448 us/op
WorkloadActual  31: 32768 op, 738125400.00 ns, 22.5258 us/op
WorkloadActual  32: 32768 op, 740090200.00 ns, 22.5858 us/op
WorkloadActual  33: 32768 op, 737268200.00 ns, 22.4996 us/op
WorkloadActual  34: 32768 op, 773004700.00 ns, 23.5902 us/op
WorkloadActual  35: 32768 op, 745099800.00 ns, 22.7386 us/op
WorkloadActual  36: 32768 op, 731949300.00 ns, 22.3373 us/op
WorkloadActual  37: 32768 op, 733766100.00 ns, 22.3928 us/op
WorkloadActual  38: 32768 op, 738722300.00 ns, 22.5440 us/op
WorkloadActual  39: 32768 op, 751158600.00 ns, 22.9235 us/op
WorkloadActual  40: 32768 op, 741541900.00 ns, 22.6301 us/op
WorkloadActual  41: 32768 op, 738675800.00 ns, 22.5426 us/op

// AfterActualRun
WorkloadResult   1: 32768 op, 771209600.00 ns, 23.5354 us/op
WorkloadResult   2: 32768 op, 756135800.00 ns, 23.0754 us/op
WorkloadResult   3: 32768 op, 747296900.00 ns, 22.8057 us/op
WorkloadResult   4: 32768 op, 741790800.00 ns, 22.6377 us/op
WorkloadResult   5: 32768 op, 745482100.00 ns, 22.7503 us/op
WorkloadResult   6: 32768 op, 752601200.00 ns, 22.9676 us/op
WorkloadResult   7: 32768 op, 752963100.00 ns, 22.9786 us/op
WorkloadResult   8: 32768 op, 756488100.00 ns, 23.0862 us/op
WorkloadResult   9: 32768 op, 761819100.00 ns, 23.2489 us/op
WorkloadResult  10: 32768 op, 763158700.00 ns, 23.2898 us/op
WorkloadResult  11: 32768 op, 769014100.00 ns, 23.4684 us/op
WorkloadResult  12: 32768 op, 852742500.00 ns, 26.0236 us/op
WorkloadResult  13: 32768 op, 795739800.00 ns, 24.2841 us/op
WorkloadResult  14: 32768 op, 776384300.00 ns, 23.6934 us/op
WorkloadResult  15: 32768 op, 776169600.00 ns, 23.6868 us/op
WorkloadResult  16: 32768 op, 763253000.00 ns, 23.2926 us/op
WorkloadResult  17: 32768 op, 755045600.00 ns, 23.0422 us/op
WorkloadResult  18: 32768 op, 740114800.00 ns, 22.5865 us/op
WorkloadResult  19: 32768 op, 756862100.00 ns, 23.0976 us/op
WorkloadResult  20: 32768 op, 771681900.00 ns, 23.5499 us/op
WorkloadResult  21: 32768 op, 738633400.00 ns, 22.5413 us/op
WorkloadResult  22: 32768 op, 738010800.00 ns, 22.5223 us/op
WorkloadResult  23: 32768 op, 739975600.00 ns, 22.5823 us/op
WorkloadResult  24: 32768 op, 737153600.00 ns, 22.4961 us/op
WorkloadResult  25: 32768 op, 772890100.00 ns, 23.5867 us/op
WorkloadResult  26: 32768 op, 744985200.00 ns, 22.7351 us/op
WorkloadResult  27: 32768 op, 731834700.00 ns, 22.3338 us/op
WorkloadResult  28: 32768 op, 733651500.00 ns, 22.3893 us/op
WorkloadResult  29: 32768 op, 738607700.00 ns, 22.5405 us/op
WorkloadResult  30: 32768 op, 751044000.00 ns, 22.9200 us/op
WorkloadResult  31: 32768 op, 741427300.00 ns, 22.6266 us/op
WorkloadResult  32: 32768 op, 738561200.00 ns, 22.5391 us/op
// GC:  376 79 0 2361131008 32768
// Threading:  0 0 32768

// AfterAll
// Benchmark Process 31840 has exited with code 0.

Mean = 23.091 μs, StdErr = 0.125 μs (0.54%), N = 32, StdDev = 0.710 μs
Min = 22.334 μs, Q1 = 22.585 μs, Median = 22.973 μs, Q3 = 23.337 μs, Max = 26.024 μs
IQR = 0.751 μs, LowerFence = 21.459 μs, UpperFence = 24.463 μs
ConfidenceInterval = [22.635 μs; 23.547 μs] (CI 99.9%), Margin = 0.456 μs (1.97% of Mean)
Skewness = 2.23, Kurtosis = 9.58, MValue = 2

// ** Remained 3 (21,4 %) benchmark(s) to run. Estimated finish 2026-03-16 16:43 (0h 1m from now) **
Setup power plan (GUID: 8c5e7fda-e8bf-4a96-9a85-a6e23a8c635c FriendlyName: Alto rendimiento)
// **************************
// Benchmark: MapearOrdenBenchmark.LeerOrdenMeta_Optimizado: DefaultJob
// *** Execute ***
// Launch: 1 / 1
// Execute: dotnet BenchmarkSuite1-DefaultJob-1.dll --anonymousPipes 4320 5292 --benchmarkName CapaDatos.Benchmarks.MapearOrdenBenchmark.LeerOrdenMeta_Optimizado --job Default --benchmarkId 11 in C:\AOCR\AOCR\AOCR05-01-2026\AOCR1\AOCR\BenchmarkSuite1\bin\Release\net9.0\BenchmarkSuite1-DefaultJob-1\bin\Release\net9.0
// BeforeAnythingElse

// Benchmark Process Environment Information:
// BenchmarkDotNet v0.15.2
// Runtime=.NET 9.0.14 (9.0.1426.11910), X64 RyuJIT AVX2
// GC=Concurrent Workstation
// HardwareIntrinsics=AVX2,AES,BMI1,BMI2,FMA,LZCNT,PCLMUL,POPCNT VectorSize=256
// Job: DefaultJob

OverheadJitting  1: 1 op, 235700.00 ns, 235.7000 us/op
WorkloadJitting  1: 1 op, 1658800.00 ns, 1.6588 ms/op

OverheadJitting  2: 16 op, 844100.00 ns, 52.7563 us/op
WorkloadJitting  2: 16 op, 2576200.00 ns, 161.0125 us/op

WorkloadPilot    1: 16 op, 1477800.00 ns, 92.3625 us/op
WorkloadPilot    2: 32 op, 3083000.00 ns, 96.3438 us/op
WorkloadPilot    3: 64 op, 5888100.00 ns, 92.0016 us/op
WorkloadPilot    4: 128 op, 10966200.00 ns, 85.6734 us/op
WorkloadPilot    5: 256 op, 19554200.00 ns, 76.3836 us/op
WorkloadPilot    6: 512 op, 37149300.00 ns, 72.5572 us/op
WorkloadPilot    7: 1024 op, 74736600.00 ns, 72.9850 us/op
WorkloadPilot    8: 2048 op, 134699400.00 ns, 65.7712 us/op
WorkloadPilot    9: 4096 op, 77981000.00 ns, 19.0383 us/op
WorkloadPilot   10: 8192 op, 164297800.00 ns, 20.0559 us/op
WorkloadPilot   11: 16384 op, 286265700.00 ns, 17.4723 us/op
WorkloadPilot   12: 32768 op, 589779800.00 ns, 17.9987 us/op

OverheadWarmup   1: 32768 op, 113300.00 ns, 3.4576 ns/op
OverheadWarmup   2: 32768 op, 112600.00 ns, 3.4363 ns/op
OverheadWarmup   3: 32768 op, 113100.00 ns, 3.4515 ns/op
OverheadWarmup   4: 32768 op, 112600.00 ns, 3.4363 ns/op
OverheadWarmup   5: 32768 op, 113100.00 ns, 3.4515 ns/op
OverheadWarmup   6: 32768 op, 112600.00 ns, 3.4363 ns/op

OverheadActual   1: 32768 op, 113300.00 ns, 3.4576 ns/op
OverheadActual   2: 32768 op, 175000.00 ns, 5.3406 ns/op
OverheadActual   3: 32768 op, 134000.00 ns, 4.0894 ns/op
OverheadActual   4: 32768 op, 112200.00 ns, 3.4241 ns/op
OverheadActual   5: 32768 op, 112800.00 ns, 3.4424 ns/op
OverheadActual   6: 32768 op, 112700.00 ns, 3.4393 ns/op
OverheadActual   7: 32768 op, 112600.00 ns, 3.4363 ns/op
OverheadActual   8: 32768 op, 112100.00 ns, 3.4210 ns/op
OverheadActual   9: 32768 op, 113200.00 ns, 3.4546 ns/op
OverheadActual  10: 32768 op, 112700.00 ns, 3.4393 ns/op
OverheadActual  11: 32768 op, 149600.00 ns, 4.5654 ns/op
OverheadActual  12: 32768 op, 112700.00 ns, 3.4393 ns/op
OverheadActual  13: 32768 op, 113100.00 ns, 3.4515 ns/op
OverheadActual  14: 32768 op, 112600.00 ns, 3.4363 ns/op
OverheadActual  15: 32768 op, 113100.00 ns, 3.4515 ns/op

OverheadWarmup   1: 32768 op, 117500.00 ns, 3.5858 ns/op
OverheadWarmup   2: 32768 op, 113200.00 ns, 3.4546 ns/op
OverheadWarmup   3: 32768 op, 117600.00 ns, 3.5889 ns/op
OverheadWarmup   4: 32768 op, 152300.00 ns, 4.6478 ns/op
OverheadWarmup   5: 32768 op, 116900.00 ns, 3.5675 ns/op
OverheadWarmup   6: 32768 op, 113100.00 ns, 3.4515 ns/op
OverheadWarmup   7: 32768 op, 112600.00 ns, 3.4363 ns/op
OverheadWarmup   8: 32768 op, 113000.00 ns, 3.4485 ns/op
OverheadWarmup   9: 32768 op, 112600.00 ns, 3.4363 ns/op

// BeforeActualRun
WorkloadActual   1: 32768 op, 874271100.00 ns, 26.6806 us/op
WorkloadActual   2: 32768 op, 665948700.00 ns, 20.3231 us/op
WorkloadActual   3: 32768 op, 651562000.00 ns, 19.8841 us/op
WorkloadActual   4: 32768 op, 588193600.00 ns, 17.9502 us/op
WorkloadActual   5: 32768 op, 584350400.00 ns, 17.8330 us/op
WorkloadActual   6: 32768 op, 656532000.00 ns, 20.0358 us/op
WorkloadActual   7: 32768 op, 638293700.00 ns, 19.4792 us/op
WorkloadActual   8: 32768 op, 613088000.00 ns, 18.7100 us/op
WorkloadActual   9: 32768 op, 586780400.00 ns, 17.9071 us/op
WorkloadActual  10: 32768 op, 580842800.00 ns, 17.7259 us/op
WorkloadActual  11: 32768 op, 581146100.00 ns, 17.7352 us/op
WorkloadActual  12: 32768 op, 574865600.00 ns, 17.5435 us/op
WorkloadActual  13: 32768 op, 612889400.00 ns, 18.7039 us/op
WorkloadActual  14: 32768 op, 580582500.00 ns, 17.7180 us/op
WorkloadActual  15: 32768 op, 570501300.00 ns, 17.4103 us/op
WorkloadActual  16: 32768 op, 581097400.00 ns, 17.7337 us/op
WorkloadActual  17: 32768 op, 568310500.00 ns, 17.3435 us/op
WorkloadActual  18: 32768 op, 584737800.00 ns, 17.8448 us/op
WorkloadActual  19: 32768 op, 668418100.00 ns, 20.3985 us/op
WorkloadActual  20: 32768 op, 716935400.00 ns, 21.8791 us/op
WorkloadActual  21: 32768 op, 705476000.00 ns, 21.5294 us/op
WorkloadActual  22: 32768 op, 787444700.00 ns, 24.0309 us/op
WorkloadActual  23: 32768 op, 675606700.00 ns, 20.6179 us/op
WorkloadActual  24: 32768 op, 670500000.00 ns, 20.4620 us/op
WorkloadActual  25: 32768 op, 799667300.00 ns, 24.4039 us/op
WorkloadActual  26: 32768 op, 649946600.00 ns, 19.8348 us/op
WorkloadActual  27: 32768 op, 700846900.00 ns, 21.3882 us/op
WorkloadActual  28: 32768 op, 867891100.00 ns, 26.4859 us/op
WorkloadActual  29: 32768 op, 571507800.00 ns, 17.4410 us/op
WorkloadActual  30: 32768 op, 575909800.00 ns, 17.5754 us/op
WorkloadActual  31: 32768 op, 566984800.00 ns, 17.3030 us/op
WorkloadActual  32: 32768 op, 583453700.00 ns, 17.8056 us/op
WorkloadActual  33: 32768 op, 569062500.00 ns, 17.3664 us/op
WorkloadActual  34: 32768 op, 693542800.00 ns, 21.1652 us/op
WorkloadActual  35: 32768 op, 655686300.00 ns, 20.0100 us/op
WorkloadActual  36: 32768 op, 676549700.00 ns, 20.6467 us/op
WorkloadActual  37: 32768 op, 707363600.00 ns, 21.5870 us/op
WorkloadActual  38: 32768 op, 628641200.00 ns, 19.1846 us/op
WorkloadActual  39: 32768 op, 671007200.00 ns, 20.4775 us/op
WorkloadActual  40: 32768 op, 657700400.00 ns, 20.0714 us/op
WorkloadActual  41: 32768 op, 564610500.00 ns, 17.2305 us/op
WorkloadActual  42: 32768 op, 554782100.00 ns, 16.9306 us/op
WorkloadActual  43: 32768 op, 553782200.00 ns, 16.9001 us/op
WorkloadActual  44: 32768 op, 546613600.00 ns, 16.6813 us/op
WorkloadActual  45: 32768 op, 553795800.00 ns, 16.9005 us/op
WorkloadActual  46: 32768 op, 562422300.00 ns, 17.1638 us/op
WorkloadActual  47: 32768 op, 614251900.00 ns, 18.7455 us/op
WorkloadActual  48: 32768 op, 573797300.00 ns, 17.5109 us/op
WorkloadActual  49: 32768 op, 581388100.00 ns, 17.7426 us/op
WorkloadActual  50: 32768 op, 568807100.00 ns, 17.3586 us/op
WorkloadActual  51: 32768 op, 577061800.00 ns, 17.6105 us/op
WorkloadActual  52: 32768 op, 561383600.00 ns, 17.1321 us/op
WorkloadActual  53: 32768 op, 571830700.00 ns, 17.4509 us/op
WorkloadActual  54: 32768 op, 588220600.00 ns, 17.9511 us/op
WorkloadActual  55: 32768 op, 577202900.00 ns, 17.6148 us/op
WorkloadActual  56: 32768 op, 576389300.00 ns, 17.5900 us/op
WorkloadActual  57: 32768 op, 579356300.00 ns, 17.6806 us/op
WorkloadActual  58: 32768 op, 563811900.00 ns, 17.2062 us/op
WorkloadActual  59: 32768 op, 608456400.00 ns, 18.5686 us/op
WorkloadActual  60: 32768 op, 609031400.00 ns, 18.5862 us/op
WorkloadActual  61: 32768 op, 588457800.00 ns, 17.9583 us/op
WorkloadActual  62: 32768 op, 547781700.00 ns, 16.7170 us/op
WorkloadActual  63: 32768 op, 555553600.00 ns, 16.9542 us/op
WorkloadActual  64: 32768 op, 548264300.00 ns, 16.7317 us/op
WorkloadActual  65: 32768 op, 547197000.00 ns, 16.6991 us/op
WorkloadActual  66: 32768 op, 546678000.00 ns, 16.6833 us/op
WorkloadActual  67: 32768 op, 544924800.00 ns, 16.6298 us/op
WorkloadActual  68: 32768 op, 547237900.00 ns, 16.7004 us/op
WorkloadActual  69: 32768 op, 555715700.00 ns, 16.9591 us/op
WorkloadActual  70: 32768 op, 586062000.00 ns, 17.8852 us/op
WorkloadActual  71: 32768 op, 545201300.00 ns, 16.6382 us/op
WorkloadActual  72: 32768 op, 550091600.00 ns, 16.7875 us/op
WorkloadActual  73: 32768 op, 546154300.00 ns, 16.6673 us/op
WorkloadActual  74: 32768 op, 554471500.00 ns, 16.9211 us/op
WorkloadActual  75: 32768 op, 548730600.00 ns, 16.7459 us/op
WorkloadActual  76: 32768 op, 556105800.00 ns, 16.9710 us/op
WorkloadActual  77: 32768 op, 549728200.00 ns, 16.7764 us/op
WorkloadActual  78: 32768 op, 563787600.00 ns, 17.2054 us/op
WorkloadActual  79: 32768 op, 550744900.00 ns, 16.8074 us/op
WorkloadActual  80: 32768 op, 550787700.00 ns, 16.8087 us/op
WorkloadActual  81: 32768 op, 548742700.00 ns, 16.7463 us/op
WorkloadActual  82: 32768 op, 558967700.00 ns, 17.0583 us/op
WorkloadActual  83: 32768 op, 549199600.00 ns, 16.7602 us/op
WorkloadActual  84: 32768 op, 636886800.00 ns, 19.4362 us/op
WorkloadActual  85: 32768 op, 584499100.00 ns, 17.8375 us/op
WorkloadActual  86: 32768 op, 557800200.00 ns, 17.0227 us/op
WorkloadActual  87: 32768 op, 555039600.00 ns, 16.9385 us/op
WorkloadActual  88: 32768 op, 548363600.00 ns, 16.7347 us/op
WorkloadActual  89: 32768 op, 547577100.00 ns, 16.7107 us/op
WorkloadActual  90: 32768 op, 551610900.00 ns, 16.8338 us/op
WorkloadActual  91: 32768 op, 553684200.00 ns, 16.8971 us/op
WorkloadActual  92: 32768 op, 568998500.00 ns, 17.3645 us/op
WorkloadActual  93: 32768 op, 550116000.00 ns, 16.7882 us/op
WorkloadActual  94: 32768 op, 545934800.00 ns, 16.6606 us/op
WorkloadActual  95: 32768 op, 549251300.00 ns, 16.7618 us/op
WorkloadActual  96: 32768 op, 546225400.00 ns, 16.6695 us/op
WorkloadActual  97: 32768 op, 544389000.00 ns, 16.6134 us/op
WorkloadActual  98: 32768 op, 559530300.00 ns, 17.0755 us/op
WorkloadActual  99: 32768 op, 545475800.00 ns, 16.6466 us/op
WorkloadActual  100: 32768 op, 548814000.00 ns, 16.7485 us/op

// AfterActualRun
WorkloadResult   1: 32768 op, 665835900.00 ns, 20.3197 us/op
WorkloadResult   2: 32768 op, 651449200.00 ns, 19.8807 us/op
WorkloadResult   3: 32768 op, 588080800.00 ns, 17.9468 us/op
WorkloadResult   4: 32768 op, 584237600.00 ns, 17.8295 us/op
WorkloadResult   5: 32768 op, 656419200.00 ns, 20.0323 us/op
WorkloadResult   6: 32768 op, 638180900.00 ns, 19.4757 us/op
WorkloadResult   7: 32768 op, 612975200.00 ns, 18.7065 us/op
WorkloadResult   8: 32768 op, 586667600.00 ns, 17.9037 us/op
WorkloadResult   9: 32768 op, 580730000.00 ns, 17.7225 us/op
WorkloadResult  10: 32768 op, 581033300.00 ns, 17.7317 us/op
WorkloadResult  11: 32768 op, 574752800.00 ns, 17.5401 us/op
WorkloadResult  12: 32768 op, 612776600.00 ns, 18.7005 us/op
WorkloadResult  13: 32768 op, 580469700.00 ns, 17.7145 us/op
WorkloadResult  14: 32768 op, 570388500.00 ns, 17.4069 us/op
WorkloadResult  15: 32768 op, 580984600.00 ns, 17.7302 us/op
WorkloadResult  16: 32768 op, 568197700.00 ns, 17.3400 us/op
WorkloadResult  17: 32768 op, 584625000.00 ns, 17.8413 us/op
WorkloadResult  18: 32768 op, 668305300.00 ns, 20.3951 us/op
WorkloadResult  19: 32768 op, 675493900.00 ns, 20.6144 us/op
WorkloadResult  20: 32768 op, 670387200.00 ns, 20.4586 us/op
WorkloadResult  21: 32768 op, 649833800.00 ns, 19.8314 us/op
WorkloadResult  22: 32768 op, 700734100.00 ns, 21.3847 us/op
WorkloadResult  23: 32768 op, 571395000.00 ns, 17.4376 us/op
WorkloadResult  24: 32768 op, 575797000.00 ns, 17.5719 us/op
WorkloadResult  25: 32768 op, 566872000.00 ns, 17.2996 us/op
WorkloadResult  26: 32768 op, 583340900.00 ns, 17.8022 us/op
WorkloadResult  27: 32768 op, 568949700.00 ns, 17.3630 us/op
WorkloadResult  28: 32768 op, 693430000.00 ns, 21.1618 us/op
WorkloadResult  29: 32768 op, 655573500.00 ns, 20.0065 us/op
WorkloadResult  30: 32768 op, 676436900.00 ns, 20.6432 us/op
WorkloadResult  31: 32768 op, 628528400.00 ns, 19.1812 us/op
WorkloadResult  32: 32768 op, 670894400.00 ns, 20.4741 us/op
WorkloadResult  33: 32768 op, 657587600.00 ns, 20.0680 us/op
WorkloadResult  34: 32768 op, 564497700.00 ns, 17.2271 us/op
WorkloadResult  35: 32768 op, 554669300.00 ns, 16.9272 us/op
WorkloadResult  36: 32768 op, 553669400.00 ns, 16.8966 us/op
WorkloadResult  37: 32768 op, 546500800.00 ns, 16.6779 us/op
WorkloadResult  38: 32768 op, 553683000.00 ns, 16.8971 us/op
WorkloadResult  39: 32768 op, 562309500.00 ns, 17.1603 us/op
WorkloadResult  40: 32768 op, 614139100.00 ns, 18.7420 us/op
WorkloadResult  41: 32768 op, 573684500.00 ns, 17.5075 us/op
WorkloadResult  42: 32768 op, 581275300.00 ns, 17.7391 us/op
WorkloadResult  43: 32768 op, 568694300.00 ns, 17.3552 us/op
WorkloadResult  44: 32768 op, 576949000.00 ns, 17.6071 us/op
WorkloadResult  45: 32768 op, 561270800.00 ns, 17.1286 us/op
WorkloadResult  46: 32768 op, 571717900.00 ns, 17.4474 us/op
WorkloadResult  47: 32768 op, 588107800.00 ns, 17.9476 us/op
WorkloadResult  48: 32768 op, 577090100.00 ns, 17.6114 us/op
WorkloadResult  49: 32768 op, 576276500.00 ns, 17.5866 us/op
WorkloadResult  50: 32768 op, 579243500.00 ns, 17.6771 us/op
WorkloadResult  51: 32768 op, 563699100.00 ns, 17.2027 us/op
WorkloadResult  52: 32768 op, 608343600.00 ns, 18.5652 us/op
WorkloadResult  53: 32768 op, 608918600.00 ns, 18.5827 us/op
WorkloadResult  54: 32768 op, 588345000.00 ns, 17.9549 us/op
WorkloadResult  55: 32768 op, 547668900.00 ns, 16.7135 us/op
WorkloadResult  56: 32768 op, 555440800.00 ns, 16.9507 us/op
WorkloadResult  57: 32768 op, 548151500.00 ns, 16.7283 us/op
WorkloadResult  58: 32768 op, 547084200.00 ns, 16.6957 us/op
WorkloadResult  59: 32768 op, 546565200.00 ns, 16.6798 us/op
WorkloadResult  60: 32768 op, 544812000.00 ns, 16.6263 us/op
WorkloadResult  61: 32768 op, 547125100.00 ns, 16.6969 us/op
WorkloadResult  62: 32768 op, 555602900.00 ns, 16.9557 us/op
WorkloadResult  63: 32768 op, 585949200.00 ns, 17.8818 us/op
WorkloadResult  64: 32768 op, 545088500.00 ns, 16.6348 us/op
WorkloadResult  65: 32768 op, 549978800.00 ns, 16.7840 us/op
WorkloadResult  66: 32768 op, 546041500.00 ns, 16.6639 us/op
WorkloadResult  67: 32768 op, 554358700.00 ns, 16.9177 us/op
WorkloadResult  68: 32768 op, 548617800.00 ns, 16.7425 us/op
WorkloadResult  69: 32768 op, 555993000.00 ns, 16.9676 us/op
WorkloadResult  70: 32768 op, 549615400.00 ns, 16.7729 us/op
WorkloadResult  71: 32768 op, 563674800.00 ns, 17.2020 us/op
WorkloadResult  72: 32768 op, 550632100.00 ns, 16.8040 us/op
WorkloadResult  73: 32768 op, 550674900.00 ns, 16.8053 us/op
WorkloadResult  74: 32768 op, 548629900.00 ns, 16.7429 us/op
WorkloadResult  75: 32768 op, 558854900.00 ns, 17.0549 us/op
WorkloadResult  76: 32768 op, 549086800.00 ns, 16.7568 us/op
WorkloadResult  77: 32768 op, 636774000.00 ns, 19.4328 us/op
WorkloadResult  78: 32768 op, 584386300.00 ns, 17.8341 us/op
WorkloadResult  79: 32768 op, 557687400.00 ns, 17.0193 us/op
WorkloadResult  80: 32768 op, 554926800.00 ns, 16.9350 us/op
WorkloadResult  81: 32768 op, 548250800.00 ns, 16.7313 us/op
WorkloadResult  82: 32768 op, 547464300.00 ns, 16.7073 us/op
WorkloadResult  83: 32768 op, 551498100.00 ns, 16.8304 us/op
WorkloadResult  84: 32768 op, 553571400.00 ns, 16.8937 us/op
WorkloadResult  85: 32768 op, 568885700.00 ns, 17.3610 us/op
WorkloadResult  86: 32768 op, 550003200.00 ns, 16.7848 us/op
WorkloadResult  87: 32768 op, 545822000.00 ns, 16.6572 us/op
WorkloadResult  88: 32768 op, 549138500.00 ns, 16.7584 us/op
WorkloadResult  89: 32768 op, 546112600.00 ns, 16.6660 us/op
WorkloadResult  90: 32768 op, 544276200.00 ns, 16.6100 us/op
WorkloadResult  91: 32768 op, 559417500.00 ns, 17.0721 us/op
WorkloadResult  92: 32768 op, 545363000.00 ns, 16.6432 us/op
WorkloadResult  93: 32768 op, 548701200.00 ns, 16.7450 us/op
// GC:  376 79 0 2361131008 32768
// Threading:  0 0 32768

// AfterAll
// Benchmark Process 19376 has exited with code 0.

Mean = 17.768 μs, StdErr = 0.130 μs (0.73%), N = 93, StdDev = 1.255 μs
Min = 16.610 μs, Q1 = 16.804 μs, Median = 17.361 μs, Q3 = 17.947 μs, Max = 21.385 μs
IQR = 1.143 μs, LowerFence = 15.090 μs, UpperFence = 19.661 μs
ConfidenceInterval = [17.326 μs; 18.210 μs] (CI 99.9%), Margin = 0.442 μs (2.49% of Mean)
Skewness = 1.3, Kurtosis = 3.53, MValue = 2.61

// ** Remained 2 (14,3 %) benchmark(s) to run. Estimated finish 2026-03-16 16:44 (0h 1m from now) **
Setup power plan (GUID: 8c5e7fda-e8bf-4a96-9a85-a6e23a8c635c FriendlyName: Alto rendimiento)
// **************************
// Benchmark: MapearOrdenBenchmark.LeerOrdenFr3_Actual: DefaultJob
// *** Execute ***
// Launch: 1 / 1
// Execute: dotnet BenchmarkSuite1-DefaultJob-1.dll --anonymousPipes 7888 3060 --benchmarkName CapaDatos.Benchmarks.MapearOrdenBenchmark.LeerOrdenFr3_Actual --job Default --benchmarkId 12 in C:\AOCR\AOCR\AOCR05-01-2026\AOCR1\AOCR\BenchmarkSuite1\bin\Release\net9.0\BenchmarkSuite1-DefaultJob-1\bin\Release\net9.0
// BeforeAnythingElse

// Benchmark Process Environment Information:
// BenchmarkDotNet v0.15.2
// Runtime=.NET 9.0.14 (9.0.1426.11910), X64 RyuJIT AVX2
// GC=Concurrent Workstation
// HardwareIntrinsics=AVX2,AES,BMI1,BMI2,FMA,LZCNT,PCLMUL,POPCNT VectorSize=256
// Job: DefaultJob

OverheadJitting  1: 1 op, 244600.00 ns, 244.6000 us/op
WorkloadJitting  1: 1 op, 1266000.00 ns, 1.2660 ms/op

OverheadJitting  2: 16 op, 810500.00 ns, 50.6563 us/op
WorkloadJitting  2: 16 op, 3146000.00 ns, 196.6250 us/op

WorkloadPilot    1: 16 op, 1832600.00 ns, 114.5375 us/op
WorkloadPilot    2: 32 op, 4236500.00 ns, 132.3906 us/op
WorkloadPilot    3: 64 op, 8490400.00 ns, 132.6625 us/op
WorkloadPilot    4: 128 op, 15100000.00 ns, 117.9688 us/op
WorkloadPilot    5: 256 op, 27062000.00 ns, 105.7109 us/op
WorkloadPilot    6: 512 op, 52451700.00 ns, 102.4447 us/op
WorkloadPilot    7: 1024 op, 83680800.00 ns, 81.7195 us/op
WorkloadPilot    8: 2048 op, 49155800.00 ns, 24.0019 us/op
WorkloadPilot    9: 4096 op, 97447600.00 ns, 23.7909 us/op
WorkloadPilot   10: 8192 op, 183782500.00 ns, 22.4344 us/op
WorkloadPilot   11: 16384 op, 353333500.00 ns, 21.5658 us/op
WorkloadPilot   12: 32768 op, 703978300.00 ns, 21.4837 us/op

OverheadWarmup   1: 32768 op, 114500.00 ns, 3.4943 ns/op
OverheadWarmup   2: 32768 op, 113500.00 ns, 3.4637 ns/op
OverheadWarmup   3: 32768 op, 114400.00 ns, 3.4912 ns/op
OverheadWarmup   4: 32768 op, 113600.00 ns, 3.4668 ns/op
OverheadWarmup   5: 32768 op, 114100.00 ns, 3.4821 ns/op
OverheadWarmup   6: 32768 op, 113500.00 ns, 3.4637 ns/op

OverheadActual   1: 32768 op, 114100.00 ns, 3.4821 ns/op
OverheadActual   2: 32768 op, 113500.00 ns, 3.4637 ns/op
OverheadActual   3: 32768 op, 114100.00 ns, 3.4821 ns/op
OverheadActual   4: 32768 op, 113500.00 ns, 3.4637 ns/op
OverheadActual   5: 32768 op, 114100.00 ns, 3.4821 ns/op
OverheadActual   6: 32768 op, 131200.00 ns, 4.0039 ns/op
OverheadActual   7: 32768 op, 114300.00 ns, 3.4882 ns/op
OverheadActual   8: 32768 op, 113500.00 ns, 3.4637 ns/op
OverheadActual   9: 32768 op, 114100.00 ns, 3.4821 ns/op
OverheadActual  10: 32768 op, 113500.00 ns, 3.4637 ns/op
OverheadActual  11: 32768 op, 114100.00 ns, 3.4821 ns/op
OverheadActual  12: 32768 op, 113500.00 ns, 3.4637 ns/op
OverheadActual  13: 32768 op, 114100.00 ns, 3.4821 ns/op
OverheadActual  14: 32768 op, 113500.00 ns, 3.4637 ns/op
OverheadActual  15: 32768 op, 114100.00 ns, 3.4821 ns/op

OverheadWarmup   1: 32768 op, 113500.00 ns, 3.4637 ns/op
OverheadWarmup   2: 32768 op, 114000.00 ns, 3.4790 ns/op
OverheadWarmup   3: 32768 op, 113500.00 ns, 3.4637 ns/op
OverheadWarmup   4: 32768 op, 114000.00 ns, 3.4790 ns/op
OverheadWarmup   5: 32768 op, 113500.00 ns, 3.4637 ns/op
OverheadWarmup   6: 32768 op, 114100.00 ns, 3.4821 ns/op

// BeforeActualRun
WorkloadActual   1: 32768 op, 811081300.00 ns, 24.7522 us/op
WorkloadActual   2: 32768 op, 733272700.00 ns, 22.3777 us/op
WorkloadActual   3: 32768 op, 724113000.00 ns, 22.0982 us/op
WorkloadActual   4: 32768 op, 722328000.00 ns, 22.0437 us/op
Successfully reverted power plan (GUID: 611cfc0b-4a76-421d-8fec-f3efc102b093 FriendlyName: Lenovo Default)
