// Validating benchmarks:
// ***** BenchmarkRunner: Start   *****
// ***** Found 24 benchmark(s) in total *****
// ***** Building 1 exe(s) in Parallel: Start   *****
// start dotnet  restore /p:UseSharedCompilation=false /p:BuildInParallel=false /m:1 /p:Deterministic=true /p:Optimize=true /p:ArtifactsPath="C:\AOCR\AOCR\AOCR05-01-2026\AOCR1\AOCR\BenchmarkSuite1\bin\Release\net9.0\BenchmarkSuite1-DefaultJob-1/" /p:OutDir="C:\AOCR\AOCR\AOCR05-01-2026\AOCR1\AOCR\BenchmarkSuite1\bin\Release\net9.0\BenchmarkSuite1-DefaultJob-1\bin\Release\net9.0/" /p:OutputPath="C:\AOCR\AOCR\AOCR05-01-2026\AOCR1\AOCR\BenchmarkSuite1\bin\Release\net9.0\BenchmarkSuite1-DefaultJob-1\bin\Release\net9.0/" /p:PublishDir="C:\AOCR\AOCR\AOCR05-01-2026\AOCR1\AOCR\BenchmarkSuite1\bin\Release\net9.0\BenchmarkSuite1-DefaultJob-1\publish/" in C:\AOCR\AOCR\AOCR05-01-2026\AOCR1\AOCR\BenchmarkSuite1\bin\Release\net9.0\BenchmarkSuite1-DefaultJob-1
// command took 0.99 sec and exited with 0
// start dotnet  build -c Release --no-restore /p:UseSharedCompilation=false /p:BuildInParallel=false /m:1 /p:Deterministic=true /p:Optimize=true /p:ArtifactsPath="C:\AOCR\AOCR\AOCR05-01-2026\AOCR1\AOCR\BenchmarkSuite1\bin\Release\net9.0\BenchmarkSuite1-DefaultJob-1/" /p:OutDir="C:\AOCR\AOCR\AOCR05-01-2026\AOCR1\AOCR\BenchmarkSuite1\bin\Release\net9.0\BenchmarkSuite1-DefaultJob-1\bin\Release\net9.0/" /p:OutputPath="C:\AOCR\AOCR\AOCR05-01-2026\AOCR1\AOCR\BenchmarkSuite1\bin\Release\net9.0\BenchmarkSuite1-DefaultJob-1\bin\Release\net9.0/" /p:PublishDir="C:\AOCR\AOCR\AOCR05-01-2026\AOCR1\AOCR\BenchmarkSuite1\bin\Release\net9.0\BenchmarkSuite1-DefaultJob-1\publish/" --output "C:\AOCR\AOCR\AOCR05-01-2026\AOCR1\AOCR\BenchmarkSuite1\bin\Release\net9.0\BenchmarkSuite1-DefaultJob-1\bin\Release\net9.0/" in C:\AOCR\AOCR\AOCR05-01-2026\AOCR1\AOCR\BenchmarkSuite1\bin\Release\net9.0\BenchmarkSuite1-DefaultJob-1
// command took 4.58 sec and exited with 0
// ***** Done, took 00:00:08 (8.12 sec)   *****
// Found 24 benchmarks:
//   MapearOrdenBenchmark.MapearOrden_Actual: DefaultJob
//   MapearOrdenBenchmark.MapearOrden_Optimizado: DefaultJob
//   MapearOrdenBenchmark.MapearDetalle_Actual: DefaultJob
//   MapearOrdenBenchmark.MapearDetalle_Optimizado: DefaultJob
//   MapearOrdenBenchmark.MapearPagoModel_Actual: DefaultJob
//   MapearOrdenBenchmark.MapearPagoModel_Optimizado: DefaultJob
//   MapearOrdenBenchmark.MapearPagoEntidad_Actual: DefaultJob
//   MapearOrdenBenchmark.MapearPagoEntidad_Optimizado: DefaultJob
//   MapearOrdenBenchmark.LeerOrdenTx_Actual: DefaultJob
//   MapearOrdenBenchmark.LeerOrdenTx_Optimizado: DefaultJob
//   MapearOrdenBenchmark.LeerOrdenMeta_Actual: DefaultJob
//   MapearOrdenBenchmark.LeerOrdenMeta_Optimizado: DefaultJob
//   MapearOrdenBenchmark.LeerOrdenFr3_Actual: DefaultJob
//   MapearOrdenBenchmark.LeerOrdenFr3_Optimizado: DefaultJob
//   MapearOrdenBenchmark.MapearViatico_Actual: DefaultJob
//   MapearOrdenBenchmark.MapearViatico_Optimizado: DefaultJob
//   MapearOrdenBenchmark.MapearLog_Actual: DefaultJob
//   MapearOrdenBenchmark.MapearLog_Optimizado: DefaultJob
//   MapearOrdenBenchmark.MapearAeronave_Actual: DefaultJob
//   MapearOrdenBenchmark.MapearAeronave_Optimizado: DefaultJob
//   MapearOrdenBenchmark.MapearEmpresa_Actual: DefaultJob
//   MapearOrdenBenchmark.MapearEmpresa_Optimizado: DefaultJob
//   MapearOrdenBenchmark.MapearMenu_Actual: DefaultJob
//   MapearOrdenBenchmark.MapearMenu_Optimizado: DefaultJob

Setup power plan (GUID: 8c5e7fda-e8bf-4a96-9a85-a6e23a8c635c FriendlyName: Alto rendimiento)
// **************************
// Benchmark: MapearOrdenBenchmark.MapearOrden_Actual: DefaultJob
// *** Execute ***
// Launch: 1 / 1
// Execute: dotnet BenchmarkSuite1-DefaultJob-1.dll --anonymousPipes 6924 4312 --benchmarkName CapaDatos.Benchmarks.MapearOrdenBenchmark.MapearOrden_Actual --job Default --benchmarkId 0 in C:\AOCR\AOCR\AOCR05-01-2026\AOCR1\AOCR\BenchmarkSuite1\bin\Release\net9.0\BenchmarkSuite1-DefaultJob-1\bin\Release\net9.0
// BeforeAnythingElse

// Benchmark Process Environment Information:
// BenchmarkDotNet v0.15.2
// Runtime=.NET 9.0.14 (9.0.1426.11910), X64 RyuJIT AVX2
// GC=Concurrent Workstation
// HardwareIntrinsics=AVX2,AES,BMI1,BMI2,FMA,LZCNT,PCLMUL,POPCNT VectorSize=256
// Job: DefaultJob

OverheadJitting  1: 1 op, 269300.00 ns, 269.3000 us/op
WorkloadJitting  1: 1 op, 3704300.00 ns, 3.7043 ms/op

OverheadJitting  2: 16 op, 491000.00 ns, 30.6875 us/op
WorkloadJitting  2: 16 op, 22048600.00 ns, 1.3780 ms/op

WorkloadPilot    1: 16 op, 21362200.00 ns, 1.3351 ms/op
WorkloadPilot    2: 32 op, 42380100.00 ns, 1.3244 ms/op
WorkloadPilot    3: 64 op, 88072800.00 ns, 1.3761 ms/op
WorkloadPilot    4: 128 op, 78358200.00 ns, 612.1734 us/op
WorkloadPilot    5: 256 op, 48113800.00 ns, 187.9445 us/op
WorkloadPilot    6: 512 op, 93367400.00 ns, 182.3582 us/op
WorkloadPilot    7: 1024 op, 193311000.00 ns, 188.7803 us/op
WorkloadPilot    8: 2048 op, 383464400.00 ns, 187.2385 us/op
WorkloadPilot    9: 4096 op, 763828000.00 ns, 186.4814 us/op

OverheadWarmup   1: 4096 op, 15800.00 ns, 3.8574 ns/op
OverheadWarmup   2: 4096 op, 15500.00 ns, 3.7842 ns/op
OverheadWarmup   3: 4096 op, 14900.00 ns, 3.6377 ns/op
OverheadWarmup   4: 4096 op, 14700.00 ns, 3.5889 ns/op
OverheadWarmup   5: 4096 op, 15400.00 ns, 3.7598 ns/op
OverheadWarmup   6: 4096 op, 14700.00 ns, 3.5889 ns/op
OverheadWarmup   7: 4096 op, 15300.00 ns, 3.7354 ns/op
OverheadWarmup   8: 4096 op, 14900.00 ns, 3.6377 ns/op

OverheadActual   1: 4096 op, 14700.00 ns, 3.5889 ns/op
OverheadActual   2: 4096 op, 14800.00 ns, 3.6133 ns/op
OverheadActual   3: 4096 op, 30300.00 ns, 7.3975 ns/op
OverheadActual   4: 4096 op, 33200.00 ns, 8.1055 ns/op
OverheadActual   5: 4096 op, 15600.00 ns, 3.8086 ns/op
OverheadActual   6: 4096 op, 15400.00 ns, 3.7598 ns/op
OverheadActual   7: 4096 op, 15300.00 ns, 3.7354 ns/op
OverheadActual   8: 4096 op, 18900.00 ns, 4.6143 ns/op
OverheadActual   9: 4096 op, 15400.00 ns, 3.7598 ns/op
OverheadActual  10: 4096 op, 15400.00 ns, 3.7598 ns/op
OverheadActual  11: 4096 op, 14800.00 ns, 3.6133 ns/op
OverheadActual  12: 4096 op, 15000.00 ns, 3.6621 ns/op
OverheadActual  13: 4096 op, 15200.00 ns, 3.7109 ns/op
OverheadActual  14: 4096 op, 14700.00 ns, 3.5889 ns/op
OverheadActual  15: 4096 op, 15200.00 ns, 3.7109 ns/op

OverheadWarmup   1: 4096 op, 14700.00 ns, 3.5889 ns/op
OverheadWarmup   2: 4096 op, 15300.00 ns, 3.7354 ns/op
OverheadWarmup   3: 4096 op, 14800.00 ns, 3.6133 ns/op
OverheadWarmup   4: 4096 op, 15300.00 ns, 3.7354 ns/op
OverheadWarmup   5: 4096 op, 14800.00 ns, 3.6133 ns/op
OverheadWarmup   6: 4096 op, 15400.00 ns, 3.7598 ns/op

// BeforeActualRun
WorkloadActual   1: 4096 op, 755052900.00 ns, 184.3391 us/op
WorkloadActual   2: 4096 op, 751010100.00 ns, 183.3521 us/op
WorkloadActual   3: 4096 op, 753801700.00 ns, 184.0336 us/op
WorkloadActual   4: 4096 op, 750176100.00 ns, 183.1485 us/op
WorkloadActual   5: 4096 op, 750978600.00 ns, 183.3444 us/op
WorkloadActual   6: 4096 op, 746572000.00 ns, 182.2686 us/op
WorkloadActual   7: 4096 op, 748965600.00 ns, 182.8529 us/op
WorkloadActual   8: 4096 op, 753285800.00 ns, 183.9077 us/op
WorkloadActual   9: 4096 op, 771736200.00 ns, 188.4122 us/op
WorkloadActual  10: 4096 op, 1031159300.00 ns, 251.7479 us/op
WorkloadActual  11: 4096 op, 767694800.00 ns, 187.4255 us/op
WorkloadActual  12: 4096 op, 771723400.00 ns, 188.4090 us/op
WorkloadActual  13: 4096 op, 769183700.00 ns, 187.7890 us/op
WorkloadActual  14: 4096 op, 771672000.00 ns, 188.3965 us/op
WorkloadActual  15: 4096 op, 781038200.00 ns, 190.6832 us/op

// AfterActualRun
WorkloadResult   1: 4096 op, 755037600.00 ns, 184.3354 us/op
WorkloadResult   2: 4096 op, 750994800.00 ns, 183.3483 us/op
WorkloadResult   3: 4096 op, 753786400.00 ns, 184.0299 us/op
WorkloadResult   4: 4096 op, 750160800.00 ns, 183.1447 us/op
WorkloadResult   5: 4096 op, 750963300.00 ns, 183.3406 us/op
WorkloadResult   6: 4096 op, 746556700.00 ns, 182.2648 us/op
WorkloadResult   7: 4096 op, 748950300.00 ns, 182.8492 us/op
WorkloadResult   8: 4096 op, 753270500.00 ns, 183.9039 us/op
WorkloadResult   9: 4096 op, 771720900.00 ns, 188.4084 us/op
WorkloadResult  10: 4096 op, 767679500.00 ns, 187.4218 us/op
WorkloadResult  11: 4096 op, 771708100.00 ns, 188.4053 us/op
WorkloadResult  12: 4096 op, 769168400.00 ns, 187.7853 us/op
WorkloadResult  13: 4096 op, 771656700.00 ns, 188.3927 us/op
WorkloadResult  14: 4096 op, 781022900.00 ns, 190.6794 us/op
// GC:  67 19 0 426213376 4096
// Threading:  0 0 4096

// AfterAll
// Benchmark Process 30176 has exited with code 0.

Mean = 185.594 μs, StdErr = 0.739 μs (0.40%), N = 14, StdDev = 2.764 μs
Min = 182.265 μs, Q1 = 183.343 μs, Median = 184.183 μs, Q3 = 188.241 μs, Max = 190.679 μs
IQR = 4.898 μs, LowerFence = 175.995 μs, UpperFence = 195.588 μs
ConfidenceInterval = [182.476 μs; 188.711 μs] (CI 99.9%), Margin = 3.117 μs (1.68% of Mean)
Skewness = 0.37, Kurtosis = 1.44, MValue = 2

// ** Remained 23 (95,8 %) benchmark(s) to run. Estimated finish 2026-03-17 9:06 (0h 6m from now) **
Setup power plan (GUID: 8c5e7fda-e8bf-4a96-9a85-a6e23a8c635c FriendlyName: Alto rendimiento)
// **************************
// Benchmark: MapearOrdenBenchmark.MapearOrden_Optimizado: DefaultJob
// *** Execute ***
// Launch: 1 / 1
// Execute: dotnet BenchmarkSuite1-DefaultJob-1.dll --anonymousPipes 4988 4944 --benchmarkName CapaDatos.Benchmarks.MapearOrdenBenchmark.MapearOrden_Optimizado --job Default --benchmarkId 1 in C:\AOCR\AOCR\AOCR05-01-2026\AOCR1\AOCR\BenchmarkSuite1\bin\Release\net9.0\BenchmarkSuite1-DefaultJob-1\bin\Release\net9.0
// BeforeAnythingElse

// Benchmark Process Environment Information:
// BenchmarkDotNet v0.15.2
// Runtime=.NET 9.0.14 (9.0.1426.11910), X64 RyuJIT AVX2
// GC=Concurrent Workstation
// HardwareIntrinsics=AVX2,AES,BMI1,BMI2,FMA,LZCNT,PCLMUL,POPCNT VectorSize=256
// Job: DefaultJob

OverheadJitting  1: 1 op, 171200.00 ns, 171.2000 us/op
WorkloadJitting  1: 1 op, 2618200.00 ns, 2.6182 ms/op

OverheadJitting  2: 16 op, 594300.00 ns, 37.1438 us/op
WorkloadJitting  2: 16 op, 15195200.00 ns, 949.7000 us/op

WorkloadPilot    1: 16 op, 15150100.00 ns, 946.8813 us/op
WorkloadPilot    2: 32 op, 28068900.00 ns, 877.1531 us/op
WorkloadPilot    3: 64 op, 57560200.00 ns, 899.3781 us/op
WorkloadPilot    4: 128 op, 98218400.00 ns, 767.3313 us/op
WorkloadPilot    5: 256 op, 26629100.00 ns, 104.0199 us/op
WorkloadPilot    6: 512 op, 53425600.00 ns, 104.3469 us/op
WorkloadPilot    7: 1024 op, 105645900.00 ns, 103.1698 us/op
WorkloadPilot    8: 2048 op, 214758800.00 ns, 104.8627 us/op
WorkloadPilot    9: 4096 op, 416957500.00 ns, 101.7963 us/op
WorkloadPilot   10: 8192 op, 826583300.00 ns, 100.9013 us/op

OverheadWarmup   1: 8192 op, 30700.00 ns, 3.7476 ns/op
OverheadWarmup   2: 8192 op, 29900.00 ns, 3.6499 ns/op
OverheadWarmup   3: 8192 op, 29700.00 ns, 3.6255 ns/op
OverheadWarmup   4: 8192 op, 29900.00 ns, 3.6499 ns/op
OverheadWarmup   5: 8192 op, 29800.00 ns, 3.6377 ns/op
OverheadWarmup   6: 8192 op, 29500.00 ns, 3.6011 ns/op
OverheadWarmup   7: 8192 op, 29600.00 ns, 3.6133 ns/op
OverheadWarmup   8: 8192 op, 30000.00 ns, 3.6621 ns/op
OverheadWarmup   9: 8192 op, 30400.00 ns, 3.7109 ns/op
OverheadWarmup  10: 8192 op, 29700.00 ns, 3.6255 ns/op

OverheadActual   1: 8192 op, 30000.00 ns, 3.6621 ns/op
OverheadActual   2: 8192 op, 29900.00 ns, 3.6499 ns/op
OverheadActual   3: 8192 op, 30400.00 ns, 3.7109 ns/op
OverheadActual   4: 8192 op, 29400.00 ns, 3.5889 ns/op
OverheadActual   5: 8192 op, 30100.00 ns, 3.6743 ns/op
OverheadActual   6: 8192 op, 29800.00 ns, 3.6377 ns/op
OverheadActual   7: 8192 op, 30200.00 ns, 3.6865 ns/op
OverheadActual   8: 8192 op, 30000.00 ns, 3.6621 ns/op
OverheadActual   9: 8192 op, 29600.00 ns, 3.6133 ns/op
OverheadActual  10: 8192 op, 29800.00 ns, 3.6377 ns/op
OverheadActual  11: 8192 op, 29900.00 ns, 3.6499 ns/op
OverheadActual  12: 8192 op, 29700.00 ns, 3.6255 ns/op
OverheadActual  13: 8192 op, 29900.00 ns, 3.6499 ns/op
OverheadActual  14: 8192 op, 29500.00 ns, 3.6011 ns/op
OverheadActual  15: 8192 op, 30100.00 ns, 3.6743 ns/op

OverheadWarmup   1: 8192 op, 29900.00 ns, 3.6499 ns/op
OverheadWarmup   2: 8192 op, 29600.00 ns, 3.6133 ns/op
OverheadWarmup   3: 8192 op, 29400.00 ns, 3.5889 ns/op
OverheadWarmup   4: 8192 op, 29700.00 ns, 3.6255 ns/op
OverheadWarmup   5: 8192 op, 29400.00 ns, 3.5889 ns/op
OverheadWarmup   6: 8192 op, 29600.00 ns, 3.6133 ns/op
OverheadWarmup   7: 8192 op, 29400.00 ns, 3.5889 ns/op

// BeforeActualRun
WorkloadActual   1: 8192 op, 808610400.00 ns, 98.7073 us/op
WorkloadActual   2: 8192 op, 837034300.00 ns, 102.1770 us/op
WorkloadActual   3: 8192 op, 813831200.00 ns, 99.3446 us/op
WorkloadActual   4: 8192 op, 802667900.00 ns, 97.9819 us/op
WorkloadActual   5: 8192 op, 819070200.00 ns, 99.9842 us/op
WorkloadActual   6: 8192 op, 819878900.00 ns, 100.0829 us/op
WorkloadActual   7: 8192 op, 822019800.00 ns, 100.3442 us/op
WorkloadActual   8: 8192 op, 793256700.00 ns, 96.8331 us/op
WorkloadActual   9: 8192 op, 817485600.00 ns, 99.7907 us/op
WorkloadActual  10: 8192 op, 809362700.00 ns, 98.7992 us/op
WorkloadActual  11: 8192 op, 800946900.00 ns, 97.7718 us/op
WorkloadActual  12: 8192 op, 796431600.00 ns, 97.2207 us/op
WorkloadActual  13: 8192 op, 804814800.00 ns, 98.2440 us/op
WorkloadActual  14: 8192 op, 867560200.00 ns, 105.9033 us/op
WorkloadActual  15: 8192 op, 1005771700.00 ns, 122.7749 us/op

// AfterActualRun
WorkloadResult   1: 8192 op, 808580500.00 ns, 98.7037 us/op
WorkloadResult   2: 8192 op, 837004400.00 ns, 102.1734 us/op
WorkloadResult   3: 8192 op, 813801300.00 ns, 99.3410 us/op
WorkloadResult   4: 8192 op, 802638000.00 ns, 97.9783 us/op
WorkloadResult   5: 8192 op, 819040300.00 ns, 99.9805 us/op
WorkloadResult   6: 8192 op, 819849000.00 ns, 100.0792 us/op
WorkloadResult   7: 8192 op, 821989900.00 ns, 100.3406 us/op
WorkloadResult   8: 8192 op, 793226800.00 ns, 96.8294 us/op
WorkloadResult   9: 8192 op, 817455700.00 ns, 99.7871 us/op
WorkloadResult  10: 8192 op, 809332800.00 ns, 98.7955 us/op
WorkloadResult  11: 8192 op, 800917000.00 ns, 97.7682 us/op
WorkloadResult  12: 8192 op, 796401700.00 ns, 97.2170 us/op
WorkloadResult  13: 8192 op, 804784900.00 ns, 98.2403 us/op
// GC:  135 38 0 852426752 8192
// Threading:  0 0 8192

// AfterAll
// Benchmark Process 28452 has exited with code 0.

Mean = 99.018 μs, StdErr = 0.407 μs (0.41%), N = 13, StdDev = 1.469 μs
Min = 96.829 μs, Q1 = 97.978 μs, Median = 98.796 μs, Q3 = 99.981 μs, Max = 102.173 μs
IQR = 2.002 μs, LowerFence = 94.975 μs, UpperFence = 102.984 μs
ConfidenceInterval = [97.259 μs; 100.777 μs] (CI 99.9%), Margin = 1.759 μs (1.78% of Mean)
Skewness = 0.4, Kurtosis = 2.35, MValue = 2

// ** Remained 22 (91,7 %) benchmark(s) to run. Estimated finish 2026-03-17 9:06 (0h 6m from now) **
Setup power plan (GUID: 8c5e7fda-e8bf-4a96-9a85-a6e23a8c635c FriendlyName: Alto rendimiento)
// **************************
// Benchmark: MapearOrdenBenchmark.MapearDetalle_Actual: DefaultJob
// *** Execute ***
// Launch: 1 / 1
// Execute: dotnet BenchmarkSuite1-DefaultJob-1.dll --anonymousPipes 4988 4944 --benchmarkName CapaDatos.Benchmarks.MapearOrdenBenchmark.MapearDetalle_Actual --job Default --benchmarkId 2 in C:\AOCR\AOCR\AOCR05-01-2026\AOCR1\AOCR\BenchmarkSuite1\bin\Release\net9.0\BenchmarkSuite1-DefaultJob-1\bin\Release\net9.0
// BeforeAnythingElse

// Benchmark Process Environment Information:
// BenchmarkDotNet v0.15.2
// Runtime=.NET 9.0.14 (9.0.1426.11910), X64 RyuJIT AVX2
// GC=Concurrent Workstation
// HardwareIntrinsics=AVX2,AES,BMI1,BMI2,FMA,LZCNT,PCLMUL,POPCNT VectorSize=256
// Job: DefaultJob

OverheadJitting  1: 1 op, 1857200.00 ns, 1.8572 ms/op
WorkloadJitting  1: 1 op, 2046500.00 ns, 2.0465 ms/op

OverheadJitting  2: 16 op, 501400.00 ns, 31.3375 us/op
WorkloadJitting  2: 16 op, 11772300.00 ns, 735.7688 us/op

WorkloadPilot    1: 16 op, 11138400.00 ns, 696.1500 us/op
WorkloadPilot    2: 32 op, 21445400.00 ns, 670.1688 us/op
WorkloadPilot    3: 64 op, 46438300.00 ns, 725.5984 us/op
WorkloadPilot    4: 128 op, 84311400.00 ns, 658.6828 us/op
WorkloadPilot    5: 256 op, 60485100.00 ns, 236.2699 us/op
WorkloadPilot    6: 512 op, 57628800.00 ns, 112.5563 us/op
WorkloadPilot    7: 1024 op, 109284100.00 ns, 106.7228 us/op
WorkloadPilot    8: 2048 op, 214336500.00 ns, 104.6565 us/op
WorkloadPilot    9: 4096 op, 537788800.00 ns, 131.2961 us/op

OverheadWarmup   1: 4096 op, 119200.00 ns, 29.1016 ns/op
OverheadWarmup   2: 4096 op, 29000.00 ns, 7.0801 ns/op
OverheadWarmup   3: 4096 op, 15100.00 ns, 3.6865 ns/op
OverheadWarmup   4: 4096 op, 15000.00 ns, 3.6621 ns/op
OverheadWarmup   5: 4096 op, 60600.00 ns, 14.7949 ns/op
OverheadWarmup   6: 4096 op, 14700.00 ns, 3.5889 ns/op
OverheadWarmup   7: 4096 op, 14600.00 ns, 3.5645 ns/op
OverheadWarmup   8: 4096 op, 15600.00 ns, 3.8086 ns/op
OverheadWarmup   9: 4096 op, 31500.00 ns, 7.6904 ns/op
OverheadWarmup  10: 4096 op, 14600.00 ns, 3.5645 ns/op

OverheadActual   1: 4096 op, 16000.00 ns, 3.9063 ns/op
OverheadActual   2: 4096 op, 15000.00 ns, 3.6621 ns/op
OverheadActual   3: 4096 op, 14700.00 ns, 3.5889 ns/op
OverheadActual   4: 4096 op, 14400.00 ns, 3.5156 ns/op
OverheadActual   5: 4096 op, 23200.00 ns, 5.6641 ns/op
OverheadActual   6: 4096 op, 24300.00 ns, 5.9326 ns/op
OverheadActual   7: 4096 op, 28700.00 ns, 7.0068 ns/op
OverheadActual   8: 4096 op, 52800.00 ns, 12.8906 ns/op
OverheadActual   9: 4096 op, 33600.00 ns, 8.2031 ns/op
OverheadActual  10: 4096 op, 15100.00 ns, 3.6865 ns/op
OverheadActual  11: 4096 op, 15700.00 ns, 3.8330 ns/op
OverheadActual  12: 4096 op, 15300.00 ns, 3.7354 ns/op
OverheadActual  13: 4096 op, 14600.00 ns, 3.5645 ns/op
OverheadActual  14: 4096 op, 15600.00 ns, 3.8086 ns/op
OverheadActual  15: 4096 op, 14700.00 ns, 3.5889 ns/op
OverheadActual  16: 4096 op, 15600.00 ns, 3.8086 ns/op
OverheadActual  17: 4096 op, 14700.00 ns, 3.5889 ns/op
OverheadActual  18: 4096 op, 14800.00 ns, 3.6133 ns/op
OverheadActual  19: 4096 op, 15600.00 ns, 3.8086 ns/op
OverheadActual  20: 4096 op, 39400.00 ns, 9.6191 ns/op

OverheadWarmup   1: 4096 op, 14500.00 ns, 3.5400 ns/op
OverheadWarmup   2: 4096 op, 15600.00 ns, 3.8086 ns/op
OverheadWarmup   3: 4096 op, 15500.00 ns, 3.7842 ns/op
OverheadWarmup   4: 4096 op, 14400.00 ns, 3.5156 ns/op
OverheadWarmup   5: 4096 op, 14800.00 ns, 3.6133 ns/op
OverheadWarmup   6: 4096 op, 14700.00 ns, 3.5889 ns/op

// BeforeActualRun
WorkloadActual   1: 4096 op, 362047200.00 ns, 88.3904 us/op
WorkloadActual   2: 4096 op, 353218400.00 ns, 86.2350 us/op
WorkloadActual   3: 4096 op, 357748200.00 ns, 87.3409 us/op
WorkloadActual   4: 4096 op, 361056900.00 ns, 88.1487 us/op
WorkloadActual   5: 4096 op, 362409800.00 ns, 88.4790 us/op
WorkloadActual   6: 4096 op, 390534100.00 ns, 95.3452 us/op
WorkloadActual   7: 4096 op, 352811600.00 ns, 86.1356 us/op
WorkloadActual   8: 4096 op, 353456400.00 ns, 86.2931 us/op
WorkloadActual   9: 4096 op, 359781300.00 ns, 87.8372 us/op
WorkloadActual  10: 4096 op, 358826800.00 ns, 87.6042 us/op
WorkloadActual  11: 4096 op, 367023700.00 ns, 89.6054 us/op
WorkloadActual  12: 4096 op, 379123500.00 ns, 92.5594 us/op
WorkloadActual  13: 4096 op, 353563600.00 ns, 86.3192 us/op
WorkloadActual  14: 4096 op, 367366900.00 ns, 89.6892 us/op
WorkloadActual  15: 4096 op, 353681400.00 ns, 86.3480 us/op
WorkloadActual  16: 4096 op, 351090100.00 ns, 85.7154 us/op
WorkloadActual  17: 4096 op, 350884900.00 ns, 85.6653 us/op

// AfterActualRun
WorkloadResult   1: 4096 op, 362031600.00 ns, 88.3866 us/op
WorkloadResult   2: 4096 op, 353202800.00 ns, 86.2312 us/op
WorkloadResult   3: 4096 op, 357732600.00 ns, 87.3371 us/op
WorkloadResult   4: 4096 op, 361041300.00 ns, 88.1448 us/op
WorkloadResult   5: 4096 op, 362394200.00 ns, 88.4751 us/op
WorkloadResult   6: 4096 op, 352796000.00 ns, 86.1318 us/op
WorkloadResult   7: 4096 op, 353440800.00 ns, 86.2893 us/op
WorkloadResult   8: 4096 op, 359765700.00 ns, 87.8334 us/op
WorkloadResult   9: 4096 op, 358811200.00 ns, 87.6004 us/op
WorkloadResult  10: 4096 op, 367008100.00 ns, 89.6016 us/op
WorkloadResult  11: 4096 op, 353548000.00 ns, 86.3154 us/op
WorkloadResult  12: 4096 op, 367351300.00 ns, 89.6854 us/op
WorkloadResult  13: 4096 op, 353665800.00 ns, 86.3442 us/op
WorkloadResult  14: 4096 op, 351074500.00 ns, 85.7115 us/op
WorkloadResult  15: 4096 op, 350869300.00 ns, 85.6615 us/op
// GC:  49 11 0 311525376 4096
// Threading:  0 0 4096

// AfterAll
// Benchmark Process 7720 has exited with code 0.

Mean = 87.317 μs, StdErr = 0.347 μs (0.40%), N = 15, StdDev = 1.343 μs
Min = 85.661 μs, Q1 = 86.260 μs, Median = 87.337 μs, Q3 = 88.266 μs, Max = 89.685 μs
IQR = 2.006 μs, LowerFence = 83.252 μs, UpperFence = 91.274 μs
ConfidenceInterval = [85.881 μs; 88.752 μs] (CI 99.9%), Margin = 1.436 μs (1.64% of Mean)
Skewness = 0.39, Kurtosis = 1.7, MValue = 2

// ** Remained 21 (87,5 %) benchmark(s) to run. Estimated finish 2026-03-17 9:06 (0h 5m from now) **
Setup power plan (GUID: 8c5e7fda-e8bf-4a96-9a85-a6e23a8c635c FriendlyName: Alto rendimiento)
// **************************
// Benchmark: MapearOrdenBenchmark.MapearDetalle_Optimizado: DefaultJob
// *** Execute ***
// Launch: 1 / 1
// Execute: dotnet BenchmarkSuite1-DefaultJob-1.dll --anonymousPipes 4336 6512 --benchmarkName CapaDatos.Benchmarks.MapearOrdenBenchmark.MapearDetalle_Optimizado --job Default --benchmarkId 3 in C:\AOCR\AOCR\AOCR05-01-2026\AOCR1\AOCR\BenchmarkSuite1\bin\Release\net9.0\BenchmarkSuite1-DefaultJob-1\bin\Release\net9.0
// BeforeAnythingElse

// Benchmark Process Environment Information:
// BenchmarkDotNet v0.15.2
// Runtime=.NET 9.0.14 (9.0.1426.11910), X64 RyuJIT AVX2
// GC=Concurrent Workstation
// HardwareIntrinsics=AVX2,AES,BMI1,BMI2,FMA,LZCNT,PCLMUL,POPCNT VectorSize=256
// Job: DefaultJob

OverheadJitting  1: 1 op, 9475800.00 ns, 9.4758 ms/op
WorkloadJitting  1: 1 op, 1875600.00 ns, 1.8756 ms/op

OverheadJitting  2: 16 op, 499000.00 ns, 31.1875 us/op
WorkloadJitting  2: 16 op, 8565200.00 ns, 535.3250 us/op

WorkloadPilot    1: 16 op, 7797800.00 ns, 487.3625 us/op
WorkloadPilot    2: 32 op, 14996600.00 ns, 468.6438 us/op
WorkloadPilot    3: 64 op, 30688200.00 ns, 479.5031 us/op
WorkloadPilot    4: 128 op, 58279700.00 ns, 455.3102 us/op
WorkloadPilot    5: 256 op, 93072200.00 ns, 363.5633 us/op
WorkloadPilot    6: 512 op, 31852000.00 ns, 62.2109 us/op
WorkloadPilot    7: 1024 op, 63191300.00 ns, 61.7103 us/op
WorkloadPilot    8: 2048 op, 125913400.00 ns, 61.4812 us/op
WorkloadPilot    9: 4096 op, 252384100.00 ns, 61.6172 us/op
WorkloadPilot   10: 8192 op, 485325600.00 ns, 59.2438 us/op
WorkloadPilot   11: 16384 op, 970122400.00 ns, 59.2116 us/op

OverheadWarmup   1: 16384 op, 56100.00 ns, 3.4241 ns/op
OverheadWarmup   2: 16384 op, 80700.00 ns, 4.9255 ns/op
OverheadWarmup   3: 16384 op, 55600.00 ns, 3.3936 ns/op
OverheadWarmup   4: 16384 op, 55900.00 ns, 3.4119 ns/op
OverheadWarmup   5: 16384 op, 85100.00 ns, 5.1941 ns/op
OverheadWarmup   6: 16384 op, 55400.00 ns, 3.3813 ns/op

OverheadActual   1: 16384 op, 55500.00 ns, 3.3875 ns/op
OverheadActual   2: 16384 op, 55700.00 ns, 3.3997 ns/op
OverheadActual   3: 16384 op, 56100.00 ns, 3.4241 ns/op
OverheadActual   4: 16384 op, 55600.00 ns, 3.3936 ns/op
OverheadActual   5: 16384 op, 55800.00 ns, 3.4058 ns/op
OverheadActual   6: 16384 op, 55300.00 ns, 3.3752 ns/op
OverheadActual   7: 16384 op, 56400.00 ns, 3.4424 ns/op
OverheadActual   8: 16384 op, 55200.00 ns, 3.3691 ns/op
OverheadActual   9: 16384 op, 55200.00 ns, 3.3691 ns/op
OverheadActual  10: 16384 op, 55500.00 ns, 3.3875 ns/op
OverheadActual  11: 16384 op, 55900.00 ns, 3.4119 ns/op
OverheadActual  12: 16384 op, 55600.00 ns, 3.3936 ns/op
OverheadActual  13: 16384 op, 55400.00 ns, 3.3813 ns/op
OverheadActual  14: 16384 op, 55800.00 ns, 3.4058 ns/op
OverheadActual  15: 16384 op, 90500.00 ns, 5.5237 ns/op

OverheadWarmup   1: 16384 op, 55400.00 ns, 3.3813 ns/op
OverheadWarmup   2: 16384 op, 55300.00 ns, 3.3752 ns/op
OverheadWarmup   3: 16384 op, 56300.00 ns, 3.4363 ns/op
OverheadWarmup   4: 16384 op, 82500.00 ns, 5.0354 ns/op
OverheadWarmup   5: 16384 op, 82200.00 ns, 5.0171 ns/op
OverheadWarmup   6: 16384 op, 55500.00 ns, 3.3875 ns/op
OverheadWarmup   7: 16384 op, 56600.00 ns, 3.4546 ns/op
OverheadWarmup   8: 16384 op, 66700.00 ns, 4.0710 ns/op
OverheadWarmup   9: 16384 op, 55900.00 ns, 3.4119 ns/op

// BeforeActualRun
WorkloadActual   1: 16384 op, 983490000.00 ns, 60.0275 us/op
WorkloadActual   2: 16384 op, 986572400.00 ns, 60.2156 us/op
WorkloadActual   3: 16384 op, 989729600.00 ns, 60.4083 us/op
WorkloadActual   4: 16384 op, 982070900.00 ns, 59.9409 us/op
WorkloadActual   5: 16384 op, 982902700.00 ns, 59.9916 us/op
WorkloadActual   6: 16384 op, 982147900.00 ns, 59.9456 us/op
WorkloadActual   7: 16384 op, 978108200.00 ns, 59.6990 us/op
WorkloadActual   8: 16384 op, 982402400.00 ns, 59.9611 us/op
WorkloadActual   9: 16384 op, 984239600.00 ns, 60.0732 us/op
WorkloadActual  10: 16384 op, 983717000.00 ns, 60.0413 us/op
WorkloadActual  11: 16384 op, 1037292600.00 ns, 63.3113 us/op
WorkloadActual  12: 16384 op, 1045503300.00 ns, 63.8125 us/op
WorkloadActual  13: 16384 op, 993936700.00 ns, 60.6651 us/op
WorkloadActual  14: 16384 op, 992114300.00 ns, 60.5539 us/op
WorkloadActual  15: 16384 op, 992325800.00 ns, 60.5668 us/op

// AfterActualRun
WorkloadResult   1: 16384 op, 983434400.00 ns, 60.0241 us/op
WorkloadResult   2: 16384 op, 986516800.00 ns, 60.2122 us/op
WorkloadResult   3: 16384 op, 989674000.00 ns, 60.4049 us/op
WorkloadResult   4: 16384 op, 982015300.00 ns, 59.9375 us/op
WorkloadResult   5: 16384 op, 982847100.00 ns, 59.9882 us/op
WorkloadResult   6: 16384 op, 982092300.00 ns, 59.9422 us/op
WorkloadResult   7: 16384 op, 978052600.00 ns, 59.6956 us/op
WorkloadResult   8: 16384 op, 982346800.00 ns, 59.9577 us/op
WorkloadResult   9: 16384 op, 984184000.00 ns, 60.0698 us/op
WorkloadResult  10: 16384 op, 983661400.00 ns, 60.0379 us/op
WorkloadResult  11: 16384 op, 993881100.00 ns, 60.6617 us/op
WorkloadResult  12: 16384 op, 992058700.00 ns, 60.5505 us/op
WorkloadResult  13: 16384 op, 992270200.00 ns, 60.5634 us/op
// GC:  198 47 0 1246101504 16384
// Threading:  0 0 16384

// AfterAll
// Benchmark Process 27720 has exited with code 0.

Mean = 60.157 μs, StdErr = 0.082 μs (0.14%), N = 13, StdDev = 0.296 μs
Min = 59.696 μs, Q1 = 59.958 μs, Median = 60.038 μs, Q3 = 60.405 μs, Max = 60.662 μs
IQR = 0.447 μs, LowerFence = 59.287 μs, UpperFence = 61.076 μs
ConfidenceInterval = [59.802 μs; 60.512 μs] (CI 99.9%), Margin = 0.355 μs (0.59% of Mean)
Skewness = 0.4, Kurtosis = 1.72, MValue = 2

// ** Remained 20 (83,3 %) benchmark(s) to run. Estimated finish 2026-03-17 9:06 (0h 6m from now) **
Setup power plan (GUID: 8c5e7fda-e8bf-4a96-9a85-a6e23a8c635c FriendlyName: Alto rendimiento)
// **************************
// Benchmark: MapearOrdenBenchmark.MapearPagoModel_Actual: DefaultJob
// *** Execute ***
// Launch: 1 / 1
// Execute: dotnet BenchmarkSuite1-DefaultJob-1.dll --anonymousPipes 6768 6508 --benchmarkName CapaDatos.Benchmarks.MapearOrdenBenchmark.MapearPagoModel_Actual --job Default --benchmarkId 4 in C:\AOCR\AOCR\AOCR05-01-2026\AOCR1\AOCR\BenchmarkSuite1\bin\Release\net9.0\BenchmarkSuite1-DefaultJob-1\bin\Release\net9.0
// BeforeAnythingElse

// Benchmark Process Environment Information:
// BenchmarkDotNet v0.15.2
// Runtime=.NET 9.0.14 (9.0.1426.11910), X64 RyuJIT AVX2
// GC=Concurrent Workstation
// HardwareIntrinsics=AVX2,AES,BMI1,BMI2,FMA,LZCNT,PCLMUL,POPCNT VectorSize=256
// Job: DefaultJob

OverheadJitting  1: 1 op, 177500.00 ns, 177.5000 us/op
WorkloadJitting  1: 1 op, 2563000.00 ns, 2.5630 ms/op

OverheadJitting  2: 16 op, 513500.00 ns, 32.0938 us/op
WorkloadJitting  2: 16 op, 14394100.00 ns, 899.6313 us/op

WorkloadPilot    1: 16 op, 13892200.00 ns, 868.2625 us/op
WorkloadPilot    2: 32 op, 27096000.00 ns, 846.7500 us/op
WorkloadPilot    3: 64 op, 56166900.00 ns, 877.6078 us/op
WorkloadPilot    4: 128 op, 102102200.00 ns, 797.6734 us/op
WorkloadPilot    5: 256 op, 39797300.00 ns, 155.4582 us/op
WorkloadPilot    6: 512 op, 64732700.00 ns, 126.4311 us/op
WorkloadPilot    7: 1024 op, 128165300.00 ns, 125.1614 us/op
WorkloadPilot    8: 2048 op, 257999600.00 ns, 125.9764 us/op
WorkloadPilot    9: 4096 op, 513903000.00 ns, 125.4646 us/op

OverheadWarmup   1: 4096 op, 15900.00 ns, 3.8818 ns/op
OverheadWarmup   2: 4096 op, 15300.00 ns, 3.7354 ns/op
OverheadWarmup   3: 4096 op, 15000.00 ns, 3.6621 ns/op
OverheadWarmup   4: 4096 op, 15100.00 ns, 3.6865 ns/op
OverheadWarmup   5: 4096 op, 15100.00 ns, 3.6865 ns/op
OverheadWarmup   6: 4096 op, 15200.00 ns, 3.7109 ns/op
OverheadWarmup   7: 4096 op, 15300.00 ns, 3.7354 ns/op
OverheadWarmup   8: 4096 op, 15000.00 ns, 3.6621 ns/op

OverheadActual   1: 4096 op, 15100.00 ns, 3.6865 ns/op
OverheadActual   2: 4096 op, 15200.00 ns, 3.7109 ns/op
OverheadActual   3: 4096 op, 15600.00 ns, 3.8086 ns/op
OverheadActual   4: 4096 op, 15100.00 ns, 3.6865 ns/op
OverheadActual   5: 4096 op, 15000.00 ns, 3.6621 ns/op
OverheadActual   6: 4096 op, 15300.00 ns, 3.7354 ns/op
OverheadActual   7: 4096 op, 15000.00 ns, 3.6621 ns/op
OverheadActual   8: 4096 op, 15200.00 ns, 3.7109 ns/op
OverheadActual   9: 4096 op, 15600.00 ns, 3.8086 ns/op
OverheadActual  10: 4096 op, 15000.00 ns, 3.6621 ns/op
OverheadActual  11: 4096 op, 15100.00 ns, 3.6865 ns/op
OverheadActual  12: 4096 op, 15100.00 ns, 3.6865 ns/op
OverheadActual  13: 4096 op, 15100.00 ns, 3.6865 ns/op
OverheadActual  14: 4096 op, 15200.00 ns, 3.7109 ns/op
OverheadActual  15: 4096 op, 15200.00 ns, 3.7109 ns/op

OverheadWarmup   1: 4096 op, 15000.00 ns, 3.6621 ns/op
OverheadWarmup   2: 4096 op, 15200.00 ns, 3.7109 ns/op
OverheadWarmup   3: 4096 op, 15200.00 ns, 3.7109 ns/op
OverheadWarmup   4: 4096 op, 15000.00 ns, 3.6621 ns/op
OverheadWarmup   5: 4096 op, 15100.00 ns, 3.6865 ns/op
OverheadWarmup   6: 4096 op, 15100.00 ns, 3.6865 ns/op

// BeforeActualRun
WorkloadActual   1: 4096 op, 521241700.00 ns, 127.2563 us/op
WorkloadActual   2: 4096 op, 507467300.00 ns, 123.8934 us/op
WorkloadActual   3: 4096 op, 510879100.00 ns, 124.7263 us/op
WorkloadActual   4: 4096 op, 508481700.00 ns, 124.1410 us/op
WorkloadActual   5: 4096 op, 509744500.00 ns, 124.4493 us/op
WorkloadActual   6: 4096 op, 507118000.00 ns, 123.8081 us/op
WorkloadActual   7: 4096 op, 510476100.00 ns, 124.6280 us/op
WorkloadActual   8: 4096 op, 508646100.00 ns, 124.1812 us/op
WorkloadActual   9: 4096 op, 512731800.00 ns, 125.1787 us/op
WorkloadActual  10: 4096 op, 515497800.00 ns, 125.8540 us/op
WorkloadActual  11: 4096 op, 516856900.00 ns, 126.1858 us/op
WorkloadActual  12: 4096 op, 525131400.00 ns, 128.2059 us/op
WorkloadActual  13: 4096 op, 521974600.00 ns, 127.4352 us/op
WorkloadActual  14: 4096 op, 522252400.00 ns, 127.5030 us/op
WorkloadActual  15: 4096 op, 519592100.00 ns, 126.8535 us/op

// AfterActualRun
WorkloadResult   1: 4096 op, 521226600.00 ns, 127.2526 us/op
WorkloadResult   2: 4096 op, 507452200.00 ns, 123.8897 us/op
WorkloadResult   3: 4096 op, 510864000.00 ns, 124.7227 us/op
WorkloadResult   4: 4096 op, 508466600.00 ns, 124.1374 us/op
WorkloadResult   5: 4096 op, 509729400.00 ns, 124.4457 us/op
WorkloadResult   6: 4096 op, 507102900.00 ns, 123.8044 us/op
WorkloadResult   7: 4096 op, 510461000.00 ns, 124.6243 us/op
WorkloadResult   8: 4096 op, 508631000.00 ns, 124.1775 us/op
WorkloadResult   9: 4096 op, 512716700.00 ns, 125.1750 us/op
WorkloadResult  10: 4096 op, 515482700.00 ns, 125.8503 us/op
WorkloadResult  11: 4096 op, 516841800.00 ns, 126.1821 us/op
WorkloadResult  12: 4096 op, 525116300.00 ns, 128.2022 us/op
WorkloadResult  13: 4096 op, 521959500.00 ns, 127.4315 us/op
WorkloadResult  14: 4096 op, 522237300.00 ns, 127.4993 us/op
WorkloadResult  15: 4096 op, 519577000.00 ns, 126.8499 us/op
// GC:  49 11 0 311525376 4096
// Threading:  0 0 4096

// AfterAll
// Benchmark Process 28908 has exited with code 0.

Mean = 125.616 μs, StdErr = 0.390 μs (0.31%), N = 15, StdDev = 1.511 μs
Min = 123.804 μs, Q1 = 124.312 μs, Median = 125.175 μs, Q3 = 127.051 μs, Max = 128.202 μs
IQR = 2.740 μs, LowerFence = 120.202 μs, UpperFence = 131.161 μs
ConfidenceInterval = [124.001 μs; 127.232 μs] (CI 99.9%), Margin = 1.616 μs (1.29% of Mean)
Skewness = 0.3, Kurtosis = 1.41, MValue = 2

// ** Remained 19 (79,2 %) benchmark(s) to run. Estimated finish 2026-03-17 9:06 (0h 5m from now) **
Setup power plan (GUID: 8c5e7fda-e8bf-4a96-9a85-a6e23a8c635c FriendlyName: Alto rendimiento)
// **************************
// Benchmark: MapearOrdenBenchmark.MapearPagoModel_Optimizado: DefaultJob
// *** Execute ***
// Launch: 1 / 1
// Execute: dotnet BenchmarkSuite1-DefaultJob-1.dll --anonymousPipes 5896 6760 --benchmarkName CapaDatos.Benchmarks.MapearOrdenBenchmark.MapearPagoModel_Optimizado --job Default --benchmarkId 5 in C:\AOCR\AOCR\AOCR05-01-2026\AOCR1\AOCR\BenchmarkSuite1\bin\Release\net9.0\BenchmarkSuite1-DefaultJob-1\bin\Release\net9.0
// BeforeAnythingElse

// Benchmark Process Environment Information:
// BenchmarkDotNet v0.15.2
// Runtime=.NET 9.0.14 (9.0.1426.11910), X64 RyuJIT AVX2
// GC=Concurrent Workstation
// HardwareIntrinsics=AVX2,AES,BMI1,BMI2,FMA,LZCNT,PCLMUL,POPCNT VectorSize=256
// Job: DefaultJob

OverheadJitting  1: 1 op, 690400.00 ns, 690.4000 us/op
WorkloadJitting  1: 1 op, 2078300.00 ns, 2.0783 ms/op

OverheadJitting  2: 16 op, 490600.00 ns, 30.6625 us/op
WorkloadJitting  2: 16 op, 9524100.00 ns, 595.2563 us/op

WorkloadPilot    1: 16 op, 8779800.00 ns, 548.7375 us/op
WorkloadPilot    2: 32 op, 17273300.00 ns, 539.7906 us/op
WorkloadPilot    3: 64 op, 34539600.00 ns, 539.6813 us/op
WorkloadPilot    4: 128 op, 67914400.00 ns, 530.5813 us/op
WorkloadPilot    5: 256 op, 79772400.00 ns, 311.6109 us/op
WorkloadPilot    6: 512 op, 49645800.00 ns, 96.9645 us/op
WorkloadPilot    7: 1024 op, 80957500.00 ns, 79.0601 us/op
WorkloadPilot    8: 2048 op, 154336500.00 ns, 75.3596 us/op
WorkloadPilot    9: 4096 op, 308292500.00 ns, 75.2667 us/op
WorkloadPilot   10: 8192 op, 600218900.00 ns, 73.2689 us/op

OverheadWarmup   1: 8192 op, 33500.00 ns, 4.0894 ns/op
OverheadWarmup   2: 8192 op, 30700.00 ns, 3.7476 ns/op
OverheadWarmup   3: 8192 op, 29000.00 ns, 3.5400 ns/op
OverheadWarmup   4: 8192 op, 29200.00 ns, 3.5645 ns/op
OverheadWarmup   5: 8192 op, 28700.00 ns, 3.5034 ns/op
OverheadWarmup   6: 8192 op, 28800.00 ns, 3.5156 ns/op
OverheadWarmup   7: 8192 op, 29100.00 ns, 3.5522 ns/op
OverheadWarmup   8: 8192 op, 29400.00 ns, 3.5889 ns/op
OverheadWarmup   9: 8192 op, 29800.00 ns, 3.6377 ns/op
OverheadWarmup  10: 8192 op, 29000.00 ns, 3.5400 ns/op

OverheadActual   1: 8192 op, 30400.00 ns, 3.7109 ns/op
OverheadActual   2: 8192 op, 34300.00 ns, 4.1870 ns/op
OverheadActual   3: 8192 op, 28700.00 ns, 3.5034 ns/op
OverheadActual   4: 8192 op, 29300.00 ns, 3.5767 ns/op
OverheadActual   5: 8192 op, 29200.00 ns, 3.5645 ns/op
OverheadActual   6: 8192 op, 29000.00 ns, 3.5400 ns/op
OverheadActual   7: 8192 op, 30400.00 ns, 3.7109 ns/op
OverheadActual   8: 8192 op, 29000.00 ns, 3.5400 ns/op
OverheadActual   9: 8192 op, 29300.00 ns, 3.5767 ns/op
OverheadActual  10: 8192 op, 29400.00 ns, 3.5889 ns/op
OverheadActual  11: 8192 op, 33800.00 ns, 4.1260 ns/op
OverheadActual  12: 8192 op, 28800.00 ns, 3.5156 ns/op
OverheadActual  13: 8192 op, 41500.00 ns, 5.0659 ns/op
OverheadActual  14: 8192 op, 28900.00 ns, 3.5278 ns/op
OverheadActual  15: 8192 op, 30100.00 ns, 3.6743 ns/op

OverheadWarmup   1: 8192 op, 29300.00 ns, 3.5767 ns/op
OverheadWarmup   2: 8192 op, 29000.00 ns, 3.5400 ns/op
OverheadWarmup   3: 8192 op, 30400.00 ns, 3.7109 ns/op
OverheadWarmup   4: 8192 op, 28900.00 ns, 3.5278 ns/op
OverheadWarmup   5: 8192 op, 29300.00 ns, 3.5767 ns/op
OverheadWarmup   6: 8192 op, 29100.00 ns, 3.5522 ns/op

// BeforeActualRun
WorkloadActual   1: 8192 op, 675951300.00 ns, 82.5136 us/op
WorkloadActual   2: 8192 op, 643206000.00 ns, 78.5164 us/op
WorkloadActual   3: 8192 op, 795058800.00 ns, 97.0531 us/op
WorkloadActual   4: 8192 op, 677203600.00 ns, 82.6665 us/op
WorkloadActual   5: 8192 op, 675942700.00 ns, 82.5125 us/op
WorkloadActual   6: 8192 op, 841708900.00 ns, 102.7477 us/op
WorkloadActual   7: 8192 op, 613705200.00 ns, 74.9152 us/op
WorkloadActual   8: 8192 op, 609529400.00 ns, 74.4054 us/op
WorkloadActual   9: 8192 op, 610135000.00 ns, 74.4794 us/op
WorkloadActual  10: 8192 op, 609143700.00 ns, 74.3584 us/op
WorkloadActual  11: 8192 op, 624762500.00 ns, 76.2650 us/op
WorkloadActual  12: 8192 op, 619080700.00 ns, 75.5714 us/op
WorkloadActual  13: 8192 op, 613112200.00 ns, 74.8428 us/op
WorkloadActual  14: 8192 op, 624618700.00 ns, 76.2474 us/op
WorkloadActual  15: 8192 op, 644784400.00 ns, 78.7090 us/op
WorkloadActual  16: 8192 op, 954743800.00 ns, 116.5459 us/op
WorkloadActual  17: 8192 op, 619817500.00 ns, 75.6613 us/op
WorkloadActual  18: 8192 op, 619050700.00 ns, 75.5677 us/op
WorkloadActual  19: 8192 op, 628714500.00 ns, 76.7474 us/op
WorkloadActual  20: 8192 op, 615091800.00 ns, 75.0844 us/op
WorkloadActual  21: 8192 op, 628378600.00 ns, 76.7064 us/op
WorkloadActual  22: 8192 op, 749034400.00 ns, 91.4349 us/op
WorkloadActual  23: 8192 op, 642369500.00 ns, 78.4142 us/op
WorkloadActual  24: 8192 op, 611256600.00 ns, 74.6163 us/op
WorkloadActual  25: 8192 op, 621813700.00 ns, 75.9050 us/op
WorkloadActual  26: 8192 op, 608407600.00 ns, 74.2685 us/op
WorkloadActual  27: 8192 op, 615391700.00 ns, 75.1211 us/op
WorkloadActual  28: 8192 op, 614343300.00 ns, 74.9931 us/op
WorkloadActual  29: 8192 op, 610659600.00 ns, 74.5434 us/op
WorkloadActual  30: 8192 op, 612604300.00 ns, 74.7808 us/op
WorkloadActual  31: 8192 op, 612976400.00 ns, 74.8262 us/op
WorkloadActual  32: 8192 op, 614165000.00 ns, 74.9713 us/op
WorkloadActual  33: 8192 op, 606602900.00 ns, 74.0482 us/op
WorkloadActual  34: 8192 op, 608945700.00 ns, 74.3342 us/op
WorkloadActual  35: 8192 op, 607427900.00 ns, 74.1489 us/op
WorkloadActual  36: 8192 op, 606598900.00 ns, 74.0477 us/op
WorkloadActual  37: 8192 op, 606924800.00 ns, 74.0875 us/op
WorkloadActual  38: 8192 op, 613706300.00 ns, 74.9153 us/op

// AfterActualRun
WorkloadResult   1: 8192 op, 675922000.00 ns, 82.5100 us/op
WorkloadResult   2: 8192 op, 643176700.00 ns, 78.5128 us/op
WorkloadResult   3: 8192 op, 677174300.00 ns, 82.6629 us/op
WorkloadResult   4: 8192 op, 675913400.00 ns, 82.5090 us/op
WorkloadResult   5: 8192 op, 613675900.00 ns, 74.9116 us/op
WorkloadResult   6: 8192 op, 609500100.00 ns, 74.4019 us/op
WorkloadResult   7: 8192 op, 610105700.00 ns, 74.4758 us/op
WorkloadResult   8: 8192 op, 609114400.00 ns, 74.3548 us/op
WorkloadResult   9: 8192 op, 624733200.00 ns, 76.2614 us/op
WorkloadResult  10: 8192 op, 619051400.00 ns, 75.5678 us/op
WorkloadResult  11: 8192 op, 613082900.00 ns, 74.8392 us/op
WorkloadResult  12: 8192 op, 624589400.00 ns, 76.2438 us/op
WorkloadResult  13: 8192 op, 644755100.00 ns, 78.7055 us/op
WorkloadResult  14: 8192 op, 619788200.00 ns, 75.6577 us/op
WorkloadResult  15: 8192 op, 619021400.00 ns, 75.5641 us/op
WorkloadResult  16: 8192 op, 628685200.00 ns, 76.7438 us/op
WorkloadResult  17: 8192 op, 615062500.00 ns, 75.0809 us/op
WorkloadResult  18: 8192 op, 628349300.00 ns, 76.7028 us/op
WorkloadResult  19: 8192 op, 642340200.00 ns, 78.4107 us/op
WorkloadResult  20: 8192 op, 611227300.00 ns, 74.6127 us/op
WorkloadResult  21: 8192 op, 621784400.00 ns, 75.9014 us/op
WorkloadResult  22: 8192 op, 608378300.00 ns, 74.2649 us/op
WorkloadResult  23: 8192 op, 615362400.00 ns, 75.1175 us/op
WorkloadResult  24: 8192 op, 614314000.00 ns, 74.9895 us/op
WorkloadResult  25: 8192 op, 610630300.00 ns, 74.5398 us/op
WorkloadResult  26: 8192 op, 612575000.00 ns, 74.7772 us/op
WorkloadResult  27: 8192 op, 612947100.00 ns, 74.8226 us/op
WorkloadResult  28: 8192 op, 614135700.00 ns, 74.9677 us/op
WorkloadResult  29: 8192 op, 606573600.00 ns, 74.0446 us/op
WorkloadResult  30: 8192 op, 608916400.00 ns, 74.3306 us/op
WorkloadResult  31: 8192 op, 607398600.00 ns, 74.1453 us/op
WorkloadResult  32: 8192 op, 606569600.00 ns, 74.0441 us/op
WorkloadResult  33: 8192 op, 606895500.00 ns, 74.0839 us/op
WorkloadResult  34: 8192 op, 613677000.00 ns, 74.9117 us/op
// GC:  99 23 0 623050752 8192
// Threading:  0 0 8192

// AfterAll
// Benchmark Process 13328 has exited with code 0.

Mean = 75.990 μs, StdErr = 0.414 μs (0.55%), N = 34, StdDev = 2.417 μs
Min = 74.044 μs, Q1 = 74.492 μs, Median = 74.979 μs, Q3 = 76.257 μs, Max = 82.663 μs
IQR = 1.765 μs, LowerFence = 71.844 μs, UpperFence = 78.905 μs
ConfidenceInterval = [74.494 μs; 77.487 μs] (CI 99.9%), Margin = 1.497 μs (1.97% of Mean)
Skewness = 1.74, Kurtosis = 5.03, MValue = 2

// ** Remained 18 (75,0 %) benchmark(s) to run. Estimated finish 2026-03-17 9:07 (0h 6m from now) **
Setup power plan (GUID: 8c5e7fda-e8bf-4a96-9a85-a6e23a8c635c FriendlyName: Alto rendimiento)
// **************************
// Benchmark: MapearOrdenBenchmark.MapearPagoEntidad_Actual: DefaultJob
// *** Execute ***
// Launch: 1 / 1
// Execute: dotnet BenchmarkSuite1-DefaultJob-1.dll --anonymousPipes 3692 3696 --benchmarkName CapaDatos.Benchmarks.MapearOrdenBenchmark.MapearPagoEntidad_Actual --job Default --benchmarkId 6 in C:\AOCR\AOCR\AOCR05-01-2026\AOCR1\AOCR\BenchmarkSuite1\bin\Release\net9.0\BenchmarkSuite1-DefaultJob-1\bin\Release\net9.0
// BeforeAnythingElse

// Benchmark Process Environment Information:
// BenchmarkDotNet v0.15.2
// Runtime=.NET 9.0.14 (9.0.1426.11910), X64 RyuJIT AVX2
// GC=Concurrent Workstation
// HardwareIntrinsics=AVX2,AES,BMI1,BMI2,FMA,LZCNT,PCLMUL,POPCNT VectorSize=256
// Job: DefaultJob

OverheadJitting  1: 1 op, 789400.00 ns, 789.4000 us/op
WorkloadJitting  1: 1 op, 2445400.00 ns, 2.4454 ms/op

OverheadJitting  2: 16 op, 490600.00 ns, 30.6625 us/op
WorkloadJitting  2: 16 op, 13942200.00 ns, 871.3875 us/op

WorkloadPilot    1: 16 op, 12682600.00 ns, 792.6625 us/op
WorkloadPilot    2: 32 op, 25840400.00 ns, 807.5125 us/op
WorkloadPilot    3: 64 op, 48134200.00 ns, 752.0969 us/op
WorkloadPilot    4: 128 op, 95286600.00 ns, 744.4266 us/op
WorkloadPilot    5: 256 op, 47902400.00 ns, 187.1188 us/op
WorkloadPilot    6: 512 op, 57013100.00 ns, 111.3537 us/op
WorkloadPilot    7: 1024 op, 113460500.00 ns, 110.8013 us/op
WorkloadPilot    8: 2048 op, 230065100.00 ns, 112.3365 us/op
WorkloadPilot    9: 4096 op, 455345100.00 ns, 111.1682 us/op
WorkloadPilot   10: 8192 op, 885525400.00 ns, 108.0964 us/op

OverheadWarmup   1: 8192 op, 30500.00 ns, 3.7231 ns/op
OverheadWarmup   2: 8192 op, 29700.00 ns, 3.6255 ns/op
OverheadWarmup   3: 8192 op, 29700.00 ns, 3.6255 ns/op
OverheadWarmup   4: 8192 op, 29600.00 ns, 3.6133 ns/op
OverheadWarmup   5: 8192 op, 29600.00 ns, 3.6133 ns/op
OverheadWarmup   6: 8192 op, 29900.00 ns, 3.6499 ns/op

OverheadActual   1: 8192 op, 29900.00 ns, 3.6499 ns/op
OverheadActual   2: 8192 op, 30000.00 ns, 3.6621 ns/op
OverheadActual   3: 8192 op, 30800.00 ns, 3.7598 ns/op
OverheadActual   4: 8192 op, 29600.00 ns, 3.6133 ns/op
OverheadActual   5: 8192 op, 29700.00 ns, 3.6255 ns/op
OverheadActual   6: 8192 op, 29900.00 ns, 3.6499 ns/op
OverheadActual   7: 8192 op, 29700.00 ns, 3.6255 ns/op
OverheadActual   8: 8192 op, 40600.00 ns, 4.9561 ns/op
OverheadActual   9: 8192 op, 29600.00 ns, 3.6133 ns/op
OverheadActual  10: 8192 op, 29400.00 ns, 3.5889 ns/op
OverheadActual  11: 8192 op, 30500.00 ns, 3.7231 ns/op
OverheadActual  12: 8192 op, 29700.00 ns, 3.6255 ns/op
OverheadActual  13: 8192 op, 29500.00 ns, 3.6011 ns/op
OverheadActual  14: 8192 op, 29800.00 ns, 3.6377 ns/op
OverheadActual  15: 8192 op, 29200.00 ns, 3.5645 ns/op

OverheadWarmup   1: 8192 op, 29500.00 ns, 3.6011 ns/op
OverheadWarmup   2: 8192 op, 30300.00 ns, 3.6987 ns/op
OverheadWarmup   3: 8192 op, 29800.00 ns, 3.6377 ns/op
OverheadWarmup   4: 8192 op, 29900.00 ns, 3.6499 ns/op
OverheadWarmup   5: 8192 op, 29700.00 ns, 3.6255 ns/op
OverheadWarmup   6: 8192 op, 29500.00 ns, 3.6011 ns/op

// BeforeActualRun
WorkloadActual   1: 8192 op, 917240200.00 ns, 111.9678 us/op
WorkloadActual   2: 8192 op, 924508200.00 ns, 112.8550 us/op
WorkloadActual   3: 8192 op, 911755300.00 ns, 111.2983 us/op
WorkloadActual   4: 8192 op, 978239100.00 ns, 119.4140 us/op
WorkloadActual   5: 8192 op, 972785900.00 ns, 118.7483 us/op
WorkloadActual   6: 8192 op, 930041300.00 ns, 113.5304 us/op
WorkloadActual   7: 8192 op, 941210700.00 ns, 114.8939 us/op
WorkloadActual   8: 8192 op, 941117600.00 ns, 114.8825 us/op
WorkloadActual   9: 8192 op, 905225200.00 ns, 110.5011 us/op
WorkloadActual  10: 8192 op, 950786700.00 ns, 116.0628 us/op
WorkloadActual  11: 8192 op, 924249700.00 ns, 112.8234 us/op
WorkloadActual  12: 8192 op, 934185700.00 ns, 114.0363 us/op
WorkloadActual  13: 8192 op, 963722900.00 ns, 117.6420 us/op
WorkloadActual  14: 8192 op, 949698600.00 ns, 115.9300 us/op
WorkloadActual  15: 8192 op, 971821200.00 ns, 118.6305 us/op
WorkloadActual  16: 8192 op, 959759900.00 ns, 117.1582 us/op
WorkloadActual  17: 8192 op, 930285400.00 ns, 113.5602 us/op
WorkloadActual  18: 8192 op, 907818700.00 ns, 110.8177 us/op
WorkloadActual  19: 8192 op, 899379900.00 ns, 109.7876 us/op
WorkloadActual  20: 8192 op, 903621700.00 ns, 110.3054 us/op
WorkloadActual  21: 8192 op, 900959400.00 ns, 109.9804 us/op
WorkloadActual  22: 8192 op, 904145700.00 ns, 110.3693 us/op
WorkloadActual  23: 8192 op, 912234800.00 ns, 111.3568 us/op
WorkloadActual  24: 8192 op, 929492500.00 ns, 113.4634 us/op
WorkloadActual  25: 8192 op, 939940800.00 ns, 114.7389 us/op

// AfterActualRun
WorkloadResult   1: 8192 op, 917210500.00 ns, 111.9642 us/op
WorkloadResult   2: 8192 op, 924478500.00 ns, 112.8514 us/op
WorkloadResult   3: 8192 op, 911725600.00 ns, 111.2946 us/op
WorkloadResult   4: 8192 op, 978209400.00 ns, 119.4103 us/op
WorkloadResult   5: 8192 op, 972756200.00 ns, 118.7447 us/op
WorkloadResult   6: 8192 op, 930011600.00 ns, 113.5268 us/op
WorkloadResult   7: 8192 op, 941181000.00 ns, 114.8903 us/op
WorkloadResult   8: 8192 op, 941087900.00 ns, 114.8789 us/op
WorkloadResult   9: 8192 op, 905195500.00 ns, 110.4975 us/op
WorkloadResult  10: 8192 op, 950757000.00 ns, 116.0592 us/op
WorkloadResult  11: 8192 op, 924220000.00 ns, 112.8198 us/op
WorkloadResult  12: 8192 op, 934156000.00 ns, 114.0327 us/op
WorkloadResult  13: 8192 op, 963693200.00 ns, 117.6383 us/op
WorkloadResult  14: 8192 op, 949668900.00 ns, 115.9264 us/op
WorkloadResult  15: 8192 op, 971791500.00 ns, 118.6269 us/op
WorkloadResult  16: 8192 op, 959730200.00 ns, 117.1546 us/op
WorkloadResult  17: 8192 op, 930255700.00 ns, 113.5566 us/op
WorkloadResult  18: 8192 op, 907789000.00 ns, 110.8141 us/op
WorkloadResult  19: 8192 op, 899350200.00 ns, 109.7840 us/op
WorkloadResult  20: 8192 op, 903592000.00 ns, 110.3018 us/op
WorkloadResult  21: 8192 op, 900929700.00 ns, 109.9768 us/op
WorkloadResult  22: 8192 op, 904116000.00 ns, 110.3657 us/op
WorkloadResult  23: 8192 op, 912205100.00 ns, 111.3532 us/op
WorkloadResult  24: 8192 op, 929462800.00 ns, 113.4598 us/op
WorkloadResult  25: 8192 op, 939911100.00 ns, 114.7352 us/op
// GC:  83 15 0 524746752 8192
// Threading:  0 0 8192

// AfterAll
// Benchmark Process 37356 has exited with code 0.

Mean = 113.787 μs, StdErr = 0.592 μs (0.52%), N = 25, StdDev = 2.961 μs
Min = 109.784 μs, Q1 = 111.295 μs, Median = 113.527 μs, Q3 = 115.926 μs, Max = 119.410 μs
IQR = 4.632 μs, LowerFence = 104.347 μs, UpperFence = 122.874 μs
ConfidenceInterval = [111.568 μs; 116.005 μs] (CI 99.9%), Margin = 2.218 μs (1.95% of Mean)
Skewness = 0.36, Kurtosis = 1.87, MValue = 2

// ** Remained 17 (70,8 %) benchmark(s) to run. Estimated finish 2026-03-17 9:08 (0h 6m from now) **
Setup power plan (GUID: 8c5e7fda-e8bf-4a96-9a85-a6e23a8c635c FriendlyName: Alto rendimiento)
// **************************
// Benchmark: MapearOrdenBenchmark.MapearPagoEntidad_Optimizado: DefaultJob
// *** Execute ***
// Launch: 1 / 1
// Execute: dotnet BenchmarkSuite1-DefaultJob-1.dll --anonymousPipes 4368 4348 --benchmarkName CapaDatos.Benchmarks.MapearOrdenBenchmark.MapearPagoEntidad_Optimizado --job Default --benchmarkId 7 in C:\AOCR\AOCR\AOCR05-01-2026\AOCR1\AOCR\BenchmarkSuite1\bin\Release\net9.0\BenchmarkSuite1-DefaultJob-1\bin\Release\net9.0
// BeforeAnythingElse

// Benchmark Process Environment Information:
// BenchmarkDotNet v0.15.2
// Runtime=.NET 9.0.14 (9.0.1426.11910), X64 RyuJIT AVX2
// GC=Concurrent Workstation
// HardwareIntrinsics=AVX2,AES,BMI1,BMI2,FMA,LZCNT,PCLMUL,POPCNT VectorSize=256
// Job: DefaultJob

OverheadJitting  1: 1 op, 568000.00 ns, 568.0000 us/op
WorkloadJitting  1: 1 op, 1955200.00 ns, 1.9552 ms/op

OverheadJitting  2: 16 op, 482300.00 ns, 30.1438 us/op
WorkloadJitting  2: 16 op, 8736400.00 ns, 546.0250 us/op

WorkloadPilot    1: 16 op, 8046600.00 ns, 502.9125 us/op
WorkloadPilot    2: 32 op, 16599400.00 ns, 518.7313 us/op
WorkloadPilot    3: 64 op, 31453900.00 ns, 491.4672 us/op
WorkloadPilot    4: 128 op, 62418100.00 ns, 487.6414 us/op
WorkloadPilot    5: 256 op, 95457000.00 ns, 372.8789 us/op
WorkloadPilot    6: 512 op, 38394400.00 ns, 74.9891 us/op
WorkloadPilot    7: 1024 op, 75914700.00 ns, 74.1354 us/op
WorkloadPilot    8: 2048 op, 154067300.00 ns, 75.2282 us/op
WorkloadPilot    9: 4096 op, 331799700.00 ns, 81.0058 us/op
WorkloadPilot   10: 8192 op, 700710900.00 ns, 85.5360 us/op

OverheadWarmup   1: 8192 op, 30000.00 ns, 3.6621 ns/op
OverheadWarmup   2: 8192 op, 29100.00 ns, 3.5522 ns/op
OverheadWarmup   3: 8192 op, 29300.00 ns, 3.5767 ns/op
OverheadWarmup   4: 8192 op, 41800.00 ns, 5.1025 ns/op
OverheadWarmup   5: 8192 op, 64100.00 ns, 7.8247 ns/op
OverheadWarmup   6: 8192 op, 57700.00 ns, 7.0435 ns/op
OverheadWarmup   7: 8192 op, 71400.00 ns, 8.7158 ns/op
OverheadWarmup   8: 8192 op, 70400.00 ns, 8.5938 ns/op

OverheadActual   1: 8192 op, 50700.00 ns, 6.1890 ns/op
OverheadActual   2: 8192 op, 30400.00 ns, 3.7109 ns/op
OverheadActual   3: 8192 op, 29000.00 ns, 3.5400 ns/op
OverheadActual   4: 8192 op, 29500.00 ns, 3.6011 ns/op
OverheadActual   5: 8192 op, 29200.00 ns, 3.5645 ns/op
OverheadActual   6: 8192 op, 29200.00 ns, 3.5645 ns/op
OverheadActual   7: 8192 op, 30000.00 ns, 3.6621 ns/op
OverheadActual   8: 8192 op, 28700.00 ns, 3.5034 ns/op
OverheadActual   9: 8192 op, 29900.00 ns, 3.6499 ns/op
OverheadActual  10: 8192 op, 29200.00 ns, 3.5645 ns/op
OverheadActual  11: 8192 op, 28700.00 ns, 3.5034 ns/op
OverheadActual  12: 8192 op, 28900.00 ns, 3.5278 ns/op
OverheadActual  13: 8192 op, 29200.00 ns, 3.5645 ns/op
OverheadActual  14: 8192 op, 29400.00 ns, 3.5889 ns/op
OverheadActual  15: 8192 op, 30000.00 ns, 3.6621 ns/op

OverheadWarmup   1: 8192 op, 29600.00 ns, 3.6133 ns/op
OverheadWarmup   2: 8192 op, 29800.00 ns, 3.6377 ns/op
OverheadWarmup   3: 8192 op, 62600.00 ns, 7.6416 ns/op
OverheadWarmup   4: 8192 op, 42800.00 ns, 5.2246 ns/op
OverheadWarmup   5: 8192 op, 35200.00 ns, 4.2969 ns/op
OverheadWarmup   6: 8192 op, 29900.00 ns, 3.6499 ns/op
OverheadWarmup   7: 8192 op, 29400.00 ns, 3.5889 ns/op
OverheadWarmup   8: 8192 op, 30000.00 ns, 3.6621 ns/op
OverheadWarmup   9: 8192 op, 29300.00 ns, 3.5767 ns/op

// BeforeActualRun
WorkloadActual   1: 8192 op, 592268600.00 ns, 72.2984 us/op
WorkloadActual   2: 8192 op, 588781800.00 ns, 71.8728 us/op
WorkloadActual   3: 8192 op, 585001500.00 ns, 71.4113 us/op
WorkloadActual   4: 8192 op, 578009200.00 ns, 70.5578 us/op
WorkloadActual   5: 8192 op, 578944900.00 ns, 70.6720 us/op
WorkloadActual   6: 8192 op, 584475200.00 ns, 71.3471 us/op
WorkloadActual   7: 8192 op, 583777000.00 ns, 71.2618 us/op
WorkloadActual   8: 8192 op, 577089300.00 ns, 70.4455 us/op
WorkloadActual   9: 8192 op, 590014800.00 ns, 72.0233 us/op
WorkloadActual  10: 8192 op, 581099400.00 ns, 70.9350 us/op
WorkloadActual  11: 8192 op, 589615100.00 ns, 71.9745 us/op
WorkloadActual  12: 8192 op, 713011600.00 ns, 87.0375 us/op
WorkloadActual  13: 8192 op, 705141500.00 ns, 86.0768 us/op
WorkloadActual  14: 8192 op, 598116500.00 ns, 73.0123 us/op
WorkloadActual  15: 8192 op, 583031100.00 ns, 71.1708 us/op

// AfterActualRun
WorkloadResult   1: 8192 op, 592239400.00 ns, 72.2948 us/op
WorkloadResult   2: 8192 op, 588752600.00 ns, 71.8692 us/op
WorkloadResult   3: 8192 op, 584972300.00 ns, 71.4078 us/op
WorkloadResult   4: 8192 op, 577980000.00 ns, 70.5542 us/op
WorkloadResult   5: 8192 op, 578915700.00 ns, 70.6684 us/op
WorkloadResult   6: 8192 op, 584446000.00 ns, 71.3435 us/op
WorkloadResult   7: 8192 op, 583747800.00 ns, 71.2583 us/op
WorkloadResult   8: 8192 op, 577060100.00 ns, 70.4419 us/op
WorkloadResult   9: 8192 op, 589985600.00 ns, 72.0197 us/op
WorkloadResult  10: 8192 op, 581070200.00 ns, 70.9314 us/op
WorkloadResult  11: 8192 op, 589585900.00 ns, 71.9709 us/op
WorkloadResult  12: 8192 op, 598087300.00 ns, 73.0087 us/op
WorkloadResult  13: 8192 op, 583001900.00 ns, 71.1672 us/op
// GC:  83 15 0 524746752 8192
// Threading:  0 0 8192

// AfterAll
// Benchmark Process 30460 has exited with code 0.

Mean = 71.457 μs, StdErr = 0.208 μs (0.29%), N = 13, StdDev = 0.750 μs
Min = 70.442 μs, Q1 = 70.931 μs, Median = 71.344 μs, Q3 = 71.971 μs, Max = 73.009 μs
IQR = 1.040 μs, LowerFence = 69.372 μs, UpperFence = 73.530 μs
ConfidenceInterval = [70.559 μs; 72.354 μs] (CI 99.9%), Margin = 0.898 μs (1.26% of Mean)
Skewness = 0.41, Kurtosis = 2.12, MValue = 2

// ** Remained 16 (66,7 %) benchmark(s) to run. Estimated finish 2026-03-17 9:07 (0h 5m from now) **
Setup power plan (GUID: 8c5e7fda-e8bf-4a96-9a85-a6e23a8c635c FriendlyName: Alto rendimiento)
// **************************
// Benchmark: MapearOrdenBenchmark.LeerOrdenTx_Actual: DefaultJob
// *** Execute ***
// Launch: 1 / 1
// Execute: dotnet BenchmarkSuite1-DefaultJob-1.dll --anonymousPipes 6764 7344 --benchmarkName CapaDatos.Benchmarks.MapearOrdenBenchmark.LeerOrdenTx_Actual --job Default --benchmarkId 8 in C:\AOCR\AOCR\AOCR05-01-2026\AOCR1\AOCR\BenchmarkSuite1\bin\Release\net9.0\BenchmarkSuite1-DefaultJob-1\bin\Release\net9.0
// BeforeAnythingElse

// Benchmark Process Environment Information:
// BenchmarkDotNet v0.15.2
// Runtime=.NET 9.0.14 (9.0.1426.11910), X64 RyuJIT AVX2
// GC=Concurrent Workstation
// HardwareIntrinsics=AVX2,AES,BMI1,BMI2,FMA,LZCNT,PCLMUL,POPCNT VectorSize=256
// Job: DefaultJob

OverheadJitting  1: 1 op, 171900.00 ns, 171.9000 us/op
WorkloadJitting  1: 1 op, 1453400.00 ns, 1.4534 ms/op

OverheadJitting  2: 16 op, 476800.00 ns, 29.8000 us/op
WorkloadJitting  2: 16 op, 5973600.00 ns, 373.3500 us/op

WorkloadPilot    1: 16 op, 5192400.00 ns, 324.5250 us/op
WorkloadPilot    2: 32 op, 11078600.00 ns, 346.2063 us/op
WorkloadPilot    3: 64 op, 20087900.00 ns, 313.8734 us/op
WorkloadPilot    4: 128 op, 40581300.00 ns, 317.0414 us/op
WorkloadPilot    5: 256 op, 75671800.00 ns, 295.5930 us/op
WorkloadPilot    6: 512 op, 83967900.00 ns, 163.9998 us/op
WorkloadPilot    7: 1024 op, 60630300.00 ns, 59.2093 us/op
WorkloadPilot    8: 2048 op, 115122000.00 ns, 56.2119 us/op
WorkloadPilot    9: 4096 op, 230152800.00 ns, 56.1896 us/op
WorkloadPilot   10: 8192 op, 447497800.00 ns, 54.6262 us/op
WorkloadPilot   11: 16384 op, 890003900.00 ns, 54.3215 us/op

OverheadWarmup   1: 16384 op, 58500.00 ns, 3.5706 ns/op
OverheadWarmup   2: 16384 op, 56600.00 ns, 3.4546 ns/op
OverheadWarmup   3: 16384 op, 56900.00 ns, 3.4729 ns/op
OverheadWarmup   4: 16384 op, 56100.00 ns, 3.4241 ns/op
OverheadWarmup   5: 16384 op, 56400.00 ns, 3.4424 ns/op
OverheadWarmup   6: 16384 op, 56300.00 ns, 3.4363 ns/op

OverheadActual   1: 16384 op, 57100.00 ns, 3.4851 ns/op
OverheadActual   2: 16384 op, 56800.00 ns, 3.4668 ns/op
OverheadActual   3: 16384 op, 57500.00 ns, 3.5095 ns/op
OverheadActual   4: 16384 op, 56800.00 ns, 3.4668 ns/op
OverheadActual   5: 16384 op, 58400.00 ns, 3.5645 ns/op
OverheadActual   6: 16384 op, 56300.00 ns, 3.4363 ns/op
OverheadActual   7: 16384 op, 57600.00 ns, 3.5156 ns/op
OverheadActual   8: 16384 op, 56800.00 ns, 3.4668 ns/op
OverheadActual   9: 16384 op, 56100.00 ns, 3.4241 ns/op
OverheadActual  10: 16384 op, 56700.00 ns, 3.4607 ns/op
OverheadActual  11: 16384 op, 56700.00 ns, 3.4607 ns/op
OverheadActual  12: 16384 op, 56800.00 ns, 3.4668 ns/op
OverheadActual  13: 16384 op, 79200.00 ns, 4.8340 ns/op
OverheadActual  14: 16384 op, 56200.00 ns, 3.4302 ns/op
OverheadActual  15: 16384 op, 56800.00 ns, 3.4668 ns/op

OverheadWarmup   1: 16384 op, 56400.00 ns, 3.4424 ns/op
OverheadWarmup   2: 16384 op, 56800.00 ns, 3.4668 ns/op
OverheadWarmup   3: 16384 op, 56300.00 ns, 3.4363 ns/op
OverheadWarmup   4: 16384 op, 57500.00 ns, 3.5095 ns/op
OverheadWarmup   5: 16384 op, 56400.00 ns, 3.4424 ns/op
OverheadWarmup   6: 16384 op, 56300.00 ns, 3.4363 ns/op

// BeforeActualRun
WorkloadActual   1: 16384 op, 1108726400.00 ns, 67.6713 us/op
WorkloadActual   2: 16384 op, 1035031500.00 ns, 63.1733 us/op
WorkloadActual   3: 16384 op, 1020821000.00 ns, 62.3060 us/op
WorkloadActual   4: 16384 op, 1030778700.00 ns, 62.9137 us/op
WorkloadActual   5: 16384 op, 1022959400.00 ns, 62.4365 us/op
WorkloadActual   6: 16384 op, 946794800.00 ns, 57.7878 us/op
WorkloadActual   7: 16384 op, 958891100.00 ns, 58.5261 us/op
WorkloadActual   8: 16384 op, 911146200.00 ns, 55.6120 us/op
WorkloadActual   9: 16384 op, 905099100.00 ns, 55.2429 us/op
WorkloadActual  10: 16384 op, 903669400.00 ns, 55.1556 us/op
WorkloadActual  11: 16384 op, 1008256500.00 ns, 61.5391 us/op
WorkloadActual  12: 16384 op, 930749600.00 ns, 56.8084 us/op
WorkloadActual  13: 16384 op, 910586800.00 ns, 55.5778 us/op
WorkloadActual  14: 16384 op, 904619800.00 ns, 55.2136 us/op
WorkloadActual  15: 16384 op, 907485300.00 ns, 55.3885 us/op
WorkloadActual  16: 16384 op, 897029800.00 ns, 54.7504 us/op
WorkloadActual  17: 16384 op, 900081200.00 ns, 54.9366 us/op
WorkloadActual  18: 16384 op, 899693000.00 ns, 54.9129 us/op
WorkloadActual  19: 16384 op, 945904000.00 ns, 57.7334 us/op
WorkloadActual  20: 16384 op, 932775300.00 ns, 56.9321 us/op
WorkloadActual  21: 16384 op, 912150000.00 ns, 55.6732 us/op
WorkloadActual  22: 16384 op, 915729300.00 ns, 55.8917 us/op
WorkloadActual  23: 16384 op, 917441900.00 ns, 55.9962 us/op
WorkloadActual  24: 16384 op, 911271300.00 ns, 55.6196 us/op
WorkloadActual  25: 16384 op, 964874300.00 ns, 58.8913 us/op
WorkloadActual  26: 16384 op, 950963600.00 ns, 58.0422 us/op
WorkloadActual  27: 16384 op, 902447900.00 ns, 55.0810 us/op
WorkloadActual  28: 16384 op, 920893700.00 ns, 56.2069 us/op
WorkloadActual  29: 16384 op, 914833900.00 ns, 55.8370 us/op
WorkloadActual  30: 16384 op, 899504200.00 ns, 54.9014 us/op
WorkloadActual  31: 16384 op, 900497200.00 ns, 54.9620 us/op
WorkloadActual  32: 16384 op, 905123100.00 ns, 55.2443 us/op
WorkloadActual  33: 16384 op, 902991500.00 ns, 55.1142 us/op
WorkloadActual  34: 16384 op, 904109300.00 ns, 55.1825 us/op
WorkloadActual  35: 16384 op, 906006600.00 ns, 55.2983 us/op

// AfterActualRun
WorkloadResult   1: 16384 op, 946738000.00 ns, 57.7843 us/op
WorkloadResult   2: 16384 op, 958834300.00 ns, 58.5226 us/op
WorkloadResult   3: 16384 op, 911089400.00 ns, 55.6085 us/op
WorkloadResult   4: 16384 op, 905042300.00 ns, 55.2394 us/op
WorkloadResult   5: 16384 op, 903612600.00 ns, 55.1521 us/op
WorkloadResult   6: 16384 op, 1008199700.00 ns, 61.5356 us/op
WorkloadResult   7: 16384 op, 930692800.00 ns, 56.8050 us/op
WorkloadResult   8: 16384 op, 910530000.00 ns, 55.5743 us/op
WorkloadResult   9: 16384 op, 904563000.00 ns, 55.2101 us/op
WorkloadResult  10: 16384 op, 907428500.00 ns, 55.3850 us/op
WorkloadResult  11: 16384 op, 896973000.00 ns, 54.7469 us/op
WorkloadResult  12: 16384 op, 900024400.00 ns, 54.9331 us/op
WorkloadResult  13: 16384 op, 899636200.00 ns, 54.9094 us/op
WorkloadResult  14: 16384 op, 945847200.00 ns, 57.7299 us/op
WorkloadResult  15: 16384 op, 932718500.00 ns, 56.9286 us/op
WorkloadResult  16: 16384 op, 912093200.00 ns, 55.6698 us/op
WorkloadResult  17: 16384 op, 915672500.00 ns, 55.8882 us/op
WorkloadResult  18: 16384 op, 917385100.00 ns, 55.9927 us/op
WorkloadResult  19: 16384 op, 911214500.00 ns, 55.6161 us/op
WorkloadResult  20: 16384 op, 964817500.00 ns, 58.8878 us/op
WorkloadResult  21: 16384 op, 950906800.00 ns, 58.0387 us/op
WorkloadResult  22: 16384 op, 902391100.00 ns, 55.0776 us/op
WorkloadResult  23: 16384 op, 920836900.00 ns, 56.2034 us/op
WorkloadResult  24: 16384 op, 914777100.00 ns, 55.8336 us/op
WorkloadResult  25: 16384 op, 899447400.00 ns, 54.8979 us/op
WorkloadResult  26: 16384 op, 900440400.00 ns, 54.9585 us/op
WorkloadResult  27: 16384 op, 905066300.00 ns, 55.2409 us/op
WorkloadResult  28: 16384 op, 902934700.00 ns, 55.1108 us/op
WorkloadResult  29: 16384 op, 904052500.00 ns, 55.1790 us/op
WorkloadResult  30: 16384 op, 905949800.00 ns, 55.2948 us/op
// GC:  188 39 0 1180565504 16384
// Threading:  0 0 16384

// AfterAll
// Benchmark Process 19368 has exited with code 0.

Mean = 56.132 μs, StdErr = 0.282 μs (0.50%), N = 30, StdDev = 1.545 μs
Min = 54.747 μs, Q1 = 55.159 μs, Median = 55.591 μs, Q3 = 56.655 μs, Max = 61.536 μs
IQR = 1.496 μs, LowerFence = 52.915 μs, UpperFence = 58.898 μs
ConfidenceInterval = [55.100 μs; 57.164 μs] (CI 99.9%), Margin = 1.032 μs (1.84% of Mean)
Skewness = 1.73, Kurtosis = 5.79, MValue = 2.1

// ** Remained 15 (62,5 %) benchmark(s) to run. Estimated finish 2026-03-17 9:08 (0h 5m from now) **
Setup power plan (GUID: 8c5e7fda-e8bf-4a96-9a85-a6e23a8c635c FriendlyName: Alto rendimiento)
// **************************
// Benchmark: MapearOrdenBenchmark.LeerOrdenTx_Optimizado: DefaultJob
// *** Execute ***
// Launch: 1 / 1
// Execute: dotnet BenchmarkSuite1-DefaultJob-1.dll --anonymousPipes 7280 7688 --benchmarkName CapaDatos.Benchmarks.MapearOrdenBenchmark.LeerOrdenTx_Optimizado --job Default --benchmarkId 9 in C:\AOCR\AOCR\AOCR05-01-2026\AOCR1\AOCR\BenchmarkSuite1\bin\Release\net9.0\BenchmarkSuite1-DefaultJob-1\bin\Release\net9.0
// BeforeAnythingElse

// Benchmark Process Environment Information:
// BenchmarkDotNet v0.15.2
// Runtime=.NET 9.0.14 (9.0.1426.11910), X64 RyuJIT AVX2
// GC=Concurrent Workstation
// HardwareIntrinsics=AVX2,AES,BMI1,BMI2,FMA,LZCNT,PCLMUL,POPCNT VectorSize=256
// Job: DefaultJob

OverheadJitting  1: 1 op, 1074700.00 ns, 1.0747 ms/op
WorkloadJitting  1: 1 op, 2042100.00 ns, 2.0421 ms/op

OverheadJitting  2: 16 op, 870500.00 ns, 54.4063 us/op
WorkloadJitting  2: 16 op, 4897500.00 ns, 306.0938 us/op

WorkloadPilot    1: 16 op, 3969700.00 ns, 248.1063 us/op
WorkloadPilot    2: 32 op, 7635700.00 ns, 238.6156 us/op
WorkloadPilot    3: 64 op, 14946500.00 ns, 233.5391 us/op
WorkloadPilot    4: 128 op, 30226000.00 ns, 236.1406 us/op
WorkloadPilot    5: 256 op, 54389900.00 ns, 212.4605 us/op
WorkloadPilot    6: 512 op, 71673700.00 ns, 139.9877 us/op
WorkloadPilot    7: 1024 op, 35613200.00 ns, 34.7785 us/op
WorkloadPilot    8: 2048 op, 71276500.00 ns, 34.8030 us/op
WorkloadPilot    9: 4096 op, 143652700.00 ns, 35.0715 us/op
WorkloadPilot   10: 8192 op, 265845400.00 ns, 32.4518 us/op
WorkloadPilot   11: 16384 op, 524535800.00 ns, 32.0151 us/op

OverheadWarmup   1: 16384 op, 59400.00 ns, 3.6255 ns/op
OverheadWarmup   2: 16384 op, 58200.00 ns, 3.5522 ns/op
OverheadWarmup   3: 16384 op, 57900.00 ns, 3.5339 ns/op
OverheadWarmup   4: 16384 op, 58100.00 ns, 3.5461 ns/op
OverheadWarmup   5: 16384 op, 58000.00 ns, 3.5400 ns/op
OverheadWarmup   6: 16384 op, 58700.00 ns, 3.5828 ns/op
OverheadWarmup   7: 16384 op, 58700.00 ns, 3.5828 ns/op

OverheadActual   1: 16384 op, 58100.00 ns, 3.5461 ns/op
OverheadActual   2: 16384 op, 60100.00 ns, 3.6682 ns/op
OverheadActual   3: 16384 op, 58800.00 ns, 3.5889 ns/op
OverheadActual   4: 16384 op, 57700.00 ns, 3.5217 ns/op
OverheadActual   5: 16384 op, 58600.00 ns, 3.5767 ns/op
OverheadActual   6: 16384 op, 58800.00 ns, 3.5889 ns/op
OverheadActual   7: 16384 op, 57700.00 ns, 3.5217 ns/op
OverheadActual   8: 16384 op, 58200.00 ns, 3.5522 ns/op
OverheadActual   9: 16384 op, 58600.00 ns, 3.5767 ns/op
OverheadActual  10: 16384 op, 58400.00 ns, 3.5645 ns/op
OverheadActual  11: 16384 op, 57900.00 ns, 3.5339 ns/op
OverheadActual  12: 16384 op, 57800.00 ns, 3.5278 ns/op
OverheadActual  13: 16384 op, 57600.00 ns, 3.5156 ns/op
OverheadActual  14: 16384 op, 59100.00 ns, 3.6072 ns/op
OverheadActual  15: 16384 op, 58200.00 ns, 3.5522 ns/op

OverheadWarmup   1: 16384 op, 58200.00 ns, 3.5522 ns/op
OverheadWarmup   2: 16384 op, 58700.00 ns, 3.5828 ns/op
OverheadWarmup   3: 16384 op, 59100.00 ns, 3.6072 ns/op
OverheadWarmup   4: 16384 op, 58200.00 ns, 3.5522 ns/op
OverheadWarmup   5: 16384 op, 58200.00 ns, 3.5522 ns/op
OverheadWarmup   6: 16384 op, 58700.00 ns, 3.5828 ns/op

// BeforeActualRun
WorkloadActual   1: 16384 op, 1051225600.00 ns, 64.1617 us/op
WorkloadActual   2: 16384 op, 685734000.00 ns, 41.8539 us/op
WorkloadActual   3: 16384 op, 685935000.00 ns, 41.8661 us/op
WorkloadActual   4: 16384 op, 815924700.00 ns, 49.8001 us/op
WorkloadActual   5: 16384 op, 545316400.00 ns, 33.2835 us/op
WorkloadActual   6: 16384 op, 548120400.00 ns, 33.4546 us/op
WorkloadActual   7: 16384 op, 541637000.00 ns, 33.0589 us/op
WorkloadActual   8: 16384 op, 563266400.00 ns, 34.3791 us/op
WorkloadActual   9: 16384 op, 545550300.00 ns, 33.2977 us/op
WorkloadActual  10: 16384 op, 551338600.00 ns, 33.6510 us/op
WorkloadActual  11: 16384 op, 540734900.00 ns, 33.0038 us/op
WorkloadActual  12: 16384 op, 542712100.00 ns, 33.1245 us/op
WorkloadActual  13: 16384 op, 547495400.00 ns, 33.4165 us/op
WorkloadActual  14: 16384 op, 552651000.00 ns, 33.7311 us/op
WorkloadActual  15: 16384 op, 548952300.00 ns, 33.5054 us/op
WorkloadActual  16: 16384 op, 551417100.00 ns, 33.6558 us/op
WorkloadActual  17: 16384 op, 555493500.00 ns, 33.9046 us/op

// AfterActualRun
WorkloadResult   1: 16384 op, 545258200.00 ns, 33.2799 us/op
WorkloadResult   2: 16384 op, 548062200.00 ns, 33.4511 us/op
WorkloadResult   3: 16384 op, 541578800.00 ns, 33.0553 us/op
WorkloadResult   4: 16384 op, 563208200.00 ns, 34.3755 us/op
WorkloadResult   5: 16384 op, 545492100.00 ns, 33.2942 us/op
WorkloadResult   6: 16384 op, 551280400.00 ns, 33.6475 us/op
WorkloadResult   7: 16384 op, 540676700.00 ns, 33.0003 us/op
WorkloadResult   8: 16384 op, 542653900.00 ns, 33.1210 us/op
WorkloadResult   9: 16384 op, 547437200.00 ns, 33.4129 us/op
WorkloadResult  10: 16384 op, 552592800.00 ns, 33.7276 us/op
WorkloadResult  11: 16384 op, 548894100.00 ns, 33.5018 us/op
WorkloadResult  12: 16384 op, 551358900.00 ns, 33.6523 us/op
WorkloadResult  13: 16384 op, 555435300.00 ns, 33.9011 us/op
// GC:  188 39 0 1180565504 16384
// Threading:  0 0 16384

// AfterAll
// Benchmark Process 12072 has exited with code 0.

Mean = 33.494 μs, StdErr = 0.105 μs (0.31%), N = 13, StdDev = 0.378 μs
Min = 33.000 μs, Q1 = 33.280 μs, Median = 33.451 μs, Q3 = 33.652 μs, Max = 34.376 μs
IQR = 0.372 μs, LowerFence = 32.721 μs, UpperFence = 34.211 μs
ConfidenceInterval = [33.041 μs; 33.947 μs] (CI 99.9%), Margin = 0.453 μs (1.35% of Mean)
Skewness = 0.71, Kurtosis = 2.84, MValue = 2

// ** Remained 14 (58,3 %) benchmark(s) to run. Estimated finish 2026-03-17 9:08 (0h 5m from now) **
Setup power plan (GUID: 8c5e7fda-e8bf-4a96-9a85-a6e23a8c635c FriendlyName: Alto rendimiento)
// **************************
// Benchmark: MapearOrdenBenchmark.LeerOrdenMeta_Actual: DefaultJob
// *** Execute ***
// Launch: 1 / 1
// Execute: dotnet BenchmarkSuite1-DefaultJob-1.dll --anonymousPipes 4900 5892 --benchmarkName CapaDatos.Benchmarks.MapearOrdenBenchmark.LeerOrdenMeta_Actual --job Default --benchmarkId 10 in C:\AOCR\AOCR\AOCR05-01-2026\AOCR1\AOCR\BenchmarkSuite1\bin\Release\net9.0\BenchmarkSuite1-DefaultJob-1\bin\Release\net9.0
// BeforeAnythingElse

// Benchmark Process Environment Information:
// BenchmarkDotNet v0.15.2
// Runtime=.NET 9.0.14 (9.0.1426.11910), X64 RyuJIT AVX2
// GC=Concurrent Workstation
// HardwareIntrinsics=AVX2,AES,BMI1,BMI2,FMA,LZCNT,PCLMUL,POPCNT VectorSize=256
// Job: DefaultJob

OverheadJitting  1: 1 op, 251300.00 ns, 251.3000 us/op
WorkloadJitting  1: 1 op, 1216000.00 ns, 1.2160 ms/op

OverheadJitting  2: 16 op, 834200.00 ns, 52.1375 us/op
WorkloadJitting  2: 16 op, 3186900.00 ns, 199.1813 us/op

WorkloadPilot    1: 16 op, 2188200.00 ns, 136.7625 us/op
WorkloadPilot    2: 32 op, 3947000.00 ns, 123.3438 us/op
WorkloadPilot    3: 64 op, 7852800.00 ns, 122.7000 us/op
WorkloadPilot    4: 128 op, 14262100.00 ns, 111.4227 us/op
WorkloadPilot    5: 256 op, 26233300.00 ns, 102.4738 us/op
WorkloadPilot    6: 512 op, 51951400.00 ns, 101.4676 us/op
WorkloadPilot    7: 1024 op, 78979200.00 ns, 77.1281 us/op
WorkloadPilot    8: 2048 op, 53887800.00 ns, 26.3124 us/op
WorkloadPilot    9: 4096 op, 107164400.00 ns, 26.1632 us/op
WorkloadPilot   10: 8192 op, 200228300.00 ns, 24.4419 us/op
WorkloadPilot   11: 16384 op, 399453800.00 ns, 24.3807 us/op
WorkloadPilot   12: 32768 op, 787906900.00 ns, 24.0450 us/op

OverheadWarmup   1: 32768 op, 115300.00 ns, 3.5187 ns/op
OverheadWarmup   2: 32768 op, 116900.00 ns, 3.5675 ns/op
OverheadWarmup   3: 32768 op, 115200.00 ns, 3.5156 ns/op
OverheadWarmup   4: 32768 op, 115500.00 ns, 3.5248 ns/op
OverheadWarmup   5: 32768 op, 115300.00 ns, 3.5187 ns/op

OverheadActual   1: 32768 op, 115000.00 ns, 3.5095 ns/op
OverheadActual   2: 32768 op, 122000.00 ns, 3.7231 ns/op
OverheadActual   3: 32768 op, 117100.00 ns, 3.5736 ns/op
OverheadActual   4: 32768 op, 116000.00 ns, 3.5400 ns/op
OverheadActual   5: 32768 op, 115900.00 ns, 3.5370 ns/op
OverheadActual   6: 32768 op, 116400.00 ns, 3.5522 ns/op
OverheadActual   7: 32768 op, 115900.00 ns, 3.5370 ns/op
OverheadActual   8: 32768 op, 116000.00 ns, 3.5400 ns/op
OverheadActual   9: 32768 op, 115900.00 ns, 3.5370 ns/op
OverheadActual  10: 32768 op, 114600.00 ns, 3.4973 ns/op
OverheadActual  11: 32768 op, 116900.00 ns, 3.5675 ns/op
OverheadActual  12: 32768 op, 114500.00 ns, 3.4943 ns/op
OverheadActual  13: 32768 op, 115900.00 ns, 3.5370 ns/op
OverheadActual  14: 32768 op, 116100.00 ns, 3.5431 ns/op
OverheadActual  15: 32768 op, 116500.00 ns, 3.5553 ns/op

OverheadWarmup   1: 32768 op, 117700.00 ns, 3.5919 ns/op
OverheadWarmup   2: 32768 op, 118200.00 ns, 3.6072 ns/op
OverheadWarmup   3: 32768 op, 116100.00 ns, 3.5431 ns/op
OverheadWarmup   4: 32768 op, 116000.00 ns, 3.5400 ns/op
OverheadWarmup   5: 32768 op, 115400.00 ns, 3.5217 ns/op
OverheadWarmup   6: 32768 op, 115900.00 ns, 3.5370 ns/op
OverheadWarmup   7: 32768 op, 115800.00 ns, 3.5339 ns/op

// BeforeActualRun
WorkloadActual   1: 32768 op, 1081517600.00 ns, 33.0053 us/op
WorkloadActual   2: 32768 op, 879346700.00 ns, 26.8355 us/op
WorkloadActual   3: 32768 op, 804483600.00 ns, 24.5509 us/op
WorkloadActual   4: 32768 op, 814040200.00 ns, 24.8425 us/op
WorkloadActual   5: 32768 op, 836643900.00 ns, 25.5323 us/op
WorkloadActual   6: 32768 op, 830106000.00 ns, 25.3328 us/op
WorkloadActual   7: 32768 op, 815697200.00 ns, 24.8931 us/op
WorkloadActual   8: 32768 op, 840562000.00 ns, 25.6519 us/op
WorkloadActual   9: 32768 op, 797101000.00 ns, 24.3256 us/op
WorkloadActual  10: 32768 op, 790320100.00 ns, 24.1187 us/op
WorkloadActual  11: 32768 op, 799806100.00 ns, 24.4081 us/op
WorkloadActual  12: 32768 op, 803765400.00 ns, 24.5290 us/op
WorkloadActual  13: 32768 op, 792767000.00 ns, 24.1933 us/op
WorkloadActual  14: 32768 op, 797265300.00 ns, 24.3306 us/op
WorkloadActual  15: 32768 op, 797416700.00 ns, 24.3352 us/op
WorkloadActual  16: 32768 op, 812089000.00 ns, 24.7830 us/op
WorkloadActual  17: 32768 op, 813174900.00 ns, 24.8161 us/op
WorkloadActual  18: 32768 op, 808487200.00 ns, 24.6731 us/op

// AfterActualRun
WorkloadResult   1: 32768 op, 804367600.00 ns, 24.5474 us/op
WorkloadResult   2: 32768 op, 813924200.00 ns, 24.8390 us/op
WorkloadResult   3: 32768 op, 836527900.00 ns, 25.5288 us/op
WorkloadResult   4: 32768 op, 829990000.00 ns, 25.3293 us/op
WorkloadResult   5: 32768 op, 815581200.00 ns, 24.8896 us/op
WorkloadResult   6: 32768 op, 840446000.00 ns, 25.6484 us/op
WorkloadResult   7: 32768 op, 796985000.00 ns, 24.3221 us/op
WorkloadResult   8: 32768 op, 790204100.00 ns, 24.1151 us/op
WorkloadResult   9: 32768 op, 799690100.00 ns, 24.4046 us/op
WorkloadResult  10: 32768 op, 803649400.00 ns, 24.5254 us/op
WorkloadResult  11: 32768 op, 792651000.00 ns, 24.1898 us/op
WorkloadResult  12: 32768 op, 797149300.00 ns, 24.3271 us/op
WorkloadResult  13: 32768 op, 797300700.00 ns, 24.3317 us/op
WorkloadResult  14: 32768 op, 811973000.00 ns, 24.7794 us/op
WorkloadResult  15: 32768 op, 813058900.00 ns, 24.8126 us/op
WorkloadResult  16: 32768 op, 808371200.00 ns, 24.6695 us/op
// GC:  376 79 0 2361131008 32768
// Threading:  0 0 32768

// AfterAll
// Benchmark Process 12852 has exited with code 0.

Mean = 24.704 μs, StdErr = 0.116 μs (0.47%), N = 16, StdDev = 0.463 μs
Min = 24.115 μs, Q1 = 24.331 μs, Median = 24.608 μs, Q3 = 24.852 μs, Max = 25.648 μs
IQR = 0.521 μs, LowerFence = 23.549 μs, UpperFence = 25.633 μs
ConfidenceInterval = [24.232 μs; 25.175 μs] (CI 99.9%), Margin = 0.472 μs (1.91% of Mean)
Skewness = 0.71, Kurtosis = 2.27, MValue = 2

// ** Remained 13 (54,2 %) benchmark(s) to run. Estimated finish 2026-03-17 9:08 (0h 4m from now) **
Setup power plan (GUID: 8c5e7fda-e8bf-4a96-9a85-a6e23a8c635c FriendlyName: Alto rendimiento)
// **************************
// Benchmark: MapearOrdenBenchmark.LeerOrdenMeta_Optimizado: DefaultJob
// *** Execute ***
// Launch: 1 / 1
// Execute: dotnet BenchmarkSuite1-DefaultJob-1.dll --anonymousPipes 7164 5272 --benchmarkName CapaDatos.Benchmarks.MapearOrdenBenchmark.LeerOrdenMeta_Optimizado --job Default --benchmarkId 11 in C:\AOCR\AOCR\AOCR05-01-2026\AOCR1\AOCR\BenchmarkSuite1\bin\Release\net9.0\BenchmarkSuite1-DefaultJob-1\bin\Release\net9.0
// BeforeAnythingElse

// Benchmark Process Environment Information:
// BenchmarkDotNet v0.15.2
// Runtime=.NET 9.0.14 (9.0.1426.11910), X64 RyuJIT AVX2
// GC=Concurrent Workstation
// HardwareIntrinsics=AVX2,AES,BMI1,BMI2,FMA,LZCNT,PCLMUL,POPCNT VectorSize=256
// Job: DefaultJob

OverheadJitting  1: 1 op, 249900.00 ns, 249.9000 us/op
WorkloadJitting  1: 1 op, 1315500.00 ns, 1.3155 ms/op

OverheadJitting  2: 16 op, 850000.00 ns, 53.1250 us/op
WorkloadJitting  2: 16 op, 2633800.00 ns, 164.6125 us/op

WorkloadPilot    1: 16 op, 1601900.00 ns, 100.1188 us/op
WorkloadPilot    2: 32 op, 2947900.00 ns, 92.1219 us/op
WorkloadPilot    3: 64 op, 6330800.00 ns, 98.9188 us/op
WorkloadPilot    4: 128 op, 11250100.00 ns, 87.8914 us/op
WorkloadPilot    5: 256 op, 20048600.00 ns, 78.3148 us/op
WorkloadPilot    6: 512 op, 39218800.00 ns, 76.5992 us/op
WorkloadPilot    7: 1024 op, 77060100.00 ns, 75.2540 us/op
WorkloadPilot    8: 2048 op, 57576100.00 ns, 28.1133 us/op
WorkloadPilot    9: 4096 op, 80850800.00 ns, 19.7390 us/op
WorkloadPilot   10: 8192 op, 156220200.00 ns, 19.0698 us/op
WorkloadPilot   11: 16384 op, 291398300.00 ns, 17.7855 us/op
WorkloadPilot   12: 32768 op, 588189600.00 ns, 17.9501 us/op

OverheadWarmup   1: 32768 op, 118300.00 ns, 3.6102 ns/op
OverheadWarmup   2: 32768 op, 118300.00 ns, 3.6102 ns/op
OverheadWarmup   3: 32768 op, 118300.00 ns, 3.6102 ns/op
OverheadWarmup   4: 32768 op, 118500.00 ns, 3.6163 ns/op
OverheadWarmup   5: 32768 op, 118500.00 ns, 3.6163 ns/op

OverheadActual   1: 32768 op, 118800.00 ns, 3.6255 ns/op
OverheadActual   2: 32768 op, 118800.00 ns, 3.6255 ns/op
OverheadActual   3: 32768 op, 118600.00 ns, 3.6194 ns/op
OverheadActual   4: 32768 op, 118800.00 ns, 3.6255 ns/op
OverheadActual   5: 32768 op, 118300.00 ns, 3.6102 ns/op
OverheadActual   6: 32768 op, 117800.00 ns, 3.5950 ns/op
OverheadActual   7: 32768 op, 118800.00 ns, 3.6255 ns/op
OverheadActual   8: 32768 op, 118900.00 ns, 3.6285 ns/op
OverheadActual   9: 32768 op, 118800.00 ns, 3.6255 ns/op
OverheadActual  10: 32768 op, 118900.00 ns, 3.6285 ns/op
OverheadActual  11: 32768 op, 118300.00 ns, 3.6102 ns/op
OverheadActual  12: 32768 op, 155200.00 ns, 4.7363 ns/op
OverheadActual  13: 32768 op, 123700.00 ns, 3.7750 ns/op
OverheadActual  14: 32768 op, 118800.00 ns, 3.6255 ns/op
OverheadActual  15: 32768 op, 118300.00 ns, 3.6102 ns/op

OverheadWarmup   1: 32768 op, 118800.00 ns, 3.6255 ns/op
OverheadWarmup   2: 32768 op, 118400.00 ns, 3.6133 ns/op
OverheadWarmup   3: 32768 op, 118800.00 ns, 3.6255 ns/op
OverheadWarmup   4: 32768 op, 118800.00 ns, 3.6255 ns/op
OverheadWarmup   5: 32768 op, 118700.00 ns, 3.6224 ns/op
OverheadWarmup   6: 32768 op, 118300.00 ns, 3.6102 ns/op
OverheadWarmup   7: 32768 op, 118200.00 ns, 3.6072 ns/op
OverheadWarmup   8: 32768 op, 118300.00 ns, 3.6102 ns/op

// BeforeActualRun
WorkloadActual   1: 32768 op, 876291200.00 ns, 26.7423 us/op
WorkloadActual   2: 32768 op, 674826700.00 ns, 20.5941 us/op
WorkloadActual   3: 32768 op, 639705400.00 ns, 19.5223 us/op
WorkloadActual   4: 32768 op, 618124100.00 ns, 18.8637 us/op
WorkloadActual   5: 32768 op, 681035000.00 ns, 20.7835 us/op
WorkloadActual   6: 32768 op, 752925000.00 ns, 22.9774 us/op
WorkloadActual   7: 32768 op, 682137500.00 ns, 20.8172 us/op
WorkloadActual   8: 32768 op, 686648800.00 ns, 20.9549 us/op
WorkloadActual   9: 32768 op, 652094300.00 ns, 19.9003 us/op
WorkloadActual  10: 32768 op, 626437300.00 ns, 19.1173 us/op
WorkloadActual  11: 32768 op, 617882000.00 ns, 18.8563 us/op
WorkloadActual  12: 32768 op, 625249500.00 ns, 19.0811 us/op
WorkloadActual  13: 32768 op, 617532900.00 ns, 18.8456 us/op
WorkloadActual  14: 32768 op, 614441700.00 ns, 18.7513 us/op
WorkloadActual  15: 32768 op, 624273300.00 ns, 19.0513 us/op
WorkloadActual  16: 32768 op, 627076400.00 ns, 19.1369 us/op
WorkloadActual  17: 32768 op, 631590700.00 ns, 19.2746 us/op
WorkloadActual  18: 32768 op, 621323800.00 ns, 18.9613 us/op
WorkloadActual  19: 32768 op, 644231800.00 ns, 19.6604 us/op
WorkloadActual  20: 32768 op, 632265200.00 ns, 19.2952 us/op
WorkloadActual  21: 32768 op, 613891400.00 ns, 18.7345 us/op
WorkloadActual  22: 32768 op, 620955100.00 ns, 18.9500 us/op
WorkloadActual  23: 32768 op, 631424300.00 ns, 19.2695 us/op
WorkloadActual  24: 32768 op, 727236500.00 ns, 22.1935 us/op
WorkloadActual  25: 32768 op, 892247500.00 ns, 27.2292 us/op
WorkloadActual  26: 32768 op, 779481300.00 ns, 23.7879 us/op
WorkloadActual  27: 32768 op, 749271500.00 ns, 22.8660 us/op
WorkloadActual  28: 32768 op, 872735800.00 ns, 26.6338 us/op
WorkloadActual  29: 32768 op, 826497800.00 ns, 25.2227 us/op
WorkloadActual  30: 32768 op, 747130900.00 ns, 22.8006 us/op
WorkloadActual  31: 32768 op, 903722900.00 ns, 27.5794 us/op
WorkloadActual  32: 32768 op, 609184600.00 ns, 18.5908 us/op
WorkloadActual  33: 32768 op, 613177100.00 ns, 18.7127 us/op
WorkloadActual  34: 32768 op, 613294000.00 ns, 18.7162 us/op
WorkloadActual  35: 32768 op, 612940300.00 ns, 18.7055 us/op
WorkloadActual  36: 32768 op, 600924500.00 ns, 18.3388 us/op
WorkloadActual  37: 32768 op, 601094600.00 ns, 18.3440 us/op
WorkloadActual  38: 32768 op, 615909800.00 ns, 18.7961 us/op
WorkloadActual  39: 32768 op, 603471600.00 ns, 18.4165 us/op
WorkloadActual  40: 32768 op, 615699900.00 ns, 18.7897 us/op
WorkloadActual  41: 32768 op, 620975700.00 ns, 18.9507 us/op
WorkloadActual  42: 32768 op, 630609600.00 ns, 19.2447 us/op
WorkloadActual  43: 32768 op, 607632200.00 ns, 18.5435 us/op
WorkloadActual  44: 32768 op, 782638000.00 ns, 23.8842 us/op
WorkloadActual  45: 32768 op, 618672600.00 ns, 18.8804 us/op
WorkloadActual  46: 32768 op, 785230000.00 ns, 23.9633 us/op
WorkloadActual  47: 32768 op, 619728100.00 ns, 18.9126 us/op
WorkloadActual  48: 32768 op, 600378700.00 ns, 18.3221 us/op
WorkloadActual  49: 32768 op, 604177200.00 ns, 18.4380 us/op
WorkloadActual  50: 32768 op, 603406600.00 ns, 18.4145 us/op
WorkloadActual  51: 32768 op, 603945300.00 ns, 18.4309 us/op
WorkloadActual  52: 32768 op, 620429700.00 ns, 18.9340 us/op
WorkloadActual  53: 32768 op, 657212500.00 ns, 20.0565 us/op
WorkloadActual  54: 32768 op, 761411800.00 ns, 23.2364 us/op
WorkloadActual  55: 32768 op, 729283800.00 ns, 22.2560 us/op
WorkloadActual  56: 32768 op, 741085200.00 ns, 22.6161 us/op
WorkloadActual  57: 32768 op, 827600100.00 ns, 25.2564 us/op
WorkloadActual  58: 32768 op, 637801000.00 ns, 19.4641 us/op
WorkloadActual  59: 32768 op, 798591700.00 ns, 24.3711 us/op
WorkloadActual  60: 32768 op, 702812000.00 ns, 21.4481 us/op
WorkloadActual  61: 32768 op, 634912700.00 ns, 19.3760 us/op
WorkloadActual  62: 32768 op, 626335500.00 ns, 19.1142 us/op
WorkloadActual  63: 32768 op, 622285400.00 ns, 18.9906 us/op
WorkloadActual  64: 32768 op, 621525400.00 ns, 18.9674 us/op
WorkloadActual  65: 32768 op, 621730900.00 ns, 18.9737 us/op
WorkloadActual  66: 32768 op, 621443800.00 ns, 18.9650 us/op
WorkloadActual  67: 32768 op, 619176300.00 ns, 18.8958 us/op
WorkloadActual  68: 32768 op, 626374600.00 ns, 19.1154 us/op
WorkloadActual  69: 32768 op, 629321200.00 ns, 19.2054 us/op
WorkloadActual  70: 32768 op, 620507100.00 ns, 18.9364 us/op
WorkloadActual  71: 32768 op, 617718100.00 ns, 18.8513 us/op
WorkloadActual  72: 32768 op, 613867800.00 ns, 18.7338 us/op
WorkloadActual  73: 32768 op, 633833100.00 ns, 19.3431 us/op
WorkloadActual  74: 32768 op, 715604800.00 ns, 21.8385 us/op
WorkloadActual  75: 32768 op, 687718900.00 ns, 20.9875 us/op
WorkloadActual  76: 32768 op, 627051000.00 ns, 19.1361 us/op
WorkloadActual  77: 32768 op, 615984500.00 ns, 18.7984 us/op
WorkloadActual  78: 32768 op, 610930700.00 ns, 18.6441 us/op
WorkloadActual  79: 32768 op, 608296000.00 ns, 18.5637 us/op
WorkloadActual  80: 32768 op, 611619100.00 ns, 18.6651 us/op
WorkloadActual  81: 32768 op, 605620800.00 ns, 18.4821 us/op
WorkloadActual  82: 32768 op, 607801600.00 ns, 18.5486 us/op
WorkloadActual  83: 32768 op, 604301200.00 ns, 18.4418 us/op
WorkloadActual  84: 32768 op, 604325800.00 ns, 18.4426 us/op
WorkloadActual  85: 32768 op, 606141400.00 ns, 18.4980 us/op
WorkloadActual  86: 32768 op, 637239500.00 ns, 19.4470 us/op
WorkloadActual  87: 32768 op, 618361700.00 ns, 18.8709 us/op
WorkloadActual  88: 32768 op, 622917700.00 ns, 19.0099 us/op
WorkloadActual  89: 32768 op, 604253100.00 ns, 18.4403 us/op
WorkloadActual  90: 32768 op, 611769700.00 ns, 18.6697 us/op
WorkloadActual  91: 32768 op, 627566900.00 ns, 19.1518 us/op
WorkloadActual  92: 32768 op, 634878500.00 ns, 19.3750 us/op
WorkloadActual  93: 32768 op, 605916400.00 ns, 18.4911 us/op
WorkloadActual  94: 32768 op, 624074800.00 ns, 19.0453 us/op
WorkloadActual  95: 32768 op, 620354800.00 ns, 18.9317 us/op

// AfterActualRun
WorkloadResult   1: 32768 op, 674707900.00 ns, 20.5905 us/op
WorkloadResult   2: 32768 op, 639586600.00 ns, 19.5186 us/op
WorkloadResult   3: 32768 op, 618005300.00 ns, 18.8600 us/op
WorkloadResult   4: 32768 op, 680916200.00 ns, 20.7799 us/op
WorkloadResult   5: 32768 op, 682018700.00 ns, 20.8136 us/op
WorkloadResult   6: 32768 op, 686530000.00 ns, 20.9512 us/op
WorkloadResult   7: 32768 op, 651975500.00 ns, 19.8967 us/op
WorkloadResult   8: 32768 op, 626318500.00 ns, 19.1137 us/op
WorkloadResult   9: 32768 op, 617763200.00 ns, 18.8526 us/op
WorkloadResult  10: 32768 op, 625130700.00 ns, 19.0775 us/op
WorkloadResult  11: 32768 op, 617414100.00 ns, 18.8420 us/op
WorkloadResult  12: 32768 op, 614322900.00 ns, 18.7476 us/op
WorkloadResult  13: 32768 op, 624154500.00 ns, 19.0477 us/op
WorkloadResult  14: 32768 op, 626957600.00 ns, 19.1332 us/op
WorkloadResult  15: 32768 op, 631471900.00 ns, 19.2710 us/op
WorkloadResult  16: 32768 op, 621205000.00 ns, 18.9577 us/op
WorkloadResult  17: 32768 op, 644113000.00 ns, 19.6568 us/op
WorkloadResult  18: 32768 op, 632146400.00 ns, 19.2916 us/op
WorkloadResult  19: 32768 op, 613772600.00 ns, 18.7309 us/op
WorkloadResult  20: 32768 op, 620836300.00 ns, 18.9464 us/op
WorkloadResult  21: 32768 op, 631305500.00 ns, 19.2659 us/op
WorkloadResult  22: 32768 op, 727117700.00 ns, 22.1899 us/op
WorkloadResult  23: 32768 op, 609065800.00 ns, 18.5872 us/op
WorkloadResult  24: 32768 op, 613058300.00 ns, 18.7091 us/op
WorkloadResult  25: 32768 op, 613175200.00 ns, 18.7126 us/op
WorkloadResult  26: 32768 op, 612821500.00 ns, 18.7018 us/op
WorkloadResult  27: 32768 op, 600805700.00 ns, 18.3351 us/op
WorkloadResult  28: 32768 op, 600975800.00 ns, 18.3403 us/op
WorkloadResult  29: 32768 op, 615791000.00 ns, 18.7924 us/op
WorkloadResult  30: 32768 op, 603352800.00 ns, 18.4129 us/op
WorkloadResult  31: 32768 op, 615581100.00 ns, 18.7860 us/op
WorkloadResult  32: 32768 op, 620856900.00 ns, 18.9470 us/op
WorkloadResult  33: 32768 op, 630490800.00 ns, 19.2411 us/op
WorkloadResult  34: 32768 op, 607513400.00 ns, 18.5398 us/op
WorkloadResult  35: 32768 op, 618553800.00 ns, 18.8768 us/op
WorkloadResult  36: 32768 op, 619609300.00 ns, 18.9090 us/op
WorkloadResult  37: 32768 op, 600259900.00 ns, 18.3185 us/op
WorkloadResult  38: 32768 op, 604058400.00 ns, 18.4344 us/op
WorkloadResult  39: 32768 op, 603287800.00 ns, 18.4109 us/op
WorkloadResult  40: 32768 op, 603826500.00 ns, 18.4273 us/op
WorkloadResult  41: 32768 op, 620310900.00 ns, 18.9304 us/op
WorkloadResult  42: 32768 op, 657093700.00 ns, 20.0529 us/op
WorkloadResult  43: 32768 op, 729165000.00 ns, 22.2523 us/op
WorkloadResult  44: 32768 op, 740966400.00 ns, 22.6125 us/op
WorkloadResult  45: 32768 op, 637682200.00 ns, 19.4605 us/op
WorkloadResult  46: 32768 op, 702693200.00 ns, 21.4445 us/op
WorkloadResult  47: 32768 op, 634793900.00 ns, 19.3724 us/op
WorkloadResult  48: 32768 op, 626216700.00 ns, 19.1106 us/op
WorkloadResult  49: 32768 op, 622166600.00 ns, 18.9870 us/op
WorkloadResult  50: 32768 op, 621406600.00 ns, 18.9638 us/op
WorkloadResult  51: 32768 op, 621612100.00 ns, 18.9701 us/op
WorkloadResult  52: 32768 op, 621325000.00 ns, 18.9613 us/op
WorkloadResult  53: 32768 op, 619057500.00 ns, 18.8921 us/op
WorkloadResult  54: 32768 op, 626255800.00 ns, 19.1118 us/op
WorkloadResult  55: 32768 op, 629202400.00 ns, 19.2017 us/op
WorkloadResult  56: 32768 op, 620388300.00 ns, 18.9327 us/op
WorkloadResult  57: 32768 op, 617599300.00 ns, 18.8476 us/op
WorkloadResult  58: 32768 op, 613749000.00 ns, 18.7301 us/op
WorkloadResult  59: 32768 op, 633714300.00 ns, 19.3394 us/op
WorkloadResult  60: 32768 op, 715486000.00 ns, 21.8349 us/op
WorkloadResult  61: 32768 op, 687600100.00 ns, 20.9839 us/op
WorkloadResult  62: 32768 op, 626932200.00 ns, 19.1325 us/op
WorkloadResult  63: 32768 op, 615865700.00 ns, 18.7947 us/op
WorkloadResult  64: 32768 op, 610811900.00 ns, 18.6405 us/op
WorkloadResult  65: 32768 op, 608177200.00 ns, 18.5601 us/op
WorkloadResult  66: 32768 op, 611500300.00 ns, 18.6615 us/op
WorkloadResult  67: 32768 op, 605502000.00 ns, 18.4785 us/op
WorkloadResult  68: 32768 op, 607682800.00 ns, 18.5450 us/op
WorkloadResult  69: 32768 op, 604182400.00 ns, 18.4382 us/op
WorkloadResult  70: 32768 op, 604207000.00 ns, 18.4389 us/op
WorkloadResult  71: 32768 op, 606022600.00 ns, 18.4943 us/op
WorkloadResult  72: 32768 op, 637120700.00 ns, 19.4434 us/op
WorkloadResult  73: 32768 op, 618242900.00 ns, 18.8673 us/op
WorkloadResult  74: 32768 op, 622798900.00 ns, 19.0063 us/op
WorkloadResult  75: 32768 op, 604134300.00 ns, 18.4367 us/op
WorkloadResult  76: 32768 op, 611650900.00 ns, 18.6661 us/op
WorkloadResult  77: 32768 op, 627448100.00 ns, 19.1482 us/op
WorkloadResult  78: 32768 op, 634759700.00 ns, 19.3713 us/op
WorkloadResult  79: 32768 op, 605797600.00 ns, 18.4875 us/op
WorkloadResult  80: 32768 op, 623956000.00 ns, 19.0416 us/op
WorkloadResult  81: 32768 op, 620236000.00 ns, 18.9281 us/op
// GC:  376 79 0 2361131008 32768
// Threading:  0 0 32768

// AfterAll
// Benchmark Process 19724 has exited with code 0.

Mean = 19.217 μs, StdErr = 0.105 μs (0.54%), N = 81, StdDev = 0.941 μs
Min = 18.318 μs, Q1 = 18.702 μs, Median = 18.946 μs, Q3 = 19.271 μs, Max = 22.613 μs
IQR = 0.569 μs, LowerFence = 17.848 μs, UpperFence = 20.125 μs
ConfidenceInterval = [18.860 μs; 19.575 μs] (CI 99.9%), Margin = 0.357 μs (1.86% of Mean)
Skewness = 1.99, Kurtosis = 6.45, MValue = 2

// ** Remained 12 (50,0 %) benchmark(s) to run. Estimated finish 2026-03-17 9:10 (0h 5m from now) **
Setup power plan (GUID: 8c5e7fda-e8bf-4a96-9a85-a6e23a8c635c FriendlyName: Alto rendimiento)
// **************************
// Benchmark: MapearOrdenBenchmark.LeerOrdenFr3_Actual: DefaultJob
// *** Execute ***
// Launch: 1 / 1
// Execute: dotnet BenchmarkSuite1-DefaultJob-1.dll --anonymousPipes 2784 5192 --benchmarkName CapaDatos.Benchmarks.MapearOrdenBenchmark.LeerOrdenFr3_Actual --job Default --benchmarkId 12 in C:\AOCR\AOCR\AOCR05-01-2026\AOCR1\AOCR\BenchmarkSuite1\bin\Release\net9.0\BenchmarkSuite1-DefaultJob-1\bin\Release\net9.0
// BeforeAnythingElse

// Benchmark Process Environment Information:
// BenchmarkDotNet v0.15.2
// Runtime=.NET 9.0.14 (9.0.1426.11910), X64 RyuJIT AVX2
// GC=Concurrent Workstation
// HardwareIntrinsics=AVX2,AES,BMI1,BMI2,FMA,LZCNT,PCLMUL,POPCNT VectorSize=256
// Job: DefaultJob

OverheadJitting  1: 1 op, 250300.00 ns, 250.3000 us/op
WorkloadJitting  1: 1 op, 1328000.00 ns, 1.3280 ms/op

OverheadJitting  2: 16 op, 821600.00 ns, 51.3500 us/op
WorkloadJitting  2: 16 op, 3623700.00 ns, 226.4813 us/op

WorkloadPilot    1: 16 op, 2288300.00 ns, 143.0188 us/op
WorkloadPilot    2: 32 op, 3984200.00 ns, 124.5063 us/op
WorkloadPilot    3: 64 op, 8762900.00 ns, 136.9203 us/op
WorkloadPilot    4: 128 op, 15442600.00 ns, 120.6453 us/op
WorkloadPilot    5: 256 op, 28788300.00 ns, 112.4543 us/op
WorkloadPilot    6: 512 op, 56590400.00 ns, 110.5281 us/op
WorkloadPilot    7: 1024 op, 74896200.00 ns, 73.1408 us/op
WorkloadPilot    8: 2048 op, 54845400.00 ns, 26.7800 us/op
WorkloadPilot    9: 4096 op, 112297500.00 ns, 27.4164 us/op
WorkloadPilot   10: 8192 op, 209424300.00 ns, 25.5645 us/op
WorkloadPilot   11: 16384 op, 398049100.00 ns, 24.2950 us/op
WorkloadPilot   12: 32768 op, 836120900.00 ns, 25.5164 us/op

OverheadWarmup   1: 32768 op, 119300.00 ns, 3.6407 ns/op
OverheadWarmup   2: 32768 op, 118300.00 ns, 3.6102 ns/op
OverheadWarmup   3: 32768 op, 119000.00 ns, 3.6316 ns/op
OverheadWarmup   4: 32768 op, 118800.00 ns, 3.6255 ns/op
OverheadWarmup   5: 32768 op, 118300.00 ns, 3.6102 ns/op
OverheadWarmup   6: 32768 op, 118300.00 ns, 3.6102 ns/op
OverheadWarmup   7: 32768 op, 117400.00 ns, 3.5828 ns/op

OverheadActual   1: 32768 op, 142100.00 ns, 4.3365 ns/op
OverheadActual   2: 32768 op, 120400.00 ns, 3.6743 ns/op
OverheadActual   3: 32768 op, 118800.00 ns, 3.6255 ns/op
OverheadActual   4: 32768 op, 119000.00 ns, 3.6316 ns/op
OverheadActual   5: 32768 op, 118800.00 ns, 3.6255 ns/op
OverheadActual   6: 32768 op, 119100.00 ns, 3.6346 ns/op
OverheadActual   7: 32768 op, 118800.00 ns, 3.6255 ns/op
OverheadActual   8: 32768 op, 202100.00 ns, 6.1676 ns/op
OverheadActual   9: 32768 op, 118900.00 ns, 3.6285 ns/op
OverheadActual  10: 32768 op, 129100.00 ns, 3.9398 ns/op
OverheadActual  11: 32768 op, 120900.00 ns, 3.6896 ns/op
OverheadActual  12: 32768 op, 125200.00 ns, 3.8208 ns/op
OverheadActual  13: 32768 op, 118100.00 ns, 3.6041 ns/op
OverheadActual  14: 32768 op, 119000.00 ns, 3.6316 ns/op
OverheadActual  15: 32768 op, 118900.00 ns, 3.6285 ns/op

OverheadWarmup   1: 32768 op, 117900.00 ns, 3.5980 ns/op
OverheadWarmup   2: 32768 op, 117800.00 ns, 3.5950 ns/op
OverheadWarmup   3: 32768 op, 118800.00 ns, 3.6255 ns/op
OverheadWarmup   4: 32768 op, 118900.00 ns, 3.6285 ns/op
OverheadWarmup   5: 32768 op, 118300.00 ns, 3.6102 ns/op
OverheadWarmup   6: 32768 op, 118200.00 ns, 3.6072 ns/op
OverheadWarmup   7: 32768 op, 118700.00 ns, 3.6224 ns/op
OverheadWarmup   8: 32768 op, 122300.00 ns, 3.7323 ns/op
OverheadWarmup   9: 32768 op, 119500.00 ns, 3.6469 ns/op

// BeforeActualRun
WorkloadActual   1: 32768 op, 1017910700.00 ns, 31.0642 us/op
WorkloadActual   2: 32768 op, 875448500.00 ns, 26.7166 us/op
WorkloadActual   3: 32768 op, 808847400.00 ns, 24.6841 us/op
WorkloadActual   4: 32768 op, 805499900.00 ns, 24.5819 us/op
WorkloadActual   5: 32768 op, 806347600.00 ns, 24.6078 us/op
WorkloadActual   6: 32768 op, 1015306100.00 ns, 30.9847 us/op
WorkloadActual   7: 32768 op, 1045841100.00 ns, 31.9165 us/op
WorkloadActual   8: 32768 op, 973146900.00 ns, 29.6981 us/op
WorkloadActual   9: 32768 op, 958669800.00 ns, 29.2563 us/op
WorkloadActual  10: 32768 op, 1146647000.00 ns, 34.9929 us/op
WorkloadActual  11: 32768 op, 1095240800.00 ns, 33.4241 us/op
WorkloadActual  12: 32768 op, 850313400.00 ns, 25.9495 us/op
WorkloadActual  13: 32768 op, 794770600.00 ns, 24.2545 us/op
WorkloadActual  14: 32768 op, 806937300.00 ns, 24.6258 us/op
WorkloadActual  15: 32768 op, 805366000.00 ns, 24.5778 us/op
WorkloadActual  16: 32768 op, 805351200.00 ns, 24.5774 us/op
WorkloadActual  17: 32768 op, 798205300.00 ns, 24.3593 us/op
WorkloadActual  18: 32768 op, 800363900.00 ns, 24.4252 us/op
WorkloadActual  19: 32768 op, 812240200.00 ns, 24.7876 us/op
WorkloadActual  20: 32768 op, 813987400.00 ns, 24.8409 us/op
WorkloadActual  21: 32768 op, 891632400.00 ns, 27.2105 us/op
WorkloadActual  22: 32768 op, 806457100.00 ns, 24.6111 us/op
WorkloadActual  23: 32768 op, 798779400.00 ns, 24.3768 us/op
WorkloadActual  24: 32768 op, 792270500.00 ns, 24.1782 us/op
WorkloadActual  25: 32768 op, 816067400.00 ns, 24.9044 us/op
WorkloadActual  26: 32768 op, 868888800.00 ns, 26.5164 us/op
WorkloadActual  27: 32768 op, 811073500.00 ns, 24.7520 us/op
WorkloadActual  28: 32768 op, 808153400.00 ns, 24.6629 us/op
WorkloadActual  29: 32768 op, 808093300.00 ns, 24.6611 us/op
WorkloadActual  30: 32768 op, 802315700.00 ns, 24.4847 us/op
WorkloadActual  31: 32768 op, 798960500.00 ns, 24.3823 us/op
WorkloadActual  32: 32768 op, 802872000.00 ns, 24.5017 us/op
WorkloadActual  33: 32768 op, 803074200.00 ns, 24.5079 us/op
WorkloadActual  34: 32768 op, 811998000.00 ns, 24.7802 us/op
WorkloadActual  35: 32768 op, 808561400.00 ns, 24.6753 us/op
WorkloadActual  36: 32768 op, 844034700.00 ns, 25.7579 us/op
WorkloadActual  37: 32768 op, 813499600.00 ns, 24.8260 us/op
WorkloadActual  38: 32768 op, 1224401400.00 ns, 37.3658 us/op
WorkloadActual  39: 32768 op, 821332900.00 ns, 25.0651 us/op
WorkloadActual  40: 32768 op, 816112100.00 ns, 24.9058 us/op
WorkloadActual  41: 32768 op, 800540100.00 ns, 24.4305 us/op
WorkloadActual  42: 32768 op, 802236900.00 ns, 24.4823 us/op
WorkloadActual  43: 32768 op, 799117300.00 ns, 24.3871 us/op

// AfterActualRun
WorkloadResult   1: 32768 op, 875329500.00 ns, 26.7129 us/op
WorkloadResult   2: 32768 op, 808728400.00 ns, 24.6804 us/op
WorkloadResult   3: 32768 op, 805380900.00 ns, 24.5783 us/op
WorkloadResult   4: 32768 op, 806228600.00 ns, 24.6041 us/op
WorkloadResult   5: 32768 op, 850194400.00 ns, 25.9459 us/op
WorkloadResult   6: 32768 op, 794651600.00 ns, 24.2508 us/op
WorkloadResult   7: 32768 op, 806818300.00 ns, 24.6221 us/op
WorkloadResult   8: 32768 op, 805247000.00 ns, 24.5742 us/op
WorkloadResult   9: 32768 op, 805232200.00 ns, 24.5737 us/op
WorkloadResult  10: 32768 op, 798086300.00 ns, 24.3557 us/op
WorkloadResult  11: 32768 op, 800244900.00 ns, 24.4215 us/op
WorkloadResult  12: 32768 op, 812121200.00 ns, 24.7840 us/op
WorkloadResult  13: 32768 op, 813868400.00 ns, 24.8373 us/op
WorkloadResult  14: 32768 op, 891513400.00 ns, 27.2068 us/op
WorkloadResult  15: 32768 op, 806338100.00 ns, 24.6075 us/op
WorkloadResult  16: 32768 op, 798660400.00 ns, 24.3732 us/op
WorkloadResult  17: 32768 op, 792151500.00 ns, 24.1745 us/op
WorkloadResult  18: 32768 op, 815948400.00 ns, 24.9008 us/op
WorkloadResult  19: 32768 op, 868769800.00 ns, 26.5128 us/op
WorkloadResult  20: 32768 op, 810954500.00 ns, 24.7484 us/op
WorkloadResult  21: 32768 op, 808034400.00 ns, 24.6593 us/op
WorkloadResult  22: 32768 op, 807974300.00 ns, 24.6574 us/op
WorkloadResult  23: 32768 op, 802196700.00 ns, 24.4811 us/op
WorkloadResult  24: 32768 op, 798841500.00 ns, 24.3787 us/op
WorkloadResult  25: 32768 op, 802753000.00 ns, 24.4981 us/op
WorkloadResult  26: 32768 op, 802955200.00 ns, 24.5042 us/op
WorkloadResult  27: 32768 op, 811879000.00 ns, 24.7766 us/op
WorkloadResult  28: 32768 op, 808442400.00 ns, 24.6717 us/op
WorkloadResult  29: 32768 op, 843915700.00 ns, 25.7543 us/op
WorkloadResult  30: 32768 op, 813380600.00 ns, 24.8224 us/op
WorkloadResult  31: 32768 op, 821213900.00 ns, 25.0615 us/op
WorkloadResult  32: 32768 op, 815993100.00 ns, 24.9021 us/op
WorkloadResult  33: 32768 op, 800421100.00 ns, 24.4269 us/op
WorkloadResult  34: 32768 op, 802117900.00 ns, 24.4787 us/op
WorkloadResult  35: 32768 op, 798998300.00 ns, 24.3835 us/op
// GC:  376 79 0 2361131008 32768
// Threading:  0 0 32768

// AfterAll
// Benchmark Process 19384 has exited with code 0.

Mean = 24.855 μs, StdErr = 0.120 μs (0.48%), N = 35, StdDev = 0.707 μs
Min = 24.175 μs, Q1 = 24.480 μs, Median = 24.622 μs, Q3 = 24.830 μs, Max = 27.207 μs
IQR = 0.350 μs, LowerFence = 23.955 μs, UpperFence = 25.355 μs
ConfidenceInterval = [24.424 μs; 25.285 μs] (CI 99.9%), Margin = 0.431 μs (1.73% of Mean)
Skewness = 1.98, Kurtosis = 6.03, MValue = 2

// ** Remained 11 (45,8 %) benchmark(s) to run. Estimated finish 2026-03-17 9:10 (0h 5m from now) **
Setup power plan (GUID: 8c5e7fda-e8bf-4a96-9a85-a6e23a8c635c FriendlyName: Alto rendimiento)
// **************************
// Benchmark: MapearOrdenBenchmark.LeerOrdenFr3_Optimizado: DefaultJob
// *** Execute ***
// Launch: 1 / 1
// Execute: dotnet BenchmarkSuite1-DefaultJob-1.dll --anonymousPipes 2616 5188 --benchmarkName CapaDatos.Benchmarks.MapearOrdenBenchmark.LeerOrdenFr3_Optimizado --job Default --benchmarkId 13 in C:\AOCR\AOCR\AOCR05-01-2026\AOCR1\AOCR\BenchmarkSuite1\bin\Release\net9.0\BenchmarkSuite1-DefaultJob-1\bin\Release\net9.0
// BeforeAnythingElse

// Benchmark Process Environment Information:
// BenchmarkDotNet v0.15.2
// Runtime=.NET 9.0.14 (9.0.1426.11910), X64 RyuJIT AVX2
// GC=Concurrent Workstation
// HardwareIntrinsics=AVX2,AES,BMI1,BMI2,FMA,LZCNT,PCLMUL,POPCNT VectorSize=256
// Job: DefaultJob

OverheadJitting  1: 1 op, 257400.00 ns, 257.4000 us/op
WorkloadJitting  1: 1 op, 1407800.00 ns, 1.4078 ms/op

OverheadJitting  2: 16 op, 858000.00 ns, 53.6250 us/op
WorkloadJitting  2: 16 op, 2879800.00 ns, 179.9875 us/op

WorkloadPilot    1: 16 op, 1826000.00 ns, 114.1250 us/op
WorkloadPilot    2: 32 op, 3173300.00 ns, 99.1656 us/op
WorkloadPilot    3: 64 op, 6514200.00 ns, 101.7844 us/op
WorkloadPilot    4: 128 op, 12196400.00 ns, 95.2844 us/op
WorkloadPilot    5: 256 op, 22669700.00 ns, 88.5535 us/op
WorkloadPilot    6: 512 op, 42502200.00 ns, 83.0121 us/op
WorkloadPilot    7: 1024 op, 81972500.00 ns, 80.0513 us/op
WorkloadPilot    8: 2048 op, 39595800.00 ns, 19.3339 us/op
WorkloadPilot    9: 4096 op, 79008200.00 ns, 19.2891 us/op
WorkloadPilot   10: 8192 op, 150831700.00 ns, 18.4121 us/op
WorkloadPilot   11: 16384 op, 281729200.00 ns, 17.1954 us/op
WorkloadPilot   12: 32768 op, 563466500.00 ns, 17.1956 us/op

OverheadWarmup   1: 32768 op, 119200.00 ns, 3.6377 ns/op
OverheadWarmup   2: 32768 op, 116000.00 ns, 3.5400 ns/op
OverheadWarmup   3: 32768 op, 117300.00 ns, 3.5797 ns/op
OverheadWarmup   4: 32768 op, 119400.00 ns, 3.6438 ns/op
OverheadWarmup   5: 32768 op, 115900.00 ns, 3.5370 ns/op
OverheadWarmup   6: 32768 op, 116900.00 ns, 3.5675 ns/op
OverheadWarmup   7: 32768 op, 116400.00 ns, 3.5522 ns/op

OverheadActual   1: 32768 op, 116900.00 ns, 3.5675 ns/op
OverheadActual   2: 32768 op, 117000.00 ns, 3.5706 ns/op
OverheadActual   3: 32768 op, 116700.00 ns, 3.5614 ns/op
OverheadActual   4: 32768 op, 117100.00 ns, 3.5736 ns/op
OverheadActual   5: 32768 op, 116000.00 ns, 3.5400 ns/op
OverheadActual   6: 32768 op, 115900.00 ns, 3.5370 ns/op
OverheadActual   7: 32768 op, 116900.00 ns, 3.5675 ns/op
OverheadActual   8: 32768 op, 117300.00 ns, 3.5797 ns/op
OverheadActual   9: 32768 op, 115500.00 ns, 3.5248 ns/op
OverheadActual  10: 32768 op, 116900.00 ns, 3.5675 ns/op
OverheadActual  11: 32768 op, 116000.00 ns, 3.5400 ns/op
OverheadActual  12: 32768 op, 116200.00 ns, 3.5461 ns/op
OverheadActual  13: 32768 op, 116000.00 ns, 3.5400 ns/op
OverheadActual  14: 32768 op, 115900.00 ns, 3.5370 ns/op
OverheadActual  15: 32768 op, 116000.00 ns, 3.5400 ns/op

OverheadWarmup   1: 32768 op, 116400.00 ns, 3.5522 ns/op
OverheadWarmup   2: 32768 op, 119200.00 ns, 3.6377 ns/op
OverheadWarmup   3: 32768 op, 116900.00 ns, 3.5675 ns/op
OverheadWarmup   4: 32768 op, 116900.00 ns, 3.5675 ns/op
OverheadWarmup   5: 32768 op, 115900.00 ns, 3.5370 ns/op
OverheadWarmup   6: 32768 op, 116900.00 ns, 3.5675 ns/op

// BeforeActualRun
WorkloadActual   1: 32768 op, 865872100.00 ns, 26.4243 us/op
WorkloadActual   2: 32768 op, 693606500.00 ns, 21.1672 us/op
WorkloadActual   3: 32768 op, 630795300.00 ns, 19.2503 us/op
WorkloadActual   4: 32768 op, 577986500.00 ns, 17.6387 us/op
WorkloadActual   5: 32768 op, 596204300.00 ns, 18.1947 us/op
WorkloadActual   6: 32768 op, 593153600.00 ns, 18.1016 us/op
WorkloadActual   7: 32768 op, 625352100.00 ns, 19.0842 us/op
WorkloadActual   8: 32768 op, 592889200.00 ns, 18.0935 us/op
WorkloadActual   9: 32768 op, 574952600.00 ns, 17.5462 us/op
WorkloadActual  10: 32768 op, 580963800.00 ns, 17.7296 us/op
WorkloadActual  11: 32768 op, 572829600.00 ns, 17.4814 us/op
WorkloadActual  12: 32768 op, 580746300.00 ns, 17.7230 us/op
WorkloadActual  13: 32768 op, 571581200.00 ns, 17.4433 us/op
WorkloadActual  14: 32768 op, 585498700.00 ns, 17.8680 us/op
WorkloadActual  15: 32768 op, 584263500.00 ns, 17.8303 us/op
WorkloadActual  16: 32768 op, 590468200.00 ns, 18.0197 us/op
WorkloadActual  17: 32768 op, 587306100.00 ns, 17.9232 us/op

// AfterActualRun
WorkloadResult   1: 32768 op, 577870300.00 ns, 17.6352 us/op
WorkloadResult   2: 32768 op, 596088100.00 ns, 18.1912 us/op
WorkloadResult   3: 32768 op, 593037400.00 ns, 18.0981 us/op
WorkloadResult   4: 32768 op, 592773000.00 ns, 18.0900 us/op
WorkloadResult   5: 32768 op, 574836400.00 ns, 17.5426 us/op
WorkloadResult   6: 32768 op, 580847600.00 ns, 17.7261 us/op
WorkloadResult   7: 32768 op, 572713400.00 ns, 17.4778 us/op
WorkloadResult   8: 32768 op, 580630100.00 ns, 17.7194 us/op
WorkloadResult   9: 32768 op, 571465000.00 ns, 17.4397 us/op
WorkloadResult  10: 32768 op, 585382500.00 ns, 17.8645 us/op
WorkloadResult  11: 32768 op, 584147300.00 ns, 17.8268 us/op
WorkloadResult  12: 32768 op, 590352000.00 ns, 18.0161 us/op
WorkloadResult  13: 32768 op, 587189900.00 ns, 17.9196 us/op
// GC:  376 79 0 2361131008 32768
// Threading:  0 0 32768

// AfterAll
// Benchmark Process 16088 has exited with code 0.

Mean = 17.811 μs, StdErr = 0.068 μs (0.38%), N = 13, StdDev = 0.246 μs
Min = 17.440 μs, Q1 = 17.635 μs, Median = 17.827 μs, Q3 = 18.016 μs, Max = 18.191 μs
IQR = 0.381 μs, LowerFence = 17.064 μs, UpperFence = 18.587 μs
ConfidenceInterval = [17.516 μs; 18.106 μs] (CI 99.9%), Margin = 0.295 μs (1.66% of Mean)
Skewness = -0.02, Kurtosis = 1.53, MValue = 2

// ** Remained 10 (41,7 %) benchmark(s) to run. Estimated finish 2026-03-17 9:10 (0h 4m from now) **
Setup power plan (GUID: 8c5e7fda-e8bf-4a96-9a85-a6e23a8c635c FriendlyName: Alto rendimiento)
// **************************
// Benchmark: MapearOrdenBenchmark.MapearViatico_Actual: DefaultJob
// *** Execute ***
// Launch: 1 / 1
// Execute: dotnet BenchmarkSuite1-DefaultJob-1.dll --anonymousPipes 5892 4900 --benchmarkName CapaDatos.Benchmarks.MapearOrdenBenchmark.MapearViatico_Actual --job Default --benchmarkId 14 in C:\AOCR\AOCR\AOCR05-01-2026\AOCR1\AOCR\BenchmarkSuite1\bin\Release\net9.0\BenchmarkSuite1-DefaultJob-1\bin\Release\net9.0
// BeforeAnythingElse

// Benchmark Process Environment Information:
// BenchmarkDotNet v0.15.2
// Runtime=.NET 9.0.14 (9.0.1426.11910), X64 RyuJIT AVX2
// GC=Concurrent Workstation
// HardwareIntrinsics=AVX2,AES,BMI1,BMI2,FMA,LZCNT,PCLMUL,POPCNT VectorSize=256
// Job: DefaultJob

OverheadJitting  1: 1 op, 248700.00 ns, 248.7000 us/op
WorkloadJitting  1: 1 op, 2249900.00 ns, 2.2499 ms/op

OverheadJitting  2: 16 op, 878600.00 ns, 54.9125 us/op
WorkloadJitting  2: 16 op, 10182800.00 ns, 636.4250 us/op

WorkloadPilot    1: 16 op, 7526300.00 ns, 470.3938 us/op
WorkloadPilot    2: 32 op, 13931500.00 ns, 435.3594 us/op
WorkloadPilot    3: 64 op, 26717200.00 ns, 417.4563 us/op
WorkloadPilot    4: 128 op, 52207000.00 ns, 407.8672 us/op
WorkloadPilot    5: 256 op, 78470900.00 ns, 306.5270 us/op
WorkloadPilot    6: 512 op, 38262500.00 ns, 74.7314 us/op
WorkloadPilot    7: 1024 op, 75230100.00 ns, 73.4669 us/op
WorkloadPilot    8: 2048 op, 152379300.00 ns, 74.4040 us/op
WorkloadPilot    9: 4096 op, 303638700.00 ns, 74.1305 us/op
WorkloadPilot   10: 8192 op, 591131500.00 ns, 72.1596 us/op

OverheadWarmup   1: 8192 op, 29200.00 ns, 3.5645 ns/op
OverheadWarmup   2: 8192 op, 28500.00 ns, 3.4790 ns/op
OverheadWarmup   3: 8192 op, 28300.00 ns, 3.4546 ns/op
OverheadWarmup   4: 8192 op, 28200.00 ns, 3.4424 ns/op
OverheadWarmup   5: 8192 op, 28200.00 ns, 3.4424 ns/op
OverheadWarmup   6: 8192 op, 28400.00 ns, 3.4668 ns/op
OverheadWarmup   7: 8192 op, 28300.00 ns, 3.4546 ns/op
OverheadWarmup   8: 8192 op, 28100.00 ns, 3.4302 ns/op
OverheadWarmup   9: 8192 op, 28700.00 ns, 3.5034 ns/op

OverheadActual   1: 8192 op, 27800.00 ns, 3.3936 ns/op
OverheadActual   2: 8192 op, 27900.00 ns, 3.4058 ns/op
OverheadActual   3: 8192 op, 28400.00 ns, 3.4668 ns/op
OverheadActual   4: 8192 op, 28100.00 ns, 3.4302 ns/op
OverheadActual   5: 8192 op, 28100.00 ns, 3.4302 ns/op
OverheadActual   6: 8192 op, 27800.00 ns, 3.3936 ns/op
OverheadActual   7: 8192 op, 28400.00 ns, 3.4668 ns/op
OverheadActual   8: 8192 op, 28600.00 ns, 3.4912 ns/op
OverheadActual   9: 8192 op, 28200.00 ns, 3.4424 ns/op
OverheadActual  10: 8192 op, 28400.00 ns, 3.4668 ns/op
OverheadActual  11: 8192 op, 28400.00 ns, 3.4668 ns/op
OverheadActual  12: 8192 op, 28200.00 ns, 3.4424 ns/op
OverheadActual  13: 8192 op, 28300.00 ns, 3.4546 ns/op
OverheadActual  14: 8192 op, 28000.00 ns, 3.4180 ns/op
OverheadActual  15: 8192 op, 28400.00 ns, 3.4668 ns/op

OverheadWarmup   1: 8192 op, 28500.00 ns, 3.4790 ns/op
OverheadWarmup   2: 8192 op, 28500.00 ns, 3.4790 ns/op
OverheadWarmup   3: 8192 op, 28500.00 ns, 3.4790 ns/op
OverheadWarmup   4: 8192 op, 36000.00 ns, 4.3945 ns/op
OverheadWarmup   5: 8192 op, 28400.00 ns, 3.4668 ns/op
OverheadWarmup   6: 8192 op, 28300.00 ns, 3.4546 ns/op

// BeforeActualRun
WorkloadActual   1: 8192 op, 743387300.00 ns, 90.7455 us/op
WorkloadActual   2: 8192 op, 669990700.00 ns, 81.7860 us/op
WorkloadActual   3: 8192 op, 809543100.00 ns, 98.8212 us/op
WorkloadActual   4: 8192 op, 658127800.00 ns, 80.3379 us/op
WorkloadActual   5: 8192 op, 644893800.00 ns, 78.7224 us/op
WorkloadActual   6: 8192 op, 726863400.00 ns, 88.7284 us/op
WorkloadActual   7: 8192 op, 915558100.00 ns, 111.7625 us/op
WorkloadActual   8: 8192 op, 660565300.00 ns, 80.6354 us/op
WorkloadActual   9: 8192 op, 819440600.00 ns, 100.0294 us/op
WorkloadActual  10: 8192 op, 613610700.00 ns, 74.9036 us/op
WorkloadActual  11: 8192 op, 599501600.00 ns, 73.1813 us/op
WorkloadActual  12: 8192 op, 598518800.00 ns, 73.0614 us/op
WorkloadActual  13: 8192 op, 596015300.00 ns, 72.7558 us/op
WorkloadActual  14: 8192 op, 595426700.00 ns, 72.6839 us/op
WorkloadActual  15: 8192 op, 594674300.00 ns, 72.5921 us/op
WorkloadActual  16: 8192 op, 597689600.00 ns, 72.9602 us/op
WorkloadActual  17: 8192 op, 595965800.00 ns, 72.7497 us/op
WorkloadActual  18: 8192 op, 601229600.00 ns, 73.3923 us/op
WorkloadActual  19: 8192 op, 600244700.00 ns, 73.2721 us/op
WorkloadActual  20: 8192 op, 602628600.00 ns, 73.5631 us/op
WorkloadActual  21: 8192 op, 600947000.00 ns, 73.3578 us/op
WorkloadActual  22: 8192 op, 594916100.00 ns, 72.6216 us/op
WorkloadActual  23: 8192 op, 785924500.00 ns, 95.9380 us/op
WorkloadActual  24: 8192 op, 702361900.00 ns, 85.7375 us/op
WorkloadActual  25: 8192 op, 614657400.00 ns, 75.0314 us/op
WorkloadActual  26: 8192 op, 599713900.00 ns, 73.2073 us/op
WorkloadActual  27: 8192 op, 598934000.00 ns, 73.1121 us/op
WorkloadActual  28: 8192 op, 595436000.00 ns, 72.6851 us/op
WorkloadActual  29: 8192 op, 597630000.00 ns, 72.9529 us/op
WorkloadActual  30: 8192 op, 604157100.00 ns, 73.7496 us/op
WorkloadActual  31: 8192 op, 600015600.00 ns, 73.2441 us/op
WorkloadActual  32: 8192 op, 599643800.00 ns, 73.1987 us/op
WorkloadActual  33: 8192 op, 599374500.00 ns, 73.1658 us/op
WorkloadActual  34: 8192 op, 594389000.00 ns, 72.5573 us/op
WorkloadActual  35: 8192 op, 593767400.00 ns, 72.4814 us/op
WorkloadActual  36: 8192 op, 597657300.00 ns, 72.9562 us/op
WorkloadActual  37: 8192 op, 596348900.00 ns, 72.7965 us/op
WorkloadActual  38: 8192 op, 596097100.00 ns, 72.7658 us/op
WorkloadActual  39: 8192 op, 599225000.00 ns, 73.1476 us/op
WorkloadActual  40: 8192 op, 593880000.00 ns, 72.4951 us/op
WorkloadActual  41: 8192 op, 605602000.00 ns, 73.9260 us/op
WorkloadActual  42: 8192 op, 596834500.00 ns, 72.8558 us/op
WorkloadActual  43: 8192 op, 595516400.00 ns, 72.6949 us/op

// AfterActualRun
WorkloadResult   1: 8192 op, 669962500.00 ns, 81.7825 us/op
WorkloadResult   2: 8192 op, 658099600.00 ns, 80.3344 us/op
WorkloadResult   3: 8192 op, 644865600.00 ns, 78.7189 us/op
WorkloadResult   4: 8192 op, 660537100.00 ns, 80.6320 us/op
WorkloadResult   5: 8192 op, 613582500.00 ns, 74.9002 us/op
WorkloadResult   6: 8192 op, 599473400.00 ns, 73.1779 us/op
WorkloadResult   7: 8192 op, 598490600.00 ns, 73.0579 us/op
WorkloadResult   8: 8192 op, 595987100.00 ns, 72.7523 us/op
WorkloadResult   9: 8192 op, 595398500.00 ns, 72.6805 us/op
WorkloadResult  10: 8192 op, 594646100.00 ns, 72.5886 us/op
WorkloadResult  11: 8192 op, 597661400.00 ns, 72.9567 us/op
WorkloadResult  12: 8192 op, 595937600.00 ns, 72.7463 us/op
WorkloadResult  13: 8192 op, 601201400.00 ns, 73.3888 us/op
WorkloadResult  14: 8192 op, 600216500.00 ns, 73.2686 us/op
WorkloadResult  15: 8192 op, 602600400.00 ns, 73.5596 us/op
WorkloadResult  16: 8192 op, 600918800.00 ns, 73.3543 us/op
WorkloadResult  17: 8192 op, 594887900.00 ns, 72.6182 us/op
WorkloadResult  18: 8192 op, 614629200.00 ns, 75.0280 us/op
WorkloadResult  19: 8192 op, 599685700.00 ns, 73.2038 us/op
WorkloadResult  20: 8192 op, 598905800.00 ns, 73.1086 us/op
WorkloadResult  21: 8192 op, 595407800.00 ns, 72.6816 us/op
WorkloadResult  22: 8192 op, 597601800.00 ns, 72.9494 us/op
WorkloadResult  23: 8192 op, 604128900.00 ns, 73.7462 us/op
WorkloadResult  24: 8192 op, 599987400.00 ns, 73.2406 us/op
WorkloadResult  25: 8192 op, 599615600.00 ns, 73.1953 us/op
WorkloadResult  26: 8192 op, 599346300.00 ns, 73.1624 us/op
WorkloadResult  27: 8192 op, 594360800.00 ns, 72.5538 us/op
WorkloadResult  28: 8192 op, 593739200.00 ns, 72.4779 us/op
WorkloadResult  29: 8192 op, 597629100.00 ns, 72.9528 us/op
WorkloadResult  30: 8192 op, 596320700.00 ns, 72.7931 us/op
WorkloadResult  31: 8192 op, 596068900.00 ns, 72.7623 us/op
WorkloadResult  32: 8192 op, 599196800.00 ns, 73.1441 us/op
WorkloadResult  33: 8192 op, 593851800.00 ns, 72.4917 us/op
WorkloadResult  34: 8192 op, 605573800.00 ns, 73.9226 us/op
WorkloadResult  35: 8192 op, 596806300.00 ns, 72.8523 us/op
WorkloadResult  36: 8192 op, 595488200.00 ns, 72.6914 us/op
// GC:  114 28 0 721354752 8192
// Threading:  0 0 8192

// AfterAll
// Benchmark Process 12668 has exited with code 0.

Mean = 73.930 μs, StdErr = 0.401 μs (0.54%), N = 36, StdDev = 2.405 μs
Min = 72.478 μs, Q1 = 72.751 μs, Median = 73.126 μs, Q3 = 73.432 μs, Max = 81.783 μs
IQR = 0.681 μs, LowerFence = 71.730 μs, UpperFence = 74.453 μs
ConfidenceInterval = [72.491 μs; 75.369 μs] (CI 99.9%), Margin = 1.439 μs (1.95% of Mean)
Skewness = 2.25, Kurtosis = 6.71, MValue = 2

// ** Remained 9 (37,5 %) benchmark(s) to run. Estimated finish 2026-03-17 9:10 (0h 4m from now) **
Setup power plan (GUID: 8c5e7fda-e8bf-4a96-9a85-a6e23a8c635c FriendlyName: Alto rendimiento)
// **************************
// Benchmark: MapearOrdenBenchmark.MapearViatico_Optimizado: DefaultJob
// *** Execute ***
// Launch: 1 / 1
// Execute: dotnet BenchmarkSuite1-DefaultJob-1.dll --anonymousPipes 8184 4956 --benchmarkName CapaDatos.Benchmarks.MapearOrdenBenchmark.MapearViatico_Optimizado --job Default --benchmarkId 15 in C:\AOCR\AOCR\AOCR05-01-2026\AOCR1\AOCR\BenchmarkSuite1\bin\Release\net9.0\BenchmarkSuite1-DefaultJob-1\bin\Release\net9.0
// BeforeAnythingElse

// Benchmark Process Environment Information:
// BenchmarkDotNet v0.15.2
// Runtime=.NET 9.0.14 (9.0.1426.11910), X64 RyuJIT AVX2
// GC=Concurrent Workstation
// HardwareIntrinsics=AVX2,AES,BMI1,BMI2,FMA,LZCNT,PCLMUL,POPCNT VectorSize=256
// Job: DefaultJob

OverheadJitting  1: 1 op, 242000.00 ns, 242.0000 us/op
WorkloadJitting  1: 1 op, 2543500.00 ns, 2.5435 ms/op

OverheadJitting  2: 16 op, 866200.00 ns, 54.1375 us/op
WorkloadJitting  2: 16 op, 8016200.00 ns, 501.0125 us/op

WorkloadPilot    1: 16 op, 6854300.00 ns, 428.3938 us/op
WorkloadPilot    2: 32 op, 13007500.00 ns, 406.4844 us/op
WorkloadPilot    3: 64 op, 26412400.00 ns, 412.6938 us/op
WorkloadPilot    4: 128 op, 50570000.00 ns, 395.0781 us/op
WorkloadPilot    5: 256 op, 86836900.00 ns, 339.2066 us/op
WorkloadPilot    6: 512 op, 32359700.00 ns, 63.2025 us/op
WorkloadPilot    7: 1024 op, 63711700.00 ns, 62.2185 us/op
WorkloadPilot    8: 2048 op, 128839800.00 ns, 62.9101 us/op
WorkloadPilot    9: 4096 op, 260216100.00 ns, 63.5293 us/op
WorkloadPilot   10: 8192 op, 500233700.00 ns, 61.0637 us/op

OverheadWarmup   1: 8192 op, 29500.00 ns, 3.6011 ns/op
OverheadWarmup   2: 8192 op, 28700.00 ns, 3.5034 ns/op
OverheadWarmup   3: 8192 op, 32700.00 ns, 3.9917 ns/op
OverheadWarmup   4: 8192 op, 28500.00 ns, 3.4790 ns/op
OverheadWarmup   5: 8192 op, 28700.00 ns, 3.5034 ns/op
OverheadWarmup   6: 8192 op, 28700.00 ns, 3.5034 ns/op

OverheadActual   1: 8192 op, 29400.00 ns, 3.5889 ns/op
OverheadActual   2: 8192 op, 28800.00 ns, 3.5156 ns/op
OverheadActual   3: 8192 op, 29000.00 ns, 3.5400 ns/op
OverheadActual   4: 8192 op, 28700.00 ns, 3.5034 ns/op
OverheadActual   5: 8192 op, 28800.00 ns, 3.5156 ns/op
OverheadActual   6: 8192 op, 28800.00 ns, 3.5156 ns/op
OverheadActual   7: 8192 op, 28600.00 ns, 3.4912 ns/op
OverheadActual   8: 8192 op, 37800.00 ns, 4.6143 ns/op
OverheadActual   9: 8192 op, 28800.00 ns, 3.5156 ns/op
OverheadActual  10: 8192 op, 28700.00 ns, 3.5034 ns/op
OverheadActual  11: 8192 op, 29700.00 ns, 3.6255 ns/op
OverheadActual  12: 8192 op, 28800.00 ns, 3.5156 ns/op
OverheadActual  13: 8192 op, 28700.00 ns, 3.5034 ns/op
OverheadActual  14: 8192 op, 28700.00 ns, 3.5034 ns/op
OverheadActual  15: 8192 op, 28800.00 ns, 3.5156 ns/op

OverheadWarmup   1: 8192 op, 28600.00 ns, 3.4912 ns/op
OverheadWarmup   2: 8192 op, 28500.00 ns, 3.4790 ns/op
OverheadWarmup   3: 8192 op, 28700.00 ns, 3.5034 ns/op
OverheadWarmup   4: 8192 op, 28900.00 ns, 3.5278 ns/op
OverheadWarmup   5: 8192 op, 28800.00 ns, 3.5156 ns/op
OverheadWarmup   6: 8192 op, 28600.00 ns, 3.4912 ns/op
OverheadWarmup   7: 8192 op, 28900.00 ns, 3.5278 ns/op
OverheadWarmup   8: 8192 op, 28800.00 ns, 3.5156 ns/op

// BeforeActualRun
WorkloadActual   1: 8192 op, 534113700.00 ns, 65.1994 us/op
WorkloadActual   2: 8192 op, 508118000.00 ns, 62.0261 us/op
WorkloadActual   3: 8192 op, 516747100.00 ns, 63.0795 us/op
WorkloadActual   4: 8192 op, 503429500.00 ns, 61.4538 us/op
WorkloadActual   5: 8192 op, 502504500.00 ns, 61.3409 us/op
WorkloadActual   6: 8192 op, 501966900.00 ns, 61.2753 us/op
WorkloadActual   7: 8192 op, 505246600.00 ns, 61.6756 us/op
WorkloadActual   8: 8192 op, 500913800.00 ns, 61.1467 us/op
WorkloadActual   9: 8192 op, 501387400.00 ns, 61.2045 us/op
WorkloadActual  10: 8192 op, 503023600.00 ns, 61.4042 us/op
WorkloadActual  11: 8192 op, 504256200.00 ns, 61.5547 us/op
WorkloadActual  12: 8192 op, 503520500.00 ns, 61.4649 us/op
WorkloadActual  13: 8192 op, 501578500.00 ns, 61.2278 us/op
WorkloadActual  14: 8192 op, 503217900.00 ns, 61.4280 us/op
WorkloadActual  15: 8192 op, 513749700.00 ns, 62.7136 us/op

// AfterActualRun
WorkloadResult   1: 8192 op, 508089200.00 ns, 62.0226 us/op
WorkloadResult   2: 8192 op, 503400700.00 ns, 61.4503 us/op
WorkloadResult   3: 8192 op, 502475700.00 ns, 61.3374 us/op
WorkloadResult   4: 8192 op, 501938100.00 ns, 61.2717 us/op
WorkloadResult   5: 8192 op, 505217800.00 ns, 61.6721 us/op
WorkloadResult   6: 8192 op, 500885000.00 ns, 61.1432 us/op
WorkloadResult   7: 8192 op, 501358600.00 ns, 61.2010 us/op
WorkloadResult   8: 8192 op, 502994800.00 ns, 61.4007 us/op
WorkloadResult   9: 8192 op, 504227400.00 ns, 61.5512 us/op
WorkloadResult  10: 8192 op, 503491700.00 ns, 61.4614 us/op
WorkloadResult  11: 8192 op, 501549700.00 ns, 61.2243 us/op
WorkloadResult  12: 8192 op, 503189100.00 ns, 61.4245 us/op
// GC:  114 28 0 721354752 8192
// Threading:  0 0 8192

// AfterAll
// Benchmark Process 3704 has exited with code 0.

Mean = 61.430 μs, StdErr = 0.069 μs (0.11%), N = 12, StdDev = 0.241 μs
Min = 61.143 μs, Q1 = 61.260 μs, Median = 61.413 μs, Q3 = 61.484 μs, Max = 62.023 μs
IQR = 0.224 μs, LowerFence = 60.924 μs, UpperFence = 61.820 μs
ConfidenceInterval = [61.122 μs; 61.738 μs] (CI 99.9%), Margin = 0.308 μs (0.50% of Mean)
Skewness = 1.05, Kurtosis = 3.45, MValue = 2

// ** Remained 8 (33,3 %) benchmark(s) to run. Estimated finish 2026-03-17 9:10 (0h 3m from now) **
Setup power plan (GUID: 8c5e7fda-e8bf-4a96-9a85-a6e23a8c635c FriendlyName: Alto rendimiento)
// **************************
// Benchmark: MapearOrdenBenchmark.MapearLog_Actual: DefaultJob
// *** Execute ***
// Launch: 1 / 1
// Execute: dotnet BenchmarkSuite1-DefaultJob-1.dll --anonymousPipes 4372 3544 --benchmarkName CapaDatos.Benchmarks.MapearOrdenBenchmark.MapearLog_Actual --job Default --benchmarkId 16 in C:\AOCR\AOCR\AOCR05-01-2026\AOCR1\AOCR\BenchmarkSuite1\bin\Release\net9.0\BenchmarkSuite1-DefaultJob-1\bin\Release\net9.0
// BeforeAnythingElse

// Benchmark Process Environment Information:
// BenchmarkDotNet v0.15.2
// Runtime=.NET 9.0.14 (9.0.1426.11910), X64 RyuJIT AVX2
// GC=Concurrent Workstation
// HardwareIntrinsics=AVX2,AES,BMI1,BMI2,FMA,LZCNT,PCLMUL,POPCNT VectorSize=256
// Job: DefaultJob

OverheadJitting  1: 1 op, 311300.00 ns, 311.3000 us/op
WorkloadJitting  1: 1 op, 2512200.00 ns, 2.5122 ms/op

OverheadJitting  2: 16 op, 812100.00 ns, 50.7563 us/op
WorkloadJitting  2: 16 op, 5536600.00 ns, 346.0375 us/op

WorkloadPilot    1: 16 op, 4610100.00 ns, 288.1313 us/op
WorkloadPilot    2: 32 op, 8815500.00 ns, 275.4844 us/op
WorkloadPilot    3: 64 op, 17898400.00 ns, 279.6625 us/op
WorkloadPilot    4: 128 op, 36115000.00 ns, 282.1484 us/op
WorkloadPilot    5: 256 op, 67090700.00 ns, 262.0730 us/op
WorkloadPilot    6: 512 op, 56569600.00 ns, 110.4875 us/op
WorkloadPilot    7: 1024 op, 48522100.00 ns, 47.3849 us/op
WorkloadPilot    8: 2048 op, 97747400.00 ns, 47.7282 us/op
WorkloadPilot    9: 4096 op, 197800700.00 ns, 48.2912 us/op
WorkloadPilot   10: 8192 op, 389550900.00 ns, 47.5526 us/op
WorkloadPilot   11: 16384 op, 822439100.00 ns, 50.1977 us/op

OverheadWarmup   1: 16384 op, 57300.00 ns, 3.4973 ns/op
OverheadWarmup   2: 16384 op, 56600.00 ns, 3.4546 ns/op
OverheadWarmup   3: 16384 op, 55600.00 ns, 3.3936 ns/op
OverheadWarmup   4: 16384 op, 63400.00 ns, 3.8696 ns/op
OverheadWarmup   5: 16384 op, 57000.00 ns, 3.4790 ns/op
OverheadWarmup   6: 16384 op, 56500.00 ns, 3.4485 ns/op
OverheadWarmup   7: 16384 op, 55700.00 ns, 3.3997 ns/op
OverheadWarmup   8: 16384 op, 70000.00 ns, 4.2725 ns/op
OverheadWarmup   9: 16384 op, 59900.00 ns, 3.6560 ns/op

OverheadActual   1: 16384 op, 56100.00 ns, 3.4241 ns/op
OverheadActual   2: 16384 op, 56100.00 ns, 3.4241 ns/op
OverheadActual   3: 16384 op, 57200.00 ns, 3.4912 ns/op
OverheadActual   4: 16384 op, 56700.00 ns, 3.4607 ns/op
OverheadActual   5: 16384 op, 56500.00 ns, 3.4485 ns/op
OverheadActual   6: 16384 op, 64800.00 ns, 3.9551 ns/op
OverheadActual   7: 16384 op, 56500.00 ns, 3.4485 ns/op
OverheadActual   8: 16384 op, 57000.00 ns, 3.4790 ns/op
OverheadActual   9: 16384 op, 56600.00 ns, 3.4546 ns/op
OverheadActual  10: 16384 op, 70000.00 ns, 4.2725 ns/op
OverheadActual  11: 16384 op, 64300.00 ns, 3.9246 ns/op
OverheadActual  12: 16384 op, 56900.00 ns, 3.4729 ns/op
OverheadActual  13: 16384 op, 56500.00 ns, 3.4485 ns/op
OverheadActual  14: 16384 op, 56000.00 ns, 3.4180 ns/op
OverheadActual  15: 16384 op, 56500.00 ns, 3.4485 ns/op

OverheadWarmup   1: 16384 op, 56400.00 ns, 3.4424 ns/op
OverheadWarmup   2: 16384 op, 64800.00 ns, 3.9551 ns/op
OverheadWarmup   3: 16384 op, 56400.00 ns, 3.4424 ns/op
OverheadWarmup   4: 16384 op, 56500.00 ns, 3.4485 ns/op
OverheadWarmup   5: 16384 op, 56100.00 ns, 3.4241 ns/op
OverheadWarmup   6: 16384 op, 55600.00 ns, 3.3936 ns/op

// BeforeActualRun
WorkloadActual   1: 16384 op, 904199400.00 ns, 55.1880 us/op
WorkloadActual   2: 16384 op, 796376400.00 ns, 48.6070 us/op
WorkloadActual   3: 16384 op, 788727200.00 ns, 48.1401 us/op
WorkloadActual   4: 16384 op, 794716400.00 ns, 48.5056 us/op
WorkloadActual   5: 16384 op, 793979000.00 ns, 48.4606 us/op
WorkloadActual   6: 16384 op, 790527400.00 ns, 48.2500 us/op
WorkloadActual   7: 16384 op, 801932600.00 ns, 48.9461 us/op
WorkloadActual   8: 16384 op, 780510300.00 ns, 47.6386 us/op
WorkloadActual   9: 16384 op, 778568200.00 ns, 47.5200 us/op
WorkloadActual  10: 16384 op, 842474900.00 ns, 51.4206 us/op
WorkloadActual  11: 16384 op, 862939000.00 ns, 52.6696 us/op
WorkloadActual  12: 16384 op, 922482000.00 ns, 56.3038 us/op
WorkloadActual  13: 16384 op, 869997500.00 ns, 53.1004 us/op
WorkloadActual  14: 16384 op, 843087500.00 ns, 51.4580 us/op
WorkloadActual  15: 16384 op, 928509500.00 ns, 56.6717 us/op
WorkloadActual  16: 16384 op, 928022200.00 ns, 56.6420 us/op
WorkloadActual  17: 16384 op, 841433100.00 ns, 51.3570 us/op
WorkloadActual  18: 16384 op, 953972800.00 ns, 58.2259 us/op
WorkloadActual  19: 16384 op, 777064700.00 ns, 47.4283 us/op
WorkloadActual  20: 16384 op, 788563100.00 ns, 48.1301 us/op
WorkloadActual  21: 16384 op, 803823800.00 ns, 49.0615 us/op
WorkloadActual  22: 16384 op, 765004800.00 ns, 46.6922 us/op
WorkloadActual  23: 16384 op, 778663500.00 ns, 47.5258 us/op
WorkloadActual  24: 16384 op, 788831100.00 ns, 48.1464 us/op
WorkloadActual  25: 16384 op, 782559300.00 ns, 47.7636 us/op
WorkloadActual  26: 16384 op, 769713800.00 ns, 46.9796 us/op
WorkloadActual  27: 16384 op, 790984800.00 ns, 48.2779 us/op
WorkloadActual  28: 16384 op, 779400000.00 ns, 47.5708 us/op
WorkloadActual  29: 16384 op, 785863000.00 ns, 47.9653 us/op
WorkloadActual  30: 16384 op, 794972600.00 ns, 48.5213 us/op
WorkloadActual  31: 16384 op, 774040200.00 ns, 47.2437 us/op
WorkloadActual  32: 16384 op, 785543600.00 ns, 47.9458 us/op
WorkloadActual  33: 16384 op, 792336100.00 ns, 48.3604 us/op
WorkloadActual  34: 16384 op, 769092900.00 ns, 46.9417 us/op
WorkloadActual  35: 16384 op, 784859300.00 ns, 47.9040 us/op
WorkloadActual  36: 16384 op, 794156700.00 ns, 48.4715 us/op
WorkloadActual  37: 16384 op, 792048200.00 ns, 48.3428 us/op
WorkloadActual  38: 16384 op, 804921400.00 ns, 49.1285 us/op
WorkloadActual  39: 16384 op, 861823200.00 ns, 52.6015 us/op
WorkloadActual  40: 16384 op, 908678900.00 ns, 55.4614 us/op
Successfully reverted power plan (GUID: 611cfc0b-4a76-421d-8fec-f3efc102b093 FriendlyName: Lenovo Default)
