// Validating benchmarks:
// ***** BenchmarkRunner: Start   *****
// ***** Found 14 benchmark(s) in total *****
// ***** Building 1 exe(s) in Parallel: Start   *****
// start dotnet  restore /p:UseSharedCompilation=false /p:BuildInParallel=false /m:1 /p:Deterministic=true /p:Optimize=true /p:ArtifactsPath="C:\AOCR\AOCR\AOCR05-01-2026\AOCR1\AOCR\BenchmarkSuite1\bin\Release\net9.0\BenchmarkSuite1-DefaultJob-1/" /p:OutDir="C:\AOCR\AOCR\AOCR05-01-2026\AOCR1\AOCR\BenchmarkSuite1\bin\Release\net9.0\BenchmarkSuite1-DefaultJob-1\bin\Release\net9.0/" /p:OutputPath="C:\AOCR\AOCR\AOCR05-01-2026\AOCR1\AOCR\BenchmarkSuite1\bin\Release\net9.0\BenchmarkSuite1-DefaultJob-1\bin\Release\net9.0/" /p:PublishDir="C:\AOCR\AOCR\AOCR05-01-2026\AOCR1\AOCR\BenchmarkSuite1\bin\Release\net9.0\BenchmarkSuite1-DefaultJob-1\publish/" in C:\AOCR\AOCR\AOCR05-01-2026\AOCR1\AOCR\BenchmarkSuite1\bin\Release\net9.0\BenchmarkSuite1-DefaultJob-1
// command took 0.99 sec and exited with 0
// start dotnet  build -c Release --no-restore /p:UseSharedCompilation=false /p:BuildInParallel=false /m:1 /p:Deterministic=true /p:Optimize=true /p:ArtifactsPath="C:\AOCR\AOCR\AOCR05-01-2026\AOCR1\AOCR\BenchmarkSuite1\bin\Release\net9.0\BenchmarkSuite1-DefaultJob-1/" /p:OutDir="C:\AOCR\AOCR\AOCR05-01-2026\AOCR1\AOCR\BenchmarkSuite1\bin\Release\net9.0\BenchmarkSuite1-DefaultJob-1\bin\Release\net9.0/" /p:OutputPath="C:\AOCR\AOCR\AOCR05-01-2026\AOCR1\AOCR\BenchmarkSuite1\bin\Release\net9.0\BenchmarkSuite1-DefaultJob-1\bin\Release\net9.0/" /p:PublishDir="C:\AOCR\AOCR\AOCR05-01-2026\AOCR1\AOCR\BenchmarkSuite1\bin\Release\net9.0\BenchmarkSuite1-DefaultJob-1\publish/" --output "C:\AOCR\AOCR\AOCR05-01-2026\AOCR1\AOCR\BenchmarkSuite1\bin\Release\net9.0\BenchmarkSuite1-DefaultJob-1\bin\Release\net9.0/" in C:\AOCR\AOCR\AOCR05-01-2026\AOCR1\AOCR\BenchmarkSuite1\bin\Release\net9.0\BenchmarkSuite1-DefaultJob-1
// command took 4.17 sec and exited with 0
// ***** Done, took 00:00:05 (5.57 sec)   *****
// Found 14 benchmarks:
//   MapearOrdenBenchmark.MapearOrden_Actual: DefaultJob
//   MapearOrdenBenchmark.MapearOrden_Optimizado: DefaultJob
//   MapearOrdenBenchmark.MapearDetalle_Actual: DefaultJob
//   MapearOrdenBenchmark.MapearDetalle_Optimizado: DefaultJob
//   MapearOrdenBenchmark.MapearPagoModel_Actual: DefaultJob
//   MapearOrdenBenchmark.MapearPagoModel_Optimizado: DefaultJob
//   MapearOrdenBenchmark.MapearPagoEntidad_Actual: DefaultJob
//   MapearOrdenBenchmark.MapearPagoEntidad_Optimizado: DefaultJob
//   MapearOrdenBenchmark.LeerOrdenTx_Actual: DefaultJob
//   MapearOrdenBenchmark.LeerOrdenTx_Optimizado: DefaultJob
//   MapearOrdenBenchmark.LeerOrdenMeta_Actual: DefaultJob
//   MapearOrdenBenchmark.LeerOrdenMeta_Optimizado: DefaultJob
//   MapearOrdenBenchmark.LeerOrdenFr3_Actual: DefaultJob
//   MapearOrdenBenchmark.LeerOrdenFr3_Optimizado: DefaultJob

Setup power plan (GUID: 8c5e7fda-e8bf-4a96-9a85-a6e23a8c635c FriendlyName: Alto rendimiento)
// **************************
// Benchmark: MapearOrdenBenchmark.MapearOrden_Actual: DefaultJob
// *** Execute ***
// Launch: 1 / 1
// Execute: dotnet BenchmarkSuite1-DefaultJob-1.dll --anonymousPipes 7996 8000 --benchmarkName CapaDatos.Benchmarks.MapearOrdenBenchmark.MapearOrden_Actual --job Default --benchmarkId 0 in C:\AOCR\AOCR\AOCR05-01-2026\AOCR1\AOCR\BenchmarkSuite1\bin\Release\net9.0\BenchmarkSuite1-DefaultJob-1\bin\Release\net9.0
// BeforeAnythingElse

// Benchmark Process Environment Information:
// BenchmarkDotNet v0.15.2
// Runtime=.NET 9.0.14 (9.0.1426.11910), X64 RyuJIT AVX2
// GC=Concurrent Workstation
// HardwareIntrinsics=AVX2,AES,BMI1,BMI2,FMA,LZCNT,PCLMUL,POPCNT VectorSize=256
// Job: DefaultJob

OverheadJitting  1: 1 op, 170600.00 ns, 170.6000 us/op
WorkloadJitting  1: 1 op, 3480000.00 ns, 3.4800 ms/op

OverheadJitting  2: 16 op, 481200.00 ns, 30.0750 us/op
WorkloadJitting  2: 16 op, 21382700.00 ns, 1.3364 ms/op

WorkloadPilot    1: 16 op, 20380300.00 ns, 1.2738 ms/op
WorkloadPilot    2: 32 op, 41329000.00 ns, 1.2915 ms/op
WorkloadPilot    3: 64 op, 82940400.00 ns, 1.2959 ms/op
WorkloadPilot    4: 128 op, 86048300.00 ns, 672.2523 us/op
WorkloadPilot    5: 256 op, 45165400.00 ns, 176.4273 us/op
WorkloadPilot    6: 512 op, 90792700.00 ns, 177.3295 us/op
WorkloadPilot    7: 1024 op, 180433600.00 ns, 176.2047 us/op
WorkloadPilot    8: 2048 op, 359898900.00 ns, 175.7319 us/op
WorkloadPilot    9: 4096 op, 718281200.00 ns, 175.3616 us/op

OverheadWarmup   1: 4096 op, 15600.00 ns, 3.8086 ns/op
OverheadWarmup   2: 4096 op, 14700.00 ns, 3.5889 ns/op
OverheadWarmup   3: 4096 op, 14800.00 ns, 3.6133 ns/op
OverheadWarmup   4: 4096 op, 14600.00 ns, 3.5645 ns/op
OverheadWarmup   5: 4096 op, 14500.00 ns, 3.5400 ns/op
OverheadWarmup   6: 4096 op, 14700.00 ns, 3.5889 ns/op
OverheadWarmup   7: 4096 op, 14500.00 ns, 3.5400 ns/op

OverheadActual   1: 4096 op, 34400.00 ns, 8.3984 ns/op
OverheadActual   2: 4096 op, 14800.00 ns, 3.6133 ns/op
OverheadActual   3: 4096 op, 14800.00 ns, 3.6133 ns/op
OverheadActual   4: 4096 op, 14800.00 ns, 3.6133 ns/op
OverheadActual   5: 4096 op, 14800.00 ns, 3.6133 ns/op
OverheadActual   6: 4096 op, 14700.00 ns, 3.5889 ns/op
OverheadActual   7: 4096 op, 14800.00 ns, 3.6133 ns/op
OverheadActual   8: 4096 op, 14600.00 ns, 3.5645 ns/op
OverheadActual   9: 4096 op, 14800.00 ns, 3.6133 ns/op
OverheadActual  10: 4096 op, 15000.00 ns, 3.6621 ns/op
OverheadActual  11: 4096 op, 14500.00 ns, 3.5400 ns/op
OverheadActual  12: 4096 op, 14500.00 ns, 3.5400 ns/op
OverheadActual  13: 4096 op, 14600.00 ns, 3.5645 ns/op
OverheadActual  14: 4096 op, 14800.00 ns, 3.6133 ns/op
OverheadActual  15: 4096 op, 14600.00 ns, 3.5645 ns/op

OverheadWarmup   1: 4096 op, 14800.00 ns, 3.6133 ns/op
OverheadWarmup   2: 4096 op, 14600.00 ns, 3.5645 ns/op
OverheadWarmup   3: 4096 op, 14600.00 ns, 3.5645 ns/op
OverheadWarmup   4: 4096 op, 14700.00 ns, 3.5889 ns/op
OverheadWarmup   5: 4096 op, 14600.00 ns, 3.5645 ns/op
OverheadWarmup   6: 4096 op, 14600.00 ns, 3.5645 ns/op

// BeforeActualRun
WorkloadActual   1: 4096 op, 750866300.00 ns, 183.3170 us/op
WorkloadActual   2: 4096 op, 748789200.00 ns, 182.8099 us/op
WorkloadActual   3: 4096 op, 735396300.00 ns, 179.5401 us/op
WorkloadActual   4: 4096 op, 731126600.00 ns, 178.4977 us/op
WorkloadActual   5: 4096 op, 737842000.00 ns, 180.1372 us/op
WorkloadActual   6: 4096 op, 721789800.00 ns, 176.2182 us/op
WorkloadActual   7: 4096 op, 723919700.00 ns, 176.7382 us/op
WorkloadActual   8: 4096 op, 738007100.00 ns, 180.1775 us/op
WorkloadActual   9: 4096 op, 722359300.00 ns, 176.3573 us/op
WorkloadActual  10: 4096 op, 724620900.00 ns, 176.9094 us/op
WorkloadActual  11: 4096 op, 753267400.00 ns, 183.9032 us/op
WorkloadActual  12: 4096 op, 721216400.00 ns, 176.0782 us/op
WorkloadActual  13: 4096 op, 743532800.00 ns, 181.5266 us/op
WorkloadActual  14: 4096 op, 860308600.00 ns, 210.0363 us/op
WorkloadActual  15: 4096 op, 748519600.00 ns, 182.7440 us/op

// AfterActualRun
WorkloadResult   1: 4096 op, 750851500.00 ns, 183.3134 us/op
WorkloadResult   2: 4096 op, 748774400.00 ns, 182.8063 us/op
WorkloadResult   3: 4096 op, 735381500.00 ns, 179.5365 us/op
WorkloadResult   4: 4096 op, 731111800.00 ns, 178.4941 us/op
WorkloadResult   5: 4096 op, 737827200.00 ns, 180.1336 us/op
WorkloadResult   6: 4096 op, 721775000.00 ns, 176.2146 us/op
WorkloadResult   7: 4096 op, 723904900.00 ns, 176.7346 us/op
WorkloadResult   8: 4096 op, 737992300.00 ns, 180.1739 us/op
WorkloadResult   9: 4096 op, 722344500.00 ns, 176.3536 us/op
WorkloadResult  10: 4096 op, 724606100.00 ns, 176.9058 us/op
WorkloadResult  11: 4096 op, 753252600.00 ns, 183.8996 us/op
WorkloadResult  12: 4096 op, 721201600.00 ns, 176.0746 us/op
WorkloadResult  13: 4096 op, 743518000.00 ns, 181.5229 us/op
WorkloadResult  14: 4096 op, 748504800.00 ns, 182.7404 us/op
// GC:  67 19 0 426213376 4096
// Threading:  0 0 4096

// AfterAll
// Benchmark Process 36228 has exited with code 0.

Mean = 179.636 μs, StdErr = 0.770 μs (0.43%), N = 14, StdDev = 2.880 μs
Min = 176.075 μs, Q1 = 176.777 μs, Median = 179.835 μs, Q3 = 182.436 μs, Max = 183.900 μs
IQR = 5.659 μs, LowerFence = 168.289 μs, UpperFence = 190.924 μs
ConfidenceInterval = [176.387 μs; 182.885 μs] (CI 99.9%), Margin = 3.249 μs (1.81% of Mean)
Skewness = 0.09, Kurtosis = 1.31, MValue = 2

// ** Remained 13 (92,9 %) benchmark(s) to run. Estimated finish 2026-03-16 16:54 (0h 3m from now) **
Setup power plan (GUID: 8c5e7fda-e8bf-4a96-9a85-a6e23a8c635c FriendlyName: Alto rendimiento)
// **************************
// Benchmark: MapearOrdenBenchmark.MapearOrden_Optimizado: DefaultJob
// *** Execute ***
// Launch: 1 / 1
// Execute: dotnet BenchmarkSuite1-DefaultJob-1.dll --anonymousPipes 7860 7864 --benchmarkName CapaDatos.Benchmarks.MapearOrdenBenchmark.MapearOrden_Optimizado --job Default --benchmarkId 1 in C:\AOCR\AOCR\AOCR05-01-2026\AOCR1\AOCR\BenchmarkSuite1\bin\Release\net9.0\BenchmarkSuite1-DefaultJob-1\bin\Release\net9.0
// BeforeAnythingElse

// Benchmark Process Environment Information:
// BenchmarkDotNet v0.15.2
// Runtime=.NET 9.0.14 (9.0.1426.11910), X64 RyuJIT AVX2
// GC=Concurrent Workstation
// HardwareIntrinsics=AVX2,AES,BMI1,BMI2,FMA,LZCNT,PCLMUL,POPCNT VectorSize=256
// Job: DefaultJob

OverheadJitting  1: 1 op, 174300.00 ns, 174.3000 us/op
WorkloadJitting  1: 1 op, 2588200.00 ns, 2.5882 ms/op

OverheadJitting  2: 16 op, 484200.00 ns, 30.2625 us/op
WorkloadJitting  2: 16 op, 14949000.00 ns, 934.3125 us/op

WorkloadPilot    1: 16 op, 13762900.00 ns, 860.1813 us/op
WorkloadPilot    2: 32 op, 28508100.00 ns, 890.8781 us/op
WorkloadPilot    3: 64 op, 56214700.00 ns, 878.3547 us/op
WorkloadPilot    4: 128 op, 105117900.00 ns, 821.2336 us/op
WorkloadPilot    5: 256 op, 55798500.00 ns, 217.9629 us/op
WorkloadPilot    6: 512 op, 76828500.00 ns, 150.0557 us/op
WorkloadPilot    7: 1024 op, 139407500.00 ns, 136.1401 us/op
WorkloadPilot    8: 2048 op, 222794100.00 ns, 108.7862 us/op
WorkloadPilot    9: 4096 op, 410837400.00 ns, 100.3021 us/op
WorkloadPilot   10: 8192 op, 933379000.00 ns, 113.9379 us/op

OverheadWarmup   1: 8192 op, 29300.00 ns, 3.5767 ns/op
OverheadWarmup   2: 8192 op, 28700.00 ns, 3.5034 ns/op
OverheadWarmup   3: 8192 op, 28500.00 ns, 3.4790 ns/op
OverheadWarmup   4: 8192 op, 28700.00 ns, 3.5034 ns/op
OverheadWarmup   5: 8192 op, 28500.00 ns, 3.4790 ns/op
OverheadWarmup   6: 8192 op, 34700.00 ns, 4.2358 ns/op
OverheadWarmup   7: 8192 op, 29200.00 ns, 3.5645 ns/op

OverheadActual   1: 8192 op, 28700.00 ns, 3.5034 ns/op
OverheadActual   2: 8192 op, 29200.00 ns, 3.5645 ns/op
OverheadActual   3: 8192 op, 28500.00 ns, 3.4790 ns/op
OverheadActual   4: 8192 op, 28600.00 ns, 3.4912 ns/op
OverheadActual   5: 8192 op, 28500.00 ns, 3.4790 ns/op
OverheadActual   6: 8192 op, 29200.00 ns, 3.5645 ns/op
OverheadActual   7: 8192 op, 28600.00 ns, 3.4912 ns/op
OverheadActual   8: 8192 op, 28600.00 ns, 3.4912 ns/op
OverheadActual   9: 8192 op, 28600.00 ns, 3.4912 ns/op
OverheadActual  10: 8192 op, 29000.00 ns, 3.5400 ns/op
OverheadActual  11: 8192 op, 28900.00 ns, 3.5278 ns/op
OverheadActual  12: 8192 op, 28400.00 ns, 3.4668 ns/op
OverheadActual  13: 8192 op, 28700.00 ns, 3.5034 ns/op
OverheadActual  14: 8192 op, 28800.00 ns, 3.5156 ns/op
OverheadActual  15: 8192 op, 28500.00 ns, 3.4790 ns/op

OverheadWarmup   1: 8192 op, 28600.00 ns, 3.4912 ns/op
OverheadWarmup   2: 8192 op, 29200.00 ns, 3.5645 ns/op
OverheadWarmup   3: 8192 op, 29500.00 ns, 3.6011 ns/op
OverheadWarmup   4: 8192 op, 28600.00 ns, 3.4912 ns/op
OverheadWarmup   5: 8192 op, 28500.00 ns, 3.4790 ns/op
OverheadWarmup   6: 8192 op, 28500.00 ns, 3.4790 ns/op
OverheadWarmup   7: 8192 op, 28900.00 ns, 3.5278 ns/op

// BeforeActualRun
WorkloadActual   1: 8192 op, 753566800.00 ns, 91.9881 us/op
WorkloadActual   2: 8192 op, 751705400.00 ns, 91.7609 us/op
WorkloadActual   3: 8192 op, 757800800.00 ns, 92.5050 us/op
WorkloadActual   4: 8192 op, 752373800.00 ns, 91.8425 us/op
WorkloadActual   5: 8192 op, 753500500.00 ns, 91.9800 us/op
WorkloadActual   6: 8192 op, 747523100.00 ns, 91.2504 us/op
WorkloadActual   7: 8192 op, 796374000.00 ns, 97.2136 us/op
WorkloadActual   8: 8192 op, 847736900.00 ns, 103.4835 us/op
WorkloadActual   9: 8192 op, 748467300.00 ns, 91.3656 us/op
WorkloadActual  10: 8192 op, 749827000.00 ns, 91.5316 us/op
WorkloadActual  11: 8192 op, 748445500.00 ns, 91.3630 us/op
WorkloadActual  12: 8192 op, 750769100.00 ns, 91.6466 us/op
WorkloadActual  13: 8192 op, 754743100.00 ns, 92.1317 us/op
WorkloadActual  14: 8192 op, 753527600.00 ns, 91.9833 us/op
WorkloadActual  15: 8192 op, 747945800.00 ns, 91.3020 us/op

// AfterActualRun
WorkloadResult   1: 8192 op, 753538200.00 ns, 91.9846 us/op
WorkloadResult   2: 8192 op, 751676800.00 ns, 91.7574 us/op
WorkloadResult   3: 8192 op, 757772200.00 ns, 92.5015 us/op
WorkloadResult   4: 8192 op, 752345200.00 ns, 91.8390 us/op
WorkloadResult   5: 8192 op, 753471900.00 ns, 91.9766 us/op
WorkloadResult   6: 8192 op, 747494500.00 ns, 91.2469 us/op
WorkloadResult   7: 8192 op, 748438700.00 ns, 91.3621 us/op
WorkloadResult   8: 8192 op, 749798400.00 ns, 91.5281 us/op
WorkloadResult   9: 8192 op, 748416900.00 ns, 91.3595 us/op
WorkloadResult  10: 8192 op, 750740500.00 ns, 91.6431 us/op
WorkloadResult  11: 8192 op, 754714500.00 ns, 92.1282 us/op
WorkloadResult  12: 8192 op, 753499000.00 ns, 91.9799 us/op
WorkloadResult  13: 8192 op, 747917200.00 ns, 91.2985 us/op
// GC:  135 38 0 852426752 8192
// Threading:  0 0 8192

// AfterAll
// Benchmark Process 32516 has exited with code 0.

Mean = 91.739 μs, StdErr = 0.104 μs (0.11%), N = 13, StdDev = 0.376 μs
Min = 91.247 μs, Q1 = 91.362 μs, Median = 91.757 μs, Q3 = 91.980 μs, Max = 92.501 μs
IQR = 0.618 μs, LowerFence = 90.436 μs, UpperFence = 92.906 μs
ConfidenceInterval = [91.289 μs; 92.189 μs] (CI 99.9%), Margin = 0.450 μs (0.49% of Mean)
Skewness = 0.32, Kurtosis = 1.97, MValue = 2

// ** Remained 12 (85,7 %) benchmark(s) to run. Estimated finish 2026-03-16 16:54 (0h 3m from now) **
Setup power plan (GUID: 8c5e7fda-e8bf-4a96-9a85-a6e23a8c635c FriendlyName: Alto rendimiento)
// **************************
// Benchmark: MapearOrdenBenchmark.MapearDetalle_Actual: DefaultJob
// *** Execute ***
// Launch: 1 / 1
// Execute: dotnet BenchmarkSuite1-DefaultJob-1.dll --anonymousPipes 8312 1652 --benchmarkName CapaDatos.Benchmarks.MapearOrdenBenchmark.MapearDetalle_Actual --job Default --benchmarkId 2 in C:\AOCR\AOCR\AOCR05-01-2026\AOCR1\AOCR\BenchmarkSuite1\bin\Release\net9.0\BenchmarkSuite1-DefaultJob-1\bin\Release\net9.0
// BeforeAnythingElse

// Benchmark Process Environment Information:
// BenchmarkDotNet v0.15.2
// Runtime=.NET 9.0.14 (9.0.1426.11910), X64 RyuJIT AVX2
// GC=Concurrent Workstation
// HardwareIntrinsics=AVX2,AES,BMI1,BMI2,FMA,LZCNT,PCLMUL,POPCNT VectorSize=256
// Job: DefaultJob

OverheadJitting  1: 1 op, 974300.00 ns, 974.3000 us/op
WorkloadJitting  1: 1 op, 1956000.00 ns, 1.9560 ms/op

OverheadJitting  2: 16 op, 487100.00 ns, 30.4438 us/op
WorkloadJitting  2: 16 op, 10977700.00 ns, 686.1063 us/op

WorkloadPilot    1: 16 op, 10473900.00 ns, 654.6188 us/op
WorkloadPilot    2: 32 op, 20160700.00 ns, 630.0219 us/op
WorkloadPilot    3: 64 op, 40799000.00 ns, 637.4844 us/op
WorkloadPilot    4: 128 op, 78787400.00 ns, 615.5266 us/op
WorkloadPilot    5: 256 op, 76833700.00 ns, 300.1316 us/op
WorkloadPilot    6: 512 op, 41905700.00 ns, 81.8471 us/op
WorkloadPilot    7: 1024 op, 85695600.00 ns, 83.6871 us/op
WorkloadPilot    8: 2048 op, 169054600.00 ns, 82.5462 us/op
WorkloadPilot    9: 4096 op, 337237500.00 ns, 82.3334 us/op
WorkloadPilot   10: 8192 op, 657881900.00 ns, 80.3078 us/op

OverheadWarmup   1: 8192 op, 29700.00 ns, 3.6255 ns/op
OverheadWarmup   2: 8192 op, 28600.00 ns, 3.4912 ns/op
OverheadWarmup   3: 8192 op, 28200.00 ns, 3.4424 ns/op
OverheadWarmup   4: 8192 op, 28500.00 ns, 3.4790 ns/op
OverheadWarmup   5: 8192 op, 28700.00 ns, 3.5034 ns/op
OverheadWarmup   6: 8192 op, 28700.00 ns, 3.5034 ns/op
OverheadWarmup   7: 8192 op, 28100.00 ns, 3.4302 ns/op
OverheadWarmup   8: 8192 op, 28200.00 ns, 3.4424 ns/op

OverheadActual   1: 8192 op, 28900.00 ns, 3.5278 ns/op
OverheadActual   2: 8192 op, 28400.00 ns, 3.4668 ns/op
OverheadActual   3: 8192 op, 29100.00 ns, 3.5522 ns/op
OverheadActual   4: 8192 op, 28600.00 ns, 3.4912 ns/op
OverheadActual   5: 8192 op, 28200.00 ns, 3.4424 ns/op
OverheadActual   6: 8192 op, 28300.00 ns, 3.4546 ns/op
OverheadActual   7: 8192 op, 28700.00 ns, 3.5034 ns/op
OverheadActual   8: 8192 op, 28200.00 ns, 3.4424 ns/op
OverheadActual   9: 8192 op, 29400.00 ns, 3.5889 ns/op
OverheadActual  10: 8192 op, 28600.00 ns, 3.4912 ns/op
OverheadActual  11: 8192 op, 28700.00 ns, 3.5034 ns/op
OverheadActual  12: 8192 op, 27900.00 ns, 3.4058 ns/op
OverheadActual  13: 8192 op, 28300.00 ns, 3.4546 ns/op
OverheadActual  14: 8192 op, 28500.00 ns, 3.4790 ns/op
OverheadActual  15: 8192 op, 28600.00 ns, 3.4912 ns/op

OverheadWarmup   1: 8192 op, 28300.00 ns, 3.4546 ns/op
OverheadWarmup   2: 8192 op, 28700.00 ns, 3.5034 ns/op
OverheadWarmup   3: 8192 op, 28100.00 ns, 3.4302 ns/op
OverheadWarmup   4: 8192 op, 28200.00 ns, 3.4424 ns/op
OverheadWarmup   5: 8192 op, 28200.00 ns, 3.4424 ns/op
OverheadWarmup   6: 8192 op, 28600.00 ns, 3.4912 ns/op

// BeforeActualRun
WorkloadActual   1: 8192 op, 672502600.00 ns, 82.0926 us/op
WorkloadActual   2: 8192 op, 673800000.00 ns, 82.2510 us/op
WorkloadActual   3: 8192 op, 675359500.00 ns, 82.4413 us/op
WorkloadActual   4: 8192 op, 671726000.00 ns, 81.9978 us/op
WorkloadActual   5: 8192 op, 673988200.00 ns, 82.2740 us/op
WorkloadActual   6: 8192 op, 680329600.00 ns, 83.0480 us/op
WorkloadActual   7: 8192 op, 678993700.00 ns, 82.8850 us/op
WorkloadActual   8: 8192 op, 677733800.00 ns, 82.7312 us/op
WorkloadActual   9: 8192 op, 736691100.00 ns, 89.9281 us/op
WorkloadActual  10: 8192 op, 717396500.00 ns, 87.5728 us/op
WorkloadActual  11: 8192 op, 700287100.00 ns, 85.4843 us/op
WorkloadActual  12: 8192 op, 694646700.00 ns, 84.7957 us/op
WorkloadActual  13: 8192 op, 677758800.00 ns, 82.7342 us/op
WorkloadActual  14: 8192 op, 674340000.00 ns, 82.3169 us/op
WorkloadActual  15: 8192 op, 674924500.00 ns, 82.3882 us/op

// AfterActualRun
WorkloadResult   1: 8192 op, 672474000.00 ns, 82.0891 us/op
WorkloadResult   2: 8192 op, 673771400.00 ns, 82.2475 us/op
WorkloadResult   3: 8192 op, 675330900.00 ns, 82.4379 us/op
WorkloadResult   4: 8192 op, 671697400.00 ns, 81.9943 us/op
WorkloadResult   5: 8192 op, 673959600.00 ns, 82.2705 us/op
WorkloadResult   6: 8192 op, 680301000.00 ns, 83.0446 us/op
WorkloadResult   7: 8192 op, 678965100.00 ns, 82.8815 us/op
WorkloadResult   8: 8192 op, 677705200.00 ns, 82.7277 us/op
WorkloadResult   9: 8192 op, 700258500.00 ns, 85.4808 us/op
WorkloadResult  10: 8192 op, 694618100.00 ns, 84.7922 us/op
WorkloadResult  11: 8192 op, 677730200.00 ns, 82.7307 us/op
WorkloadResult  12: 8192 op, 674311400.00 ns, 82.3134 us/op
WorkloadResult  13: 8192 op, 674895900.00 ns, 82.3848 us/op
// GC:  99 23 0 623050752 8192
// Threading:  0 0 8192

// AfterAll
// Benchmark Process 9352 has exited with code 0.

Mean = 82.877 μs, StdErr = 0.293 μs (0.35%), N = 13, StdDev = 1.058 μs
Min = 81.994 μs, Q1 = 82.270 μs, Median = 82.438 μs, Q3 = 82.881 μs, Max = 85.481 μs
IQR = 0.611 μs, LowerFence = 81.354 μs, UpperFence = 83.798 μs
ConfidenceInterval = [81.609 μs; 84.144 μs] (CI 99.9%), Margin = 1.267 μs (1.53% of Mean)
Skewness = 1.47, Kurtosis = 3.74, MValue = 2

// ** Remained 11 (78,6 %) benchmark(s) to run. Estimated finish 2026-03-16 16:54 (0h 3m from now) **
Setup power plan (GUID: 8c5e7fda-e8bf-4a96-9a85-a6e23a8c635c FriendlyName: Alto rendimiento)
// **************************
// Benchmark: MapearOrdenBenchmark.MapearDetalle_Optimizado: DefaultJob
// *** Execute ***
// Launch: 1 / 1
// Execute: dotnet BenchmarkSuite1-DefaultJob-1.dll --anonymousPipes 892 7988 --benchmarkName CapaDatos.Benchmarks.MapearOrdenBenchmark.MapearDetalle_Optimizado --job Default --benchmarkId 3 in C:\AOCR\AOCR\AOCR05-01-2026\AOCR1\AOCR\BenchmarkSuite1\bin\Release\net9.0\BenchmarkSuite1-DefaultJob-1\bin\Release\net9.0
// BeforeAnythingElse

// Benchmark Process Environment Information:
// BenchmarkDotNet v0.15.2
// Runtime=.NET 9.0.14 (9.0.1426.11910), X64 RyuJIT AVX2
// GC=Concurrent Workstation
// HardwareIntrinsics=AVX2,AES,BMI1,BMI2,FMA,LZCNT,PCLMUL,POPCNT VectorSize=256
// Job: DefaultJob

OverheadJitting  1: 1 op, 162100.00 ns, 162.1000 us/op
WorkloadJitting  1: 1 op, 1762500.00 ns, 1.7625 ms/op

OverheadJitting  2: 16 op, 479900.00 ns, 29.9938 us/op
WorkloadJitting  2: 16 op, 8404700.00 ns, 525.2938 us/op

WorkloadPilot    1: 16 op, 7673200.00 ns, 479.5750 us/op
WorkloadPilot    2: 32 op, 15267200.00 ns, 477.1000 us/op
WorkloadPilot    3: 64 op, 29903700.00 ns, 467.2453 us/op
WorkloadPilot    4: 128 op, 57865900.00 ns, 452.0773 us/op
WorkloadPilot    5: 256 op, 109541900.00 ns, 427.8980 us/op
WorkloadPilot    6: 512 op, 30943000.00 ns, 60.4355 us/op
WorkloadPilot    7: 1024 op, 57827500.00 ns, 56.4722 us/op
WorkloadPilot    8: 2048 op, 117776200.00 ns, 57.5079 us/op
WorkloadPilot    9: 4096 op, 231314200.00 ns, 56.4732 us/op
WorkloadPilot   10: 8192 op, 443293900.00 ns, 54.1130 us/op
WorkloadPilot   11: 16384 op, 886083000.00 ns, 54.0822 us/op

OverheadWarmup   1: 16384 op, 57000.00 ns, 3.4790 ns/op
OverheadWarmup   2: 16384 op, 56300.00 ns, 3.4363 ns/op
OverheadWarmup   3: 16384 op, 61400.00 ns, 3.7476 ns/op
OverheadWarmup   4: 16384 op, 56700.00 ns, 3.4607 ns/op
OverheadWarmup   5: 16384 op, 56700.00 ns, 3.4607 ns/op
OverheadWarmup   6: 16384 op, 55800.00 ns, 3.4058 ns/op

OverheadActual   1: 16384 op, 57000.00 ns, 3.4790 ns/op
OverheadActual   2: 16384 op, 55600.00 ns, 3.3936 ns/op
OverheadActual   3: 16384 op, 56700.00 ns, 3.4607 ns/op
OverheadActual   4: 16384 op, 55800.00 ns, 3.4058 ns/op
OverheadActual   5: 16384 op, 55600.00 ns, 3.3936 ns/op
OverheadActual   6: 16384 op, 55300.00 ns, 3.3752 ns/op
OverheadActual   7: 16384 op, 56100.00 ns, 3.4241 ns/op
OverheadActual   8: 16384 op, 55800.00 ns, 3.4058 ns/op
OverheadActual   9: 16384 op, 56300.00 ns, 3.4363 ns/op
OverheadActual  10: 16384 op, 60900.00 ns, 3.7170 ns/op
OverheadActual  11: 16384 op, 56600.00 ns, 3.4546 ns/op
OverheadActual  12: 16384 op, 56500.00 ns, 3.4485 ns/op
OverheadActual  13: 16384 op, 56300.00 ns, 3.4363 ns/op
OverheadActual  14: 16384 op, 56100.00 ns, 3.4241 ns/op
OverheadActual  15: 16384 op, 56100.00 ns, 3.4241 ns/op

OverheadWarmup   1: 16384 op, 55800.00 ns, 3.4058 ns/op
OverheadWarmup   2: 16384 op, 56800.00 ns, 3.4668 ns/op
OverheadWarmup   3: 16384 op, 55800.00 ns, 3.4058 ns/op
OverheadWarmup   4: 16384 op, 56400.00 ns, 3.4424 ns/op
OverheadWarmup   5: 16384 op, 57200.00 ns, 3.4912 ns/op
OverheadWarmup   6: 16384 op, 55800.00 ns, 3.4058 ns/op

// BeforeActualRun
WorkloadActual   1: 16384 op, 906764900.00 ns, 55.3445 us/op
WorkloadActual   2: 16384 op, 909621700.00 ns, 55.5189 us/op
WorkloadActual   3: 16384 op, 904859700.00 ns, 55.2283 us/op
WorkloadActual   4: 16384 op, 901935600.00 ns, 55.0498 us/op
WorkloadActual   5: 16384 op, 901368200.00 ns, 55.0151 us/op
WorkloadActual   6: 16384 op, 916835600.00 ns, 55.9592 us/op
WorkloadActual   7: 16384 op, 903511100.00 ns, 55.1459 us/op
WorkloadActual   8: 16384 op, 913194900.00 ns, 55.7370 us/op
WorkloadActual   9: 16384 op, 903665300.00 ns, 55.1554 us/op
WorkloadActual  10: 16384 op, 906658000.00 ns, 55.3380 us/op
WorkloadActual  11: 16384 op, 905370500.00 ns, 55.2594 us/op
WorkloadActual  12: 16384 op, 908678800.00 ns, 55.4614 us/op
WorkloadActual  13: 16384 op, 912129800.00 ns, 55.6720 us/op
WorkloadActual  14: 16384 op, 908759300.00 ns, 55.4663 us/op
WorkloadActual  15: 16384 op, 970347800.00 ns, 59.2253 us/op

// AfterActualRun
WorkloadResult   1: 16384 op, 906708800.00 ns, 55.3411 us/op
WorkloadResult   2: 16384 op, 909565600.00 ns, 55.5155 us/op
WorkloadResult   3: 16384 op, 904803600.00 ns, 55.2248 us/op
WorkloadResult   4: 16384 op, 901879500.00 ns, 55.0464 us/op
WorkloadResult   5: 16384 op, 901312100.00 ns, 55.0117 us/op
WorkloadResult   6: 16384 op, 916779500.00 ns, 55.9558 us/op
WorkloadResult   7: 16384 op, 903455000.00 ns, 55.1425 us/op
WorkloadResult   8: 16384 op, 913138800.00 ns, 55.7336 us/op
WorkloadResult   9: 16384 op, 903609200.00 ns, 55.1519 us/op
WorkloadResult  10: 16384 op, 906601900.00 ns, 55.3346 us/op
WorkloadResult  11: 16384 op, 905314400.00 ns, 55.2560 us/op
WorkloadResult  12: 16384 op, 908622700.00 ns, 55.4579 us/op
WorkloadResult  13: 16384 op, 912073700.00 ns, 55.6686 us/op
WorkloadResult  14: 16384 op, 908703200.00 ns, 55.4628 us/op
// GC:  198 47 0 1246101504 16384
// Threading:  0 0 16384

// AfterAll
// Benchmark Process 22380 has exited with code 0.

Mean = 55.379 μs, StdErr = 0.073 μs (0.13%), N = 14, StdDev = 0.273 μs
Min = 55.012 μs, Q1 = 55.170 μs, Median = 55.338 μs, Q3 = 55.502 μs, Max = 55.956 μs
IQR = 0.332 μs, LowerFence = 54.672 μs, UpperFence = 56.001 μs
ConfidenceInterval = [55.071 μs; 55.687 μs] (CI 99.9%), Margin = 0.308 μs (0.56% of Mean)
Skewness = 0.52, Kurtosis = 2.2, MValue = 2

// ** Remained 10 (71,4 %) benchmark(s) to run. Estimated finish 2026-03-16 16:54 (0h 3m from now) **
Setup power plan (GUID: 8c5e7fda-e8bf-4a96-9a85-a6e23a8c635c FriendlyName: Alto rendimiento)
// **************************
// Benchmark: MapearOrdenBenchmark.MapearPagoModel_Actual: DefaultJob
// *** Execute ***
// Launch: 1 / 1
// Execute: dotnet BenchmarkSuite1-DefaultJob-1.dll --anonymousPipes 8560 1116 --benchmarkName CapaDatos.Benchmarks.MapearOrdenBenchmark.MapearPagoModel_Actual --job Default --benchmarkId 4 in C:\AOCR\AOCR\AOCR05-01-2026\AOCR1\AOCR\BenchmarkSuite1\bin\Release\net9.0\BenchmarkSuite1-DefaultJob-1\bin\Release\net9.0
// BeforeAnythingElse

// Benchmark Process Environment Information:
// BenchmarkDotNet v0.15.2
// Runtime=.NET 9.0.14 (9.0.1426.11910), X64 RyuJIT AVX2
// GC=Concurrent Workstation
// HardwareIntrinsics=AVX2,AES,BMI1,BMI2,FMA,LZCNT,PCLMUL,POPCNT VectorSize=256
// Job: DefaultJob

OverheadJitting  1: 1 op, 163200.00 ns, 163.2000 us/op
WorkloadJitting  1: 1 op, 2537800.00 ns, 2.5378 ms/op

OverheadJitting  2: 16 op, 487200.00 ns, 30.4500 us/op
WorkloadJitting  2: 16 op, 14547100.00 ns, 909.1938 us/op

WorkloadPilot    1: 16 op, 13782400.00 ns, 861.4000 us/op
WorkloadPilot    2: 32 op, 27861700.00 ns, 870.6781 us/op
WorkloadPilot    3: 64 op, 54935600.00 ns, 858.3688 us/op
WorkloadPilot    4: 128 op, 108430700.00 ns, 847.1148 us/op
WorkloadPilot    5: 256 op, 136678200.00 ns, 533.8992 us/op
WorkloadPilot    6: 512 op, 66090300.00 ns, 129.0826 us/op
WorkloadPilot    7: 1024 op, 134220900.00 ns, 131.0751 us/op
WorkloadPilot    8: 2048 op, 324198400.00 ns, 158.3000 us/op
WorkloadPilot    9: 4096 op, 550806200.00 ns, 134.4742 us/op

OverheadWarmup   1: 4096 op, 15800.00 ns, 3.8574 ns/op
OverheadWarmup   2: 4096 op, 14500.00 ns, 3.5400 ns/op
OverheadWarmup   3: 4096 op, 14500.00 ns, 3.5400 ns/op
OverheadWarmup   4: 4096 op, 14500.00 ns, 3.5400 ns/op
OverheadWarmup   5: 4096 op, 14500.00 ns, 3.5400 ns/op
OverheadWarmup   6: 4096 op, 14500.00 ns, 3.5400 ns/op

OverheadActual   1: 4096 op, 15500.00 ns, 3.7842 ns/op
OverheadActual   2: 4096 op, 15200.00 ns, 3.7109 ns/op
OverheadActual   3: 4096 op, 14400.00 ns, 3.5156 ns/op
OverheadActual   4: 4096 op, 14500.00 ns, 3.5400 ns/op
OverheadActual   5: 4096 op, 14500.00 ns, 3.5400 ns/op
OverheadActual   6: 4096 op, 14500.00 ns, 3.5400 ns/op
OverheadActual   7: 4096 op, 14500.00 ns, 3.5400 ns/op
OverheadActual   8: 4096 op, 14300.00 ns, 3.4912 ns/op
OverheadActual   9: 4096 op, 14500.00 ns, 3.5400 ns/op
OverheadActual  10: 4096 op, 15400.00 ns, 3.7598 ns/op
OverheadActual  11: 4096 op, 15000.00 ns, 3.6621 ns/op
OverheadActual  12: 4096 op, 14400.00 ns, 3.5156 ns/op
OverheadActual  13: 4096 op, 14500.00 ns, 3.5400 ns/op
OverheadActual  14: 4096 op, 14500.00 ns, 3.5400 ns/op
OverheadActual  15: 4096 op, 14400.00 ns, 3.5156 ns/op

OverheadWarmup   1: 4096 op, 14400.00 ns, 3.5156 ns/op
OverheadWarmup   2: 4096 op, 14300.00 ns, 3.4912 ns/op
OverheadWarmup   3: 4096 op, 14500.00 ns, 3.5400 ns/op
OverheadWarmup   4: 4096 op, 14500.00 ns, 3.5400 ns/op
OverheadWarmup   5: 4096 op, 14500.00 ns, 3.5400 ns/op
OverheadWarmup   6: 4096 op, 14500.00 ns, 3.5400 ns/op

// BeforeActualRun
WorkloadActual   1: 4096 op, 533758000.00 ns, 130.3120 us/op
WorkloadActual   2: 4096 op, 509661700.00 ns, 124.4291 us/op
WorkloadActual   3: 4096 op, 561491600.00 ns, 137.0829 us/op
WorkloadActual   4: 4096 op, 537280500.00 ns, 131.1720 us/op
WorkloadActual   5: 4096 op, 535251900.00 ns, 130.6767 us/op
WorkloadActual   6: 4096 op, 507995200.00 ns, 124.0223 us/op
WorkloadActual   7: 4096 op, 507920800.00 ns, 124.0041 us/op
WorkloadActual   8: 4096 op, 511220800.00 ns, 124.8098 us/op
WorkloadActual   9: 4096 op, 506398400.00 ns, 123.6324 us/op
WorkloadActual  10: 4096 op, 589382100.00 ns, 143.8921 us/op
WorkloadActual  11: 4096 op, 508413200.00 ns, 124.1243 us/op
WorkloadActual  12: 4096 op, 601545000.00 ns, 146.8616 us/op
WorkloadActual  13: 4096 op, 507359800.00 ns, 123.8671 us/op
WorkloadActual  14: 4096 op, 506850700.00 ns, 123.7428 us/op
WorkloadActual  15: 4096 op, 510056500.00 ns, 124.5255 us/op
WorkloadActual  16: 4096 op, 507560800.00 ns, 123.9162 us/op
WorkloadActual  17: 4096 op, 511498900.00 ns, 124.8777 us/op
WorkloadActual  18: 4096 op, 510622200.00 ns, 124.6636 us/op
WorkloadActual  19: 4096 op, 506734100.00 ns, 123.7144 us/op
WorkloadActual  20: 4096 op, 508115400.00 ns, 124.0516 us/op
WorkloadActual  21: 4096 op, 507714800.00 ns, 123.9538 us/op
WorkloadActual  22: 4096 op, 507202800.00 ns, 123.8288 us/op
WorkloadActual  23: 4096 op, 507861800.00 ns, 123.9897 us/op

// AfterActualRun
WorkloadResult   1: 4096 op, 533743500.00 ns, 130.3085 us/op
WorkloadResult   2: 4096 op, 509647200.00 ns, 124.4256 us/op
WorkloadResult   3: 4096 op, 537266000.00 ns, 131.1685 us/op
WorkloadResult   4: 4096 op, 535237400.00 ns, 130.6732 us/op
WorkloadResult   5: 4096 op, 507980700.00 ns, 124.0187 us/op
WorkloadResult   6: 4096 op, 507906300.00 ns, 124.0006 us/op
WorkloadResult   7: 4096 op, 511206300.00 ns, 124.8062 us/op
WorkloadResult   8: 4096 op, 506383900.00 ns, 123.6289 us/op
WorkloadResult   9: 4096 op, 508398700.00 ns, 124.1208 us/op
WorkloadResult  10: 4096 op, 507345300.00 ns, 123.8636 us/op
WorkloadResult  11: 4096 op, 506836200.00 ns, 123.7393 us/op
WorkloadResult  12: 4096 op, 510042000.00 ns, 124.5220 us/op
WorkloadResult  13: 4096 op, 507546300.00 ns, 123.9127 us/op
WorkloadResult  14: 4096 op, 511484400.00 ns, 124.8741 us/op
WorkloadResult  15: 4096 op, 510607700.00 ns, 124.6601 us/op
WorkloadResult  16: 4096 op, 506719600.00 ns, 123.7108 us/op
WorkloadResult  17: 4096 op, 508100900.00 ns, 124.0481 us/op
WorkloadResult  18: 4096 op, 507700300.00 ns, 123.9503 us/op
WorkloadResult  19: 4096 op, 507188300.00 ns, 123.8253 us/op
WorkloadResult  20: 4096 op, 507847300.00 ns, 123.9862 us/op
// GC:  49 11 0 311525376 4096
// Threading:  0 0 4096

// AfterAll
// Benchmark Process 16848 has exited with code 0.

Mean = 125.112 μs, StdErr = 0.547 μs (0.44%), N = 20, StdDev = 2.446 μs
Min = 123.629 μs, Q1 = 123.900 μs, Median = 124.033 μs, Q3 = 124.697 μs, Max = 131.168 μs
IQR = 0.796 μs, LowerFence = 122.706 μs, UpperFence = 125.891 μs
ConfidenceInterval = [122.988 μs; 127.236 μs] (CI 99.9%), Margin = 2.124 μs (1.70% of Mean)
Skewness = 1.75, Kurtosis = 4.28, MValue = 2

// ** Remained 9 (64,3 %) benchmark(s) to run. Estimated finish 2026-03-16 16:54 (0h 2m from now) **
Setup power plan (GUID: 8c5e7fda-e8bf-4a96-9a85-a6e23a8c635c FriendlyName: Alto rendimiento)
// **************************
// Benchmark: MapearOrdenBenchmark.MapearPagoModel_Optimizado: DefaultJob
// *** Execute ***
// Launch: 1 / 1
// Execute: dotnet BenchmarkSuite1-DefaultJob-1.dll --anonymousPipes 1728 2568 --benchmarkName CapaDatos.Benchmarks.MapearOrdenBenchmark.MapearPagoModel_Optimizado --job Default --benchmarkId 5 in C:\AOCR\AOCR\AOCR05-01-2026\AOCR1\AOCR\BenchmarkSuite1\bin\Release\net9.0\BenchmarkSuite1-DefaultJob-1\bin\Release\net9.0
// BeforeAnythingElse

// Benchmark Process Environment Information:
// BenchmarkDotNet v0.15.2
// Runtime=.NET 9.0.14 (9.0.1426.11910), X64 RyuJIT AVX2
// GC=Concurrent Workstation
// HardwareIntrinsics=AVX2,AES,BMI1,BMI2,FMA,LZCNT,PCLMUL,POPCNT VectorSize=256
// Job: DefaultJob

OverheadJitting  1: 1 op, 162300.00 ns, 162.3000 us/op
WorkloadJitting  1: 1 op, 1992200.00 ns, 1.9922 ms/op

OverheadJitting  2: 16 op, 482300.00 ns, 30.1438 us/op
WorkloadJitting  2: 16 op, 9869600.00 ns, 616.8500 us/op

WorkloadPilot    1: 16 op, 8770000.00 ns, 548.1250 us/op
WorkloadPilot    2: 32 op, 17420800.00 ns, 544.4000 us/op
WorkloadPilot    3: 64 op, 34525100.00 ns, 539.4547 us/op
WorkloadPilot    4: 128 op, 67369300.00 ns, 526.3227 us/op
WorkloadPilot    5: 256 op, 89104800.00 ns, 348.0656 us/op
WorkloadPilot    6: 512 op, 37223100.00 ns, 72.7014 us/op
WorkloadPilot    7: 1024 op, 75148100.00 ns, 73.3868 us/op
WorkloadPilot    8: 2048 op, 148919900.00 ns, 72.7148 us/op
WorkloadPilot    9: 4096 op, 298899800.00 ns, 72.9736 us/op
WorkloadPilot   10: 8192 op, 577988600.00 ns, 70.5552 us/op

OverheadWarmup   1: 8192 op, 29300.00 ns, 3.5767 ns/op
OverheadWarmup   2: 8192 op, 28500.00 ns, 3.4790 ns/op
OverheadWarmup   3: 8192 op, 28700.00 ns, 3.5034 ns/op
OverheadWarmup   4: 8192 op, 28700.00 ns, 3.5034 ns/op
OverheadWarmup   5: 8192 op, 28700.00 ns, 3.5034 ns/op
OverheadWarmup   6: 8192 op, 28400.00 ns, 3.4668 ns/op

OverheadActual   1: 8192 op, 28700.00 ns, 3.5034 ns/op
OverheadActual   2: 8192 op, 28600.00 ns, 3.4912 ns/op
OverheadActual   3: 8192 op, 29000.00 ns, 3.5400 ns/op
OverheadActual   4: 8192 op, 28400.00 ns, 3.4668 ns/op
OverheadActual   5: 8192 op, 28600.00 ns, 3.4912 ns/op
OverheadActual   6: 8192 op, 28800.00 ns, 3.5156 ns/op
OverheadActual   7: 8192 op, 28700.00 ns, 3.5034 ns/op
OverheadActual   8: 8192 op, 28600.00 ns, 3.4912 ns/op
OverheadActual   9: 8192 op, 28700.00 ns, 3.5034 ns/op
OverheadActual  10: 8192 op, 28700.00 ns, 3.5034 ns/op
OverheadActual  11: 8192 op, 28900.00 ns, 3.5278 ns/op
OverheadActual  12: 8192 op, 28600.00 ns, 3.4912 ns/op
OverheadActual  13: 8192 op, 28400.00 ns, 3.4668 ns/op
OverheadActual  14: 8192 op, 28500.00 ns, 3.4790 ns/op
OverheadActual  15: 8192 op, 28500.00 ns, 3.4790 ns/op

OverheadWarmup   1: 8192 op, 28700.00 ns, 3.5034 ns/op
OverheadWarmup   2: 8192 op, 28700.00 ns, 3.5034 ns/op
OverheadWarmup   3: 8192 op, 28700.00 ns, 3.5034 ns/op
OverheadWarmup   4: 8192 op, 29000.00 ns, 3.5400 ns/op
OverheadWarmup   5: 8192 op, 28700.00 ns, 3.5034 ns/op
OverheadWarmup   6: 8192 op, 28700.00 ns, 3.5034 ns/op

// BeforeActualRun
WorkloadActual   1: 8192 op, 581826900.00 ns, 71.0238 us/op
WorkloadActual   2: 8192 op, 586807400.00 ns, 71.6318 us/op
WorkloadActual   3: 8192 op, 578968200.00 ns, 70.6748 us/op
WorkloadActual   4: 8192 op, 577662000.00 ns, 70.5154 us/op
WorkloadActual   5: 8192 op, 576496200.00 ns, 70.3731 us/op
WorkloadActual   6: 8192 op, 586059100.00 ns, 71.5404 us/op
WorkloadActual   7: 8192 op, 576911200.00 ns, 70.4237 us/op
WorkloadActual   8: 8192 op, 590484700.00 ns, 72.0807 us/op
WorkloadActual   9: 8192 op, 587301700.00 ns, 71.6921 us/op
WorkloadActual  10: 8192 op, 585912100.00 ns, 71.5225 us/op
WorkloadActual  11: 8192 op, 588441100.00 ns, 71.8312 us/op
WorkloadActual  12: 8192 op, 584652500.00 ns, 71.3687 us/op
WorkloadActual  13: 8192 op, 593906100.00 ns, 72.4983 us/op
WorkloadActual  14: 8192 op, 586148500.00 ns, 71.5513 us/op
WorkloadActual  15: 8192 op, 590231400.00 ns, 72.0497 us/op

// AfterActualRun
WorkloadResult   1: 8192 op, 581798300.00 ns, 71.0203 us/op
WorkloadResult   2: 8192 op, 586778800.00 ns, 71.6283 us/op
WorkloadResult   3: 8192 op, 578939600.00 ns, 70.6713 us/op
WorkloadResult   4: 8192 op, 577633400.00 ns, 70.5119 us/op
WorkloadResult   5: 8192 op, 576467600.00 ns, 70.3696 us/op
WorkloadResult   6: 8192 op, 586030500.00 ns, 71.5369 us/op
WorkloadResult   7: 8192 op, 576882600.00 ns, 70.4202 us/op
WorkloadResult   8: 8192 op, 590456100.00 ns, 72.0772 us/op
WorkloadResult   9: 8192 op, 587273100.00 ns, 71.6886 us/op
WorkloadResult  10: 8192 op, 585883500.00 ns, 71.5190 us/op
WorkloadResult  11: 8192 op, 588412500.00 ns, 71.8277 us/op
WorkloadResult  12: 8192 op, 584623900.00 ns, 71.3652 us/op
WorkloadResult  13: 8192 op, 593877500.00 ns, 72.4948 us/op
WorkloadResult  14: 8192 op, 586119900.00 ns, 71.5478 us/op
WorkloadResult  15: 8192 op, 590202800.00 ns, 72.0462 us/op
// GC:  99 23 0 623050752 8192
// Threading:  0 0 8192

// AfterAll
// Benchmark Process 18064 has exited with code 0.

Mean = 71.382 μs, StdErr = 0.168 μs (0.24%), N = 15, StdDev = 0.651 μs
Min = 70.370 μs, Q1 = 70.846 μs, Median = 71.537 μs, Q3 = 71.758 μs, Max = 72.495 μs
IQR = 0.912 μs, LowerFence = 69.477 μs, UpperFence = 73.127 μs
ConfidenceInterval = [70.686 μs; 72.077 μs] (CI 99.9%), Margin = 0.696 μs (0.97% of Mean)
Skewness = -0.2, Kurtosis = 1.77, MValue = 2

// ** Remained 8 (57,1 %) benchmark(s) to run. Estimated finish 2026-03-16 16:54 (0h 2m from now) **
Setup power plan (GUID: 8c5e7fda-e8bf-4a96-9a85-a6e23a8c635c FriendlyName: Alto rendimiento)
// **************************
// Benchmark: MapearOrdenBenchmark.MapearPagoEntidad_Actual: DefaultJob
// *** Execute ***
// Launch: 1 / 1
// Execute: dotnet BenchmarkSuite1-DefaultJob-1.dll --anonymousPipes 4204 7516 --benchmarkName CapaDatos.Benchmarks.MapearOrdenBenchmark.MapearPagoEntidad_Actual --job Default --benchmarkId 6 in C:\AOCR\AOCR\AOCR05-01-2026\AOCR1\AOCR\BenchmarkSuite1\bin\Release\net9.0\BenchmarkSuite1-DefaultJob-1\bin\Release\net9.0
// BeforeAnythingElse

// Benchmark Process Environment Information:
// BenchmarkDotNet v0.15.2
// Runtime=.NET 9.0.14 (9.0.1426.11910), X64 RyuJIT AVX2
// GC=Concurrent Workstation
// HardwareIntrinsics=AVX2,AES,BMI1,BMI2,FMA,LZCNT,PCLMUL,POPCNT VectorSize=256
// Job: DefaultJob

OverheadJitting  1: 1 op, 5281000.00 ns, 5.2810 ms/op
WorkloadJitting  1: 1 op, 2315600.00 ns, 2.3156 ms/op

OverheadJitting  2: 16 op, 488500.00 ns, 30.5313 us/op
WorkloadJitting  2: 16 op, 12739100.00 ns, 796.1938 us/op

WorkloadPilot    1: 16 op, 12195100.00 ns, 762.1938 us/op
WorkloadPilot    2: 32 op, 23842600.00 ns, 745.0813 us/op
WorkloadPilot    3: 64 op, 49005100.00 ns, 765.7047 us/op
WorkloadPilot    4: 128 op, 93720600.00 ns, 732.1922 us/op
WorkloadPilot    5: 256 op, 59399700.00 ns, 232.0301 us/op
WorkloadPilot    6: 512 op, 53056900.00 ns, 103.6268 us/op
WorkloadPilot    7: 1024 op, 106062000.00 ns, 103.5762 us/op
WorkloadPilot    8: 2048 op, 212770100.00 ns, 103.8917 us/op
WorkloadPilot    9: 4096 op, 429365100.00 ns, 104.8255 us/op
WorkloadPilot   10: 8192 op, 835100800.00 ns, 101.9410 us/op

OverheadWarmup   1: 8192 op, 29500.00 ns, 3.6011 ns/op
OverheadWarmup   2: 8192 op, 28200.00 ns, 3.4424 ns/op
OverheadWarmup   3: 8192 op, 35500.00 ns, 4.3335 ns/op
OverheadWarmup   4: 8192 op, 28600.00 ns, 3.4912 ns/op
OverheadWarmup   5: 8192 op, 29300.00 ns, 3.5767 ns/op
OverheadWarmup   6: 8192 op, 28200.00 ns, 3.4424 ns/op

OverheadActual   1: 8192 op, 28600.00 ns, 3.4912 ns/op
OverheadActual   2: 8192 op, 28500.00 ns, 3.4790 ns/op
OverheadActual   3: 8192 op, 28800.00 ns, 3.5156 ns/op
OverheadActual   4: 8192 op, 28400.00 ns, 3.4668 ns/op
OverheadActual   5: 8192 op, 28100.00 ns, 3.4302 ns/op
OverheadActual   6: 8192 op, 28400.00 ns, 3.4668 ns/op
OverheadActual   7: 8192 op, 28400.00 ns, 3.4668 ns/op
OverheadActual   8: 8192 op, 28500.00 ns, 3.4790 ns/op
OverheadActual   9: 8192 op, 28400.00 ns, 3.4668 ns/op
OverheadActual  10: 8192 op, 28500.00 ns, 3.4790 ns/op
OverheadActual  11: 8192 op, 28700.00 ns, 3.5034 ns/op
OverheadActual  12: 8192 op, 28400.00 ns, 3.4668 ns/op
OverheadActual  13: 8192 op, 28400.00 ns, 3.4668 ns/op
OverheadActual  14: 8192 op, 28500.00 ns, 3.4790 ns/op
OverheadActual  15: 8192 op, 28400.00 ns, 3.4668 ns/op

OverheadWarmup   1: 8192 op, 28500.00 ns, 3.4790 ns/op
OverheadWarmup   2: 8192 op, 28700.00 ns, 3.5034 ns/op
OverheadWarmup   3: 8192 op, 28400.00 ns, 3.4668 ns/op
OverheadWarmup   4: 8192 op, 28700.00 ns, 3.5034 ns/op
OverheadWarmup   5: 8192 op, 28100.00 ns, 3.4302 ns/op
OverheadWarmup   6: 8192 op, 28200.00 ns, 3.4424 ns/op

// BeforeActualRun
WorkloadActual   1: 8192 op, 847023800.00 ns, 103.3965 us/op
WorkloadActual   2: 8192 op, 855441100.00 ns, 104.4240 us/op
WorkloadActual   3: 8192 op, 846191000.00 ns, 103.2948 us/op
WorkloadActual   4: 8192 op, 843332500.00 ns, 102.9459 us/op
WorkloadActual   5: 8192 op, 845535300.00 ns, 103.2148 us/op
WorkloadActual   6: 8192 op, 842371000.00 ns, 102.8285 us/op
WorkloadActual   7: 8192 op, 842581600.00 ns, 102.8542 us/op
WorkloadActual   8: 8192 op, 873990900.00 ns, 106.6883 us/op
WorkloadActual   9: 8192 op, 865797800.00 ns, 105.6882 us/op
WorkloadActual  10: 8192 op, 852037700.00 ns, 104.0085 us/op
WorkloadActual  11: 8192 op, 851190200.00 ns, 103.9051 us/op
WorkloadActual  12: 8192 op, 844695200.00 ns, 103.1122 us/op
WorkloadActual  13: 8192 op, 847961000.00 ns, 103.5109 us/op
WorkloadActual  14: 8192 op, 851598100.00 ns, 103.9548 us/op
WorkloadActual  15: 8192 op, 846148400.00 ns, 103.2896 us/op

// AfterActualRun
WorkloadResult   1: 8192 op, 846995400.00 ns, 103.3930 us/op
WorkloadResult   2: 8192 op, 855412700.00 ns, 104.4205 us/op
WorkloadResult   3: 8192 op, 846162600.00 ns, 103.2913 us/op
WorkloadResult   4: 8192 op, 843304100.00 ns, 102.9424 us/op
WorkloadResult   5: 8192 op, 845506900.00 ns, 103.2113 us/op
WorkloadResult   6: 8192 op, 842342600.00 ns, 102.8250 us/op
WorkloadResult   7: 8192 op, 842553200.00 ns, 102.8507 us/op
WorkloadResult   8: 8192 op, 852009300.00 ns, 104.0050 us/op
WorkloadResult   9: 8192 op, 851161800.00 ns, 103.9016 us/op
WorkloadResult  10: 8192 op, 844666800.00 ns, 103.1087 us/op
WorkloadResult  11: 8192 op, 847932600.00 ns, 103.5074 us/op
WorkloadResult  12: 8192 op, 851569700.00 ns, 103.9514 us/op
WorkloadResult  13: 8192 op, 846120000.00 ns, 103.2861 us/op
// GC:  83 15 0 524746752 8192
// Threading:  0 0 8192

// AfterAll
// Benchmark Process 18584 has exited with code 0.

Mean = 103.438 μs, StdErr = 0.137 μs (0.13%), N = 13, StdDev = 0.495 μs
Min = 102.825 μs, Q1 = 103.109 μs, Median = 103.291 μs, Q3 = 103.902 μs, Max = 104.420 μs
IQR = 0.793 μs, LowerFence = 101.919 μs, UpperFence = 105.091 μs
ConfidenceInterval = [102.845 μs; 104.031 μs] (CI 99.9%), Margin = 0.593 μs (0.57% of Mean)
Skewness = 0.48, Kurtosis = 1.9, MValue = 2

// ** Remained 7 (50,0 %) benchmark(s) to run. Estimated finish 2026-03-16 16:54 (0h 2m from now) **
Setup power plan (GUID: 8c5e7fda-e8bf-4a96-9a85-a6e23a8c635c FriendlyName: Alto rendimiento)
// **************************
// Benchmark: MapearOrdenBenchmark.MapearPagoEntidad_Optimizado: DefaultJob
// *** Execute ***
// Launch: 1 / 1
// Execute: dotnet BenchmarkSuite1-DefaultJob-1.dll --anonymousPipes 4196 2568 --benchmarkName CapaDatos.Benchmarks.MapearOrdenBenchmark.MapearPagoEntidad_Optimizado --job Default --benchmarkId 7 in C:\AOCR\AOCR\AOCR05-01-2026\AOCR1\AOCR\BenchmarkSuite1\bin\Release\net9.0\BenchmarkSuite1-DefaultJob-1\bin\Release\net9.0
// BeforeAnythingElse

// Benchmark Process Environment Information:
// BenchmarkDotNet v0.15.2
// Runtime=.NET 9.0.14 (9.0.1426.11910), X64 RyuJIT AVX2
// GC=Concurrent Workstation
// HardwareIntrinsics=AVX2,AES,BMI1,BMI2,FMA,LZCNT,PCLMUL,POPCNT VectorSize=256
// Job: DefaultJob

OverheadJitting  1: 1 op, 165800.00 ns, 165.8000 us/op
WorkloadJitting  1: 1 op, 1973400.00 ns, 1.9734 ms/op

OverheadJitting  2: 16 op, 481800.00 ns, 30.1125 us/op
WorkloadJitting  2: 16 op, 8673500.00 ns, 542.0938 us/op

WorkloadPilot    1: 16 op, 7785000.00 ns, 486.5625 us/op
WorkloadPilot    2: 32 op, 15464200.00 ns, 483.2563 us/op
WorkloadPilot    3: 64 op, 31166000.00 ns, 486.9688 us/op
WorkloadPilot    4: 128 op, 61383900.00 ns, 479.5617 us/op
WorkloadPilot    5: 256 op, 98121300.00 ns, 383.2863 us/op
WorkloadPilot    6: 512 op, 35384800.00 ns, 69.1109 us/op
WorkloadPilot    7: 1024 op, 69999100.00 ns, 68.3585 us/op
WorkloadPilot    8: 2048 op, 140125000.00 ns, 68.4204 us/op
WorkloadPilot    9: 4096 op, 279319700.00 ns, 68.1933 us/op
WorkloadPilot   10: 8192 op, 557764500.00 ns, 68.0865 us/op

OverheadWarmup   1: 8192 op, 30000.00 ns, 3.6621 ns/op
OverheadWarmup   2: 8192 op, 29000.00 ns, 3.5400 ns/op
OverheadWarmup   3: 8192 op, 28700.00 ns, 3.5034 ns/op
OverheadWarmup   4: 8192 op, 28900.00 ns, 3.5278 ns/op
OverheadWarmup   5: 8192 op, 29200.00 ns, 3.5645 ns/op
OverheadWarmup   6: 8192 op, 29000.00 ns, 3.5400 ns/op
OverheadWarmup   7: 8192 op, 29100.00 ns, 3.5522 ns/op
OverheadWarmup   8: 8192 op, 29000.00 ns, 3.5400 ns/op

OverheadActual   1: 8192 op, 29600.00 ns, 3.6133 ns/op
OverheadActual   2: 8192 op, 29500.00 ns, 3.6011 ns/op
OverheadActual   3: 8192 op, 29300.00 ns, 3.5767 ns/op
OverheadActual   4: 8192 op, 28900.00 ns, 3.5278 ns/op
OverheadActual   5: 8192 op, 29000.00 ns, 3.5400 ns/op
OverheadActual   6: 8192 op, 29000.00 ns, 3.5400 ns/op
OverheadActual   7: 8192 op, 28900.00 ns, 3.5278 ns/op
OverheadActual   8: 8192 op, 29000.00 ns, 3.5400 ns/op
OverheadActual   9: 8192 op, 29900.00 ns, 3.6499 ns/op
OverheadActual  10: 8192 op, 29000.00 ns, 3.5400 ns/op
OverheadActual  11: 8192 op, 28900.00 ns, 3.5278 ns/op
OverheadActual  12: 8192 op, 28900.00 ns, 3.5278 ns/op
OverheadActual  13: 8192 op, 28900.00 ns, 3.5278 ns/op
OverheadActual  14: 8192 op, 28700.00 ns, 3.5034 ns/op
OverheadActual  15: 8192 op, 29200.00 ns, 3.5645 ns/op

OverheadWarmup   1: 8192 op, 28900.00 ns, 3.5278 ns/op
OverheadWarmup   2: 8192 op, 29300.00 ns, 3.5767 ns/op
OverheadWarmup   3: 8192 op, 66600.00 ns, 8.1299 ns/op
OverheadWarmup   4: 8192 op, 29000.00 ns, 3.5400 ns/op
OverheadWarmup   5: 8192 op, 28700.00 ns, 3.5034 ns/op
OverheadWarmup   6: 8192 op, 29000.00 ns, 3.5400 ns/op
OverheadWarmup   7: 8192 op, 29000.00 ns, 3.5400 ns/op

// BeforeActualRun
WorkloadActual   1: 8192 op, 548816200.00 ns, 66.9942 us/op
WorkloadActual   2: 8192 op, 544343600.00 ns, 66.4482 us/op
WorkloadActual   3: 8192 op, 546015900.00 ns, 66.6523 us/op
WorkloadActual   4: 8192 op, 547285700.00 ns, 66.8073 us/op
WorkloadActual   5: 8192 op, 546459800.00 ns, 66.7065 us/op
WorkloadActual   6: 8192 op, 541834700.00 ns, 66.1419 us/op
WorkloadActual   7: 8192 op, 545289100.00 ns, 66.5636 us/op
WorkloadActual   8: 8192 op, 541531000.00 ns, 66.1049 us/op
WorkloadActual   9: 8192 op, 542116800.00 ns, 66.1764 us/op
WorkloadActual  10: 8192 op, 541697200.00 ns, 66.1251 us/op
WorkloadActual  11: 8192 op, 545489600.00 ns, 66.5881 us/op
WorkloadActual  12: 8192 op, 540762800.00 ns, 66.0111 us/op
WorkloadActual  13: 8192 op, 544462100.00 ns, 66.4627 us/op
WorkloadActual  14: 8192 op, 541117700.00 ns, 66.0544 us/op
WorkloadActual  15: 8192 op, 542173500.00 ns, 66.1833 us/op

// AfterActualRun
WorkloadResult   1: 8192 op, 548787200.00 ns, 66.9906 us/op
WorkloadResult   2: 8192 op, 544314600.00 ns, 66.4447 us/op
WorkloadResult   3: 8192 op, 545986900.00 ns, 66.6488 us/op
WorkloadResult   4: 8192 op, 547256700.00 ns, 66.8038 us/op
WorkloadResult   5: 8192 op, 546430800.00 ns, 66.7030 us/op
WorkloadResult   6: 8192 op, 541805700.00 ns, 66.1384 us/op
WorkloadResult   7: 8192 op, 545260100.00 ns, 66.5601 us/op
WorkloadResult   8: 8192 op, 541502000.00 ns, 66.1013 us/op
WorkloadResult   9: 8192 op, 542087800.00 ns, 66.1728 us/op
WorkloadResult  10: 8192 op, 541668200.00 ns, 66.1216 us/op
WorkloadResult  11: 8192 op, 545460600.00 ns, 66.5845 us/op
WorkloadResult  12: 8192 op, 540733800.00 ns, 66.0075 us/op
WorkloadResult  13: 8192 op, 544433100.00 ns, 66.4591 us/op
WorkloadResult  14: 8192 op, 541088700.00 ns, 66.0509 us/op
WorkloadResult  15: 8192 op, 542144500.00 ns, 66.1797 us/op
// GC:  83 15 0 524746752 8192
// Threading:  0 0 8192

// AfterAll
// Benchmark Process 18980 has exited with code 0.

Mean = 66.398 μs, StdErr = 0.080 μs (0.12%), N = 15, StdDev = 0.310 μs
Min = 66.008 μs, Q1 = 66.130 μs, Median = 66.445 μs, Q3 = 66.617 μs, Max = 66.991 μs
IQR = 0.487 μs, LowerFence = 65.400 μs, UpperFence = 67.347 μs
ConfidenceInterval = [66.067 μs; 66.729 μs] (CI 99.9%), Margin = 0.331 μs (0.50% of Mean)
Skewness = 0.32, Kurtosis = 1.64, MValue = 2

// ** Remained 6 (42,9 %) benchmark(s) to run. Estimated finish 2026-03-16 16:54 (0h 1m from now) **
Setup power plan (GUID: 8c5e7fda-e8bf-4a96-9a85-a6e23a8c635c FriendlyName: Alto rendimiento)
// **************************
// Benchmark: MapearOrdenBenchmark.LeerOrdenTx_Actual: DefaultJob
// *** Execute ***
// Launch: 1 / 1
// Execute: dotnet BenchmarkSuite1-DefaultJob-1.dll --anonymousPipes 7868 7220 --benchmarkName CapaDatos.Benchmarks.MapearOrdenBenchmark.LeerOrdenTx_Actual --job Default --benchmarkId 8 in C:\AOCR\AOCR\AOCR05-01-2026\AOCR1\AOCR\BenchmarkSuite1\bin\Release\net9.0\BenchmarkSuite1-DefaultJob-1\bin\Release\net9.0
// BeforeAnythingElse

// Benchmark Process Environment Information:
// BenchmarkDotNet v0.15.2
// Runtime=.NET 9.0.14 (9.0.1426.11910), X64 RyuJIT AVX2
// GC=Concurrent Workstation
// HardwareIntrinsics=AVX2,AES,BMI1,BMI2,FMA,LZCNT,PCLMUL,POPCNT VectorSize=256
// Job: DefaultJob

OverheadJitting  1: 1 op, 165300.00 ns, 165.3000 us/op
WorkloadJitting  1: 1 op, 1385700.00 ns, 1.3857 ms/op

OverheadJitting  2: 16 op, 474000.00 ns, 29.6250 us/op
WorkloadJitting  2: 16 op, 5857000.00 ns, 366.0625 us/op

WorkloadPilot    1: 16 op, 5153100.00 ns, 322.0688 us/op
WorkloadPilot    2: 32 op, 10496900.00 ns, 328.0281 us/op
WorkloadPilot    3: 64 op, 19590200.00 ns, 306.0969 us/op
WorkloadPilot    4: 128 op, 38204300.00 ns, 298.4711 us/op
WorkloadPilot    5: 256 op, 75464500.00 ns, 294.7832 us/op
WorkloadPilot    6: 512 op, 102053300.00 ns, 199.3229 us/op
WorkloadPilot    7: 1024 op, 54243900.00 ns, 52.9726 us/op
WorkloadPilot    8: 2048 op, 106827000.00 ns, 52.1616 us/op
WorkloadPilot    9: 4096 op, 212872300.00 ns, 51.9708 us/op
WorkloadPilot   10: 8192 op, 406614400.00 ns, 49.6355 us/op
WorkloadPilot   11: 16384 op, 810590000.00 ns, 49.4745 us/op

OverheadWarmup   1: 16384 op, 57300.00 ns, 3.4973 ns/op
OverheadWarmup   2: 16384 op, 56500.00 ns, 3.4485 ns/op
OverheadWarmup   3: 16384 op, 55800.00 ns, 3.4058 ns/op
OverheadWarmup   4: 16384 op, 56800.00 ns, 3.4668 ns/op
OverheadWarmup   5: 16384 op, 56700.00 ns, 3.4607 ns/op
OverheadWarmup   6: 16384 op, 55600.00 ns, 3.3936 ns/op
OverheadWarmup   7: 16384 op, 56500.00 ns, 3.4485 ns/op
OverheadWarmup   8: 16384 op, 56700.00 ns, 3.4607 ns/op
OverheadWarmup   9: 16384 op, 56100.00 ns, 3.4241 ns/op

OverheadActual   1: 16384 op, 56200.00 ns, 3.4302 ns/op
OverheadActual   2: 16384 op, 56700.00 ns, 3.4607 ns/op
OverheadActual   3: 16384 op, 56200.00 ns, 3.4302 ns/op
OverheadActual   4: 16384 op, 56200.00 ns, 3.4302 ns/op
OverheadActual   5: 16384 op, 55800.00 ns, 3.4058 ns/op
OverheadActual   6: 16384 op, 56000.00 ns, 3.4180 ns/op
OverheadActual   7: 16384 op, 60800.00 ns, 3.7109 ns/op
OverheadActual   8: 16384 op, 56300.00 ns, 3.4363 ns/op
OverheadActual   9: 16384 op, 55700.00 ns, 3.3997 ns/op
OverheadActual  10: 16384 op, 56000.00 ns, 3.4180 ns/op
OverheadActual  11: 16384 op, 56500.00 ns, 3.4485 ns/op
OverheadActual  12: 16384 op, 56100.00 ns, 3.4241 ns/op
OverheadActual  13: 16384 op, 55800.00 ns, 3.4058 ns/op
OverheadActual  14: 16384 op, 56200.00 ns, 3.4302 ns/op
OverheadActual  15: 16384 op, 60900.00 ns, 3.7170 ns/op

OverheadWarmup   1: 16384 op, 55800.00 ns, 3.4058 ns/op
OverheadWarmup   2: 16384 op, 56200.00 ns, 3.4302 ns/op
OverheadWarmup   3: 16384 op, 56900.00 ns, 3.4729 ns/op
OverheadWarmup   4: 16384 op, 56100.00 ns, 3.4241 ns/op
OverheadWarmup   5: 16384 op, 56500.00 ns, 3.4485 ns/op
OverheadWarmup   6: 16384 op, 56400.00 ns, 3.4424 ns/op

// BeforeActualRun
WorkloadActual   1: 16384 op, 923857800.00 ns, 56.3878 us/op
WorkloadActual   2: 16384 op, 843337300.00 ns, 51.4732 us/op
WorkloadActual   3: 16384 op, 826726500.00 ns, 50.4594 us/op
WorkloadActual   4: 16384 op, 847128700.00 ns, 51.7046 us/op
WorkloadActual   5: 16384 op, 838549800.00 ns, 51.1810 us/op
WorkloadActual   6: 16384 op, 840088200.00 ns, 51.2749 us/op
WorkloadActual   7: 16384 op, 838557000.00 ns, 51.1815 us/op
WorkloadActual   8: 16384 op, 835377400.00 ns, 50.9874 us/op
WorkloadActual   9: 16384 op, 821759300.00 ns, 50.1562 us/op
WorkloadActual  10: 16384 op, 820211400.00 ns, 50.0617 us/op
WorkloadActual  11: 16384 op, 819454300.00 ns, 50.0155 us/op
WorkloadActual  12: 16384 op, 822043600.00 ns, 50.1736 us/op
WorkloadActual  13: 16384 op, 819479500.00 ns, 50.0171 us/op
WorkloadActual  14: 16384 op, 820790400.00 ns, 50.0971 us/op
WorkloadActual  15: 16384 op, 821158700.00 ns, 50.1195 us/op

// AfterActualRun
WorkloadResult   1: 16384 op, 843281100.00 ns, 51.4698 us/op
WorkloadResult   2: 16384 op, 826670300.00 ns, 50.4560 us/op
WorkloadResult   3: 16384 op, 847072500.00 ns, 51.7012 us/op
WorkloadResult   4: 16384 op, 838493600.00 ns, 51.1776 us/op
WorkloadResult   5: 16384 op, 840032000.00 ns, 51.2715 us/op
WorkloadResult   6: 16384 op, 838500800.00 ns, 51.1780 us/op
WorkloadResult   7: 16384 op, 835321200.00 ns, 50.9840 us/op
WorkloadResult   8: 16384 op, 821703100.00 ns, 50.1528 us/op
WorkloadResult   9: 16384 op, 820155200.00 ns, 50.0583 us/op
WorkloadResult  10: 16384 op, 819398100.00 ns, 50.0121 us/op
WorkloadResult  11: 16384 op, 821987400.00 ns, 50.1701 us/op
WorkloadResult  12: 16384 op, 819423300.00 ns, 50.0136 us/op
WorkloadResult  13: 16384 op, 820734200.00 ns, 50.0936 us/op
WorkloadResult  14: 16384 op, 821102500.00 ns, 50.1161 us/op
// GC:  188 39 0 1180565504 16384
// Threading:  0 0 16384

// AfterAll
// Benchmark Process 34888 has exited with code 0.

Mean = 50.632 μs, StdErr = 0.167 μs (0.33%), N = 14, StdDev = 0.626 μs
Min = 50.012 μs, Q1 = 50.099 μs, Median = 50.313 μs, Q3 = 51.178 μs, Max = 51.701 μs
IQR = 1.079 μs, LowerFence = 48.481 μs, UpperFence = 52.796 μs
ConfidenceInterval = [49.926 μs; 51.339 μs] (CI 99.9%), Margin = 0.707 μs (1.40% of Mean)
Skewness = 0.37, Kurtosis = 1.31, MValue = 2

// ** Remained 5 (35,7 %) benchmark(s) to run. Estimated finish 2026-03-16 16:54 (0h 1m from now) **
Setup power plan (GUID: 8c5e7fda-e8bf-4a96-9a85-a6e23a8c635c FriendlyName: Alto rendimiento)
// **************************
// Benchmark: MapearOrdenBenchmark.LeerOrdenTx_Optimizado: DefaultJob
// *** Execute ***
// Launch: 1 / 1
// Execute: dotnet BenchmarkSuite1-DefaultJob-1.dll --anonymousPipes 8028 4192 --benchmarkName CapaDatos.Benchmarks.MapearOrdenBenchmark.LeerOrdenTx_Optimizado --job Default --benchmarkId 9 in C:\AOCR\AOCR\AOCR05-01-2026\AOCR1\AOCR\BenchmarkSuite1\bin\Release\net9.0\BenchmarkSuite1-DefaultJob-1\bin\Release\net9.0
// BeforeAnythingElse

// Benchmark Process Environment Information:
// BenchmarkDotNet v0.15.2
// Runtime=.NET 9.0.14 (9.0.1426.11910), X64 RyuJIT AVX2
// GC=Concurrent Workstation
// HardwareIntrinsics=AVX2,AES,BMI1,BMI2,FMA,LZCNT,PCLMUL,POPCNT VectorSize=256
// Job: DefaultJob

OverheadJitting  1: 1 op, 245000.00 ns, 245.0000 us/op
WorkloadJitting  1: 1 op, 1756800.00 ns, 1.7568 ms/op

OverheadJitting  2: 16 op, 835300.00 ns, 52.2063 us/op
WorkloadJitting  2: 16 op, 4819400.00 ns, 301.2125 us/op

WorkloadPilot    1: 16 op, 3689000.00 ns, 230.5625 us/op
WorkloadPilot    2: 32 op, 7096100.00 ns, 221.7531 us/op
WorkloadPilot    3: 64 op, 15595200.00 ns, 243.6750 us/op
WorkloadPilot    4: 128 op, 27871400.00 ns, 217.7453 us/op
WorkloadPilot    5: 256 op, 51860800.00 ns, 202.5813 us/op
WorkloadPilot    6: 512 op, 82635000.00 ns, 161.3965 us/op
WorkloadPilot    7: 1024 op, 32707300.00 ns, 31.9407 us/op
WorkloadPilot    8: 2048 op, 65614800.00 ns, 32.0385 us/op
WorkloadPilot    9: 4096 op, 130574800.00 ns, 31.8786 us/op
WorkloadPilot   10: 8192 op, 246413700.00 ns, 30.0798 us/op
WorkloadPilot   11: 16384 op, 489493600.00 ns, 29.8763 us/op
WorkloadPilot   12: 32768 op, 980035500.00 ns, 29.9083 us/op

OverheadWarmup   1: 32768 op, 115600.00 ns, 3.5278 ns/op
OverheadWarmup   2: 32768 op, 113600.00 ns, 3.4668 ns/op
OverheadWarmup   3: 32768 op, 137400.00 ns, 4.1931 ns/op
OverheadWarmup   4: 32768 op, 113900.00 ns, 3.4760 ns/op
OverheadWarmup   5: 32768 op, 115700.00 ns, 3.5309 ns/op
OverheadWarmup   6: 32768 op, 115400.00 ns, 3.5217 ns/op

OverheadActual   1: 32768 op, 130200.00 ns, 3.9734 ns/op
OverheadActual   2: 32768 op, 113700.00 ns, 3.4698 ns/op
OverheadActual   3: 32768 op, 130100.00 ns, 3.9703 ns/op
OverheadActual   4: 32768 op, 115400.00 ns, 3.5217 ns/op
OverheadActual   5: 32768 op, 130100.00 ns, 3.9703 ns/op
OverheadActual   6: 32768 op, 114200.00 ns, 3.4851 ns/op
OverheadActual   7: 32768 op, 130500.00 ns, 3.9825 ns/op
OverheadActual   8: 32768 op, 115400.00 ns, 3.5217 ns/op
OverheadActual   9: 32768 op, 113800.00 ns, 3.4729 ns/op
OverheadActual  10: 32768 op, 115500.00 ns, 3.5248 ns/op
OverheadActual  11: 32768 op, 129100.00 ns, 3.9398 ns/op
OverheadActual  12: 32768 op, 129800.00 ns, 3.9612 ns/op
OverheadActual  13: 32768 op, 113500.00 ns, 3.4637 ns/op
OverheadActual  14: 32768 op, 115500.00 ns, 3.5248 ns/op
OverheadActual  15: 32768 op, 113300.00 ns, 3.4576 ns/op
OverheadActual  16: 32768 op, 143700.00 ns, 4.3854 ns/op
OverheadActual  17: 32768 op, 113500.00 ns, 3.4637 ns/op
OverheadActual  18: 32768 op, 127800.00 ns, 3.9001 ns/op
OverheadActual  19: 32768 op, 130100.00 ns, 3.9703 ns/op
OverheadActual  20: 32768 op, 113700.00 ns, 3.4698 ns/op

OverheadWarmup   1: 32768 op, 130200.00 ns, 3.9734 ns/op
OverheadWarmup   2: 32768 op, 115500.00 ns, 3.5248 ns/op
OverheadWarmup   3: 32768 op, 115200.00 ns, 3.5156 ns/op
OverheadWarmup   4: 32768 op, 113700.00 ns, 3.4698 ns/op
OverheadWarmup   5: 32768 op, 113300.00 ns, 3.4576 ns/op
OverheadWarmup   6: 32768 op, 134400.00 ns, 4.1016 ns/op
OverheadWarmup   7: 32768 op, 130900.00 ns, 3.9948 ns/op
OverheadWarmup   8: 32768 op, 125500.00 ns, 3.8300 ns/op
OverheadWarmup   9: 32768 op, 147200.00 ns, 4.4922 ns/op
OverheadWarmup  10: 32768 op, 115400.00 ns, 3.5217 ns/op

// BeforeActualRun
WorkloadActual   1: 32768 op, 1139746100.00 ns, 34.7823 us/op
WorkloadActual   2: 32768 op, 1007575400.00 ns, 30.7488 us/op
WorkloadActual   3: 32768 op, 995777700.00 ns, 30.3887 us/op
WorkloadActual   4: 32768 op, 1006774900.00 ns, 30.7243 us/op
WorkloadActual   5: 32768 op, 1005133600.00 ns, 30.6742 us/op
WorkloadActual   6: 32768 op, 990550900.00 ns, 30.2292 us/op
WorkloadActual   7: 32768 op, 989390700.00 ns, 30.1938 us/op
WorkloadActual   8: 32768 op, 1000100800.00 ns, 30.5207 us/op
WorkloadActual   9: 32768 op, 994494200.00 ns, 30.3496 us/op
WorkloadActual  10: 32768 op, 993903800.00 ns, 30.3315 us/op
WorkloadActual  11: 32768 op, 986984800.00 ns, 30.1204 us/op
WorkloadActual  12: 32768 op, 988548900.00 ns, 30.1681 us/op
WorkloadActual  13: 32768 op, 1004099500.00 ns, 30.6427 us/op
WorkloadActual  14: 32768 op, 990976400.00 ns, 30.2422 us/op
WorkloadActual  15: 32768 op, 1019486200.00 ns, 31.1122 us/op

// AfterActualRun
WorkloadResult   1: 32768 op, 1007459900.00 ns, 30.7452 us/op
WorkloadResult   2: 32768 op, 995662200.00 ns, 30.3852 us/op
WorkloadResult   3: 32768 op, 1006659400.00 ns, 30.7208 us/op
WorkloadResult   4: 32768 op, 1005018100.00 ns, 30.6707 us/op
WorkloadResult   5: 32768 op, 990435400.00 ns, 30.2257 us/op
WorkloadResult   6: 32768 op, 989275200.00 ns, 30.1903 us/op
WorkloadResult   7: 32768 op, 999985300.00 ns, 30.5171 us/op
WorkloadResult   8: 32768 op, 994378700.00 ns, 30.3460 us/op
WorkloadResult   9: 32768 op, 993788300.00 ns, 30.3280 us/op
WorkloadResult  10: 32768 op, 986869300.00 ns, 30.1169 us/op
WorkloadResult  11: 32768 op, 988433400.00 ns, 30.1646 us/op
WorkloadResult  12: 32768 op, 1003984000.00 ns, 30.6392 us/op
WorkloadResult  13: 32768 op, 990860900.00 ns, 30.2387 us/op
WorkloadResult  14: 32768 op, 1019370700.00 ns, 31.1087 us/op
// GC:  376 79 0 2361131008 32768
// Threading:  0 0 32768

// AfterAll
// Benchmark Process 6756 has exited with code 0.

Mean = 30.457 μs, StdErr = 0.077 μs (0.25%), N = 14, StdDev = 0.287 μs
Min = 30.117 μs, Q1 = 30.229 μs, Median = 30.366 μs, Q3 = 30.663 μs, Max = 31.109 μs
IQR = 0.434 μs, LowerFence = 29.578 μs, UpperFence = 31.314 μs
ConfidenceInterval = [30.134 μs; 30.780 μs] (CI 99.9%), Margin = 0.323 μs (1.06% of Mean)
Skewness = 0.68, Kurtosis = 2.4, MValue = 2

// ** Remained 4 (28,6 %) benchmark(s) to run. Estimated finish 2026-03-16 16:54 (0h 1m from now) **
Setup power plan (GUID: 8c5e7fda-e8bf-4a96-9a85-a6e23a8c635c FriendlyName: Alto rendimiento)
// **************************
// Benchmark: MapearOrdenBenchmark.LeerOrdenMeta_Actual: DefaultJob
// *** Execute ***
// Launch: 1 / 1
// Execute: dotnet BenchmarkSuite1-DefaultJob-1.dll --anonymousPipes 1260 7128 --benchmarkName CapaDatos.Benchmarks.MapearOrdenBenchmark.LeerOrdenMeta_Actual --job Default --benchmarkId 10 in C:\AOCR\AOCR\AOCR05-01-2026\AOCR1\AOCR\BenchmarkSuite1\bin\Release\net9.0\BenchmarkSuite1-DefaultJob-1\bin\Release\net9.0
// BeforeAnythingElse

// Benchmark Process Environment Information:
// BenchmarkDotNet v0.15.2
// Runtime=.NET 9.0.14 (9.0.1426.11910), X64 RyuJIT AVX2
// GC=Concurrent Workstation
// HardwareIntrinsics=AVX2,AES,BMI1,BMI2,FMA,LZCNT,PCLMUL,POPCNT VectorSize=256
// Job: DefaultJob

OverheadJitting  1: 1 op, 240800.00 ns, 240.8000 us/op
WorkloadJitting  1: 1 op, 1161400.00 ns, 1.1614 ms/op

OverheadJitting  2: 16 op, 832700.00 ns, 52.0438 us/op
WorkloadJitting  2: 16 op, 3112700.00 ns, 194.5438 us/op

WorkloadPilot    1: 16 op, 1999800.00 ns, 124.9875 us/op
WorkloadPilot    2: 32 op, 4072000.00 ns, 127.2500 us/op
WorkloadPilot    3: 64 op, 7796300.00 ns, 121.8172 us/op
WorkloadPilot    4: 128 op, 14934100.00 ns, 116.6727 us/op
WorkloadPilot    5: 256 op, 25686000.00 ns, 100.3359 us/op
WorkloadPilot    6: 512 op, 56964200.00 ns, 111.2582 us/op
WorkloadPilot    7: 1024 op, 77715500.00 ns, 75.8940 us/op
WorkloadPilot    8: 2048 op, 52475800.00 ns, 25.6229 us/op
WorkloadPilot    9: 4096 op, 102671400.00 ns, 25.0663 us/op
WorkloadPilot   10: 8192 op, 193733300.00 ns, 23.6491 us/op
WorkloadPilot   11: 16384 op, 381181100.00 ns, 23.2654 us/op
WorkloadPilot   12: 32768 op, 791931700.00 ns, 24.1678 us/op

OverheadWarmup   1: 32768 op, 114300.00 ns, 3.4882 ns/op
OverheadWarmup   2: 32768 op, 114600.00 ns, 3.4973 ns/op
OverheadWarmup   3: 32768 op, 141700.00 ns, 4.3243 ns/op
OverheadWarmup   4: 32768 op, 175000.00 ns, 5.3406 ns/op
OverheadWarmup   5: 32768 op, 113600.00 ns, 3.4668 ns/op
OverheadWarmup   6: 32768 op, 115500.00 ns, 3.5248 ns/op
OverheadWarmup   7: 32768 op, 118500.00 ns, 3.6163 ns/op
OverheadWarmup   8: 32768 op, 113000.00 ns, 3.4485 ns/op

OverheadActual   1: 32768 op, 113300.00 ns, 3.4576 ns/op
OverheadActual   2: 32768 op, 115000.00 ns, 3.5095 ns/op
OverheadActual   3: 32768 op, 115100.00 ns, 3.5126 ns/op
OverheadActual   4: 32768 op, 114600.00 ns, 3.4973 ns/op
OverheadActual   5: 32768 op, 114000.00 ns, 3.4790 ns/op
OverheadActual   6: 32768 op, 114600.00 ns, 3.4973 ns/op
OverheadActual   7: 32768 op, 114100.00 ns, 3.4821 ns/op
OverheadActual   8: 32768 op, 114600.00 ns, 3.4973 ns/op
OverheadActual   9: 32768 op, 114200.00 ns, 3.4851 ns/op
OverheadActual  10: 32768 op, 117300.00 ns, 3.5797 ns/op
OverheadActual  11: 32768 op, 115000.00 ns, 3.5095 ns/op
OverheadActual  12: 32768 op, 114600.00 ns, 3.4973 ns/op
OverheadActual  13: 32768 op, 114000.00 ns, 3.4790 ns/op
OverheadActual  14: 32768 op, 114500.00 ns, 3.4943 ns/op
OverheadActual  15: 32768 op, 114900.00 ns, 3.5065 ns/op

OverheadWarmup   1: 32768 op, 114500.00 ns, 3.4943 ns/op
OverheadWarmup   2: 32768 op, 114500.00 ns, 3.4943 ns/op
OverheadWarmup   3: 32768 op, 118900.00 ns, 3.6285 ns/op
OverheadWarmup   4: 32768 op, 118800.00 ns, 3.6255 ns/op
OverheadWarmup   5: 32768 op, 114200.00 ns, 3.4851 ns/op
OverheadWarmup   6: 32768 op, 114400.00 ns, 3.4912 ns/op

// BeforeActualRun
WorkloadActual   1: 32768 op, 1144717700.00 ns, 34.9340 us/op
WorkloadActual   2: 32768 op, 762438400.00 ns, 23.2678 us/op
WorkloadActual   3: 32768 op, 757580400.00 ns, 23.1195 us/op
WorkloadActual   4: 32768 op, 753937100.00 ns, 23.0083 us/op
WorkloadActual   5: 32768 op, 760135500.00 ns, 23.1975 us/op
WorkloadActual   6: 32768 op, 761516100.00 ns, 23.2396 us/op
WorkloadActual   7: 32768 op, 762971900.00 ns, 23.2841 us/op
WorkloadActual   8: 32768 op, 767373700.00 ns, 23.4184 us/op
WorkloadActual   9: 32768 op, 752695900.00 ns, 22.9705 us/op
WorkloadActual  10: 32768 op, 750648600.00 ns, 22.9080 us/op
WorkloadActual  11: 32768 op, 753355400.00 ns, 22.9906 us/op
WorkloadActual  12: 32768 op, 753252000.00 ns, 22.9874 us/op
WorkloadActual  13: 32768 op, 751743500.00 ns, 22.9414 us/op
WorkloadActual  14: 32768 op, 754282100.00 ns, 23.0189 us/op
WorkloadActual  15: 32768 op, 756041400.00 ns, 23.0726 us/op

// AfterActualRun
WorkloadResult   1: 32768 op, 762323800.00 ns, 23.2643 us/op
WorkloadResult   2: 32768 op, 757465800.00 ns, 23.1160 us/op
WorkloadResult   3: 32768 op, 753822500.00 ns, 23.0048 us/op
WorkloadResult   4: 32768 op, 760020900.00 ns, 23.1940 us/op
WorkloadResult   5: 32768 op, 761401500.00 ns, 23.2361 us/op
WorkloadResult   6: 32768 op, 762857300.00 ns, 23.2806 us/op
WorkloadResult   7: 32768 op, 767259100.00 ns, 23.4149 us/op
WorkloadResult   8: 32768 op, 752581300.00 ns, 22.9670 us/op
WorkloadResult   9: 32768 op, 750534000.00 ns, 22.9045 us/op
WorkloadResult  10: 32768 op, 753240800.00 ns, 22.9871 us/op
WorkloadResult  11: 32768 op, 753137400.00 ns, 22.9839 us/op
WorkloadResult  12: 32768 op, 751628900.00 ns, 22.9379 us/op
WorkloadResult  13: 32768 op, 754167500.00 ns, 23.0154 us/op
WorkloadResult  14: 32768 op, 755926800.00 ns, 23.0691 us/op
// GC:  376 79 0 2361131008 32768
// Threading:  0 0 32768

// AfterAll
// Benchmark Process 12260 has exited with code 0.

Mean = 23.098 μs, StdErr = 0.041 μs (0.18%), N = 14, StdDev = 0.155 μs
Min = 22.904 μs, Q1 = 22.985 μs, Median = 23.042 μs, Q3 = 23.226 μs, Max = 23.415 μs
IQR = 0.241 μs, LowerFence = 22.623 μs, UpperFence = 23.587 μs
ConfidenceInterval = [22.924 μs; 23.273 μs] (CI 99.9%), Margin = 0.175 μs (0.76% of Mean)
Skewness = 0.54, Kurtosis = 1.88, MValue = 2

// ** Remained 3 (21,4 %) benchmark(s) to run. Estimated finish 2026-03-16 16:54 (0h 0m from now) **
Setup power plan (GUID: 8c5e7fda-e8bf-4a96-9a85-a6e23a8c635c FriendlyName: Alto rendimiento)
// **************************
// Benchmark: MapearOrdenBenchmark.LeerOrdenMeta_Optimizado: DefaultJob
// *** Execute ***
// Launch: 1 / 1
// Execute: dotnet BenchmarkSuite1-DefaultJob-1.dll --anonymousPipes 7220 7124 --benchmarkName CapaDatos.Benchmarks.MapearOrdenBenchmark.LeerOrdenMeta_Optimizado --job Default --benchmarkId 11 in C:\AOCR\AOCR\AOCR05-01-2026\AOCR1\AOCR\BenchmarkSuite1\bin\Release\net9.0\BenchmarkSuite1-DefaultJob-1\bin\Release\net9.0
// BeforeAnythingElse

// Benchmark Process Environment Information:
// BenchmarkDotNet v0.15.2
// Runtime=.NET 9.0.14 (9.0.1426.11910), X64 RyuJIT AVX2
// GC=Concurrent Workstation
// HardwareIntrinsics=AVX2,AES,BMI1,BMI2,FMA,LZCNT,PCLMUL,POPCNT VectorSize=256
// Job: DefaultJob

OverheadJitting  1: 1 op, 234000.00 ns, 234.0000 us/op
WorkloadJitting  1: 1 op, 1277100.00 ns, 1.2771 ms/op

OverheadJitting  2: 16 op, 831900.00 ns, 51.9938 us/op
WorkloadJitting  2: 16 op, 2656300.00 ns, 166.0188 us/op

WorkloadPilot    1: 16 op, 1585500.00 ns, 99.0938 us/op
WorkloadPilot    2: 32 op, 2847200.00 ns, 88.9750 us/op
WorkloadPilot    3: 64 op, 5751400.00 ns, 89.8656 us/op
WorkloadPilot    4: 128 op, 10497100.00 ns, 82.0086 us/op
WorkloadPilot    5: 256 op, 18396900.00 ns, 71.8629 us/op
WorkloadPilot    6: 512 op, 36601200.00 ns, 71.4867 us/op
WorkloadPilot    7: 1024 op, 73084800.00 ns, 71.3719 us/op
WorkloadPilot    8: 2048 op, 56645300.00 ns, 27.6588 us/op
WorkloadPilot    9: 4096 op, 73335800.00 ns, 17.9042 us/op
WorkloadPilot   10: 8192 op, 137394800.00 ns, 16.7718 us/op
WorkloadPilot   11: 16384 op, 267242300.00 ns, 16.3112 us/op
WorkloadPilot   12: 32768 op, 533360200.00 ns, 16.2769 us/op

OverheadWarmup   1: 32768 op, 115000.00 ns, 3.5095 ns/op
OverheadWarmup   2: 32768 op, 130200.00 ns, 3.9734 ns/op
OverheadWarmup   3: 32768 op, 112700.00 ns, 3.4393 ns/op
OverheadWarmup   4: 32768 op, 112800.00 ns, 3.4424 ns/op
OverheadWarmup   5: 32768 op, 113000.00 ns, 3.4485 ns/op
OverheadWarmup   6: 32768 op, 112600.00 ns, 3.4363 ns/op

OverheadActual   1: 32768 op, 113200.00 ns, 3.4546 ns/op
OverheadActual   2: 32768 op, 112200.00 ns, 3.4241 ns/op
OverheadActual   3: 32768 op, 113100.00 ns, 3.4515 ns/op
OverheadActual   4: 32768 op, 112100.00 ns, 3.4210 ns/op
OverheadActual   5: 32768 op, 113600.00 ns, 3.4668 ns/op
OverheadActual   6: 32768 op, 112900.00 ns, 3.4454 ns/op
OverheadActual   7: 32768 op, 113100.00 ns, 3.4515 ns/op
OverheadActual   8: 32768 op, 112100.00 ns, 3.4210 ns/op
OverheadActual   9: 32768 op, 112900.00 ns, 3.4454 ns/op
OverheadActual  10: 32768 op, 112600.00 ns, 3.4363 ns/op
OverheadActual  11: 32768 op, 112500.00 ns, 3.4332 ns/op
OverheadActual  12: 32768 op, 112600.00 ns, 3.4363 ns/op
OverheadActual  13: 32768 op, 112600.00 ns, 3.4363 ns/op
OverheadActual  14: 32768 op, 113200.00 ns, 3.4546 ns/op
OverheadActual  15: 32768 op, 113200.00 ns, 3.4546 ns/op

OverheadWarmup   1: 32768 op, 112700.00 ns, 3.4393 ns/op
OverheadWarmup   2: 32768 op, 113200.00 ns, 3.4546 ns/op
OverheadWarmup   3: 32768 op, 112600.00 ns, 3.4363 ns/op
OverheadWarmup   4: 32768 op, 113000.00 ns, 3.4485 ns/op
OverheadWarmup   5: 32768 op, 112700.00 ns, 3.4393 ns/op
OverheadWarmup   6: 32768 op, 112500.00 ns, 3.4332 ns/op

// BeforeActualRun
WorkloadActual   1: 32768 op, 673456400.00 ns, 20.5523 us/op
WorkloadActual   2: 32768 op, 560761400.00 ns, 17.1131 us/op
WorkloadActual   3: 32768 op, 550928200.00 ns, 16.8130 us/op
WorkloadActual   4: 32768 op, 545505200.00 ns, 16.6475 us/op
WorkloadActual   5: 32768 op, 541824800.00 ns, 16.5352 us/op
WorkloadActual   6: 32768 op, 542983500.00 ns, 16.5705 us/op
WorkloadActual   7: 32768 op, 542055500.00 ns, 16.5422 us/op
WorkloadActual   8: 32768 op, 543830900.00 ns, 16.5964 us/op
WorkloadActual   9: 32768 op, 564842800.00 ns, 17.2376 us/op
WorkloadActual  10: 32768 op, 551326100.00 ns, 16.8251 us/op
WorkloadActual  11: 32768 op, 542742000.00 ns, 16.5632 us/op
WorkloadActual  12: 32768 op, 543424800.00 ns, 16.5840 us/op
WorkloadActual  13: 32768 op, 549479000.00 ns, 16.7688 us/op
WorkloadActual  14: 32768 op, 543714900.00 ns, 16.5929 us/op
WorkloadActual  15: 32768 op, 575865500.00 ns, 17.5740 us/op

// AfterActualRun
WorkloadResult   1: 32768 op, 560648500.00 ns, 17.1096 us/op
WorkloadResult   2: 32768 op, 550815300.00 ns, 16.8095 us/op
WorkloadResult   3: 32768 op, 545392300.00 ns, 16.6441 us/op
WorkloadResult   4: 32768 op, 541711900.00 ns, 16.5317 us/op
WorkloadResult   5: 32768 op, 542870600.00 ns, 16.5671 us/op
WorkloadResult   6: 32768 op, 541942600.00 ns, 16.5388 us/op
WorkloadResult   7: 32768 op, 543718000.00 ns, 16.5930 us/op
WorkloadResult   8: 32768 op, 564729900.00 ns, 17.2342 us/op
WorkloadResult   9: 32768 op, 551213200.00 ns, 16.8217 us/op
WorkloadResult  10: 32768 op, 542629100.00 ns, 16.5597 us/op
WorkloadResult  11: 32768 op, 543311900.00 ns, 16.5806 us/op
WorkloadResult  12: 32768 op, 549366100.00 ns, 16.7653 us/op
WorkloadResult  13: 32768 op, 543602000.00 ns, 16.5894 us/op
// GC:  376 79 0 2361131008 32768
// Threading:  0 0 32768

// AfterAll
// Benchmark Process 15452 has exited with code 0.

Mean = 16.719 μs, StdErr = 0.063 μs (0.37%), N = 13, StdDev = 0.226 μs
Min = 16.532 μs, Q1 = 16.567 μs, Median = 16.593 μs, Q3 = 16.810 μs, Max = 17.234 μs
IQR = 0.242 μs, LowerFence = 16.203 μs, UpperFence = 17.173 μs
ConfidenceInterval = [16.448 μs; 16.989 μs] (CI 99.9%), Margin = 0.271 μs (1.62% of Mean)
Skewness = 1.14, Kurtosis = 2.91, MValue = 2

// ** Remained 2 (14,3 %) benchmark(s) to run. Estimated finish 2026-03-16 16:54 (0h 0m from now) **
Setup power plan (GUID: 8c5e7fda-e8bf-4a96-9a85-a6e23a8c635c FriendlyName: Alto rendimiento)
// **************************
// Benchmark: MapearOrdenBenchmark.LeerOrdenFr3_Actual: DefaultJob
// *** Execute ***
// Launch: 1 / 1
// Execute: dotnet BenchmarkSuite1-DefaultJob-1.dll --anonymousPipes 7180 7172 --benchmarkName CapaDatos.Benchmarks.MapearOrdenBenchmark.LeerOrdenFr3_Actual --job Default --benchmarkId 12 in C:\AOCR\AOCR\AOCR05-01-2026\AOCR1\AOCR\BenchmarkSuite1\bin\Release\net9.0\BenchmarkSuite1-DefaultJob-1\bin\Release\net9.0
// BeforeAnythingElse

// Benchmark Process Environment Information:
// BenchmarkDotNet v0.15.2
// Runtime=.NET 9.0.14 (9.0.1426.11910), X64 RyuJIT AVX2
// GC=Concurrent Workstation
// HardwareIntrinsics=AVX2,AES,BMI1,BMI2,FMA,LZCNT,PCLMUL,POPCNT VectorSize=256
// Job: DefaultJob

OverheadJitting  1: 1 op, 237500.00 ns, 237.5000 us/op
WorkloadJitting  1: 1 op, 1227100.00 ns, 1.2271 ms/op

OverheadJitting  2: 16 op, 808400.00 ns, 50.5250 us/op
WorkloadJitting  2: 16 op, 3222500.00 ns, 201.4063 us/op

WorkloadPilot    1: 16 op, 2149800.00 ns, 134.3625 us/op
WorkloadPilot    2: 32 op, 4347600.00 ns, 135.8625 us/op
WorkloadPilot    3: 64 op, 7866200.00 ns, 122.9094 us/op
WorkloadPilot    4: 128 op, 15308800.00 ns, 119.6000 us/op
WorkloadPilot    5: 256 op, 26956200.00 ns, 105.2977 us/op
WorkloadPilot    6: 512 op, 52944500.00 ns, 103.4072 us/op
WorkloadPilot    7: 1024 op, 72097100.00 ns, 70.4073 us/op
WorkloadPilot    8: 2048 op, 49207100.00 ns, 24.0269 us/op
WorkloadPilot    9: 4096 op, 96384400.00 ns, 23.5313 us/op
WorkloadPilot   10: 8192 op, 176625700.00 ns, 21.5608 us/op
WorkloadPilot   11: 16384 op, 342841100.00 ns, 20.9254 us/op
WorkloadPilot   12: 32768 op, 693025100.00 ns, 21.1494 us/op

OverheadWarmup   1: 32768 op, 114500.00 ns, 3.4943 ns/op
OverheadWarmup   2: 32768 op, 113600.00 ns, 3.4668 ns/op
OverheadWarmup   3: 32768 op, 114300.00 ns, 3.4882 ns/op
OverheadWarmup   4: 32768 op, 113500.00 ns, 3.4637 ns/op
OverheadWarmup   5: 32768 op, 114000.00 ns, 3.4790 ns/op
OverheadWarmup   6: 32768 op, 113500.00 ns, 3.4637 ns/op

OverheadActual   1: 32768 op, 114100.00 ns, 3.4821 ns/op
OverheadActual   2: 32768 op, 113500.00 ns, 3.4637 ns/op
OverheadActual   3: 32768 op, 114100.00 ns, 3.4821 ns/op
OverheadActual   4: 32768 op, 113500.00 ns, 3.4637 ns/op
OverheadActual   5: 32768 op, 170800.00 ns, 5.2124 ns/op
OverheadActual   6: 32768 op, 113500.00 ns, 3.4637 ns/op
OverheadActual   7: 32768 op, 114100.00 ns, 3.4821 ns/op
OverheadActual   8: 32768 op, 113500.00 ns, 3.4637 ns/op
OverheadActual   9: 32768 op, 114000.00 ns, 3.4790 ns/op
OverheadActual  10: 32768 op, 113500.00 ns, 3.4637 ns/op
OverheadActual  11: 32768 op, 113900.00 ns, 3.4760 ns/op
OverheadActual  12: 32768 op, 113500.00 ns, 3.4637 ns/op
OverheadActual  13: 32768 op, 114500.00 ns, 3.4943 ns/op
OverheadActual  14: 32768 op, 113500.00 ns, 3.4637 ns/op
OverheadActual  15: 32768 op, 113900.00 ns, 3.4760 ns/op

OverheadWarmup   1: 32768 op, 113500.00 ns, 3.4637 ns/op
OverheadWarmup   2: 32768 op, 114100.00 ns, 3.4821 ns/op
OverheadWarmup   3: 32768 op, 113500.00 ns, 3.4637 ns/op
OverheadWarmup   4: 32768 op, 113900.00 ns, 3.4760 ns/op
OverheadWarmup   5: 32768 op, 113500.00 ns, 3.4637 ns/op
OverheadWarmup   6: 32768 op, 114000.00 ns, 3.4790 ns/op

// BeforeActualRun
WorkloadActual   1: 32768 op, 813731900.00 ns, 24.8331 us/op
WorkloadActual   2: 32768 op, 733246300.00 ns, 22.3769 us/op
WorkloadActual   3: 32768 op, 705730800.00 ns, 21.5372 us/op
WorkloadActual   4: 32768 op, 706620500.00 ns, 21.5643 us/op
WorkloadActual   5: 32768 op, 712821300.00 ns, 21.7536 us/op
WorkloadActual   6: 32768 op, 712787700.00 ns, 21.7526 us/op
WorkloadActual   7: 32768 op, 711231600.00 ns, 21.7051 us/op
WorkloadActual   8: 32768 op, 1052409200.00 ns, 32.1170 us/op
WorkloadActual   9: 32768 op, 709333300.00 ns, 21.6471 us/op
WorkloadActual  10: 32768 op, 701956600.00 ns, 21.4220 us/op
WorkloadActual  11: 32768 op, 699213100.00 ns, 21.3383 us/op
WorkloadActual  12: 32768 op, 701057000.00 ns, 21.3946 us/op
WorkloadActual  13: 32768 op, 700414100.00 ns, 21.3749 us/op
WorkloadActual  14: 32768 op, 697061300.00 ns, 21.2726 us/op
WorkloadActual  15: 32768 op, 699813800.00 ns, 21.3566 us/op

// AfterActualRun
WorkloadResult   1: 32768 op, 705616900.00 ns, 21.5337 us/op
WorkloadResult   2: 32768 op, 706506600.00 ns, 21.5609 us/op
WorkloadResult   3: 32768 op, 712707400.00 ns, 21.7501 us/op
WorkloadResult   4: 32768 op, 712673800.00 ns, 21.7491 us/op
WorkloadResult   5: 32768 op, 711117700.00 ns, 21.7016 us/op
WorkloadResult   6: 32768 op, 709219400.00 ns, 21.6437 us/op
WorkloadResult   7: 32768 op, 701842700.00 ns, 21.4185 us/op
WorkloadResult   8: 32768 op, 699099200.00 ns, 21.3348 us/op
WorkloadResult   9: 32768 op, 700943100.00 ns, 21.3911 us/op
WorkloadResult  10: 32768 op, 700300200.00 ns, 21.3715 us/op
WorkloadResult  11: 32768 op, 696947400.00 ns, 21.2691 us/op
WorkloadResult  12: 32768 op, 699699900.00 ns, 21.3531 us/op
// GC:  376 79 0 2361131008 32768
// Threading:  0 0 32768

// AfterAll
// Benchmark Process 17720 has exited with code 0.

Mean = 21.506 μs, StdErr = 0.050 μs (0.23%), N = 12, StdDev = 0.173 μs
Min = 21.269 μs, Q1 = 21.367 μs, Median = 21.476 μs, Q3 = 21.658 μs, Max = 21.750 μs
IQR = 0.291 μs, LowerFence = 20.930 μs, UpperFence = 22.095 μs
ConfidenceInterval = [21.285 μs; 21.727 μs] (CI 99.9%), Margin = 0.221 μs (1.03% of Mean)
Skewness = 0.2, Kurtosis = 1.31, MValue = 2

// ** Remained 1 (7,1 %) benchmark(s) to run. Estimated finish 2026-03-16 16:54 (0h 0m from now) **
Setup power plan (GUID: 8c5e7fda-e8bf-4a96-9a85-a6e23a8c635c FriendlyName: Alto rendimiento)
// **************************
// Benchmark: MapearOrdenBenchmark.LeerOrdenFr3_Optimizado: DefaultJob
// *** Execute ***
// Launch: 1 / 1
// Execute: dotnet BenchmarkSuite1-DefaultJob-1.dll --anonymousPipes 7156 7160 --benchmarkName CapaDatos.Benchmarks.MapearOrdenBenchmark.LeerOrdenFr3_Optimizado --job Default --benchmarkId 13 in C:\AOCR\AOCR\AOCR05-01-2026\AOCR1\AOCR\BenchmarkSuite1\bin\Release\net9.0\BenchmarkSuite1-DefaultJob-1\bin\Release\net9.0
// BeforeAnythingElse

// Benchmark Process Environment Information:
// BenchmarkDotNet v0.15.2
// Runtime=.NET 9.0.14 (9.0.1426.11910), X64 RyuJIT AVX2
// GC=Concurrent Workstation
// HardwareIntrinsics=AVX2,AES,BMI1,BMI2,FMA,LZCNT,PCLMUL,POPCNT VectorSize=256
// Job: DefaultJob

OverheadJitting  1: 1 op, 238200.00 ns, 238.2000 us/op
WorkloadJitting  1: 1 op, 1362000.00 ns, 1.3620 ms/op

OverheadJitting  2: 16 op, 809900.00 ns, 50.6188 us/op
WorkloadJitting  2: 16 op, 2687000.00 ns, 167.9375 us/op

WorkloadPilot    1: 16 op, 1724000.00 ns, 107.7500 us/op
WorkloadPilot    2: 32 op, 3218100.00 ns, 100.5656 us/op
WorkloadPilot    3: 64 op, 6677600.00 ns, 104.3375 us/op
WorkloadPilot    4: 128 op, 11630900.00 ns, 90.8664 us/op
WorkloadPilot    5: 256 op, 20642000.00 ns, 80.6328 us/op
WorkloadPilot    6: 512 op, 41991300.00 ns, 82.0143 us/op
WorkloadPilot    7: 1024 op, 83804900.00 ns, 81.8407 us/op
WorkloadPilot    8: 2048 op, 48717500.00 ns, 23.7878 us/op
WorkloadPilot    9: 4096 op, 73678800.00 ns, 17.9880 us/op
WorkloadPilot   10: 8192 op, 137051600.00 ns, 16.7299 us/op
WorkloadPilot   11: 16384 op, 261853300.00 ns, 15.9823 us/op
WorkloadPilot   12: 32768 op, 524090000.00 ns, 15.9940 us/op

OverheadWarmup   1: 32768 op, 116400.00 ns, 3.5522 ns/op
OverheadWarmup   2: 32768 op, 115400.00 ns, 3.5217 ns/op
OverheadWarmup   3: 32768 op, 115100.00 ns, 3.5126 ns/op
OverheadWarmup   4: 32768 op, 115300.00 ns, 3.5187 ns/op
OverheadWarmup   5: 32768 op, 115300.00 ns, 3.5187 ns/op
OverheadWarmup   6: 32768 op, 139100.00 ns, 4.2450 ns/op
OverheadWarmup   7: 32768 op, 115300.00 ns, 3.5187 ns/op

OverheadActual   1: 32768 op, 127400.00 ns, 3.8879 ns/op
OverheadActual   2: 32768 op, 115500.00 ns, 3.5248 ns/op
OverheadActual   3: 32768 op, 115300.00 ns, 3.5187 ns/op
OverheadActual   4: 32768 op, 113400.00 ns, 3.4607 ns/op
OverheadActual   5: 32768 op, 120800.00 ns, 3.6865 ns/op
OverheadActual   6: 32768 op, 113600.00 ns, 3.4668 ns/op
OverheadActual   7: 32768 op, 115400.00 ns, 3.5217 ns/op
OverheadActual   8: 32768 op, 115000.00 ns, 3.5095 ns/op
OverheadActual   9: 32768 op, 114600.00 ns, 3.4973 ns/op
OverheadActual  10: 32768 op, 118300.00 ns, 3.6102 ns/op
OverheadActual  11: 32768 op, 129000.00 ns, 3.9368 ns/op
OverheadActual  12: 32768 op, 117700.00 ns, 3.5919 ns/op
OverheadActual  13: 32768 op, 127300.00 ns, 3.8849 ns/op
OverheadActual  14: 32768 op, 115200.00 ns, 3.5156 ns/op
OverheadActual  15: 32768 op, 127400.00 ns, 3.8879 ns/op
OverheadActual  16: 32768 op, 113600.00 ns, 3.4668 ns/op

OverheadWarmup   1: 32768 op, 115300.00 ns, 3.5187 ns/op
OverheadWarmup   2: 32768 op, 113600.00 ns, 3.4668 ns/op
OverheadWarmup   3: 32768 op, 115000.00 ns, 3.5095 ns/op
OverheadWarmup   4: 32768 op, 115900.00 ns, 3.5370 ns/op
OverheadWarmup   5: 32768 op, 115400.00 ns, 3.5217 ns/op
OverheadWarmup   6: 32768 op, 115700.00 ns, 3.5309 ns/op
OverheadWarmup   7: 32768 op, 113600.00 ns, 3.4668 ns/op

// BeforeActualRun
WorkloadActual   1: 32768 op, 687786000.00 ns, 20.9896 us/op
WorkloadActual   2: 32768 op, 588120700.00 ns, 17.9480 us/op
WorkloadActual   3: 32768 op, 624824800.00 ns, 19.0681 us/op
WorkloadActual   4: 32768 op, 747606300.00 ns, 22.8151 us/op
WorkloadActual   5: 32768 op, 608708800.00 ns, 18.5763 us/op
WorkloadActual   6: 32768 op, 622743400.00 ns, 19.0046 us/op
WorkloadActual   7: 32768 op, 613394200.00 ns, 18.7193 us/op
WorkloadActual   8: 32768 op, 799874900.00 ns, 24.4102 us/op
WorkloadActual   9: 32768 op, 656310400.00 ns, 20.0290 us/op
WorkloadActual  10: 32768 op, 741033700.00 ns, 22.6146 us/op
WorkloadActual  11: 32768 op, 596226900.00 ns, 18.1954 us/op
WorkloadActual  12: 32768 op, 534666200.00 ns, 16.3167 us/op
WorkloadActual  13: 32768 op, 532145600.00 ns, 16.2398 us/op
WorkloadActual  14: 32768 op, 540586300.00 ns, 16.4974 us/op
WorkloadActual  15: 32768 op, 536188500.00 ns, 16.3632 us/op
WorkloadActual  16: 32768 op, 533307600.00 ns, 16.2753 us/op
WorkloadActual  17: 32768 op, 558833300.00 ns, 17.0542 us/op
WorkloadActual  18: 32768 op, 550144500.00 ns, 16.7891 us/op
WorkloadActual  19: 32768 op, 536481400.00 ns, 16.3721 us/op
WorkloadActual  20: 32768 op, 537398900.00 ns, 16.4001 us/op
WorkloadActual  21: 32768 op, 578667700.00 ns, 17.6595 us/op
WorkloadActual  22: 32768 op, 536655200.00 ns, 16.3774 us/op
WorkloadActual  23: 32768 op, 550559000.00 ns, 16.8017 us/op
WorkloadActual  24: 32768 op, 531879800.00 ns, 16.2317 us/op
WorkloadActual  25: 32768 op, 535026600.00 ns, 16.3277 us/op
WorkloadActual  26: 32768 op, 534704700.00 ns, 16.3179 us/op
WorkloadActual  27: 32768 op, 538132300.00 ns, 16.4225 us/op
WorkloadActual  28: 32768 op, 540871800.00 ns, 16.5061 us/op
WorkloadActual  29: 32768 op, 530898800.00 ns, 16.2017 us/op
WorkloadActual  30: 32768 op, 546140100.00 ns, 16.6669 us/op
WorkloadActual  31: 32768 op, 546600500.00 ns, 16.6809 us/op
WorkloadActual  32: 32768 op, 534300200.00 ns, 16.3055 us/op
WorkloadActual  33: 32768 op, 544075600.00 ns, 16.6039 us/op
WorkloadActual  34: 32768 op, 541640500.00 ns, 16.5296 us/op
WorkloadActual  35: 32768 op, 539483800.00 ns, 16.4637 us/op
WorkloadActual  36: 32768 op, 540274700.00 ns, 16.4879 us/op
WorkloadActual  37: 32768 op, 533219000.00 ns, 16.2726 us/op
WorkloadActual  38: 32768 op, 532072500.00 ns, 16.2376 us/op
WorkloadActual  39: 32768 op, 531427800.00 ns, 16.2179 us/op
WorkloadActual  40: 32768 op, 535785400.00 ns, 16.3509 us/op
WorkloadActual  41: 32768 op, 535252900.00 ns, 16.3346 us/op
WorkloadActual  42: 32768 op, 534127900.00 ns, 16.3003 us/op
WorkloadActual  43: 32768 op, 541151400.00 ns, 16.5146 us/op
WorkloadActual  44: 32768 op, 534220100.00 ns, 16.3031 us/op
WorkloadActual  45: 32768 op, 561151500.00 ns, 17.1250 us/op
WorkloadActual  46: 32768 op, 544615500.00 ns, 16.6203 us/op
WorkloadActual  47: 32768 op, 535950800.00 ns, 16.3559 us/op
WorkloadActual  48: 32768 op, 539644400.00 ns, 16.4686 us/op
WorkloadActual  49: 32768 op, 536643400.00 ns, 16.3771 us/op

// AfterActualRun
WorkloadResult   1: 32768 op, 588005250.00 ns, 17.9445 us/op
WorkloadResult   2: 32768 op, 596111450.00 ns, 18.1919 us/op
WorkloadResult   3: 32768 op, 534550750.00 ns, 16.3132 us/op
WorkloadResult   4: 32768 op, 532030150.00 ns, 16.2363 us/op
WorkloadResult   5: 32768 op, 540470850.00 ns, 16.4939 us/op
WorkloadResult   6: 32768 op, 536073050.00 ns, 16.3597 us/op
WorkloadResult   7: 32768 op, 533192150.00 ns, 16.2717 us/op
WorkloadResult   8: 32768 op, 558717850.00 ns, 17.0507 us/op
WorkloadResult   9: 32768 op, 550029050.00 ns, 16.7856 us/op
WorkloadResult  10: 32768 op, 536365950.00 ns, 16.3686 us/op
WorkloadResult  11: 32768 op, 537283450.00 ns, 16.3966 us/op
WorkloadResult  12: 32768 op, 578552250.00 ns, 17.6560 us/op
WorkloadResult  13: 32768 op, 536539750.00 ns, 16.3739 us/op
WorkloadResult  14: 32768 op, 550443550.00 ns, 16.7982 us/op
WorkloadResult  15: 32768 op, 531764350.00 ns, 16.2282 us/op
WorkloadResult  16: 32768 op, 534911150.00 ns, 16.3242 us/op
WorkloadResult  17: 32768 op, 534589250.00 ns, 16.3144 us/op
WorkloadResult  18: 32768 op, 538016850.00 ns, 16.4190 us/op
WorkloadResult  19: 32768 op, 540756350.00 ns, 16.5026 us/op
WorkloadResult  20: 32768 op, 530783350.00 ns, 16.1982 us/op
WorkloadResult  21: 32768 op, 546024650.00 ns, 16.6633 us/op
WorkloadResult  22: 32768 op, 546485050.00 ns, 16.6774 us/op
WorkloadResult  23: 32768 op, 534184750.00 ns, 16.3020 us/op
WorkloadResult  24: 32768 op, 543960150.00 ns, 16.6003 us/op
WorkloadResult  25: 32768 op, 541525050.00 ns, 16.5260 us/op
WorkloadResult  26: 32768 op, 539368350.00 ns, 16.4602 us/op
WorkloadResult  27: 32768 op, 540159250.00 ns, 16.4844 us/op
WorkloadResult  28: 32768 op, 533103550.00 ns, 16.2690 us/op
WorkloadResult  29: 32768 op, 531957050.00 ns, 16.2340 us/op
WorkloadResult  30: 32768 op, 531312350.00 ns, 16.2144 us/op
WorkloadResult  31: 32768 op, 535669950.00 ns, 16.3473 us/op
WorkloadResult  32: 32768 op, 535137450.00 ns, 16.3311 us/op
WorkloadResult  33: 32768 op, 534012450.00 ns, 16.2968 us/op
WorkloadResult  34: 32768 op, 541035950.00 ns, 16.5111 us/op
WorkloadResult  35: 32768 op, 534104650.00 ns, 16.2996 us/op
WorkloadResult  36: 32768 op, 561036050.00 ns, 17.1215 us/op
WorkloadResult  37: 32768 op, 544500050.00 ns, 16.6168 us/op
WorkloadResult  38: 32768 op, 535835350.00 ns, 16.3524 us/op
WorkloadResult  39: 32768 op, 539528950.00 ns, 16.4651 us/op
WorkloadResult  40: 32768 op, 536527950.00 ns, 16.3735 us/op
// GC:  376 79 0 2361131008 32768
// Threading:  0 0 32768

// AfterAll
// Benchmark Process 28636 has exited with code 0.

Mean = 16.559 μs, StdErr = 0.071 μs (0.43%), N = 40, StdDev = 0.452 μs
Min = 16.198 μs, Q1 = 16.310 μs, Median = 16.385 μs, Q3 = 16.604 μs, Max = 18.192 μs
IQR = 0.294 μs, LowerFence = 15.869 μs, UpperFence = 17.046 μs
ConfidenceInterval = [16.305 μs; 16.814 μs] (CI 99.9%), Margin = 0.254 μs (1.54% of Mean)
Skewness = 2.23, Kurtosis = 7.5, MValue = 2

// ** Remained 0 (0,0 %) benchmark(s) to run. Estimated finish 2026-03-16 16:55 (0h 0m from now) **
Successfully reverted power plan (GUID: 611cfc0b-4a76-421d-8fec-f3efc102b093 FriendlyName: Lenovo Default)
// ***** BenchmarkRunner: Finish  *****

// * Export *
  BenchmarkDotNet.Artifacts\results\CapaDatos.Benchmarks.MapearOrdenBenchmark-report.csv
  BenchmarkDotNet.Artifacts\results\CapaDatos.Benchmarks.MapearOrdenBenchmark-report-github.md
  BenchmarkDotNet.Artifacts\results\CapaDatos.Benchmarks.MapearOrdenBenchmark-report.html

// * Detailed results *
MapearOrdenBenchmark.MapearOrden_Actual: DefaultJob
Runtime = .NET 9.0.14 (9.0.1426.11910), X64 RyuJIT AVX2; GC = Concurrent Workstation
Mean = 179.636 μs, StdErr = 0.770 μs (0.43%), N = 14, StdDev = 2.880 μs
Min = 176.075 μs, Q1 = 176.777 μs, Median = 179.835 μs, Q3 = 182.436 μs, Max = 183.900 μs
IQR = 5.659 μs, LowerFence = 168.289 μs, UpperFence = 190.924 μs
ConfidenceInterval = [176.387 μs; 182.885 μs] (CI 99.9%), Margin = 3.249 μs (1.81% of Mean)
Skewness = 0.09, Kurtosis = 1.31, MValue = 2
-------------------- Histogram --------------------
[175.512 μs ; 184.538 μs) | @@@@@@@@@@@@@@
---------------------------------------------------

MapearOrdenBenchmark.MapearOrden_Optimizado: DefaultJob
Runtime = .NET 9.0.14 (9.0.1426.11910), X64 RyuJIT AVX2; GC = Concurrent Workstation
Mean = 91.739 μs, StdErr = 0.104 μs (0.11%), N = 13, StdDev = 0.376 μs
Min = 91.247 μs, Q1 = 91.362 μs, Median = 91.757 μs, Q3 = 91.980 μs, Max = 92.501 μs
IQR = 0.618 μs, LowerFence = 90.436 μs, UpperFence = 92.906 μs
ConfidenceInterval = [91.289 μs; 92.189 μs] (CI 99.9%), Margin = 0.450 μs (0.49% of Mean)
Skewness = 0.32, Kurtosis = 1.97, MValue = 2
-------------------- Histogram --------------------
[91.037 μs ; 92.711 μs) | @@@@@@@@@@@@@
---------------------------------------------------

MapearOrdenBenchmark.MapearDetalle_Actual: DefaultJob
Runtime = .NET 9.0.14 (9.0.1426.11910), X64 RyuJIT AVX2; GC = Concurrent Workstation
Mean = 82.877 μs, StdErr = 0.293 μs (0.35%), N = 13, StdDev = 1.058 μs
Min = 81.994 μs, Q1 = 82.270 μs, Median = 82.438 μs, Q3 = 82.881 μs, Max = 85.481 μs
IQR = 0.611 μs, LowerFence = 81.354 μs, UpperFence = 83.798 μs
ConfidenceInterval = [81.609 μs; 84.144 μs] (CI 99.9%), Margin = 1.267 μs (1.53% of Mean)
Skewness = 1.47, Kurtosis = 3.74, MValue = 2
-------------------- Histogram --------------------
[81.694 μs ; 84.285 μs) | @@@@@@@@@@@
[84.285 μs ; 86.071 μs) | @@
---------------------------------------------------

MapearOrdenBenchmark.MapearDetalle_Optimizado: DefaultJob
Runtime = .NET 9.0.14 (9.0.1426.11910), X64 RyuJIT AVX2; GC = Concurrent Workstation
Mean = 55.379 μs, StdErr = 0.073 μs (0.13%), N = 14, StdDev = 0.273 μs
Min = 55.012 μs, Q1 = 55.170 μs, Median = 55.338 μs, Q3 = 55.502 μs, Max = 55.956 μs
IQR = 0.332 μs, LowerFence = 54.672 μs, UpperFence = 56.001 μs
ConfidenceInterval = [55.071 μs; 55.687 μs] (CI 99.9%), Margin = 0.308 μs (0.56% of Mean)
Skewness = 0.52, Kurtosis = 2.2, MValue = 2
-------------------- Histogram --------------------
[54.863 μs ; 56.104 μs) | @@@@@@@@@@@@@@
---------------------------------------------------

MapearOrdenBenchmark.MapearPagoModel_Actual: DefaultJob
Runtime = .NET 9.0.14 (9.0.1426.11910), X64 RyuJIT AVX2; GC = Concurrent Workstation
Mean = 125.112 μs, StdErr = 0.547 μs (0.44%), N = 20, StdDev = 2.446 μs
Min = 123.629 μs, Q1 = 123.900 μs, Median = 124.033 μs, Q3 = 124.697 μs, Max = 131.168 μs
IQR = 0.796 μs, LowerFence = 122.706 μs, UpperFence = 125.891 μs
ConfidenceInterval = [122.988 μs; 127.236 μs] (CI 99.9%), Margin = 2.124 μs (1.70% of Mean)
Skewness = 1.75, Kurtosis = 4.28, MValue = 2
-------------------- Histogram --------------------
[123.009 μs ; 127.859 μs) | @@@@@@@@@@@@@@@@@
[127.859 μs ; 132.046 μs) | @@@
---------------------------------------------------

MapearOrdenBenchmark.MapearPagoModel_Optimizado: DefaultJob
Runtime = .NET 9.0.14 (9.0.1426.11910), X64 RyuJIT AVX2; GC = Concurrent Workstation
Mean = 71.382 μs, StdErr = 0.168 μs (0.24%), N = 15, StdDev = 0.651 μs
Min = 70.370 μs, Q1 = 70.846 μs, Median = 71.537 μs, Q3 = 71.758 μs, Max = 72.495 μs
IQR = 0.912 μs, LowerFence = 69.477 μs, UpperFence = 73.127 μs
ConfidenceInterval = [70.686 μs; 72.077 μs] (CI 99.9%), Margin = 0.696 μs (0.97% of Mean)
Skewness = -0.2, Kurtosis = 1.77, MValue = 2
-------------------- Histogram --------------------
[70.023 μs ; 72.516 μs) | @@@@@@@@@@@@@@@
---------------------------------------------------

MapearOrdenBenchmark.MapearPagoEntidad_Actual: DefaultJob
Runtime = .NET 9.0.14 (9.0.1426.11910), X64 RyuJIT AVX2; GC = Concurrent Workstation
Mean = 103.438 μs, StdErr = 0.137 μs (0.13%), N = 13, StdDev = 0.495 μs
Min = 102.825 μs, Q1 = 103.109 μs, Median = 103.291 μs, Q3 = 103.902 μs, Max = 104.420 μs
IQR = 0.793 μs, LowerFence = 101.919 μs, UpperFence = 105.091 μs
ConfidenceInterval = [102.845 μs; 104.031 μs] (CI 99.9%), Margin = 0.593 μs (0.57% of Mean)
Skewness = 0.48, Kurtosis = 1.9, MValue = 2
-------------------- Histogram --------------------
[102.549 μs ; 104.697 μs) | @@@@@@@@@@@@@
---------------------------------------------------

MapearOrdenBenchmark.MapearPagoEntidad_Optimizado: DefaultJob
Runtime = .NET 9.0.14 (9.0.1426.11910), X64 RyuJIT AVX2; GC = Concurrent Workstation
Mean = 66.398 μs, StdErr = 0.080 μs (0.12%), N = 15, StdDev = 0.310 μs
Min = 66.008 μs, Q1 = 66.130 μs, Median = 66.445 μs, Q3 = 66.617 μs, Max = 66.991 μs
IQR = 0.487 μs, LowerFence = 65.400 μs, UpperFence = 67.347 μs
ConfidenceInterval = [66.067 μs; 66.729 μs] (CI 99.9%), Margin = 0.331 μs (0.50% of Mean)
Skewness = 0.32, Kurtosis = 1.64, MValue = 2
-------------------- Histogram --------------------
[65.843 μs ; 67.155 μs) | @@@@@@@@@@@@@@@
---------------------------------------------------

MapearOrdenBenchmark.LeerOrdenTx_Actual: DefaultJob
Runtime = .NET 9.0.14 (9.0.1426.11910), X64 RyuJIT AVX2; GC = Concurrent Workstation
Mean = 50.632 μs, StdErr = 0.167 μs (0.33%), N = 14, StdDev = 0.626 μs
Min = 50.012 μs, Q1 = 50.099 μs, Median = 50.313 μs, Q3 = 51.178 μs, Max = 51.701 μs
IQR = 1.079 μs, LowerFence = 48.481 μs, UpperFence = 52.796 μs
ConfidenceInterval = [49.926 μs; 51.339 μs] (CI 99.9%), Margin = 0.707 μs (1.40% of Mean)
Skewness = 0.37, Kurtosis = 1.31, MValue = 2
-------------------- Histogram --------------------
[49.671 μs ; 51.739 μs) | @@@@@@@@@@@@@@
---------------------------------------------------

MapearOrdenBenchmark.LeerOrdenTx_Optimizado: DefaultJob
Runtime = .NET 9.0.14 (9.0.1426.11910), X64 RyuJIT AVX2; GC = Concurrent Workstation
Mean = 30.457 μs, StdErr = 0.077 μs (0.25%), N = 14, StdDev = 0.287 μs
Min = 30.117 μs, Q1 = 30.229 μs, Median = 30.366 μs, Q3 = 30.663 μs, Max = 31.109 μs
IQR = 0.434 μs, LowerFence = 29.578 μs, UpperFence = 31.314 μs
ConfidenceInterval = [30.134 μs; 30.780 μs] (CI 99.9%), Margin = 0.323 μs (1.06% of Mean)
Skewness = 0.68, Kurtosis = 2.4, MValue = 2
-------------------- Histogram --------------------
[29.961 μs ; 31.265 μs) | @@@@@@@@@@@@@@
---------------------------------------------------

MapearOrdenBenchmark.LeerOrdenMeta_Actual: DefaultJob
Runtime = .NET 9.0.14 (9.0.1426.11910), X64 RyuJIT AVX2; GC = Concurrent Workstation
Mean = 23.098 μs, StdErr = 0.041 μs (0.18%), N = 14, StdDev = 0.155 μs
Min = 22.904 μs, Q1 = 22.985 μs, Median = 23.042 μs, Q3 = 23.226 μs, Max = 23.415 μs
IQR = 0.241 μs, LowerFence = 22.623 μs, UpperFence = 23.587 μs
ConfidenceInterval = [22.924 μs; 23.273 μs] (CI 99.9%), Margin = 0.175 μs (0.76% of Mean)
Skewness = 0.54, Kurtosis = 1.88, MValue = 2
-------------------- Histogram --------------------
[22.820 μs ; 23.499 μs) | @@@@@@@@@@@@@@
---------------------------------------------------

MapearOrdenBenchmark.LeerOrdenMeta_Optimizado: DefaultJob
Runtime = .NET 9.0.14 (9.0.1426.11910), X64 RyuJIT AVX2; GC = Concurrent Workstation
Mean = 16.719 μs, StdErr = 0.063 μs (0.37%), N = 13, StdDev = 0.226 μs
Min = 16.532 μs, Q1 = 16.567 μs, Median = 16.593 μs, Q3 = 16.810 μs, Max = 17.234 μs
IQR = 0.242 μs, LowerFence = 16.203 μs, UpperFence = 17.173 μs
ConfidenceInterval = [16.448 μs; 16.989 μs] (CI 99.9%), Margin = 0.271 μs (1.62% of Mean)
Skewness = 1.14, Kurtosis = 2.91, MValue = 2
-------------------- Histogram --------------------
[16.482 μs ; 17.000 μs) | @@@@@@@@@@@
[17.000 μs ; 17.360 μs) | @@
---------------------------------------------------

MapearOrdenBenchmark.LeerOrdenFr3_Actual: DefaultJob
Runtime = .NET 9.0.14 (9.0.1426.11910), X64 RyuJIT AVX2; GC = Concurrent Workstation
Mean = 21.506 μs, StdErr = 0.050 μs (0.23%), N = 12, StdDev = 0.173 μs
Min = 21.269 μs, Q1 = 21.367 μs, Median = 21.476 μs, Q3 = 21.658 μs, Max = 21.750 μs
IQR = 0.291 μs, LowerFence = 20.930 μs, UpperFence = 22.095 μs
ConfidenceInterval = [21.285 μs; 21.727 μs] (CI 99.9%), Margin = 0.221 μs (1.03% of Mean)
Skewness = 0.2, Kurtosis = 1.31, MValue = 2
-------------------- Histogram --------------------
[21.170 μs ; 21.849 μs) | @@@@@@@@@@@@
---------------------------------------------------

MapearOrdenBenchmark.LeerOrdenFr3_Optimizado: DefaultJob
Runtime = .NET 9.0.14 (9.0.1426.11910), X64 RyuJIT AVX2; GC = Concurrent Workstation
Mean = 16.559 μs, StdErr = 0.071 μs (0.43%), N = 40, StdDev = 0.452 μs
Min = 16.198 μs, Q1 = 16.310 μs, Median = 16.385 μs, Q3 = 16.604 μs, Max = 18.192 μs
IQR = 0.294 μs, LowerFence = 15.869 μs, UpperFence = 17.046 μs
ConfidenceInterval = [16.305 μs; 16.814 μs] (CI 99.9%), Margin = 0.254 μs (1.54% of Mean)
Skewness = 2.23, Kurtosis = 7.5, MValue = 2
-------------------- Histogram --------------------
[16.189 μs ; 16.536 μs) | @@@@@@@@@@@@@@@@@@@@@@@@@@@@@
[16.536 μs ; 16.913 μs) | @@@@@@
[16.913 μs ; 17.479 μs) | @@
[17.479 μs ; 18.249 μs) | @@@
---------------------------------------------------

// * Summary *

BenchmarkDotNet v0.15.2, Windows 11 (10.0.26200.8037)
Intel Core i7-8700 CPU 3.20GHz (Max: 3.19GHz) (Coffee Lake), 1 CPU, 12 logical and 6 physical cores
.NET SDK 9.0.312
  [Host]     : .NET 9.0.14 (9.0.1426.11910), X64 RyuJIT AVX2
  DefaultJob : .NET 9.0.14 (9.0.1426.11910), X64 RyuJIT AVX2


| Method                       | Mean      | Error    | StdDev   | Ratio | RatioSD | Alloc Ratio |
|----------------------------- |----------:|---------:|---------:|------:|--------:|------------:|
| MapearOrden_Actual           | 179.64 μs | 3.249 μs | 2.880 μs |  1.00 |    0.02 |          NA |
| MapearOrden_Optimizado       |  91.74 μs | 0.450 μs | 0.376 μs |  0.51 |    0.01 |          NA |
| MapearDetalle_Actual         |  82.88 μs | 1.267 μs | 1.058 μs |  0.46 |    0.01 |          NA |
| MapearDetalle_Optimizado     |  55.38 μs | 0.308 μs | 0.273 μs |  0.31 |    0.00 |          NA |
| MapearPagoModel_Actual       | 125.11 μs | 2.124 μs | 2.446 μs |  0.70 |    0.02 |          NA |
| MapearPagoModel_Optimizado   |  71.38 μs | 0.696 μs | 0.651 μs |  0.40 |    0.01 |          NA |
| MapearPagoEntidad_Actual     | 103.44 μs | 0.593 μs | 0.495 μs |  0.58 |    0.01 |          NA |
| MapearPagoEntidad_Optimizado |  66.40 μs | 0.331 μs | 0.310 μs |  0.37 |    0.01 |          NA |
| LeerOrdenTx_Actual           |  50.63 μs | 0.707 μs | 0.626 μs |  0.28 |    0.01 |          NA |
| LeerOrdenTx_Optimizado       |  30.46 μs | 0.323 μs | 0.287 μs |  0.17 |    0.00 |          NA |
| LeerOrdenMeta_Actual         |  23.10 μs | 0.175 μs | 0.155 μs |  0.13 |    0.00 |          NA |
| LeerOrdenMeta_Optimizado     |  16.72 μs | 0.271 μs | 0.226 μs |  0.09 |    0.00 |          NA |
| LeerOrdenFr3_Actual          |  21.51 μs | 0.221 μs | 0.173 μs |  0.12 |    0.00 |          NA |
| LeerOrdenFr3_Optimizado      |  16.56 μs | 0.254 μs | 0.452 μs |  0.09 |    0.00 |          NA |

// * Hints *
Outliers
  MapearOrdenBenchmark.MapearOrden_Actual: Default       -> 1 outlier  was  removed (210.04 μs)
  MapearOrdenBenchmark.MapearOrden_Optimizado: Default   -> 2 outliers were removed (97.21 μs, 103.48 μs)
  MapearOrdenBenchmark.MapearDetalle_Actual: Default     -> 2 outliers were removed (87.57 μs, 89.93 μs)
  MapearOrdenBenchmark.MapearDetalle_Optimizado: Default -> 1 outlier  was  removed (59.23 μs)
  MapearOrdenBenchmark.MapearPagoModel_Actual: Default   -> 3 outliers were removed (137.08 μs..146.86 μs)
  MapearOrdenBenchmark.MapearPagoEntidad_Actual: Default -> 2 outliers were removed (105.69 μs, 106.69 μs)
  MapearOrdenBenchmark.LeerOrdenTx_Actual: Default       -> 1 outlier  was  removed (56.39 μs)
  MapearOrdenBenchmark.LeerOrdenTx_Optimizado: Default   -> 1 outlier  was  removed (34.78 μs)
  MapearOrdenBenchmark.LeerOrdenMeta_Actual: Default     -> 1 outlier  was  removed (34.93 μs)
  MapearOrdenBenchmark.LeerOrdenMeta_Optimizado: Default -> 2 outliers were removed (17.57 μs, 20.55 μs)
  MapearOrdenBenchmark.LeerOrdenFr3_Actual: Default      -> 3 outliers were removed (22.38 μs..32.12 μs)
  MapearOrdenBenchmark.LeerOrdenFr3_Optimizado: Default  -> 9 outliers were removed (18.58 μs..24.41 μs)

// * Legends *
  Mean        : Arithmetic mean of all measurements
  Error       : Half of 99.9% confidence interval
  StdDev      : Standard deviation of all measurements
  Ratio       : Mean of the ratio distribution ([Current]/[Baseline])
  RatioSD     : Standard deviation of the ratio distribution ([Current]/[Baseline])
  Alloc Ratio : Allocated memory ratio distribution ([Current]/[Baseline])
  1 μs        : 1 Microsecond (0.000001 sec)

// * Diagnostic Output - CPUUsageDiagnoser *
Saving diagsession as a file. This may take a moment...
Exported diagsession file: C:\AOCR\AOCR\AOCR05-01-2026\AOCR1\AOCR\BenchmarkSuite1\BenchmarkDotNet.Artifacts\BenchmarkDotNet_MapearOrdenBenchmark_20260316_165505.diagsession.
Opening diagsession in VisualStudio: 17652


// ***** BenchmarkRunner: End *****
Run time: 00:04:41 (281.5 sec), executed benchmarks: 14

Global total time: 00:05:28 (328.58 sec), executed benchmarks: 14
// * Artifacts cleanup *
Artifacts cleanup is finished
