2026-03-16 08:23:04.140 | INFO  | CID:N/A | Iniciando procesador de cola de correos
2026-03-16 08:23:30.083 | INFO  | CID:641cd1fe556a | Account/Login | Iniciando acción: Account/Login
2026-03-16 08:23:31.514 | INFO  | CID:641cd1fe556a | Account/Login | Acción completada: Account/Login
2026-03-16 08:24:34.879 | INFO  | CID:536a63d5e475 | Account/Login | Iniciando acción: Account/Login
2026-03-16 08:24:36.836 | INFO  | CID:536a63d5e475 | Account/Login | Acción completada: Account/Login
2026-03-16 08:24:45.779 | INFO  | CID:39319936c011 | USR:GACAJAS | Account/SeleccionarCompania | Iniciando acción: Account/SeleccionarCompania
2026-03-16 08:24:47.612 | INFO  | CID:39319936c011 | USR:GACAJAS | Account/SeleccionarCompania | Acción completada: Account/SeleccionarCompania
2026-03-16 08:27:13.880 | INFO  | CID:8b5398510c6f | Account/Login | Iniciando acción: Account/Login
2026-03-16 08:27:14.260 | INFO  | CID:8b5398510c6f | Account/Login | Acción completada: Account/Login
2026-03-16 09:27:05.852 | INFO  | CID:N/A | Iniciando procesador de cola de correos
2026-03-16 09:27:26.883 | INFO  | CID:466523dd6a4a | Account/Login | Iniciando acción: Account/Login
2026-03-16 09:27:27.548 | INFO  | CID:466523dd6a4a | Account/Login | Acción completada: Account/Login
2026-03-16 09:27:51.218 | INFO  | CID:1d457b842ed3 | USR:USU_ADMIN | Financiero/AprobarYEnviarAS400 | Iniciando acción: Financiero/AprobarYEnviarAS400
2026-03-16 09:27:51.596 | INFO  | CID:1d457b842ed3 | USR:USU_ADMIN | Financiero/AprobarYEnviarAS400 | Acción completada: Financiero/AprobarYEnviarAS400
2026-03-16 09:27:54.963 | INFO  | CID:ca9702b86eae | USR:USU_ADMIN | Financiero/AprobarYEnviarAS400 | Iniciando acción: Financiero/AprobarYEnviarAS400
2026-03-16 09:27:55.429 | INFO  | CID:ca9702b86eae | USR:USU_ADMIN | Financiero/AprobarYEnviarAS400 | Acción completada: Financiero/AprobarYEnviarAS400
2026-03-16 09:28:07.771 | INFO  | CID:2eec5e54954f | USR:USU_ADMIN | Financiero/AprobarYEnviarAS400 | Iniciando acción: Financiero/AprobarYEnviarAS400
2026-03-16 09:28:08.228 | INFO  | CID:2eec5e54954f | USR:USU_ADMIN | Financiero/AprobarYEnviarAS400 | Acción completada: Financiero/AprobarYEnviarAS400
2026-03-16 09:28:08.836 | INFO  | CID:d09b638dabde | USR:USU_ADMIN | Financiero/AprobarYEnviarAS400 | Iniciando acción: Financiero/AprobarYEnviarAS400
2026-03-16 09:28:09.285 | INFO  | CID:d09b638dabde | USR:USU_ADMIN | Financiero/AprobarYEnviarAS400 | Acción completada: Financiero/AprobarYEnviarAS400
2026-03-16 09:28:09.788 | INFO  | CID:783f4cd81630 | USR:USU_ADMIN | Financiero/AprobarYEnviarAS400 | Iniciando acción: Financiero/AprobarYEnviarAS400
2026-03-16 09:28:10.231 | INFO  | CID:783f4cd81630 | USR:USU_ADMIN | Financiero/AprobarYEnviarAS400 | Acción completada: Financiero/AprobarYEnviarAS400
2026-03-16 09:28:35.051 | INFO  | CID:083712270f10 | USR:USU_ADMIN | Financiero/AprobarYEnviarAS400 | Iniciando acción: Financiero/AprobarYEnviarAS400
2026-03-16 09:28:35.340 | INFO  | CID:083712270f10 | USR:USU_ADMIN | Financiero/AprobarYEnviarAS400 | Acción completada: Financiero/AprobarYEnviarAS400
2026-03-16 09:28:37.003 | INFO  | CID:67ee5c750b57 | USR:USU_ADMIN | Financiero/AprobarYEnviarAS400 | Iniciando acción: Financiero/AprobarYEnviarAS400
2026-03-16 09:28:37.508 | INFO  | CID:67ee5c750b57 | USR:USU_ADMIN | Financiero/AprobarYEnviarAS400 | Acción completada: Financiero/AprobarYEnviarAS400
2026-03-16 09:28:39.579 | INFO  | CID:ad837ecb74d7 | USR:USU_ADMIN | Financiero/AprobarYEnviarAS400 | Iniciando acción: Financiero/AprobarYEnviarAS400
2026-03-16 09:28:40.074 | INFO  | CID:ad837ecb74d7 | USR:USU_ADMIN | Financiero/AprobarYEnviarAS400 | Acción completada: Financiero/AprobarYEnviarAS400
2026-03-16 09:28:40.758 | INFO  | CID:5f08aa3ad1d9 | USR:USU_ADMIN | Financiero/AprobarYEnviarAS400 | Iniciando acción: Financiero/AprobarYEnviarAS400
2026-03-16 09:28:41.025 | INFO  | CID:5f08aa3ad1d9 | USR:USU_ADMIN | Financiero/AprobarYEnviarAS400 | Acción completada: Financiero/AprobarYEnviarAS400
2026-03-16 09:53:27.981 | INFO  | CID:N/A | Iniciando procesador de cola de correos
2026-03-16 09:55:00.453 | INFO  | CID:2937efc3732c | Account/Login | Iniciando acción: Account/Login
2026-03-16 09:55:01.187 | INFO  | CID:2937efc3732c | Account/Login | Acción completada: Account/Login
2026-03-16 09:55:35.916 | INFO  | CID:6dc8ddacbeeb | USR:USU_ADMIN | Financiero/AprobarYEnviarAS400 | Iniciando acción: Financiero/AprobarYEnviarAS400
2026-03-16 09:55:36.099 | INFO  | CID:6dc8ddacbeeb | USR:USU_ADMIN | Financiero/AprobarYEnviarAS400 | Acción completada: Financiero/AprobarYEnviarAS400
2026-03-16 09:55:42.665 | INFO  | CID:5a00623171cb | USR:USU_ADMIN | Financiero/AprobarYEnviarAS400 | Iniciando acción: Financiero/AprobarYEnviarAS400
2026-03-16 09:55:42.971 | INFO  | CID:5a00623171cb | USR:USU_ADMIN | Financiero/AprobarYEnviarAS400 | Acción completada: Financiero/AprobarYEnviarAS400
2026-03-16 09:55:50.689 | INFO  | CID:18a15cea5778 | USR:USU_ADMIN | Financiero/AprobarYEnviarAS400 | Iniciando acción: Financiero/AprobarYEnviarAS400
2026-03-16 09:55:51.181 | INFO  | CID:18a15cea5778 | USR:USU_ADMIN | Financiero/AprobarYEnviarAS400 | Acción completada: Financiero/AprobarYEnviarAS400
2026-03-16 09:55:53.215 | INFO  | CID:5dff882f4159 | USR:USU_ADMIN | Financiero/AprobarYEnviarAS400 | Iniciando acción: Financiero/AprobarYEnviarAS400
2026-03-16 09:55:53.481 | INFO  | CID:5dff882f4159 | USR:USU_ADMIN | Financiero/AprobarYEnviarAS400 | Acción completada: Financiero/AprobarYEnviarAS400
2026-03-16 09:55:53.989 | INFO  | CID:beaa264d50ed | USR:USU_ADMIN | Financiero/AprobarYEnviarAS400 | Iniciando acción: Financiero/AprobarYEnviarAS400
2026-03-16 09:55:54.265 | INFO  | CID:beaa264d50ed | USR:USU_ADMIN | Financiero/AprobarYEnviarAS400 | Acción completada: Financiero/AprobarYEnviarAS400
2026-03-16 10:03:28.187 | INFO  | CID:N/A | Deteniendo procesador de cola de correos
2026-03-16 10:03:28.264 | INFO  | CID:N/A | Deteniendo procesador de cola de correos
2026-03-16 10:03:57.837 | INFO  | CID:N/A | Iniciando procesador de cola de correos
2026-03-16 10:04:00.123 | INFO  | CID:N/A | Deteniendo procesador de cola de correos
2026-03-16 10:04:00.176 | INFO  | CID:N/A | Deteniendo procesador de cola de correos
2026-03-16 10:04:27.017 | INFO  | CID:N/A | Iniciando procesador de cola de correos
2026-03-16 10:04:54.026 | INFO  | CID:N/A | Deteniendo procesador de cola de correos
2026-03-16 10:04:54.064 | INFO  | CID:N/A | Deteniendo procesador de cola de correos
2026-03-16 10:05:26.691 | INFO  | CID:N/A | Iniciando procesador de cola de correos
2026-03-16 10:06:55.232 | INFO  | CID:N/A | Deteniendo procesador de cola de correos
2026-03-16 10:06:55.304 | INFO  | CID:N/A | Deteniendo procesador de cola de correos
2026-03-16 10:07:27.216 | INFO  | CID:N/A | Iniciando procesador de cola de correos
2026-03-16 10:07:30.935 | INFO  | CID:N/A | Deteniendo procesador de cola de correos
2026-03-16 10:07:30.965 | INFO  | CID:N/A | Deteniendo procesador de cola de correos
2026-03-16 10:07:57.719 | INFO  | CID:N/A | Iniciando procesador de cola de correos
2026-03-16 10:08:59.087 | INFO  | CID:3683c69d96d0 | USR:USU_ADMIN | Financiero/AprobarYEnviarAS400 | Iniciando acción: Financiero/AprobarYEnviarAS400
2026-03-16 10:08:59.620 | INFO  | CID:3683c69d96d0 | USR:USU_ADMIN | Financiero/AprobarYEnviarAS400 | Acción completada: Financiero/AprobarYEnviarAS400
2026-03-16 10:09:01.220 | INFO  | CID:01e51b7d8ab1 | USR:USU_ADMIN | Financiero/AprobarYEnviarAS400 | Iniciando acción: Financiero/AprobarYEnviarAS400
2026-03-16 10:09:01.679 | INFO  | CID:01e51b7d8ab1 | USR:USU_ADMIN | Financiero/AprobarYEnviarAS400 | Acción completada: Financiero/AprobarYEnviarAS400
2026-03-16 10:09:09.360 | INFO  | CID:53ab4a2f3504 | USR:USU_ADMIN | Financiero/AprobarYEnviarAS400 | Iniciando acción: Financiero/AprobarYEnviarAS400
2026-03-16 10:09:09.647 | INFO  | CID:53ab4a2f3504 | USR:USU_ADMIN | Financiero/AprobarYEnviarAS400 | Acción completada: Financiero/AprobarYEnviarAS400
2026-03-16 10:09:12.270 | INFO  | CID:33562a09ffd4 | USR:USU_ADMIN | Financiero/AprobarYEnviarAS400 | Iniciando acción: Financiero/AprobarYEnviarAS400
2026-03-16 10:09:12.719 | INFO  | CID:33562a09ffd4 | USR:USU_ADMIN | Financiero/AprobarYEnviarAS400 | Acción completada: Financiero/AprobarYEnviarAS400
2026-03-16 10:09:39.016 | INFO  | CID:f69b97849f60 | USR:USU_ADMIN | Financiero/AprobarYEnviarAS400 | Iniciando acción: Financiero/AprobarYEnviarAS400
2026-03-16 10:09:39.484 | INFO  | CID:f69b97849f60 | USR:USU_ADMIN | Financiero/AprobarYEnviarAS400 | Acción completada: Financiero/AprobarYEnviarAS400
2026-03-16 10:09:42.100 | INFO  | CID:7223aeb90bec | USR:USU_ADMIN | Financiero/AprobarYEnviarAS400 | Iniciando acción: Financiero/AprobarYEnviarAS400
2026-03-16 10:09:42.565 | INFO  | CID:7223aeb90bec | USR:USU_ADMIN | Financiero/AprobarYEnviarAS400 | Acción completada: Financiero/AprobarYEnviarAS400
2026-03-16 10:09:43.649 | INFO  | CID:39bfe6010502 | USR:USU_ADMIN | Financiero/AprobarYEnviarAS400 | Iniciando acción: Financiero/AprobarYEnviarAS400
2026-03-16 10:09:43.915 | INFO  | CID:39bfe6010502 | USR:USU_ADMIN | Financiero/AprobarYEnviarAS400 | Acción completada: Financiero/AprobarYEnviarAS400
2026-03-16 10:09:44.916 | INFO  | CID:dc721031758e | USR:USU_ADMIN | Financiero/AprobarYEnviarAS400 | Iniciando acción: Financiero/AprobarYEnviarAS400
2026-03-16 10:09:45.365 | INFO  | CID:dc721031758e | USR:USU_ADMIN | Financiero/AprobarYEnviarAS400 | Acción completada: Financiero/AprobarYEnviarAS400
2026-03-16 10:09:45.934 | INFO  | CID:039ac1312f9f | USR:USU_ADMIN | Financiero/AprobarYEnviarAS400 | Iniciando acción: Financiero/AprobarYEnviarAS400
2026-03-16 10:09:46.399 | INFO  | CID:039ac1312f9f | USR:USU_ADMIN | Financiero/AprobarYEnviarAS400 | Acción completada: Financiero/AprobarYEnviarAS400
2026-03-16 10:10:09.113 | INFO  | CID:N/A | Iniciando procesador de cola de correos
2026-03-16 10:10:38.264 | INFO  | CID:c1dd8b0aa3f5 | Account/Login | Iniciando acción: Account/Login
2026-03-16 10:10:39.008 | INFO  | CID:c1dd8b0aa3f5 | Account/Login | Acción completada: Account/Login
2026-03-16 10:11:01.507 | INFO  | CID:ae5f1d2d87dd | USR:USU_ADMIN | Financiero/AprobarYEnviarAS400 | Iniciando acción: Financiero/AprobarYEnviarAS400
2026-03-16 10:11:01.722 | INFO  | CID:ae5f1d2d87dd | USR:USU_ADMIN | Financiero/AprobarYEnviarAS400 | Acción completada: Financiero/AprobarYEnviarAS400
2026-03-16 10:11:04.598 | INFO  | CID:e092a3808819 | USR:USU_ADMIN | Financiero/AprobarYEnviarAS400 | Iniciando acción: Financiero/AprobarYEnviarAS400
2026-03-16 10:11:05.072 | INFO  | CID:e092a3808819 | USR:USU_ADMIN | Financiero/AprobarYEnviarAS400 | Acción completada: Financiero/AprobarYEnviarAS400
2026-03-16 10:11:06.973 | INFO  | CID:3403c63d4075 | USR:USU_ADMIN | Financiero/AprobarYEnviarAS400 | Iniciando acción: Financiero/AprobarYEnviarAS400
2026-03-16 10:11:07.488 | INFO  | CID:3403c63d4075 | USR:USU_ADMIN | Financiero/AprobarYEnviarAS400 | Acción completada: Financiero/AprobarYEnviarAS400
2026-03-16 10:28:41.779 | INFO  | CID:N/A | Iniciando procesador de cola de correos
2026-03-16 10:29:08.094 | INFO  | CID:e08b3f4dbb97 | Account/Login | Iniciando acción: Account/Login
2026-03-16 10:29:08.790 | INFO  | CID:e08b3f4dbb97 | Account/Login | Acción completada: Account/Login
2026-03-16 10:29:32.577 | INFO  | CID:84e46f51ca88 | USR:USU_ADMIN | Financiero/AprobarYEnviarAS400 | Iniciando acción: Financiero/AprobarYEnviarAS400
2026-03-16 10:29:32.791 | INFO  | CID:84e46f51ca88 | USR:USU_ADMIN | Financiero/AprobarYEnviarAS400 | Acción completada: Financiero/AprobarYEnviarAS400
2026-03-16 10:29:34.408 | INFO  | CID:c478979e9c82 | USR:USU_ADMIN | Financiero/AprobarYEnviarAS400 | Iniciando acción: Financiero/AprobarYEnviarAS400
2026-03-16 10:29:34.688 | INFO  | CID:c478979e9c82 | USR:USU_ADMIN | Financiero/AprobarYEnviarAS400 | Acción completada: Financiero/AprobarYEnviarAS400
2026-03-16 10:29:35.790 | INFO  | CID:4139ac8721c2 | USR:USU_ADMIN | Financiero/AprobarYEnviarAS400 | Iniciando acción: Financiero/AprobarYEnviarAS400
2026-03-16 10:29:36.308 | INFO  | CID:4139ac8721c2 | USR:USU_ADMIN | Financiero/AprobarYEnviarAS400 | Acción completada: Financiero/AprobarYEnviarAS400
2026-03-16 10:29:36.898 | INFO  | CID:d7918030b1eb | USR:USU_ADMIN | Financiero/AprobarYEnviarAS400 | Iniciando acción: Financiero/AprobarYEnviarAS400
2026-03-16 10:29:37.373 | INFO  | CID:d7918030b1eb | USR:USU_ADMIN | Financiero/AprobarYEnviarAS400 | Acción completada: Financiero/AprobarYEnviarAS400
2026-03-16 10:31:16.913 | INFO  | CID:N/A | SyncLogService: Tabla aocr_sync_log verificada/creada.
2026-03-16 10:31:16.976 | INFO  | CID:N/A | IdempotencyService: Tabla aocr_idempotency_key verificada/creada.
2026-03-16 10:31:16.992 | INFO  | CID:N/A | AuditTrailService: Tabla aocr_audit_trail verificada/creada.
2026-03-16 10:31:29.617 | INFO  | CID:690a17611177 | USR:USU_ADMIN | Financiero/AprobarYEnviarAS400 | Iniciando acción: Financiero/AprobarYEnviarAS400
2026-03-16 10:31:29.927 | INFO  | CID:690a17611177 | USR:USU_ADMIN | Financiero/AprobarYEnviarAS400 | Acción completada: Financiero/AprobarYEnviarAS400
2026-03-16 10:31:30.961 | INFO  | CID:a7b268491085 | USR:USU_ADMIN | Financiero/AprobarYEnviarAS400 | Iniciando acción: Financiero/AprobarYEnviarAS400
2026-03-16 10:31:31.427 | INFO  | CID:a7b268491085 | USR:USU_ADMIN | Financiero/AprobarYEnviarAS400 | Acción completada: Financiero/AprobarYEnviarAS400
2026-03-16 10:31:32.048 | INFO  | CID:6e4b3d95f93f | USR:USU_ADMIN | Financiero/AprobarYEnviarAS400 | Iniciando acción: Financiero/AprobarYEnviarAS400
2026-03-16 10:31:32.543 | INFO  | CID:6e4b3d95f93f | USR:USU_ADMIN | Financiero/AprobarYEnviarAS400 | Acción completada: Financiero/AprobarYEnviarAS400
2026-03-16 10:46:41.069 | INFO  | CID:N/A | EmailQueueProcessor arrancando. ThreadId=1; Idle=10s; ErrorRetry=30s; MaxIntentos=3
2026-03-16 10:46:41.092 | INFO  | CID:N/A | Iniciando procesador de cola de correos
2026-03-16 10:46:41.120 | INFO  | CID:N/A | EmailQueueProcessor tarea de procesamiento lanzada. TaskId=2
2026-03-16 10:46:41.135 | INFO  | CID:N/A | EmailQueueProcessor loop principal iniciado.
2026-03-16 10:46:41.135 | INFO  | CID:N/A | EmailQueueProcessor ciclo: consultando pendientes en cola.
2026-03-16 10:46:42.093 | INFO  | CID:N/A | EmailQueueProcessor sin pendientes. Esperando 10s para proximo ciclo.
2026-03-16 10:46:52.100 | INFO  | CID:N/A | EmailQueueProcessor ciclo: consultando pendientes en cola.
2026-03-16 10:46:52.101 | INFO  | CID:N/A | EmailQueueProcessor sin pendientes. Esperando 10s para proximo ciclo.
2026-03-16 10:47:01.518 | INFO  | CID:e928d04c4e58 | Account/Login | Iniciando acción: Account/Login
2026-03-16 10:47:02.114 | INFO  | CID:N/A | EmailQueueProcessor ciclo: consultando pendientes en cola.
2026-03-16 10:47:02.118 | INFO  | CID:N/A | EmailQueueProcessor sin pendientes. Esperando 10s para proximo ciclo.
2026-03-16 10:47:02.245 | INFO  | CID:e928d04c4e58 | Account/Login | Acción completada: Account/Login
2026-03-16 10:47:12.135 | INFO  | CID:N/A | EmailQueueProcessor ciclo: consultando pendientes en cola.
2026-03-16 10:47:12.140 | INFO  | CID:N/A | EmailQueueProcessor sin pendientes. Esperando 10s para proximo ciclo.
2026-03-16 10:47:22.145 | INFO  | CID:N/A | EmailQueueProcessor ciclo: consultando pendientes en cola.
2026-03-16 10:47:22.185 | INFO  | CID:N/A | EmailQueueProcessor sin pendientes. Esperando 10s para proximo ciclo.
2026-03-16 10:47:32.190 | INFO  | CID:N/A | EmailQueueProcessor ciclo: consultando pendientes en cola.
2026-03-16 10:47:32.194 | INFO  | CID:N/A | EmailQueueProcessor sin pendientes. Esperando 10s para proximo ciclo.
2026-03-16 10:47:37.030 | INFO  | CID:00aa46356b02 | USR:USU_ADMIN | Financiero/AprobarYEnviarAS400 | Iniciando acción: Financiero/AprobarYEnviarAS400
2026-03-16 10:47:37.227 | INFO  | CID:00aa46356b02 | USR:USU_ADMIN | Financiero/AprobarYEnviarAS400 | Acción completada: Financiero/AprobarYEnviarAS400
2026-03-16 10:47:39.630 | INFO  | CID:827ab22db141 | USR:USU_ADMIN | Financiero/AprobarYEnviarAS400 | Iniciando acción: Financiero/AprobarYEnviarAS400
2026-03-16 10:47:40.146 | INFO  | CID:827ab22db141 | USR:USU_ADMIN | Financiero/AprobarYEnviarAS400 | Acción completada: Financiero/AprobarYEnviarAS400
2026-03-16 10:47:41.931 | INFO  | CID:199ca3ad4a39 | USR:USU_ADMIN | Financiero/AprobarYEnviarAS400 | Iniciando acción: Financiero/AprobarYEnviarAS400
2026-03-16 10:47:42.210 | INFO  | CID:N/A | EmailQueueProcessor ciclo: consultando pendientes en cola.
2026-03-16 10:47:42.212 | INFO  | CID:N/A | EmailQueueProcessor sin pendientes. Esperando 10s para proximo ciclo.
2026-03-16 10:47:42.410 | INFO  | CID:199ca3ad4a39 | USR:USU_ADMIN | Financiero/AprobarYEnviarAS400 | Acción completada: Financiero/AprobarYEnviarAS400
2026-03-16 10:47:43.027 | INFO  | CID:2a701a7b5028 | USR:USU_ADMIN | Financiero/AprobarYEnviarAS400 | Iniciando acción: Financiero/AprobarYEnviarAS400
2026-03-16 10:47:43.295 | INFO  | CID:2a701a7b5028 | USR:USU_ADMIN | Financiero/AprobarYEnviarAS400 | Acción completada: Financiero/AprobarYEnviarAS400
2026-03-16 10:47:44.115 | INFO  | CID:93d79c3f4582 | USR:USU_ADMIN | Financiero/AprobarYEnviarAS400 | Iniciando acción: Financiero/AprobarYEnviarAS400
2026-03-16 10:47:44.578 | INFO  | CID:93d79c3f4582 | USR:USU_ADMIN | Financiero/AprobarYEnviarAS400 | Acción completada: Financiero/AprobarYEnviarAS400
2026-03-16 10:47:52.228 | INFO  | CID:N/A | EmailQueueProcessor ciclo: consultando pendientes en cola.
2026-03-16 10:47:52.228 | INFO  | CID:N/A | EmailQueueProcessor sin pendientes. Esperando 10s para proximo ciclo.
2026-03-16 10:48:02.231 | INFO  | CID:N/A | EmailQueueProcessor ciclo: consultando pendientes en cola.
2026-03-16 10:48:02.231 | INFO  | CID:N/A | EmailQueueProcessor sin pendientes. Esperando 10s para proximo ciclo.
2026-03-16 10:48:12.241 | INFO  | CID:N/A | EmailQueueProcessor ciclo: consultando pendientes en cola.
2026-03-16 10:48:12.241 | INFO  | CID:N/A | EmailQueueProcessor sin pendientes. Esperando 10s para proximo ciclo.
2026-03-16 10:48:22.255 | INFO  | CID:N/A | EmailQueueProcessor ciclo: consultando pendientes en cola.
2026-03-16 10:48:22.255 | INFO  | CID:N/A | EmailQueueProcessor sin pendientes. Esperando 10s para proximo ciclo.
2026-03-16 10:48:30.357 | INFO  | CID:a7b8cd7f7f1d | USR:USU_ADMIN | Financiero/AprobarYEnviarAS400 | Iniciando acción: Financiero/AprobarYEnviarAS400
2026-03-16 10:48:30.806 | INFO  | CID:a7b8cd7f7f1d | USR:USU_ADMIN | Financiero/AprobarYEnviarAS400 | Acción completada: Financiero/AprobarYEnviarAS400
2026-03-16 10:48:32.262 | INFO  | CID:N/A | EmailQueueProcessor ciclo: consultando pendientes en cola.
2026-03-16 10:48:32.266 | INFO  | CID:N/A | EmailQueueProcessor sin pendientes. Esperando 10s para proximo ciclo.
2026-03-16 10:48:42.269 | INFO  | CID:N/A | EmailQueueProcessor ciclo: consultando pendientes en cola.
2026-03-16 10:48:42.269 | INFO  | CID:N/A | EmailQueueProcessor sin pendientes. Esperando 10s para proximo ciclo.
2026-03-16 10:48:52.274 | INFO  | CID:N/A | EmailQueueProcessor ciclo: consultando pendientes en cola.
2026-03-16 10:48:52.274 | INFO  | CID:N/A | EmailQueueProcessor sin pendientes. Esperando 10s para proximo ciclo.
2026-03-16 10:48:57.883 | INFO  | CID:2833cd9d297a | USR:USU_ADMIN | Financiero/AprobarYEnviarAS400 | Iniciando acción: Financiero/AprobarYEnviarAS400
2026-03-16 10:48:58.332 | INFO  | CID:2833cd9d297a | USR:USU_ADMIN | Financiero/AprobarYEnviarAS400 | Acción completada: Financiero/AprobarYEnviarAS400
2026-03-16 10:49:02.287 | INFO  | CID:N/A | EmailQueueProcessor ciclo: consultando pendientes en cola.
2026-03-16 10:49:02.287 | INFO  | CID:N/A | EmailQueueProcessor sin pendientes. Esperando 10s para proximo ciclo.
2026-03-16 11:04:42.152 | INFO  | CID:N/A | EmailQueueProcessor arrancando. ThreadId=1; Idle=10s; ErrorRetry=30s; MaxIntentos=3
2026-03-16 11:04:42.179 | INFO  | CID:N/A | Iniciando procesador de cola de correos
2026-03-16 11:04:42.230 | INFO  | CID:N/A | EmailQueueProcessor tarea de procesamiento lanzada. TaskId=2
2026-03-16 11:04:42.237 | INFO  | CID:N/A | EmailQueueProcessor loop principal iniciado.
2026-03-16 11:04:42.239 | INFO  | CID:N/A | EmailQueueProcessor ciclo: consultando pendientes en cola.
2026-03-16 11:04:43.175 | INFO  | CID:N/A | EmailQueueProcessor sin pendientes. Esperando 10s para proximo ciclo.
2026-03-16 11:04:53.193 | INFO  | CID:N/A | EmailQueueProcessor ciclo: consultando pendientes en cola.
2026-03-16 11:04:53.198 | INFO  | CID:N/A | EmailQueueProcessor sin pendientes. Esperando 10s para proximo ciclo.
2026-03-16 11:05:03.217 | INFO  | CID:N/A | EmailQueueProcessor ciclo: consultando pendientes en cola.
2026-03-16 11:05:03.221 | INFO  | CID:N/A | EmailQueueProcessor sin pendientes. Esperando 10s para proximo ciclo.
2026-03-16 11:05:03.470 | INFO  | CID:83fe94503665 | Account/Login | Iniciando acción: Account/Login
2026-03-16 11:05:04.216 | INFO  | CID:83fe94503665 | Account/Login | Acción completada: Account/Login
2026-03-16 11:05:13.235 | INFO  | CID:N/A | EmailQueueProcessor ciclo: consultando pendientes en cola.
2026-03-16 11:05:13.239 | INFO  | CID:N/A | EmailQueueProcessor sin pendientes. Esperando 10s para proximo ciclo.
2026-03-16 11:05:23.265 | INFO  | CID:N/A | EmailQueueProcessor ciclo: consultando pendientes en cola.
2026-03-16 11:05:23.311 | INFO  | CID:N/A | EmailQueueProcessor sin pendientes. Esperando 10s para proximo ciclo.
2026-03-16 11:05:33.327 | INFO  | CID:N/A | EmailQueueProcessor ciclo: consultando pendientes en cola.
2026-03-16 11:05:33.331 | INFO  | CID:N/A | EmailQueueProcessor sin pendientes. Esperando 10s para proximo ciclo.
2026-03-16 11:05:36.006 | INFO  | CID:05af46df97b2 | USR:USU_ADMIN | Financiero/AprobarYEnviarAS400 | Iniciando acción: Financiero/AprobarYEnviarAS400
2026-03-16 11:05:36.175 | INFO  | CID:05af46df97b2 | USR:USU_ADMIN | Financiero/AprobarYEnviarAS400 | Acción completada: Financiero/AprobarYEnviarAS400
2026-03-16 11:05:39.938 | INFO  | CID:c3e361590a54 | USR:USU_ADMIN | Financiero/AprobarYEnviarAS400 | Iniciando acción: Financiero/AprobarYEnviarAS400
2026-03-16 11:05:40.409 | INFO  | CID:c3e361590a54 | USR:USU_ADMIN | Financiero/AprobarYEnviarAS400 | Acción completada: Financiero/AprobarYEnviarAS400
2026-03-16 11:05:43.334 | INFO  | CID:N/A | EmailQueueProcessor ciclo: consultando pendientes en cola.
2026-03-16 11:05:43.339 | INFO  | CID:N/A | EmailQueueProcessor sin pendientes. Esperando 10s para proximo ciclo.
2026-03-16 11:05:53.351 | INFO  | CID:N/A | EmailQueueProcessor ciclo: consultando pendientes en cola.
2026-03-16 11:05:53.356 | INFO  | CID:N/A | EmailQueueProcessor sin pendientes. Esperando 10s para proximo ciclo.
2026-03-16 11:06:03.373 | INFO  | CID:N/A | EmailQueueProcessor ciclo: consultando pendientes en cola.
2026-03-16 11:06:03.378 | INFO  | CID:N/A | EmailQueueProcessor sin pendientes. Esperando 10s para proximo ciclo.
2026-03-16 11:06:13.392 | INFO  | CID:N/A | EmailQueueProcessor ciclo: consultando pendientes en cola.
2026-03-16 11:06:13.402 | INFO  | CID:N/A | EmailQueueProcessor sin pendientes. Esperando 10s para proximo ciclo.
2026-03-16 11:06:23.415 | INFO  | CID:N/A | EmailQueueProcessor ciclo: consultando pendientes en cola.
2026-03-16 11:06:23.419 | INFO  | CID:N/A | EmailQueueProcessor sin pendientes. Esperando 10s para proximo ciclo.
2026-03-16 11:06:33.429 | INFO  | CID:N/A | EmailQueueProcessor ciclo: consultando pendientes en cola.
2026-03-16 11:06:33.433 | INFO  | CID:N/A | EmailQueueProcessor sin pendientes. Esperando 10s para proximo ciclo.
2026-03-16 11:06:43.442 | INFO  | CID:N/A | EmailQueueProcessor ciclo: consultando pendientes en cola.
2026-03-16 11:06:43.448 | INFO  | CID:N/A | EmailQueueProcessor sin pendientes. Esperando 10s para proximo ciclo.
2026-03-16 11:06:53.456 | INFO  | CID:N/A | EmailQueueProcessor ciclo: consultando pendientes en cola.
2026-03-16 11:06:53.460 | INFO  | CID:N/A | EmailQueueProcessor sin pendientes. Esperando 10s para proximo ciclo.
2026-03-16 11:07:03.479 | INFO  | CID:N/A | EmailQueueProcessor ciclo: consultando pendientes en cola.
2026-03-16 11:07:03.487 | INFO  | CID:N/A | EmailQueueProcessor sin pendientes. Esperando 10s para proximo ciclo.
2026-03-16 11:07:13.501 | INFO  | CID:N/A | EmailQueueProcessor ciclo: consultando pendientes en cola.
2026-03-16 11:07:13.505 | INFO  | CID:N/A | EmailQueueProcessor sin pendientes. Esperando 10s para proximo ciclo.
2026-03-16 11:07:23.520 | INFO  | CID:N/A | EmailQueueProcessor ciclo: consultando pendientes en cola.
2026-03-16 11:07:23.524 | INFO  | CID:N/A | EmailQueueProcessor sin pendientes. Esperando 10s para proximo ciclo.
2026-03-16 11:07:33.541 | INFO  | CID:N/A | EmailQueueProcessor ciclo: consultando pendientes en cola.
2026-03-16 11:07:33.545 | INFO  | CID:N/A | EmailQueueProcessor sin pendientes. Esperando 10s para proximo ciclo.
2026-03-16 11:07:43.557 | INFO  | CID:N/A | EmailQueueProcessor ciclo: consultando pendientes en cola.
2026-03-16 11:07:43.561 | INFO  | CID:N/A | EmailQueueProcessor sin pendientes. Esperando 10s para proximo ciclo.
2026-03-16 11:07:53.574 | INFO  | CID:N/A | EmailQueueProcessor ciclo: consultando pendientes en cola.
2026-03-16 11:07:53.579 | INFO  | CID:N/A | EmailQueueProcessor sin pendientes. Esperando 10s para proximo ciclo.
2026-03-16 11:08:03.586 | INFO  | CID:N/A | EmailQueueProcessor ciclo: consultando pendientes en cola.
2026-03-16 11:08:03.590 | INFO  | CID:N/A | EmailQueueProcessor sin pendientes. Esperando 10s para proximo ciclo.
2026-03-16 11:08:13.611 | INFO  | CID:N/A | EmailQueueProcessor ciclo: consultando pendientes en cola.
2026-03-16 11:08:13.619 | INFO  | CID:N/A | EmailQueueProcessor sin pendientes. Esperando 10s para proximo ciclo.
2026-03-16 11:08:23.641 | INFO  | CID:N/A | EmailQueueProcessor ciclo: consultando pendientes en cola.
2026-03-16 11:08:23.645 | INFO  | CID:N/A | EmailQueueProcessor sin pendientes. Esperando 10s para proximo ciclo.
2026-03-16 11:08:33.658 | INFO  | CID:N/A | EmailQueueProcessor ciclo: consultando pendientes en cola.
2026-03-16 11:08:33.663 | INFO  | CID:N/A | EmailQueueProcessor sin pendientes. Esperando 10s para proximo ciclo.
2026-03-16 11:08:43.675 | INFO  | CID:N/A | EmailQueueProcessor ciclo: consultando pendientes en cola.
2026-03-16 11:08:43.686 | INFO  | CID:N/A | EmailQueueProcessor sin pendientes. Esperando 10s para proximo ciclo.
2026-03-16 11:08:53.701 | INFO  | CID:N/A | EmailQueueProcessor ciclo: consultando pendientes en cola.
2026-03-16 11:08:53.708 | INFO  | CID:N/A | EmailQueueProcessor sin pendientes. Esperando 10s para proximo ciclo.
2026-03-16 11:09:03.712 | INFO  | CID:N/A | EmailQueueProcessor ciclo: consultando pendientes en cola.
2026-03-16 11:09:03.716 | INFO  | CID:N/A | EmailQueueProcessor sin pendientes. Esperando 10s para proximo ciclo.
2026-03-16 11:09:13.729 | INFO  | CID:N/A | EmailQueueProcessor ciclo: consultando pendientes en cola.
2026-03-16 11:09:13.734 | INFO  | CID:N/A | EmailQueueProcessor sin pendientes. Esperando 10s para proximo ciclo.
2026-03-16 11:09:23.744 | INFO  | CID:N/A | EmailQueueProcessor ciclo: consultando pendientes en cola.
2026-03-16 11:09:23.749 | INFO  | CID:N/A | EmailQueueProcessor sin pendientes. Esperando 10s para proximo ciclo.
2026-03-16 11:09:33.766 | INFO  | CID:N/A | EmailQueueProcessor ciclo: consultando pendientes en cola.
2026-03-16 11:09:33.769 | INFO  | CID:N/A | EmailQueueProcessor sin pendientes. Esperando 10s para proximo ciclo.
2026-03-16 11:09:43.786 | INFO  | CID:N/A | EmailQueueProcessor ciclo: consultando pendientes en cola.
2026-03-16 11:09:43.791 | INFO  | CID:N/A | EmailQueueProcessor sin pendientes. Esperando 10s para proximo ciclo.
2026-03-16 11:09:53.799 | INFO  | CID:N/A | EmailQueueProcessor ciclo: consultando pendientes en cola.
2026-03-16 11:09:53.806 | INFO  | CID:N/A | EmailQueueProcessor sin pendientes. Esperando 10s para proximo ciclo.
2026-03-16 11:10:03.823 | INFO  | CID:N/A | EmailQueueProcessor ciclo: consultando pendientes en cola.
2026-03-16 11:10:03.834 | INFO  | CID:N/A | EmailQueueProcessor sin pendientes. Esperando 10s para proximo ciclo.
2026-03-16 11:10:13.863 | INFO  | CID:N/A | EmailQueueProcessor ciclo: consultando pendientes en cola.
2026-03-16 11:10:13.869 | INFO  | CID:N/A | EmailQueueProcessor sin pendientes. Esperando 10s para proximo ciclo.
2026-03-16 11:10:23.881 | INFO  | CID:N/A | EmailQueueProcessor ciclo: consultando pendientes en cola.
2026-03-16 11:10:23.884 | INFO  | CID:N/A | EmailQueueProcessor sin pendientes. Esperando 10s para proximo ciclo.
2026-03-16 11:10:33.900 | INFO  | CID:N/A | EmailQueueProcessor ciclo: consultando pendientes en cola.
2026-03-16 11:10:33.904 | INFO  | CID:N/A | EmailQueueProcessor sin pendientes. Esperando 10s para proximo ciclo.
2026-03-16 11:10:43.926 | INFO  | CID:N/A | EmailQueueProcessor ciclo: consultando pendientes en cola.
2026-03-16 11:10:43.930 | INFO  | CID:N/A | EmailQueueProcessor sin pendientes. Esperando 10s para proximo ciclo.
2026-03-16 11:10:53.939 | INFO  | CID:N/A | EmailQueueProcessor ciclo: consultando pendientes en cola.
2026-03-16 11:10:53.944 | INFO  | CID:N/A | EmailQueueProcessor sin pendientes. Esperando 10s para proximo ciclo.
2026-03-16 11:11:03.950 | INFO  | CID:N/A | EmailQueueProcessor ciclo: consultando pendientes en cola.
2026-03-16 11:11:03.953 | INFO  | CID:N/A | EmailQueueProcessor sin pendientes. Esperando 10s para proximo ciclo.
2026-03-16 11:11:13.966 | INFO  | CID:N/A | EmailQueueProcessor ciclo: consultando pendientes en cola.
2026-03-16 11:11:13.970 | INFO  | CID:N/A | EmailQueueProcessor sin pendientes. Esperando 10s para proximo ciclo.
2026-03-16 11:11:23.981 | INFO  | CID:N/A | EmailQueueProcessor ciclo: consultando pendientes en cola.
2026-03-16 11:11:23.987 | INFO  | CID:N/A | EmailQueueProcessor sin pendientes. Esperando 10s para proximo ciclo.
2026-03-16 11:11:33.998 | INFO  | CID:N/A | EmailQueueProcessor ciclo: consultando pendientes en cola.
2026-03-16 11:11:34.002 | INFO  | CID:N/A | EmailQueueProcessor sin pendientes. Esperando 10s para proximo ciclo.
2026-03-16 11:11:44.012 | INFO  | CID:N/A | EmailQueueProcessor ciclo: consultando pendientes en cola.
2026-03-16 11:11:44.022 | INFO  | CID:N/A | EmailQueueProcessor sin pendientes. Esperando 10s para proximo ciclo.
2026-03-16 11:11:54.027 | INFO  | CID:N/A | EmailQueueProcessor ciclo: consultando pendientes en cola.
2026-03-16 11:11:54.034 | INFO  | CID:N/A | EmailQueueProcessor sin pendientes. Esperando 10s para proximo ciclo.
2026-03-16 11:12:04.043 | INFO  | CID:N/A | EmailQueueProcessor ciclo: consultando pendientes en cola.
2026-03-16 11:12:04.048 | INFO  | CID:N/A | EmailQueueProcessor sin pendientes. Esperando 10s para proximo ciclo.
2026-03-16 11:12:14.058 | INFO  | CID:N/A | EmailQueueProcessor ciclo: consultando pendientes en cola.
2026-03-16 11:12:14.067 | INFO  | CID:N/A | EmailQueueProcessor sin pendientes. Esperando 10s para proximo ciclo.
2026-03-16 11:12:24.072 | INFO  | CID:N/A | EmailQueueProcessor ciclo: consultando pendientes en cola.
2026-03-16 11:12:24.080 | INFO  | CID:N/A | EmailQueueProcessor sin pendientes. Esperando 10s para proximo ciclo.
2026-03-16 11:12:34.099 | INFO  | CID:N/A | EmailQueueProcessor ciclo: consultando pendientes en cola.
2026-03-16 11:12:34.103 | INFO  | CID:N/A | EmailQueueProcessor sin pendientes. Esperando 10s para proximo ciclo.
2026-03-16 11:22:10.248 | INFO  | CID:N/A | EmailQueueProcessor arrancando. ThreadId=1; Idle=10s; ErrorRetry=30s; MaxIntentos=3
2026-03-16 11:22:10.259 | INFO  | CID:N/A | Iniciando procesador de cola de correos
2026-03-16 11:22:10.265 | INFO  | CID:N/A | EmailQueueProcessor tarea de procesamiento lanzada. TaskId=2
2026-03-16 11:22:10.265 | INFO  | CID:N/A | EmailQueueProcessor loop principal iniciado.
2026-03-16 11:22:10.265 | INFO  | CID:N/A | EmailQueueProcessor ciclo: consultando pendientes en cola.
2026-03-16 11:22:11.049 | INFO  | CID:N/A | EmailQueueProcessor sin pendientes. Esperando 10s para proximo ciclo.
2026-03-16 11:22:21.064 | INFO  | CID:N/A | EmailQueueProcessor ciclo: consultando pendientes en cola.
2026-03-16 11:22:21.069 | INFO  | CID:N/A | EmailQueueProcessor sin pendientes. Esperando 10s para proximo ciclo.
2026-03-16 11:22:30.534 | INFO  | CID:19feb9886ba4 | Account/Login | Iniciando acción: Account/Login
2026-03-16 11:22:31.079 | INFO  | CID:N/A | EmailQueueProcessor ciclo: consultando pendientes en cola.
2026-03-16 11:22:31.083 | INFO  | CID:N/A | EmailQueueProcessor sin pendientes. Esperando 10s para proximo ciclo.
2026-03-16 11:22:31.196 | INFO  | CID:19feb9886ba4 | Account/Login | Acción completada: Account/Login
2026-03-16 11:22:41.095 | INFO  | CID:N/A | EmailQueueProcessor ciclo: consultando pendientes en cola.
2026-03-16 11:22:41.338 | INFO  | CID:N/A | EmailQueueProcessor sin pendientes. Esperando 10s para proximo ciclo.
2026-03-16 11:22:51.345 | INFO  | CID:N/A | EmailQueueProcessor ciclo: consultando pendientes en cola.
2026-03-16 11:22:51.349 | INFO  | CID:N/A | EmailQueueProcessor sin pendientes. Esperando 10s para proximo ciclo.
2026-03-16 11:22:56.144 | INFO  | CID:a14899e64169 | USR:USU_ADMIN | Financiero/AprobarYEnviarAS400 | Iniciando acción: Financiero/AprobarYEnviarAS400
2026-03-16 11:22:56.511 | INFO  | CID:a14899e64169 | USR:USU_ADMIN | Financiero/AprobarYEnviarAS400 | Acción completada: Financiero/AprobarYEnviarAS400
2026-03-16 11:23:01.350 | INFO  | CID:N/A | EmailQueueProcessor ciclo: consultando pendientes en cola.
2026-03-16 11:23:01.350 | INFO  | CID:N/A | EmailQueueProcessor sin pendientes. Esperando 10s para proximo ciclo.
2026-03-16 11:23:11.362 | INFO  | CID:N/A | EmailQueueProcessor ciclo: consultando pendientes en cola.
2026-03-16 11:23:11.362 | INFO  | CID:N/A | EmailQueueProcessor sin pendientes. Esperando 10s para proximo ciclo.
2026-03-16 11:23:21.392 | INFO  | CID:N/A | EmailQueueProcessor ciclo: consultando pendientes en cola.
2026-03-16 11:23:21.394 | INFO  | CID:N/A | EmailQueueProcessor sin pendientes. Esperando 10s para proximo ciclo.
2026-03-16 11:23:31.397 | INFO  | CID:N/A | EmailQueueProcessor ciclo: consultando pendientes en cola.
2026-03-16 11:23:31.399 | INFO  | CID:N/A | EmailQueueProcessor sin pendientes. Esperando 10s para proximo ciclo.
2026-03-16 11:23:41.406 | INFO  | CID:N/A | EmailQueueProcessor ciclo: consultando pendientes en cola.
2026-03-16 11:23:41.422 | INFO  | CID:N/A | EmailQueueProcessor sin pendientes. Esperando 10s para proximo ciclo.
2026-03-16 11:23:51.427 | INFO  | CID:N/A | EmailQueueProcessor ciclo: consultando pendientes en cola.
2026-03-16 11:23:51.432 | INFO  | CID:N/A | EmailQueueProcessor sin pendientes. Esperando 10s para proximo ciclo.
2026-03-16 11:24:01.444 | INFO  | CID:N/A | EmailQueueProcessor ciclo: consultando pendientes en cola.
2026-03-16 11:24:01.444 | INFO  | CID:N/A | EmailQueueProcessor sin pendientes. Esperando 10s para proximo ciclo.
2026-03-16 11:24:11.448 | INFO  | CID:N/A | EmailQueueProcessor ciclo: consultando pendientes en cola.
2026-03-16 11:24:11.448 | INFO  | CID:N/A | EmailQueueProcessor sin pendientes. Esperando 10s para proximo ciclo.
2026-03-16 11:24:21.465 | INFO  | CID:N/A | EmailQueueProcessor ciclo: consultando pendientes en cola.
2026-03-16 11:24:21.470 | INFO  | CID:N/A | EmailQueueProcessor sin pendientes. Esperando 10s para proximo ciclo.
2026-03-16 11:24:31.481 | INFO  | CID:N/A | EmailQueueProcessor ciclo: consultando pendientes en cola.
2026-03-16 11:24:31.485 | INFO  | CID:N/A | EmailQueueProcessor sin pendientes. Esperando 10s para proximo ciclo.
2026-03-16 11:24:41.497 | INFO  | CID:N/A | EmailQueueProcessor ciclo: consultando pendientes en cola.
2026-03-16 11:24:41.505 | INFO  | CID:N/A | EmailQueueProcessor sin pendientes. Esperando 10s para proximo ciclo.
2026-03-16 11:24:51.512 | INFO  | CID:N/A | EmailQueueProcessor ciclo: consultando pendientes en cola.
2026-03-16 11:24:51.512 | INFO  | CID:N/A | EmailQueueProcessor sin pendientes. Esperando 10s para proximo ciclo.
2026-03-16 11:25:01.519 | INFO  | CID:N/A | EmailQueueProcessor ciclo: consultando pendientes en cola.
2026-03-16 11:25:01.519 | INFO  | CID:N/A | EmailQueueProcessor sin pendientes. Esperando 10s para proximo ciclo.
2026-03-16 11:25:11.532 | INFO  | CID:N/A | EmailQueueProcessor ciclo: consultando pendientes en cola.
2026-03-16 11:25:11.532 | INFO  | CID:N/A | EmailQueueProcessor sin pendientes. Esperando 10s para proximo ciclo.
2026-03-16 11:25:21.535 | INFO  | CID:N/A | EmailQueueProcessor ciclo: consultando pendientes en cola.
2026-03-16 11:25:21.535 | INFO  | CID:N/A | EmailQueueProcessor sin pendientes. Esperando 10s para proximo ciclo.
2026-03-16 11:25:31.535 | INFO  | CID:N/A | EmailQueueProcessor ciclo: consultando pendientes en cola.
2026-03-16 11:25:31.537 | INFO  | CID:N/A | EmailQueueProcessor sin pendientes. Esperando 10s para proximo ciclo.
2026-03-16 11:25:41.539 | INFO  | CID:N/A | EmailQueueProcessor ciclo: consultando pendientes en cola.
2026-03-16 11:25:41.540 | INFO  | CID:N/A | EmailQueueProcessor sin pendientes. Esperando 10s para proximo ciclo.
2026-03-16 11:25:46.652 | INFO  | CID:07d968cc28bc | USR:USU_ADMIN | Financiero/AprobarYEnviarAS400 | Iniciando acción: Financiero/AprobarYEnviarAS400
2026-03-16 11:25:47.157 | INFO  | CID:07d968cc28bc | USR:USU_ADMIN | Financiero/AprobarYEnviarAS400 | Acción completada: Financiero/AprobarYEnviarAS400
2026-03-16 11:25:51.553 | INFO  | CID:N/A | EmailQueueProcessor ciclo: consultando pendientes en cola.
2026-03-16 11:25:51.559 | INFO  | CID:N/A | EmailQueueProcessor sin pendientes. Esperando 10s para proximo ciclo.
2026-03-16 11:43:56.426 | INFO  | CID:N/A | EmailQueueProcessor arrancando. ThreadId=1; Idle=10s; ErrorRetry=30s; MaxIntentos=3
2026-03-16 11:43:56.442 | INFO  | CID:N/A | Iniciando procesador de cola de correos
2026-03-16 11:43:56.461 | INFO  | CID:N/A | EmailQueueProcessor tarea de procesamiento lanzada. TaskId=2
2026-03-16 11:43:56.461 | INFO  | CID:N/A | EmailQueueProcessor loop principal iniciado.
2026-03-16 11:43:56.461 | INFO  | CID:N/A | EmailQueueProcessor ciclo: consultando pendientes en cola.
2026-03-16 11:43:57.370 | INFO  | CID:N/A | EmailQueueProcessor sin pendientes. Esperando 10s para proximo ciclo.
2026-03-16 11:44:07.380 | INFO  | CID:N/A | EmailQueueProcessor ciclo: consultando pendientes en cola.
2026-03-16 11:44:07.384 | INFO  | CID:N/A | EmailQueueProcessor sin pendientes. Esperando 10s para proximo ciclo.
2026-03-16 11:44:17.397 | INFO  | CID:N/A | EmailQueueProcessor ciclo: consultando pendientes en cola.
2026-03-16 11:44:17.397 | INFO  | CID:N/A | EmailQueueProcessor sin pendientes. Esperando 10s para proximo ciclo.
2026-03-16 11:44:19.542 | INFO  | CID:dea4b0b7aa0f | Account/Login | Iniciando acción: Account/Login
2026-03-16 11:44:20.268 | INFO  | CID:dea4b0b7aa0f | Account/Login | Acción completada: Account/Login
2026-03-16 11:44:27.407 | INFO  | CID:N/A | EmailQueueProcessor ciclo: consultando pendientes en cola.
2026-03-16 11:44:28.492 | INFO  | CID:N/A | EmailQueueProcessor sin pendientes. Esperando 10s para proximo ciclo.
2026-03-16 11:44:38.506 | INFO  | CID:N/A | EmailQueueProcessor ciclo: consultando pendientes en cola.
2026-03-16 11:44:38.506 | INFO  | CID:N/A | EmailQueueProcessor sin pendientes. Esperando 10s para proximo ciclo.
2026-03-16 11:44:45.756 | INFO  | CID:f5d0f00abbd1 | USR:USU_ADMIN | Financiero/AprobarYEnviarAS400 | Iniciando acción: Financiero/AprobarYEnviarAS400
2026-03-16 11:44:46.178 | INFO  | CID:f5d0f00abbd1 | USR:USU_ADMIN | Financiero/AprobarYEnviarAS400 | Acción completada: Financiero/AprobarYEnviarAS400
2026-03-16 11:44:48.520 | INFO  | CID:N/A | EmailQueueProcessor ciclo: consultando pendientes en cola.
2026-03-16 11:44:48.522 | INFO  | CID:N/A | EmailQueueProcessor sin pendientes. Esperando 10s para proximo ciclo.
2026-03-16 11:44:49.188 | INFO  | CID:a10877c16c8c | USR:USU_ADMIN | Financiero/AprobarYEnviarAS400 | Iniciando acción: Financiero/AprobarYEnviarAS400
2026-03-16 11:44:49.655 | INFO  | CID:a10877c16c8c | USR:USU_ADMIN | Financiero/AprobarYEnviarAS400 | Acción completada: Financiero/AprobarYEnviarAS400
2026-03-16 11:44:58.528 | INFO  | CID:N/A | EmailQueueProcessor ciclo: consultando pendientes en cola.
2026-03-16 11:44:58.528 | INFO  | CID:N/A | EmailQueueProcessor sin pendientes. Esperando 10s para proximo ciclo.
2026-03-16 11:45:08.530 | INFO  | CID:N/A | EmailQueueProcessor ciclo: consultando pendientes en cola.
2026-03-16 11:45:08.530 | INFO  | CID:N/A | EmailQueueProcessor sin pendientes. Esperando 10s para proximo ciclo.
2026-03-16 11:45:18.534 | INFO  | CID:N/A | EmailQueueProcessor ciclo: consultando pendientes en cola.
2026-03-16 11:45:18.534 | INFO  | CID:N/A | EmailQueueProcessor sin pendientes. Esperando 10s para proximo ciclo.
2026-03-16 11:45:28.545 | INFO  | CID:N/A | EmailQueueProcessor ciclo: consultando pendientes en cola.
2026-03-16 11:45:28.553 | INFO  | CID:N/A | EmailQueueProcessor sin pendientes. Esperando 10s para proximo ciclo.
2026-03-16 11:45:38.562 | INFO  | CID:N/A | EmailQueueProcessor ciclo: consultando pendientes en cola.
2026-03-16 11:45:38.564 | INFO  | CID:N/A | EmailQueueProcessor sin pendientes. Esperando 10s para proximo ciclo.
2026-03-16 11:45:48.578 | INFO  | CID:N/A | EmailQueueProcessor ciclo: consultando pendientes en cola.
2026-03-16 11:45:48.578 | INFO  | CID:N/A | EmailQueueProcessor sin pendientes. Esperando 10s para proximo ciclo.
2026-03-16 11:45:58.591 | INFO  | CID:N/A | EmailQueueProcessor ciclo: consultando pendientes en cola.
2026-03-16 11:45:58.591 | INFO  | CID:N/A | EmailQueueProcessor sin pendientes. Esperando 10s para proximo ciclo.
2026-03-16 11:46:08.603 | INFO  | CID:N/A | EmailQueueProcessor ciclo: consultando pendientes en cola.
2026-03-16 11:46:08.603 | INFO  | CID:N/A | EmailQueueProcessor sin pendientes. Esperando 10s para proximo ciclo.
2026-03-16 11:46:18.607 | INFO  | CID:N/A | EmailQueueProcessor ciclo: consultando pendientes en cola.
2026-03-16 11:46:18.610 | INFO  | CID:N/A | EmailQueueProcessor sin pendientes. Esperando 10s para proximo ciclo.
2026-03-16 11:46:28.619 | INFO  | CID:N/A | EmailQueueProcessor ciclo: consultando pendientes en cola.
2026-03-16 11:46:28.631 | INFO  | CID:N/A | EmailQueueProcessor sin pendientes. Esperando 10s para proximo ciclo.
2026-03-16 11:46:38.640 | INFO  | CID:N/A | EmailQueueProcessor ciclo: consultando pendientes en cola.
2026-03-16 11:46:38.642 | INFO  | CID:N/A | EmailQueueProcessor sin pendientes. Esperando 10s para proximo ciclo.
2026-03-16 11:46:48.672 | INFO  | CID:N/A | EmailQueueProcessor ciclo: consultando pendientes en cola.
2026-03-16 11:46:48.676 | INFO  | CID:N/A | EmailQueueProcessor sin pendientes. Esperando 10s para proximo ciclo.
2026-03-16 11:46:58.695 | INFO  | CID:N/A | EmailQueueProcessor ciclo: consultando pendientes en cola.
2026-03-16 11:46:58.695 | INFO  | CID:N/A | EmailQueueProcessor sin pendientes. Esperando 10s para proximo ciclo.
2026-03-16 11:47:08.704 | INFO  | CID:N/A | EmailQueueProcessor ciclo: consultando pendientes en cola.
2026-03-16 11:47:08.704 | INFO  | CID:N/A | EmailQueueProcessor sin pendientes. Esperando 10s para proximo ciclo.
2026-03-16 11:47:18.708 | INFO  | CID:N/A | EmailQueueProcessor ciclo: consultando pendientes en cola.
2026-03-16 11:47:18.708 | INFO  | CID:N/A | EmailQueueProcessor sin pendientes. Esperando 10s para proximo ciclo.
2026-03-16 11:47:28.710 | INFO  | CID:N/A | EmailQueueProcessor ciclo: consultando pendientes en cola.
2026-03-16 11:47:28.710 | INFO  | CID:N/A | EmailQueueProcessor sin pendientes. Esperando 10s para proximo ciclo.
2026-03-16 11:47:38.722 | INFO  | CID:N/A | EmailQueueProcessor ciclo: consultando pendientes en cola.
2026-03-16 11:47:38.724 | INFO  | CID:N/A | EmailQueueProcessor sin pendientes. Esperando 10s para proximo ciclo.
2026-03-16 11:47:48.725 | INFO  | CID:N/A | EmailQueueProcessor ciclo: consultando pendientes en cola.
2026-03-16 11:47:48.725 | INFO  | CID:N/A | EmailQueueProcessor sin pendientes. Esperando 10s para proximo ciclo.
2026-03-16 11:47:58.730 | INFO  | CID:N/A | EmailQueueProcessor ciclo: consultando pendientes en cola.
2026-03-16 11:47:58.730 | INFO  | CID:N/A | EmailQueueProcessor sin pendientes. Esperando 10s para proximo ciclo.
2026-03-16 11:48:08.742 | INFO  | CID:N/A | EmailQueueProcessor ciclo: consultando pendientes en cola.
2026-03-16 11:48:08.742 | INFO  | CID:N/A | EmailQueueProcessor sin pendientes. Esperando 10s para proximo ciclo.
2026-03-16 11:48:18.749 | INFO  | CID:N/A | EmailQueueProcessor ciclo: consultando pendientes en cola.
2026-03-16 11:48:18.749 | INFO  | CID:N/A | EmailQueueProcessor sin pendientes. Esperando 10s para proximo ciclo.
2026-03-16 11:48:28.763 | INFO  | CID:N/A | EmailQueueProcessor ciclo: consultando pendientes en cola.
2026-03-16 11:48:28.765 | INFO  | CID:N/A | EmailQueueProcessor sin pendientes. Esperando 10s para proximo ciclo.
2026-03-16 11:48:38.767 | INFO  | CID:N/A | EmailQueueProcessor ciclo: consultando pendientes en cola.
2026-03-16 11:48:38.767 | INFO  | CID:N/A | EmailQueueProcessor sin pendientes. Esperando 10s para proximo ciclo.
2026-03-16 11:48:48.777 | INFO  | CID:N/A | EmailQueueProcessor ciclo: consultando pendientes en cola.
2026-03-16 11:48:48.782 | INFO  | CID:N/A | EmailQueueProcessor sin pendientes. Esperando 10s para proximo ciclo.
2026-03-16 11:48:58.797 | INFO  | CID:N/A | EmailQueueProcessor ciclo: consultando pendientes en cola.
2026-03-16 11:48:58.803 | INFO  | CID:N/A | EmailQueueProcessor sin pendientes. Esperando 10s para proximo ciclo.
2026-03-16 11:49:08.818 | INFO  | CID:N/A | EmailQueueProcessor ciclo: consultando pendientes en cola.
2026-03-16 11:49:08.818 | INFO  | CID:N/A | EmailQueueProcessor sin pendientes. Esperando 10s para proximo ciclo.
2026-03-16 11:49:18.844 | INFO  | CID:N/A | EmailQueueProcessor ciclo: consultando pendientes en cola.
2026-03-16 11:49:18.844 | INFO  | CID:N/A | EmailQueueProcessor sin pendientes. Esperando 10s para proximo ciclo.
2026-03-16 11:49:28.850 | INFO  | CID:N/A | EmailQueueProcessor ciclo: consultando pendientes en cola.
2026-03-16 11:49:28.859 | INFO  | CID:N/A | EmailQueueProcessor sin pendientes. Esperando 10s para proximo ciclo.
2026-03-16 11:49:38.876 | INFO  | CID:N/A | EmailQueueProcessor ciclo: consultando pendientes en cola.
2026-03-16 11:49:38.884 | INFO  | CID:N/A | EmailQueueProcessor sin pendientes. Esperando 10s para proximo ciclo.
2026-03-16 11:49:48.893 | INFO  | CID:N/A | EmailQueueProcessor ciclo: consultando pendientes en cola.
2026-03-16 11:49:48.893 | INFO  | CID:N/A | EmailQueueProcessor sin pendientes. Esperando 10s para proximo ciclo.
2026-03-16 11:49:58.900 | INFO  | CID:N/A | EmailQueueProcessor ciclo: consultando pendientes en cola.
2026-03-16 11:49:58.900 | INFO  | CID:N/A | EmailQueueProcessor sin pendientes. Esperando 10s para proximo ciclo.
2026-03-16 11:50:08.912 | INFO  | CID:N/A | EmailQueueProcessor ciclo: consultando pendientes en cola.
2026-03-16 11:50:08.912 | INFO  | CID:N/A | EmailQueueProcessor sin pendientes. Esperando 10s para proximo ciclo.
2026-03-16 11:50:18.932 | INFO  | CID:N/A | EmailQueueProcessor ciclo: consultando pendientes en cola.
2026-03-16 11:50:18.932 | INFO  | CID:N/A | EmailQueueProcessor sin pendientes. Esperando 10s para proximo ciclo.
2026-03-16 11:50:28.937 | INFO  | CID:N/A | EmailQueueProcessor ciclo: consultando pendientes en cola.
2026-03-16 11:50:28.937 | INFO  | CID:N/A | EmailQueueProcessor sin pendientes. Esperando 10s para proximo ciclo.
2026-03-16 11:50:38.957 | INFO  | CID:N/A | EmailQueueProcessor ciclo: consultando pendientes en cola.
2026-03-16 11:50:38.957 | INFO  | CID:N/A | EmailQueueProcessor sin pendientes. Esperando 10s para proximo ciclo.
2026-03-16 11:50:48.961 | INFO  | CID:N/A | EmailQueueProcessor ciclo: consultando pendientes en cola.
2026-03-16 11:50:48.961 | INFO  | CID:N/A | EmailQueueProcessor sin pendientes. Esperando 10s para proximo ciclo.
2026-03-16 11:50:58.971 | INFO  | CID:N/A | EmailQueueProcessor ciclo: consultando pendientes en cola.
2026-03-16 11:50:58.971 | INFO  | CID:N/A | EmailQueueProcessor sin pendientes. Esperando 10s para proximo ciclo.
2026-03-16 11:51:08.980 | INFO  | CID:N/A | EmailQueueProcessor ciclo: consultando pendientes en cola.
2026-03-16 11:51:08.980 | INFO  | CID:N/A | EmailQueueProcessor sin pendientes. Esperando 10s para proximo ciclo.
2026-03-16 11:51:19.001 | INFO  | CID:N/A | EmailQueueProcessor ciclo: consultando pendientes en cola.
2026-03-16 11:51:19.004 | INFO  | CID:N/A | EmailQueueProcessor sin pendientes. Esperando 10s para proximo ciclo.
2026-03-16 11:51:29.010 | INFO  | CID:N/A | EmailQueueProcessor ciclo: consultando pendientes en cola.
2026-03-16 11:51:29.015 | INFO  | CID:N/A | EmailQueueProcessor sin pendientes. Esperando 10s para proximo ciclo.
2026-03-16 11:51:39.021 | INFO  | CID:N/A | EmailQueueProcessor ciclo: consultando pendientes en cola.
2026-03-16 11:51:39.023 | INFO  | CID:N/A | EmailQueueProcessor sin pendientes. Esperando 10s para proximo ciclo.
2026-03-16 11:51:49.041 | INFO  | CID:N/A | EmailQueueProcessor ciclo: consultando pendientes en cola.
2026-03-16 11:51:49.041 | INFO  | CID:N/A | EmailQueueProcessor sin pendientes. Esperando 10s para proximo ciclo.
2026-03-16 11:51:59.050 | INFO  | CID:N/A | EmailQueueProcessor ciclo: consultando pendientes en cola.
2026-03-16 11:51:59.050 | INFO  | CID:N/A | EmailQueueProcessor sin pendientes. Esperando 10s para proximo ciclo.
2026-03-16 11:52:09.065 | INFO  | CID:N/A | EmailQueueProcessor ciclo: consultando pendientes en cola.
2026-03-16 11:52:09.068 | INFO  | CID:N/A | EmailQueueProcessor sin pendientes. Esperando 10s para proximo ciclo.
2026-03-16 11:52:19.077 | INFO  | CID:N/A | EmailQueueProcessor ciclo: consultando pendientes en cola.
2026-03-16 11:52:19.082 | INFO  | CID:N/A | EmailQueueProcessor sin pendientes. Esperando 10s para proximo ciclo.
2026-03-16 11:52:29.084 | INFO  | CID:N/A | EmailQueueProcessor ciclo: consultando pendientes en cola.
2026-03-16 11:52:29.093 | INFO  | CID:N/A | EmailQueueProcessor sin pendientes. Esperando 10s para proximo ciclo.
2026-03-16 11:52:39.106 | INFO  | CID:N/A | EmailQueueProcessor ciclo: consultando pendientes en cola.
2026-03-16 11:52:39.106 | INFO  | CID:N/A | EmailQueueProcessor sin pendientes. Esperando 10s para proximo ciclo.
2026-03-16 11:52:49.118 | INFO  | CID:N/A | EmailQueueProcessor ciclo: consultando pendientes en cola.
2026-03-16 11:52:49.118 | INFO  | CID:N/A | EmailQueueProcessor sin pendientes. Esperando 10s para proximo ciclo.
2026-03-16 11:52:59.127 | INFO  | CID:N/A | EmailQueueProcessor ciclo: consultando pendientes en cola.
2026-03-16 11:52:59.127 | INFO  | CID:N/A | EmailQueueProcessor sin pendientes. Esperando 10s para proximo ciclo.
2026-03-16 11:53:09.132 | INFO  | CID:N/A | EmailQueueProcessor ciclo: consultando pendientes en cola.
2026-03-16 11:53:09.132 | INFO  | CID:N/A | EmailQueueProcessor sin pendientes. Esperando 10s para proximo ciclo.
2026-03-16 11:53:19.134 | INFO  | CID:N/A | EmailQueueProcessor ciclo: consultando pendientes en cola.
2026-03-16 11:53:19.134 | INFO  | CID:N/A | EmailQueueProcessor sin pendientes. Esperando 10s para proximo ciclo.
2026-03-16 11:53:29.136 | INFO  | CID:N/A | EmailQueueProcessor ciclo: consultando pendientes en cola.
2026-03-16 11:53:29.136 | INFO  | CID:N/A | EmailQueueProcessor sin pendientes. Esperando 10s para proximo ciclo.
2026-03-16 11:53:39.140 | INFO  | CID:N/A | EmailQueueProcessor ciclo: consultando pendientes en cola.
2026-03-16 11:53:39.145 | INFO  | CID:N/A | EmailQueueProcessor sin pendientes. Esperando 10s para proximo ciclo.
2026-03-16 11:53:49.149 | INFO  | CID:N/A | EmailQueueProcessor ciclo: consultando pendientes en cola.
2026-03-16 11:53:49.152 | INFO  | CID:N/A | EmailQueueProcessor sin pendientes. Esperando 10s para proximo ciclo.
2026-03-16 11:53:54.829 | INFO  | CID:e26cc0dea82d | USR:USU_ADMIN | Financiero/AprobarYEnviarAS400 | Iniciando acción: Financiero/AprobarYEnviarAS400
2026-03-16 11:53:55.306 | INFO  | CID:e26cc0dea82d | USR:USU_ADMIN | Financiero/AprobarYEnviarAS400 | Acción completada: Financiero/AprobarYEnviarAS400
2026-03-16 11:53:56.399 | INFO  | CID:297d770d4e08 | USR:USU_ADMIN | Financiero/AprobarYEnviarAS400 | Iniciando acción: Financiero/AprobarYEnviarAS400
2026-03-16 11:53:56.906 | INFO  | CID:297d770d4e08 | USR:USU_ADMIN | Financiero/AprobarYEnviarAS400 | Acción completada: Financiero/AprobarYEnviarAS400
2026-03-16 11:53:58.246 | INFO  | CID:3de7e05d0636 | USR:USU_ADMIN | Financiero/AprobarYEnviarAS400 | Iniciando acción: Financiero/AprobarYEnviarAS400
2026-03-16 11:53:58.706 | INFO  | CID:3de7e05d0636 | USR:USU_ADMIN | Financiero/AprobarYEnviarAS400 | Acción completada: Financiero/AprobarYEnviarAS400
2026-03-16 11:53:59.166 | INFO  | CID:N/A | EmailQueueProcessor ciclo: consultando pendientes en cola.
2026-03-16 11:53:59.166 | INFO  | CID:N/A | EmailQueueProcessor sin pendientes. Esperando 10s para proximo ciclo.
2026-03-16 11:53:59.415 | INFO  | CID:090d72967749 | USR:USU_ADMIN | Financiero/AprobarYEnviarAS400 | Iniciando acción: Financiero/AprobarYEnviarAS400
2026-03-16 11:54:00.123 | INFO  | CID:090d72967749 | USR:USU_ADMIN | Financiero/AprobarYEnviarAS400 | Acción completada: Financiero/AprobarYEnviarAS400
2026-03-16 11:54:09.183 | INFO  | CID:N/A | EmailQueueProcessor ciclo: consultando pendientes en cola.
2026-03-16 11:54:09.183 | INFO  | CID:N/A | EmailQueueProcessor sin pendientes. Esperando 10s para proximo ciclo.
2026-03-16 11:54:19.190 | INFO  | CID:N/A | EmailQueueProcessor ciclo: consultando pendientes en cola.
2026-03-16 11:54:19.190 | INFO  | CID:N/A | EmailQueueProcessor sin pendientes. Esperando 10s para proximo ciclo.
2026-03-16 11:54:29.201 | INFO  | CID:N/A | EmailQueueProcessor ciclo: consultando pendientes en cola.
2026-03-16 11:54:29.201 | INFO  | CID:N/A | EmailQueueProcessor sin pendientes. Esperando 10s para proximo ciclo.
2026-03-16 11:54:39.207 | INFO  | CID:N/A | EmailQueueProcessor ciclo: consultando pendientes en cola.
2026-03-16 11:54:39.207 | INFO  | CID:N/A | EmailQueueProcessor sin pendientes. Esperando 10s para proximo ciclo.
2026-03-16 11:54:49.211 | INFO  | CID:N/A | EmailQueueProcessor ciclo: consultando pendientes en cola.
2026-03-16 11:54:49.213 | INFO  | CID:N/A | EmailQueueProcessor sin pendientes. Esperando 10s para proximo ciclo.
2026-03-16 11:54:59.231 | INFO  | CID:N/A | EmailQueueProcessor ciclo: consultando pendientes en cola.
2026-03-16 11:54:59.233 | INFO  | CID:N/A | EmailQueueProcessor sin pendientes. Esperando 10s para proximo ciclo.
2026-03-16 11:55:09.247 | INFO  | CID:N/A | EmailQueueProcessor ciclo: consultando pendientes en cola.
2026-03-16 11:55:09.257 | INFO  | CID:N/A | EmailQueueProcessor sin pendientes. Esperando 10s para proximo ciclo.
2026-03-16 11:55:19.283 | INFO  | CID:N/A | EmailQueueProcessor ciclo: consultando pendientes en cola.
2026-03-16 11:55:19.294 | INFO  | CID:N/A | EmailQueueProcessor sin pendientes. Esperando 10s para proximo ciclo.
2026-03-16 12:02:49.923 | INFO  | CID:N/A | EmailQueueProcessor arrancando. ThreadId=1; Idle=10s; ErrorRetry=30s; MaxIntentos=3
2026-03-16 12:02:49.934 | INFO  | CID:N/A | Iniciando procesador de cola de correos
2026-03-16 12:02:49.947 | INFO  | CID:N/A | EmailQueueProcessor tarea de procesamiento lanzada. TaskId=2
2026-03-16 12:02:49.952 | INFO  | CID:N/A | EmailQueueProcessor loop principal iniciado.
2026-03-16 12:02:49.953 | INFO  | CID:N/A | EmailQueueProcessor ciclo: consultando pendientes en cola.
2026-03-16 12:02:50.756 | INFO  | CID:N/A | EmailQueueProcessor sin pendientes. Esperando 10s para proximo ciclo.
2026-03-16 12:03:00.769 | INFO  | CID:N/A | EmailQueueProcessor ciclo: consultando pendientes en cola.
2026-03-16 12:03:00.773 | INFO  | CID:N/A | EmailQueueProcessor sin pendientes. Esperando 10s para proximo ciclo.
2026-03-16 12:03:07.612 | INFO  | CID:6ab9318baef0 | Account/Login | Iniciando acción: Account/Login
2026-03-16 12:03:08.253 | INFO  | CID:6ab9318baef0 | Account/Login | Acción completada: Account/Login
2026-03-16 12:03:10.784 | INFO  | CID:N/A | EmailQueueProcessor ciclo: consultando pendientes en cola.
2026-03-16 12:03:10.788 | INFO  | CID:N/A | EmailQueueProcessor sin pendientes. Esperando 10s para proximo ciclo.
2026-03-16 12:03:20.790 | INFO  | CID:N/A | EmailQueueProcessor ciclo: consultando pendientes en cola.
2026-03-16 12:03:21.239 | INFO  | CID:N/A | EmailQueueProcessor sin pendientes. Esperando 10s para proximo ciclo.
2026-03-16 12:03:31.239 | INFO  | CID:N/A | EmailQueueProcessor ciclo: consultando pendientes en cola.
2026-03-16 12:03:31.243 | INFO  | CID:N/A | EmailQueueProcessor sin pendientes. Esperando 10s para proximo ciclo.
2026-03-16 12:03:34.321 | INFO  | CID:c4ec4ffe4f9c | USR:USU_ADMIN | Financiero/AprobarYEnviarAS400 | Iniciando acción: Financiero/AprobarYEnviarAS400
2026-03-16 12:03:34.780 | INFO  | CID:c4ec4ffe4f9c | USR:USU_ADMIN | Financiero/AprobarYEnviarAS400 | Acción completada: Financiero/AprobarYEnviarAS400
2026-03-16 12:03:36.900 | INFO  | CID:9964bc7ba9af | USR:USU_ADMIN | Financiero/AprobarYEnviarAS400 | Iniciando acción: Financiero/AprobarYEnviarAS400
2026-03-16 12:03:37.504 | INFO  | CID:9964bc7ba9af | USR:USU_ADMIN | Financiero/AprobarYEnviarAS400 | Acción completada: Financiero/AprobarYEnviarAS400
2026-03-16 12:03:41.247 | INFO  | CID:N/A | EmailQueueProcessor ciclo: consultando pendientes en cola.
2026-03-16 12:03:41.250 | INFO  | CID:N/A | EmailQueueProcessor sin pendientes. Esperando 10s para proximo ciclo.
2026-03-16 12:03:46.157 | INFO  | CID:09bbe5605b27 | USR:USU_ADMIN | Financiero/AprobarYEnviarAS400 | Iniciando acción: Financiero/AprobarYEnviarAS400
2026-03-16 12:03:46.462 | INFO  | CID:09bbe5605b27 | USR:USU_ADMIN | Financiero/AprobarYEnviarAS400 | Acción completada: Financiero/AprobarYEnviarAS400
2026-03-16 12:03:48.323 | INFO  | CID:67c060eeee1e | USR:USU_ADMIN | Financiero/AprobarYEnviarAS400 | Iniciando acción: Financiero/AprobarYEnviarAS400
2026-03-16 12:03:48.636 | INFO  | CID:67c060eeee1e | USR:USU_ADMIN | Financiero/AprobarYEnviarAS400 | Acción completada: Financiero/AprobarYEnviarAS400
2026-03-16 12:03:49.813 | INFO  | CID:459f5226be0d | USR:USU_ADMIN | Financiero/AprobarYEnviarAS400 | Iniciando acción: Financiero/AprobarYEnviarAS400
2026-03-16 12:03:50.103 | INFO  | CID:459f5226be0d | USR:USU_ADMIN | Financiero/AprobarYEnviarAS400 | Acción completada: Financiero/AprobarYEnviarAS400
2026-03-16 12:03:51.268 | INFO  | CID:N/A | EmailQueueProcessor ciclo: consultando pendientes en cola.
2026-03-16 12:03:51.269 | INFO  | CID:N/A | EmailQueueProcessor sin pendientes. Esperando 10s para proximo ciclo.
2026-03-16 12:03:51.403 | INFO  | CID:6d858b7eadf2 | USR:USU_ADMIN | Financiero/AprobarYEnviarAS400 | Iniciando acción: Financiero/AprobarYEnviarAS400
2026-03-16 12:03:51.937 | INFO  | CID:6d858b7eadf2 | USR:USU_ADMIN | Financiero/AprobarYEnviarAS400 | Acción completada: Financiero/AprobarYEnviarAS400
2026-03-16 12:03:53.140 | INFO  | CID:5a87410ae1d3 | USR:USU_ADMIN | Financiero/AprobarYEnviarAS400 | Iniciando acción: Financiero/AprobarYEnviarAS400
2026-03-16 12:03:53.652 | INFO  | CID:5a87410ae1d3 | USR:USU_ADMIN | Financiero/AprobarYEnviarAS400 | Acción completada: Financiero/AprobarYEnviarAS400
2026-03-16 12:03:54.535 | INFO  | CID:151575fb84f8 | USR:USU_ADMIN | Financiero/AprobarYEnviarAS400 | Iniciando acción: Financiero/AprobarYEnviarAS400
2026-03-16 12:03:54.855 | INFO  | CID:151575fb84f8 | USR:USU_ADMIN | Financiero/AprobarYEnviarAS400 | Acción completada: Financiero/AprobarYEnviarAS400
2026-03-16 12:03:55.716 | INFO  | CID:46c3d287dedc | USR:USU_ADMIN | Financiero/AprobarYEnviarAS400 | Iniciando acción: Financiero/AprobarYEnviarAS400
2026-03-16 12:03:56.185 | INFO  | CID:46c3d287dedc | USR:USU_ADMIN | Financiero/AprobarYEnviarAS400 | Acción completada: Financiero/AprobarYEnviarAS400
2026-03-16 12:04:01.280 | INFO  | CID:N/A | EmailQueueProcessor ciclo: consultando pendientes en cola.
2026-03-16 12:04:01.283 | INFO  | CID:N/A | EmailQueueProcessor sin pendientes. Esperando 10s para proximo ciclo.
2026-03-16 12:04:11.299 | INFO  | CID:N/A | EmailQueueProcessor ciclo: consultando pendientes en cola.
2026-03-16 12:04:11.301 | INFO  | CID:N/A | EmailQueueProcessor sin pendientes. Esperando 10s para proximo ciclo.
2026-03-16 12:04:21.317 | INFO  | CID:N/A | EmailQueueProcessor ciclo: consultando pendientes en cola.
2026-03-16 12:04:21.320 | INFO  | CID:N/A | EmailQueueProcessor sin pendientes. Esperando 10s para proximo ciclo.
2026-03-16 12:04:31.324 | INFO  | CID:N/A | EmailQueueProcessor ciclo: consultando pendientes en cola.
2026-03-16 12:04:31.324 | INFO  | CID:N/A | EmailQueueProcessor sin pendientes. Esperando 10s para proximo ciclo.
2026-03-16 12:04:41.343 | INFO  | CID:N/A | EmailQueueProcessor ciclo: consultando pendientes en cola.
2026-03-16 12:04:41.343 | INFO  | CID:N/A | EmailQueueProcessor sin pendientes. Esperando 10s para proximo ciclo.
2026-03-16 12:04:51.358 | INFO  | CID:N/A | EmailQueueProcessor ciclo: consultando pendientes en cola.
2026-03-16 12:04:51.360 | INFO  | CID:N/A | EmailQueueProcessor sin pendientes. Esperando 10s para proximo ciclo.
2026-03-16 12:04:54.283 | INFO  | CID:c2869686d5c0 | USR:USU_ADMIN | Financiero/AprobarYEnviarAS400 | Iniciando acción: Financiero/AprobarYEnviarAS400
2026-03-16 12:04:54.745 | INFO  | CID:c2869686d5c0 | USR:USU_ADMIN | Financiero/AprobarYEnviarAS400 | Acción completada: Financiero/AprobarYEnviarAS400
2026-03-16 12:04:56.157 | INFO  | CID:67739b61b934 | USR:USU_ADMIN | Financiero/AprobarYEnviarAS400 | Iniciando acción: Financiero/AprobarYEnviarAS400
2026-03-16 12:04:56.446 | INFO  | CID:67739b61b934 | USR:USU_ADMIN | Financiero/AprobarYEnviarAS400 | Acción completada: Financiero/AprobarYEnviarAS400
2026-03-16 12:05:01.373 | INFO  | CID:N/A | EmailQueueProcessor ciclo: consultando pendientes en cola.
2026-03-16 12:05:01.373 | INFO  | CID:N/A | EmailQueueProcessor sin pendientes. Esperando 10s para proximo ciclo.
2026-03-16 12:05:11.379 | INFO  | CID:N/A | EmailQueueProcessor ciclo: consultando pendientes en cola.
2026-03-16 12:05:11.379 | INFO  | CID:N/A | EmailQueueProcessor sin pendientes. Esperando 10s para proximo ciclo.
2026-03-16 12:05:21.383 | INFO  | CID:N/A | EmailQueueProcessor ciclo: consultando pendientes en cola.
2026-03-16 12:05:21.392 | INFO  | CID:N/A | EmailQueueProcessor sin pendientes. Esperando 10s para proximo ciclo.
2026-03-16 12:05:31.402 | INFO  | CID:N/A | EmailQueueProcessor ciclo: consultando pendientes en cola.
2026-03-16 12:05:31.402 | INFO  | CID:N/A | EmailQueueProcessor sin pendientes. Esperando 10s para proximo ciclo.
2026-03-16 12:05:41.408 | INFO  | CID:N/A | EmailQueueProcessor ciclo: consultando pendientes en cola.
2026-03-16 12:05:41.414 | INFO  | CID:N/A | EmailQueueProcessor sin pendientes. Esperando 10s para proximo ciclo.
2026-03-16 12:05:51.429 | INFO  | CID:N/A | EmailQueueProcessor ciclo: consultando pendientes en cola.
2026-03-16 12:05:51.434 | INFO  | CID:N/A | EmailQueueProcessor sin pendientes. Esperando 10s para proximo ciclo.
2026-03-16 12:06:01.442 | INFO  | CID:N/A | EmailQueueProcessor ciclo: consultando pendientes en cola.
2026-03-16 12:06:01.662 | INFO  | CID:N/A | EmailQueueProcessor sin pendientes. Esperando 10s para proximo ciclo.
2026-03-16 12:06:11.679 | INFO  | CID:N/A | EmailQueueProcessor ciclo: consultando pendientes en cola.
2026-03-16 12:06:11.679 | INFO  | CID:N/A | EmailQueueProcessor sin pendientes. Esperando 10s para proximo ciclo.
2026-03-16 12:06:21.692 | INFO  | CID:N/A | EmailQueueProcessor ciclo: consultando pendientes en cola.
2026-03-16 12:06:21.692 | INFO  | CID:N/A | EmailQueueProcessor sin pendientes. Esperando 10s para proximo ciclo.
2026-03-16 12:06:31.699 | INFO  | CID:N/A | EmailQueueProcessor ciclo: consultando pendientes en cola.
2026-03-16 12:06:31.703 | INFO  | CID:N/A | EmailQueueProcessor sin pendientes. Esperando 10s para proximo ciclo.
2026-03-16 12:06:41.717 | INFO  | CID:N/A | EmailQueueProcessor ciclo: consultando pendientes en cola.
2026-03-16 12:06:41.719 | INFO  | CID:N/A | EmailQueueProcessor sin pendientes. Esperando 10s para proximo ciclo.
2026-03-16 12:06:51.752 | INFO  | CID:N/A | EmailQueueProcessor ciclo: consultando pendientes en cola.
2026-03-16 12:06:51.752 | INFO  | CID:N/A | EmailQueueProcessor sin pendientes. Esperando 10s para proximo ciclo.
2026-03-16 12:07:01.769 | INFO  | CID:N/A | EmailQueueProcessor ciclo: consultando pendientes en cola.
2026-03-16 12:07:01.773 | INFO  | CID:N/A | EmailQueueProcessor sin pendientes. Esperando 10s para proximo ciclo.
2026-03-16 12:07:11.792 | INFO  | CID:N/A | EmailQueueProcessor ciclo: consultando pendientes en cola.
2026-03-16 12:07:11.798 | INFO  | CID:N/A | EmailQueueProcessor sin pendientes. Esperando 10s para proximo ciclo.
2026-03-16 12:07:21.811 | INFO  | CID:N/A | EmailQueueProcessor ciclo: consultando pendientes en cola.
2026-03-16 12:07:21.815 | INFO  | CID:N/A | EmailQueueProcessor sin pendientes. Esperando 10s para proximo ciclo.
2026-03-16 12:07:31.823 | INFO  | CID:N/A | EmailQueueProcessor ciclo: consultando pendientes en cola.
2026-03-16 12:07:31.823 | INFO  | CID:N/A | EmailQueueProcessor sin pendientes. Esperando 10s para proximo ciclo.
2026-03-16 12:07:41.827 | INFO  | CID:N/A | EmailQueueProcessor ciclo: consultando pendientes en cola.
2026-03-16 12:07:41.827 | INFO  | CID:N/A | EmailQueueProcessor sin pendientes. Esperando 10s para proximo ciclo.
2026-03-16 12:07:51.829 | INFO  | CID:N/A | EmailQueueProcessor ciclo: consultando pendientes en cola.
2026-03-16 12:07:51.836 | INFO  | CID:N/A | EmailQueueProcessor sin pendientes. Esperando 10s para proximo ciclo.
2026-03-16 12:08:01.855 | INFO  | CID:N/A | EmailQueueProcessor ciclo: consultando pendientes en cola.
2026-03-16 12:08:01.860 | INFO  | CID:N/A | EmailQueueProcessor sin pendientes. Esperando 10s para proximo ciclo.
2026-03-16 12:08:11.870 | INFO  | CID:N/A | EmailQueueProcessor ciclo: consultando pendientes en cola.
2026-03-16 12:08:11.870 | INFO  | CID:N/A | EmailQueueProcessor sin pendientes. Esperando 10s para proximo ciclo.
2026-03-16 12:08:21.886 | INFO  | CID:N/A | EmailQueueProcessor ciclo: consultando pendientes en cola.
2026-03-16 12:08:21.889 | INFO  | CID:N/A | EmailQueueProcessor sin pendientes. Esperando 10s para proximo ciclo.
2026-03-16 12:08:31.903 | INFO  | CID:N/A | EmailQueueProcessor ciclo: consultando pendientes en cola.
2026-03-16 12:08:31.907 | INFO  | CID:N/A | EmailQueueProcessor sin pendientes. Esperando 10s para proximo ciclo.
2026-03-16 12:08:41.911 | INFO  | CID:N/A | EmailQueueProcessor ciclo: consultando pendientes en cola.
2026-03-16 12:08:41.915 | INFO  | CID:N/A | EmailQueueProcessor sin pendientes. Esperando 10s para proximo ciclo.
2026-03-16 12:08:51.932 | INFO  | CID:N/A | EmailQueueProcessor ciclo: consultando pendientes en cola.
2026-03-16 12:08:51.937 | INFO  | CID:N/A | EmailQueueProcessor sin pendientes. Esperando 10s para proximo ciclo.
2026-03-16 12:09:01.949 | INFO  | CID:N/A | EmailQueueProcessor ciclo: consultando pendientes en cola.
2026-03-16 12:09:01.952 | INFO  | CID:N/A | EmailQueueProcessor sin pendientes. Esperando 10s para proximo ciclo.
2026-03-16 12:09:11.967 | INFO  | CID:N/A | EmailQueueProcessor ciclo: consultando pendientes en cola.
2026-03-16 12:09:11.971 | INFO  | CID:N/A | EmailQueueProcessor sin pendientes. Esperando 10s para proximo ciclo.
2026-03-16 12:09:21.975 | INFO  | CID:N/A | EmailQueueProcessor ciclo: consultando pendientes en cola.
2026-03-16 12:09:21.979 | INFO  | CID:N/A | EmailQueueProcessor sin pendientes. Esperando 10s para proximo ciclo.
2026-03-16 12:09:31.993 | INFO  | CID:N/A | EmailQueueProcessor ciclo: consultando pendientes en cola.
2026-03-16 12:09:31.998 | INFO  | CID:N/A | EmailQueueProcessor sin pendientes. Esperando 10s para proximo ciclo.
2026-03-16 12:09:42.009 | INFO  | CID:N/A | EmailQueueProcessor ciclo: consultando pendientes en cola.
2026-03-16 12:09:42.013 | INFO  | CID:N/A | EmailQueueProcessor sin pendientes. Esperando 10s para proximo ciclo.
2026-03-16 12:09:52.022 | INFO  | CID:N/A | EmailQueueProcessor ciclo: consultando pendientes en cola.
2026-03-16 12:09:52.026 | INFO  | CID:N/A | EmailQueueProcessor sin pendientes. Esperando 10s para proximo ciclo.
2026-03-16 12:10:02.039 | INFO  | CID:N/A | EmailQueueProcessor ciclo: consultando pendientes en cola.
2026-03-16 12:10:02.043 | INFO  | CID:N/A | EmailQueueProcessor sin pendientes. Esperando 10s para proximo ciclo.
2026-03-16 12:10:12.055 | INFO  | CID:N/A | EmailQueueProcessor ciclo: consultando pendientes en cola.
2026-03-16 12:10:12.058 | INFO  | CID:N/A | EmailQueueProcessor sin pendientes. Esperando 10s para proximo ciclo.
2026-03-16 12:10:22.081 | INFO  | CID:N/A | EmailQueueProcessor ciclo: consultando pendientes en cola.
2026-03-16 12:10:22.081 | INFO  | CID:N/A | EmailQueueProcessor sin pendientes. Esperando 10s para proximo ciclo.
2026-03-16 12:10:32.095 | INFO  | CID:N/A | EmailQueueProcessor ciclo: consultando pendientes en cola.
2026-03-16 12:10:32.100 | INFO  | CID:N/A | EmailQueueProcessor sin pendientes. Esperando 10s para proximo ciclo.
2026-03-16 12:10:42.111 | INFO  | CID:N/A | EmailQueueProcessor ciclo: consultando pendientes en cola.
2026-03-16 12:10:42.113 | INFO  | CID:N/A | EmailQueueProcessor sin pendientes. Esperando 10s para proximo ciclo.
2026-03-16 12:10:52.119 | INFO  | CID:N/A | EmailQueueProcessor ciclo: consultando pendientes en cola.
2026-03-16 12:10:52.123 | INFO  | CID:N/A | EmailQueueProcessor sin pendientes. Esperando 10s para proximo ciclo.
2026-03-16 12:11:02.135 | INFO  | CID:N/A | EmailQueueProcessor ciclo: consultando pendientes en cola.
2026-03-16 12:11:02.140 | INFO  | CID:N/A | EmailQueueProcessor sin pendientes. Esperando 10s para proximo ciclo.
2026-03-16 12:11:12.155 | INFO  | CID:N/A | EmailQueueProcessor ciclo: consultando pendientes en cola.
2026-03-16 12:11:12.159 | INFO  | CID:N/A | EmailQueueProcessor sin pendientes. Esperando 10s para proximo ciclo.
2026-03-16 12:11:22.163 | INFO  | CID:N/A | EmailQueueProcessor ciclo: consultando pendientes en cola.
2026-03-16 12:11:22.167 | INFO  | CID:N/A | EmailQueueProcessor sin pendientes. Esperando 10s para proximo ciclo.
2026-03-16 12:11:32.172 | INFO  | CID:N/A | EmailQueueProcessor ciclo: consultando pendientes en cola.
2026-03-16 12:11:32.176 | INFO  | CID:N/A | EmailQueueProcessor sin pendientes. Esperando 10s para proximo ciclo.
2026-03-16 12:11:42.183 | INFO  | CID:N/A | EmailQueueProcessor ciclo: consultando pendientes en cola.
2026-03-16 12:11:42.187 | INFO  | CID:N/A | EmailQueueProcessor sin pendientes. Esperando 10s para proximo ciclo.
2026-03-16 12:11:52.203 | INFO  | CID:N/A | EmailQueueProcessor ciclo: consultando pendientes en cola.
2026-03-16 12:11:52.207 | INFO  | CID:N/A | EmailQueueProcessor sin pendientes. Esperando 10s para proximo ciclo.
2026-03-16 12:12:02.223 | INFO  | CID:N/A | EmailQueueProcessor ciclo: consultando pendientes en cola.
2026-03-16 12:12:02.227 | INFO  | CID:N/A | EmailQueueProcessor sin pendientes. Esperando 10s para proximo ciclo.
2026-03-16 12:12:12.243 | INFO  | CID:N/A | EmailQueueProcessor ciclo: consultando pendientes en cola.
2026-03-16 12:12:12.244 | INFO  | CID:N/A | EmailQueueProcessor sin pendientes. Esperando 10s para proximo ciclo.
2026-03-16 12:12:22.257 | INFO  | CID:N/A | EmailQueueProcessor ciclo: consultando pendientes en cola.
2026-03-16 12:12:22.259 | INFO  | CID:N/A | EmailQueueProcessor sin pendientes. Esperando 10s para proximo ciclo.
2026-03-16 12:12:32.262 | INFO  | CID:N/A | EmailQueueProcessor ciclo: consultando pendientes en cola.
2026-03-16 12:12:32.266 | INFO  | CID:N/A | EmailQueueProcessor sin pendientes. Esperando 10s para proximo ciclo.
2026-03-16 12:12:42.294 | INFO  | CID:N/A | EmailQueueProcessor ciclo: consultando pendientes en cola.
2026-03-16 12:12:42.310 | INFO  | CID:N/A | EmailQueueProcessor sin pendientes. Esperando 10s para proximo ciclo.
2026-03-16 12:12:52.314 | INFO  | CID:N/A | EmailQueueProcessor ciclo: consultando pendientes en cola.
2026-03-16 12:12:52.318 | INFO  | CID:N/A | EmailQueueProcessor sin pendientes. Esperando 10s para proximo ciclo.
2026-03-16 12:13:02.337 | INFO  | CID:N/A | EmailQueueProcessor ciclo: consultando pendientes en cola.
2026-03-16 12:13:02.337 | INFO  | CID:N/A | EmailQueueProcessor sin pendientes. Esperando 10s para proximo ciclo.
2026-03-16 12:13:12.342 | INFO  | CID:N/A | EmailQueueProcessor ciclo: consultando pendientes en cola.
2026-03-16 12:13:12.345 | INFO  | CID:N/A | EmailQueueProcessor sin pendientes. Esperando 10s para proximo ciclo.
2026-03-16 12:13:22.348 | INFO  | CID:N/A | EmailQueueProcessor ciclo: consultando pendientes en cola.
2026-03-16 12:13:22.354 | INFO  | CID:N/A | EmailQueueProcessor sin pendientes. Esperando 10s para proximo ciclo.
2026-03-16 12:13:32.377 | INFO  | CID:N/A | EmailQueueProcessor ciclo: consultando pendientes en cola.
2026-03-16 12:13:32.381 | INFO  | CID:N/A | EmailQueueProcessor sin pendientes. Esperando 10s para proximo ciclo.
2026-03-16 12:13:42.386 | INFO  | CID:N/A | EmailQueueProcessor ciclo: consultando pendientes en cola.
2026-03-16 12:13:42.391 | INFO  | CID:N/A | EmailQueueProcessor sin pendientes. Esperando 10s para proximo ciclo.
2026-03-16 12:21:25.840 | INFO  | CID:N/A | EmailQueueProcessor arrancando. ThreadId=1; Idle=10s; ErrorRetry=30s; MaxIntentos=3
2026-03-16 12:21:25.843 | INFO  | CID:N/A | Iniciando procesador de cola de correos
2026-03-16 12:21:25.877 | INFO  | CID:N/A | EmailQueueProcessor tarea de procesamiento lanzada. TaskId=2
2026-03-16 12:21:25.883 | INFO  | CID:N/A | EmailQueueProcessor loop principal iniciado.
2026-03-16 12:21:25.886 | INFO  | CID:N/A | EmailQueueProcessor ciclo: consultando pendientes en cola.
2026-03-16 12:21:26.707 | INFO  | CID:N/A | EmailQueueProcessor sin pendientes. Esperando 10s para proximo ciclo.
2026-03-16 12:21:36.719 | INFO  | CID:N/A | EmailQueueProcessor ciclo: consultando pendientes en cola.
2026-03-16 12:21:36.719 | INFO  | CID:N/A | EmailQueueProcessor sin pendientes. Esperando 10s para proximo ciclo.
2026-03-16 12:21:46.735 | INFO  | CID:N/A | EmailQueueProcessor ciclo: consultando pendientes en cola.
2026-03-16 12:21:46.735 | INFO  | CID:N/A | EmailQueueProcessor sin pendientes. Esperando 10s para proximo ciclo.
2026-03-16 12:21:46.825 | INFO  | CID:0e28be0ba9bd | Account/Login | Iniciando acción: Account/Login
2026-03-16 12:21:47.595 | INFO  | CID:0e28be0ba9bd | Account/Login | Acción completada: Account/Login
2026-03-16 12:21:56.742 | INFO  | CID:N/A | EmailQueueProcessor ciclo: consultando pendientes en cola.
2026-03-16 12:21:56.748 | INFO  | CID:N/A | EmailQueueProcessor sin pendientes. Esperando 10s para proximo ciclo.
2026-03-16 12:22:06.772 | INFO  | CID:N/A | EmailQueueProcessor ciclo: consultando pendientes en cola.
2026-03-16 12:22:07.440 | INFO  | CID:N/A | EmailQueueProcessor sin pendientes. Esperando 10s para proximo ciclo.
2026-03-16 12:22:17.454 | INFO  | CID:N/A | EmailQueueProcessor ciclo: consultando pendientes en cola.
2026-03-16 12:22:17.456 | INFO  | CID:N/A | EmailQueueProcessor sin pendientes. Esperando 10s para proximo ciclo.
2026-03-16 12:22:22.352 | INFO  | CID:3bcbdca98098 | USR:USU_ADMIN | Financiero/AprobarYEnviarAS400 | Iniciando acción: Financiero/AprobarYEnviarAS400
2026-03-16 12:22:22.837 | INFO  | CID:3bcbdca98098 | USR:USU_ADMIN | Financiero/AprobarYEnviarAS400 | Acción completada: Financiero/AprobarYEnviarAS400
2026-03-16 12:22:27.469 | INFO  | CID:N/A | EmailQueueProcessor ciclo: consultando pendientes en cola.
2026-03-16 12:22:27.474 | INFO  | CID:N/A | EmailQueueProcessor sin pendientes. Esperando 10s para proximo ciclo.
2026-03-16 12:22:35.303 | INFO  | CID:9ba33c0d4546 | USR:USU_ADMIN | Financiero/AprobarYEnviarAS400 | Iniciando acción: Financiero/AprobarYEnviarAS400
2026-03-16 12:22:35.803 | INFO  | CID:9ba33c0d4546 | USR:USU_ADMIN | Financiero/AprobarYEnviarAS400 | Acción completada: Financiero/AprobarYEnviarAS400
2026-03-16 12:22:37.486 | INFO  | CID:N/A | EmailQueueProcessor ciclo: consultando pendientes en cola.
2026-03-16 12:22:37.495 | INFO  | CID:N/A | EmailQueueProcessor sin pendientes. Esperando 10s para proximo ciclo.
2026-03-16 12:22:42.152 | INFO  | CID:85ef73e6ae99 | USR:USU_ADMIN | Financiero/AprobarYEnviarAS400 | Iniciando acción: Financiero/AprobarYEnviarAS400
2026-03-16 12:22:42.645 | INFO  | CID:85ef73e6ae99 | USR:USU_ADMIN | Financiero/AprobarYEnviarAS400 | Acción completada: Financiero/AprobarYEnviarAS400
2026-03-16 12:22:47.512 | INFO  | CID:N/A | EmailQueueProcessor ciclo: consultando pendientes en cola.
2026-03-16 12:22:47.517 | INFO  | CID:N/A | EmailQueueProcessor sin pendientes. Esperando 10s para proximo ciclo.
2026-03-16 12:22:57.520 | INFO  | CID:N/A | EmailQueueProcessor ciclo: consultando pendientes en cola.
2026-03-16 12:22:57.524 | INFO  | CID:N/A | EmailQueueProcessor sin pendientes. Esperando 10s para proximo ciclo.
2026-03-16 12:23:07.532 | INFO  | CID:N/A | EmailQueueProcessor ciclo: consultando pendientes en cola.
2026-03-16 12:23:07.538 | INFO  | CID:N/A | EmailQueueProcessor sin pendientes. Esperando 10s para proximo ciclo.
2026-03-16 12:23:17.550 | INFO  | CID:N/A | EmailQueueProcessor ciclo: consultando pendientes en cola.
2026-03-16 12:23:17.553 | INFO  | CID:N/A | EmailQueueProcessor sin pendientes. Esperando 10s para proximo ciclo.
2026-03-16 12:23:27.567 | INFO  | CID:N/A | EmailQueueProcessor ciclo: consultando pendientes en cola.
2026-03-16 12:23:27.571 | INFO  | CID:N/A | EmailQueueProcessor sin pendientes. Esperando 10s para proximo ciclo.
2026-03-16 12:23:37.579 | INFO  | CID:N/A | EmailQueueProcessor ciclo: consultando pendientes en cola.
2026-03-16 12:23:37.583 | INFO  | CID:N/A | EmailQueueProcessor sin pendientes. Esperando 10s para proximo ciclo.
2026-03-16 12:23:47.599 | INFO  | CID:N/A | EmailQueueProcessor ciclo: consultando pendientes en cola.
2026-03-16 12:23:47.604 | INFO  | CID:N/A | EmailQueueProcessor sin pendientes. Esperando 10s para proximo ciclo.
2026-03-16 14:00:58.449 | INFO  | CID:N/A | EmailQueueProcessor arrancando. ThreadId=1; Idle=10s; ErrorRetry=30s; MaxIntentos=3
2026-03-16 14:00:58.463 | INFO  | CID:N/A | Iniciando procesador de cola de correos
2026-03-16 14:00:58.481 | INFO  | CID:N/A | EmailQueueProcessor tarea de procesamiento lanzada. TaskId=2
2026-03-16 14:00:58.486 | INFO  | CID:N/A | EmailQueueProcessor loop principal iniciado.
2026-03-16 14:00:58.488 | INFO  | CID:N/A | EmailQueueProcessor ciclo: consultando pendientes en cola.
2026-03-16 14:01:09.423 | INFO  | CID:N/A | EmailQueueProcessor ciclo: consultando pendientes en cola.
2026-03-16 14:01:09.429 | INFO  | CID:N/A | EmailQueueProcessor sin pendientes. Esperando 10s para proximo ciclo.
2026-03-16 14:01:19.442 | INFO  | CID:N/A | EmailQueueProcessor ciclo: consultando pendientes en cola.
2026-03-16 14:01:19.452 | INFO  | CID:N/A | EmailQueueProcessor sin pendientes. Esperando 10s para proximo ciclo.
2026-03-16 14:01:23.029 | INFO  | CID:740f837a8f6e | Account/Login | Iniciando acción: Account/Login
2026-03-16 14:01:23.668 | INFO  | CID:740f837a8f6e | Account/Login | Acción completada: Account/Login
2026-03-16 14:01:29.472 | INFO  | CID:N/A | EmailQueueProcessor ciclo: consultando pendientes en cola.
2026-03-16 14:01:29.476 | INFO  | CID:N/A | EmailQueueProcessor sin pendientes. Esperando 10s para proximo ciclo.
2026-03-16 14:01:39.356 | INFO  | CID:9a992fec79bd | Account/Login | Iniciando acción: Account/Login
2026-03-16 14:01:39.481 | INFO  | CID:N/A | EmailQueueProcessor ciclo: consultando pendientes en cola.
2026-03-16 14:01:39.481 | INFO  | CID:N/A | EmailQueueProcessor sin pendientes. Esperando 10s para proximo ciclo.
2026-03-16 14:01:39.800 | INFO  | CID:9a992fec79bd | Account/Login | Acción completada: Account/Login
2026-03-16 14:01:49.495 | INFO  | CID:N/A | EmailQueueProcessor ciclo: consultando pendientes en cola.
2026-03-16 14:01:50.379 | INFO  | CID:N/A | EmailQueueProcessor sin pendientes. Esperando 10s para proximo ciclo.
2026-03-16 14:02:00.389 | INFO  | CID:N/A | EmailQueueProcessor ciclo: consultando pendientes en cola.
2026-03-16 14:02:00.389 | INFO  | CID:N/A | EmailQueueProcessor sin pendientes. Esperando 10s para proximo ciclo.
2026-03-16 14:02:06.628 | INFO  | CID:df721f18bc7b | USR:USU_ADMIN | Financiero/AprobarYEnviarAS400 | Iniciando acción: Financiero/AprobarYEnviarAS400
2026-03-16 14:02:06.977 | INFO  | CID:df721f18bc7b | USR:USU_ADMIN | Financiero/AprobarYEnviarAS400 | Acción completada: Financiero/AprobarYEnviarAS400
2026-03-16 14:02:09.538 | INFO  | CID:2e6511b10fb0 | USR:USU_ADMIN | Financiero/AprobarYEnviarAS400 | Iniciando acción: Financiero/AprobarYEnviarAS400
2026-03-16 14:02:10.028 | INFO  | CID:2e6511b10fb0 | USR:USU_ADMIN | Financiero/AprobarYEnviarAS400 | Acción completada: Financiero/AprobarYEnviarAS400
2026-03-16 14:02:10.409 | INFO  | CID:N/A | EmailQueueProcessor ciclo: consultando pendientes en cola.
2026-03-16 14:02:10.409 | INFO  | CID:N/A | EmailQueueProcessor sin pendientes. Esperando 10s para proximo ciclo.
2026-03-16 14:02:20.418 | INFO  | CID:N/A | EmailQueueProcessor ciclo: consultando pendientes en cola.
2026-03-16 14:02:20.424 | INFO  | CID:N/A | EmailQueueProcessor sin pendientes. Esperando 10s para proximo ciclo.
2026-03-16 14:02:30.429 | INFO  | CID:N/A | EmailQueueProcessor ciclo: consultando pendientes en cola.
2026-03-16 14:02:30.429 | INFO  | CID:N/A | EmailQueueProcessor sin pendientes. Esperando 10s para proximo ciclo.
2026-03-16 14:02:40.436 | INFO  | CID:N/A | EmailQueueProcessor ciclo: consultando pendientes en cola.
2026-03-16 14:02:40.436 | INFO  | CID:N/A | EmailQueueProcessor sin pendientes. Esperando 10s para proximo ciclo.
2026-03-16 14:02:50.452 | INFO  | CID:N/A | EmailQueueProcessor ciclo: consultando pendientes en cola.
2026-03-16 14:02:50.452 | INFO  | CID:N/A | EmailQueueProcessor sin pendientes. Esperando 10s para proximo ciclo.
2026-03-16 14:03:00.470 | INFO  | CID:N/A | EmailQueueProcessor ciclo: consultando pendientes en cola.
2026-03-16 14:03:00.470 | INFO  | CID:N/A | EmailQueueProcessor sin pendientes. Esperando 10s para proximo ciclo.
2026-03-16 14:03:10.475 | INFO  | CID:N/A | EmailQueueProcessor ciclo: consultando pendientes en cola.
2026-03-16 14:03:10.484 | INFO  | CID:N/A | EmailQueueProcessor sin pendientes. Esperando 10s para proximo ciclo.
2026-03-16 14:03:20.491 | INFO  | CID:N/A | EmailQueueProcessor ciclo: consultando pendientes en cola.
2026-03-16 14:03:20.491 | INFO  | CID:N/A | EmailQueueProcessor sin pendientes. Esperando 10s para proximo ciclo.
2026-03-16 14:03:30.498 | INFO  | CID:N/A | EmailQueueProcessor ciclo: consultando pendientes en cola.
2026-03-16 14:03:30.498 | INFO  | CID:N/A | EmailQueueProcessor sin pendientes. Esperando 10s para proximo ciclo.
2026-03-16 14:03:40.498 | INFO  | CID:N/A | EmailQueueProcessor ciclo: consultando pendientes en cola.
2026-03-16 14:03:40.502 | INFO  | CID:N/A | EmailQueueProcessor sin pendientes. Esperando 10s para proximo ciclo.
2026-03-16 14:03:50.506 | INFO  | CID:N/A | EmailQueueProcessor ciclo: consultando pendientes en cola.
2026-03-16 14:03:50.509 | INFO  | CID:N/A | EmailQueueProcessor sin pendientes. Esperando 10s para proximo ciclo.
2026-03-16 14:04:00.532 | INFO  | CID:N/A | EmailQueueProcessor ciclo: consultando pendientes en cola.
2026-03-16 14:04:00.532 | INFO  | CID:N/A | EmailQueueProcessor sin pendientes. Esperando 10s para proximo ciclo.
2026-03-16 14:04:10.541 | INFO  | CID:N/A | EmailQueueProcessor ciclo: consultando pendientes en cola.
2026-03-16 14:04:10.541 | INFO  | CID:N/A | EmailQueueProcessor sin pendientes. Esperando 10s para proximo ciclo.
2026-03-16 14:04:20.551 | INFO  | CID:N/A | EmailQueueProcessor ciclo: consultando pendientes en cola.
2026-03-16 14:04:20.551 | INFO  | CID:N/A | EmailQueueProcessor sin pendientes. Esperando 10s para proximo ciclo.
2026-03-16 14:04:30.561 | INFO  | CID:N/A | EmailQueueProcessor ciclo: consultando pendientes en cola.
2026-03-16 14:04:30.561 | INFO  | CID:N/A | EmailQueueProcessor sin pendientes. Esperando 10s para proximo ciclo.
2026-03-16 14:04:40.567 | INFO  | CID:N/A | EmailQueueProcessor ciclo: consultando pendientes en cola.
2026-03-16 14:04:40.567 | INFO  | CID:N/A | EmailQueueProcessor sin pendientes. Esperando 10s para proximo ciclo.
2026-03-16 14:04:50.585 | INFO  | CID:N/A | EmailQueueProcessor ciclo: consultando pendientes en cola.
2026-03-16 14:04:50.587 | INFO  | CID:N/A | EmailQueueProcessor sin pendientes. Esperando 10s para proximo ciclo.
2026-03-16 14:05:00.589 | INFO  | CID:N/A | EmailQueueProcessor ciclo: consultando pendientes en cola.
2026-03-16 14:05:00.589 | INFO  | CID:N/A | EmailQueueProcessor sin pendientes. Esperando 10s para proximo ciclo.
2026-03-16 14:05:10.601 | INFO  | CID:N/A | EmailQueueProcessor ciclo: consultando pendientes en cola.
2026-03-16 14:05:10.601 | INFO  | CID:N/A | EmailQueueProcessor sin pendientes. Esperando 10s para proximo ciclo.
2026-03-16 14:05:20.602 | INFO  | CID:N/A | EmailQueueProcessor ciclo: consultando pendientes en cola.
2026-03-16 14:05:20.602 | INFO  | CID:N/A | EmailQueueProcessor sin pendientes. Esperando 10s para proximo ciclo.
2026-03-16 14:05:30.611 | INFO  | CID:N/A | EmailQueueProcessor ciclo: consultando pendientes en cola.
2026-03-16 14:05:30.611 | INFO  | CID:N/A | EmailQueueProcessor sin pendientes. Esperando 10s para proximo ciclo.
2026-03-16 14:05:40.622 | INFO  | CID:N/A | EmailQueueProcessor ciclo: consultando pendientes en cola.
2026-03-16 14:05:40.622 | INFO  | CID:N/A | EmailQueueProcessor sin pendientes. Esperando 10s para proximo ciclo.
2026-03-16 14:05:50.639 | INFO  | CID:N/A | EmailQueueProcessor ciclo: consultando pendientes en cola.
2026-03-16 14:05:50.639 | INFO  | CID:N/A | EmailQueueProcessor sin pendientes. Esperando 10s para proximo ciclo.
2026-03-16 14:06:00.652 | INFO  | CID:N/A | EmailQueueProcessor ciclo: consultando pendientes en cola.
2026-03-16 14:06:00.652 | INFO  | CID:N/A | EmailQueueProcessor sin pendientes. Esperando 10s para proximo ciclo.
2026-03-16 14:06:10.670 | INFO  | CID:N/A | EmailQueueProcessor ciclo: consultando pendientes en cola.
2026-03-16 14:06:10.670 | INFO  | CID:N/A | EmailQueueProcessor sin pendientes. Esperando 10s para proximo ciclo.
2026-03-16 14:06:20.676 | INFO  | CID:N/A | EmailQueueProcessor ciclo: consultando pendientes en cola.
2026-03-16 14:06:20.681 | INFO  | CID:N/A | EmailQueueProcessor sin pendientes. Esperando 10s para proximo ciclo.
2026-03-16 14:06:30.693 | INFO  | CID:N/A | EmailQueueProcessor ciclo: consultando pendientes en cola.
2026-03-16 14:06:30.693 | INFO  | CID:N/A | EmailQueueProcessor sin pendientes. Esperando 10s para proximo ciclo.
2026-03-16 14:06:40.705 | INFO  | CID:N/A | EmailQueueProcessor ciclo: consultando pendientes en cola.
2026-03-16 14:06:40.709 | INFO  | CID:N/A | EmailQueueProcessor sin pendientes. Esperando 10s para proximo ciclo.
2026-03-16 14:06:50.718 | INFO  | CID:N/A | EmailQueueProcessor ciclo: consultando pendientes en cola.
2026-03-16 14:06:50.718 | INFO  | CID:N/A | EmailQueueProcessor sin pendientes. Esperando 10s para proximo ciclo.
2026-03-16 14:07:00.732 | INFO  | CID:N/A | EmailQueueProcessor ciclo: consultando pendientes en cola.
2026-03-16 14:07:00.737 | INFO  | CID:N/A | EmailQueueProcessor sin pendientes. Esperando 10s para proximo ciclo.
2026-03-16 14:07:10.750 | INFO  | CID:N/A | EmailQueueProcessor ciclo: consultando pendientes en cola.
2026-03-16 14:07:10.755 | INFO  | CID:N/A | EmailQueueProcessor sin pendientes. Esperando 10s para proximo ciclo.
2026-03-16 14:07:20.771 | INFO  | CID:N/A | EmailQueueProcessor ciclo: consultando pendientes en cola.
2026-03-16 14:07:20.776 | INFO  | CID:N/A | EmailQueueProcessor sin pendientes. Esperando 10s para proximo ciclo.
2026-03-16 14:15:48.463 | INFO  | CID:N/A | EmailQueueProcessor arrancando. ThreadId=1; Idle=10s; ErrorRetry=30s; MaxIntentos=3
2026-03-16 14:15:48.485 | INFO  | CID:N/A | Iniciando procesador de cola de correos
2026-03-16 14:15:48.510 | INFO  | CID:N/A | EmailQueueProcessor tarea de procesamiento lanzada. TaskId=2
2026-03-16 14:15:48.515 | INFO  | CID:N/A | EmailQueueProcessor loop principal iniciado.
2026-03-16 14:15:48.517 | INFO  | CID:N/A | EmailQueueProcessor ciclo: consultando pendientes en cola.
2026-03-16 14:15:49.361 | INFO  | CID:N/A | EmailQueueProcessor sin pendientes. Esperando 10s para proximo ciclo.
2026-03-16 14:15:59.377 | INFO  | CID:N/A | EmailQueueProcessor ciclo: consultando pendientes en cola.
2026-03-16 14:15:59.377 | INFO  | CID:N/A | EmailQueueProcessor sin pendientes. Esperando 10s para proximo ciclo.
2026-03-16 14:16:09.390 | INFO  | CID:N/A | EmailQueueProcessor ciclo: consultando pendientes en cola.
2026-03-16 14:16:09.390 | INFO  | CID:N/A | EmailQueueProcessor sin pendientes. Esperando 10s para proximo ciclo.
2026-03-16 14:16:19.406 | INFO  | CID:N/A | EmailQueueProcessor ciclo: consultando pendientes en cola.
2026-03-16 14:16:19.410 | INFO  | CID:N/A | EmailQueueProcessor sin pendientes. Esperando 10s para proximo ciclo.
2026-03-16 14:16:26.542 | INFO  | CID:5f8b7aca07d2 | Account/Login | Iniciando acción: Account/Login
2026-03-16 14:16:27.192 | INFO  | CID:5f8b7aca07d2 | Account/Login | Acción completada: Account/Login
2026-03-16 14:16:29.422 | INFO  | CID:N/A | EmailQueueProcessor ciclo: consultando pendientes en cola.
2026-03-16 14:16:29.426 | INFO  | CID:N/A | EmailQueueProcessor sin pendientes. Esperando 10s para proximo ciclo.
2026-03-16 14:16:39.437 | INFO  | CID:N/A | EmailQueueProcessor ciclo: consultando pendientes en cola.
2026-03-16 14:16:39.684 | INFO  | CID:N/A | EmailQueueProcessor sin pendientes. Esperando 10s para proximo ciclo.
2026-03-16 14:16:49.040 | INFO  | CID:1a6cc3b64054 | USR:USU_ADMIN | Financiero/AprobarYEnviarAS400 | Iniciando acción: Financiero/AprobarYEnviarAS400
2026-03-16 14:16:49.489 | INFO  | CID:1a6cc3b64054 | USR:USU_ADMIN | Financiero/AprobarYEnviarAS400 | Acción completada: Financiero/AprobarYEnviarAS400
2026-03-16 14:16:49.700 | INFO  | CID:N/A | EmailQueueProcessor ciclo: consultando pendientes en cola.
2026-03-16 14:16:49.700 | INFO  | CID:N/A | EmailQueueProcessor sin pendientes. Esperando 10s para proximo ciclo.
2026-03-16 14:16:59.704 | INFO  | CID:N/A | EmailQueueProcessor ciclo: consultando pendientes en cola.
2026-03-16 14:16:59.706 | INFO  | CID:N/A | EmailQueueProcessor sin pendientes. Esperando 10s para proximo ciclo.
2026-03-16 14:17:04.970 | INFO  | CID:909f8265e31a | USR:USU_ADMIN | Financiero/AprobarYEnviarAS400 | Iniciando acción: Financiero/AprobarYEnviarAS400
2026-03-16 14:17:05.471 | INFO  | CID:909f8265e31a | USR:USU_ADMIN | Financiero/AprobarYEnviarAS400 | Acción completada: Financiero/AprobarYEnviarAS400
2026-03-16 14:17:09.719 | INFO  | CID:N/A | EmailQueueProcessor ciclo: consultando pendientes en cola.
2026-03-16 14:17:09.722 | INFO  | CID:N/A | EmailQueueProcessor sin pendientes. Esperando 10s para proximo ciclo.
2026-03-16 14:17:19.729 | INFO  | CID:N/A | EmailQueueProcessor ciclo: consultando pendientes en cola.
2026-03-16 14:17:19.729 | INFO  | CID:N/A | EmailQueueProcessor sin pendientes. Esperando 10s para proximo ciclo.
2026-03-16 14:17:29.746 | INFO  | CID:N/A | EmailQueueProcessor ciclo: consultando pendientes en cola.
2026-03-16 14:17:29.746 | INFO  | CID:N/A | EmailQueueProcessor sin pendientes. Esperando 10s para proximo ciclo.
2026-03-16 14:17:39.767 | INFO  | CID:N/A | EmailQueueProcessor ciclo: consultando pendientes en cola.
2026-03-16 14:17:39.767 | INFO  | CID:N/A | EmailQueueProcessor sin pendientes. Esperando 10s para proximo ciclo.
2026-03-16 14:17:49.780 | INFO  | CID:N/A | EmailQueueProcessor ciclo: consultando pendientes en cola.
2026-03-16 14:17:49.780 | INFO  | CID:N/A | EmailQueueProcessor sin pendientes. Esperando 10s para proximo ciclo.
2026-03-16 14:17:59.801 | INFO  | CID:N/A | EmailQueueProcessor ciclo: consultando pendientes en cola.
2026-03-16 14:17:59.801 | INFO  | CID:N/A | EmailQueueProcessor sin pendientes. Esperando 10s para proximo ciclo.
2026-03-16 14:18:09.805 | INFO  | CID:N/A | EmailQueueProcessor ciclo: consultando pendientes en cola.
2026-03-16 14:18:09.809 | INFO  | CID:N/A | EmailQueueProcessor sin pendientes. Esperando 10s para proximo ciclo.
2026-03-16 14:18:19.815 | INFO  | CID:N/A | EmailQueueProcessor ciclo: consultando pendientes en cola.
2026-03-16 14:18:19.820 | INFO  | CID:N/A | EmailQueueProcessor sin pendientes. Esperando 10s para proximo ciclo.
2026-03-16 14:18:29.830 | INFO  | CID:N/A | EmailQueueProcessor ciclo: consultando pendientes en cola.
2026-03-16 14:18:29.834 | INFO  | CID:N/A | EmailQueueProcessor sin pendientes. Esperando 10s para proximo ciclo.
2026-03-16 14:18:39.845 | INFO  | CID:N/A | EmailQueueProcessor ciclo: consultando pendientes en cola.
2026-03-16 14:18:39.849 | INFO  | CID:N/A | EmailQueueProcessor sin pendientes. Esperando 10s para proximo ciclo.
2026-03-16 14:18:49.857 | INFO  | CID:N/A | EmailQueueProcessor ciclo: consultando pendientes en cola.
2026-03-16 14:18:49.860 | INFO  | CID:N/A | EmailQueueProcessor sin pendientes. Esperando 10s para proximo ciclo.
2026-03-16 14:18:59.872 | INFO  | CID:N/A | EmailQueueProcessor ciclo: consultando pendientes en cola.
2026-03-16 14:18:59.883 | INFO  | CID:N/A | EmailQueueProcessor sin pendientes. Esperando 10s para proximo ciclo.
2026-03-16 14:19:02.778 | INFO  | CID:f5ab356b7a06 | USR:USU_ADMIN | Financiero/AprobarYEnviarAS400 | Iniciando acción: Financiero/AprobarYEnviarAS400
2026-03-16 14:19:03.308 | INFO  | CID:f5ab356b7a06 | USR:USU_ADMIN | Financiero/AprobarYEnviarAS400 | Acción completada: Financiero/AprobarYEnviarAS400
2026-03-16 14:19:09.901 | INFO  | CID:N/A | EmailQueueProcessor ciclo: consultando pendientes en cola.
2026-03-16 14:19:09.904 | INFO  | CID:N/A | EmailQueueProcessor sin pendientes. Esperando 10s para proximo ciclo.
2026-03-16 14:19:19.917 | INFO  | CID:N/A | EmailQueueProcessor ciclo: consultando pendientes en cola.
2026-03-16 14:19:19.921 | INFO  | CID:N/A | EmailQueueProcessor sin pendientes. Esperando 10s para proximo ciclo.
2026-03-16 14:19:29.936 | INFO  | CID:N/A | EmailQueueProcessor ciclo: consultando pendientes en cola.
2026-03-16 14:19:29.939 | INFO  | CID:N/A | EmailQueueProcessor sin pendientes. Esperando 10s para proximo ciclo.
2026-03-16 14:19:31.034 | INFO  | CID:ef4f09ed9b94 | USR:USU_ADMIN | Financiero/AprobarYEnviarAS400 | Iniciando acción: Financiero/AprobarYEnviarAS400
2026-03-16 14:19:31.510 | INFO  | CID:ef4f09ed9b94 | USR:USU_ADMIN | Financiero/AprobarYEnviarAS400 | Acción completada: Financiero/AprobarYEnviarAS400
2026-03-16 14:19:39.948 | INFO  | CID:N/A | EmailQueueProcessor ciclo: consultando pendientes en cola.
2026-03-16 14:19:39.958 | INFO  | CID:N/A | EmailQueueProcessor sin pendientes. Esperando 10s para proximo ciclo.
2026-03-16 14:19:49.962 | INFO  | CID:N/A | EmailQueueProcessor ciclo: consultando pendientes en cola.
2026-03-16 14:19:49.967 | INFO  | CID:N/A | EmailQueueProcessor sin pendientes. Esperando 10s para proximo ciclo.
2026-03-16 14:19:59.980 | INFO  | CID:N/A | EmailQueueProcessor ciclo: consultando pendientes en cola.
2026-03-16 14:19:59.984 | INFO  | CID:N/A | EmailQueueProcessor sin pendientes. Esperando 10s para proximo ciclo.
2026-03-16 14:20:09.993 | INFO  | CID:N/A | EmailQueueProcessor ciclo: consultando pendientes en cola.
2026-03-16 14:20:09.997 | INFO  | CID:N/A | EmailQueueProcessor sin pendientes. Esperando 10s para proximo ciclo.
2026-03-16 14:20:20.004 | INFO  | CID:N/A | EmailQueueProcessor ciclo: consultando pendientes en cola.
2026-03-16 14:20:20.009 | INFO  | CID:N/A | EmailQueueProcessor sin pendientes. Esperando 10s para proximo ciclo.
2026-03-16 14:20:30.022 | INFO  | CID:N/A | EmailQueueProcessor ciclo: consultando pendientes en cola.
2026-03-16 14:20:30.026 | INFO  | CID:N/A | EmailQueueProcessor sin pendientes. Esperando 10s para proximo ciclo.
2026-03-16 14:20:40.030 | INFO  | CID:N/A | EmailQueueProcessor ciclo: consultando pendientes en cola.
2026-03-16 14:20:40.034 | INFO  | CID:N/A | EmailQueueProcessor sin pendientes. Esperando 10s para proximo ciclo.
2026-03-16 14:20:50.038 | INFO  | CID:N/A | EmailQueueProcessor ciclo: consultando pendientes en cola.
2026-03-16 14:20:50.043 | INFO  | CID:N/A | EmailQueueProcessor sin pendientes. Esperando 10s para proximo ciclo.
2026-03-16 14:21:00.059 | INFO  | CID:N/A | EmailQueueProcessor ciclo: consultando pendientes en cola.
2026-03-16 14:21:00.063 | INFO  | CID:N/A | EmailQueueProcessor sin pendientes. Esperando 10s para proximo ciclo.
2026-03-16 14:21:10.081 | INFO  | CID:N/A | EmailQueueProcessor ciclo: consultando pendientes en cola.
2026-03-16 14:21:10.088 | INFO  | CID:N/A | EmailQueueProcessor sin pendientes. Esperando 10s para proximo ciclo.
2026-03-16 14:21:20.098 | INFO  | CID:N/A | EmailQueueProcessor ciclo: consultando pendientes en cola.
2026-03-16 14:21:20.102 | INFO  | CID:N/A | EmailQueueProcessor sin pendientes. Esperando 10s para proximo ciclo.
2026-03-16 14:21:30.107 | INFO  | CID:N/A | EmailQueueProcessor ciclo: consultando pendientes en cola.
2026-03-16 14:21:30.111 | INFO  | CID:N/A | EmailQueueProcessor sin pendientes. Esperando 10s para proximo ciclo.
2026-03-16 14:21:40.121 | INFO  | CID:N/A | EmailQueueProcessor ciclo: consultando pendientes en cola.
2026-03-16 14:21:40.125 | INFO  | CID:N/A | EmailQueueProcessor sin pendientes. Esperando 10s para proximo ciclo.
2026-03-16 15:08:22.055 | INFO  | CID:N/A | EmailQueueProcessor arrancando. ThreadId=1; Idle=10s; ErrorRetry=30s; MaxIntentos=3
2026-03-16 15:08:22.073 | INFO  | CID:N/A | Iniciando procesador de cola de correos
2026-03-16 15:08:22.120 | INFO  | CID:N/A | EmailQueueProcessor tarea de procesamiento lanzada. TaskId=2
2026-03-16 15:08:22.122 | INFO  | CID:N/A | EmailQueueProcessor loop principal iniciado.
2026-03-16 15:08:22.122 | INFO  | CID:N/A | EmailQueueProcessor ciclo: consultando pendientes en cola.
2026-03-16 15:08:24.455 | INFO  | CID:N/A | EmailQueueProcessor sin pendientes. Esperando 10s para proximo ciclo.
2026-03-16 15:08:34.461 | INFO  | CID:N/A | EmailQueueProcessor ciclo: consultando pendientes en cola.
2026-03-16 15:08:34.461 | INFO  | CID:N/A | EmailQueueProcessor sin pendientes. Esperando 10s para proximo ciclo.
2026-03-16 15:08:44.467 | INFO  | CID:N/A | EmailQueueProcessor ciclo: consultando pendientes en cola.
2026-03-16 15:08:44.467 | INFO  | CID:N/A | EmailQueueProcessor sin pendientes. Esperando 10s para proximo ciclo.
2026-03-16 15:08:54.481 | INFO  | CID:N/A | EmailQueueProcessor ciclo: consultando pendientes en cola.
2026-03-16 15:08:54.481 | INFO  | CID:N/A | EmailQueueProcessor sin pendientes. Esperando 10s para proximo ciclo.
2026-03-16 15:09:04.484 | INFO  | CID:N/A | EmailQueueProcessor ciclo: consultando pendientes en cola.
2026-03-16 15:09:04.484 | INFO  | CID:N/A | EmailQueueProcessor sin pendientes. Esperando 10s para proximo ciclo.
2026-03-16 15:09:14.493 | INFO  | CID:N/A | EmailQueueProcessor ciclo: consultando pendientes en cola.
2026-03-16 15:09:14.493 | INFO  | CID:N/A | EmailQueueProcessor sin pendientes. Esperando 10s para proximo ciclo.
2026-03-16 15:09:24.503 | INFO  | CID:N/A | EmailQueueProcessor ciclo: consultando pendientes en cola.
2026-03-16 15:09:24.505 | INFO  | CID:N/A | EmailQueueProcessor sin pendientes. Esperando 10s para proximo ciclo.
2026-03-16 15:09:34.509 | INFO  | CID:N/A | EmailQueueProcessor ciclo: consultando pendientes en cola.
2026-03-16 15:09:34.509 | INFO  | CID:N/A | EmailQueueProcessor sin pendientes. Esperando 10s para proximo ciclo.
2026-03-16 15:09:44.526 | INFO  | CID:N/A | EmailQueueProcessor ciclo: consultando pendientes en cola.
2026-03-16 15:09:44.526 | INFO  | CID:N/A | EmailQueueProcessor sin pendientes. Esperando 10s para proximo ciclo.
2026-03-16 15:09:54.526 | INFO  | CID:N/A | EmailQueueProcessor ciclo: consultando pendientes en cola.
2026-03-16 15:09:54.526 | INFO  | CID:N/A | EmailQueueProcessor sin pendientes. Esperando 10s para proximo ciclo.
2026-03-16 15:10:04.534 | INFO  | CID:N/A | EmailQueueProcessor ciclo: consultando pendientes en cola.
2026-03-16 15:10:04.534 | INFO  | CID:N/A | EmailQueueProcessor sin pendientes. Esperando 10s para proximo ciclo.
2026-03-16 15:10:14.542 | INFO  | CID:N/A | EmailQueueProcessor ciclo: consultando pendientes en cola.
2026-03-16 15:10:14.542 | INFO  | CID:N/A | EmailQueueProcessor sin pendientes. Esperando 10s para proximo ciclo.
2026-03-16 15:10:24.557 | INFO  | CID:N/A | EmailQueueProcessor ciclo: consultando pendientes en cola.
2026-03-16 15:10:24.557 | INFO  | CID:N/A | EmailQueueProcessor sin pendientes. Esperando 10s para proximo ciclo.
2026-03-16 15:10:34.567 | INFO  | CID:N/A | EmailQueueProcessor ciclo: consultando pendientes en cola.
2026-03-16 15:10:34.575 | INFO  | CID:N/A | EmailQueueProcessor sin pendientes. Esperando 10s para proximo ciclo.
2026-03-16 15:10:44.598 | INFO  | CID:N/A | EmailQueueProcessor ciclo: consultando pendientes en cola.
2026-03-16 15:10:44.602 | INFO  | CID:N/A | EmailQueueProcessor sin pendientes. Esperando 10s para proximo ciclo.
2026-03-16 15:10:54.613 | INFO  | CID:N/A | EmailQueueProcessor ciclo: consultando pendientes en cola.
2026-03-16 15:10:54.617 | INFO  | CID:N/A | EmailQueueProcessor sin pendientes. Esperando 10s para proximo ciclo.
2026-03-16 15:11:04.632 | INFO  | CID:N/A | EmailQueueProcessor ciclo: consultando pendientes en cola.
2026-03-16 15:11:04.632 | INFO  | CID:N/A | EmailQueueProcessor sin pendientes. Esperando 10s para proximo ciclo.
2026-03-16 15:11:14.646 | INFO  | CID:N/A | EmailQueueProcessor ciclo: consultando pendientes en cola.
2026-03-16 15:11:14.651 | INFO  | CID:N/A | EmailQueueProcessor sin pendientes. Esperando 10s para proximo ciclo.
2026-03-16 15:11:24.662 | INFO  | CID:N/A | EmailQueueProcessor ciclo: consultando pendientes en cola.
2026-03-16 15:11:24.662 | INFO  | CID:N/A | EmailQueueProcessor sin pendientes. Esperando 10s para proximo ciclo.
2026-03-16 15:11:34.666 | INFO  | CID:N/A | EmailQueueProcessor ciclo: consultando pendientes en cola.
2026-03-16 15:11:34.668 | INFO  | CID:N/A | EmailQueueProcessor sin pendientes. Esperando 10s para proximo ciclo.
2026-03-16 15:11:44.680 | INFO  | CID:N/A | EmailQueueProcessor ciclo: consultando pendientes en cola.
2026-03-16 15:11:44.680 | INFO  | CID:N/A | EmailQueueProcessor sin pendientes. Esperando 10s para proximo ciclo.
2026-03-16 15:11:54.694 | INFO  | CID:N/A | EmailQueueProcessor ciclo: consultando pendientes en cola.
2026-03-16 15:11:54.694 | INFO  | CID:N/A | EmailQueueProcessor sin pendientes. Esperando 10s para proximo ciclo.
2026-03-16 15:12:04.700 | INFO  | CID:N/A | EmailQueueProcessor ciclo: consultando pendientes en cola.
2026-03-16 15:12:04.700 | INFO  | CID:N/A | EmailQueueProcessor sin pendientes. Esperando 10s para proximo ciclo.
2026-03-16 15:12:14.717 | INFO  | CID:N/A | EmailQueueProcessor ciclo: consultando pendientes en cola.
2026-03-16 15:12:14.717 | INFO  | CID:N/A | EmailQueueProcessor sin pendientes. Esperando 10s para proximo ciclo.
2026-03-16 15:12:24.738 | INFO  | CID:N/A | EmailQueueProcessor ciclo: consultando pendientes en cola.
2026-03-16 15:12:24.743 | INFO  | CID:N/A | EmailQueueProcessor sin pendientes. Esperando 10s para proximo ciclo.
2026-03-16 15:12:34.757 | INFO  | CID:N/A | EmailQueueProcessor ciclo: consultando pendientes en cola.
2026-03-16 15:12:34.757 | INFO  | CID:N/A | EmailQueueProcessor sin pendientes. Esperando 10s para proximo ciclo.
2026-03-16 15:12:44.763 | INFO  | CID:N/A | EmailQueueProcessor ciclo: consultando pendientes en cola.
2026-03-16 15:12:44.763 | INFO  | CID:N/A | EmailQueueProcessor sin pendientes. Esperando 10s para proximo ciclo.
2026-03-16 15:12:54.768 | INFO  | CID:N/A | EmailQueueProcessor ciclo: consultando pendientes en cola.
2026-03-16 15:12:54.769 | INFO  | CID:N/A | EmailQueueProcessor sin pendientes. Esperando 10s para proximo ciclo.
2026-03-16 15:13:04.774 | INFO  | CID:N/A | EmailQueueProcessor ciclo: consultando pendientes en cola.
2026-03-16 15:13:04.781 | INFO  | CID:N/A | EmailQueueProcessor sin pendientes. Esperando 10s para proximo ciclo.
2026-03-16 15:13:14.793 | INFO  | CID:N/A | EmailQueueProcessor ciclo: consultando pendientes en cola.
2026-03-16 15:13:14.793 | INFO  | CID:N/A | EmailQueueProcessor sin pendientes. Esperando 10s para proximo ciclo.
2026-03-16 15:13:24.799 | INFO  | CID:N/A | EmailQueueProcessor ciclo: consultando pendientes en cola.
2026-03-16 15:13:24.804 | INFO  | CID:N/A | EmailQueueProcessor sin pendientes. Esperando 10s para proximo ciclo.
2026-03-16 15:13:34.817 | INFO  | CID:N/A | EmailQueueProcessor ciclo: consultando pendientes en cola.
2026-03-16 15:13:34.820 | INFO  | CID:N/A | EmailQueueProcessor sin pendientes. Esperando 10s para proximo ciclo.
2026-03-16 15:13:44.829 | INFO  | CID:N/A | EmailQueueProcessor ciclo: consultando pendientes en cola.
2026-03-16 15:13:44.838 | INFO  | CID:N/A | EmailQueueProcessor sin pendientes. Esperando 10s para proximo ciclo.
2026-03-16 15:13:54.843 | INFO  | CID:N/A | EmailQueueProcessor ciclo: consultando pendientes en cola.
2026-03-16 15:13:54.847 | INFO  | CID:N/A | EmailQueueProcessor sin pendientes. Esperando 10s para proximo ciclo.
2026-03-16 15:14:04.864 | INFO  | CID:N/A | EmailQueueProcessor ciclo: consultando pendientes en cola.
2026-03-16 15:14:04.869 | INFO  | CID:N/A | EmailQueueProcessor sin pendientes. Esperando 10s para proximo ciclo.
2026-03-16 15:14:14.881 | INFO  | CID:N/A | EmailQueueProcessor ciclo: consultando pendientes en cola.
2026-03-16 15:14:14.883 | INFO  | CID:N/A | EmailQueueProcessor sin pendientes. Esperando 10s para proximo ciclo.
2026-03-16 15:14:24.893 | INFO  | CID:N/A | EmailQueueProcessor ciclo: consultando pendientes en cola.
2026-03-16 15:14:24.898 | INFO  | CID:N/A | EmailQueueProcessor sin pendientes. Esperando 10s para proximo ciclo.
2026-03-16 15:14:34.924 | INFO  | CID:N/A | EmailQueueProcessor ciclo: consultando pendientes en cola.
2026-03-16 15:14:34.929 | INFO  | CID:N/A | EmailQueueProcessor sin pendientes. Esperando 10s para proximo ciclo.
2026-03-16 15:14:44.941 | INFO  | CID:N/A | EmailQueueProcessor ciclo: consultando pendientes en cola.
2026-03-16 15:14:44.946 | INFO  | CID:N/A | EmailQueueProcessor sin pendientes. Esperando 10s para proximo ciclo.
2026-03-16 15:14:54.959 | INFO  | CID:N/A | EmailQueueProcessor ciclo: consultando pendientes en cola.
2026-03-16 15:14:54.968 | INFO  | CID:N/A | EmailQueueProcessor sin pendientes. Esperando 10s para proximo ciclo.
2026-03-16 15:15:04.974 | INFO  | CID:N/A | EmailQueueProcessor ciclo: consultando pendientes en cola.
2026-03-16 15:15:04.977 | INFO  | CID:N/A | EmailQueueProcessor sin pendientes. Esperando 10s para proximo ciclo.
2026-03-16 15:15:14.980 | INFO  | CID:N/A | EmailQueueProcessor ciclo: consultando pendientes en cola.
2026-03-16 15:15:14.984 | INFO  | CID:N/A | EmailQueueProcessor sin pendientes. Esperando 10s para proximo ciclo.
2026-03-16 15:15:24.988 | INFO  | CID:N/A | EmailQueueProcessor ciclo: consultando pendientes en cola.
2026-03-16 15:15:24.993 | INFO  | CID:N/A | EmailQueueProcessor sin pendientes. Esperando 10s para proximo ciclo.
2026-03-16 15:15:35.007 | INFO  | CID:N/A | EmailQueueProcessor ciclo: consultando pendientes en cola.
2026-03-16 15:15:35.007 | INFO  | CID:N/A | EmailQueueProcessor sin pendientes. Esperando 10s para proximo ciclo.
2026-03-16 15:15:45.020 | INFO  | CID:N/A | EmailQueueProcessor ciclo: consultando pendientes en cola.
2026-03-16 15:15:45.024 | INFO  | CID:N/A | EmailQueueProcessor sin pendientes. Esperando 10s para proximo ciclo.
2026-03-16 15:39:18.286 | INFO  | CID:N/A | EmailQueueProcessor arrancando. ThreadId=1; Idle=10s; ErrorRetry=30s; MaxIntentos=3
2026-03-16 15:39:18.312 | INFO  | CID:N/A | Iniciando procesador de cola de correos
2026-03-16 15:39:18.330 | INFO  | CID:N/A | EmailQueueProcessor tarea de procesamiento lanzada. TaskId=2
2026-03-16 15:39:18.334 | INFO  | CID:N/A | EmailQueueProcessor loop principal iniciado.
2026-03-16 15:39:18.335 | INFO  | CID:N/A | EmailQueueProcessor ciclo: consultando pendientes en cola.
2026-03-16 15:39:19.338 | INFO  | CID:N/A | EmailQueueProcessor sin pendientes. Esperando 10s para proximo ciclo.
2026-03-16 15:39:29.345 | INFO  | CID:N/A | EmailQueueProcessor ciclo: consultando pendientes en cola.
2026-03-16 15:39:29.345 | INFO  | CID:N/A | EmailQueueProcessor sin pendientes. Esperando 10s para proximo ciclo.
2026-03-16 15:39:39.355 | INFO  | CID:N/A | EmailQueueProcessor ciclo: consultando pendientes en cola.
2026-03-16 15:39:39.360 | INFO  | CID:N/A | EmailQueueProcessor sin pendientes. Esperando 10s para proximo ciclo.
2026-03-16 15:39:40.497 | INFO  | CID:485e5d7e913a | Account/Login | Iniciando acción: Account/Login
2026-03-16 15:39:41.343 | INFO  | CID:485e5d7e913a | Account/Login | Acción completada: Account/Login
2026-03-16 15:39:49.379 | INFO  | CID:N/A | EmailQueueProcessor ciclo: consultando pendientes en cola.
2026-03-16 15:39:49.379 | INFO  | CID:N/A | EmailQueueProcessor sin pendientes. Esperando 10s para proximo ciclo.
2026-03-16 15:39:59.397 | INFO  | CID:N/A | EmailQueueProcessor ciclo: consultando pendientes en cola.
2026-03-16 15:39:59.402 | INFO  | CID:N/A | EmailQueueProcessor sin pendientes. Esperando 10s para proximo ciclo.
2026-03-16 15:40:09.411 | INFO  | CID:N/A | EmailQueueProcessor ciclo: consultando pendientes en cola.
2026-03-16 15:40:10.899 | INFO  | CID:N/A | EmailQueueProcessor sin pendientes. Esperando 10s para proximo ciclo.
2026-03-16 15:40:19.213 | INFO  | CID:73365e0d06ba | USR:USU_ADMIN | Financiero/AprobarYEnviarAS400 | Iniciando acción: Financiero/AprobarYEnviarAS400
2026-03-16 15:40:19.677 | INFO  | CID:73365e0d06ba | USR:USU_ADMIN | Financiero/AprobarYEnviarAS400 | Acción completada: Financiero/AprobarYEnviarAS400
2026-03-16 15:40:20.921 | INFO  | CID:N/A | EmailQueueProcessor ciclo: consultando pendientes en cola.
2026-03-16 15:40:20.921 | INFO  | CID:N/A | EmailQueueProcessor sin pendientes. Esperando 10s para proximo ciclo.
2026-03-16 15:40:25.679 | INFO  | CID:cdbaf8c5d705 | USR:USU_ADMIN | Financiero/AprobarYEnviarAS400 | Iniciando acción: Financiero/AprobarYEnviarAS400
2026-03-16 15:40:25.978 | INFO  | CID:cdbaf8c5d705 | USR:USU_ADMIN | Financiero/AprobarYEnviarAS400 | Acción completada: Financiero/AprobarYEnviarAS400
2026-03-16 15:40:30.927 | INFO  | CID:N/A | EmailQueueProcessor ciclo: consultando pendientes en cola.
2026-03-16 15:40:30.931 | INFO  | CID:N/A | EmailQueueProcessor sin pendientes. Esperando 10s para proximo ciclo.
2026-03-16 15:40:40.942 | INFO  | CID:N/A | EmailQueueProcessor ciclo: consultando pendientes en cola.
2026-03-16 15:40:40.952 | INFO  | CID:N/A | EmailQueueProcessor sin pendientes. Esperando 10s para proximo ciclo.
2026-03-16 15:40:50.964 | INFO  | CID:N/A | EmailQueueProcessor ciclo: consultando pendientes en cola.
2026-03-16 15:40:50.972 | INFO  | CID:N/A | EmailQueueProcessor sin pendientes. Esperando 10s para proximo ciclo.
2026-03-16 15:41:00.981 | INFO  | CID:N/A | EmailQueueProcessor ciclo: consultando pendientes en cola.
2026-03-16 15:41:00.981 | INFO  | CID:N/A | EmailQueueProcessor sin pendientes. Esperando 10s para proximo ciclo.
2026-03-16 15:41:10.987 | INFO  | CID:N/A | EmailQueueProcessor ciclo: consultando pendientes en cola.
2026-03-16 15:41:10.989 | INFO  | CID:N/A | EmailQueueProcessor sin pendientes. Esperando 10s para proximo ciclo.
2026-03-16 15:41:21.008 | INFO  | CID:N/A | EmailQueueProcessor ciclo: consultando pendientes en cola.
2026-03-16 15:41:21.008 | INFO  | CID:N/A | EmailQueueProcessor sin pendientes. Esperando 10s para proximo ciclo.
2026-03-16 15:41:31.012 | INFO  | CID:N/A | EmailQueueProcessor ciclo: consultando pendientes en cola.
2026-03-16 15:41:31.015 | INFO  | CID:N/A | EmailQueueProcessor sin pendientes. Esperando 10s para proximo ciclo.
2026-03-16 15:41:41.031 | INFO  | CID:N/A | EmailQueueProcessor ciclo: consultando pendientes en cola.
2026-03-16 15:41:41.036 | INFO  | CID:N/A | EmailQueueProcessor sin pendientes. Esperando 10s para proximo ciclo.
2026-03-16 15:41:51.049 | INFO  | CID:N/A | EmailQueueProcessor ciclo: consultando pendientes en cola.
2026-03-16 15:41:51.053 | INFO  | CID:N/A | EmailQueueProcessor sin pendientes. Esperando 10s para proximo ciclo.
2026-03-16 15:42:01.083 | INFO  | CID:N/A | EmailQueueProcessor ciclo: consultando pendientes en cola.
2026-03-16 15:42:01.088 | INFO  | CID:N/A | EmailQueueProcessor sin pendientes. Esperando 10s para proximo ciclo.
2026-03-16 15:42:11.098 | INFO  | CID:N/A | EmailQueueProcessor ciclo: consultando pendientes en cola.
2026-03-16 15:42:11.102 | INFO  | CID:N/A | EmailQueueProcessor sin pendientes. Esperando 10s para proximo ciclo.
2026-03-16 15:42:21.131 | INFO  | CID:N/A | EmailQueueProcessor ciclo: consultando pendientes en cola.
2026-03-16 15:42:21.136 | INFO  | CID:N/A | EmailQueueProcessor sin pendientes. Esperando 10s para proximo ciclo.
2026-03-16 15:42:31.150 | INFO  | CID:N/A | EmailQueueProcessor ciclo: consultando pendientes en cola.
2026-03-16 15:42:31.154 | INFO  | CID:N/A | EmailQueueProcessor sin pendientes. Esperando 10s para proximo ciclo.
2026-03-16 15:42:41.161 | INFO  | CID:N/A | EmailQueueProcessor ciclo: consultando pendientes en cola.
2026-03-16 15:42:41.166 | INFO  | CID:N/A | EmailQueueProcessor sin pendientes. Esperando 10s para proximo ciclo.
2026-03-16 15:42:51.180 | INFO  | CID:N/A | EmailQueueProcessor ciclo: consultando pendientes en cola.
2026-03-16 15:42:51.190 | INFO  | CID:N/A | EmailQueueProcessor sin pendientes. Esperando 10s para proximo ciclo.
2026-03-16 15:43:01.210 | INFO  | CID:N/A | EmailQueueProcessor ciclo: consultando pendientes en cola.
2026-03-16 15:43:01.214 | INFO  | CID:N/A | EmailQueueProcessor sin pendientes. Esperando 10s para proximo ciclo.
2026-03-16 15:43:11.227 | INFO  | CID:N/A | EmailQueueProcessor ciclo: consultando pendientes en cola.
2026-03-16 15:43:11.232 | INFO  | CID:N/A | EmailQueueProcessor sin pendientes. Esperando 10s para proximo ciclo.
2026-03-16 15:43:21.241 | INFO  | CID:N/A | EmailQueueProcessor ciclo: consultando pendientes en cola.
2026-03-16 15:43:21.243 | INFO  | CID:N/A | EmailQueueProcessor sin pendientes. Esperando 10s para proximo ciclo.
2026-03-16 15:43:31.258 | INFO  | CID:N/A | EmailQueueProcessor ciclo: consultando pendientes en cola.
2026-03-16 15:43:31.267 | INFO  | CID:N/A | EmailQueueProcessor sin pendientes. Esperando 10s para proximo ciclo.
2026-03-16 15:43:41.285 | INFO  | CID:N/A | EmailQueueProcessor ciclo: consultando pendientes en cola.
2026-03-16 15:43:41.291 | INFO  | CID:N/A | EmailQueueProcessor sin pendientes. Esperando 10s para proximo ciclo.
2026-03-16 15:43:51.305 | INFO  | CID:N/A | EmailQueueProcessor ciclo: consultando pendientes en cola.
2026-03-16 15:43:51.312 | INFO  | CID:N/A | EmailQueueProcessor sin pendientes. Esperando 10s para proximo ciclo.
2026-03-16 15:44:01.320 | INFO  | CID:N/A | EmailQueueProcessor ciclo: consultando pendientes en cola.
2026-03-16 15:44:01.324 | INFO  | CID:N/A | EmailQueueProcessor sin pendientes. Esperando 10s para proximo ciclo.
2026-03-16 15:44:11.329 | INFO  | CID:N/A | EmailQueueProcessor ciclo: consultando pendientes en cola.
2026-03-16 15:44:11.332 | INFO  | CID:N/A | EmailQueueProcessor sin pendientes. Esperando 10s para proximo ciclo.
2026-03-16 15:44:21.338 | INFO  | CID:N/A | EmailQueueProcessor ciclo: consultando pendientes en cola.
2026-03-16 15:44:21.347 | INFO  | CID:N/A | EmailQueueProcessor sin pendientes. Esperando 10s para proximo ciclo.
2026-03-16 15:44:31.353 | INFO  | CID:N/A | EmailQueueProcessor ciclo: consultando pendientes en cola.
2026-03-16 15:44:31.353 | INFO  | CID:N/A | EmailQueueProcessor sin pendientes. Esperando 10s para proximo ciclo.
2026-03-16 15:44:41.380 | INFO  | CID:N/A | EmailQueueProcessor ciclo: consultando pendientes en cola.
2026-03-16 15:44:41.382 | INFO  | CID:N/A | EmailQueueProcessor sin pendientes. Esperando 10s para proximo ciclo.
2026-03-16 15:44:51.394 | INFO  | CID:N/A | EmailQueueProcessor ciclo: consultando pendientes en cola.
2026-03-16 15:44:51.405 | INFO  | CID:N/A | EmailQueueProcessor sin pendientes. Esperando 10s para proximo ciclo.
2026-03-16 15:45:01.412 | INFO  | CID:N/A | EmailQueueProcessor ciclo: consultando pendientes en cola.
2026-03-16 15:45:01.419 | INFO  | CID:N/A | EmailQueueProcessor sin pendientes. Esperando 10s para proximo ciclo.
2026-03-16 15:45:11.427 | INFO  | CID:N/A | EmailQueueProcessor ciclo: consultando pendientes en cola.
2026-03-16 15:45:11.431 | INFO  | CID:N/A | EmailQueueProcessor sin pendientes. Esperando 10s para proximo ciclo.
2026-03-16 15:45:12.280 | INFO  | CID:N/A | Deteniendo procesador de cola de correos
2026-03-16 15:45:12.282 | INFO  | CID:N/A | EmailQueueProcessor iniciando shutdown. TokenCancelado=False
2026-03-16 15:45:12.362 | INFO  | CID:N/A | EmailQueueProcessor loop cancelado por token de cancelacion.
2026-03-16 15:45:12.364 | INFO  | CID:N/A | EmailQueueProcessor loop principal finalizado.
2026-03-16 15:45:12.367 | INFO  | CID:N/A | EmailQueueProcessor tarea de procesamiento terminada correctamente.
2026-03-16 15:45:12.369 | WARN  | CID:N/A | EmailQueueProcessor.Stop() ignorado: procesador ya detenido (doble Stop prevenido).
2026-03-16 15:45:22.595 | INFO  | CID:N/A | EmailQueueProcessor arrancando. ThreadId=34; Idle=10s; ErrorRetry=30s; MaxIntentos=3
2026-03-16 15:45:22.610 | INFO  | CID:N/A | Iniciando procesador de cola de correos
2026-03-16 15:45:22.620 | INFO  | CID:N/A | EmailQueueProcessor tarea de procesamiento lanzada. TaskId=2
2026-03-16 15:45:22.624 | INFO  | CID:N/A | EmailQueueProcessor loop principal iniciado.
2026-03-16 15:45:22.626 | INFO  | CID:N/A | EmailQueueProcessor ciclo: consultando pendientes en cola.
2026-03-16 15:45:23.369 | INFO  | CID:N/A | EmailQueueProcessor sin pendientes. Esperando 10s para proximo ciclo.
2026-03-16 15:45:33.391 | INFO  | CID:N/A | EmailQueueProcessor ciclo: consultando pendientes en cola.
2026-03-16 15:45:33.395 | INFO  | CID:N/A | EmailQueueProcessor sin pendientes. Esperando 10s para proximo ciclo.
2026-03-16 15:45:43.408 | INFO  | CID:N/A | EmailQueueProcessor ciclo: consultando pendientes en cola.
2026-03-16 15:45:43.409 | INFO  | CID:N/A | EmailQueueProcessor sin pendientes. Esperando 10s para proximo ciclo.
2026-03-16 15:45:53.415 | INFO  | CID:N/A | EmailQueueProcessor ciclo: consultando pendientes en cola.
2026-03-16 15:45:53.418 | INFO  | CID:N/A | EmailQueueProcessor sin pendientes. Esperando 10s para proximo ciclo.
2026-03-16 15:46:03.421 | INFO  | CID:N/A | EmailQueueProcessor ciclo: consultando pendientes en cola.
2026-03-16 15:46:03.425 | INFO  | CID:N/A | EmailQueueProcessor sin pendientes. Esperando 10s para proximo ciclo.
2026-03-16 15:46:13.442 | INFO  | CID:N/A | EmailQueueProcessor ciclo: consultando pendientes en cola.
2026-03-16 15:46:13.447 | INFO  | CID:N/A | EmailQueueProcessor sin pendientes. Esperando 10s para proximo ciclo.
2026-03-16 15:46:23.455 | INFO  | CID:N/A | EmailQueueProcessor ciclo: consultando pendientes en cola.
2026-03-16 15:46:23.455 | INFO  | CID:N/A | EmailQueueProcessor sin pendientes. Esperando 10s para proximo ciclo.
2026-03-16 15:46:33.459 | INFO  | CID:N/A | EmailQueueProcessor ciclo: consultando pendientes en cola.
2026-03-16 15:46:33.468 | INFO  | CID:N/A | EmailQueueProcessor sin pendientes. Esperando 10s para proximo ciclo.
2026-03-16 15:46:43.484 | INFO  | CID:N/A | EmailQueueProcessor ciclo: consultando pendientes en cola.
2026-03-16 15:46:43.489 | INFO  | CID:N/A | EmailQueueProcessor sin pendientes. Esperando 10s para proximo ciclo.
2026-03-16 15:46:53.498 | INFO  | CID:N/A | EmailQueueProcessor ciclo: consultando pendientes en cola.
2026-03-16 15:46:53.501 | INFO  | CID:N/A | EmailQueueProcessor sin pendientes. Esperando 10s para proximo ciclo.
2026-03-16 15:47:03.517 | INFO  | CID:N/A | EmailQueueProcessor ciclo: consultando pendientes en cola.
2026-03-16 15:47:03.521 | INFO  | CID:N/A | EmailQueueProcessor sin pendientes. Esperando 10s para proximo ciclo.
2026-03-16 15:47:13.544 | INFO  | CID:N/A | EmailQueueProcessor ciclo: consultando pendientes en cola.
2026-03-16 15:47:13.548 | INFO  | CID:N/A | EmailQueueProcessor sin pendientes. Esperando 10s para proximo ciclo.
2026-03-16 15:47:23.561 | INFO  | CID:N/A | EmailQueueProcessor ciclo: consultando pendientes en cola.
2026-03-16 15:47:23.565 | INFO  | CID:N/A | EmailQueueProcessor sin pendientes. Esperando 10s para proximo ciclo.
2026-03-16 15:47:33.576 | INFO  | CID:N/A | EmailQueueProcessor ciclo: consultando pendientes en cola.
2026-03-16 15:47:33.580 | INFO  | CID:N/A | EmailQueueProcessor sin pendientes. Esperando 10s para proximo ciclo.
2026-03-16 15:47:43.586 | INFO  | CID:N/A | EmailQueueProcessor ciclo: consultando pendientes en cola.
2026-03-16 15:47:43.590 | INFO  | CID:N/A | EmailQueueProcessor sin pendientes. Esperando 10s para proximo ciclo.
2026-03-16 15:47:53.595 | INFO  | CID:N/A | EmailQueueProcessor ciclo: consultando pendientes en cola.
2026-03-16 15:47:53.595 | INFO  | CID:N/A | EmailQueueProcessor sin pendientes. Esperando 10s para proximo ciclo.
2026-03-16 15:48:03.606 | INFO  | CID:N/A | EmailQueueProcessor ciclo: consultando pendientes en cola.
2026-03-16 15:48:03.611 | INFO  | CID:N/A | EmailQueueProcessor sin pendientes. Esperando 10s para proximo ciclo.
2026-03-16 15:48:13.618 | INFO  | CID:N/A | EmailQueueProcessor ciclo: consultando pendientes en cola.
2026-03-16 15:48:13.618 | INFO  | CID:N/A | EmailQueueProcessor sin pendientes. Esperando 10s para proximo ciclo.
2026-03-16 15:48:33.407 | INFO  | CID:N/A | EmailQueueProcessor arrancando. ThreadId=1; Idle=10s; ErrorRetry=30s; MaxIntentos=3
2026-03-16 15:48:33.418 | INFO  | CID:N/A | Iniciando procesador de cola de correos
2026-03-16 15:48:33.431 | INFO  | CID:N/A | EmailQueueProcessor tarea de procesamiento lanzada. TaskId=2
2026-03-16 15:48:33.436 | INFO  | CID:N/A | EmailQueueProcessor loop principal iniciado.
2026-03-16 15:48:33.436 | INFO  | CID:N/A | EmailQueueProcessor ciclo: consultando pendientes en cola.
2026-03-16 15:48:34.812 | INFO  | CID:N/A | EmailQueueProcessor sin pendientes. Esperando 10s para proximo ciclo.
2026-03-16 15:48:44.817 | INFO  | CID:N/A | EmailQueueProcessor ciclo: consultando pendientes en cola.
2026-03-16 15:48:44.822 | INFO  | CID:N/A | EmailQueueProcessor sin pendientes. Esperando 10s para proximo ciclo.
2026-03-16 15:48:54.836 | INFO  | CID:N/A | EmailQueueProcessor ciclo: consultando pendientes en cola.
2026-03-16 15:48:54.836 | INFO  | CID:N/A | EmailQueueProcessor sin pendientes. Esperando 10s para proximo ciclo.
2026-03-16 15:49:04.839 | INFO  | CID:N/A | EmailQueueProcessor ciclo: consultando pendientes en cola.
2026-03-16 15:49:04.839 | INFO  | CID:N/A | EmailQueueProcessor sin pendientes. Esperando 10s para proximo ciclo.
2026-03-16 15:49:14.858 | INFO  | CID:N/A | EmailQueueProcessor ciclo: consultando pendientes en cola.
2026-03-16 15:49:14.858 | INFO  | CID:N/A | EmailQueueProcessor sin pendientes. Esperando 10s para proximo ciclo.
2026-03-16 15:49:24.864 | INFO  | CID:N/A | EmailQueueProcessor ciclo: consultando pendientes en cola.
2026-03-16 15:49:24.864 | INFO  | CID:N/A | EmailQueueProcessor sin pendientes. Esperando 10s para proximo ciclo.
2026-03-16 15:49:25.206 | INFO  | CID:6a8f10498825 | Account/Login | Iniciando acción: Account/Login
2026-03-16 15:49:25.916 | INFO  | CID:6a8f10498825 | Account/Login | Acción completada: Account/Login
2026-03-16 15:49:34.867 | INFO  | CID:N/A | EmailQueueProcessor ciclo: consultando pendientes en cola.
2026-03-16 15:49:34.867 | INFO  | CID:N/A | EmailQueueProcessor sin pendientes. Esperando 10s para proximo ciclo.
2026-03-16 15:49:44.876 | INFO  | CID:N/A | EmailQueueProcessor ciclo: consultando pendientes en cola.
2026-03-16 15:49:45.127 | INFO  | CID:N/A | EmailQueueProcessor sin pendientes. Esperando 10s para proximo ciclo.
2026-03-16 15:49:55.142 | INFO  | CID:N/A | EmailQueueProcessor ciclo: consultando pendientes en cola.
2026-03-16 15:49:55.146 | INFO  | CID:N/A | EmailQueueProcessor sin pendientes. Esperando 10s para proximo ciclo.
2026-03-16 15:50:05.155 | INFO  | CID:N/A | EmailQueueProcessor ciclo: consultando pendientes en cola.
2026-03-16 15:50:05.155 | INFO  | CID:N/A | EmailQueueProcessor sin pendientes. Esperando 10s para proximo ciclo.
2026-03-16 15:50:14.174 | INFO  | CID:ea8857fbd31e | USR:USU_ADMIN | Financiero/AprobarYEnviarAS400 | Iniciando acción: Financiero/AprobarYEnviarAS400
2026-03-16 15:50:14.391 | INFO  | CID:ea8857fbd31e | USR:USU_ADMIN | Financiero/AprobarYEnviarAS400 | Acción completada: Financiero/AprobarYEnviarAS400
2026-03-16 15:50:15.157 | INFO  | CID:N/A | EmailQueueProcessor ciclo: consultando pendientes en cola.
2026-03-16 15:50:15.161 | INFO  | CID:N/A | EmailQueueProcessor sin pendientes. Esperando 10s para proximo ciclo.
2026-03-16 15:50:20.520 | INFO  | CID:a250a772104b | USR:USU_ADMIN | Financiero/AprobarYEnviarAS400 | Iniciando acción: Financiero/AprobarYEnviarAS400
2026-03-16 15:50:21.040 | INFO  | CID:a250a772104b | USR:USU_ADMIN | Financiero/AprobarYEnviarAS400 | Acción completada: Financiero/AprobarYEnviarAS400
2026-03-16 15:50:25.166 | INFO  | CID:N/A | EmailQueueProcessor ciclo: consultando pendientes en cola.
2026-03-16 15:50:25.166 | INFO  | CID:N/A | EmailQueueProcessor sin pendientes. Esperando 10s para proximo ciclo.
2026-03-16 15:50:35.182 | INFO  | CID:N/A | EmailQueueProcessor ciclo: consultando pendientes en cola.
2026-03-16 15:50:35.182 | INFO  | CID:N/A | EmailQueueProcessor sin pendientes. Esperando 10s para proximo ciclo.
2026-03-16 15:50:45.189 | INFO  | CID:N/A | EmailQueueProcessor ciclo: consultando pendientes en cola.
2026-03-16 15:50:45.189 | INFO  | CID:N/A | EmailQueueProcessor sin pendientes. Esperando 10s para proximo ciclo.
2026-03-16 15:50:54.504 | INFO  | CID:9b7b214c43c5 | USR:USU_ADMIN | Financiero/AprobarYEnviarAS400 | Iniciando acción: Financiero/AprobarYEnviarAS400
2026-03-16 15:50:54.837 | INFO  | CID:9b7b214c43c5 | USR:USU_ADMIN | Financiero/AprobarYEnviarAS400 | Acción completada: Financiero/AprobarYEnviarAS400
2026-03-16 15:50:55.197 | INFO  | CID:N/A | EmailQueueProcessor ciclo: consultando pendientes en cola.
2026-03-16 15:50:55.197 | INFO  | CID:N/A | EmailQueueProcessor sin pendientes. Esperando 10s para proximo ciclo.
2026-03-16 15:51:05.199 | INFO  | CID:N/A | EmailQueueProcessor ciclo: consultando pendientes en cola.
2026-03-16 15:51:05.203 | INFO  | CID:N/A | EmailQueueProcessor sin pendientes. Esperando 10s para proximo ciclo.
