2026-03-31 08:48:58.399 | INFO  | CID:N/A | Iniciando procesador de cola de correos
2026-03-31 08:49:25.046 | INFO  | CID:08ecb225b786 | Account/Login | Iniciando acción: Account/Login
2026-03-31 08:49:25.736 | INFO  | CID:08ecb225b786 | Account/Login | Acción completada: Account/Login
2026-03-31 08:50:42.081 | INFO  | CID:b00ed76fd74f | USR:USU_ADMIN | SolicitudAOCR/Legalizar | Iniciando acción: SolicitudAOCR/Legalizar
2026-03-31 08:50:42.092 | INFO  | CID:b00ed76fd74f | USR:USU_ADMIN | SolicitudAOCR/Legalizar | Acción completada: SolicitudAOCR/Legalizar
2026-03-31 08:51:10.078 | INFO  | CID:b3a06c6d832e | USR:USU_ADMIN | SolicitudAOCR/Legalizar | Iniciando acción: SolicitudAOCR/Legalizar
2026-03-31 08:51:10.089 | INFO  | CID:b3a06c6d832e | USR:USU_ADMIN | SolicitudAOCR/Legalizar | Acción completada: SolicitudAOCR/Legalizar
2026-03-31 08:52:14.241 | INFO  | CID:37146fff5437 | USR:USU_ADMIN | SolicitudAOCR/Legalizar | Iniciando acción: SolicitudAOCR/Legalizar
2026-03-31 08:52:14.246 | INFO  | CID:37146fff5437 | USR:USU_ADMIN | SolicitudAOCR/Legalizar | Acción completada: SolicitudAOCR/Legalizar
2026-03-31 08:53:32.001 | INFO  | CID:N/A | USR:USU_ADMIN | Inspeccion/PendientesFirmaDirdac | AuditTrailService: Tabla aocr_audit_trail verificada/creada.
2026-03-31 08:54:48.219 | INFO  | CID:7975109c8db7 | USR:USU_ADMIN | Inspeccion/Detalle | [GestionInspeccion] Inicio Detalle. InspeccionId=15, Usuario=USU_ADMIN, Rol=Administrador,Inspector,JefaturaTecnica,Direccion,CoordinacionLegal
2026-03-31 08:54:48.228 | INFO  | CID:7975109c8db7 | USR:USU_ADMIN | Inspeccion/Detalle | [GestionInspeccion] InspeccionId=15, SolicitudId=111, EstadoActual=VERIFICACION_SOLICITUD, InspectorAsignado=17
2026-03-31 08:54:48.230 | INFO  | CID:7975109c8db7 | USR:USU_ADMIN | Inspeccion/Detalle | [GestionInspeccion] PuedeGestionar=True para detalle. InspeccionId=15
2026-03-31 08:54:49.508 | INFO  | CID:7975109c8db7 | USR:USU_ADMIN | Inspeccion/Detalle | [InspectoresDAO-DB2] Query obtener por cedula: SELECT TRIM(OPICED) AS OPICED, TRIM(OPINO2) AS OPINO2, TRIM(OPIES1) AS OPIES1, TRIM(OPITIP) AS OPITIP FROM DGACDAT.OPIAR2 WHERE OPICED = ? AND UPPER(TRIM(COALESCE(OPIES1, ''))) = ? FETCH FIRST 1 ROW ONLY
2026-03-31 08:54:49.508 | INFO  | CID:7975109c8db7 | USR:USU_ADMIN | Inspeccion/Detalle | [InspectoresDAO-DB2] Parametros => cedula=17, soloActivos=True, tipos=TODOS
2026-03-31 08:54:49.574 | WARN  | CID:7975109c8db7 | USR:USU_ADMIN | Inspeccion/Detalle | [InspectoresDAO-DB2] Inspector no encontrado para cedula=17, soloActivos=True
2026-03-31 08:54:49.574 | INFO  | CID:7975109c8db7 | USR:USU_ADMIN | Inspeccion/Detalle | [InspectoresDAO-DB2] Query obtener por cedula: SELECT TRIM(OPICED) AS OPICED, TRIM(OPINO2) AS OPINO2, TRIM(OPIES1) AS OPIES1, TRIM(OPITIP) AS OPITIP FROM DGACDAT.OPIAR2 WHERE OPICED = ? AND UPPER(TRIM(COALESCE(OPIES1, ''))) = ? FETCH FIRST 1 ROW ONLY
2026-03-31 08:54:49.574 | INFO  | CID:7975109c8db7 | USR:USU_ADMIN | Inspeccion/Detalle | [InspectoresDAO-DB2] Parametros => cedula=0000000017, soloActivos=True, tipos=TODOS
2026-03-31 08:54:49.590 | WARN  | CID:7975109c8db7 | USR:USU_ADMIN | Inspeccion/Detalle | [InspectoresDAO-DB2] Inspector no encontrado para cedula=0000000017, soloActivos=True
2026-03-31 08:54:49.590 | INFO  | CID:7975109c8db7 | USR:USU_ADMIN | Inspeccion/Detalle | [InspectoresDAO-DB2] Query obtener por cedula: SELECT TRIM(OPICED) AS OPICED, TRIM(OPINO2) AS OPINO2, TRIM(OPIES1) AS OPIES1, TRIM(OPITIP) AS OPITIP FROM DGACDAT.OPIAR2 WHERE OPICED = ? FETCH FIRST 1 ROW ONLY
2026-03-31 08:54:49.590 | INFO  | CID:7975109c8db7 | USR:USU_ADMIN | Inspeccion/Detalle | [InspectoresDAO-DB2] Parametros => cedula=17, soloActivos=False, tipos=TODOS
2026-03-31 08:54:49.604 | WARN  | CID:7975109c8db7 | USR:USU_ADMIN | Inspeccion/Detalle | [InspectoresDAO-DB2] Inspector no encontrado para cedula=17, soloActivos=False
2026-03-31 08:54:49.604 | INFO  | CID:7975109c8db7 | USR:USU_ADMIN | Inspeccion/Detalle | [InspectoresDAO-DB2] Query obtener por cedula: SELECT TRIM(OPICED) AS OPICED, TRIM(OPINO2) AS OPINO2, TRIM(OPIES1) AS OPIES1, TRIM(OPITIP) AS OPITIP FROM DGACDAT.OPIAR2 WHERE OPICED = ? FETCH FIRST 1 ROW ONLY
2026-03-31 08:54:49.605 | INFO  | CID:7975109c8db7 | USR:USU_ADMIN | Inspeccion/Detalle | [InspectoresDAO-DB2] Parametros => cedula=0000000017, soloActivos=False, tipos=TODOS
2026-03-31 08:54:49.608 | WARN  | CID:7975109c8db7 | USR:USU_ADMIN | Inspeccion/Detalle | [InspectoresDAO-DB2] Inspector no encontrado para cedula=0000000017, soloActivos=False
2026-03-31 08:54:49.610 | INFO  | CID:7975109c8db7 | USR:USU_ADMIN | Inspeccion/Detalle | [InspectoresDAO-DB2] Query obtener por cedula: SELECT TRIM(OPICED) AS OPICED, TRIM(OPINO2) AS OPINO2, TRIM(OPIES1) AS OPIES1, TRIM(OPITIP) AS OPITIP FROM DGACDAT.OPIAR2 WHERE OPICED = ? AND UPPER(TRIM(COALESCE(OPIES1, ''))) = ? FETCH FIRST 1 ROW ONLY
2026-03-31 08:54:49.611 | INFO  | CID:7975109c8db7 | USR:USU_ADMIN | Inspeccion/Detalle | [InspectoresDAO-DB2] Parametros => cedula=17, soloActivos=True, tipos=TODOS
2026-03-31 08:54:49.612 | WARN  | CID:7975109c8db7 | USR:USU_ADMIN | Inspeccion/Detalle | [InspectoresDAO-DB2] Inspector no encontrado para cedula=17, soloActivos=True
2026-03-31 08:54:49.613 | INFO  | CID:7975109c8db7 | USR:USU_ADMIN | Inspeccion/Detalle | [InspectoresDAO-DB2] Query obtener por cedula: SELECT TRIM(OPICED) AS OPICED, TRIM(OPINO2) AS OPINO2, TRIM(OPIES1) AS OPIES1, TRIM(OPITIP) AS OPITIP FROM DGACDAT.OPIAR2 WHERE OPICED = ? AND UPPER(TRIM(COALESCE(OPIES1, ''))) = ? FETCH FIRST 1 ROW ONLY
2026-03-31 08:54:49.613 | INFO  | CID:7975109c8db7 | USR:USU_ADMIN | Inspeccion/Detalle | [InspectoresDAO-DB2] Parametros => cedula=0000000017, soloActivos=True, tipos=TODOS
2026-03-31 08:54:49.615 | WARN  | CID:7975109c8db7 | USR:USU_ADMIN | Inspeccion/Detalle | [InspectoresDAO-DB2] Inspector no encontrado para cedula=0000000017, soloActivos=True
2026-03-31 08:54:49.616 | INFO  | CID:7975109c8db7 | USR:USU_ADMIN | Inspeccion/Detalle | [InspectoresDAO-DB2] Query obtener por cedula: SELECT TRIM(OPICED) AS OPICED, TRIM(OPINO2) AS OPINO2, TRIM(OPIES1) AS OPIES1, TRIM(OPITIP) AS OPITIP FROM DGACDAT.OPIAR2 WHERE OPICED = ? FETCH FIRST 1 ROW ONLY
2026-03-31 08:54:49.616 | INFO  | CID:7975109c8db7 | USR:USU_ADMIN | Inspeccion/Detalle | [InspectoresDAO-DB2] Parametros => cedula=17, soloActivos=False, tipos=TODOS
2026-03-31 08:54:49.618 | WARN  | CID:7975109c8db7 | USR:USU_ADMIN | Inspeccion/Detalle | [InspectoresDAO-DB2] Inspector no encontrado para cedula=17, soloActivos=False
2026-03-31 08:54:49.618 | INFO  | CID:7975109c8db7 | USR:USU_ADMIN | Inspeccion/Detalle | [InspectoresDAO-DB2] Query obtener por cedula: SELECT TRIM(OPICED) AS OPICED, TRIM(OPINO2) AS OPINO2, TRIM(OPIES1) AS OPIES1, TRIM(OPITIP) AS OPITIP FROM DGACDAT.OPIAR2 WHERE OPICED = ? FETCH FIRST 1 ROW ONLY
2026-03-31 08:54:49.619 | INFO  | CID:7975109c8db7 | USR:USU_ADMIN | Inspeccion/Detalle | [InspectoresDAO-DB2] Parametros => cedula=0000000017, soloActivos=False, tipos=TODOS
2026-03-31 08:54:49.620 | WARN  | CID:7975109c8db7 | USR:USU_ADMIN | Inspeccion/Detalle | [InspectoresDAO-DB2] Inspector no encontrado para cedula=0000000017, soloActivos=False
2026-03-31 08:54:49.621 | INFO  | CID:7975109c8db7 | USR:USU_ADMIN | Inspeccion/Detalle | [GestionInspeccion] Detalle inspectores enriquecidos. InspeccionId=15, PrincipalCedula=17, PrincipalNombre=17, PrincipalTipo=, ApoyoCedula=, ApoyoNombre=, ApoyoTipo=
2026-03-31 08:55:13.811 | INFO  | CID:f91bab7515cf | USR:USU_ADMIN | Inspeccion/FirmarInformeDirdac | Iniciando acción: Inspeccion/FirmarInformeDirdac
2026-03-31 08:55:13.845 | INFO  | CID:f91bab7515cf | USR:USU_ADMIN | Inspeccion/FirmarInformeDirdac | [GestionInspeccion] Inicio firma digital. InspeccionId=15, RolFirma=DIRDAC, InformeId=11, VersionInforme=1, RutaFuente=C:\AOCR\AOCR\AOCR05-01-2026\AOCR1\AOCR\CapaPresentacion\App_Data\Uploads\Inspecciones\InformesTecnicos\Firmados\InformeTecnico_15_v1_inspector_20260330085023.pdf, PdfBytes=202586, CertificadoBytes=8787, Usuario=USU_ADMIN
2026-03-31 08:55:14.848 | INFO  | CID:f91bab7515cf | USR:USU_ADMIN | Inspeccion/FirmarInformeDirdac | [GestionInspeccion] Firma digital generada. InspeccionId=15, RolFirma=DIRDAC, InformeId=11, Hash=AB698451634B9314E2F90ED8D6370D71D3456611A1857CE7004D8D616BDE30E0, PdfFirmadoBytes=221650
2026-03-31 08:55:14.850 | INFO  | CID:f91bab7515cf | USR:USU_ADMIN | Inspeccion/FirmarInformeDirdac | [GestionInspeccion] Persistiendo firma digital. InspeccionId=15, RolFirma=DIRDAC, InformeId=11, RutaFirmada=/App_Data/Uploads/Inspecciones/InformesTecnicos/Firmados/InformeTecnico_15_v1_dirdac_20260331085514.pdf, EstadoAnterior=ENVIADO_A_DIRDAC, EstadoFinal=FIRMADO_FINAL, UsuarioId=0
2026-03-31 08:55:14.867 | INFO  | CID:f91bab7515cf | USR:USU_ADMIN | Inspeccion/FirmarInformeDirdac | [GestionInspeccion] Firma digital persistida. InspeccionId=15, RolFirma=DIRDAC, InformeId=11, RutaFirmada=/App_Data/Uploads/Inspecciones/InformesTecnicos/Firmados/InformeTecnico_15_v1_dirdac_20260331085514.pdf
2026-03-31 08:55:16.122 | INFO  | CID:29df2e2b2bfa | USR:USU_ADMIN | Inspeccion/FirmarInformeDirdac | Correo con adjunto enviado exitosamente a gercavi82@gmail.com
2026-03-31 08:55:16.375 | INFO  | CID:fb0d758ff163 | USR:USU_ADMIN | Inspeccion/FirmarInformeDirdac | Correo con adjunto enviado exitosamente a mistercato973@gmail.com
2026-03-31 08:55:16.375 | INFO  | CID:f91bab7515cf | USR:USU_ADMIN | Inspeccion/FirmarInformeDirdac | Acción completada: Inspeccion/FirmarInformeDirdac
2026-03-31 08:55:16.407 | INFO  | CID:1dcd813e5b2f | USR:USU_ADMIN | Inspeccion/Detalle | [GestionInspeccion] Inicio Detalle. InspeccionId=15, Usuario=USU_ADMIN, Rol=Administrador,Inspector,JefaturaTecnica,Direccion,CoordinacionLegal
2026-03-31 08:55:16.420 | INFO  | CID:1dcd813e5b2f | USR:USU_ADMIN | Inspeccion/Detalle | [GestionInspeccion] InspeccionId=15, SolicitudId=111, EstadoActual=VERIFICACION_SOLICITUD, InspectorAsignado=17
2026-03-31 08:55:16.421 | INFO  | CID:1dcd813e5b2f | USR:USU_ADMIN | Inspeccion/Detalle | [GestionInspeccion] PuedeGestionar=True para detalle. InspeccionId=15
2026-03-31 08:55:16.987 | INFO  | CID:1dcd813e5b2f | USR:USU_ADMIN | Inspeccion/Detalle | [InspectoresDAO-DB2] Query obtener por cedula: SELECT TRIM(OPICED) AS OPICED, TRIM(OPINO2) AS OPINO2, TRIM(OPIES1) AS OPIES1, TRIM(OPITIP) AS OPITIP FROM DGACDAT.OPIAR2 WHERE OPICED = ? AND UPPER(TRIM(COALESCE(OPIES1, ''))) = ? FETCH FIRST 1 ROW ONLY
2026-03-31 08:55:16.987 | INFO  | CID:1dcd813e5b2f | USR:USU_ADMIN | Inspeccion/Detalle | [InspectoresDAO-DB2] Parametros => cedula=17, soloActivos=True, tipos=TODOS
2026-03-31 08:55:16.987 | WARN  | CID:1dcd813e5b2f | USR:USU_ADMIN | Inspeccion/Detalle | [InspectoresDAO-DB2] Inspector no encontrado para cedula=17, soloActivos=True
2026-03-31 08:55:16.987 | INFO  | CID:1dcd813e5b2f | USR:USU_ADMIN | Inspeccion/Detalle | [InspectoresDAO-DB2] Query obtener por cedula: SELECT TRIM(OPICED) AS OPICED, TRIM(OPINO2) AS OPINO2, TRIM(OPIES1) AS OPIES1, TRIM(OPITIP) AS OPITIP FROM DGACDAT.OPIAR2 WHERE OPICED = ? AND UPPER(TRIM(COALESCE(OPIES1, ''))) = ? FETCH FIRST 1 ROW ONLY
2026-03-31 08:55:16.987 | INFO  | CID:1dcd813e5b2f | USR:USU_ADMIN | Inspeccion/Detalle | [InspectoresDAO-DB2] Parametros => cedula=0000000017, soloActivos=True, tipos=TODOS
2026-03-31 08:55:16.987 | WARN  | CID:1dcd813e5b2f | USR:USU_ADMIN | Inspeccion/Detalle | [InspectoresDAO-DB2] Inspector no encontrado para cedula=0000000017, soloActivos=True
2026-03-31 08:55:16.987 | INFO  | CID:1dcd813e5b2f | USR:USU_ADMIN | Inspeccion/Detalle | [InspectoresDAO-DB2] Query obtener por cedula: SELECT TRIM(OPICED) AS OPICED, TRIM(OPINO2) AS OPINO2, TRIM(OPIES1) AS OPIES1, TRIM(OPITIP) AS OPITIP FROM DGACDAT.OPIAR2 WHERE OPICED = ? FETCH FIRST 1 ROW ONLY
2026-03-31 08:55:16.987 | INFO  | CID:1dcd813e5b2f | USR:USU_ADMIN | Inspeccion/Detalle | [InspectoresDAO-DB2] Parametros => cedula=17, soloActivos=False, tipos=TODOS
2026-03-31 08:55:16.987 | WARN  | CID:1dcd813e5b2f | USR:USU_ADMIN | Inspeccion/Detalle | [InspectoresDAO-DB2] Inspector no encontrado para cedula=17, soloActivos=False
2026-03-31 08:55:16.987 | INFO  | CID:1dcd813e5b2f | USR:USU_ADMIN | Inspeccion/Detalle | [InspectoresDAO-DB2] Query obtener por cedula: SELECT TRIM(OPICED) AS OPICED, TRIM(OPINO2) AS OPINO2, TRIM(OPIES1) AS OPIES1, TRIM(OPITIP) AS OPITIP FROM DGACDAT.OPIAR2 WHERE OPICED = ? FETCH FIRST 1 ROW ONLY
2026-03-31 08:55:16.987 | INFO  | CID:1dcd813e5b2f | USR:USU_ADMIN | Inspeccion/Detalle | [InspectoresDAO-DB2] Parametros => cedula=0000000017, soloActivos=False, tipos=TODOS
2026-03-31 08:55:16.987 | WARN  | CID:1dcd813e5b2f | USR:USU_ADMIN | Inspeccion/Detalle | [InspectoresDAO-DB2] Inspector no encontrado para cedula=0000000017, soloActivos=False
2026-03-31 08:55:16.987 | INFO  | CID:1dcd813e5b2f | USR:USU_ADMIN | Inspeccion/Detalle | [InspectoresDAO-DB2] Query obtener por cedula: SELECT TRIM(OPICED) AS OPICED, TRIM(OPINO2) AS OPINO2, TRIM(OPIES1) AS OPIES1, TRIM(OPITIP) AS OPITIP FROM DGACDAT.OPIAR2 WHERE OPICED = ? AND UPPER(TRIM(COALESCE(OPIES1, ''))) = ? FETCH FIRST 1 ROW ONLY
2026-03-31 08:55:16.987 | INFO  | CID:1dcd813e5b2f | USR:USU_ADMIN | Inspeccion/Detalle | [InspectoresDAO-DB2] Parametros => cedula=17, soloActivos=True, tipos=TODOS
2026-03-31 08:55:17.003 | WARN  | CID:1dcd813e5b2f | USR:USU_ADMIN | Inspeccion/Detalle | [InspectoresDAO-DB2] Inspector no encontrado para cedula=17, soloActivos=True
2026-03-31 08:55:17.004 | INFO  | CID:1dcd813e5b2f | USR:USU_ADMIN | Inspeccion/Detalle | [InspectoresDAO-DB2] Query obtener por cedula: SELECT TRIM(OPICED) AS OPICED, TRIM(OPINO2) AS OPINO2, TRIM(OPIES1) AS OPIES1, TRIM(OPITIP) AS OPITIP FROM DGACDAT.OPIAR2 WHERE OPICED = ? AND UPPER(TRIM(COALESCE(OPIES1, ''))) = ? FETCH FIRST 1 ROW ONLY
2026-03-31 08:55:17.004 | INFO  | CID:1dcd813e5b2f | USR:USU_ADMIN | Inspeccion/Detalle | [InspectoresDAO-DB2] Parametros => cedula=0000000017, soloActivos=True, tipos=TODOS
2026-03-31 08:55:17.005 | WARN  | CID:1dcd813e5b2f | USR:USU_ADMIN | Inspeccion/Detalle | [InspectoresDAO-DB2] Inspector no encontrado para cedula=0000000017, soloActivos=True
2026-03-31 08:55:17.005 | INFO  | CID:1dcd813e5b2f | USR:USU_ADMIN | Inspeccion/Detalle | [InspectoresDAO-DB2] Query obtener por cedula: SELECT TRIM(OPICED) AS OPICED, TRIM(OPINO2) AS OPINO2, TRIM(OPIES1) AS OPIES1, TRIM(OPITIP) AS OPITIP FROM DGACDAT.OPIAR2 WHERE OPICED = ? FETCH FIRST 1 ROW ONLY
2026-03-31 08:55:17.005 | INFO  | CID:1dcd813e5b2f | USR:USU_ADMIN | Inspeccion/Detalle | [InspectoresDAO-DB2] Parametros => cedula=17, soloActivos=False, tipos=TODOS
2026-03-31 08:55:17.005 | WARN  | CID:1dcd813e5b2f | USR:USU_ADMIN | Inspeccion/Detalle | [InspectoresDAO-DB2] Inspector no encontrado para cedula=17, soloActivos=False
2026-03-31 08:55:17.005 | INFO  | CID:1dcd813e5b2f | USR:USU_ADMIN | Inspeccion/Detalle | [InspectoresDAO-DB2] Query obtener por cedula: SELECT TRIM(OPICED) AS OPICED, TRIM(OPINO2) AS OPINO2, TRIM(OPIES1) AS OPIES1, TRIM(OPITIP) AS OPITIP FROM DGACDAT.OPIAR2 WHERE OPICED = ? FETCH FIRST 1 ROW ONLY
2026-03-31 08:55:17.005 | INFO  | CID:1dcd813e5b2f | USR:USU_ADMIN | Inspeccion/Detalle | [InspectoresDAO-DB2] Parametros => cedula=0000000017, soloActivos=False, tipos=TODOS
2026-03-31 08:55:17.005 | WARN  | CID:1dcd813e5b2f | USR:USU_ADMIN | Inspeccion/Detalle | [InspectoresDAO-DB2] Inspector no encontrado para cedula=0000000017, soloActivos=False
2026-03-31 08:55:17.005 | INFO  | CID:1dcd813e5b2f | USR:USU_ADMIN | Inspeccion/Detalle | [GestionInspeccion] Detalle inspectores enriquecidos. InspeccionId=15, PrincipalCedula=17, PrincipalNombre=17, PrincipalTipo=, ApoyoCedula=, ApoyoNombre=, ApoyoTipo=
2026-03-31 08:55:51.703 | INFO  | CID:93474b0f688e | USR:USU_ADMIN | SolicitudAOCR/Legalizar | Iniciando acción: SolicitudAOCR/Legalizar
2026-03-31 08:55:51.719 | INFO  | CID:93474b0f688e | USR:USU_ADMIN | SolicitudAOCR/Legalizar | Acción completada: SolicitudAOCR/Legalizar
2026-03-31 08:59:38.303 | INFO  | CID:72c10a5dfaca | USR:USU_ADMIN | CoordinacionJefatura/CargarDatosFirmaDigitalAocr | Iniciando acción: CoordinacionJefatura/CargarDatosFirmaDigitalAocr
2026-03-31 08:59:38.451 | INFO  | CID:72c10a5dfaca | USR:USU_ADMIN | CoordinacionJefatura/CargarDatosFirmaDigitalAocr | Acción completada: CoordinacionJefatura/CargarDatosFirmaDigitalAocr
2026-03-31 08:59:45.519 | INFO  | CID:72368d9573e7 | USR:USU_ADMIN | CoordinacionJefatura/GenerarDocumentoValidacionAocr | Iniciando acción: CoordinacionJefatura/GenerarDocumentoValidacionAocr
2026-03-31 08:59:51.221 | INFO  | CID:72368d9573e7 | USR:USU_ADMIN | CoordinacionJefatura/GenerarDocumentoValidacionAocr | Acción completada: CoordinacionJefatura/GenerarDocumentoValidacionAocr
2026-03-31 08:59:54.311 | INFO  | CID:575a95be97ca | USR:USU_ADMIN | CoordinacionJefatura/GenerarDocumentoValidacionAocr | Iniciando acción: CoordinacionJefatura/GenerarDocumentoValidacionAocr
2026-03-31 08:59:56.221 | INFO  | CID:575a95be97ca | USR:USU_ADMIN | CoordinacionJefatura/GenerarDocumentoValidacionAocr | Acción completada: CoordinacionJefatura/GenerarDocumentoValidacionAocr
2026-03-31 09:00:31.236 | INFO  | CID:669b515039cc | USR:USU_ADMIN | CoordinacionJefatura/GenerarDocumentoValidacionAocr | Iniciando acción: CoordinacionJefatura/GenerarDocumentoValidacionAocr
2026-03-31 09:00:34.152 | INFO  | CID:669b515039cc | USR:USU_ADMIN | CoordinacionJefatura/GenerarDocumentoValidacionAocr | Acción completada: CoordinacionJefatura/GenerarDocumentoValidacionAocr
2026-03-31 09:05:38.636 | INFO  | CID:73d9f6e74e35 | USR:USU_ADMIN | CoordinacionJefatura/GenerarDocumentoValidacionAocr | Iniciando acción: CoordinacionJefatura/GenerarDocumentoValidacionAocr
2026-03-31 09:05:44.963 | INFO  | CID:73d9f6e74e35 | USR:USU_ADMIN | CoordinacionJefatura/GenerarDocumentoValidacionAocr | Acción completada: CoordinacionJefatura/GenerarDocumentoValidacionAocr
2026-03-31 09:05:57.527 | INFO  | CID:9860a89245f8 | USR:USU_ADMIN | CoordinacionJefatura/CargarDatosFirmaDigitalAocr | Iniciando acción: CoordinacionJefatura/CargarDatosFirmaDigitalAocr
2026-03-31 09:05:57.685 | INFO  | CID:9860a89245f8 | USR:USU_ADMIN | CoordinacionJefatura/CargarDatosFirmaDigitalAocr | Acción completada: CoordinacionJefatura/CargarDatosFirmaDigitalAocr
2026-03-31 09:06:02.289 | INFO  | CID:7e69e19f3963 | USR:USU_ADMIN | CoordinacionJefatura/GenerarDocumentoValidacionAocr | Iniciando acción: CoordinacionJefatura/GenerarDocumentoValidacionAocr
2026-03-31 09:06:04.375 | INFO  | CID:7e69e19f3963 | USR:USU_ADMIN | CoordinacionJefatura/GenerarDocumentoValidacionAocr | Acción completada: CoordinacionJefatura/GenerarDocumentoValidacionAocr
2026-03-31 09:59:03.365 | INFO  | CID:N/A | Iniciando procesador de cola de correos
2026-03-31 09:59:25.296 | INFO  | CID:3d1abbc90145 | Account/Login | Iniciando acción: Account/Login
2026-03-31 09:59:25.996 | INFO  | CID:3d1abbc90145 | Account/Login | Acción completada: Account/Login
2026-03-31 10:00:38.480 | INFO  | CID:N/A | USR:USU_ADMIN | Inspeccion/Index | AuditTrailService: Tabla aocr_audit_trail verificada/creada.
2026-03-31 10:00:38.485 | INFO  | CID:419d016c05d1 | USR:USU_ADMIN | Inspeccion/Index | [InspeccionesController] Inicio pantalla gestion inspecciones. Usuario=USU_ADMIN, Rol=Administrador,Inspector,JefaturaTecnica,Direccion,CoordinacionLegal
2026-03-31 10:00:38.689 | INFO  | CID:419d016c05d1 | USR:USU_ADMIN | Inspeccion/Index | [InspeccionesController] Inspecciones recibidas=18
2026-03-31 10:00:49.945 | INFO  | CID:009503e73ff5 | USR:USU_ADMIN | Inspeccion/Detalle | [GestionInspeccion] Inicio Detalle. InspeccionId=14, Usuario=USU_ADMIN, Rol=Administrador,Inspector,JefaturaTecnica,Direccion,CoordinacionLegal
2026-03-31 10:00:49.953 | INFO  | CID:009503e73ff5 | USR:USU_ADMIN | Inspeccion/Detalle | [GestionInspeccion] InspeccionId=14, SolicitudId=113, EstadoActual=VERIFICACION_SOLICITUD, InspectorAsignado=1709565459
2026-03-31 10:00:49.953 | INFO  | CID:009503e73ff5 | USR:USU_ADMIN | Inspeccion/Detalle | [GestionInspeccion] PuedeGestionar=True para detalle. InspeccionId=14
2026-03-31 10:00:51.850 | INFO  | CID:009503e73ff5 | USR:USU_ADMIN | Inspeccion/Detalle | [InspectoresDAO-DB2] Query obtener por cedula: SELECT TRIM(OPICED) AS OPICED, TRIM(OPINO2) AS OPINO2, TRIM(OPIES1) AS OPIES1, TRIM(OPITIP) AS OPITIP FROM DGACDAT.OPIAR2 WHERE OPICED = ? AND UPPER(TRIM(COALESCE(OPIES1, ''))) = ? FETCH FIRST 1 ROW ONLY
2026-03-31 10:00:51.850 | INFO  | CID:009503e73ff5 | USR:USU_ADMIN | Inspeccion/Detalle | [InspectoresDAO-DB2] Parametros => cedula=1709565459, soloActivos=True, tipos=TODOS
2026-03-31 10:00:51.916 | INFO  | CID:009503e73ff5 | USR:USU_ADMIN | Inspeccion/Detalle | [GestionInspeccion] Detalle inspectores enriquecidos. InspeccionId=14, PrincipalCedula=1709565459, PrincipalNombre=CATOTA TORRES LUIS WILKIR, PrincipalTipo=OPS, ApoyoCedula=, ApoyoNombre=, ApoyoTipo=
2026-03-31 10:01:31.800 | INFO  | CID:587acdbca6c5 | USR:USU_ADMIN | Inspeccion/FirmarInformeDirdac | Iniciando acción: Inspeccion/FirmarInformeDirdac
2026-03-31 10:01:31.835 | INFO  | CID:587acdbca6c5 | USR:USU_ADMIN | Inspeccion/FirmarInformeDirdac | [GestionInspeccion] Inicio firma digital. InspeccionId=14, RolFirma=DIRDAC, InformeId=14, VersionInforme=2, RutaFuente=C:\AOCR\AOCR\AOCR05-01-2026\AOCR1\AOCR\CapaPresentacion\App_Data\Uploads\Inspecciones\InformesTecnicos\Firmados\InformeTecnico_14_v2_inspector_20260330150211.pdf, PdfBytes=202720, CertificadoBytes=8787, Usuario=USU_ADMIN
2026-03-31 10:01:32.704 | INFO  | CID:587acdbca6c5 | USR:USU_ADMIN | Inspeccion/FirmarInformeDirdac | [GestionInspeccion] Firma digital generada. InspeccionId=14, RolFirma=DIRDAC, InformeId=14, Hash=27DE7FF7FA60EB453E6FEB4ED02C9EAFB80698616C5B97BA86751127E7CF5A42, PdfFirmadoBytes=221978
2026-03-31 10:01:32.706 | INFO  | CID:587acdbca6c5 | USR:USU_ADMIN | Inspeccion/FirmarInformeDirdac | [GestionInspeccion] Persistiendo firma digital. InspeccionId=14, RolFirma=DIRDAC, InformeId=14, RutaFirmada=/App_Data/Uploads/Inspecciones/InformesTecnicos/Firmados/InformeTecnico_14_v2_dirdac_20260331100132.pdf, EstadoAnterior=ENVIADO_A_DIRDAC, EstadoFinal=FIRMADO_FINAL, UsuarioId=0
2026-03-31 10:01:32.732 | INFO  | CID:587acdbca6c5 | USR:USU_ADMIN | Inspeccion/FirmarInformeDirdac | [GestionInspeccion] Firma digital persistida. InspeccionId=14, RolFirma=DIRDAC, InformeId=14, RutaFirmada=/App_Data/Uploads/Inspecciones/InformesTecnicos/Firmados/InformeTecnico_14_v2_dirdac_20260331100132.pdf
2026-03-31 10:01:34.065 | INFO  | CID:8e9fc6ae2b83 | USR:USU_ADMIN | Inspeccion/FirmarInformeDirdac | Correo con adjunto enviado exitosamente a gercavi82@gmail.com
2026-03-31 10:01:34.065 | INFO  | CID:587acdbca6c5 | USR:USU_ADMIN | Inspeccion/FirmarInformeDirdac | Acción completada: Inspeccion/FirmarInformeDirdac
2026-03-31 10:01:34.085 | INFO  | CID:6d017aa7786e | USR:USU_ADMIN | Inspeccion/Detalle | [GestionInspeccion] Inicio Detalle. InspeccionId=14, Usuario=USU_ADMIN, Rol=Administrador,Inspector,JefaturaTecnica,Direccion,CoordinacionLegal
2026-03-31 10:01:34.094 | INFO  | CID:6d017aa7786e | USR:USU_ADMIN | Inspeccion/Detalle | [GestionInspeccion] InspeccionId=14, SolicitudId=113, EstadoActual=VERIFICACION_SOLICITUD, InspectorAsignado=1709565459
2026-03-31 10:01:34.094 | INFO  | CID:6d017aa7786e | USR:USU_ADMIN | Inspeccion/Detalle | [GestionInspeccion] PuedeGestionar=True para detalle. InspeccionId=14
2026-03-31 10:01:34.632 | INFO  | CID:6d017aa7786e | USR:USU_ADMIN | Inspeccion/Detalle | [InspectoresDAO-DB2] Query obtener por cedula: SELECT TRIM(OPICED) AS OPICED, TRIM(OPINO2) AS OPINO2, TRIM(OPIES1) AS OPIES1, TRIM(OPITIP) AS OPITIP FROM DGACDAT.OPIAR2 WHERE OPICED = ? AND UPPER(TRIM(COALESCE(OPIES1, ''))) = ? FETCH FIRST 1 ROW ONLY
2026-03-31 10:01:34.633 | INFO  | CID:6d017aa7786e | USR:USU_ADMIN | Inspeccion/Detalle | [InspectoresDAO-DB2] Parametros => cedula=1709565459, soloActivos=True, tipos=TODOS
2026-03-31 10:01:34.638 | INFO  | CID:6d017aa7786e | USR:USU_ADMIN | Inspeccion/Detalle | [GestionInspeccion] Detalle inspectores enriquecidos. InspeccionId=14, PrincipalCedula=1709565459, PrincipalNombre=CATOTA TORRES LUIS WILKIR, PrincipalTipo=OPS, ApoyoCedula=, ApoyoNombre=, ApoyoTipo=
2026-03-31 10:01:59.939 | INFO  | CID:60ab2ac0fbce | USR:USU_ADMIN | Inspeccion/Detalle | [GestionInspeccion] Inicio Detalle. InspeccionId=14, Usuario=USU_ADMIN, Rol=Administrador,Inspector,JefaturaTecnica,Direccion,CoordinacionLegal
2026-03-31 10:01:59.949 | INFO  | CID:60ab2ac0fbce | USR:USU_ADMIN | Inspeccion/Detalle | [GestionInspeccion] InspeccionId=14, SolicitudId=113, EstadoActual=VERIFICACION_SOLICITUD, InspectorAsignado=1709565459
2026-03-31 10:01:59.949 | INFO  | CID:60ab2ac0fbce | USR:USU_ADMIN | Inspeccion/Detalle | [GestionInspeccion] PuedeGestionar=True para detalle. InspeccionId=14
2026-03-31 10:02:00.684 | INFO  | CID:60ab2ac0fbce | USR:USU_ADMIN | Inspeccion/Detalle | [InspectoresDAO-DB2] Query obtener por cedula: SELECT TRIM(OPICED) AS OPICED, TRIM(OPINO2) AS OPINO2, TRIM(OPIES1) AS OPIES1, TRIM(OPITIP) AS OPITIP FROM DGACDAT.OPIAR2 WHERE OPICED = ? AND UPPER(TRIM(COALESCE(OPIES1, ''))) = ? FETCH FIRST 1 ROW ONLY
2026-03-31 10:02:00.684 | INFO  | CID:60ab2ac0fbce | USR:USU_ADMIN | Inspeccion/Detalle | [InspectoresDAO-DB2] Parametros => cedula=1709565459, soloActivos=True, tipos=TODOS
2026-03-31 10:02:00.696 | INFO  | CID:60ab2ac0fbce | USR:USU_ADMIN | Inspeccion/Detalle | [GestionInspeccion] Detalle inspectores enriquecidos. InspeccionId=14, PrincipalCedula=1709565459, PrincipalNombre=CATOTA TORRES LUIS WILKIR, PrincipalTipo=OPS, ApoyoCedula=, ApoyoNombre=, ApoyoTipo=
2026-03-31 10:17:12.003 | INFO  | CID:a4e9484e899b | USR:USU_ADMIN | CoordinacionJefatura/GuardarPosicionFirmaAocr | Iniciando acción: CoordinacionJefatura/GuardarPosicionFirmaAocr
2026-03-31 10:17:12.902 | INFO  | CID:a4e9484e899b | USR:USU_ADMIN | CoordinacionJefatura/GuardarPosicionFirmaAocr | Acción completada: CoordinacionJefatura/GuardarPosicionFirmaAocr
2026-03-31 10:17:17.435 | INFO  | CID:266e0c4b6551 | USR:USU_ADMIN | CoordinacionJefatura/GenerarDocumentoValidacionAocr | Iniciando acción: CoordinacionJefatura/GenerarDocumentoValidacionAocr
2026-03-31 10:17:24.449 | INFO  | CID:266e0c4b6551 | USR:USU_ADMIN | CoordinacionJefatura/GenerarDocumentoValidacionAocr | Acción completada: CoordinacionJefatura/GenerarDocumentoValidacionAocr
2026-03-31 10:18:21.186 | INFO  | CID:f923698801f6 | USR:USU_ADMIN | CoordinacionJefatura/CargarDatosFirmaDigitalAocr | Iniciando acción: CoordinacionJefatura/CargarDatosFirmaDigitalAocr
2026-03-31 10:18:21.343 | INFO  | CID:f923698801f6 | USR:USU_ADMIN | CoordinacionJefatura/CargarDatosFirmaDigitalAocr | Acción completada: CoordinacionJefatura/CargarDatosFirmaDigitalAocr
2026-03-31 10:18:34.986 | INFO  | CID:5852450da72c | USR:USU_ADMIN | CoordinacionJefatura/GuardarPosicionFirmaAocr | Iniciando acción: CoordinacionJefatura/GuardarPosicionFirmaAocr
2026-03-31 10:18:35.876 | INFO  | CID:5852450da72c | USR:USU_ADMIN | CoordinacionJefatura/GuardarPosicionFirmaAocr | Acción completada: CoordinacionJefatura/GuardarPosicionFirmaAocr
2026-03-31 10:18:37.813 | INFO  | CID:e2a817433328 | USR:USU_ADMIN | CoordinacionJefatura/GenerarDocumentoValidacionAocr | Iniciando acción: CoordinacionJefatura/GenerarDocumentoValidacionAocr
2026-03-31 10:18:40.475 | INFO  | CID:e2a817433328 | USR:USU_ADMIN | CoordinacionJefatura/GenerarDocumentoValidacionAocr | Acción completada: CoordinacionJefatura/GenerarDocumentoValidacionAocr
2026-03-31 10:24:29.289 | INFO  | CID:N/A | Iniciando procesador de cola de correos
2026-03-31 10:24:49.433 | INFO  | CID:a9a65d6c9746 | Account/Login | Iniciando acción: Account/Login
2026-03-31 10:24:50.294 | INFO  | CID:a9a65d6c9746 | Account/Login | Acción completada: Account/Login
2026-03-31 10:25:14.300 | INFO  | CID:N/A | USR:USU_ADMIN | Inspeccion/Index | AuditTrailService: Tabla aocr_audit_trail verificada/creada.
2026-03-31 10:25:14.308 | INFO  | CID:22ad72343b97 | USR:USU_ADMIN | Inspeccion/Index | [InspeccionesController] Inicio pantalla gestion inspecciones. Usuario=USU_ADMIN, Rol=Administrador,Inspector,JefaturaTecnica,Direccion,CoordinacionLegal
2026-03-31 10:25:14.547 | INFO  | CID:22ad72343b97 | USR:USU_ADMIN | Inspeccion/Index | [InspeccionesController] Inspecciones recibidas=18
2026-03-31 10:25:21.087 | INFO  | CID:1c5942e6cbbc | USR:USU_ADMIN | Inspeccion/Detalle | [GestionInspeccion] Inicio Detalle. InspeccionId=15, Usuario=USU_ADMIN, Rol=Administrador,Inspector,JefaturaTecnica,Direccion,CoordinacionLegal
2026-03-31 10:25:21.096 | INFO  | CID:1c5942e6cbbc | USR:USU_ADMIN | Inspeccion/Detalle | [GestionInspeccion] InspeccionId=15, SolicitudId=111, EstadoActual=VERIFICACION_SOLICITUD, InspectorAsignado=17
2026-03-31 10:25:21.096 | INFO  | CID:1c5942e6cbbc | USR:USU_ADMIN | Inspeccion/Detalle | [GestionInspeccion] PuedeGestionar=True para detalle. InspeccionId=15
2026-03-31 10:25:22.661 | INFO  | CID:1c5942e6cbbc | USR:USU_ADMIN | Inspeccion/Detalle | [InspectoresDAO-DB2] Query obtener por cedula: SELECT TRIM(OPICED) AS OPICED, TRIM(OPINO2) AS OPINO2, TRIM(OPIES1) AS OPIES1, TRIM(OPITIP) AS OPITIP FROM DGACDAT.OPIAR2 WHERE OPICED = ? AND UPPER(TRIM(COALESCE(OPIES1, ''))) = ? FETCH FIRST 1 ROW ONLY
2026-03-31 10:25:22.668 | INFO  | CID:1c5942e6cbbc | USR:USU_ADMIN | Inspeccion/Detalle | [InspectoresDAO-DB2] Parametros => cedula=17, soloActivos=True, tipos=TODOS
2026-03-31 10:25:22.728 | WARN  | CID:1c5942e6cbbc | USR:USU_ADMIN | Inspeccion/Detalle | [InspectoresDAO-DB2] Inspector no encontrado para cedula=17, soloActivos=True
2026-03-31 10:25:22.728 | INFO  | CID:1c5942e6cbbc | USR:USU_ADMIN | Inspeccion/Detalle | [InspectoresDAO-DB2] Query obtener por cedula: SELECT TRIM(OPICED) AS OPICED, TRIM(OPINO2) AS OPINO2, TRIM(OPIES1) AS OPIES1, TRIM(OPITIP) AS OPITIP FROM DGACDAT.OPIAR2 WHERE OPICED = ? AND UPPER(TRIM(COALESCE(OPIES1, ''))) = ? FETCH FIRST 1 ROW ONLY
2026-03-31 10:25:22.728 | INFO  | CID:1c5942e6cbbc | USR:USU_ADMIN | Inspeccion/Detalle | [InspectoresDAO-DB2] Parametros => cedula=0000000017, soloActivos=True, tipos=TODOS
2026-03-31 10:25:22.728 | WARN  | CID:1c5942e6cbbc | USR:USU_ADMIN | Inspeccion/Detalle | [InspectoresDAO-DB2] Inspector no encontrado para cedula=0000000017, soloActivos=True
2026-03-31 10:25:22.728 | INFO  | CID:1c5942e6cbbc | USR:USU_ADMIN | Inspeccion/Detalle | [InspectoresDAO-DB2] Query obtener por cedula: SELECT TRIM(OPICED) AS OPICED, TRIM(OPINO2) AS OPINO2, TRIM(OPIES1) AS OPIES1, TRIM(OPITIP) AS OPITIP FROM DGACDAT.OPIAR2 WHERE OPICED = ? FETCH FIRST 1 ROW ONLY
2026-03-31 10:25:22.728 | INFO  | CID:1c5942e6cbbc | USR:USU_ADMIN | Inspeccion/Detalle | [InspectoresDAO-DB2] Parametros => cedula=17, soloActivos=False, tipos=TODOS
2026-03-31 10:25:22.744 | WARN  | CID:1c5942e6cbbc | USR:USU_ADMIN | Inspeccion/Detalle | [InspectoresDAO-DB2] Inspector no encontrado para cedula=17, soloActivos=False
2026-03-31 10:25:22.745 | INFO  | CID:1c5942e6cbbc | USR:USU_ADMIN | Inspeccion/Detalle | [InspectoresDAO-DB2] Query obtener por cedula: SELECT TRIM(OPICED) AS OPICED, TRIM(OPINO2) AS OPINO2, TRIM(OPIES1) AS OPIES1, TRIM(OPITIP) AS OPITIP FROM DGACDAT.OPIAR2 WHERE OPICED = ? FETCH FIRST 1 ROW ONLY
2026-03-31 10:25:22.746 | INFO  | CID:1c5942e6cbbc | USR:USU_ADMIN | Inspeccion/Detalle | [InspectoresDAO-DB2] Parametros => cedula=0000000017, soloActivos=False, tipos=TODOS
2026-03-31 10:25:22.749 | WARN  | CID:1c5942e6cbbc | USR:USU_ADMIN | Inspeccion/Detalle | [InspectoresDAO-DB2] Inspector no encontrado para cedula=0000000017, soloActivos=False
2026-03-31 10:25:22.750 | INFO  | CID:1c5942e6cbbc | USR:USU_ADMIN | Inspeccion/Detalle | [InspectoresDAO-DB2] Query obtener por cedula: SELECT TRIM(OPICED) AS OPICED, TRIM(OPINO2) AS OPINO2, TRIM(OPIES1) AS OPIES1, TRIM(OPITIP) AS OPITIP FROM DGACDAT.OPIAR2 WHERE OPICED = ? AND UPPER(TRIM(COALESCE(OPIES1, ''))) = ? FETCH FIRST 1 ROW ONLY
2026-03-31 10:25:22.750 | INFO  | CID:1c5942e6cbbc | USR:USU_ADMIN | Inspeccion/Detalle | [InspectoresDAO-DB2] Parametros => cedula=17, soloActivos=True, tipos=TODOS
2026-03-31 10:25:22.750 | WARN  | CID:1c5942e6cbbc | USR:USU_ADMIN | Inspeccion/Detalle | [InspectoresDAO-DB2] Inspector no encontrado para cedula=17, soloActivos=True
2026-03-31 10:25:22.750 | INFO  | CID:1c5942e6cbbc | USR:USU_ADMIN | Inspeccion/Detalle | [InspectoresDAO-DB2] Query obtener por cedula: SELECT TRIM(OPICED) AS OPICED, TRIM(OPINO2) AS OPINO2, TRIM(OPIES1) AS OPIES1, TRIM(OPITIP) AS OPITIP FROM DGACDAT.OPIAR2 WHERE OPICED = ? AND UPPER(TRIM(COALESCE(OPIES1, ''))) = ? FETCH FIRST 1 ROW ONLY
2026-03-31 10:25:22.750 | INFO  | CID:1c5942e6cbbc | USR:USU_ADMIN | Inspeccion/Detalle | [InspectoresDAO-DB2] Parametros => cedula=0000000017, soloActivos=True, tipos=TODOS
2026-03-31 10:25:22.750 | WARN  | CID:1c5942e6cbbc | USR:USU_ADMIN | Inspeccion/Detalle | [InspectoresDAO-DB2] Inspector no encontrado para cedula=0000000017, soloActivos=True
2026-03-31 10:25:22.750 | INFO  | CID:1c5942e6cbbc | USR:USU_ADMIN | Inspeccion/Detalle | [InspectoresDAO-DB2] Query obtener por cedula: SELECT TRIM(OPICED) AS OPICED, TRIM(OPINO2) AS OPINO2, TRIM(OPIES1) AS OPIES1, TRIM(OPITIP) AS OPITIP FROM DGACDAT.OPIAR2 WHERE OPICED = ? FETCH FIRST 1 ROW ONLY
2026-03-31 10:25:22.750 | INFO  | CID:1c5942e6cbbc | USR:USU_ADMIN | Inspeccion/Detalle | [InspectoresDAO-DB2] Parametros => cedula=17, soloActivos=False, tipos=TODOS
2026-03-31 10:25:22.750 | WARN  | CID:1c5942e6cbbc | USR:USU_ADMIN | Inspeccion/Detalle | [InspectoresDAO-DB2] Inspector no encontrado para cedula=17, soloActivos=False
2026-03-31 10:25:22.750 | INFO  | CID:1c5942e6cbbc | USR:USU_ADMIN | Inspeccion/Detalle | [InspectoresDAO-DB2] Query obtener por cedula: SELECT TRIM(OPICED) AS OPICED, TRIM(OPINO2) AS OPINO2, TRIM(OPIES1) AS OPIES1, TRIM(OPITIP) AS OPITIP FROM DGACDAT.OPIAR2 WHERE OPICED = ? FETCH FIRST 1 ROW ONLY
2026-03-31 10:25:22.750 | INFO  | CID:1c5942e6cbbc | USR:USU_ADMIN | Inspeccion/Detalle | [InspectoresDAO-DB2] Parametros => cedula=0000000017, soloActivos=False, tipos=TODOS
2026-03-31 10:25:22.761 | WARN  | CID:1c5942e6cbbc | USR:USU_ADMIN | Inspeccion/Detalle | [InspectoresDAO-DB2] Inspector no encontrado para cedula=0000000017, soloActivos=False
2026-03-31 10:25:22.761 | INFO  | CID:1c5942e6cbbc | USR:USU_ADMIN | Inspeccion/Detalle | [GestionInspeccion] Detalle inspectores enriquecidos. InspeccionId=15, PrincipalCedula=17, PrincipalNombre=17, PrincipalTipo=, ApoyoCedula=, ApoyoNombre=, ApoyoTipo=
2026-03-31 10:25:46.317 | INFO  | CID:37be2abb05d1 | USR:USU_ADMIN | Inspeccion/Detalle | [GestionInspeccion] Inicio Detalle. InspeccionId=18, Usuario=USU_ADMIN, Rol=Administrador,Inspector,JefaturaTecnica,Direccion,CoordinacionLegal
2026-03-31 10:25:46.328 | INFO  | CID:37be2abb05d1 | USR:USU_ADMIN | Inspeccion/Detalle | [GestionInspeccion] InspeccionId=18, SolicitudId=48, EstadoActual=VERIFICACION_SOLICITUD, InspectorAsignado=17
2026-03-31 10:25:46.331 | INFO  | CID:37be2abb05d1 | USR:USU_ADMIN | Inspeccion/Detalle | [GestionInspeccion] PuedeGestionar=True para detalle. InspeccionId=18
2026-03-31 10:25:46.743 | INFO  | CID:37be2abb05d1 | USR:USU_ADMIN | Inspeccion/Detalle | [InspectoresDAO-DB2] Query obtener por cedula: SELECT TRIM(OPICED) AS OPICED, TRIM(OPINO2) AS OPINO2, TRIM(OPIES1) AS OPIES1, TRIM(OPITIP) AS OPITIP FROM DGACDAT.OPIAR2 WHERE OPICED = ? AND UPPER(TRIM(COALESCE(OPIES1, ''))) = ? FETCH FIRST 1 ROW ONLY
2026-03-31 10:25:46.743 | INFO  | CID:37be2abb05d1 | USR:USU_ADMIN | Inspeccion/Detalle | [InspectoresDAO-DB2] Parametros => cedula=17, soloActivos=True, tipos=TODOS
2026-03-31 10:25:46.743 | WARN  | CID:37be2abb05d1 | USR:USU_ADMIN | Inspeccion/Detalle | [InspectoresDAO-DB2] Inspector no encontrado para cedula=17, soloActivos=True
2026-03-31 10:25:46.743 | INFO  | CID:37be2abb05d1 | USR:USU_ADMIN | Inspeccion/Detalle | [InspectoresDAO-DB2] Query obtener por cedula: SELECT TRIM(OPICED) AS OPICED, TRIM(OPINO2) AS OPINO2, TRIM(OPIES1) AS OPIES1, TRIM(OPITIP) AS OPITIP FROM DGACDAT.OPIAR2 WHERE OPICED = ? AND UPPER(TRIM(COALESCE(OPIES1, ''))) = ? FETCH FIRST 1 ROW ONLY
2026-03-31 10:25:46.743 | INFO  | CID:37be2abb05d1 | USR:USU_ADMIN | Inspeccion/Detalle | [InspectoresDAO-DB2] Parametros => cedula=0000000017, soloActivos=True, tipos=TODOS
2026-03-31 10:25:46.743 | WARN  | CID:37be2abb05d1 | USR:USU_ADMIN | Inspeccion/Detalle | [InspectoresDAO-DB2] Inspector no encontrado para cedula=0000000017, soloActivos=True
2026-03-31 10:25:46.743 | INFO  | CID:37be2abb05d1 | USR:USU_ADMIN | Inspeccion/Detalle | [InspectoresDAO-DB2] Query obtener por cedula: SELECT TRIM(OPICED) AS OPICED, TRIM(OPINO2) AS OPINO2, TRIM(OPIES1) AS OPIES1, TRIM(OPITIP) AS OPITIP FROM DGACDAT.OPIAR2 WHERE OPICED = ? FETCH FIRST 1 ROW ONLY
2026-03-31 10:25:46.743 | INFO  | CID:37be2abb05d1 | USR:USU_ADMIN | Inspeccion/Detalle | [InspectoresDAO-DB2] Parametros => cedula=17, soloActivos=False, tipos=TODOS
2026-03-31 10:25:46.759 | WARN  | CID:37be2abb05d1 | USR:USU_ADMIN | Inspeccion/Detalle | [InspectoresDAO-DB2] Inspector no encontrado para cedula=17, soloActivos=False
2026-03-31 10:25:46.759 | INFO  | CID:37be2abb05d1 | USR:USU_ADMIN | Inspeccion/Detalle | [InspectoresDAO-DB2] Query obtener por cedula: SELECT TRIM(OPICED) AS OPICED, TRIM(OPINO2) AS OPINO2, TRIM(OPIES1) AS OPIES1, TRIM(OPITIP) AS OPITIP FROM DGACDAT.OPIAR2 WHERE OPICED = ? FETCH FIRST 1 ROW ONLY
2026-03-31 10:25:46.760 | INFO  | CID:37be2abb05d1 | USR:USU_ADMIN | Inspeccion/Detalle | [InspectoresDAO-DB2] Parametros => cedula=0000000017, soloActivos=False, tipos=TODOS
2026-03-31 10:25:46.762 | WARN  | CID:37be2abb05d1 | USR:USU_ADMIN | Inspeccion/Detalle | [InspectoresDAO-DB2] Inspector no encontrado para cedula=0000000017, soloActivos=False
2026-03-31 10:25:46.763 | INFO  | CID:37be2abb05d1 | USR:USU_ADMIN | Inspeccion/Detalle | [InspectoresDAO-DB2] Query obtener por cedula: SELECT TRIM(OPICED) AS OPICED, TRIM(OPINO2) AS OPINO2, TRIM(OPIES1) AS OPIES1, TRIM(OPITIP) AS OPITIP FROM DGACDAT.OPIAR2 WHERE OPICED = ? AND UPPER(TRIM(COALESCE(OPIES1, ''))) = ? FETCH FIRST 1 ROW ONLY
2026-03-31 10:25:46.763 | INFO  | CID:37be2abb05d1 | USR:USU_ADMIN | Inspeccion/Detalle | [InspectoresDAO-DB2] Parametros => cedula=17, soloActivos=True, tipos=TODOS
2026-03-31 10:25:46.765 | WARN  | CID:37be2abb05d1 | USR:USU_ADMIN | Inspeccion/Detalle | [InspectoresDAO-DB2] Inspector no encontrado para cedula=17, soloActivos=True
2026-03-31 10:25:46.766 | INFO  | CID:37be2abb05d1 | USR:USU_ADMIN | Inspeccion/Detalle | [InspectoresDAO-DB2] Query obtener por cedula: SELECT TRIM(OPICED) AS OPICED, TRIM(OPINO2) AS OPINO2, TRIM(OPIES1) AS OPIES1, TRIM(OPITIP) AS OPITIP FROM DGACDAT.OPIAR2 WHERE OPICED = ? AND UPPER(TRIM(COALESCE(OPIES1, ''))) = ? FETCH FIRST 1 ROW ONLY
2026-03-31 10:25:46.767 | INFO  | CID:37be2abb05d1 | USR:USU_ADMIN | Inspeccion/Detalle | [InspectoresDAO-DB2] Parametros => cedula=0000000017, soloActivos=True, tipos=TODOS
2026-03-31 10:25:46.768 | WARN  | CID:37be2abb05d1 | USR:USU_ADMIN | Inspeccion/Detalle | [InspectoresDAO-DB2] Inspector no encontrado para cedula=0000000017, soloActivos=True
2026-03-31 10:25:46.769 | INFO  | CID:37be2abb05d1 | USR:USU_ADMIN | Inspeccion/Detalle | [InspectoresDAO-DB2] Query obtener por cedula: SELECT TRIM(OPICED) AS OPICED, TRIM(OPINO2) AS OPINO2, TRIM(OPIES1) AS OPIES1, TRIM(OPITIP) AS OPITIP FROM DGACDAT.OPIAR2 WHERE OPICED = ? FETCH FIRST 1 ROW ONLY
2026-03-31 10:25:46.770 | INFO  | CID:37be2abb05d1 | USR:USU_ADMIN | Inspeccion/Detalle | [InspectoresDAO-DB2] Parametros => cedula=17, soloActivos=False, tipos=TODOS
2026-03-31 10:25:46.772 | WARN  | CID:37be2abb05d1 | USR:USU_ADMIN | Inspeccion/Detalle | [InspectoresDAO-DB2] Inspector no encontrado para cedula=17, soloActivos=False
2026-03-31 10:25:46.772 | INFO  | CID:37be2abb05d1 | USR:USU_ADMIN | Inspeccion/Detalle | [InspectoresDAO-DB2] Query obtener por cedula: SELECT TRIM(OPICED) AS OPICED, TRIM(OPINO2) AS OPINO2, TRIM(OPIES1) AS OPIES1, TRIM(OPITIP) AS OPITIP FROM DGACDAT.OPIAR2 WHERE OPICED = ? FETCH FIRST 1 ROW ONLY
2026-03-31 10:25:46.773 | INFO  | CID:37be2abb05d1 | USR:USU_ADMIN | Inspeccion/Detalle | [InspectoresDAO-DB2] Parametros => cedula=0000000017, soloActivos=False, tipos=TODOS
2026-03-31 10:25:46.775 | WARN  | CID:37be2abb05d1 | USR:USU_ADMIN | Inspeccion/Detalle | [InspectoresDAO-DB2] Inspector no encontrado para cedula=0000000017, soloActivos=False
2026-03-31 10:25:46.775 | INFO  | CID:37be2abb05d1 | USR:USU_ADMIN | Inspeccion/Detalle | [GestionInspeccion] Detalle inspectores enriquecidos. InspeccionId=18, PrincipalCedula=17, PrincipalNombre=17, PrincipalTipo=, ApoyoCedula=, ApoyoNombre=, ApoyoTipo=
2026-03-31 10:26:37.947 | INFO  | CID:bc05fb10dc7c | USR:USU_ADMIN | Inspeccion/GuardarInformeTecnico | Iniciando acción: Inspeccion/GuardarInformeTecnico
2026-03-31 10:26:42.903 | INFO  | CID:bc05fb10dc7c | USR:USU_ADMIN | Inspeccion/GuardarInformeTecnico | Acción completada: Inspeccion/GuardarInformeTecnico
2026-03-31 10:26:42.918 | INFO  | CID:611e0e91bb67 | USR:USU_ADMIN | Inspeccion/Detalle | [GestionInspeccion] Inicio Detalle. InspeccionId=18, Usuario=USU_ADMIN, Rol=Administrador,Inspector,JefaturaTecnica,Direccion,CoordinacionLegal
2026-03-31 10:26:42.926 | INFO  | CID:611e0e91bb67 | USR:USU_ADMIN | Inspeccion/Detalle | [GestionInspeccion] InspeccionId=18, SolicitudId=48, EstadoActual=VERIFICACION_SOLICITUD, InspectorAsignado=17
2026-03-31 10:26:42.927 | INFO  | CID:611e0e91bb67 | USR:USU_ADMIN | Inspeccion/Detalle | [GestionInspeccion] PuedeGestionar=True para detalle. InspeccionId=18
2026-03-31 10:26:43.418 | INFO  | CID:611e0e91bb67 | USR:USU_ADMIN | Inspeccion/Detalle | [InspectoresDAO-DB2] Query obtener por cedula: SELECT TRIM(OPICED) AS OPICED, TRIM(OPINO2) AS OPINO2, TRIM(OPIES1) AS OPIES1, TRIM(OPITIP) AS OPITIP FROM DGACDAT.OPIAR2 WHERE OPICED = ? AND UPPER(TRIM(COALESCE(OPIES1, ''))) = ? FETCH FIRST 1 ROW ONLY
2026-03-31 10:26:43.418 | INFO  | CID:611e0e91bb67 | USR:USU_ADMIN | Inspeccion/Detalle | [InspectoresDAO-DB2] Parametros => cedula=17, soloActivos=True, tipos=TODOS
2026-03-31 10:26:43.418 | WARN  | CID:611e0e91bb67 | USR:USU_ADMIN | Inspeccion/Detalle | [InspectoresDAO-DB2] Inspector no encontrado para cedula=17, soloActivos=True
2026-03-31 10:26:43.418 | INFO  | CID:611e0e91bb67 | USR:USU_ADMIN | Inspeccion/Detalle | [InspectoresDAO-DB2] Query obtener por cedula: SELECT TRIM(OPICED) AS OPICED, TRIM(OPINO2) AS OPINO2, TRIM(OPIES1) AS OPIES1, TRIM(OPITIP) AS OPITIP FROM DGACDAT.OPIAR2 WHERE OPICED = ? AND UPPER(TRIM(COALESCE(OPIES1, ''))) = ? FETCH FIRST 1 ROW ONLY
2026-03-31 10:26:43.418 | INFO  | CID:611e0e91bb67 | USR:USU_ADMIN | Inspeccion/Detalle | [InspectoresDAO-DB2] Parametros => cedula=0000000017, soloActivos=True, tipos=TODOS
2026-03-31 10:26:43.418 | WARN  | CID:611e0e91bb67 | USR:USU_ADMIN | Inspeccion/Detalle | [InspectoresDAO-DB2] Inspector no encontrado para cedula=0000000017, soloActivos=True
2026-03-31 10:26:43.418 | INFO  | CID:611e0e91bb67 | USR:USU_ADMIN | Inspeccion/Detalle | [InspectoresDAO-DB2] Query obtener por cedula: SELECT TRIM(OPICED) AS OPICED, TRIM(OPINO2) AS OPINO2, TRIM(OPIES1) AS OPIES1, TRIM(OPITIP) AS OPITIP FROM DGACDAT.OPIAR2 WHERE OPICED = ? FETCH FIRST 1 ROW ONLY
2026-03-31 10:26:43.418 | INFO  | CID:611e0e91bb67 | USR:USU_ADMIN | Inspeccion/Detalle | [InspectoresDAO-DB2] Parametros => cedula=17, soloActivos=False, tipos=TODOS
2026-03-31 10:26:43.418 | WARN  | CID:611e0e91bb67 | USR:USU_ADMIN | Inspeccion/Detalle | [InspectoresDAO-DB2] Inspector no encontrado para cedula=17, soloActivos=False
2026-03-31 10:26:43.433 | INFO  | CID:611e0e91bb67 | USR:USU_ADMIN | Inspeccion/Detalle | [InspectoresDAO-DB2] Query obtener por cedula: SELECT TRIM(OPICED) AS OPICED, TRIM(OPINO2) AS OPINO2, TRIM(OPIES1) AS OPIES1, TRIM(OPITIP) AS OPITIP FROM DGACDAT.OPIAR2 WHERE OPICED = ? FETCH FIRST 1 ROW ONLY
2026-03-31 10:26:43.433 | INFO  | CID:611e0e91bb67 | USR:USU_ADMIN | Inspeccion/Detalle | [InspectoresDAO-DB2] Parametros => cedula=0000000017, soloActivos=False, tipos=TODOS
2026-03-31 10:26:43.436 | WARN  | CID:611e0e91bb67 | USR:USU_ADMIN | Inspeccion/Detalle | [InspectoresDAO-DB2] Inspector no encontrado para cedula=0000000017, soloActivos=False
2026-03-31 10:26:43.436 | INFO  | CID:611e0e91bb67 | USR:USU_ADMIN | Inspeccion/Detalle | [InspectoresDAO-DB2] Query obtener por cedula: SELECT TRIM(OPICED) AS OPICED, TRIM(OPINO2) AS OPINO2, TRIM(OPIES1) AS OPIES1, TRIM(OPITIP) AS OPITIP FROM DGACDAT.OPIAR2 WHERE OPICED = ? AND UPPER(TRIM(COALESCE(OPIES1, ''))) = ? FETCH FIRST 1 ROW ONLY
2026-03-31 10:26:43.436 | INFO  | CID:611e0e91bb67 | USR:USU_ADMIN | Inspeccion/Detalle | [InspectoresDAO-DB2] Parametros => cedula=17, soloActivos=True, tipos=TODOS
2026-03-31 10:26:43.436 | WARN  | CID:611e0e91bb67 | USR:USU_ADMIN | Inspeccion/Detalle | [InspectoresDAO-DB2] Inspector no encontrado para cedula=17, soloActivos=True
2026-03-31 10:26:43.436 | INFO  | CID:611e0e91bb67 | USR:USU_ADMIN | Inspeccion/Detalle | [InspectoresDAO-DB2] Query obtener por cedula: SELECT TRIM(OPICED) AS OPICED, TRIM(OPINO2) AS OPINO2, TRIM(OPIES1) AS OPIES1, TRIM(OPITIP) AS OPITIP FROM DGACDAT.OPIAR2 WHERE OPICED = ? AND UPPER(TRIM(COALESCE(OPIES1, ''))) = ? FETCH FIRST 1 ROW ONLY
2026-03-31 10:26:43.436 | INFO  | CID:611e0e91bb67 | USR:USU_ADMIN | Inspeccion/Detalle | [InspectoresDAO-DB2] Parametros => cedula=0000000017, soloActivos=True, tipos=TODOS
2026-03-31 10:26:43.436 | WARN  | CID:611e0e91bb67 | USR:USU_ADMIN | Inspeccion/Detalle | [InspectoresDAO-DB2] Inspector no encontrado para cedula=0000000017, soloActivos=True
2026-03-31 10:26:43.436 | INFO  | CID:611e0e91bb67 | USR:USU_ADMIN | Inspeccion/Detalle | [InspectoresDAO-DB2] Query obtener por cedula: SELECT TRIM(OPICED) AS OPICED, TRIM(OPINO2) AS OPINO2, TRIM(OPIES1) AS OPIES1, TRIM(OPITIP) AS OPITIP FROM DGACDAT.OPIAR2 WHERE OPICED = ? FETCH FIRST 1 ROW ONLY
2026-03-31 10:26:43.436 | INFO  | CID:611e0e91bb67 | USR:USU_ADMIN | Inspeccion/Detalle | [InspectoresDAO-DB2] Parametros => cedula=17, soloActivos=False, tipos=TODOS
2026-03-31 10:26:43.436 | WARN  | CID:611e0e91bb67 | USR:USU_ADMIN | Inspeccion/Detalle | [InspectoresDAO-DB2] Inspector no encontrado para cedula=17, soloActivos=False
2026-03-31 10:26:43.436 | INFO  | CID:611e0e91bb67 | USR:USU_ADMIN | Inspeccion/Detalle | [InspectoresDAO-DB2] Query obtener por cedula: SELECT TRIM(OPICED) AS OPICED, TRIM(OPINO2) AS OPINO2, TRIM(OPIES1) AS OPIES1, TRIM(OPITIP) AS OPITIP FROM DGACDAT.OPIAR2 WHERE OPICED = ? FETCH FIRST 1 ROW ONLY
2026-03-31 10:26:43.436 | INFO  | CID:611e0e91bb67 | USR:USU_ADMIN | Inspeccion/Detalle | [InspectoresDAO-DB2] Parametros => cedula=0000000017, soloActivos=False, tipos=TODOS
2026-03-31 10:26:43.436 | WARN  | CID:611e0e91bb67 | USR:USU_ADMIN | Inspeccion/Detalle | [InspectoresDAO-DB2] Inspector no encontrado para cedula=0000000017, soloActivos=False
2026-03-31 10:26:43.436 | INFO  | CID:611e0e91bb67 | USR:USU_ADMIN | Inspeccion/Detalle | [GestionInspeccion] Detalle inspectores enriquecidos. InspeccionId=18, PrincipalCedula=17, PrincipalNombre=17, PrincipalTipo=, ApoyoCedula=, ApoyoNombre=, ApoyoTipo=
2026-03-31 10:27:38.363 | INFO  | CID:2bf057c479c8 | USR:USU_ADMIN | Inspeccion/FirmarInformeInspector | Iniciando acción: Inspeccion/FirmarInformeInspector
2026-03-31 10:27:38.380 | INFO  | CID:2bf057c479c8 | USR:USU_ADMIN | Inspeccion/FirmarInformeInspector | [GestionInspeccion] Inicio firma digital. InspeccionId=18, RolFirma=INSPECTOR, InformeId=15, VersionInforme=1, RutaFuente=C:\AOCR\AOCR\AOCR05-01-2026\AOCR1\AOCR\CapaPresentacion\App_Data\Uploads\Inspecciones\InformesTecnicos\InformeTecnico_18_v1_20260331102642.pdf, PdfBytes=179705, CertificadoBytes=8787, Usuario=USU_ADMIN
2026-03-31 10:27:40.161 | INFO  | CID:2bf057c479c8 | USR:USU_ADMIN | Inspeccion/FirmarInformeInspector | [GestionInspeccion] Firma digital generada. InspeccionId=18, RolFirma=INSPECTOR, InformeId=15, Hash=2FA79B6BCB32164B331809B5BA2C33C2E7D3070A5BD32EACB2770DA6901CA6AE, PdfFirmadoBytes=199041
2026-03-31 10:27:40.161 | INFO  | CID:2bf057c479c8 | USR:USU_ADMIN | Inspeccion/FirmarInformeInspector | [GestionInspeccion] Persistiendo firma digital. InspeccionId=18, RolFirma=INSPECTOR, InformeId=15, RutaFirmada=/App_Data/Uploads/Inspecciones/InformesTecnicos/Firmados/InformeTecnico_18_v1_inspector_20260331102740.pdf, EstadoAnterior=GENERADO, EstadoFinal=FIRMADO_INSPECTOR, UsuarioId=0
2026-03-31 10:27:40.202 | INFO  | CID:2bf057c479c8 | USR:USU_ADMIN | Inspeccion/FirmarInformeInspector | [GestionInspeccion] Firma digital persistida. InspeccionId=18, RolFirma=INSPECTOR, InformeId=15, RutaFirmada=/App_Data/Uploads/Inspecciones/InformesTecnicos/Firmados/InformeTecnico_18_v1_inspector_20260331102740.pdf
2026-03-31 10:27:41.553 | INFO  | CID:2bf057c479c8 | USR:USU_ADMIN | Inspeccion/FirmarInformeInspector | Acción completada: Inspeccion/FirmarInformeInspector
2026-03-31 10:27:41.559 | INFO  | CID:14364f50ffc8 | USR:USU_ADMIN | Inspeccion/Detalle | [GestionInspeccion] Inicio Detalle. InspeccionId=18, Usuario=USU_ADMIN, Rol=Administrador,Inspector,JefaturaTecnica,Direccion,CoordinacionLegal
2026-03-31 10:27:41.562 | INFO  | CID:14364f50ffc8 | USR:USU_ADMIN | Inspeccion/Detalle | [GestionInspeccion] InspeccionId=18, SolicitudId=48, EstadoActual=VERIFICACION_SOLICITUD, InspectorAsignado=17
2026-03-31 10:27:41.562 | INFO  | CID:14364f50ffc8 | USR:USU_ADMIN | Inspeccion/Detalle | [GestionInspeccion] PuedeGestionar=True para detalle. InspeccionId=18
2026-03-31 10:27:42.295 | INFO  | CID:14364f50ffc8 | USR:USU_ADMIN | Inspeccion/Detalle | [InspectoresDAO-DB2] Query obtener por cedula: SELECT TRIM(OPICED) AS OPICED, TRIM(OPINO2) AS OPINO2, TRIM(OPIES1) AS OPIES1, TRIM(OPITIP) AS OPITIP FROM DGACDAT.OPIAR2 WHERE OPICED = ? AND UPPER(TRIM(COALESCE(OPIES1, ''))) = ? FETCH FIRST 1 ROW ONLY
2026-03-31 10:27:42.295 | INFO  | CID:14364f50ffc8 | USR:USU_ADMIN | Inspeccion/Detalle | [InspectoresDAO-DB2] Parametros => cedula=17, soloActivos=True, tipos=TODOS
2026-03-31 10:27:42.295 | WARN  | CID:14364f50ffc8 | USR:USU_ADMIN | Inspeccion/Detalle | [InspectoresDAO-DB2] Inspector no encontrado para cedula=17, soloActivos=True
2026-03-31 10:27:42.295 | INFO  | CID:14364f50ffc8 | USR:USU_ADMIN | Inspeccion/Detalle | [InspectoresDAO-DB2] Query obtener por cedula: SELECT TRIM(OPICED) AS OPICED, TRIM(OPINO2) AS OPINO2, TRIM(OPIES1) AS OPIES1, TRIM(OPITIP) AS OPITIP FROM DGACDAT.OPIAR2 WHERE OPICED = ? AND UPPER(TRIM(COALESCE(OPIES1, ''))) = ? FETCH FIRST 1 ROW ONLY
2026-03-31 10:27:42.295 | INFO  | CID:14364f50ffc8 | USR:USU_ADMIN | Inspeccion/Detalle | [InspectoresDAO-DB2] Parametros => cedula=0000000017, soloActivos=True, tipos=TODOS
2026-03-31 10:27:42.312 | WARN  | CID:14364f50ffc8 | USR:USU_ADMIN | Inspeccion/Detalle | [InspectoresDAO-DB2] Inspector no encontrado para cedula=0000000017, soloActivos=True
2026-03-31 10:27:42.312 | INFO  | CID:14364f50ffc8 | USR:USU_ADMIN | Inspeccion/Detalle | [InspectoresDAO-DB2] Query obtener por cedula: SELECT TRIM(OPICED) AS OPICED, TRIM(OPINO2) AS OPINO2, TRIM(OPIES1) AS OPIES1, TRIM(OPITIP) AS OPITIP FROM DGACDAT.OPIAR2 WHERE OPICED = ? FETCH FIRST 1 ROW ONLY
2026-03-31 10:27:42.312 | INFO  | CID:14364f50ffc8 | USR:USU_ADMIN | Inspeccion/Detalle | [InspectoresDAO-DB2] Parametros => cedula=17, soloActivos=False, tipos=TODOS
2026-03-31 10:27:42.312 | WARN  | CID:14364f50ffc8 | USR:USU_ADMIN | Inspeccion/Detalle | [InspectoresDAO-DB2] Inspector no encontrado para cedula=17, soloActivos=False
2026-03-31 10:27:42.312 | INFO  | CID:14364f50ffc8 | USR:USU_ADMIN | Inspeccion/Detalle | [InspectoresDAO-DB2] Query obtener por cedula: SELECT TRIM(OPICED) AS OPICED, TRIM(OPINO2) AS OPINO2, TRIM(OPIES1) AS OPIES1, TRIM(OPITIP) AS OPITIP FROM DGACDAT.OPIAR2 WHERE OPICED = ? FETCH FIRST 1 ROW ONLY
2026-03-31 10:27:42.312 | INFO  | CID:14364f50ffc8 | USR:USU_ADMIN | Inspeccion/Detalle | [InspectoresDAO-DB2] Parametros => cedula=0000000017, soloActivos=False, tipos=TODOS
2026-03-31 10:27:42.312 | WARN  | CID:14364f50ffc8 | USR:USU_ADMIN | Inspeccion/Detalle | [InspectoresDAO-DB2] Inspector no encontrado para cedula=0000000017, soloActivos=False
2026-03-31 10:27:42.312 | INFO  | CID:14364f50ffc8 | USR:USU_ADMIN | Inspeccion/Detalle | [InspectoresDAO-DB2] Query obtener por cedula: SELECT TRIM(OPICED) AS OPICED, TRIM(OPINO2) AS OPINO2, TRIM(OPIES1) AS OPIES1, TRIM(OPITIP) AS OPITIP FROM DGACDAT.OPIAR2 WHERE OPICED = ? AND UPPER(TRIM(COALESCE(OPIES1, ''))) = ? FETCH FIRST 1 ROW ONLY
2026-03-31 10:27:42.312 | INFO  | CID:14364f50ffc8 | USR:USU_ADMIN | Inspeccion/Detalle | [InspectoresDAO-DB2] Parametros => cedula=17, soloActivos=True, tipos=TODOS
2026-03-31 10:27:42.312 | WARN  | CID:14364f50ffc8 | USR:USU_ADMIN | Inspeccion/Detalle | [InspectoresDAO-DB2] Inspector no encontrado para cedula=17, soloActivos=True
2026-03-31 10:27:42.312 | INFO  | CID:14364f50ffc8 | USR:USU_ADMIN | Inspeccion/Detalle | [InspectoresDAO-DB2] Query obtener por cedula: SELECT TRIM(OPICED) AS OPICED, TRIM(OPINO2) AS OPINO2, TRIM(OPIES1) AS OPIES1, TRIM(OPITIP) AS OPITIP FROM DGACDAT.OPIAR2 WHERE OPICED = ? AND UPPER(TRIM(COALESCE(OPIES1, ''))) = ? FETCH FIRST 1 ROW ONLY
2026-03-31 10:27:42.312 | INFO  | CID:14364f50ffc8 | USR:USU_ADMIN | Inspeccion/Detalle | [InspectoresDAO-DB2] Parametros => cedula=0000000017, soloActivos=True, tipos=TODOS
2026-03-31 10:27:42.312 | WARN  | CID:14364f50ffc8 | USR:USU_ADMIN | Inspeccion/Detalle | [InspectoresDAO-DB2] Inspector no encontrado para cedula=0000000017, soloActivos=True
2026-03-31 10:27:42.312 | INFO  | CID:14364f50ffc8 | USR:USU_ADMIN | Inspeccion/Detalle | [InspectoresDAO-DB2] Query obtener por cedula: SELECT TRIM(OPICED) AS OPICED, TRIM(OPINO2) AS OPINO2, TRIM(OPIES1) AS OPIES1, TRIM(OPITIP) AS OPITIP FROM DGACDAT.OPIAR2 WHERE OPICED = ? FETCH FIRST 1 ROW ONLY
2026-03-31 10:27:42.312 | INFO  | CID:14364f50ffc8 | USR:USU_ADMIN | Inspeccion/Detalle | [InspectoresDAO-DB2] Parametros => cedula=17, soloActivos=False, tipos=TODOS
2026-03-31 10:27:42.312 | WARN  | CID:14364f50ffc8 | USR:USU_ADMIN | Inspeccion/Detalle | [InspectoresDAO-DB2] Inspector no encontrado para cedula=17, soloActivos=False
2026-03-31 10:27:42.312 | INFO  | CID:14364f50ffc8 | USR:USU_ADMIN | Inspeccion/Detalle | [InspectoresDAO-DB2] Query obtener por cedula: SELECT TRIM(OPICED) AS OPICED, TRIM(OPINO2) AS OPINO2, TRIM(OPIES1) AS OPIES1, TRIM(OPITIP) AS OPITIP FROM DGACDAT.OPIAR2 WHERE OPICED = ? FETCH FIRST 1 ROW ONLY
2026-03-31 10:27:42.312 | INFO  | CID:14364f50ffc8 | USR:USU_ADMIN | Inspeccion/Detalle | [InspectoresDAO-DB2] Parametros => cedula=0000000017, soloActivos=False, tipos=TODOS
2026-03-31 10:27:42.329 | WARN  | CID:14364f50ffc8 | USR:USU_ADMIN | Inspeccion/Detalle | [InspectoresDAO-DB2] Inspector no encontrado para cedula=0000000017, soloActivos=False
2026-03-31 10:27:42.330 | INFO  | CID:14364f50ffc8 | USR:USU_ADMIN | Inspeccion/Detalle | [GestionInspeccion] Detalle inspectores enriquecidos. InspeccionId=18, PrincipalCedula=17, PrincipalNombre=17, PrincipalTipo=, ApoyoCedula=, ApoyoNombre=, ApoyoTipo=
2026-03-31 10:27:43.579 | INFO  | CID:N/A | Procesando email 111 para gercavi82@gmail.com
2026-03-31 10:27:43.924 | INFO  | CID:N/A | Email 111 enviado exitosamente
2026-03-31 10:27:51.951 | INFO  | CID:14660faf5272 | USR:USU_ADMIN | Inspeccion/GuardarPosicionFirmaInformeTecnico | Iniciando acción: Inspeccion/GuardarPosicionFirmaInformeTecnico
2026-03-31 10:27:51.961 | INFO  | CID:14660faf5272 | USR:USU_ADMIN | Inspeccion/GuardarPosicionFirmaInformeTecnico | Acción completada: Inspeccion/GuardarPosicionFirmaInformeTecnico
2026-03-31 10:27:59.514 | INFO  | CID:e01d193039e4 | USR:USU_ADMIN | Inspeccion/GuardarPosicionFirmaInformeTecnico | Iniciando acción: Inspeccion/GuardarPosicionFirmaInformeTecnico
2026-03-31 10:27:59.528 | INFO  | CID:e01d193039e4 | USR:USU_ADMIN | Inspeccion/GuardarPosicionFirmaInformeTecnico | Acción completada: Inspeccion/GuardarPosicionFirmaInformeTecnico
2026-03-31 10:28:18.363 | INFO  | CID:429ba10c479d | USR:USU_ADMIN | Inspeccion/FirmarInformeDirdac | Iniciando acción: Inspeccion/FirmarInformeDirdac
2026-03-31 10:28:18.379 | INFO  | CID:429ba10c479d | USR:USU_ADMIN | Inspeccion/FirmarInformeDirdac | [GestionInspeccion] Inicio firma digital. InspeccionId=18, RolFirma=DIRDAC, InformeId=15, VersionInforme=1, RutaFuente=C:\AOCR\AOCR\AOCR05-01-2026\AOCR1\AOCR\CapaPresentacion\App_Data\Uploads\Inspecciones\InformesTecnicos\Firmados\InformeTecnico_18_v1_inspector_20260331102740.pdf, PdfBytes=199041, CertificadoBytes=8787, Usuario=USU_ADMIN
2026-03-31 10:28:18.578 | INFO  | CID:429ba10c479d | USR:USU_ADMIN | Inspeccion/FirmarInformeDirdac | [GestionInspeccion] Firma digital generada. InspeccionId=18, RolFirma=DIRDAC, InformeId=15, Hash=34A9E8E3AB0A03A6CA8110C9EB5CD5CCE03F836377499F1726EFB6ACC613BAB7, PdfFirmadoBytes=218129
2026-03-31 10:28:18.579 | INFO  | CID:429ba10c479d | USR:USU_ADMIN | Inspeccion/FirmarInformeDirdac | [GestionInspeccion] Persistiendo firma digital. InspeccionId=18, RolFirma=DIRDAC, InformeId=15, RutaFirmada=/App_Data/Uploads/Inspecciones/InformesTecnicos/Firmados/InformeTecnico_18_v1_dirdac_20260331102818.pdf, EstadoAnterior=ENVIADO_A_DIRDAC, EstadoFinal=FIRMADO_FINAL, UsuarioId=0
2026-03-31 10:28:18.591 | INFO  | CID:429ba10c479d | USR:USU_ADMIN | Inspeccion/FirmarInformeDirdac | [GestionInspeccion] Firma digital persistida. InspeccionId=18, RolFirma=DIRDAC, InformeId=15, RutaFirmada=/App_Data/Uploads/Inspecciones/InformesTecnicos/Firmados/InformeTecnico_18_v1_dirdac_20260331102818.pdf
2026-03-31 10:28:19.831 | INFO  | CID:d45938cd13b0 | USR:USU_ADMIN | Inspeccion/FirmarInformeDirdac | Correo con adjunto enviado exitosamente a gercavi82@gmail.com
2026-03-31 10:28:20.090 | INFO  | CID:ced344c4c6f3 | USR:USU_ADMIN | Inspeccion/FirmarInformeDirdac | Correo con adjunto enviado exitosamente a mistercato973@gmail.com
2026-03-31 10:28:20.090 | INFO  | CID:429ba10c479d | USR:USU_ADMIN | Inspeccion/FirmarInformeDirdac | Acción completada: Inspeccion/FirmarInformeDirdac
2026-03-31 10:28:20.109 | INFO  | CID:c79c1aaf7b32 | USR:USU_ADMIN | Inspeccion/Detalle | [GestionInspeccion] Inicio Detalle. InspeccionId=18, Usuario=USU_ADMIN, Rol=Administrador,Inspector,JefaturaTecnica,Direccion,CoordinacionLegal
2026-03-31 10:28:20.109 | INFO  | CID:c79c1aaf7b32 | USR:USU_ADMIN | Inspeccion/Detalle | [GestionInspeccion] InspeccionId=18, SolicitudId=48, EstadoActual=VERIFICACION_SOLICITUD, InspectorAsignado=17
2026-03-31 10:28:20.109 | INFO  | CID:c79c1aaf7b32 | USR:USU_ADMIN | Inspeccion/Detalle | [GestionInspeccion] PuedeGestionar=True para detalle. InspeccionId=18
2026-03-31 10:28:20.641 | INFO  | CID:c79c1aaf7b32 | USR:USU_ADMIN | Inspeccion/Detalle | [InspectoresDAO-DB2] Query obtener por cedula: SELECT TRIM(OPICED) AS OPICED, TRIM(OPINO2) AS OPINO2, TRIM(OPIES1) AS OPIES1, TRIM(OPITIP) AS OPITIP FROM DGACDAT.OPIAR2 WHERE OPICED = ? AND UPPER(TRIM(COALESCE(OPIES1, ''))) = ? FETCH FIRST 1 ROW ONLY
2026-03-31 10:28:20.641 | INFO  | CID:c79c1aaf7b32 | USR:USU_ADMIN | Inspeccion/Detalle | [InspectoresDAO-DB2] Parametros => cedula=17, soloActivos=True, tipos=TODOS
2026-03-31 10:28:20.657 | WARN  | CID:c79c1aaf7b32 | USR:USU_ADMIN | Inspeccion/Detalle | [InspectoresDAO-DB2] Inspector no encontrado para cedula=17, soloActivos=True
2026-03-31 10:28:20.658 | INFO  | CID:c79c1aaf7b32 | USR:USU_ADMIN | Inspeccion/Detalle | [InspectoresDAO-DB2] Query obtener por cedula: SELECT TRIM(OPICED) AS OPICED, TRIM(OPINO2) AS OPINO2, TRIM(OPIES1) AS OPIES1, TRIM(OPITIP) AS OPITIP FROM DGACDAT.OPIAR2 WHERE OPICED = ? AND UPPER(TRIM(COALESCE(OPIES1, ''))) = ? FETCH FIRST 1 ROW ONLY
2026-03-31 10:28:20.658 | INFO  | CID:c79c1aaf7b32 | USR:USU_ADMIN | Inspeccion/Detalle | [InspectoresDAO-DB2] Parametros => cedula=0000000017, soloActivos=True, tipos=TODOS
2026-03-31 10:28:20.660 | WARN  | CID:c79c1aaf7b32 | USR:USU_ADMIN | Inspeccion/Detalle | [InspectoresDAO-DB2] Inspector no encontrado para cedula=0000000017, soloActivos=True
2026-03-31 10:28:20.661 | INFO  | CID:c79c1aaf7b32 | USR:USU_ADMIN | Inspeccion/Detalle | [InspectoresDAO-DB2] Query obtener por cedula: SELECT TRIM(OPICED) AS OPICED, TRIM(OPINO2) AS OPINO2, TRIM(OPIES1) AS OPIES1, TRIM(OPITIP) AS OPITIP FROM DGACDAT.OPIAR2 WHERE OPICED = ? FETCH FIRST 1 ROW ONLY
2026-03-31 10:28:20.661 | INFO  | CID:c79c1aaf7b32 | USR:USU_ADMIN | Inspeccion/Detalle | [InspectoresDAO-DB2] Parametros => cedula=17, soloActivos=False, tipos=TODOS
2026-03-31 10:28:20.663 | WARN  | CID:c79c1aaf7b32 | USR:USU_ADMIN | Inspeccion/Detalle | [InspectoresDAO-DB2] Inspector no encontrado para cedula=17, soloActivos=False
2026-03-31 10:28:20.663 | INFO  | CID:c79c1aaf7b32 | USR:USU_ADMIN | Inspeccion/Detalle | [InspectoresDAO-DB2] Query obtener por cedula: SELECT TRIM(OPICED) AS OPICED, TRIM(OPINO2) AS OPINO2, TRIM(OPIES1) AS OPIES1, TRIM(OPITIP) AS OPITIP FROM DGACDAT.OPIAR2 WHERE OPICED = ? FETCH FIRST 1 ROW ONLY
2026-03-31 10:28:20.664 | INFO  | CID:c79c1aaf7b32 | USR:USU_ADMIN | Inspeccion/Detalle | [InspectoresDAO-DB2] Parametros => cedula=0000000017, soloActivos=False, tipos=TODOS
2026-03-31 10:28:20.666 | WARN  | CID:c79c1aaf7b32 | USR:USU_ADMIN | Inspeccion/Detalle | [InspectoresDAO-DB2] Inspector no encontrado para cedula=0000000017, soloActivos=False
2026-03-31 10:28:20.666 | INFO  | CID:c79c1aaf7b32 | USR:USU_ADMIN | Inspeccion/Detalle | [InspectoresDAO-DB2] Query obtener por cedula: SELECT TRIM(OPICED) AS OPICED, TRIM(OPINO2) AS OPINO2, TRIM(OPIES1) AS OPIES1, TRIM(OPITIP) AS OPITIP FROM DGACDAT.OPIAR2 WHERE OPICED = ? AND UPPER(TRIM(COALESCE(OPIES1, ''))) = ? FETCH FIRST 1 ROW ONLY
2026-03-31 10:28:20.667 | INFO  | CID:c79c1aaf7b32 | USR:USU_ADMIN | Inspeccion/Detalle | [InspectoresDAO-DB2] Parametros => cedula=17, soloActivos=True, tipos=TODOS
2026-03-31 10:28:20.669 | WARN  | CID:c79c1aaf7b32 | USR:USU_ADMIN | Inspeccion/Detalle | [InspectoresDAO-DB2] Inspector no encontrado para cedula=17, soloActivos=True
2026-03-31 10:28:20.669 | INFO  | CID:c79c1aaf7b32 | USR:USU_ADMIN | Inspeccion/Detalle | [InspectoresDAO-DB2] Query obtener por cedula: SELECT TRIM(OPICED) AS OPICED, TRIM(OPINO2) AS OPINO2, TRIM(OPIES1) AS OPIES1, TRIM(OPITIP) AS OPITIP FROM DGACDAT.OPIAR2 WHERE OPICED = ? AND UPPER(TRIM(COALESCE(OPIES1, ''))) = ? FETCH FIRST 1 ROW ONLY
2026-03-31 10:28:20.669 | INFO  | CID:c79c1aaf7b32 | USR:USU_ADMIN | Inspeccion/Detalle | [InspectoresDAO-DB2] Parametros => cedula=0000000017, soloActivos=True, tipos=TODOS
2026-03-31 10:28:20.671 | WARN  | CID:c79c1aaf7b32 | USR:USU_ADMIN | Inspeccion/Detalle | [InspectoresDAO-DB2] Inspector no encontrado para cedula=0000000017, soloActivos=True
2026-03-31 10:28:20.672 | INFO  | CID:c79c1aaf7b32 | USR:USU_ADMIN | Inspeccion/Detalle | [InspectoresDAO-DB2] Query obtener por cedula: SELECT TRIM(OPICED) AS OPICED, TRIM(OPINO2) AS OPINO2, TRIM(OPIES1) AS OPIES1, TRIM(OPITIP) AS OPITIP FROM DGACDAT.OPIAR2 WHERE OPICED = ? FETCH FIRST 1 ROW ONLY
2026-03-31 10:28:20.672 | INFO  | CID:c79c1aaf7b32 | USR:USU_ADMIN | Inspeccion/Detalle | [InspectoresDAO-DB2] Parametros => cedula=17, soloActivos=False, tipos=TODOS
2026-03-31 10:28:20.674 | WARN  | CID:c79c1aaf7b32 | USR:USU_ADMIN | Inspeccion/Detalle | [InspectoresDAO-DB2] Inspector no encontrado para cedula=17, soloActivos=False
2026-03-31 10:28:20.674 | INFO  | CID:c79c1aaf7b32 | USR:USU_ADMIN | Inspeccion/Detalle | [InspectoresDAO-DB2] Query obtener por cedula: SELECT TRIM(OPICED) AS OPICED, TRIM(OPINO2) AS OPINO2, TRIM(OPIES1) AS OPIES1, TRIM(OPITIP) AS OPITIP FROM DGACDAT.OPIAR2 WHERE OPICED = ? FETCH FIRST 1 ROW ONLY
2026-03-31 10:28:20.675 | INFO  | CID:c79c1aaf7b32 | USR:USU_ADMIN | Inspeccion/Detalle | [InspectoresDAO-DB2] Parametros => cedula=0000000017, soloActivos=False, tipos=TODOS
2026-03-31 10:28:20.677 | WARN  | CID:c79c1aaf7b32 | USR:USU_ADMIN | Inspeccion/Detalle | [InspectoresDAO-DB2] Inspector no encontrado para cedula=0000000017, soloActivos=False
2026-03-31 10:28:20.677 | INFO  | CID:c79c1aaf7b32 | USR:USU_ADMIN | Inspeccion/Detalle | [GestionInspeccion] Detalle inspectores enriquecidos. InspeccionId=18, PrincipalCedula=17, PrincipalNombre=17, PrincipalTipo=, ApoyoCedula=, ApoyoNombre=, ApoyoTipo=
2026-03-31 10:38:22.807 | INFO  | CID:3b1e5e8a4911 | USR:USU_ADMIN | CoordinacionJefatura/GuardarPosicionFirmaAocr | Iniciando acción: CoordinacionJefatura/GuardarPosicionFirmaAocr
2026-03-31 10:38:23.684 | INFO  | CID:3b1e5e8a4911 | USR:USU_ADMIN | CoordinacionJefatura/GuardarPosicionFirmaAocr | Acción completada: CoordinacionJefatura/GuardarPosicionFirmaAocr
2026-03-31 10:38:27.420 | INFO  | CID:6b722bc9ab3d | USR:USU_ADMIN | CoordinacionJefatura/GenerarDocumentoValidacionAocr | Iniciando acción: CoordinacionJefatura/GenerarDocumentoValidacionAocr
2026-03-31 10:38:33.333 | INFO  | CID:6b722bc9ab3d | USR:USU_ADMIN | CoordinacionJefatura/GenerarDocumentoValidacionAocr | Acción completada: CoordinacionJefatura/GenerarDocumentoValidacionAocr
2026-03-31 10:46:34.227 | INFO  | CID:N/A | Iniciando procesador de cola de correos
2026-03-31 10:46:56.769 | INFO  | CID:fdcba3f809a4 | Account/Login | Iniciando acción: Account/Login
2026-03-31 10:46:57.474 | INFO  | CID:fdcba3f809a4 | Account/Login | Acción completada: Account/Login
2026-03-31 10:48:09.020 | INFO  | CID:e53564bf9f7b | USR:USU_ADMIN | CoordinacionJefatura/GuardarPosicionFirmaAocr | Iniciando acción: CoordinacionJefatura/GuardarPosicionFirmaAocr
2026-03-31 10:48:10.134 | INFO  | CID:e53564bf9f7b | USR:USU_ADMIN | CoordinacionJefatura/GuardarPosicionFirmaAocr | Acción completada: CoordinacionJefatura/GuardarPosicionFirmaAocr
2026-03-31 10:48:48.229 | INFO  | CID:9921a4e49b35 | USR:USU_ADMIN | CoordinacionJefatura/CargarDatosFirmaDigitalAocr | Iniciando acción: CoordinacionJefatura/CargarDatosFirmaDigitalAocr
2026-03-31 10:48:48.696 | INFO  | CID:9921a4e49b35 | USR:USU_ADMIN | CoordinacionJefatura/CargarDatosFirmaDigitalAocr | Acción completada: CoordinacionJefatura/CargarDatosFirmaDigitalAocr
2026-03-31 10:49:55.837 | INFO  | CID:4ea5da5da269 | USR:USU_ADMIN | CoordinacionJefatura/GuardarPosicionFirmaAocr | Iniciando acción: CoordinacionJefatura/GuardarPosicionFirmaAocr
2026-03-31 10:49:56.717 | INFO  | CID:4ea5da5da269 | USR:USU_ADMIN | CoordinacionJefatura/GuardarPosicionFirmaAocr | Acción completada: CoordinacionJefatura/GuardarPosicionFirmaAocr
2026-03-31 10:50:01.611 | INFO  | CID:0adb55c72027 | USR:USU_ADMIN | CoordinacionJefatura/GenerarDocumentoValidacionAocr | Iniciando acción: CoordinacionJefatura/GenerarDocumentoValidacionAocr
2026-03-31 10:50:10.452 | INFO  | CID:0adb55c72027 | USR:USU_ADMIN | CoordinacionJefatura/GenerarDocumentoValidacionAocr | Acción completada: CoordinacionJefatura/GenerarDocumentoValidacionAocr
2026-03-31 10:58:07.115 | INFO  | CID:N/A | Iniciando procesador de cola de correos
2026-03-31 10:58:32.015 | INFO  | CID:a86ffcb66c4a | Account/Login | Iniciando acción: Account/Login
2026-03-31 10:58:32.684 | INFO  | CID:a86ffcb66c4a | Account/Login | Acción completada: Account/Login
2026-03-31 10:59:11.494 | INFO  | CID:2c965f5f8812 | USR:USU_ADMIN | CoordinacionJefatura/GuardarPosicionFirmaAocr | Iniciando acción: CoordinacionJefatura/GuardarPosicionFirmaAocr
2026-03-31 10:59:12.433 | INFO  | CID:2c965f5f8812 | USR:USU_ADMIN | CoordinacionJefatura/GuardarPosicionFirmaAocr | Acción completada: CoordinacionJefatura/GuardarPosicionFirmaAocr
2026-03-31 10:59:13.276 | INFO  | CID:1e51365ffbeb | USR:USU_ADMIN | CoordinacionJefatura/GuardarPosicionFirmaAocr | Iniciando acción: CoordinacionJefatura/GuardarPosicionFirmaAocr
2026-03-31 10:59:14.166 | INFO  | CID:1e51365ffbeb | USR:USU_ADMIN | CoordinacionJefatura/GuardarPosicionFirmaAocr | Acción completada: CoordinacionJefatura/GuardarPosicionFirmaAocr
2026-03-31 10:59:18.622 | INFO  | CID:7cc72660a9fc | USR:USU_ADMIN | CoordinacionJefatura/GenerarDocumentoValidacionAocr | Iniciando acción: CoordinacionJefatura/GenerarDocumentoValidacionAocr
2026-03-31 10:59:23.884 | INFO  | CID:7cc72660a9fc | USR:USU_ADMIN | CoordinacionJefatura/GenerarDocumentoValidacionAocr | Acción completada: CoordinacionJefatura/GenerarDocumentoValidacionAocr
2026-03-31 10:59:34.672 | INFO  | CID:f91ae065dcda | USR:USU_ADMIN | CoordinacionJefatura/GenerarDocumentoValidacionAocr | Iniciando acción: CoordinacionJefatura/GenerarDocumentoValidacionAocr
2026-03-31 10:59:36.567 | INFO  | CID:f91ae065dcda | USR:USU_ADMIN | CoordinacionJefatura/GenerarDocumentoValidacionAocr | Acción completada: CoordinacionJefatura/GenerarDocumentoValidacionAocr
2026-03-31 11:05:18.940 | INFO  | CID:N/A | Iniciando procesador de cola de correos
2026-03-31 11:05:37.075 | INFO  | CID:abac10940e84 | Account/Login | Iniciando acción: Account/Login
2026-03-31 11:05:37.798 | INFO  | CID:abac10940e84 | Account/Login | Acción completada: Account/Login
2026-03-31 11:06:33.941 | INFO  | CID:8f7cdb72580f | USR:USU_ADMIN | CoordinacionJefatura/GuardarPosicionFirmaAocr | Iniciando acción: CoordinacionJefatura/GuardarPosicionFirmaAocr
2026-03-31 11:06:34.821 | INFO  | CID:8f7cdb72580f | USR:USU_ADMIN | CoordinacionJefatura/GuardarPosicionFirmaAocr | Acción completada: CoordinacionJefatura/GuardarPosicionFirmaAocr
2026-03-31 11:07:11.011 | INFO  | CID:b1a40ac5305d | USR:USU_ADMIN | CoordinacionJefatura/CargarDatosFirmaDigitalAocr | Iniciando acción: CoordinacionJefatura/CargarDatosFirmaDigitalAocr
2026-03-31 11:07:11.688 | INFO  | CID:b1a40ac5305d | USR:USU_ADMIN | CoordinacionJefatura/CargarDatosFirmaDigitalAocr | Acción completada: CoordinacionJefatura/CargarDatosFirmaDigitalAocr
2026-03-31 11:07:32.279 | INFO  | CID:22838938c836 | USR:USU_ADMIN | CoordinacionJefatura/GenerarDocumentoValidacionAocr | Iniciando acción: CoordinacionJefatura/GenerarDocumentoValidacionAocr
2026-03-31 11:07:43.913 | INFO  | CID:22838938c836 | USR:USU_ADMIN | CoordinacionJefatura/GenerarDocumentoValidacionAocr | Acción completada: CoordinacionJefatura/GenerarDocumentoValidacionAocr
2026-03-31 11:13:57.782 | INFO  | CID:N/A | Iniciando procesador de cola de correos
2026-03-31 11:14:19.081 | INFO  | CID:fcce6f674ccd | Account/Login | Iniciando acción: Account/Login
2026-03-31 11:14:19.782 | INFO  | CID:fcce6f674ccd | Account/Login | Acción completada: Account/Login
2026-03-31 11:15:09.109 | INFO  | CID:4596d61e9939 | USR:USU_ADMIN | CoordinacionJefatura/CargarDatosFirmaDigitalAocr | Iniciando acción: CoordinacionJefatura/CargarDatosFirmaDigitalAocr
2026-03-31 11:15:09.436 | INFO  | CID:4596d61e9939 | USR:USU_ADMIN | CoordinacionJefatura/CargarDatosFirmaDigitalAocr | Acción completada: CoordinacionJefatura/CargarDatosFirmaDigitalAocr
2026-03-31 11:15:18.249 | INFO  | CID:d1cff8cecc3a | USR:USU_ADMIN | CoordinacionJefatura/GuardarPosicionFirmaAocr | Iniciando acción: CoordinacionJefatura/GuardarPosicionFirmaAocr
2026-03-31 11:15:19.166 | INFO  | CID:d1cff8cecc3a | USR:USU_ADMIN | CoordinacionJefatura/GuardarPosicionFirmaAocr | Acción completada: CoordinacionJefatura/GuardarPosicionFirmaAocr
2026-03-31 11:15:25.837 | INFO  | CID:fcaa4bf29579 | USR:USU_ADMIN | CoordinacionJefatura/GenerarDocumentoValidacionAocr | Iniciando acción: CoordinacionJefatura/GenerarDocumentoValidacionAocr
2026-03-31 11:15:37.420 | INFO  | CID:fcaa4bf29579 | USR:USU_ADMIN | CoordinacionJefatura/GenerarDocumentoValidacionAocr | Acción completada: CoordinacionJefatura/GenerarDocumentoValidacionAocr
2026-03-31 11:18:17.428 | INFO  | CID:5bf3b50b70d9 | USR:USU_ADMIN | CoordinacionJefatura/GuardarPosicionFirmaAocr | Iniciando acción: CoordinacionJefatura/GuardarPosicionFirmaAocr
2026-03-31 11:18:18.507 | INFO  | CID:5bf3b50b70d9 | USR:USU_ADMIN | CoordinacionJefatura/GuardarPosicionFirmaAocr | Acción completada: CoordinacionJefatura/GuardarPosicionFirmaAocr
2026-03-31 11:28:03.915 | INFO  | CID:N/A | Iniciando procesador de cola de correos
2026-03-31 11:28:22.987 | INFO  | CID:eb701670d8cf | Account/Login | Iniciando acción: Account/Login
2026-03-31 11:28:23.712 | INFO  | CID:eb701670d8cf | Account/Login | Acción completada: Account/Login
2026-03-31 11:31:32.210 | INFO  | CID:b55f05797a5b | USR:USU_ADMIN | CoordinacionJefatura/GuardarPosicionFirmaAocr | Iniciando acción: CoordinacionJefatura/GuardarPosicionFirmaAocr
2026-03-31 11:31:33.116 | INFO  | CID:b55f05797a5b | USR:USU_ADMIN | CoordinacionJefatura/GuardarPosicionFirmaAocr | Acción completada: CoordinacionJefatura/GuardarPosicionFirmaAocr
2026-03-31 11:31:51.721 | INFO  | CID:2c13cdd68941 | USR:USU_ADMIN | CoordinacionJefatura/CargarDatosFirmaDigitalAocr | Iniciando acción: CoordinacionJefatura/CargarDatosFirmaDigitalAocr
2026-03-31 11:31:51.932 | INFO  | CID:2c13cdd68941 | USR:USU_ADMIN | CoordinacionJefatura/CargarDatosFirmaDigitalAocr | Acción completada: CoordinacionJefatura/CargarDatosFirmaDigitalAocr
2026-03-31 11:32:07.630 | INFO  | CID:037610c255f4 | USR:USU_ADMIN | CoordinacionJefatura/CargarDatosFirmaDigitalAocr | Iniciando acción: CoordinacionJefatura/CargarDatosFirmaDigitalAocr
2026-03-31 11:32:07.879 | INFO  | CID:037610c255f4 | USR:USU_ADMIN | CoordinacionJefatura/CargarDatosFirmaDigitalAocr | Acción completada: CoordinacionJefatura/CargarDatosFirmaDigitalAocr
2026-03-31 11:32:17.250 | INFO  | CID:33bb6a7116d6 | USR:USU_ADMIN | CoordinacionJefatura/GenerarDocumentoValidacionAocr | Iniciando acción: CoordinacionJefatura/GenerarDocumentoValidacionAocr
2026-03-31 11:32:25.051 | INFO  | CID:33bb6a7116d6 | USR:USU_ADMIN | CoordinacionJefatura/GenerarDocumentoValidacionAocr | Acción completada: CoordinacionJefatura/GenerarDocumentoValidacionAocr
2026-03-31 11:39:13.136 | INFO  | CID:N/A | Iniciando procesador de cola de correos
2026-03-31 11:39:31.191 | INFO  | CID:f3b5a7da51f2 | Account/Login | Iniciando acción: Account/Login
2026-03-31 11:39:31.916 | INFO  | CID:f3b5a7da51f2 | Account/Login | Acción completada: Account/Login
2026-03-31 11:40:39.991 | INFO  | CID:fc8c28d80bd5 | USR:USU_ADMIN | CoordinacionJefatura/CargarDatosFirmaDigitalAocr | Iniciando acción: CoordinacionJefatura/CargarDatosFirmaDigitalAocr
2026-03-31 11:40:40.542 | INFO  | CID:fc8c28d80bd5 | USR:USU_ADMIN | CoordinacionJefatura/CargarDatosFirmaDigitalAocr | Acción completada: CoordinacionJefatura/CargarDatosFirmaDigitalAocr
2026-03-31 11:40:45.699 | INFO  | CID:c9a64659124e | USR:USU_ADMIN | CoordinacionJefatura/GuardarPosicionFirmaAocr | Iniciando acción: CoordinacionJefatura/GuardarPosicionFirmaAocr
2026-03-31 11:40:46.593 | INFO  | CID:c9a64659124e | USR:USU_ADMIN | CoordinacionJefatura/GuardarPosicionFirmaAocr | Acción completada: CoordinacionJefatura/GuardarPosicionFirmaAocr
2026-03-31 11:40:49.566 | INFO  | CID:1be97f197b4f | USR:USU_ADMIN | CoordinacionJefatura/GenerarDocumentoValidacionAocr | Iniciando acción: CoordinacionJefatura/GenerarDocumentoValidacionAocr
2026-03-31 11:40:56.989 | INFO  | CID:1be97f197b4f | USR:USU_ADMIN | CoordinacionJefatura/GenerarDocumentoValidacionAocr | Acción completada: CoordinacionJefatura/GenerarDocumentoValidacionAocr
2026-03-31 11:48:05.860 | INFO  | CID:N/A | Iniciando procesador de cola de correos
2026-03-31 11:48:25.891 | INFO  | CID:cc79b6e0db68 | Account/Login | Iniciando acción: Account/Login
2026-03-31 11:48:26.703 | INFO  | CID:cc79b6e0db68 | Account/Login | Acción completada: Account/Login
2026-03-31 11:48:58.116 | INFO  | CID:4ed07694987c | USR:USU_ADMIN | CoordinacionJefatura/GuardarPosicionFirmaAocr | Iniciando acción: CoordinacionJefatura/GuardarPosicionFirmaAocr
2026-03-31 11:48:59.027 | INFO  | CID:4ed07694987c | USR:USU_ADMIN | CoordinacionJefatura/GuardarPosicionFirmaAocr | Acción completada: CoordinacionJefatura/GuardarPosicionFirmaAocr
2026-03-31 11:49:04.931 | INFO  | CID:c55fef695c72 | USR:USU_ADMIN | CoordinacionJefatura/GenerarDocumentoValidacionAocr | Iniciando acción: CoordinacionJefatura/GenerarDocumentoValidacionAocr
2026-03-31 11:49:18.247 | INFO  | CID:c55fef695c72 | USR:USU_ADMIN | CoordinacionJefatura/GenerarDocumentoValidacionAocr | Acción completada: CoordinacionJefatura/GenerarDocumentoValidacionAocr
2026-03-31 11:49:27.162 | INFO  | CID:fbc35ca42b62 | USR:USU_ADMIN | CoordinacionJefatura/GuardarPosicionFirmaAocr | Iniciando acción: CoordinacionJefatura/GuardarPosicionFirmaAocr
2026-03-31 11:49:28.044 | INFO  | CID:fbc35ca42b62 | USR:USU_ADMIN | CoordinacionJefatura/GuardarPosicionFirmaAocr | Acción completada: CoordinacionJefatura/GuardarPosicionFirmaAocr
2026-03-31 11:49:30.962 | INFO  | CID:252384f4a197 | USR:USU_ADMIN | CoordinacionJefatura/GenerarDocumentoValidacionAocr | Iniciando acción: CoordinacionJefatura/GenerarDocumentoValidacionAocr
2026-03-31 11:49:32.882 | INFO  | CID:252384f4a197 | USR:USU_ADMIN | CoordinacionJefatura/GenerarDocumentoValidacionAocr | Acción completada: CoordinacionJefatura/GenerarDocumentoValidacionAocr
2026-03-31 11:49:46.317 | INFO  | CID:df9ea1df6664 | USR:USU_ADMIN | CoordinacionJefatura/CargarDatosFirmaDigitalAocr | Iniciando acción: CoordinacionJefatura/CargarDatosFirmaDigitalAocr
2026-03-31 11:49:46.670 | INFO  | CID:df9ea1df6664 | USR:USU_ADMIN | CoordinacionJefatura/CargarDatosFirmaDigitalAocr | Acción completada: CoordinacionJefatura/CargarDatosFirmaDigitalAocr
2026-03-31 11:49:49.920 | INFO  | CID:f09780e1285e | USR:USU_ADMIN | CoordinacionJefatura/GenerarDocumentoValidacionAocr | Iniciando acción: CoordinacionJefatura/GenerarDocumentoValidacionAocr
2026-03-31 11:49:53.276 | INFO  | CID:f09780e1285e | USR:USU_ADMIN | CoordinacionJefatura/GenerarDocumentoValidacionAocr | Acción completada: CoordinacionJefatura/GenerarDocumentoValidacionAocr
2026-03-31 11:58:30.906 | INFO  | CID:N/A | Iniciando procesador de cola de correos
2026-03-31 11:59:06.478 | INFO  | CID:c75acb60aa48 | Account/Login | Iniciando acción: Account/Login
2026-03-31 11:59:07.194 | INFO  | CID:c75acb60aa48 | Account/Login | Acción completada: Account/Login
2026-03-31 11:59:38.742 | INFO  | CID:3fb0ab994100 | USR:USU_ADMIN | CoordinacionJefatura/GuardarPosicionFirmaAocr | Iniciando acción: CoordinacionJefatura/GuardarPosicionFirmaAocr
2026-03-31 11:59:39.693 | INFO  | CID:3fb0ab994100 | USR:USU_ADMIN | CoordinacionJefatura/GuardarPosicionFirmaAocr | Acción completada: CoordinacionJefatura/GuardarPosicionFirmaAocr
2026-03-31 11:59:46.246 | INFO  | CID:8eef6ee150d5 | USR:USU_ADMIN | CoordinacionJefatura/GenerarDocumentoValidacionAocr | Iniciando acción: CoordinacionJefatura/GenerarDocumentoValidacionAocr
2026-03-31 11:59:53.422 | INFO  | CID:8eef6ee150d5 | USR:USU_ADMIN | CoordinacionJefatura/GenerarDocumentoValidacionAocr | Acción completada: CoordinacionJefatura/GenerarDocumentoValidacionAocr
2026-03-31 12:00:26.536 | INFO  | CID:4ee3f372d7d8 | USR:USU_ADMIN | CoordinacionJefatura/CargarDatosFirmaDigitalAocr | Iniciando acción: CoordinacionJefatura/CargarDatosFirmaDigitalAocr
2026-03-31 12:00:26.919 | INFO  | CID:4ee3f372d7d8 | USR:USU_ADMIN | CoordinacionJefatura/CargarDatosFirmaDigitalAocr | Acción completada: CoordinacionJefatura/CargarDatosFirmaDigitalAocr
2026-03-31 12:00:32.905 | INFO  | CID:b4952093a974 | USR:USU_ADMIN | CoordinacionJefatura/GenerarDocumentoValidacionAocr | Iniciando acción: CoordinacionJefatura/GenerarDocumentoValidacionAocr
2026-03-31 12:00:36.088 | INFO  | CID:b4952093a974 | USR:USU_ADMIN | CoordinacionJefatura/GenerarDocumentoValidacionAocr | Acción completada: CoordinacionJefatura/GenerarDocumentoValidacionAocr
2026-03-31 12:12:57.330 | INFO  | CID:N/A | Iniciando procesador de cola de correos
2026-03-31 12:13:31.707 | INFO  | CID:70ccd92cef33 | Account/Login | Iniciando acción: Account/Login
2026-03-31 12:13:32.408 | INFO  | CID:70ccd92cef33 | Account/Login | Acción completada: Account/Login
2026-03-31 12:14:13.000 | INFO  | CID:43ec59c8353d | USR:USU_ADMIN | CoordinacionJefatura/GuardarPosicionFirmaAocr | Iniciando acción: CoordinacionJefatura/GuardarPosicionFirmaAocr
2026-03-31 12:14:13.890 | INFO  | CID:43ec59c8353d | USR:USU_ADMIN | CoordinacionJefatura/GuardarPosicionFirmaAocr | Acción completada: CoordinacionJefatura/GuardarPosicionFirmaAocr
2026-03-31 12:14:25.308 | INFO  | CID:c2a5c8ac70f2 | USR:USU_ADMIN | CoordinacionJefatura/GuardarPosicionFirmaAocr | Iniciando acción: CoordinacionJefatura/GuardarPosicionFirmaAocr
2026-03-31 12:14:26.403 | INFO  | CID:c2a5c8ac70f2 | USR:USU_ADMIN | CoordinacionJefatura/GuardarPosicionFirmaAocr | Acción completada: CoordinacionJefatura/GuardarPosicionFirmaAocr
2026-03-31 12:14:43.631 | INFO  | CID:711c1ca98f8d | USR:USU_ADMIN | CoordinacionJefatura/GenerarDocumentoValidacionAocr | Iniciando acción: CoordinacionJefatura/GenerarDocumentoValidacionAocr
2026-03-31 12:14:50.748 | INFO  | CID:711c1ca98f8d | USR:USU_ADMIN | CoordinacionJefatura/GenerarDocumentoValidacionAocr | Acción completada: CoordinacionJefatura/GenerarDocumentoValidacionAocr
2026-03-31 12:15:08.764 | INFO  | CID:9c9dcb6787ee | USR:USU_ADMIN | CoordinacionJefatura/CargarDatosFirmaDigitalAocr | Iniciando acción: CoordinacionJefatura/CargarDatosFirmaDigitalAocr
2026-03-31 12:15:09.090 | INFO  | CID:9c9dcb6787ee | USR:USU_ADMIN | CoordinacionJefatura/CargarDatosFirmaDigitalAocr | Acción completada: CoordinacionJefatura/CargarDatosFirmaDigitalAocr
2026-03-31 12:15:17.736 | INFO  | CID:3e734affb813 | USR:USU_ADMIN | CoordinacionJefatura/GenerarDocumentoValidacionAocr | Iniciando acción: CoordinacionJefatura/GenerarDocumentoValidacionAocr
2026-03-31 12:15:20.910 | INFO  | CID:3e734affb813 | USR:USU_ADMIN | CoordinacionJefatura/GenerarDocumentoValidacionAocr | Acción completada: CoordinacionJefatura/GenerarDocumentoValidacionAocr
2026-03-31 12:21:23.271 | INFO  | CID:N/A | Iniciando procesador de cola de correos
2026-03-31 12:21:45.183 | INFO  | CID:c3f736306b85 | Account/Login | Iniciando acción: Account/Login
2026-03-31 12:21:45.882 | INFO  | CID:c3f736306b85 | Account/Login | Acción completada: Account/Login
2026-03-31 12:22:52.925 | INFO  | CID:6d2e4736f035 | USR:USU_ADMIN | CoordinacionJefatura/CargarDatosFirmaDigitalAocr | Iniciando acción: CoordinacionJefatura/CargarDatosFirmaDigitalAocr
2026-03-31 12:22:53.272 | INFO  | CID:6d2e4736f035 | USR:USU_ADMIN | CoordinacionJefatura/CargarDatosFirmaDigitalAocr | Acción completada: CoordinacionJefatura/CargarDatosFirmaDigitalAocr
2026-03-31 12:23:01.540 | INFO  | CID:0813201091e8 | USR:USU_ADMIN | CoordinacionJefatura/GuardarPosicionFirmaAocr | Iniciando acción: CoordinacionJefatura/GuardarPosicionFirmaAocr
2026-03-31 12:23:02.444 | INFO  | CID:0813201091e8 | USR:USU_ADMIN | CoordinacionJefatura/GuardarPosicionFirmaAocr | Acción completada: CoordinacionJefatura/GuardarPosicionFirmaAocr
2026-03-31 12:23:09.413 | INFO  | CID:d6448b21c500 | USR:USU_ADMIN | CoordinacionJefatura/GenerarDocumentoValidacionAocr | Iniciando acción: CoordinacionJefatura/GenerarDocumentoValidacionAocr
2026-03-31 12:23:20.373 | INFO  | CID:d6448b21c500 | USR:USU_ADMIN | CoordinacionJefatura/GenerarDocumentoValidacionAocr | Acción completada: CoordinacionJefatura/GenerarDocumentoValidacionAocr
2026-03-31 12:25:11.051 | INFO  | CID:24549a08d7f1 | USR:USU_ADMIN | CoordinacionJefatura/CargarDatosFirmaDigitalAocr | Iniciando acción: CoordinacionJefatura/CargarDatosFirmaDigitalAocr
2026-03-31 12:25:11.209 | INFO  | CID:24549a08d7f1 | USR:USU_ADMIN | CoordinacionJefatura/CargarDatosFirmaDigitalAocr | Acción completada: CoordinacionJefatura/CargarDatosFirmaDigitalAocr
2026-03-31 12:25:22.953 | INFO  | CID:21c80523dd5f | USR:USU_ADMIN | CoordinacionJefatura/GuardarPosicionFirmaAocr | Iniciando acción: CoordinacionJefatura/GuardarPosicionFirmaAocr
2026-03-31 12:25:24.070 | INFO  | CID:21c80523dd5f | USR:USU_ADMIN | CoordinacionJefatura/GuardarPosicionFirmaAocr | Acción completada: CoordinacionJefatura/GuardarPosicionFirmaAocr
2026-03-31 12:25:27.239 | INFO  | CID:b376fcb64849 | USR:USU_ADMIN | CoordinacionJefatura/GenerarDocumentoValidacionAocr | Iniciando acción: CoordinacionJefatura/GenerarDocumentoValidacionAocr
2026-03-31 12:25:33.603 | INFO  | CID:b376fcb64849 | USR:USU_ADMIN | CoordinacionJefatura/GenerarDocumentoValidacionAocr | Acción completada: CoordinacionJefatura/GenerarDocumentoValidacionAocr
2026-03-31 13:31:41.017 | INFO  | CID:82388ac3b0ac | Account/Login | Iniciando acción: Account/Login
2026-03-31 13:31:41.482 | INFO  | CID:82388ac3b0ac | Account/Login | Acción completada: Account/Login
2026-03-31 13:33:37.409 | INFO  | CID:80232522e9b9 | USR:USU_ADMIN | SolicitudAOCR/MarcarAocrEnElaboracion | Iniciando acción: SolicitudAOCR/MarcarAocrEnElaboracion
2026-03-31 13:33:37.421 | INFO  | CID:80232522e9b9 | USR:USU_ADMIN | SolicitudAOCR/MarcarAocrEnElaboracion | Acción completada: SolicitudAOCR/MarcarAocrEnElaboracion
2026-03-31 14:39:15.486 | INFO  | CID:c85f4fe2c93e | Account/Login | Iniciando acción: Account/Login
2026-03-31 14:39:15.907 | INFO  | CID:c85f4fe2c93e | Account/Login | Acción completada: Account/Login
2026-03-31 14:39:59.265 | INFO  | CID:c939a378cb8d | USR:USU_ADMIN | CoordinacionJefatura/GuardarPosicionFirmaAocr | Iniciando acción: CoordinacionJefatura/GuardarPosicionFirmaAocr
2026-03-31 14:40:00.157 | INFO  | CID:c939a378cb8d | USR:USU_ADMIN | CoordinacionJefatura/GuardarPosicionFirmaAocr | Acción completada: CoordinacionJefatura/GuardarPosicionFirmaAocr
2026-03-31 14:40:02.429 | INFO  | CID:0af791f9f547 | USR:USU_ADMIN | CoordinacionJefatura/GenerarDocumentoValidacionAocr | Iniciando acción: CoordinacionJefatura/GenerarDocumentoValidacionAocr
2026-03-31 14:40:09.189 | INFO  | CID:0af791f9f547 | USR:USU_ADMIN | CoordinacionJefatura/GenerarDocumentoValidacionAocr | Acción completada: CoordinacionJefatura/GenerarDocumentoValidacionAocr
2026-03-31 14:40:17.402 | INFO  | CID:db48241ab7a3 | USR:USU_ADMIN | CoordinacionJefatura/CargarDatosFirmaDigitalAocr | Iniciando acción: CoordinacionJefatura/CargarDatosFirmaDigitalAocr
2026-03-31 14:40:17.547 | INFO  | CID:db48241ab7a3 | USR:USU_ADMIN | CoordinacionJefatura/CargarDatosFirmaDigitalAocr | Acción completada: CoordinacionJefatura/CargarDatosFirmaDigitalAocr
2026-03-31 14:40:22.200 | INFO  | CID:960d6990a14d | USR:USU_ADMIN | CoordinacionJefatura/GuardarPosicionFirmaAocr | Iniciando acción: CoordinacionJefatura/GuardarPosicionFirmaAocr
2026-03-31 14:40:23.078 | INFO  | CID:960d6990a14d | USR:USU_ADMIN | CoordinacionJefatura/GuardarPosicionFirmaAocr | Acción completada: CoordinacionJefatura/GuardarPosicionFirmaAocr
2026-03-31 14:40:25.517 | INFO  | CID:a2fa3d547196 | USR:USU_ADMIN | CoordinacionJefatura/GuardarPosicionFirmaAocr | Iniciando acción: CoordinacionJefatura/GuardarPosicionFirmaAocr
2026-03-31 14:40:26.380 | INFO  | CID:a2fa3d547196 | USR:USU_ADMIN | CoordinacionJefatura/GuardarPosicionFirmaAocr | Acción completada: CoordinacionJefatura/GuardarPosicionFirmaAocr
2026-03-31 14:40:31.637 | INFO  | CID:9f6b12c89f96 | USR:USU_ADMIN | CoordinacionJefatura/GenerarDocumentoValidacionAocr | Iniciando acción: CoordinacionJefatura/GenerarDocumentoValidacionAocr
2026-03-31 14:40:34.610 | INFO  | CID:9f6b12c89f96 | USR:USU_ADMIN | CoordinacionJefatura/GenerarDocumentoValidacionAocr | Acción completada: CoordinacionJefatura/GenerarDocumentoValidacionAocr
2026-03-31 14:55:44.384 | INFO  | CID:N/A | Iniciando procesador de cola de correos
2026-03-31 14:56:55.709 | INFO  | CID:60d14ebbb57e | Account/Login | Iniciando acción: Account/Login
2026-03-31 14:56:56.434 | INFO  | CID:60d14ebbb57e | Account/Login | Acción completada: Account/Login
2026-03-31 15:22:46.176 | INFO  | CID:N/A | Iniciando procesador de cola de correos
2026-03-31 15:23:18.806 | INFO  | CID:be55f4da076f | Account/Login | Iniciando acción: Account/Login
2026-03-31 15:23:19.593 | INFO  | CID:be55f4da076f | Account/Login | Acción completada: Account/Login
2026-03-31 15:31:55.445 | INFO  | CID:N/A | Iniciando procesador de cola de correos
2026-03-31 15:32:13.776 | INFO  | CID:8b8a88cfb304 | Account/Login | Iniciando acción: Account/Login
2026-03-31 15:32:14.809 | INFO  | CID:8b8a88cfb304 | Account/Login | Acción completada: Account/Login
2026-03-31 15:40:30.141 | INFO  | CID:N/A | Iniciando procesador de cola de correos
2026-03-31 15:40:53.114 | INFO  | CID:1bcc0bf7e061 | Account/Login | Iniciando acción: Account/Login
2026-03-31 15:40:53.848 | INFO  | CID:1bcc0bf7e061 | Account/Login | Acción completada: Account/Login
2026-03-31 15:52:13.480 | INFO  | CID:N/A | Iniciando procesador de cola de correos
2026-03-31 15:52:35.847 | INFO  | CID:b23818da1fb6 | Account/Login | Iniciando acción: Account/Login
2026-03-31 15:52:36.591 | INFO  | CID:b23818da1fb6 | Account/Login | Acción completada: Account/Login
2026-03-31 15:53:41.336 | INFO  | CID:N/A | USR:USU_ADMIN | Inspeccion/Index | AuditTrailService: Tabla aocr_audit_trail verificada/creada.
2026-03-31 15:53:41.342 | INFO  | CID:f878cd199886 | USR:USU_ADMIN | Inspeccion/Index | [InspeccionesController] Inicio pantalla gestion inspecciones. Usuario=USU_ADMIN, Rol=Administrador,Inspector,JefaturaTecnica,Direccion,CoordinacionLegal
2026-03-31 15:53:41.572 | INFO  | CID:f878cd199886 | USR:USU_ADMIN | Inspeccion/Index | [InspeccionesController] Inspecciones recibidas=18
2026-03-31 15:53:47.359 | INFO  | CID:e12bd9a571f2 | USR:USU_ADMIN | Inspeccion/Detalle | [GestionInspeccion] Inicio Detalle. InspeccionId=18, Usuario=USU_ADMIN, Rol=Administrador,Inspector,JefaturaTecnica,Direccion,CoordinacionLegal
2026-03-31 15:53:47.373 | INFO  | CID:e12bd9a571f2 | USR:USU_ADMIN | Inspeccion/Detalle | [GestionInspeccion] InspeccionId=18, SolicitudId=48, EstadoActual=VERIFICACION_SOLICITUD, InspectorAsignado=17
2026-03-31 15:53:47.373 | INFO  | CID:e12bd9a571f2 | USR:USU_ADMIN | Inspeccion/Detalle | [GestionInspeccion] PuedeGestionar=True para detalle. InspeccionId=18
2026-03-31 15:53:48.748 | INFO  | CID:e12bd9a571f2 | USR:USU_ADMIN | Inspeccion/Detalle | [InspectoresDAO-DB2] Query obtener por cedula: SELECT TRIM(OPICED) AS OPICED, TRIM(OPINO2) AS OPINO2, TRIM(OPIES1) AS OPIES1, TRIM(OPITIP) AS OPITIP FROM DGACDAT.OPIAR2 WHERE OPICED = ? AND UPPER(TRIM(COALESCE(OPIES1, ''))) = ? FETCH FIRST 1 ROW ONLY
2026-03-31 15:53:48.748 | INFO  | CID:e12bd9a571f2 | USR:USU_ADMIN | Inspeccion/Detalle | [InspectoresDAO-DB2] Parametros => cedula=17, soloActivos=True, tipos=TODOS
2026-03-31 15:53:48.822 | WARN  | CID:e12bd9a571f2 | USR:USU_ADMIN | Inspeccion/Detalle | [InspectoresDAO-DB2] Inspector no encontrado para cedula=17, soloActivos=True
2026-03-31 15:53:48.822 | INFO  | CID:e12bd9a571f2 | USR:USU_ADMIN | Inspeccion/Detalle | [InspectoresDAO-DB2] Query obtener por cedula: SELECT TRIM(OPICED) AS OPICED, TRIM(OPINO2) AS OPINO2, TRIM(OPIES1) AS OPIES1, TRIM(OPITIP) AS OPITIP FROM DGACDAT.OPIAR2 WHERE OPICED = ? AND UPPER(TRIM(COALESCE(OPIES1, ''))) = ? FETCH FIRST 1 ROW ONLY
2026-03-31 15:53:48.822 | INFO  | CID:e12bd9a571f2 | USR:USU_ADMIN | Inspeccion/Detalle | [InspectoresDAO-DB2] Parametros => cedula=0000000017, soloActivos=True, tipos=TODOS
2026-03-31 15:53:48.838 | WARN  | CID:e12bd9a571f2 | USR:USU_ADMIN | Inspeccion/Detalle | [InspectoresDAO-DB2] Inspector no encontrado para cedula=0000000017, soloActivos=True
2026-03-31 15:53:48.838 | INFO  | CID:e12bd9a571f2 | USR:USU_ADMIN | Inspeccion/Detalle | [InspectoresDAO-DB2] Query obtener por cedula: SELECT TRIM(OPICED) AS OPICED, TRIM(OPINO2) AS OPINO2, TRIM(OPIES1) AS OPIES1, TRIM(OPITIP) AS OPITIP FROM DGACDAT.OPIAR2 WHERE OPICED = ? FETCH FIRST 1 ROW ONLY
2026-03-31 15:53:48.838 | INFO  | CID:e12bd9a571f2 | USR:USU_ADMIN | Inspeccion/Detalle | [InspectoresDAO-DB2] Parametros => cedula=17, soloActivos=False, tipos=TODOS
2026-03-31 15:53:48.838 | WARN  | CID:e12bd9a571f2 | USR:USU_ADMIN | Inspeccion/Detalle | [InspectoresDAO-DB2] Inspector no encontrado para cedula=17, soloActivos=False
2026-03-31 15:53:48.838 | INFO  | CID:e12bd9a571f2 | USR:USU_ADMIN | Inspeccion/Detalle | [InspectoresDAO-DB2] Query obtener por cedula: SELECT TRIM(OPICED) AS OPICED, TRIM(OPINO2) AS OPINO2, TRIM(OPIES1) AS OPIES1, TRIM(OPITIP) AS OPITIP FROM DGACDAT.OPIAR2 WHERE OPICED = ? FETCH FIRST 1 ROW ONLY
2026-03-31 15:53:48.838 | INFO  | CID:e12bd9a571f2 | USR:USU_ADMIN | Inspeccion/Detalle | [InspectoresDAO-DB2] Parametros => cedula=0000000017, soloActivos=False, tipos=TODOS
2026-03-31 15:53:48.838 | WARN  | CID:e12bd9a571f2 | USR:USU_ADMIN | Inspeccion/Detalle | [InspectoresDAO-DB2] Inspector no encontrado para cedula=0000000017, soloActivos=False
2026-03-31 15:53:48.838 | INFO  | CID:e12bd9a571f2 | USR:USU_ADMIN | Inspeccion/Detalle | [InspectoresDAO-DB2] Query obtener por cedula: SELECT TRIM(OPICED) AS OPICED, TRIM(OPINO2) AS OPINO2, TRIM(OPIES1) AS OPIES1, TRIM(OPITIP) AS OPITIP FROM DGACDAT.OPIAR2 WHERE OPICED = ? AND UPPER(TRIM(COALESCE(OPIES1, ''))) = ? FETCH FIRST 1 ROW ONLY
2026-03-31 15:53:48.838 | INFO  | CID:e12bd9a571f2 | USR:USU_ADMIN | Inspeccion/Detalle | [InspectoresDAO-DB2] Parametros => cedula=17, soloActivos=True, tipos=TODOS
2026-03-31 15:53:48.838 | WARN  | CID:e12bd9a571f2 | USR:USU_ADMIN | Inspeccion/Detalle | [InspectoresDAO-DB2] Inspector no encontrado para cedula=17, soloActivos=True
2026-03-31 15:53:48.838 | INFO  | CID:e12bd9a571f2 | USR:USU_ADMIN | Inspeccion/Detalle | [InspectoresDAO-DB2] Query obtener por cedula: SELECT TRIM(OPICED) AS OPICED, TRIM(OPINO2) AS OPINO2, TRIM(OPIES1) AS OPIES1, TRIM(OPITIP) AS OPITIP FROM DGACDAT.OPIAR2 WHERE OPICED = ? AND UPPER(TRIM(COALESCE(OPIES1, ''))) = ? FETCH FIRST 1 ROW ONLY
2026-03-31 15:53:48.838 | INFO  | CID:e12bd9a571f2 | USR:USU_ADMIN | Inspeccion/Detalle | [InspectoresDAO-DB2] Parametros => cedula=0000000017, soloActivos=True, tipos=TODOS
2026-03-31 15:53:48.853 | WARN  | CID:e12bd9a571f2 | USR:USU_ADMIN | Inspeccion/Detalle | [InspectoresDAO-DB2] Inspector no encontrado para cedula=0000000017, soloActivos=True
2026-03-31 15:53:48.854 | INFO  | CID:e12bd9a571f2 | USR:USU_ADMIN | Inspeccion/Detalle | [InspectoresDAO-DB2] Query obtener por cedula: SELECT TRIM(OPICED) AS OPICED, TRIM(OPINO2) AS OPINO2, TRIM(OPIES1) AS OPIES1, TRIM(OPITIP) AS OPITIP FROM DGACDAT.OPIAR2 WHERE OPICED = ? FETCH FIRST 1 ROW ONLY
2026-03-31 15:53:48.854 | INFO  | CID:e12bd9a571f2 | USR:USU_ADMIN | Inspeccion/Detalle | [InspectoresDAO-DB2] Parametros => cedula=17, soloActivos=False, tipos=TODOS
2026-03-31 15:53:48.855 | WARN  | CID:e12bd9a571f2 | USR:USU_ADMIN | Inspeccion/Detalle | [InspectoresDAO-DB2] Inspector no encontrado para cedula=17, soloActivos=False
2026-03-31 15:53:48.855 | INFO  | CID:e12bd9a571f2 | USR:USU_ADMIN | Inspeccion/Detalle | [InspectoresDAO-DB2] Query obtener por cedula: SELECT TRIM(OPICED) AS OPICED, TRIM(OPINO2) AS OPINO2, TRIM(OPIES1) AS OPIES1, TRIM(OPITIP) AS OPITIP FROM DGACDAT.OPIAR2 WHERE OPICED = ? FETCH FIRST 1 ROW ONLY
2026-03-31 15:53:48.858 | INFO  | CID:e12bd9a571f2 | USR:USU_ADMIN | Inspeccion/Detalle | [InspectoresDAO-DB2] Parametros => cedula=0000000017, soloActivos=False, tipos=TODOS
2026-03-31 15:53:48.858 | WARN  | CID:e12bd9a571f2 | USR:USU_ADMIN | Inspeccion/Detalle | [InspectoresDAO-DB2] Inspector no encontrado para cedula=0000000017, soloActivos=False
2026-03-31 15:53:48.858 | INFO  | CID:e12bd9a571f2 | USR:USU_ADMIN | Inspeccion/Detalle | [GestionInspeccion] Detalle inspectores enriquecidos. InspeccionId=18, PrincipalCedula=17, PrincipalNombre=17, PrincipalTipo=, ApoyoCedula=, ApoyoNombre=, ApoyoTipo=
2026-03-31 15:56:45.378 | INFO  | CID:4c0f89ec2298 | USR:USU_ADMIN | Inspeccion/Detalle | [GestionInspeccion] Inicio Detalle. InspeccionId=12, Usuario=USU_ADMIN, Rol=Administrador,Inspector,JefaturaTecnica,Direccion,CoordinacionLegal
2026-03-31 15:56:45.389 | INFO  | CID:4c0f89ec2298 | USR:USU_ADMIN | Inspeccion/Detalle | [GestionInspeccion] InspeccionId=12, SolicitudId=170, EstadoActual=VERIFICACION_SOLICITUD, InspectorAsignado=1709565459
2026-03-31 15:56:45.390 | INFO  | CID:4c0f89ec2298 | USR:USU_ADMIN | Inspeccion/Detalle | [GestionInspeccion] PuedeGestionar=True para detalle. InspeccionId=12
2026-03-31 15:56:45.934 | INFO  | CID:4c0f89ec2298 | USR:USU_ADMIN | Inspeccion/Detalle | [InspectoresDAO-DB2] Query obtener por cedula: SELECT TRIM(OPICED) AS OPICED, TRIM(OPINO2) AS OPINO2, TRIM(OPIES1) AS OPIES1, TRIM(OPITIP) AS OPITIP FROM DGACDAT.OPIAR2 WHERE OPICED = ? AND UPPER(TRIM(COALESCE(OPIES1, ''))) = ? FETCH FIRST 1 ROW ONLY
2026-03-31 15:56:45.935 | INFO  | CID:4c0f89ec2298 | USR:USU_ADMIN | Inspeccion/Detalle | [InspectoresDAO-DB2] Parametros => cedula=1709565459, soloActivos=True, tipos=TODOS
2026-03-31 15:56:45.963 | INFO  | CID:4c0f89ec2298 | USR:USU_ADMIN | Inspeccion/Detalle | [GestionInspeccion] Detalle inspectores enriquecidos. InspeccionId=12, PrincipalCedula=1709565459, PrincipalNombre=CATOTA TORRES LUIS WILKIR, PrincipalTipo=OPS, ApoyoCedula=, ApoyoNombre=, ApoyoTipo=
2026-03-31 16:29:25.061 | INFO  | CID:N/A | Iniciando procesador de cola de correos
2026-03-31 16:29:46.165 | INFO  | CID:4a3c1cdc2c2b | Account/Login | Iniciando acción: Account/Login
2026-03-31 16:29:46.936 | INFO  | CID:4a3c1cdc2c2b | Account/Login | Acción completada: Account/Login
2026-03-31 16:31:10.476 | INFO  | CID:N/A | USR:USU_ADMIN | Inspeccion/Index | AuditTrailService: Tabla aocr_audit_trail verificada/creada.
2026-03-31 16:31:10.495 | INFO  | CID:991797bd926d | USR:USU_ADMIN | Inspeccion/Index | [InspeccionesController] Inicio pantalla gestion inspecciones. Usuario=USU_ADMIN, Rol=Administrador,Inspector,JefaturaTecnica,Direccion,CoordinacionLegal
2026-03-31 16:31:10.745 | INFO  | CID:991797bd926d | USR:USU_ADMIN | Inspeccion/Index | [InspeccionesController] Inspecciones recibidas=18
2026-03-31 16:31:14.570 | INFO  | CID:7a192fc9d864 | USR:USU_ADMIN | Inspeccion/Detalle | [GestionInspeccion] Inicio Detalle. InspeccionId=12, Usuario=USU_ADMIN, Rol=Administrador,Inspector,JefaturaTecnica,Direccion,CoordinacionLegal
2026-03-31 16:31:14.587 | INFO  | CID:7a192fc9d864 | USR:USU_ADMIN | Inspeccion/Detalle | [GestionInspeccion] InspeccionId=12, SolicitudId=170, EstadoActual=VERIFICACION_SOLICITUD, InspectorAsignado=1709565459
2026-03-31 16:31:14.588 | INFO  | CID:7a192fc9d864 | USR:USU_ADMIN | Inspeccion/Detalle | [GestionInspeccion] PuedeGestionar=True para detalle. InspeccionId=12
2026-03-31 16:31:16.295 | INFO  | CID:7a192fc9d864 | USR:USU_ADMIN | Inspeccion/Detalle | [InspectoresDAO-DB2] Query obtener por cedula: SELECT TRIM(OPICED) AS OPICED, TRIM(OPINO2) AS OPINO2, TRIM(OPIES1) AS OPIES1, TRIM(OPITIP) AS OPITIP FROM DGACDAT.OPIAR2 WHERE OPICED = ? AND UPPER(TRIM(COALESCE(OPIES1, ''))) = ? FETCH FIRST 1 ROW ONLY
2026-03-31 16:31:16.295 | INFO  | CID:7a192fc9d864 | USR:USU_ADMIN | Inspeccion/Detalle | [InspectoresDAO-DB2] Parametros => cedula=1709565459, soloActivos=True, tipos=TODOS
2026-03-31 16:31:16.362 | INFO  | CID:7a192fc9d864 | USR:USU_ADMIN | Inspeccion/Detalle | [GestionInspeccion] Detalle inspectores enriquecidos. InspeccionId=12, PrincipalCedula=1709565459, PrincipalNombre=CATOTA TORRES LUIS WILKIR, PrincipalTipo=OPS, ApoyoCedula=, ApoyoNombre=, ApoyoTipo=
2026-03-31 16:37:10.153 | INFO  | CID:N/A | Iniciando procesador de cola de correos
2026-03-31 16:37:25.694 | INFO  | CID:5ab683b0cf12 | Account/Login | Iniciando acción: Account/Login
2026-03-31 16:37:26.402 | INFO  | CID:5ab683b0cf12 | Account/Login | Acción completada: Account/Login
2026-03-31 16:37:32.357 | INFO  | CID:N/A | USR:USU_ADMIN | Inspeccion/Index | AuditTrailService: Tabla aocr_audit_trail verificada/creada.
2026-03-31 16:37:32.361 | INFO  | CID:2d5ab0ccea1d | USR:USU_ADMIN | Inspeccion/Index | [InspeccionesController] Inicio pantalla gestion inspecciones. Usuario=USU_ADMIN, Rol=Administrador,Inspector,JefaturaTecnica,Direccion,CoordinacionLegal
2026-03-31 16:37:32.393 | INFO  | CID:2d5ab0ccea1d | USR:USU_ADMIN | Inspeccion/Index | [InspeccionesController] Inspecciones recibidas=18
2026-03-31 16:37:48.464 | INFO  | CID:efb5005b88fa | USR:USU_ADMIN | Inspeccion/Detalle | [GestionInspeccion] Inicio Detalle. InspeccionId=13, Usuario=USU_ADMIN, Rol=Administrador,Inspector,JefaturaTecnica,Direccion,CoordinacionLegal
2026-03-31 16:37:48.480 | INFO  | CID:efb5005b88fa | USR:USU_ADMIN | Inspeccion/Detalle | [GestionInspeccion] InspeccionId=13, SolicitudId=168, EstadoActual=VERIFICACION_SOLICITUD, InspectorAsignado=1709565459
2026-03-31 16:37:48.481 | INFO  | CID:efb5005b88fa | USR:USU_ADMIN | Inspeccion/Detalle | [GestionInspeccion] PuedeGestionar=True para detalle. InspeccionId=13
2026-03-31 16:37:51.640 | INFO  | CID:efb5005b88fa | USR:USU_ADMIN | Inspeccion/Detalle | [InspectoresDAO-DB2] Query obtener por cedula: SELECT TRIM(OPICED) AS OPICED, TRIM(OPINO2) AS OPINO2, TRIM(OPIES1) AS OPIES1, TRIM(OPITIP) AS OPITIP FROM DGACDAT.OPIAR2 WHERE OPICED = ? AND UPPER(TRIM(COALESCE(OPIES1, ''))) = ? FETCH FIRST 1 ROW ONLY
2026-03-31 16:37:51.646 | INFO  | CID:efb5005b88fa | USR:USU_ADMIN | Inspeccion/Detalle | [InspectoresDAO-DB2] Parametros => cedula=1709565459, soloActivos=True, tipos=TODOS
2026-03-31 16:37:51.706 | INFO  | CID:efb5005b88fa | USR:USU_ADMIN | Inspeccion/Detalle | [GestionInspeccion] Detalle inspectores enriquecidos. InspeccionId=13, PrincipalCedula=1709565459, PrincipalNombre=CATOTA TORRES LUIS WILKIR, PrincipalTipo=OPS, ApoyoCedula=, ApoyoNombre=, ApoyoTipo=
2026-03-31 16:41:19.877 | INFO  | CID:11c6885a332d | USR:USU_ADMIN | Inspeccion/FirmarInformeInspector | Iniciando acción: Inspeccion/FirmarInformeInspector
2026-03-31 16:41:19.924 | INFO  | CID:11c6885a332d | USR:USU_ADMIN | Inspeccion/FirmarInformeInspector | [GestionInspeccion] Inicio firma digital. InspeccionId=13, RolFirma=INSPECTOR, InformeId=5, VersionInforme=1, RutaFuente=C:\AOCR\AOCR\AOCR05-01-2026\AOCR1\AOCR\CapaPresentacion\App_Data\Uploads\Inspecciones\InformesTecnicos\InformeTecnico_13_v1_20260326095957.pdf, PdfBytes=21115, CertificadoBytes=8787, Usuario=USU_ADMIN
2026-03-31 16:41:21.265 | INFO  | CID:11c6885a332d | USR:USU_ADMIN | Inspeccion/FirmarInformeInspector | [GestionInspeccion] Firma digital generada. InspeccionId=13, RolFirma=INSPECTOR, InformeId=5, Hash=575D1D2039533F31A0E9A26794A59C2ECBCAE142426E003CAB7D2A2C84FE6025, PdfFirmadoBytes=41231
2026-03-31 16:41:21.265 | INFO  | CID:11c6885a332d | USR:USU_ADMIN | Inspeccion/FirmarInformeInspector | [GestionInspeccion] Persistiendo firma digital. InspeccionId=13, RolFirma=INSPECTOR, InformeId=5, RutaFirmada=/App_Data/Uploads/Inspecciones/InformesTecnicos/Firmados/InformeTecnico_13_v1_inspector_20260331164121.pdf, EstadoAnterior=GENERADO, EstadoFinal=FIRMADO_INSPECTOR, UsuarioId=0
2026-03-31 16:41:21.283 | INFO  | CID:11c6885a332d | USR:USU_ADMIN | Inspeccion/FirmarInformeInspector | [GestionInspeccion] Firma digital persistida. InspeccionId=13, RolFirma=INSPECTOR, InformeId=5, RutaFirmada=/App_Data/Uploads/Inspecciones/InformesTecnicos/Firmados/InformeTecnico_13_v1_inspector_20260331164121.pdf
2026-03-31 16:41:22.462 | INFO  | CID:11c6885a332d | USR:USU_ADMIN | Inspeccion/FirmarInformeInspector | Acción completada: Inspeccion/FirmarInformeInspector
2026-03-31 16:41:22.465 | INFO  | CID:3f6ba5f3a454 | USR:USU_ADMIN | Inspeccion/Detalle | [GestionInspeccion] Inicio Detalle. InspeccionId=13, Usuario=USU_ADMIN, Rol=Administrador,Inspector,JefaturaTecnica,Direccion,CoordinacionLegal
2026-03-31 16:41:22.702 | INFO  | CID:3f6ba5f3a454 | USR:USU_ADMIN | Inspeccion/Detalle | [GestionInspeccion] InspeccionId=13, SolicitudId=168, EstadoActual=VERIFICACION_SOLICITUD, InspectorAsignado=1709565459
2026-03-31 16:41:22.702 | INFO  | CID:3f6ba5f3a454 | USR:USU_ADMIN | Inspeccion/Detalle | [GestionInspeccion] PuedeGestionar=True para detalle. InspeccionId=13
2026-03-31 16:41:23.361 | INFO  | CID:3f6ba5f3a454 | USR:USU_ADMIN | Inspeccion/Detalle | [InspectoresDAO-DB2] Query obtener por cedula: SELECT TRIM(OPICED) AS OPICED, TRIM(OPINO2) AS OPINO2, TRIM(OPIES1) AS OPIES1, TRIM(OPITIP) AS OPITIP FROM DGACDAT.OPIAR2 WHERE OPICED = ? AND UPPER(TRIM(COALESCE(OPIES1, ''))) = ? FETCH FIRST 1 ROW ONLY
2026-03-31 16:41:23.361 | INFO  | CID:3f6ba5f3a454 | USR:USU_ADMIN | Inspeccion/Detalle | [InspectoresDAO-DB2] Parametros => cedula=1709565459, soloActivos=True, tipos=TODOS
2026-03-31 16:41:23.365 | INFO  | CID:3f6ba5f3a454 | USR:USU_ADMIN | Inspeccion/Detalle | [GestionInspeccion] Detalle inspectores enriquecidos. InspeccionId=13, PrincipalCedula=1709565459, PrincipalNombre=CATOTA TORRES LUIS WILKIR, PrincipalTipo=OPS, ApoyoCedula=, ApoyoNombre=, ApoyoTipo=
2026-03-31 16:41:24.193 | INFO  | CID:N/A | Procesando email 112 para gercavi82@gmail.com
2026-03-31 16:41:24.760 | INFO  | CID:N/A | Email 112 enviado exitosamente
2026-03-31 16:47:32.572 | INFO  | CID:N/A | Iniciando procesador de cola de correos
2026-03-31 16:47:50.922 | INFO  | CID:d835c31114de | Account/Login | Iniciando acción: Account/Login
2026-03-31 16:47:51.617 | INFO  | CID:d835c31114de | Account/Login | Acción completada: Account/Login
2026-03-31 16:49:18.776 | INFO  | CID:N/A | USR:USU_ADMIN | Inspeccion/Index | AuditTrailService: Tabla aocr_audit_trail verificada/creada.
2026-03-31 16:49:18.783 | INFO  | CID:f8273466c3ba | USR:USU_ADMIN | Inspeccion/Index | [InspeccionesController] Inicio pantalla gestion inspecciones. Usuario=USU_ADMIN, Rol=Administrador,Inspector,JefaturaTecnica,Direccion,CoordinacionLegal
2026-03-31 16:49:18.793 | INFO  | CID:f8273466c3ba | USR:USU_ADMIN | Inspeccion/Index | [InspeccionesController] Inspecciones recibidas=18
2026-03-31 16:49:22.435 | INFO  | CID:c2c456c6ea94 | USR:USU_ADMIN | Inspeccion/Detalle | [GestionInspeccion] Inicio Detalle. InspeccionId=10, Usuario=USU_ADMIN, Rol=Administrador,Inspector,JefaturaTecnica,Direccion,CoordinacionLegal
2026-03-31 16:49:22.446 | INFO  | CID:c2c456c6ea94 | USR:USU_ADMIN | Inspeccion/Detalle | [GestionInspeccion] InspeccionId=10, SolicitudId=118, EstadoActual=VERIFICACION_SOLICITUD, InspectorAsignado=1709565459
2026-03-31 16:49:22.447 | INFO  | CID:c2c456c6ea94 | USR:USU_ADMIN | Inspeccion/Detalle | [GestionInspeccion] PuedeGestionar=True para detalle. InspeccionId=10
2026-03-31 16:49:23.644 | INFO  | CID:c2c456c6ea94 | USR:USU_ADMIN | Inspeccion/Detalle | [InspectoresDAO-DB2] Query obtener por cedula: SELECT TRIM(OPICED) AS OPICED, TRIM(OPINO2) AS OPINO2, TRIM(OPIES1) AS OPIES1, TRIM(OPITIP) AS OPITIP FROM DGACDAT.OPIAR2 WHERE OPICED = ? AND UPPER(TRIM(COALESCE(OPIES1, ''))) = ? FETCH FIRST 1 ROW ONLY
2026-03-31 16:49:23.645 | INFO  | CID:c2c456c6ea94 | USR:USU_ADMIN | Inspeccion/Detalle | [InspectoresDAO-DB2] Parametros => cedula=1709565459, soloActivos=True, tipos=TODOS
2026-03-31 16:49:23.692 | INFO  | CID:c2c456c6ea94 | USR:USU_ADMIN | Inspeccion/Detalle | [GestionInspeccion] Detalle inspectores enriquecidos. InspeccionId=10, PrincipalCedula=1709565459, PrincipalNombre=CATOTA TORRES LUIS WILKIR, PrincipalTipo=OPS, ApoyoCedula=, ApoyoNombre=, ApoyoTipo=
2026-03-31 16:49:50.595 | INFO  | CID:5f5bdf605efb | USR:USU_ADMIN | Inspeccion/GuardarInformeTecnico | Iniciando acción: Inspeccion/GuardarInformeTecnico
2026-03-31 16:49:56.037 | INFO  | CID:5f5bdf605efb | USR:USU_ADMIN | Inspeccion/GuardarInformeTecnico | Acción completada: Inspeccion/GuardarInformeTecnico
2026-03-31 16:49:56.055 | INFO  | CID:2d0bdac3933a | USR:USU_ADMIN | Inspeccion/Detalle | [GestionInspeccion] Inicio Detalle. InspeccionId=10, Usuario=USU_ADMIN, Rol=Administrador,Inspector,JefaturaTecnica,Direccion,CoordinacionLegal
2026-03-31 16:49:56.055 | INFO  | CID:2d0bdac3933a | USR:USU_ADMIN | Inspeccion/Detalle | [GestionInspeccion] InspeccionId=10, SolicitudId=118, EstadoActual=VERIFICACION_SOLICITUD, InspectorAsignado=1709565459
2026-03-31 16:49:56.055 | INFO  | CID:2d0bdac3933a | USR:USU_ADMIN | Inspeccion/Detalle | [GestionInspeccion] PuedeGestionar=True para detalle. InspeccionId=10
2026-03-31 16:49:56.463 | INFO  | CID:2d0bdac3933a | USR:USU_ADMIN | Inspeccion/Detalle | [InspectoresDAO-DB2] Query obtener por cedula: SELECT TRIM(OPICED) AS OPICED, TRIM(OPINO2) AS OPINO2, TRIM(OPIES1) AS OPIES1, TRIM(OPITIP) AS OPITIP FROM DGACDAT.OPIAR2 WHERE OPICED = ? AND UPPER(TRIM(COALESCE(OPIES1, ''))) = ? FETCH FIRST 1 ROW ONLY
2026-03-31 16:49:56.464 | INFO  | CID:2d0bdac3933a | USR:USU_ADMIN | Inspeccion/Detalle | [InspectoresDAO-DB2] Parametros => cedula=1709565459, soloActivos=True, tipos=TODOS
2026-03-31 16:49:56.470 | INFO  | CID:2d0bdac3933a | USR:USU_ADMIN | Inspeccion/Detalle | [GestionInspeccion] Detalle inspectores enriquecidos. InspeccionId=10, PrincipalCedula=1709565459, PrincipalNombre=CATOTA TORRES LUIS WILKIR, PrincipalTipo=OPS, ApoyoCedula=, ApoyoNombre=, ApoyoTipo=
2026-03-31 16:50:18.676 | INFO  | CID:57f4412a0d9e | USR:USU_ADMIN | Inspeccion/FirmarInformeInspector | Iniciando acción: Inspeccion/FirmarInformeInspector
2026-03-31 16:50:18.703 | INFO  | CID:57f4412a0d9e | USR:USU_ADMIN | Inspeccion/FirmarInformeInspector | [GestionInspeccion] Inicio firma digital. InspeccionId=10, RolFirma=INSPECTOR, InformeId=16, VersionInforme=1, RutaFuente=C:\AOCR\AOCR\AOCR05-01-2026\AOCR1\AOCR\CapaPresentacion\App_Data\Uploads\Inspecciones\InformesTecnicos\InformeTecnico_10_v1_20260331164956.pdf, PdfBytes=179789, CertificadoBytes=8787, Usuario=USU_ADMIN
2026-03-31 16:50:19.666 | INFO  | CID:57f4412a0d9e | USR:USU_ADMIN | Inspeccion/FirmarInformeInspector | [GestionInspeccion] Firma digital generada. InspeccionId=10, RolFirma=INSPECTOR, InformeId=16, Hash=571410AD0BAAF203068BEE3B311BA6445F837B9DC83F78C2ABD9A9CBEC544B56, PdfFirmadoBytes=199115
2026-03-31 16:50:19.669 | INFO  | CID:57f4412a0d9e | USR:USU_ADMIN | Inspeccion/FirmarInformeInspector | [GestionInspeccion] Persistiendo firma digital. InspeccionId=10, RolFirma=INSPECTOR, InformeId=16, RutaFirmada=/App_Data/Uploads/Inspecciones/InformesTecnicos/Firmados/InformeTecnico_10_v1_inspector_20260331165019.pdf, EstadoAnterior=GENERADO, EstadoFinal=FIRMADO_INSPECTOR, UsuarioId=0
2026-03-31 16:50:19.681 | INFO  | CID:57f4412a0d9e | USR:USU_ADMIN | Inspeccion/FirmarInformeInspector | [GestionInspeccion] Firma digital persistida. InspeccionId=10, RolFirma=INSPECTOR, InformeId=16, RutaFirmada=/App_Data/Uploads/Inspecciones/InformesTecnicos/Firmados/InformeTecnico_10_v1_inspector_20260331165019.pdf
2026-03-31 16:50:20.905 | INFO  | CID:57f4412a0d9e | USR:USU_ADMIN | Inspeccion/FirmarInformeInspector | Acción completada: Inspeccion/FirmarInformeInspector
2026-03-31 16:50:20.917 | INFO  | CID:9219e17eb321 | USR:USU_ADMIN | Inspeccion/Detalle | [GestionInspeccion] Inicio Detalle. InspeccionId=10, Usuario=USU_ADMIN, Rol=Administrador,Inspector,JefaturaTecnica,Direccion,CoordinacionLegal
2026-03-31 16:50:20.928 | INFO  | CID:9219e17eb321 | USR:USU_ADMIN | Inspeccion/Detalle | [GestionInspeccion] InspeccionId=10, SolicitudId=118, EstadoActual=VERIFICACION_SOLICITUD, InspectorAsignado=1709565459
2026-03-31 16:50:20.928 | INFO  | CID:9219e17eb321 | USR:USU_ADMIN | Inspeccion/Detalle | [GestionInspeccion] PuedeGestionar=True para detalle. InspeccionId=10
2026-03-31 16:50:21.527 | INFO  | CID:9219e17eb321 | USR:USU_ADMIN | Inspeccion/Detalle | [InspectoresDAO-DB2] Query obtener por cedula: SELECT TRIM(OPICED) AS OPICED, TRIM(OPINO2) AS OPINO2, TRIM(OPIES1) AS OPIES1, TRIM(OPITIP) AS OPITIP FROM DGACDAT.OPIAR2 WHERE OPICED = ? AND UPPER(TRIM(COALESCE(OPIES1, ''))) = ? FETCH FIRST 1 ROW ONLY
2026-03-31 16:50:21.529 | INFO  | CID:9219e17eb321 | USR:USU_ADMIN | Inspeccion/Detalle | [InspectoresDAO-DB2] Parametros => cedula=1709565459, soloActivos=True, tipos=TODOS
2026-03-31 16:50:21.529 | INFO  | CID:9219e17eb321 | USR:USU_ADMIN | Inspeccion/Detalle | [GestionInspeccion] Detalle inspectores enriquecidos. InspeccionId=10, PrincipalCedula=1709565459, PrincipalNombre=CATOTA TORRES LUIS WILKIR, PrincipalTipo=OPS, ApoyoCedula=, ApoyoNombre=, ApoyoTipo=
2026-03-31 16:50:25.388 | INFO  | CID:N/A | Procesando email 113 para gercavi82@gmail.com
2026-03-31 16:50:25.784 | INFO  | CID:N/A | Email 113 enviado exitosamente
2026-03-31 20:06:38.374 | INFO  | CID:2a483e4fa441 | Account/Login | Iniciando acción: Account/Login
2026-03-31 20:06:38.867 | INFO  | CID:2a483e4fa441 | Account/Login | Acción completada: Account/Login
2026-03-31 20:08:06.424 | INFO  | CID:d2708acb3a0a | USR:USU_ADMIN | Inspeccion/Index | [InspeccionesController] Inicio pantalla gestion inspecciones. Usuario=USU_ADMIN, Rol=Administrador,Inspector,JefaturaTecnica,Direccion,CoordinacionLegal
2026-03-31 20:08:06.430 | INFO  | CID:d2708acb3a0a | USR:USU_ADMIN | Inspeccion/Index | [InspeccionesController] Inspecciones recibidas=18
2026-03-31 20:08:27.048 | INFO  | CID:3f39a96f1736 | USR:USU_ADMIN | Inspeccion/Detalle | [GestionInspeccion] Inicio Detalle. InspeccionId=5, Usuario=USU_ADMIN, Rol=Administrador,Inspector,JefaturaTecnica,Direccion,CoordinacionLegal
2026-03-31 20:08:27.057 | INFO  | CID:3f39a96f1736 | USR:USU_ADMIN | Inspeccion/Detalle | [GestionInspeccion] InspeccionId=5, SolicitudId=126, EstadoActual=VERIFICACION_SOLICITUD, InspectorAsignado=502438880
2026-03-31 20:08:27.058 | INFO  | CID:3f39a96f1736 | USR:USU_ADMIN | Inspeccion/Detalle | [GestionInspeccion] PuedeGestionar=True para detalle. InspeccionId=5
2026-03-31 20:08:27.819 | INFO  | CID:3f39a96f1736 | USR:USU_ADMIN | Inspeccion/Detalle | [InspectoresDAO-DB2] Query obtener por cedula: SELECT TRIM(OPICED) AS OPICED, TRIM(OPINO2) AS OPINO2, TRIM(OPIES1) AS OPIES1, TRIM(OPITIP) AS OPITIP FROM DGACDAT.OPIAR2 WHERE OPICED = ? AND UPPER(TRIM(COALESCE(OPIES1, ''))) = ? FETCH FIRST 1 ROW ONLY
2026-03-31 20:08:27.820 | INFO  | CID:3f39a96f1736 | USR:USU_ADMIN | Inspeccion/Detalle | [InspectoresDAO-DB2] Parametros => cedula=502438880, soloActivos=True, tipos=TODOS
2026-03-31 20:08:27.835 | WARN  | CID:3f39a96f1736 | USR:USU_ADMIN | Inspeccion/Detalle | [InspectoresDAO-DB2] Inspector no encontrado para cedula=502438880, soloActivos=True
2026-03-31 20:08:27.835 | INFO  | CID:3f39a96f1736 | USR:USU_ADMIN | Inspeccion/Detalle | [InspectoresDAO-DB2] Query obtener por cedula: SELECT TRIM(OPICED) AS OPICED, TRIM(OPINO2) AS OPINO2, TRIM(OPIES1) AS OPIES1, TRIM(OPITIP) AS OPITIP FROM DGACDAT.OPIAR2 WHERE OPICED = ? AND UPPER(TRIM(COALESCE(OPIES1, ''))) = ? FETCH FIRST 1 ROW ONLY
2026-03-31 20:08:27.836 | INFO  | CID:3f39a96f1736 | USR:USU_ADMIN | Inspeccion/Detalle | [InspectoresDAO-DB2] Parametros => cedula=0502438880, soloActivos=True, tipos=TODOS
2026-03-31 20:08:27.840 | INFO  | CID:3f39a96f1736 | USR:USU_ADMIN | Inspeccion/Detalle | [InspectoresDAO-DB2] Inspector encontrado por variante de cedula. Original=502438880, Variante=0502438880
2026-03-31 20:08:27.840 | INFO  | CID:3f39a96f1736 | USR:USU_ADMIN | Inspeccion/Detalle | [GestionInspeccion] Detalle inspectores enriquecidos. InspeccionId=5, PrincipalCedula=0502438880, PrincipalNombre=EDISON XAVIER HERRERA PILATASIG, PrincipalTipo=AIR, ApoyoCedula=, ApoyoNombre=, ApoyoTipo=
2026-03-31 20:09:52.443 | INFO  | CID:b5c0b27b8af8 | USR:USU_ADMIN | Inspeccion/GuardarInformeTecnico | Iniciando acción: Inspeccion/GuardarInformeTecnico
2026-03-31 20:09:57.402 | INFO  | CID:b5c0b27b8af8 | USR:USU_ADMIN | Inspeccion/GuardarInformeTecnico | Acción completada: Inspeccion/GuardarInformeTecnico
2026-03-31 20:09:57.408 | INFO  | CID:f13e88e760e6 | USR:USU_ADMIN | Inspeccion/Detalle | [GestionInspeccion] Inicio Detalle. InspeccionId=5, Usuario=USU_ADMIN, Rol=Administrador,Inspector,JefaturaTecnica,Direccion,CoordinacionLegal
2026-03-31 20:09:57.416 | INFO  | CID:f13e88e760e6 | USR:USU_ADMIN | Inspeccion/Detalle | [GestionInspeccion] InspeccionId=5, SolicitudId=126, EstadoActual=VERIFICACION_SOLICITUD, InspectorAsignado=502438880
2026-03-31 20:09:57.416 | INFO  | CID:f13e88e760e6 | USR:USU_ADMIN | Inspeccion/Detalle | [GestionInspeccion] PuedeGestionar=True para detalle. InspeccionId=5
2026-03-31 20:09:58.265 | INFO  | CID:f13e88e760e6 | USR:USU_ADMIN | Inspeccion/Detalle | [InspectoresDAO-DB2] Query obtener por cedula: SELECT TRIM(OPICED) AS OPICED, TRIM(OPINO2) AS OPINO2, TRIM(OPIES1) AS OPIES1, TRIM(OPITIP) AS OPITIP FROM DGACDAT.OPIAR2 WHERE OPICED = ? AND UPPER(TRIM(COALESCE(OPIES1, ''))) = ? FETCH FIRST 1 ROW ONLY
2026-03-31 20:09:58.265 | INFO  | CID:f13e88e760e6 | USR:USU_ADMIN | Inspeccion/Detalle | [InspectoresDAO-DB2] Parametros => cedula=502438880, soloActivos=True, tipos=TODOS
2026-03-31 20:09:58.285 | WARN  | CID:f13e88e760e6 | USR:USU_ADMIN | Inspeccion/Detalle | [InspectoresDAO-DB2] Inspector no encontrado para cedula=502438880, soloActivos=True
2026-03-31 20:09:58.286 | INFO  | CID:f13e88e760e6 | USR:USU_ADMIN | Inspeccion/Detalle | [InspectoresDAO-DB2] Query obtener por cedula: SELECT TRIM(OPICED) AS OPICED, TRIM(OPINO2) AS OPINO2, TRIM(OPIES1) AS OPIES1, TRIM(OPITIP) AS OPITIP FROM DGACDAT.OPIAR2 WHERE OPICED = ? AND UPPER(TRIM(COALESCE(OPIES1, ''))) = ? FETCH FIRST 1 ROW ONLY
2026-03-31 20:09:58.286 | INFO  | CID:f13e88e760e6 | USR:USU_ADMIN | Inspeccion/Detalle | [InspectoresDAO-DB2] Parametros => cedula=0502438880, soloActivos=True, tipos=TODOS
2026-03-31 20:09:58.290 | INFO  | CID:f13e88e760e6 | USR:USU_ADMIN | Inspeccion/Detalle | [InspectoresDAO-DB2] Inspector encontrado por variante de cedula. Original=502438880, Variante=0502438880
2026-03-31 20:09:58.290 | INFO  | CID:f13e88e760e6 | USR:USU_ADMIN | Inspeccion/Detalle | [GestionInspeccion] Detalle inspectores enriquecidos. InspeccionId=5, PrincipalCedula=0502438880, PrincipalNombre=EDISON XAVIER HERRERA PILATASIG, PrincipalTipo=AIR, ApoyoCedula=, ApoyoNombre=, ApoyoTipo=
2026-03-31 20:10:38.482 | INFO  | CID:4901ef03ebd8 | USR:USU_ADMIN | Inspeccion/GuardarPosicionFirmaInformeTecnico | Iniciando acción: Inspeccion/GuardarPosicionFirmaInformeTecnico
2026-03-31 20:10:38.569 | INFO  | CID:4901ef03ebd8 | USR:USU_ADMIN | Inspeccion/GuardarPosicionFirmaInformeTecnico | Acción completada: Inspeccion/GuardarPosicionFirmaInformeTecnico
2026-03-31 20:10:44.422 | INFO  | CID:0125638e0f77 | USR:USU_ADMIN | Inspeccion/FirmarInformeInspector | Iniciando acción: Inspeccion/FirmarInformeInspector
2026-03-31 20:10:44.433 | INFO  | CID:0125638e0f77 | USR:USU_ADMIN | Inspeccion/FirmarInformeInspector | [GestionInspeccion] Inicio firma digital. InspeccionId=5, RolFirma=INSPECTOR, InformeId=17, VersionInforme=1, RutaFuente=C:\AOCR\AOCR\AOCR05-01-2026\AOCR1\AOCR\CapaPresentacion\App_Data\Uploads\Inspecciones\InformesTecnicos\InformeTecnico_5_v1_20260331200957.pdf, PdfBytes=179944, CertificadoBytes=8787, Usuario=USU_ADMIN
2026-03-31 20:10:44.680 | INFO  | CID:0125638e0f77 | USR:USU_ADMIN | Inspeccion/FirmarInformeInspector | [GestionInspeccion] Firma digital generada. InspeccionId=5, RolFirma=INSPECTOR, InformeId=17, Hash=075EDA451623A2C795BB9CA5B28290366ABB5882C85F1D1362C7DC73DAB86AAF, PdfFirmadoBytes=199283
2026-03-31 20:10:44.681 | INFO  | CID:0125638e0f77 | USR:USU_ADMIN | Inspeccion/FirmarInformeInspector | [GestionInspeccion] Persistiendo firma digital. InspeccionId=5, RolFirma=INSPECTOR, InformeId=17, RutaFirmada=/App_Data/Uploads/Inspecciones/InformesTecnicos/Firmados/InformeTecnico_5_v1_inspector_20260331201044.pdf, EstadoAnterior=GENERADO, EstadoFinal=FIRMADO_INSPECTOR, UsuarioId=0
2026-03-31 20:10:44.692 | INFO  | CID:0125638e0f77 | USR:USU_ADMIN | Inspeccion/FirmarInformeInspector | [GestionInspeccion] Firma digital persistida. InspeccionId=5, RolFirma=INSPECTOR, InformeId=17, RutaFirmada=/App_Data/Uploads/Inspecciones/InformesTecnicos/Firmados/InformeTecnico_5_v1_inspector_20260331201044.pdf
2026-03-31 20:10:46.279 | INFO  | CID:0125638e0f77 | USR:USU_ADMIN | Inspeccion/FirmarInformeInspector | Acción completada: Inspeccion/FirmarInformeInspector
2026-03-31 20:10:46.285 | INFO  | CID:85f249cd120f | USR:USU_ADMIN | Inspeccion/Detalle | [GestionInspeccion] Inicio Detalle. InspeccionId=5, Usuario=USU_ADMIN, Rol=Administrador,Inspector,JefaturaTecnica,Direccion,CoordinacionLegal
2026-03-31 20:10:46.293 | INFO  | CID:85f249cd120f | USR:USU_ADMIN | Inspeccion/Detalle | [GestionInspeccion] InspeccionId=5, SolicitudId=126, EstadoActual=VERIFICACION_SOLICITUD, InspectorAsignado=502438880
2026-03-31 20:10:46.293 | INFO  | CID:85f249cd120f | USR:USU_ADMIN | Inspeccion/Detalle | [GestionInspeccion] PuedeGestionar=True para detalle. InspeccionId=5
2026-03-31 20:10:46.803 | INFO  | CID:85f249cd120f | USR:USU_ADMIN | Inspeccion/Detalle | [InspectoresDAO-DB2] Query obtener por cedula: SELECT TRIM(OPICED) AS OPICED, TRIM(OPINO2) AS OPINO2, TRIM(OPIES1) AS OPIES1, TRIM(OPITIP) AS OPITIP FROM DGACDAT.OPIAR2 WHERE OPICED = ? AND UPPER(TRIM(COALESCE(OPIES1, ''))) = ? FETCH FIRST 1 ROW ONLY
2026-03-31 20:10:46.803 | INFO  | CID:85f249cd120f | USR:USU_ADMIN | Inspeccion/Detalle | [InspectoresDAO-DB2] Parametros => cedula=502438880, soloActivos=True, tipos=TODOS
2026-03-31 20:10:46.805 | WARN  | CID:85f249cd120f | USR:USU_ADMIN | Inspeccion/Detalle | [InspectoresDAO-DB2] Inspector no encontrado para cedula=502438880, soloActivos=True
2026-03-31 20:10:46.807 | INFO  | CID:85f249cd120f | USR:USU_ADMIN | Inspeccion/Detalle | [InspectoresDAO-DB2] Query obtener por cedula: SELECT TRIM(OPICED) AS OPICED, TRIM(OPINO2) AS OPINO2, TRIM(OPIES1) AS OPIES1, TRIM(OPITIP) AS OPITIP FROM DGACDAT.OPIAR2 WHERE OPICED = ? AND UPPER(TRIM(COALESCE(OPIES1, ''))) = ? FETCH FIRST 1 ROW ONLY
2026-03-31 20:10:46.807 | INFO  | CID:85f249cd120f | USR:USU_ADMIN | Inspeccion/Detalle | [InspectoresDAO-DB2] Parametros => cedula=0502438880, soloActivos=True, tipos=TODOS
2026-03-31 20:10:46.809 | INFO  | CID:85f249cd120f | USR:USU_ADMIN | Inspeccion/Detalle | [InspectoresDAO-DB2] Inspector encontrado por variante de cedula. Original=502438880, Variante=0502438880
2026-03-31 20:10:46.810 | INFO  | CID:85f249cd120f | USR:USU_ADMIN | Inspeccion/Detalle | [GestionInspeccion] Detalle inspectores enriquecidos. InspeccionId=5, PrincipalCedula=0502438880, PrincipalNombre=EDISON XAVIER HERRERA PILATASIG, PrincipalTipo=AIR, ApoyoCedula=, ApoyoNombre=, ApoyoTipo=
2026-03-31 20:10:49.771 | INFO  | CID:N/A | Procesando email 114 para gercavi82@gmail.com
2026-03-31 20:10:49.964 | INFO  | CID:N/A | Email 114 enviado exitosamente
2026-03-31 20:11:03.800 | INFO  | CID:4768b99dd172 | USR:USU_ADMIN | Inspeccion/GuardarPosicionFirmaInformeTecnico | Iniciando acción: Inspeccion/GuardarPosicionFirmaInformeTecnico
2026-03-31 20:11:03.811 | INFO  | CID:4768b99dd172 | USR:USU_ADMIN | Inspeccion/GuardarPosicionFirmaInformeTecnico | Acción completada: Inspeccion/GuardarPosicionFirmaInformeTecnico
2026-03-31 20:11:19.072 | INFO  | CID:518b43256738 | USR:USU_ADMIN | Inspeccion/Detalle | [GestionInspeccion] Inicio Detalle. InspeccionId=5, Usuario=USU_ADMIN, Rol=Administrador,Inspector,JefaturaTecnica,Direccion,CoordinacionLegal
2026-03-31 20:11:19.081 | INFO  | CID:518b43256738 | USR:USU_ADMIN | Inspeccion/Detalle | [GestionInspeccion] InspeccionId=5, SolicitudId=126, EstadoActual=VERIFICACION_SOLICITUD, InspectorAsignado=502438880
2026-03-31 20:11:19.082 | INFO  | CID:518b43256738 | USR:USU_ADMIN | Inspeccion/Detalle | [GestionInspeccion] PuedeGestionar=True para detalle. InspeccionId=5
2026-03-31 20:11:19.743 | INFO  | CID:518b43256738 | USR:USU_ADMIN | Inspeccion/Detalle | [InspectoresDAO-DB2] Query obtener por cedula: SELECT TRIM(OPICED) AS OPICED, TRIM(OPINO2) AS OPINO2, TRIM(OPIES1) AS OPIES1, TRIM(OPITIP) AS OPITIP FROM DGACDAT.OPIAR2 WHERE OPICED = ? AND UPPER(TRIM(COALESCE(OPIES1, ''))) = ? FETCH FIRST 1 ROW ONLY
2026-03-31 20:11:19.743 | INFO  | CID:518b43256738 | USR:USU_ADMIN | Inspeccion/Detalle | [InspectoresDAO-DB2] Parametros => cedula=502438880, soloActivos=True, tipos=TODOS
2026-03-31 20:11:19.763 | WARN  | CID:518b43256738 | USR:USU_ADMIN | Inspeccion/Detalle | [InspectoresDAO-DB2] Inspector no encontrado para cedula=502438880, soloActivos=True
2026-03-31 20:11:19.764 | INFO  | CID:518b43256738 | USR:USU_ADMIN | Inspeccion/Detalle | [InspectoresDAO-DB2] Query obtener por cedula: SELECT TRIM(OPICED) AS OPICED, TRIM(OPINO2) AS OPINO2, TRIM(OPIES1) AS OPIES1, TRIM(OPITIP) AS OPITIP FROM DGACDAT.OPIAR2 WHERE OPICED = ? AND UPPER(TRIM(COALESCE(OPIES1, ''))) = ? FETCH FIRST 1 ROW ONLY
2026-03-31 20:11:19.764 | INFO  | CID:518b43256738 | USR:USU_ADMIN | Inspeccion/Detalle | [InspectoresDAO-DB2] Parametros => cedula=0502438880, soloActivos=True, tipos=TODOS
2026-03-31 20:11:19.768 | INFO  | CID:518b43256738 | USR:USU_ADMIN | Inspeccion/Detalle | [InspectoresDAO-DB2] Inspector encontrado por variante de cedula. Original=502438880, Variante=0502438880
2026-03-31 20:11:19.768 | INFO  | CID:518b43256738 | USR:USU_ADMIN | Inspeccion/Detalle | [GestionInspeccion] Detalle inspectores enriquecidos. InspeccionId=5, PrincipalCedula=0502438880, PrincipalNombre=EDISON XAVIER HERRERA PILATASIG, PrincipalTipo=AIR, ApoyoCedula=, ApoyoNombre=, ApoyoTipo=
2026-03-31 20:13:42.202 | INFO  | CID:9f6fcf353e7a | USR:USU_ADMIN | CoordinacionJefatura/CargarDatosFirmaDigitalAocr | Iniciando acción: CoordinacionJefatura/CargarDatosFirmaDigitalAocr
2026-03-31 20:13:42.374 | INFO  | CID:9f6fcf353e7a | USR:USU_ADMIN | CoordinacionJefatura/CargarDatosFirmaDigitalAocr | Acción completada: CoordinacionJefatura/CargarDatosFirmaDigitalAocr
2026-03-31 20:13:56.319 | INFO  | CID:483d8c2e2ea0 | USR:USU_ADMIN | CoordinacionJefatura/GuardarPosicionFirmaAocr | Iniciando acción: CoordinacionJefatura/GuardarPosicionFirmaAocr
2026-03-31 20:13:57.206 | INFO  | CID:483d8c2e2ea0 | USR:USU_ADMIN | CoordinacionJefatura/GuardarPosicionFirmaAocr | Acción completada: CoordinacionJefatura/GuardarPosicionFirmaAocr
2026-03-31 20:14:00.078 | INFO  | CID:6f528ea61cfe | USR:USU_ADMIN | CoordinacionJefatura/GenerarDocumentoValidacionAocr | Iniciando acción: CoordinacionJefatura/GenerarDocumentoValidacionAocr
2026-03-31 20:14:03.026 | INFO  | CID:6f528ea61cfe | USR:USU_ADMIN | CoordinacionJefatura/GenerarDocumentoValidacionAocr | Acción completada: CoordinacionJefatura/GenerarDocumentoValidacionAocr
