2026-03-30 08:22:26.640 | INFO  | CID:N/A | Iniciando procesador de cola de correos
2026-03-30 08:22:48.919 | INFO  | CID:d83a8ef601d6 | Account/Login | Iniciando acción: Account/Login
2026-03-30 08:22:49.699 | INFO  | CID:d83a8ef601d6 | Account/Login | Acción completada: Account/Login
2026-03-30 08:22:58.640 | INFO  | CID:N/A | USR:USU_ADMIN | Inspeccion/Index | AuditTrailService: Tabla aocr_audit_trail verificada/creada.
2026-03-30 08:22:58.657 | INFO  | CID:613021597f22 | USR:USU_ADMIN | Inspeccion/Index | [InspeccionesController] Inicio pantalla gestion inspecciones. Usuario=USU_ADMIN, Rol=Administrador,Inspector,JefaturaTecnica,Direccion,CoordinacionLegal
2026-03-30 08:22:58.799 | INFO  | CID:613021597f22 | USR:USU_ADMIN | Inspeccion/Index | [InspeccionesController] Inspecciones recibidas=17
2026-03-30 08:23:06.635 | INFO  | CID:a9731cfca068 | USR:USU_ADMIN | [InspeccionesController] Inicio endpoint AJAX inspectores. Usuario=USU_ADMIN, Rol=Administrador,Direccion,JefaturaTecnica, TipoInspector=TODOS
2026-03-30 08:23:06.895 | INFO  | CID:a9731cfca068 | USR:USU_ADMIN | [InspeccionesController] Endpoint AJAX inspectores OK. Origen=Usuarios RT / Inspectores, Tipo=TODOS, Cantidad=1
2026-03-30 08:23:37.714 | INFO  | CID:e5895743b465 | USR:USU_ADMIN | Inspeccion/Index | [InspeccionesController] Inicio pantalla gestion inspecciones. Usuario=USU_ADMIN, Rol=Administrador,Inspector,JefaturaTecnica,Direccion,CoordinacionLegal
2026-03-30 08:23:37.718 | INFO  | CID:e5895743b465 | USR:USU_ADMIN | Inspeccion/Index | [InspeccionesController] Inspecciones recibidas=17
2026-03-30 08:23:40.321 | INFO  | CID:760deca46f85 | USR:USU_ADMIN | Inspeccion/Detalle | [GestionInspeccion] Inicio Detalle. InspeccionId=11, Usuario=USU_ADMIN, Rol=Administrador,Inspector,JefaturaTecnica,Direccion,CoordinacionLegal
2026-03-30 08:23:40.327 | INFO  | CID:760deca46f85 | USR:USU_ADMIN | Inspeccion/Detalle | [GestionInspeccion] InspeccionId=11, SolicitudId=169, EstadoActual=RESULTADO_NO_SATISFACTORIO, InspectorAsignado=1709565459
2026-03-30 08:23:40.327 | INFO  | CID:760deca46f85 | USR:USU_ADMIN | Inspeccion/Detalle | [GestionInspeccion] PuedeGestionar=True para detalle. InspeccionId=11
2026-03-30 08:23:41.951 | INFO  | CID:760deca46f85 | USR:USU_ADMIN | Inspeccion/Detalle | [InspectoresDAO-DB2] Query obtener por cedula: SELECT TRIM(OPICED) AS OPICED, TRIM(OPINO2) AS OPINO2, TRIM(OPIES1) AS OPIES1, TRIM(OPITIP) AS OPITIP FROM DGACDAT.OPIAR2 WHERE OPICED = ? AND UPPER(TRIM(COALESCE(OPIES1, ''))) = ? FETCH FIRST 1 ROW ONLY
2026-03-30 08:23:41.951 | INFO  | CID:760deca46f85 | USR:USU_ADMIN | Inspeccion/Detalle | [InspectoresDAO-DB2] Parametros => cedula=1709565459, soloActivos=True, tipos=TODOS
2026-03-30 08:23:42.044 | INFO  | CID:760deca46f85 | USR:USU_ADMIN | Inspeccion/Detalle | [GestionInspeccion] Detalle inspectores enriquecidos. InspeccionId=11, PrincipalCedula=1709565459, PrincipalNombre=CATOTA TORRES LUIS WILKIR, PrincipalTipo=OPS, ApoyoCedula=, ApoyoNombre=, ApoyoTipo=
2026-03-30 08:24:20.482 | INFO  | CID:4cb0a4fb837d | USR:USU_ADMIN | Inspeccion/Detalle | [GestionInspeccion] Inicio Detalle. InspeccionId=17, Usuario=USU_ADMIN, Rol=Administrador,Inspector,JefaturaTecnica,Direccion,CoordinacionLegal
2026-03-30 08:24:20.493 | INFO  | CID:4cb0a4fb837d | USR:USU_ADMIN | Inspeccion/Detalle | [GestionInspeccion] InspeccionId=17, SolicitudId=87, EstadoActual=VERIFICACION_SOLICITUD, InspectorAsignado=17
2026-03-30 08:24:20.494 | INFO  | CID:4cb0a4fb837d | USR:USU_ADMIN | Inspeccion/Detalle | [GestionInspeccion] PuedeGestionar=True para detalle. InspeccionId=17
2026-03-30 08:24:21.122 | INFO  | CID:4cb0a4fb837d | USR:USU_ADMIN | Inspeccion/Detalle | [InspectoresDAO-DB2] Query obtener por cedula: SELECT TRIM(OPICED) AS OPICED, TRIM(OPINO2) AS OPINO2, TRIM(OPIES1) AS OPIES1, TRIM(OPITIP) AS OPITIP FROM DGACDAT.OPIAR2 WHERE OPICED = ? AND UPPER(TRIM(COALESCE(OPIES1, ''))) = ? FETCH FIRST 1 ROW ONLY
2026-03-30 08:24:21.122 | INFO  | CID:4cb0a4fb837d | USR:USU_ADMIN | Inspeccion/Detalle | [InspectoresDAO-DB2] Parametros => cedula=17, soloActivos=True, tipos=TODOS
2026-03-30 08:24:21.130 | WARN  | CID:4cb0a4fb837d | USR:USU_ADMIN | Inspeccion/Detalle | [InspectoresDAO-DB2] Inspector no encontrado para cedula=17, soloActivos=True
2026-03-30 08:24:21.130 | INFO  | CID:4cb0a4fb837d | USR:USU_ADMIN | Inspeccion/Detalle | [InspectoresDAO-DB2] Query obtener por cedula: SELECT TRIM(OPICED) AS OPICED, TRIM(OPINO2) AS OPINO2, TRIM(OPIES1) AS OPIES1, TRIM(OPITIP) AS OPITIP FROM DGACDAT.OPIAR2 WHERE OPICED = ? AND UPPER(TRIM(COALESCE(OPIES1, ''))) = ? FETCH FIRST 1 ROW ONLY
2026-03-30 08:24:21.131 | INFO  | CID:4cb0a4fb837d | USR:USU_ADMIN | Inspeccion/Detalle | [InspectoresDAO-DB2] Parametros => cedula=0000000017, soloActivos=True, tipos=TODOS
2026-03-30 08:24:21.133 | WARN  | CID:4cb0a4fb837d | USR:USU_ADMIN | Inspeccion/Detalle | [InspectoresDAO-DB2] Inspector no encontrado para cedula=0000000017, soloActivos=True
2026-03-30 08:24:21.133 | INFO  | CID:4cb0a4fb837d | USR:USU_ADMIN | Inspeccion/Detalle | [InspectoresDAO-DB2] Query obtener por cedula: SELECT TRIM(OPICED) AS OPICED, TRIM(OPINO2) AS OPINO2, TRIM(OPIES1) AS OPIES1, TRIM(OPITIP) AS OPITIP FROM DGACDAT.OPIAR2 WHERE OPICED = ? FETCH FIRST 1 ROW ONLY
2026-03-30 08:24:21.134 | INFO  | CID:4cb0a4fb837d | USR:USU_ADMIN | Inspeccion/Detalle | [InspectoresDAO-DB2] Parametros => cedula=17, soloActivos=False, tipos=TODOS
2026-03-30 08:24:21.138 | WARN  | CID:4cb0a4fb837d | USR:USU_ADMIN | Inspeccion/Detalle | [InspectoresDAO-DB2] Inspector no encontrado para cedula=17, soloActivos=False
2026-03-30 08:24:21.139 | INFO  | CID:4cb0a4fb837d | USR:USU_ADMIN | Inspeccion/Detalle | [InspectoresDAO-DB2] Query obtener por cedula: SELECT TRIM(OPICED) AS OPICED, TRIM(OPINO2) AS OPINO2, TRIM(OPIES1) AS OPIES1, TRIM(OPITIP) AS OPITIP FROM DGACDAT.OPIAR2 WHERE OPICED = ? FETCH FIRST 1 ROW ONLY
2026-03-30 08:24:21.139 | INFO  | CID:4cb0a4fb837d | USR:USU_ADMIN | Inspeccion/Detalle | [InspectoresDAO-DB2] Parametros => cedula=0000000017, soloActivos=False, tipos=TODOS
2026-03-30 08:24:21.142 | WARN  | CID:4cb0a4fb837d | USR:USU_ADMIN | Inspeccion/Detalle | [InspectoresDAO-DB2] Inspector no encontrado para cedula=0000000017, soloActivos=False
2026-03-30 08:24:21.143 | INFO  | CID:4cb0a4fb837d | USR:USU_ADMIN | Inspeccion/Detalle | [InspectoresDAO-DB2] Query obtener por cedula: SELECT TRIM(OPICED) AS OPICED, TRIM(OPINO2) AS OPINO2, TRIM(OPIES1) AS OPIES1, TRIM(OPITIP) AS OPITIP FROM DGACDAT.OPIAR2 WHERE OPICED = ? AND UPPER(TRIM(COALESCE(OPIES1, ''))) = ? FETCH FIRST 1 ROW ONLY
2026-03-30 08:24:21.143 | INFO  | CID:4cb0a4fb837d | USR:USU_ADMIN | Inspeccion/Detalle | [InspectoresDAO-DB2] Parametros => cedula=17, soloActivos=True, tipos=TODOS
2026-03-30 08:24:21.145 | WARN  | CID:4cb0a4fb837d | USR:USU_ADMIN | Inspeccion/Detalle | [InspectoresDAO-DB2] Inspector no encontrado para cedula=17, soloActivos=True
2026-03-30 08:24:21.146 | INFO  | CID:4cb0a4fb837d | USR:USU_ADMIN | Inspeccion/Detalle | [InspectoresDAO-DB2] Query obtener por cedula: SELECT TRIM(OPICED) AS OPICED, TRIM(OPINO2) AS OPINO2, TRIM(OPIES1) AS OPIES1, TRIM(OPITIP) AS OPITIP FROM DGACDAT.OPIAR2 WHERE OPICED = ? AND UPPER(TRIM(COALESCE(OPIES1, ''))) = ? FETCH FIRST 1 ROW ONLY
2026-03-30 08:24:21.146 | INFO  | CID:4cb0a4fb837d | USR:USU_ADMIN | Inspeccion/Detalle | [InspectoresDAO-DB2] Parametros => cedula=0000000017, soloActivos=True, tipos=TODOS
2026-03-30 08:24:21.148 | WARN  | CID:4cb0a4fb837d | USR:USU_ADMIN | Inspeccion/Detalle | [InspectoresDAO-DB2] Inspector no encontrado para cedula=0000000017, soloActivos=True
2026-03-30 08:24:21.149 | INFO  | CID:4cb0a4fb837d | USR:USU_ADMIN | Inspeccion/Detalle | [InspectoresDAO-DB2] Query obtener por cedula: SELECT TRIM(OPICED) AS OPICED, TRIM(OPINO2) AS OPINO2, TRIM(OPIES1) AS OPIES1, TRIM(OPITIP) AS OPITIP FROM DGACDAT.OPIAR2 WHERE OPICED = ? FETCH FIRST 1 ROW ONLY
2026-03-30 08:24:21.149 | INFO  | CID:4cb0a4fb837d | USR:USU_ADMIN | Inspeccion/Detalle | [InspectoresDAO-DB2] Parametros => cedula=17, soloActivos=False, tipos=TODOS
2026-03-30 08:24:21.151 | WARN  | CID:4cb0a4fb837d | USR:USU_ADMIN | Inspeccion/Detalle | [InspectoresDAO-DB2] Inspector no encontrado para cedula=17, soloActivos=False
2026-03-30 08:24:21.152 | INFO  | CID:4cb0a4fb837d | USR:USU_ADMIN | Inspeccion/Detalle | [InspectoresDAO-DB2] Query obtener por cedula: SELECT TRIM(OPICED) AS OPICED, TRIM(OPINO2) AS OPINO2, TRIM(OPIES1) AS OPIES1, TRIM(OPITIP) AS OPITIP FROM DGACDAT.OPIAR2 WHERE OPICED = ? FETCH FIRST 1 ROW ONLY
2026-03-30 08:24:21.152 | INFO  | CID:4cb0a4fb837d | USR:USU_ADMIN | Inspeccion/Detalle | [InspectoresDAO-DB2] Parametros => cedula=0000000017, soloActivos=False, tipos=TODOS
2026-03-30 08:24:21.155 | WARN  | CID:4cb0a4fb837d | USR:USU_ADMIN | Inspeccion/Detalle | [InspectoresDAO-DB2] Inspector no encontrado para cedula=0000000017, soloActivos=False
2026-03-30 08:24:21.155 | INFO  | CID:4cb0a4fb837d | USR:USU_ADMIN | Inspeccion/Detalle | [GestionInspeccion] Detalle inspectores enriquecidos. InspeccionId=17, PrincipalCedula=17, PrincipalNombre=17, PrincipalTipo=, ApoyoCedula=, ApoyoNombre=, ApoyoTipo=
2026-03-30 08:26:21.479 | INFO  | CID:7f09a2c8c246 | USR:USU_ADMIN | Inspeccion/GuardarInformeTecnico | Iniciando acción: Inspeccion/GuardarInformeTecnico
2026-03-30 08:26:35.725 | INFO  | CID:7f09a2c8c246 | USR:USU_ADMIN | Inspeccion/GuardarInformeTecnico | Acción completada: Inspeccion/GuardarInformeTecnico
2026-03-30 08:26:36.434 | INFO  | CID:N/A | Deteniendo procesador de cola de correos
2026-03-30 08:26:36.616 | INFO  | CID:N/A | Deteniendo procesador de cola de correos
2026-03-30 08:26:49.655 | INFO  | CID:N/A | Iniciando procesador de cola de correos
2026-03-30 08:26:51.336 | INFO  | CID:N/A | USR:USU_ADMIN | Inspeccion/VerInforme | AuditTrailService: Tabla aocr_audit_trail verificada/creada.
2026-03-30 08:26:52.409 | INFO  | CID:fca3ce19cfa5 | USR:USU_ADMIN | Inspeccion/Detalle | [GestionInspeccion] Inicio Detalle. InspeccionId=17, Usuario=USU_ADMIN, Rol=Administrador,Inspector,JefaturaTecnica,Direccion,CoordinacionLegal
2026-03-30 08:26:52.584 | INFO  | CID:fca3ce19cfa5 | USR:USU_ADMIN | Inspeccion/Detalle | [GestionInspeccion] InspeccionId=17, SolicitudId=87, EstadoActual=VERIFICACION_SOLICITUD, InspectorAsignado=17
2026-03-30 08:26:52.587 | INFO  | CID:fca3ce19cfa5 | USR:USU_ADMIN | Inspeccion/Detalle | [GestionInspeccion] PuedeGestionar=True para detalle. InspeccionId=17
2026-03-30 08:26:54.051 | INFO  | CID:fca3ce19cfa5 | USR:USU_ADMIN | Inspeccion/Detalle | [InspectoresDAO-DB2] Query obtener por cedula: SELECT TRIM(OPICED) AS OPICED, TRIM(OPINO2) AS OPINO2, TRIM(OPIES1) AS OPIES1, TRIM(OPITIP) AS OPITIP FROM DGACDAT.OPIAR2 WHERE OPICED = ? AND UPPER(TRIM(COALESCE(OPIES1, ''))) = ? FETCH FIRST 1 ROW ONLY
2026-03-30 08:26:54.055 | INFO  | CID:fca3ce19cfa5 | USR:USU_ADMIN | Inspeccion/Detalle | [InspectoresDAO-DB2] Parametros => cedula=17, soloActivos=True, tipos=TODOS
2026-03-30 08:26:54.070 | WARN  | CID:fca3ce19cfa5 | USR:USU_ADMIN | Inspeccion/Detalle | [InspectoresDAO-DB2] Inspector no encontrado para cedula=17, soloActivos=True
2026-03-30 08:26:54.070 | INFO  | CID:fca3ce19cfa5 | USR:USU_ADMIN | Inspeccion/Detalle | [InspectoresDAO-DB2] Query obtener por cedula: SELECT TRIM(OPICED) AS OPICED, TRIM(OPINO2) AS OPINO2, TRIM(OPIES1) AS OPIES1, TRIM(OPITIP) AS OPITIP FROM DGACDAT.OPIAR2 WHERE OPICED = ? AND UPPER(TRIM(COALESCE(OPIES1, ''))) = ? FETCH FIRST 1 ROW ONLY
2026-03-30 08:26:54.070 | INFO  | CID:fca3ce19cfa5 | USR:USU_ADMIN | Inspeccion/Detalle | [InspectoresDAO-DB2] Parametros => cedula=0000000017, soloActivos=True, tipos=TODOS
2026-03-30 08:26:54.070 | WARN  | CID:fca3ce19cfa5 | USR:USU_ADMIN | Inspeccion/Detalle | [InspectoresDAO-DB2] Inspector no encontrado para cedula=0000000017, soloActivos=True
2026-03-30 08:26:54.070 | INFO  | CID:fca3ce19cfa5 | USR:USU_ADMIN | Inspeccion/Detalle | [InspectoresDAO-DB2] Query obtener por cedula: SELECT TRIM(OPICED) AS OPICED, TRIM(OPINO2) AS OPINO2, TRIM(OPIES1) AS OPIES1, TRIM(OPITIP) AS OPITIP FROM DGACDAT.OPIAR2 WHERE OPICED = ? FETCH FIRST 1 ROW ONLY
2026-03-30 08:26:54.087 | INFO  | CID:fca3ce19cfa5 | USR:USU_ADMIN | Inspeccion/Detalle | [InspectoresDAO-DB2] Parametros => cedula=17, soloActivos=False, tipos=TODOS
2026-03-30 08:26:54.094 | WARN  | CID:fca3ce19cfa5 | USR:USU_ADMIN | Inspeccion/Detalle | [InspectoresDAO-DB2] Inspector no encontrado para cedula=17, soloActivos=False
2026-03-30 08:26:54.096 | INFO  | CID:fca3ce19cfa5 | USR:USU_ADMIN | Inspeccion/Detalle | [InspectoresDAO-DB2] Query obtener por cedula: SELECT TRIM(OPICED) AS OPICED, TRIM(OPINO2) AS OPINO2, TRIM(OPIES1) AS OPIES1, TRIM(OPITIP) AS OPITIP FROM DGACDAT.OPIAR2 WHERE OPICED = ? FETCH FIRST 1 ROW ONLY
2026-03-30 08:26:54.100 | INFO  | CID:fca3ce19cfa5 | USR:USU_ADMIN | Inspeccion/Detalle | [InspectoresDAO-DB2] Parametros => cedula=0000000017, soloActivos=False, tipos=TODOS
2026-03-30 08:26:54.106 | WARN  | CID:fca3ce19cfa5 | USR:USU_ADMIN | Inspeccion/Detalle | [InspectoresDAO-DB2] Inspector no encontrado para cedula=0000000017, soloActivos=False
2026-03-30 08:26:54.109 | INFO  | CID:fca3ce19cfa5 | USR:USU_ADMIN | Inspeccion/Detalle | [InspectoresDAO-DB2] Query obtener por cedula: SELECT TRIM(OPICED) AS OPICED, TRIM(OPINO2) AS OPINO2, TRIM(OPIES1) AS OPIES1, TRIM(OPITIP) AS OPITIP FROM DGACDAT.OPIAR2 WHERE OPICED = ? AND UPPER(TRIM(COALESCE(OPIES1, ''))) = ? FETCH FIRST 1 ROW ONLY
2026-03-30 08:26:54.112 | INFO  | CID:fca3ce19cfa5 | USR:USU_ADMIN | Inspeccion/Detalle | [InspectoresDAO-DB2] Parametros => cedula=17, soloActivos=True, tipos=TODOS
2026-03-30 08:26:54.116 | WARN  | CID:fca3ce19cfa5 | USR:USU_ADMIN | Inspeccion/Detalle | [InspectoresDAO-DB2] Inspector no encontrado para cedula=17, soloActivos=True
2026-03-30 08:26:54.120 | INFO  | CID:fca3ce19cfa5 | USR:USU_ADMIN | Inspeccion/Detalle | [InspectoresDAO-DB2] Query obtener por cedula: SELECT TRIM(OPICED) AS OPICED, TRIM(OPINO2) AS OPINO2, TRIM(OPIES1) AS OPIES1, TRIM(OPITIP) AS OPITIP FROM DGACDAT.OPIAR2 WHERE OPICED = ? AND UPPER(TRIM(COALESCE(OPIES1, ''))) = ? FETCH FIRST 1 ROW ONLY
2026-03-30 08:26:54.123 | INFO  | CID:fca3ce19cfa5 | USR:USU_ADMIN | Inspeccion/Detalle | [InspectoresDAO-DB2] Parametros => cedula=0000000017, soloActivos=True, tipos=TODOS
2026-03-30 08:26:54.127 | WARN  | CID:fca3ce19cfa5 | USR:USU_ADMIN | Inspeccion/Detalle | [InspectoresDAO-DB2] Inspector no encontrado para cedula=0000000017, soloActivos=True
2026-03-30 08:26:54.129 | INFO  | CID:fca3ce19cfa5 | USR:USU_ADMIN | Inspeccion/Detalle | [InspectoresDAO-DB2] Query obtener por cedula: SELECT TRIM(OPICED) AS OPICED, TRIM(OPINO2) AS OPINO2, TRIM(OPIES1) AS OPIES1, TRIM(OPITIP) AS OPITIP FROM DGACDAT.OPIAR2 WHERE OPICED = ? FETCH FIRST 1 ROW ONLY
2026-03-30 08:26:54.132 | INFO  | CID:fca3ce19cfa5 | USR:USU_ADMIN | Inspeccion/Detalle | [InspectoresDAO-DB2] Parametros => cedula=17, soloActivos=False, tipos=TODOS
2026-03-30 08:26:54.135 | WARN  | CID:fca3ce19cfa5 | USR:USU_ADMIN | Inspeccion/Detalle | [InspectoresDAO-DB2] Inspector no encontrado para cedula=17, soloActivos=False
2026-03-30 08:26:54.138 | INFO  | CID:fca3ce19cfa5 | USR:USU_ADMIN | Inspeccion/Detalle | [InspectoresDAO-DB2] Query obtener por cedula: SELECT TRIM(OPICED) AS OPICED, TRIM(OPINO2) AS OPINO2, TRIM(OPIES1) AS OPIES1, TRIM(OPITIP) AS OPITIP FROM DGACDAT.OPIAR2 WHERE OPICED = ? FETCH FIRST 1 ROW ONLY
2026-03-30 08:26:54.141 | INFO  | CID:fca3ce19cfa5 | USR:USU_ADMIN | Inspeccion/Detalle | [InspectoresDAO-DB2] Parametros => cedula=0000000017, soloActivos=False, tipos=TODOS
2026-03-30 08:26:54.151 | WARN  | CID:fca3ce19cfa5 | USR:USU_ADMIN | Inspeccion/Detalle | [InspectoresDAO-DB2] Inspector no encontrado para cedula=0000000017, soloActivos=False
2026-03-30 08:26:54.153 | INFO  | CID:fca3ce19cfa5 | USR:USU_ADMIN | Inspeccion/Detalle | [GestionInspeccion] Detalle inspectores enriquecidos. InspeccionId=17, PrincipalCedula=17, PrincipalNombre=17, PrincipalTipo=, ApoyoCedula=, ApoyoNombre=, ApoyoTipo=
2026-03-30 08:35:11.704 | INFO  | CID:N/A | Iniciando procesador de cola de correos
2026-03-30 08:35:35.961 | INFO  | CID:f9d1c21b594b | Account/Login | Iniciando acción: Account/Login
2026-03-30 08:35:36.712 | INFO  | CID:f9d1c21b594b | Account/Login | Acción completada: Account/Login
2026-03-30 08:35:45.240 | INFO  | CID:N/A | USR:USU_ADMIN | Inspeccion/Index | AuditTrailService: Tabla aocr_audit_trail verificada/creada.
2026-03-30 08:35:45.242 | INFO  | CID:ef6681e88b17 | USR:USU_ADMIN | Inspeccion/Index | [InspeccionesController] Inicio pantalla gestion inspecciones. Usuario=USU_ADMIN, Rol=Administrador,Inspector,JefaturaTecnica,Direccion,CoordinacionLegal
2026-03-30 08:35:45.514 | INFO  | CID:ef6681e88b17 | USR:USU_ADMIN | Inspeccion/Index | [InspeccionesController] Inspecciones recibidas=17
2026-03-30 08:35:54.813 | INFO  | CID:f1a247e6bf01 | USR:USU_ADMIN | [InspeccionesController] Inicio endpoint AJAX inspectores. Usuario=USU_ADMIN, Rol=Administrador,Direccion,JefaturaTecnica, TipoInspector=TODOS
2026-03-30 08:35:55.073 | INFO  | CID:f1a247e6bf01 | USR:USU_ADMIN | [InspeccionesController] Endpoint AJAX inspectores OK. Origen=Usuarios RT / Inspectores, Tipo=TODOS, Cantidad=1
2026-03-30 08:36:08.464 | INFO  | CID:32e0c60b1625 | USR:USU_ADMIN | [InspeccionesController] Inicio endpoint AJAX inspectores. Usuario=USU_ADMIN, Rol=Administrador,Direccion,JefaturaTecnica, TipoInspector=TODOS
2026-03-30 08:36:08.472 | INFO  | CID:32e0c60b1625 | USR:USU_ADMIN | [InspeccionesController] Endpoint AJAX inspectores OK. Origen=Usuarios RT / Inspectores, Tipo=TODOS, Cantidad=1
2026-03-30 08:36:13.474 | INFO  | CID:d88d33e97c61 | USR:USU_ADMIN | Inspeccion/Detalle | [GestionInspeccion] Inicio Detalle. InspeccionId=15, Usuario=USU_ADMIN, Rol=Administrador,Inspector,JefaturaTecnica,Direccion,CoordinacionLegal
2026-03-30 08:36:13.484 | INFO  | CID:d88d33e97c61 | USR:USU_ADMIN | Inspeccion/Detalle | [GestionInspeccion] InspeccionId=15, SolicitudId=111, EstadoActual=VERIFICACION_SOLICITUD, InspectorAsignado=17
2026-03-30 08:36:13.485 | INFO  | CID:d88d33e97c61 | USR:USU_ADMIN | Inspeccion/Detalle | [GestionInspeccion] PuedeGestionar=True para detalle. InspeccionId=15
2026-03-30 08:36:14.975 | INFO  | CID:d88d33e97c61 | USR:USU_ADMIN | Inspeccion/Detalle | [InspectoresDAO-DB2] Query obtener por cedula: SELECT TRIM(OPICED) AS OPICED, TRIM(OPINO2) AS OPINO2, TRIM(OPIES1) AS OPIES1, TRIM(OPITIP) AS OPITIP FROM DGACDAT.OPIAR2 WHERE OPICED = ? AND UPPER(TRIM(COALESCE(OPIES1, ''))) = ? FETCH FIRST 1 ROW ONLY
2026-03-30 08:36:14.975 | INFO  | CID:d88d33e97c61 | USR:USU_ADMIN | Inspeccion/Detalle | [InspectoresDAO-DB2] Parametros => cedula=17, soloActivos=True, tipos=TODOS
2026-03-30 08:36:15.033 | WARN  | CID:d88d33e97c61 | USR:USU_ADMIN | Inspeccion/Detalle | [InspectoresDAO-DB2] Inspector no encontrado para cedula=17, soloActivos=True
2026-03-30 08:36:15.041 | INFO  | CID:d88d33e97c61 | USR:USU_ADMIN | Inspeccion/Detalle | [InspectoresDAO-DB2] Query obtener por cedula: SELECT TRIM(OPICED) AS OPICED, TRIM(OPINO2) AS OPINO2, TRIM(OPIES1) AS OPIES1, TRIM(OPITIP) AS OPITIP FROM DGACDAT.OPIAR2 WHERE OPICED = ? AND UPPER(TRIM(COALESCE(OPIES1, ''))) = ? FETCH FIRST 1 ROW ONLY
2026-03-30 08:36:15.042 | INFO  | CID:d88d33e97c61 | USR:USU_ADMIN | Inspeccion/Detalle | [InspectoresDAO-DB2] Parametros => cedula=0000000017, soloActivos=True, tipos=TODOS
2026-03-30 08:36:15.045 | WARN  | CID:d88d33e97c61 | USR:USU_ADMIN | Inspeccion/Detalle | [InspectoresDAO-DB2] Inspector no encontrado para cedula=0000000017, soloActivos=True
2026-03-30 08:36:15.046 | INFO  | CID:d88d33e97c61 | USR:USU_ADMIN | Inspeccion/Detalle | [InspectoresDAO-DB2] Query obtener por cedula: SELECT TRIM(OPICED) AS OPICED, TRIM(OPINO2) AS OPINO2, TRIM(OPIES1) AS OPIES1, TRIM(OPITIP) AS OPITIP FROM DGACDAT.OPIAR2 WHERE OPICED = ? FETCH FIRST 1 ROW ONLY
2026-03-30 08:36:15.046 | INFO  | CID:d88d33e97c61 | USR:USU_ADMIN | Inspeccion/Detalle | [InspectoresDAO-DB2] Parametros => cedula=17, soloActivos=False, tipos=TODOS
2026-03-30 08:36:15.050 | WARN  | CID:d88d33e97c61 | USR:USU_ADMIN | Inspeccion/Detalle | [InspectoresDAO-DB2] Inspector no encontrado para cedula=17, soloActivos=False
2026-03-30 08:36:15.051 | INFO  | CID:d88d33e97c61 | USR:USU_ADMIN | Inspeccion/Detalle | [InspectoresDAO-DB2] Query obtener por cedula: SELECT TRIM(OPICED) AS OPICED, TRIM(OPINO2) AS OPINO2, TRIM(OPIES1) AS OPIES1, TRIM(OPITIP) AS OPITIP FROM DGACDAT.OPIAR2 WHERE OPICED = ? FETCH FIRST 1 ROW ONLY
2026-03-30 08:36:15.051 | INFO  | CID:d88d33e97c61 | USR:USU_ADMIN | Inspeccion/Detalle | [InspectoresDAO-DB2] Parametros => cedula=0000000017, soloActivos=False, tipos=TODOS
2026-03-30 08:36:15.055 | WARN  | CID:d88d33e97c61 | USR:USU_ADMIN | Inspeccion/Detalle | [InspectoresDAO-DB2] Inspector no encontrado para cedula=0000000017, soloActivos=False
2026-03-30 08:36:15.056 | INFO  | CID:d88d33e97c61 | USR:USU_ADMIN | Inspeccion/Detalle | [InspectoresDAO-DB2] Query obtener por cedula: SELECT TRIM(OPICED) AS OPICED, TRIM(OPINO2) AS OPINO2, TRIM(OPIES1) AS OPIES1, TRIM(OPITIP) AS OPITIP FROM DGACDAT.OPIAR2 WHERE OPICED = ? AND UPPER(TRIM(COALESCE(OPIES1, ''))) = ? FETCH FIRST 1 ROW ONLY
2026-03-30 08:36:15.057 | INFO  | CID:d88d33e97c61 | USR:USU_ADMIN | Inspeccion/Detalle | [InspectoresDAO-DB2] Parametros => cedula=17, soloActivos=True, tipos=TODOS
2026-03-30 08:36:15.059 | WARN  | CID:d88d33e97c61 | USR:USU_ADMIN | Inspeccion/Detalle | [InspectoresDAO-DB2] Inspector no encontrado para cedula=17, soloActivos=True
2026-03-30 08:36:15.059 | INFO  | CID:d88d33e97c61 | USR:USU_ADMIN | Inspeccion/Detalle | [InspectoresDAO-DB2] Query obtener por cedula: SELECT TRIM(OPICED) AS OPICED, TRIM(OPINO2) AS OPINO2, TRIM(OPIES1) AS OPIES1, TRIM(OPITIP) AS OPITIP FROM DGACDAT.OPIAR2 WHERE OPICED = ? AND UPPER(TRIM(COALESCE(OPIES1, ''))) = ? FETCH FIRST 1 ROW ONLY
2026-03-30 08:36:15.059 | INFO  | CID:d88d33e97c61 | USR:USU_ADMIN | Inspeccion/Detalle | [InspectoresDAO-DB2] Parametros => cedula=0000000017, soloActivos=True, tipos=TODOS
2026-03-30 08:36:15.061 | WARN  | CID:d88d33e97c61 | USR:USU_ADMIN | Inspeccion/Detalle | [InspectoresDAO-DB2] Inspector no encontrado para cedula=0000000017, soloActivos=True
2026-03-30 08:36:15.061 | INFO  | CID:d88d33e97c61 | USR:USU_ADMIN | Inspeccion/Detalle | [InspectoresDAO-DB2] Query obtener por cedula: SELECT TRIM(OPICED) AS OPICED, TRIM(OPINO2) AS OPINO2, TRIM(OPIES1) AS OPIES1, TRIM(OPITIP) AS OPITIP FROM DGACDAT.OPIAR2 WHERE OPICED = ? FETCH FIRST 1 ROW ONLY
2026-03-30 08:36:15.062 | INFO  | CID:d88d33e97c61 | USR:USU_ADMIN | Inspeccion/Detalle | [InspectoresDAO-DB2] Parametros => cedula=17, soloActivos=False, tipos=TODOS
2026-03-30 08:36:15.064 | WARN  | CID:d88d33e97c61 | USR:USU_ADMIN | Inspeccion/Detalle | [InspectoresDAO-DB2] Inspector no encontrado para cedula=17, soloActivos=False
2026-03-30 08:36:15.064 | INFO  | CID:d88d33e97c61 | USR:USU_ADMIN | Inspeccion/Detalle | [InspectoresDAO-DB2] Query obtener por cedula: SELECT TRIM(OPICED) AS OPICED, TRIM(OPINO2) AS OPINO2, TRIM(OPIES1) AS OPIES1, TRIM(OPITIP) AS OPITIP FROM DGACDAT.OPIAR2 WHERE OPICED = ? FETCH FIRST 1 ROW ONLY
2026-03-30 08:36:15.064 | INFO  | CID:d88d33e97c61 | USR:USU_ADMIN | Inspeccion/Detalle | [InspectoresDAO-DB2] Parametros => cedula=0000000017, soloActivos=False, tipos=TODOS
2026-03-30 08:36:15.066 | WARN  | CID:d88d33e97c61 | USR:USU_ADMIN | Inspeccion/Detalle | [InspectoresDAO-DB2] Inspector no encontrado para cedula=0000000017, soloActivos=False
2026-03-30 08:36:15.066 | INFO  | CID:d88d33e97c61 | USR:USU_ADMIN | Inspeccion/Detalle | [GestionInspeccion] Detalle inspectores enriquecidos. InspeccionId=15, PrincipalCedula=17, PrincipalNombre=17, PrincipalTipo=, ApoyoCedula=, ApoyoNombre=, ApoyoTipo=
2026-03-30 08:38:11.360 | INFO  | CID:N/A | Iniciando procesador de cola de correos
2026-03-30 08:38:27.157 | INFO  | CID:29a06936c91d | Account/Login | Iniciando acción: Account/Login
2026-03-30 08:38:27.897 | INFO  | CID:29a06936c91d | Account/Login | Acción completada: Account/Login
2026-03-30 08:38:33.562 | INFO  | CID:N/A | USR:USU_ADMIN | Inspeccion/Index | AuditTrailService: Tabla aocr_audit_trail verificada/creada.
2026-03-30 08:38:33.571 | INFO  | CID:bece76c21e75 | USR:USU_ADMIN | Inspeccion/Index | [InspeccionesController] Inicio pantalla gestion inspecciones. Usuario=USU_ADMIN, Rol=Administrador,Inspector,JefaturaTecnica,Direccion,CoordinacionLegal
2026-03-30 08:38:33.878 | INFO  | CID:bece76c21e75 | USR:USU_ADMIN | Inspeccion/Index | [InspeccionesController] Inspecciones recibidas=17
2026-03-30 08:38:38.925 | INFO  | CID:0d427a049649 | USR:USU_ADMIN | Inspeccion/Detalle | [GestionInspeccion] Inicio Detalle. InspeccionId=16, Usuario=USU_ADMIN, Rol=Administrador,Inspector,JefaturaTecnica,Direccion,CoordinacionLegal
2026-03-30 08:38:38.937 | INFO  | CID:0d427a049649 | USR:USU_ADMIN | Inspeccion/Detalle | [GestionInspeccion] InspeccionId=16, SolicitudId=92, EstadoActual=VERIFICACION_SOLICITUD, InspectorAsignado=17
2026-03-30 08:38:38.937 | INFO  | CID:0d427a049649 | USR:USU_ADMIN | Inspeccion/Detalle | [GestionInspeccion] PuedeGestionar=True para detalle. InspeccionId=16
2026-03-30 08:38:40.641 | INFO  | CID:0d427a049649 | USR:USU_ADMIN | Inspeccion/Detalle | [InspectoresDAO-DB2] Query obtener por cedula: SELECT TRIM(OPICED) AS OPICED, TRIM(OPINO2) AS OPINO2, TRIM(OPIES1) AS OPIES1, TRIM(OPITIP) AS OPITIP FROM DGACDAT.OPIAR2 WHERE OPICED = ? AND UPPER(TRIM(COALESCE(OPIES1, ''))) = ? FETCH FIRST 1 ROW ONLY
2026-03-30 08:38:40.641 | INFO  | CID:0d427a049649 | USR:USU_ADMIN | Inspeccion/Detalle | [InspectoresDAO-DB2] Parametros => cedula=17, soloActivos=True, tipos=TODOS
2026-03-30 08:38:40.692 | WARN  | CID:0d427a049649 | USR:USU_ADMIN | Inspeccion/Detalle | [InspectoresDAO-DB2] Inspector no encontrado para cedula=17, soloActivos=True
2026-03-30 08:38:40.700 | INFO  | CID:0d427a049649 | USR:USU_ADMIN | Inspeccion/Detalle | [InspectoresDAO-DB2] Query obtener por cedula: SELECT TRIM(OPICED) AS OPICED, TRIM(OPINO2) AS OPINO2, TRIM(OPIES1) AS OPIES1, TRIM(OPITIP) AS OPITIP FROM DGACDAT.OPIAR2 WHERE OPICED = ? AND UPPER(TRIM(COALESCE(OPIES1, ''))) = ? FETCH FIRST 1 ROW ONLY
2026-03-30 08:38:40.700 | INFO  | CID:0d427a049649 | USR:USU_ADMIN | Inspeccion/Detalle | [InspectoresDAO-DB2] Parametros => cedula=0000000017, soloActivos=True, tipos=TODOS
2026-03-30 08:38:40.704 | WARN  | CID:0d427a049649 | USR:USU_ADMIN | Inspeccion/Detalle | [InspectoresDAO-DB2] Inspector no encontrado para cedula=0000000017, soloActivos=True
2026-03-30 08:38:40.705 | INFO  | CID:0d427a049649 | USR:USU_ADMIN | Inspeccion/Detalle | [InspectoresDAO-DB2] Query obtener por cedula: SELECT TRIM(OPICED) AS OPICED, TRIM(OPINO2) AS OPINO2, TRIM(OPIES1) AS OPIES1, TRIM(OPITIP) AS OPITIP FROM DGACDAT.OPIAR2 WHERE OPICED = ? FETCH FIRST 1 ROW ONLY
2026-03-30 08:38:40.705 | INFO  | CID:0d427a049649 | USR:USU_ADMIN | Inspeccion/Detalle | [InspectoresDAO-DB2] Parametros => cedula=17, soloActivos=False, tipos=TODOS
2026-03-30 08:38:40.709 | WARN  | CID:0d427a049649 | USR:USU_ADMIN | Inspeccion/Detalle | [InspectoresDAO-DB2] Inspector no encontrado para cedula=17, soloActivos=False
2026-03-30 08:38:40.710 | INFO  | CID:0d427a049649 | USR:USU_ADMIN | Inspeccion/Detalle | [InspectoresDAO-DB2] Query obtener por cedula: SELECT TRIM(OPICED) AS OPICED, TRIM(OPINO2) AS OPINO2, TRIM(OPIES1) AS OPIES1, TRIM(OPITIP) AS OPITIP FROM DGACDAT.OPIAR2 WHERE OPICED = ? FETCH FIRST 1 ROW ONLY
2026-03-30 08:38:40.710 | INFO  | CID:0d427a049649 | USR:USU_ADMIN | Inspeccion/Detalle | [InspectoresDAO-DB2] Parametros => cedula=0000000017, soloActivos=False, tipos=TODOS
2026-03-30 08:38:40.713 | WARN  | CID:0d427a049649 | USR:USU_ADMIN | Inspeccion/Detalle | [InspectoresDAO-DB2] Inspector no encontrado para cedula=0000000017, soloActivos=False
2026-03-30 08:38:40.715 | INFO  | CID:0d427a049649 | USR:USU_ADMIN | Inspeccion/Detalle | [InspectoresDAO-DB2] Query obtener por cedula: SELECT TRIM(OPICED) AS OPICED, TRIM(OPINO2) AS OPINO2, TRIM(OPIES1) AS OPIES1, TRIM(OPITIP) AS OPITIP FROM DGACDAT.OPIAR2 WHERE OPICED = ? AND UPPER(TRIM(COALESCE(OPIES1, ''))) = ? FETCH FIRST 1 ROW ONLY
2026-03-30 08:38:40.715 | INFO  | CID:0d427a049649 | USR:USU_ADMIN | Inspeccion/Detalle | [InspectoresDAO-DB2] Parametros => cedula=17, soloActivos=True, tipos=TODOS
2026-03-30 08:38:40.717 | WARN  | CID:0d427a049649 | USR:USU_ADMIN | Inspeccion/Detalle | [InspectoresDAO-DB2] Inspector no encontrado para cedula=17, soloActivos=True
2026-03-30 08:38:40.718 | INFO  | CID:0d427a049649 | USR:USU_ADMIN | Inspeccion/Detalle | [InspectoresDAO-DB2] Query obtener por cedula: SELECT TRIM(OPICED) AS OPICED, TRIM(OPINO2) AS OPINO2, TRIM(OPIES1) AS OPIES1, TRIM(OPITIP) AS OPITIP FROM DGACDAT.OPIAR2 WHERE OPICED = ? AND UPPER(TRIM(COALESCE(OPIES1, ''))) = ? FETCH FIRST 1 ROW ONLY
2026-03-30 08:38:40.719 | INFO  | CID:0d427a049649 | USR:USU_ADMIN | Inspeccion/Detalle | [InspectoresDAO-DB2] Parametros => cedula=0000000017, soloActivos=True, tipos=TODOS
2026-03-30 08:38:40.722 | WARN  | CID:0d427a049649 | USR:USU_ADMIN | Inspeccion/Detalle | [InspectoresDAO-DB2] Inspector no encontrado para cedula=0000000017, soloActivos=True
2026-03-30 08:38:40.723 | INFO  | CID:0d427a049649 | USR:USU_ADMIN | Inspeccion/Detalle | [InspectoresDAO-DB2] Query obtener por cedula: SELECT TRIM(OPICED) AS OPICED, TRIM(OPINO2) AS OPINO2, TRIM(OPIES1) AS OPIES1, TRIM(OPITIP) AS OPITIP FROM DGACDAT.OPIAR2 WHERE OPICED = ? FETCH FIRST 1 ROW ONLY
2026-03-30 08:38:40.724 | INFO  | CID:0d427a049649 | USR:USU_ADMIN | Inspeccion/Detalle | [InspectoresDAO-DB2] Parametros => cedula=17, soloActivos=False, tipos=TODOS
2026-03-30 08:38:40.726 | WARN  | CID:0d427a049649 | USR:USU_ADMIN | Inspeccion/Detalle | [InspectoresDAO-DB2] Inspector no encontrado para cedula=17, soloActivos=False
2026-03-30 08:38:40.726 | INFO  | CID:0d427a049649 | USR:USU_ADMIN | Inspeccion/Detalle | [InspectoresDAO-DB2] Query obtener por cedula: SELECT TRIM(OPICED) AS OPICED, TRIM(OPINO2) AS OPINO2, TRIM(OPIES1) AS OPIES1, TRIM(OPITIP) AS OPITIP FROM DGACDAT.OPIAR2 WHERE OPICED = ? FETCH FIRST 1 ROW ONLY
2026-03-30 08:38:40.727 | INFO  | CID:0d427a049649 | USR:USU_ADMIN | Inspeccion/Detalle | [InspectoresDAO-DB2] Parametros => cedula=0000000017, soloActivos=False, tipos=TODOS
2026-03-30 08:38:40.729 | WARN  | CID:0d427a049649 | USR:USU_ADMIN | Inspeccion/Detalle | [InspectoresDAO-DB2] Inspector no encontrado para cedula=0000000017, soloActivos=False
2026-03-30 08:38:40.730 | INFO  | CID:0d427a049649 | USR:USU_ADMIN | Inspeccion/Detalle | [GestionInspeccion] Detalle inspectores enriquecidos. InspeccionId=16, PrincipalCedula=17, PrincipalNombre=17, PrincipalTipo=, ApoyoCedula=, ApoyoNombre=, ApoyoTipo=
2026-03-30 08:39:01.287 | INFO  | CID:53a24c2a22ed | USR:USU_ADMIN | Inspeccion/GuardarInformeTecnico | Iniciando acción: Inspeccion/GuardarInformeTecnico
2026-03-30 08:39:09.199 | INFO  | CID:53a24c2a22ed | USR:USU_ADMIN | Inspeccion/GuardarInformeTecnico | Acción completada: Inspeccion/GuardarInformeTecnico
2026-03-30 08:39:09.217 | INFO  | CID:8f21539e382a | USR:USU_ADMIN | Inspeccion/Detalle | [GestionInspeccion] Inicio Detalle. InspeccionId=16, Usuario=USU_ADMIN, Rol=Administrador,Inspector,JefaturaTecnica,Direccion,CoordinacionLegal
2026-03-30 08:39:09.217 | INFO  | CID:8f21539e382a | USR:USU_ADMIN | Inspeccion/Detalle | [GestionInspeccion] InspeccionId=16, SolicitudId=92, EstadoActual=VERIFICACION_SOLICITUD, InspectorAsignado=17
2026-03-30 08:39:09.217 | INFO  | CID:8f21539e382a | USR:USU_ADMIN | Inspeccion/Detalle | [GestionInspeccion] PuedeGestionar=True para detalle. InspeccionId=16
2026-03-30 08:39:09.766 | INFO  | CID:8f21539e382a | USR:USU_ADMIN | Inspeccion/Detalle | [InspectoresDAO-DB2] Query obtener por cedula: SELECT TRIM(OPICED) AS OPICED, TRIM(OPINO2) AS OPINO2, TRIM(OPIES1) AS OPIES1, TRIM(OPITIP) AS OPITIP FROM DGACDAT.OPIAR2 WHERE OPICED = ? AND UPPER(TRIM(COALESCE(OPIES1, ''))) = ? FETCH FIRST 1 ROW ONLY
2026-03-30 08:39:09.766 | INFO  | CID:8f21539e382a | USR:USU_ADMIN | Inspeccion/Detalle | [InspectoresDAO-DB2] Parametros => cedula=17, soloActivos=True, tipos=TODOS
2026-03-30 08:39:09.771 | WARN  | CID:8f21539e382a | USR:USU_ADMIN | Inspeccion/Detalle | [InspectoresDAO-DB2] Inspector no encontrado para cedula=17, soloActivos=True
2026-03-30 08:39:09.772 | INFO  | CID:8f21539e382a | USR:USU_ADMIN | Inspeccion/Detalle | [InspectoresDAO-DB2] Query obtener por cedula: SELECT TRIM(OPICED) AS OPICED, TRIM(OPINO2) AS OPINO2, TRIM(OPIES1) AS OPIES1, TRIM(OPITIP) AS OPITIP FROM DGACDAT.OPIAR2 WHERE OPICED = ? AND UPPER(TRIM(COALESCE(OPIES1, ''))) = ? FETCH FIRST 1 ROW ONLY
2026-03-30 08:39:09.772 | INFO  | CID:8f21539e382a | USR:USU_ADMIN | Inspeccion/Detalle | [InspectoresDAO-DB2] Parametros => cedula=0000000017, soloActivos=True, tipos=TODOS
2026-03-30 08:39:09.774 | WARN  | CID:8f21539e382a | USR:USU_ADMIN | Inspeccion/Detalle | [InspectoresDAO-DB2] Inspector no encontrado para cedula=0000000017, soloActivos=True
2026-03-30 08:39:09.775 | INFO  | CID:8f21539e382a | USR:USU_ADMIN | Inspeccion/Detalle | [InspectoresDAO-DB2] Query obtener por cedula: SELECT TRIM(OPICED) AS OPICED, TRIM(OPINO2) AS OPINO2, TRIM(OPIES1) AS OPIES1, TRIM(OPITIP) AS OPITIP FROM DGACDAT.OPIAR2 WHERE OPICED = ? FETCH FIRST 1 ROW ONLY
2026-03-30 08:39:09.776 | INFO  | CID:8f21539e382a | USR:USU_ADMIN | Inspeccion/Detalle | [InspectoresDAO-DB2] Parametros => cedula=17, soloActivos=False, tipos=TODOS
2026-03-30 08:39:09.778 | WARN  | CID:8f21539e382a | USR:USU_ADMIN | Inspeccion/Detalle | [InspectoresDAO-DB2] Inspector no encontrado para cedula=17, soloActivos=False
2026-03-30 08:39:09.779 | INFO  | CID:8f21539e382a | USR:USU_ADMIN | Inspeccion/Detalle | [InspectoresDAO-DB2] Query obtener por cedula: SELECT TRIM(OPICED) AS OPICED, TRIM(OPINO2) AS OPINO2, TRIM(OPIES1) AS OPIES1, TRIM(OPITIP) AS OPITIP FROM DGACDAT.OPIAR2 WHERE OPICED = ? FETCH FIRST 1 ROW ONLY
2026-03-30 08:39:09.779 | INFO  | CID:8f21539e382a | USR:USU_ADMIN | Inspeccion/Detalle | [InspectoresDAO-DB2] Parametros => cedula=0000000017, soloActivos=False, tipos=TODOS
2026-03-30 08:39:09.781 | WARN  | CID:8f21539e382a | USR:USU_ADMIN | Inspeccion/Detalle | [InspectoresDAO-DB2] Inspector no encontrado para cedula=0000000017, soloActivos=False
2026-03-30 08:39:09.782 | INFO  | CID:8f21539e382a | USR:USU_ADMIN | Inspeccion/Detalle | [InspectoresDAO-DB2] Query obtener por cedula: SELECT TRIM(OPICED) AS OPICED, TRIM(OPINO2) AS OPINO2, TRIM(OPIES1) AS OPIES1, TRIM(OPITIP) AS OPITIP FROM DGACDAT.OPIAR2 WHERE OPICED = ? AND UPPER(TRIM(COALESCE(OPIES1, ''))) = ? FETCH FIRST 1 ROW ONLY
2026-03-30 08:39:09.782 | INFO  | CID:8f21539e382a | USR:USU_ADMIN | Inspeccion/Detalle | [InspectoresDAO-DB2] Parametros => cedula=17, soloActivos=True, tipos=TODOS
2026-03-30 08:39:09.783 | WARN  | CID:8f21539e382a | USR:USU_ADMIN | Inspeccion/Detalle | [InspectoresDAO-DB2] Inspector no encontrado para cedula=17, soloActivos=True
2026-03-30 08:39:09.784 | INFO  | CID:8f21539e382a | USR:USU_ADMIN | Inspeccion/Detalle | [InspectoresDAO-DB2] Query obtener por cedula: SELECT TRIM(OPICED) AS OPICED, TRIM(OPINO2) AS OPINO2, TRIM(OPIES1) AS OPIES1, TRIM(OPITIP) AS OPITIP FROM DGACDAT.OPIAR2 WHERE OPICED = ? AND UPPER(TRIM(COALESCE(OPIES1, ''))) = ? FETCH FIRST 1 ROW ONLY
2026-03-30 08:39:09.784 | INFO  | CID:8f21539e382a | USR:USU_ADMIN | Inspeccion/Detalle | [InspectoresDAO-DB2] Parametros => cedula=0000000017, soloActivos=True, tipos=TODOS
2026-03-30 08:39:09.787 | WARN  | CID:8f21539e382a | USR:USU_ADMIN | Inspeccion/Detalle | [InspectoresDAO-DB2] Inspector no encontrado para cedula=0000000017, soloActivos=True
2026-03-30 08:39:09.787 | INFO  | CID:8f21539e382a | USR:USU_ADMIN | Inspeccion/Detalle | [InspectoresDAO-DB2] Query obtener por cedula: SELECT TRIM(OPICED) AS OPICED, TRIM(OPINO2) AS OPINO2, TRIM(OPIES1) AS OPIES1, TRIM(OPITIP) AS OPITIP FROM DGACDAT.OPIAR2 WHERE OPICED = ? FETCH FIRST 1 ROW ONLY
2026-03-30 08:39:09.787 | INFO  | CID:8f21539e382a | USR:USU_ADMIN | Inspeccion/Detalle | [InspectoresDAO-DB2] Parametros => cedula=17, soloActivos=False, tipos=TODOS
2026-03-30 08:39:09.789 | WARN  | CID:8f21539e382a | USR:USU_ADMIN | Inspeccion/Detalle | [InspectoresDAO-DB2] Inspector no encontrado para cedula=17, soloActivos=False
2026-03-30 08:39:09.789 | INFO  | CID:8f21539e382a | USR:USU_ADMIN | Inspeccion/Detalle | [InspectoresDAO-DB2] Query obtener por cedula: SELECT TRIM(OPICED) AS OPICED, TRIM(OPINO2) AS OPINO2, TRIM(OPIES1) AS OPIES1, TRIM(OPITIP) AS OPITIP FROM DGACDAT.OPIAR2 WHERE OPICED = ? FETCH FIRST 1 ROW ONLY
2026-03-30 08:39:09.789 | INFO  | CID:8f21539e382a | USR:USU_ADMIN | Inspeccion/Detalle | [InspectoresDAO-DB2] Parametros => cedula=0000000017, soloActivos=False, tipos=TODOS
2026-03-30 08:39:09.791 | WARN  | CID:8f21539e382a | USR:USU_ADMIN | Inspeccion/Detalle | [InspectoresDAO-DB2] Inspector no encontrado para cedula=0000000017, soloActivos=False
2026-03-30 08:39:09.793 | INFO  | CID:8f21539e382a | USR:USU_ADMIN | Inspeccion/Detalle | [GestionInspeccion] Detalle inspectores enriquecidos. InspeccionId=16, PrincipalCedula=17, PrincipalNombre=17, PrincipalTipo=, ApoyoCedula=, ApoyoNombre=, ApoyoTipo=
2026-03-30 08:40:06.802 | INFO  | CID:09425a78eb62 | USR:USU_ADMIN | Inspeccion/FirmarInformeInspector | Iniciando acción: Inspeccion/FirmarInformeInspector
2026-03-30 08:40:06.835 | INFO  | CID:09425a78eb62 | USR:USU_ADMIN | Inspeccion/FirmarInformeInspector | [GestionInspeccion] Inicio firma digital. InspeccionId=16, RolFirma=INSPECTOR, InformeId=10, VersionInforme=2, RutaFuente=C:\AOCR\AOCR\AOCR05-01-2026\AOCR1\AOCR\CapaPresentacion\App_Data\Uploads\Inspecciones\InformesTecnicos\InformeTecnico_16_v2_20260330083909.pdf, PdfBytes=183137, CertificadoBytes=8787, Usuario=USU_ADMIN
2026-03-30 08:40:08.912 | INFO  | CID:09425a78eb62 | USR:USU_ADMIN | Inspeccion/FirmarInformeInspector | [GestionInspeccion] Firma digital generada. InspeccionId=16, RolFirma=INSPECTOR, InformeId=10, Hash=89F4631E11B681448A1ED68DD983534FF88C6D53429D587B577A7D3086AD24D8, PdfFirmadoBytes=202464
2026-03-30 08:40:08.915 | INFO  | CID:09425a78eb62 | USR:USU_ADMIN | Inspeccion/FirmarInformeInspector | [GestionInspeccion] Persistiendo firma digital. InspeccionId=16, RolFirma=INSPECTOR, InformeId=10, RutaFirmada=/App_Data/Uploads/Inspecciones/InformesTecnicos/Firmados/InformeTecnico_16_v2_inspector_20260330084008.pdf, EstadoAnterior=GENERADO, EstadoFinal=FIRMADO_INSPECTOR, UsuarioId=0
2026-03-30 08:40:08.925 | INFO  | CID:09425a78eb62 | USR:USU_ADMIN | Inspeccion/FirmarInformeInspector | [GestionInspeccion] Firma digital persistida. InspeccionId=16, RolFirma=INSPECTOR, InformeId=10, RutaFirmada=/App_Data/Uploads/Inspecciones/InformesTecnicos/Firmados/InformeTecnico_16_v2_inspector_20260330084008.pdf
2026-03-30 08:40:10.343 | INFO  | CID:09425a78eb62 | USR:USU_ADMIN | Inspeccion/FirmarInformeInspector | Acción completada: Inspeccion/FirmarInformeInspector
2026-03-30 08:40:10.359 | INFO  | CID:52db08c223c3 | USR:USU_ADMIN | Inspeccion/Detalle | [GestionInspeccion] Inicio Detalle. InspeccionId=16, Usuario=USU_ADMIN, Rol=Administrador,Inspector,JefaturaTecnica,Direccion,CoordinacionLegal
2026-03-30 08:40:10.368 | INFO  | CID:52db08c223c3 | USR:USU_ADMIN | Inspeccion/Detalle | [GestionInspeccion] InspeccionId=16, SolicitudId=92, EstadoActual=VERIFICACION_SOLICITUD, InspectorAsignado=17
2026-03-30 08:40:10.369 | INFO  | CID:52db08c223c3 | USR:USU_ADMIN | Inspeccion/Detalle | [GestionInspeccion] PuedeGestionar=True para detalle. InspeccionId=16
2026-03-30 08:40:10.876 | INFO  | CID:52db08c223c3 | USR:USU_ADMIN | Inspeccion/Detalle | [InspectoresDAO-DB2] Query obtener por cedula: SELECT TRIM(OPICED) AS OPICED, TRIM(OPINO2) AS OPINO2, TRIM(OPIES1) AS OPIES1, TRIM(OPITIP) AS OPITIP FROM DGACDAT.OPIAR2 WHERE OPICED = ? AND UPPER(TRIM(COALESCE(OPIES1, ''))) = ? FETCH FIRST 1 ROW ONLY
2026-03-30 08:40:10.876 | INFO  | CID:52db08c223c3 | USR:USU_ADMIN | Inspeccion/Detalle | [InspectoresDAO-DB2] Parametros => cedula=17, soloActivos=True, tipos=TODOS
2026-03-30 08:40:10.876 | WARN  | CID:52db08c223c3 | USR:USU_ADMIN | Inspeccion/Detalle | [InspectoresDAO-DB2] Inspector no encontrado para cedula=17, soloActivos=True
2026-03-30 08:40:10.891 | INFO  | CID:52db08c223c3 | USR:USU_ADMIN | Inspeccion/Detalle | [InspectoresDAO-DB2] Query obtener por cedula: SELECT TRIM(OPICED) AS OPICED, TRIM(OPINO2) AS OPINO2, TRIM(OPIES1) AS OPIES1, TRIM(OPITIP) AS OPITIP FROM DGACDAT.OPIAR2 WHERE OPICED = ? AND UPPER(TRIM(COALESCE(OPIES1, ''))) = ? FETCH FIRST 1 ROW ONLY
2026-03-30 08:40:10.892 | INFO  | CID:52db08c223c3 | USR:USU_ADMIN | Inspeccion/Detalle | [InspectoresDAO-DB2] Parametros => cedula=0000000017, soloActivos=True, tipos=TODOS
2026-03-30 08:40:10.893 | WARN  | CID:52db08c223c3 | USR:USU_ADMIN | Inspeccion/Detalle | [InspectoresDAO-DB2] Inspector no encontrado para cedula=0000000017, soloActivos=True
2026-03-30 08:40:10.894 | INFO  | CID:52db08c223c3 | USR:USU_ADMIN | Inspeccion/Detalle | [InspectoresDAO-DB2] Query obtener por cedula: SELECT TRIM(OPICED) AS OPICED, TRIM(OPINO2) AS OPINO2, TRIM(OPIES1) AS OPIES1, TRIM(OPITIP) AS OPITIP FROM DGACDAT.OPIAR2 WHERE OPICED = ? FETCH FIRST 1 ROW ONLY
2026-03-30 08:40:10.894 | INFO  | CID:52db08c223c3 | USR:USU_ADMIN | Inspeccion/Detalle | [InspectoresDAO-DB2] Parametros => cedula=17, soloActivos=False, tipos=TODOS
2026-03-30 08:40:10.895 | WARN  | CID:52db08c223c3 | USR:USU_ADMIN | Inspeccion/Detalle | [InspectoresDAO-DB2] Inspector no encontrado para cedula=17, soloActivos=False
2026-03-30 08:40:10.896 | INFO  | CID:52db08c223c3 | USR:USU_ADMIN | Inspeccion/Detalle | [InspectoresDAO-DB2] Query obtener por cedula: SELECT TRIM(OPICED) AS OPICED, TRIM(OPINO2) AS OPINO2, TRIM(OPIES1) AS OPIES1, TRIM(OPITIP) AS OPITIP FROM DGACDAT.OPIAR2 WHERE OPICED = ? FETCH FIRST 1 ROW ONLY
2026-03-30 08:40:10.896 | INFO  | CID:52db08c223c3 | USR:USU_ADMIN | Inspeccion/Detalle | [InspectoresDAO-DB2] Parametros => cedula=0000000017, soloActivos=False, tipos=TODOS
2026-03-30 08:40:10.898 | WARN  | CID:52db08c223c3 | USR:USU_ADMIN | Inspeccion/Detalle | [InspectoresDAO-DB2] Inspector no encontrado para cedula=0000000017, soloActivos=False
2026-03-30 08:40:10.899 | INFO  | CID:52db08c223c3 | USR:USU_ADMIN | Inspeccion/Detalle | [InspectoresDAO-DB2] Query obtener por cedula: SELECT TRIM(OPICED) AS OPICED, TRIM(OPINO2) AS OPINO2, TRIM(OPIES1) AS OPIES1, TRIM(OPITIP) AS OPITIP FROM DGACDAT.OPIAR2 WHERE OPICED = ? AND UPPER(TRIM(COALESCE(OPIES1, ''))) = ? FETCH FIRST 1 ROW ONLY
2026-03-30 08:40:10.900 | INFO  | CID:52db08c223c3 | USR:USU_ADMIN | Inspeccion/Detalle | [InspectoresDAO-DB2] Parametros => cedula=17, soloActivos=True, tipos=TODOS
2026-03-30 08:40:10.901 | WARN  | CID:52db08c223c3 | USR:USU_ADMIN | Inspeccion/Detalle | [InspectoresDAO-DB2] Inspector no encontrado para cedula=17, soloActivos=True
2026-03-30 08:40:10.902 | INFO  | CID:52db08c223c3 | USR:USU_ADMIN | Inspeccion/Detalle | [InspectoresDAO-DB2] Query obtener por cedula: SELECT TRIM(OPICED) AS OPICED, TRIM(OPINO2) AS OPINO2, TRIM(OPIES1) AS OPIES1, TRIM(OPITIP) AS OPITIP FROM DGACDAT.OPIAR2 WHERE OPICED = ? AND UPPER(TRIM(COALESCE(OPIES1, ''))) = ? FETCH FIRST 1 ROW ONLY
2026-03-30 08:40:10.902 | INFO  | CID:52db08c223c3 | USR:USU_ADMIN | Inspeccion/Detalle | [InspectoresDAO-DB2] Parametros => cedula=0000000017, soloActivos=True, tipos=TODOS
2026-03-30 08:40:10.904 | WARN  | CID:52db08c223c3 | USR:USU_ADMIN | Inspeccion/Detalle | [InspectoresDAO-DB2] Inspector no encontrado para cedula=0000000017, soloActivos=True
2026-03-30 08:40:10.905 | INFO  | CID:52db08c223c3 | USR:USU_ADMIN | Inspeccion/Detalle | [InspectoresDAO-DB2] Query obtener por cedula: SELECT TRIM(OPICED) AS OPICED, TRIM(OPINO2) AS OPINO2, TRIM(OPIES1) AS OPIES1, TRIM(OPITIP) AS OPITIP FROM DGACDAT.OPIAR2 WHERE OPICED = ? FETCH FIRST 1 ROW ONLY
2026-03-30 08:40:10.906 | INFO  | CID:52db08c223c3 | USR:USU_ADMIN | Inspeccion/Detalle | [InspectoresDAO-DB2] Parametros => cedula=17, soloActivos=False, tipos=TODOS
2026-03-30 08:40:10.909 | WARN  | CID:52db08c223c3 | USR:USU_ADMIN | Inspeccion/Detalle | [InspectoresDAO-DB2] Inspector no encontrado para cedula=17, soloActivos=False
2026-03-30 08:40:10.910 | INFO  | CID:52db08c223c3 | USR:USU_ADMIN | Inspeccion/Detalle | [InspectoresDAO-DB2] Query obtener por cedula: SELECT TRIM(OPICED) AS OPICED, TRIM(OPINO2) AS OPINO2, TRIM(OPIES1) AS OPIES1, TRIM(OPITIP) AS OPITIP FROM DGACDAT.OPIAR2 WHERE OPICED = ? FETCH FIRST 1 ROW ONLY
2026-03-30 08:40:10.910 | INFO  | CID:52db08c223c3 | USR:USU_ADMIN | Inspeccion/Detalle | [InspectoresDAO-DB2] Parametros => cedula=0000000017, soloActivos=False, tipos=TODOS
2026-03-30 08:40:10.913 | WARN  | CID:52db08c223c3 | USR:USU_ADMIN | Inspeccion/Detalle | [InspectoresDAO-DB2] Inspector no encontrado para cedula=0000000017, soloActivos=False
2026-03-30 08:40:10.913 | INFO  | CID:52db08c223c3 | USR:USU_ADMIN | Inspeccion/Detalle | [GestionInspeccion] Detalle inspectores enriquecidos. InspeccionId=16, PrincipalCedula=17, PrincipalNombre=17, PrincipalTipo=, ApoyoCedula=, ApoyoNombre=, ApoyoTipo=
2026-03-30 08:40:14.232 | INFO  | CID:N/A | Procesando email 104 para gercavi82@gmail.com
2026-03-30 08:40:14.670 | INFO  | CID:N/A | Email 104 enviado exitosamente
2026-03-30 08:47:58.637 | INFO  | CID:N/A | Iniciando procesador de cola de correos
2026-03-30 08:48:27.750 | INFO  | CID:5150d9dc1fbf | Account/Login | Iniciando acción: Account/Login
2026-03-30 08:48:28.499 | INFO  | CID:5150d9dc1fbf | Account/Login | Acción completada: Account/Login
2026-03-30 08:48:38.963 | INFO  | CID:N/A | USR:USU_ADMIN | Inspeccion/Index | AuditTrailService: Tabla aocr_audit_trail verificada/creada.
2026-03-30 08:48:38.966 | INFO  | CID:797bb3060187 | USR:USU_ADMIN | Inspeccion/Index | [InspeccionesController] Inicio pantalla gestion inspecciones. Usuario=USU_ADMIN, Rol=Administrador,Inspector,JefaturaTecnica,Direccion,CoordinacionLegal
2026-03-30 08:48:39.237 | INFO  | CID:797bb3060187 | USR:USU_ADMIN | Inspeccion/Index | [InspeccionesController] Inspecciones recibidas=17
2026-03-30 08:48:45.486 | INFO  | CID:73293a753c3c | USR:USU_ADMIN | Inspeccion/Detalle | [GestionInspeccion] Inicio Detalle. InspeccionId=15, Usuario=USU_ADMIN, Rol=Administrador,Inspector,JefaturaTecnica,Direccion,CoordinacionLegal
2026-03-30 08:48:45.507 | INFO  | CID:73293a753c3c | USR:USU_ADMIN | Inspeccion/Detalle | [GestionInspeccion] InspeccionId=15, SolicitudId=111, EstadoActual=VERIFICACION_SOLICITUD, InspectorAsignado=17
2026-03-30 08:48:45.507 | INFO  | CID:73293a753c3c | USR:USU_ADMIN | Inspeccion/Detalle | [GestionInspeccion] PuedeGestionar=True para detalle. InspeccionId=15
2026-03-30 08:48:47.208 | INFO  | CID:73293a753c3c | USR:USU_ADMIN | Inspeccion/Detalle | [InspectoresDAO-DB2] Query obtener por cedula: SELECT TRIM(OPICED) AS OPICED, TRIM(OPINO2) AS OPINO2, TRIM(OPIES1) AS OPIES1, TRIM(OPITIP) AS OPITIP FROM DGACDAT.OPIAR2 WHERE OPICED = ? AND UPPER(TRIM(COALESCE(OPIES1, ''))) = ? FETCH FIRST 1 ROW ONLY
2026-03-30 08:48:47.208 | INFO  | CID:73293a753c3c | USR:USU_ADMIN | Inspeccion/Detalle | [InspectoresDAO-DB2] Parametros => cedula=17, soloActivos=True, tipos=TODOS
2026-03-30 08:48:47.265 | WARN  | CID:73293a753c3c | USR:USU_ADMIN | Inspeccion/Detalle | [InspectoresDAO-DB2] Inspector no encontrado para cedula=17, soloActivos=True
2026-03-30 08:48:47.265 | INFO  | CID:73293a753c3c | USR:USU_ADMIN | Inspeccion/Detalle | [InspectoresDAO-DB2] Query obtener por cedula: SELECT TRIM(OPICED) AS OPICED, TRIM(OPINO2) AS OPINO2, TRIM(OPIES1) AS OPIES1, TRIM(OPITIP) AS OPITIP FROM DGACDAT.OPIAR2 WHERE OPICED = ? AND UPPER(TRIM(COALESCE(OPIES1, ''))) = ? FETCH FIRST 1 ROW ONLY
2026-03-30 08:48:47.265 | INFO  | CID:73293a753c3c | USR:USU_ADMIN | Inspeccion/Detalle | [InspectoresDAO-DB2] Parametros => cedula=0000000017, soloActivos=True, tipos=TODOS
2026-03-30 08:48:47.265 | WARN  | CID:73293a753c3c | USR:USU_ADMIN | Inspeccion/Detalle | [InspectoresDAO-DB2] Inspector no encontrado para cedula=0000000017, soloActivos=True
2026-03-30 08:48:47.265 | INFO  | CID:73293a753c3c | USR:USU_ADMIN | Inspeccion/Detalle | [InspectoresDAO-DB2] Query obtener por cedula: SELECT TRIM(OPICED) AS OPICED, TRIM(OPINO2) AS OPINO2, TRIM(OPIES1) AS OPIES1, TRIM(OPITIP) AS OPITIP FROM DGACDAT.OPIAR2 WHERE OPICED = ? FETCH FIRST 1 ROW ONLY
2026-03-30 08:48:47.280 | INFO  | CID:73293a753c3c | USR:USU_ADMIN | Inspeccion/Detalle | [InspectoresDAO-DB2] Parametros => cedula=17, soloActivos=False, tipos=TODOS
2026-03-30 08:48:47.284 | WARN  | CID:73293a753c3c | USR:USU_ADMIN | Inspeccion/Detalle | [InspectoresDAO-DB2] Inspector no encontrado para cedula=17, soloActivos=False
2026-03-30 08:48:47.284 | INFO  | CID:73293a753c3c | USR:USU_ADMIN | Inspeccion/Detalle | [InspectoresDAO-DB2] Query obtener por cedula: SELECT TRIM(OPICED) AS OPICED, TRIM(OPINO2) AS OPINO2, TRIM(OPIES1) AS OPIES1, TRIM(OPITIP) AS OPITIP FROM DGACDAT.OPIAR2 WHERE OPICED = ? FETCH FIRST 1 ROW ONLY
2026-03-30 08:48:47.285 | INFO  | CID:73293a753c3c | USR:USU_ADMIN | Inspeccion/Detalle | [InspectoresDAO-DB2] Parametros => cedula=0000000017, soloActivos=False, tipos=TODOS
2026-03-30 08:48:47.288 | WARN  | CID:73293a753c3c | USR:USU_ADMIN | Inspeccion/Detalle | [InspectoresDAO-DB2] Inspector no encontrado para cedula=0000000017, soloActivos=False
2026-03-30 08:48:47.290 | INFO  | CID:73293a753c3c | USR:USU_ADMIN | Inspeccion/Detalle | [InspectoresDAO-DB2] Query obtener por cedula: SELECT TRIM(OPICED) AS OPICED, TRIM(OPINO2) AS OPINO2, TRIM(OPIES1) AS OPIES1, TRIM(OPITIP) AS OPITIP FROM DGACDAT.OPIAR2 WHERE OPICED = ? AND UPPER(TRIM(COALESCE(OPIES1, ''))) = ? FETCH FIRST 1 ROW ONLY
2026-03-30 08:48:47.290 | INFO  | CID:73293a753c3c | USR:USU_ADMIN | Inspeccion/Detalle | [InspectoresDAO-DB2] Parametros => cedula=17, soloActivos=True, tipos=TODOS
2026-03-30 08:48:47.292 | WARN  | CID:73293a753c3c | USR:USU_ADMIN | Inspeccion/Detalle | [InspectoresDAO-DB2] Inspector no encontrado para cedula=17, soloActivos=True
2026-03-30 08:48:47.293 | INFO  | CID:73293a753c3c | USR:USU_ADMIN | Inspeccion/Detalle | [InspectoresDAO-DB2] Query obtener por cedula: SELECT TRIM(OPICED) AS OPICED, TRIM(OPINO2) AS OPINO2, TRIM(OPIES1) AS OPIES1, TRIM(OPITIP) AS OPITIP FROM DGACDAT.OPIAR2 WHERE OPICED = ? AND UPPER(TRIM(COALESCE(OPIES1, ''))) = ? FETCH FIRST 1 ROW ONLY
2026-03-30 08:48:47.293 | INFO  | CID:73293a753c3c | USR:USU_ADMIN | Inspeccion/Detalle | [InspectoresDAO-DB2] Parametros => cedula=0000000017, soloActivos=True, tipos=TODOS
2026-03-30 08:48:47.295 | WARN  | CID:73293a753c3c | USR:USU_ADMIN | Inspeccion/Detalle | [InspectoresDAO-DB2] Inspector no encontrado para cedula=0000000017, soloActivos=True
2026-03-30 08:48:47.296 | INFO  | CID:73293a753c3c | USR:USU_ADMIN | Inspeccion/Detalle | [InspectoresDAO-DB2] Query obtener por cedula: SELECT TRIM(OPICED) AS OPICED, TRIM(OPINO2) AS OPINO2, TRIM(OPIES1) AS OPIES1, TRIM(OPITIP) AS OPITIP FROM DGACDAT.OPIAR2 WHERE OPICED = ? FETCH FIRST 1 ROW ONLY
2026-03-30 08:48:47.297 | INFO  | CID:73293a753c3c | USR:USU_ADMIN | Inspeccion/Detalle | [InspectoresDAO-DB2] Parametros => cedula=17, soloActivos=False, tipos=TODOS
2026-03-30 08:48:47.299 | WARN  | CID:73293a753c3c | USR:USU_ADMIN | Inspeccion/Detalle | [InspectoresDAO-DB2] Inspector no encontrado para cedula=17, soloActivos=False
2026-03-30 08:48:47.299 | INFO  | CID:73293a753c3c | USR:USU_ADMIN | Inspeccion/Detalle | [InspectoresDAO-DB2] Query obtener por cedula: SELECT TRIM(OPICED) AS OPICED, TRIM(OPINO2) AS OPINO2, TRIM(OPIES1) AS OPIES1, TRIM(OPITIP) AS OPITIP FROM DGACDAT.OPIAR2 WHERE OPICED = ? FETCH FIRST 1 ROW ONLY
2026-03-30 08:48:47.300 | INFO  | CID:73293a753c3c | USR:USU_ADMIN | Inspeccion/Detalle | [InspectoresDAO-DB2] Parametros => cedula=0000000017, soloActivos=False, tipos=TODOS
2026-03-30 08:48:47.302 | WARN  | CID:73293a753c3c | USR:USU_ADMIN | Inspeccion/Detalle | [InspectoresDAO-DB2] Inspector no encontrado para cedula=0000000017, soloActivos=False
2026-03-30 08:48:47.302 | INFO  | CID:73293a753c3c | USR:USU_ADMIN | Inspeccion/Detalle | [GestionInspeccion] Detalle inspectores enriquecidos. InspeccionId=15, PrincipalCedula=17, PrincipalNombre=17, PrincipalTipo=, ApoyoCedula=, ApoyoNombre=, ApoyoTipo=
2026-03-30 08:49:53.120 | INFO  | CID:97cd1de165c4 | USR:USU_ADMIN | Inspeccion/GuardarInformeTecnico | Iniciando acción: Inspeccion/GuardarInformeTecnico
2026-03-30 08:50:00.978 | INFO  | CID:97cd1de165c4 | USR:USU_ADMIN | Inspeccion/GuardarInformeTecnico | Acción completada: Inspeccion/GuardarInformeTecnico
2026-03-30 08:50:00.989 | INFO  | CID:c39d6e59c472 | USR:USU_ADMIN | Inspeccion/Detalle | [GestionInspeccion] Inicio Detalle. InspeccionId=15, Usuario=USU_ADMIN, Rol=Administrador,Inspector,JefaturaTecnica,Direccion,CoordinacionLegal
2026-03-30 08:50:00.989 | INFO  | CID:c39d6e59c472 | USR:USU_ADMIN | Inspeccion/Detalle | [GestionInspeccion] InspeccionId=15, SolicitudId=111, EstadoActual=VERIFICACION_SOLICITUD, InspectorAsignado=17
2026-03-30 08:50:00.989 | INFO  | CID:c39d6e59c472 | USR:USU_ADMIN | Inspeccion/Detalle | [GestionInspeccion] PuedeGestionar=True para detalle. InspeccionId=15
2026-03-30 08:50:01.529 | INFO  | CID:c39d6e59c472 | USR:USU_ADMIN | Inspeccion/Detalle | [InspectoresDAO-DB2] Query obtener por cedula: SELECT TRIM(OPICED) AS OPICED, TRIM(OPINO2) AS OPINO2, TRIM(OPIES1) AS OPIES1, TRIM(OPITIP) AS OPITIP FROM DGACDAT.OPIAR2 WHERE OPICED = ? AND UPPER(TRIM(COALESCE(OPIES1, ''))) = ? FETCH FIRST 1 ROW ONLY
2026-03-30 08:50:01.530 | INFO  | CID:c39d6e59c472 | USR:USU_ADMIN | Inspeccion/Detalle | [InspectoresDAO-DB2] Parametros => cedula=17, soloActivos=True, tipos=TODOS
2026-03-30 08:50:01.536 | WARN  | CID:c39d6e59c472 | USR:USU_ADMIN | Inspeccion/Detalle | [InspectoresDAO-DB2] Inspector no encontrado para cedula=17, soloActivos=True
2026-03-30 08:50:01.536 | INFO  | CID:c39d6e59c472 | USR:USU_ADMIN | Inspeccion/Detalle | [InspectoresDAO-DB2] Query obtener por cedula: SELECT TRIM(OPICED) AS OPICED, TRIM(OPINO2) AS OPINO2, TRIM(OPIES1) AS OPIES1, TRIM(OPITIP) AS OPITIP FROM DGACDAT.OPIAR2 WHERE OPICED = ? AND UPPER(TRIM(COALESCE(OPIES1, ''))) = ? FETCH FIRST 1 ROW ONLY
2026-03-30 08:50:01.537 | INFO  | CID:c39d6e59c472 | USR:USU_ADMIN | Inspeccion/Detalle | [InspectoresDAO-DB2] Parametros => cedula=0000000017, soloActivos=True, tipos=TODOS
2026-03-30 08:50:01.538 | WARN  | CID:c39d6e59c472 | USR:USU_ADMIN | Inspeccion/Detalle | [InspectoresDAO-DB2] Inspector no encontrado para cedula=0000000017, soloActivos=True
2026-03-30 08:50:01.538 | INFO  | CID:c39d6e59c472 | USR:USU_ADMIN | Inspeccion/Detalle | [InspectoresDAO-DB2] Query obtener por cedula: SELECT TRIM(OPICED) AS OPICED, TRIM(OPINO2) AS OPINO2, TRIM(OPIES1) AS OPIES1, TRIM(OPITIP) AS OPITIP FROM DGACDAT.OPIAR2 WHERE OPICED = ? FETCH FIRST 1 ROW ONLY
2026-03-30 08:50:01.538 | INFO  | CID:c39d6e59c472 | USR:USU_ADMIN | Inspeccion/Detalle | [InspectoresDAO-DB2] Parametros => cedula=17, soloActivos=False, tipos=TODOS
2026-03-30 08:50:01.538 | WARN  | CID:c39d6e59c472 | USR:USU_ADMIN | Inspeccion/Detalle | [InspectoresDAO-DB2] Inspector no encontrado para cedula=17, soloActivos=False
2026-03-30 08:50:01.538 | INFO  | CID:c39d6e59c472 | USR:USU_ADMIN | Inspeccion/Detalle | [InspectoresDAO-DB2] Query obtener por cedula: SELECT TRIM(OPICED) AS OPICED, TRIM(OPINO2) AS OPINO2, TRIM(OPIES1) AS OPIES1, TRIM(OPITIP) AS OPITIP FROM DGACDAT.OPIAR2 WHERE OPICED = ? FETCH FIRST 1 ROW ONLY
2026-03-30 08:50:01.545 | INFO  | CID:c39d6e59c472 | USR:USU_ADMIN | Inspeccion/Detalle | [InspectoresDAO-DB2] Parametros => cedula=0000000017, soloActivos=False, tipos=TODOS
2026-03-30 08:50:01.545 | WARN  | CID:c39d6e59c472 | USR:USU_ADMIN | Inspeccion/Detalle | [InspectoresDAO-DB2] Inspector no encontrado para cedula=0000000017, soloActivos=False
2026-03-30 08:50:01.545 | INFO  | CID:c39d6e59c472 | USR:USU_ADMIN | Inspeccion/Detalle | [InspectoresDAO-DB2] Query obtener por cedula: SELECT TRIM(OPICED) AS OPICED, TRIM(OPINO2) AS OPINO2, TRIM(OPIES1) AS OPIES1, TRIM(OPITIP) AS OPITIP FROM DGACDAT.OPIAR2 WHERE OPICED = ? AND UPPER(TRIM(COALESCE(OPIES1, ''))) = ? FETCH FIRST 1 ROW ONLY
2026-03-30 08:50:01.545 | INFO  | CID:c39d6e59c472 | USR:USU_ADMIN | Inspeccion/Detalle | [InspectoresDAO-DB2] Parametros => cedula=17, soloActivos=True, tipos=TODOS
2026-03-30 08:50:01.545 | WARN  | CID:c39d6e59c472 | USR:USU_ADMIN | Inspeccion/Detalle | [InspectoresDAO-DB2] Inspector no encontrado para cedula=17, soloActivos=True
2026-03-30 08:50:01.545 | INFO  | CID:c39d6e59c472 | USR:USU_ADMIN | Inspeccion/Detalle | [InspectoresDAO-DB2] Query obtener por cedula: SELECT TRIM(OPICED) AS OPICED, TRIM(OPINO2) AS OPINO2, TRIM(OPIES1) AS OPIES1, TRIM(OPITIP) AS OPITIP FROM DGACDAT.OPIAR2 WHERE OPICED = ? AND UPPER(TRIM(COALESCE(OPIES1, ''))) = ? FETCH FIRST 1 ROW ONLY
2026-03-30 08:50:01.545 | INFO  | CID:c39d6e59c472 | USR:USU_ADMIN | Inspeccion/Detalle | [InspectoresDAO-DB2] Parametros => cedula=0000000017, soloActivos=True, tipos=TODOS
2026-03-30 08:50:01.545 | WARN  | CID:c39d6e59c472 | USR:USU_ADMIN | Inspeccion/Detalle | [InspectoresDAO-DB2] Inspector no encontrado para cedula=0000000017, soloActivos=True
2026-03-30 08:50:01.545 | INFO  | CID:c39d6e59c472 | USR:USU_ADMIN | Inspeccion/Detalle | [InspectoresDAO-DB2] Query obtener por cedula: SELECT TRIM(OPICED) AS OPICED, TRIM(OPINO2) AS OPINO2, TRIM(OPIES1) AS OPIES1, TRIM(OPITIP) AS OPITIP FROM DGACDAT.OPIAR2 WHERE OPICED = ? FETCH FIRST 1 ROW ONLY
2026-03-30 08:50:01.545 | INFO  | CID:c39d6e59c472 | USR:USU_ADMIN | Inspeccion/Detalle | [InspectoresDAO-DB2] Parametros => cedula=17, soloActivos=False, tipos=TODOS
2026-03-30 08:50:01.555 | WARN  | CID:c39d6e59c472 | USR:USU_ADMIN | Inspeccion/Detalle | [InspectoresDAO-DB2] Inspector no encontrado para cedula=17, soloActivos=False
2026-03-30 08:50:01.556 | INFO  | CID:c39d6e59c472 | USR:USU_ADMIN | Inspeccion/Detalle | [InspectoresDAO-DB2] Query obtener por cedula: SELECT TRIM(OPICED) AS OPICED, TRIM(OPINO2) AS OPINO2, TRIM(OPIES1) AS OPIES1, TRIM(OPITIP) AS OPITIP FROM DGACDAT.OPIAR2 WHERE OPICED = ? FETCH FIRST 1 ROW ONLY
2026-03-30 08:50:01.556 | INFO  | CID:c39d6e59c472 | USR:USU_ADMIN | Inspeccion/Detalle | [InspectoresDAO-DB2] Parametros => cedula=0000000017, soloActivos=False, tipos=TODOS
2026-03-30 08:50:01.558 | WARN  | CID:c39d6e59c472 | USR:USU_ADMIN | Inspeccion/Detalle | [InspectoresDAO-DB2] Inspector no encontrado para cedula=0000000017, soloActivos=False
2026-03-30 08:50:01.559 | INFO  | CID:c39d6e59c472 | USR:USU_ADMIN | Inspeccion/Detalle | [GestionInspeccion] Detalle inspectores enriquecidos. InspeccionId=15, PrincipalCedula=17, PrincipalNombre=17, PrincipalTipo=, ApoyoCedula=, ApoyoNombre=, ApoyoTipo=
2026-03-30 08:50:22.722 | INFO  | CID:7b31f0d6c6d9 | USR:USU_ADMIN | Inspeccion/FirmarInformeInspector | Iniciando acción: Inspeccion/FirmarInformeInspector
2026-03-30 08:50:22.736 | INFO  | CID:7b31f0d6c6d9 | USR:USU_ADMIN | Inspeccion/FirmarInformeInspector | [GestionInspeccion] Inicio firma digital. InspeccionId=15, RolFirma=INSPECTOR, InformeId=11, VersionInforme=1, RutaFuente=C:\AOCR\AOCR\AOCR05-01-2026\AOCR1\AOCR\CapaPresentacion\App_Data\Uploads\Inspecciones\InformesTecnicos\InformeTecnico_15_v1_20260330085000.pdf, PdfBytes=183296, CertificadoBytes=8787, Usuario=USU_ADMIN
2026-03-30 08:50:23.780 | INFO  | CID:7b31f0d6c6d9 | USR:USU_ADMIN | Inspeccion/FirmarInformeInspector | [GestionInspeccion] Firma digital generada. InspeccionId=15, RolFirma=INSPECTOR, InformeId=11, Hash=575F89DA0A90249EA4E0EF1C3A7CEF108C70B3E4C78ACCF15F86685118193B37, PdfFirmadoBytes=202586
2026-03-30 08:50:23.789 | INFO  | CID:7b31f0d6c6d9 | USR:USU_ADMIN | Inspeccion/FirmarInformeInspector | [GestionInspeccion] Persistiendo firma digital. InspeccionId=15, RolFirma=INSPECTOR, InformeId=11, RutaFirmada=/App_Data/Uploads/Inspecciones/InformesTecnicos/Firmados/InformeTecnico_15_v1_inspector_20260330085023.pdf, EstadoAnterior=GENERADO, EstadoFinal=FIRMADO_INSPECTOR, UsuarioId=0
2026-03-30 08:50:23.813 | INFO  | CID:7b31f0d6c6d9 | USR:USU_ADMIN | Inspeccion/FirmarInformeInspector | [GestionInspeccion] Firma digital persistida. InspeccionId=15, RolFirma=INSPECTOR, InformeId=11, RutaFirmada=/App_Data/Uploads/Inspecciones/InformesTecnicos/Firmados/InformeTecnico_15_v1_inspector_20260330085023.pdf
2026-03-30 08:50:25.186 | INFO  | CID:7b31f0d6c6d9 | USR:USU_ADMIN | Inspeccion/FirmarInformeInspector | Acción completada: Inspeccion/FirmarInformeInspector
2026-03-30 08:50:25.193 | INFO  | CID:d8303c2930e6 | USR:USU_ADMIN | Inspeccion/Detalle | [GestionInspeccion] Inicio Detalle. InspeccionId=15, Usuario=USU_ADMIN, Rol=Administrador,Inspector,JefaturaTecnica,Direccion,CoordinacionLegal
2026-03-30 08:50:25.203 | INFO  | CID:d8303c2930e6 | USR:USU_ADMIN | Inspeccion/Detalle | [GestionInspeccion] InspeccionId=15, SolicitudId=111, EstadoActual=VERIFICACION_SOLICITUD, InspectorAsignado=17
2026-03-30 08:50:25.203 | INFO  | CID:d8303c2930e6 | USR:USU_ADMIN | Inspeccion/Detalle | [GestionInspeccion] PuedeGestionar=True para detalle. InspeccionId=15
2026-03-30 08:50:25.967 | INFO  | CID:d8303c2930e6 | USR:USU_ADMIN | Inspeccion/Detalle | [InspectoresDAO-DB2] Query obtener por cedula: SELECT TRIM(OPICED) AS OPICED, TRIM(OPINO2) AS OPINO2, TRIM(OPIES1) AS OPIES1, TRIM(OPITIP) AS OPITIP FROM DGACDAT.OPIAR2 WHERE OPICED = ? AND UPPER(TRIM(COALESCE(OPIES1, ''))) = ? FETCH FIRST 1 ROW ONLY
2026-03-30 08:50:25.969 | INFO  | CID:d8303c2930e6 | USR:USU_ADMIN | Inspeccion/Detalle | [InspectoresDAO-DB2] Parametros => cedula=17, soloActivos=True, tipos=TODOS
2026-03-30 08:50:25.971 | WARN  | CID:d8303c2930e6 | USR:USU_ADMIN | Inspeccion/Detalle | [InspectoresDAO-DB2] Inspector no encontrado para cedula=17, soloActivos=True
2026-03-30 08:50:25.971 | INFO  | CID:d8303c2930e6 | USR:USU_ADMIN | Inspeccion/Detalle | [InspectoresDAO-DB2] Query obtener por cedula: SELECT TRIM(OPICED) AS OPICED, TRIM(OPINO2) AS OPINO2, TRIM(OPIES1) AS OPIES1, TRIM(OPITIP) AS OPITIP FROM DGACDAT.OPIAR2 WHERE OPICED = ? AND UPPER(TRIM(COALESCE(OPIES1, ''))) = ? FETCH FIRST 1 ROW ONLY
2026-03-30 08:50:25.972 | INFO  | CID:d8303c2930e6 | USR:USU_ADMIN | Inspeccion/Detalle | [InspectoresDAO-DB2] Parametros => cedula=0000000017, soloActivos=True, tipos=TODOS
2026-03-30 08:50:25.974 | WARN  | CID:d8303c2930e6 | USR:USU_ADMIN | Inspeccion/Detalle | [InspectoresDAO-DB2] Inspector no encontrado para cedula=0000000017, soloActivos=True
2026-03-30 08:50:25.975 | INFO  | CID:d8303c2930e6 | USR:USU_ADMIN | Inspeccion/Detalle | [InspectoresDAO-DB2] Query obtener por cedula: SELECT TRIM(OPICED) AS OPICED, TRIM(OPINO2) AS OPINO2, TRIM(OPIES1) AS OPIES1, TRIM(OPITIP) AS OPITIP FROM DGACDAT.OPIAR2 WHERE OPICED = ? FETCH FIRST 1 ROW ONLY
2026-03-30 08:50:25.975 | INFO  | CID:d8303c2930e6 | USR:USU_ADMIN | Inspeccion/Detalle | [InspectoresDAO-DB2] Parametros => cedula=17, soloActivos=False, tipos=TODOS
2026-03-30 08:50:25.977 | WARN  | CID:d8303c2930e6 | USR:USU_ADMIN | Inspeccion/Detalle | [InspectoresDAO-DB2] Inspector no encontrado para cedula=17, soloActivos=False
2026-03-30 08:50:25.977 | INFO  | CID:d8303c2930e6 | USR:USU_ADMIN | Inspeccion/Detalle | [InspectoresDAO-DB2] Query obtener por cedula: SELECT TRIM(OPICED) AS OPICED, TRIM(OPINO2) AS OPINO2, TRIM(OPIES1) AS OPIES1, TRIM(OPITIP) AS OPITIP FROM DGACDAT.OPIAR2 WHERE OPICED = ? FETCH FIRST 1 ROW ONLY
2026-03-30 08:50:25.978 | INFO  | CID:d8303c2930e6 | USR:USU_ADMIN | Inspeccion/Detalle | [InspectoresDAO-DB2] Parametros => cedula=0000000017, soloActivos=False, tipos=TODOS
2026-03-30 08:50:25.979 | WARN  | CID:d8303c2930e6 | USR:USU_ADMIN | Inspeccion/Detalle | [InspectoresDAO-DB2] Inspector no encontrado para cedula=0000000017, soloActivos=False
2026-03-30 08:50:25.980 | INFO  | CID:d8303c2930e6 | USR:USU_ADMIN | Inspeccion/Detalle | [InspectoresDAO-DB2] Query obtener por cedula: SELECT TRIM(OPICED) AS OPICED, TRIM(OPINO2) AS OPINO2, TRIM(OPIES1) AS OPIES1, TRIM(OPITIP) AS OPITIP FROM DGACDAT.OPIAR2 WHERE OPICED = ? AND UPPER(TRIM(COALESCE(OPIES1, ''))) = ? FETCH FIRST 1 ROW ONLY
2026-03-30 08:50:25.981 | INFO  | CID:d8303c2930e6 | USR:USU_ADMIN | Inspeccion/Detalle | [InspectoresDAO-DB2] Parametros => cedula=17, soloActivos=True, tipos=TODOS
2026-03-30 08:50:25.983 | WARN  | CID:d8303c2930e6 | USR:USU_ADMIN | Inspeccion/Detalle | [InspectoresDAO-DB2] Inspector no encontrado para cedula=17, soloActivos=True
2026-03-30 08:50:25.983 | INFO  | CID:d8303c2930e6 | USR:USU_ADMIN | Inspeccion/Detalle | [InspectoresDAO-DB2] Query obtener por cedula: SELECT TRIM(OPICED) AS OPICED, TRIM(OPINO2) AS OPINO2, TRIM(OPIES1) AS OPIES1, TRIM(OPITIP) AS OPITIP FROM DGACDAT.OPIAR2 WHERE OPICED = ? AND UPPER(TRIM(COALESCE(OPIES1, ''))) = ? FETCH FIRST 1 ROW ONLY
2026-03-30 08:50:25.984 | INFO  | CID:d8303c2930e6 | USR:USU_ADMIN | Inspeccion/Detalle | [InspectoresDAO-DB2] Parametros => cedula=0000000017, soloActivos=True, tipos=TODOS
2026-03-30 08:50:25.986 | WARN  | CID:d8303c2930e6 | USR:USU_ADMIN | Inspeccion/Detalle | [InspectoresDAO-DB2] Inspector no encontrado para cedula=0000000017, soloActivos=True
2026-03-30 08:50:25.987 | INFO  | CID:d8303c2930e6 | USR:USU_ADMIN | Inspeccion/Detalle | [InspectoresDAO-DB2] Query obtener por cedula: SELECT TRIM(OPICED) AS OPICED, TRIM(OPINO2) AS OPINO2, TRIM(OPIES1) AS OPIES1, TRIM(OPITIP) AS OPITIP FROM DGACDAT.OPIAR2 WHERE OPICED = ? FETCH FIRST 1 ROW ONLY
2026-03-30 08:50:25.987 | INFO  | CID:d8303c2930e6 | USR:USU_ADMIN | Inspeccion/Detalle | [InspectoresDAO-DB2] Parametros => cedula=17, soloActivos=False, tipos=TODOS
2026-03-30 08:50:25.989 | WARN  | CID:d8303c2930e6 | USR:USU_ADMIN | Inspeccion/Detalle | [InspectoresDAO-DB2] Inspector no encontrado para cedula=17, soloActivos=False
2026-03-30 08:50:25.990 | INFO  | CID:d8303c2930e6 | USR:USU_ADMIN | Inspeccion/Detalle | [InspectoresDAO-DB2] Query obtener por cedula: SELECT TRIM(OPICED) AS OPICED, TRIM(OPINO2) AS OPINO2, TRIM(OPIES1) AS OPIES1, TRIM(OPITIP) AS OPITIP FROM DGACDAT.OPIAR2 WHERE OPICED = ? FETCH FIRST 1 ROW ONLY
2026-03-30 08:50:25.990 | INFO  | CID:d8303c2930e6 | USR:USU_ADMIN | Inspeccion/Detalle | [InspectoresDAO-DB2] Parametros => cedula=0000000017, soloActivos=False, tipos=TODOS
2026-03-30 08:50:25.993 | WARN  | CID:d8303c2930e6 | USR:USU_ADMIN | Inspeccion/Detalle | [InspectoresDAO-DB2] Inspector no encontrado para cedula=0000000017, soloActivos=False
2026-03-30 08:50:25.993 | INFO  | CID:d8303c2930e6 | USR:USU_ADMIN | Inspeccion/Detalle | [GestionInspeccion] Detalle inspectores enriquecidos. InspeccionId=15, PrincipalCedula=17, PrincipalNombre=17, PrincipalTipo=, ApoyoCedula=, ApoyoNombre=, ApoyoTipo=
2026-03-30 08:50:30.734 | INFO  | CID:N/A | Procesando email 105 para gercavi82@gmail.com
2026-03-30 08:50:31.092 | INFO  | CID:N/A | Email 105 enviado exitosamente
2026-03-30 08:55:14.116 | INFO  | CID:N/A | Deteniendo procesador de cola de correos
2026-03-30 08:55:14.175 | INFO  | CID:N/A | Deteniendo procesador de cola de correos
2026-03-30 08:55:31.120 | INFO  | CID:N/A | Iniciando procesador de cola de correos
2026-03-30 08:56:08.178 | INFO  | CID:N/A | Iniciando procesador de cola de correos
2026-03-30 08:56:30.730 | INFO  | CID:c9cec43c72c6 | Account/Login | Iniciando acción: Account/Login
2026-03-30 08:56:31.601 | INFO  | CID:c9cec43c72c6 | Account/Login | Acción completada: Account/Login
2026-03-30 08:56:48.574 | INFO  | CID:N/A | USR:USU_ADMIN | Inspeccion/Index | AuditTrailService: Tabla aocr_audit_trail verificada/creada.
2026-03-30 08:56:48.591 | INFO  | CID:00a4efccb041 | USR:USU_ADMIN | Inspeccion/Index | [InspeccionesController] Inicio pantalla gestion inspecciones. Usuario=USU_ADMIN, Rol=Administrador,Inspector,JefaturaTecnica,Direccion,CoordinacionLegal
2026-03-30 08:56:48.855 | INFO  | CID:00a4efccb041 | USR:USU_ADMIN | Inspeccion/Index | [InspeccionesController] Inspecciones recibidas=17
2026-03-30 08:56:56.634 | INFO  | CID:d078adbd125d | USR:USU_ADMIN | Inspeccion/Detalle | [GestionInspeccion] Inicio Detalle. InspeccionId=17, Usuario=USU_ADMIN, Rol=Administrador,Inspector,JefaturaTecnica,Direccion,CoordinacionLegal
2026-03-30 08:56:56.651 | INFO  | CID:d078adbd125d | USR:USU_ADMIN | Inspeccion/Detalle | [GestionInspeccion] InspeccionId=17, SolicitudId=87, EstadoActual=VERIFICACION_SOLICITUD, InspectorAsignado=17
2026-03-30 08:56:56.652 | INFO  | CID:d078adbd125d | USR:USU_ADMIN | Inspeccion/Detalle | [GestionInspeccion] PuedeGestionar=True para detalle. InspeccionId=17
2026-03-30 08:56:58.323 | INFO  | CID:d078adbd125d | USR:USU_ADMIN | Inspeccion/Detalle | [InspectoresDAO-DB2] Query obtener por cedula: SELECT TRIM(OPICED) AS OPICED, TRIM(OPINO2) AS OPINO2, TRIM(OPIES1) AS OPIES1, TRIM(OPITIP) AS OPITIP FROM DGACDAT.OPIAR2 WHERE OPICED = ? AND UPPER(TRIM(COALESCE(OPIES1, ''))) = ? FETCH FIRST 1 ROW ONLY
2026-03-30 08:56:58.323 | INFO  | CID:d078adbd125d | USR:USU_ADMIN | Inspeccion/Detalle | [InspectoresDAO-DB2] Parametros => cedula=17, soloActivos=True, tipos=TODOS
2026-03-30 08:56:58.392 | WARN  | CID:d078adbd125d | USR:USU_ADMIN | Inspeccion/Detalle | [InspectoresDAO-DB2] Inspector no encontrado para cedula=17, soloActivos=True
2026-03-30 08:56:58.393 | INFO  | CID:d078adbd125d | USR:USU_ADMIN | Inspeccion/Detalle | [InspectoresDAO-DB2] Query obtener por cedula: SELECT TRIM(OPICED) AS OPICED, TRIM(OPINO2) AS OPINO2, TRIM(OPIES1) AS OPIES1, TRIM(OPITIP) AS OPITIP FROM DGACDAT.OPIAR2 WHERE OPICED = ? AND UPPER(TRIM(COALESCE(OPIES1, ''))) = ? FETCH FIRST 1 ROW ONLY
2026-03-30 08:56:58.393 | INFO  | CID:d078adbd125d | USR:USU_ADMIN | Inspeccion/Detalle | [InspectoresDAO-DB2] Parametros => cedula=0000000017, soloActivos=True, tipos=TODOS
2026-03-30 08:56:58.393 | WARN  | CID:d078adbd125d | USR:USU_ADMIN | Inspeccion/Detalle | [InspectoresDAO-DB2] Inspector no encontrado para cedula=0000000017, soloActivos=True
2026-03-30 08:56:58.393 | INFO  | CID:d078adbd125d | USR:USU_ADMIN | Inspeccion/Detalle | [InspectoresDAO-DB2] Query obtener por cedula: SELECT TRIM(OPICED) AS OPICED, TRIM(OPINO2) AS OPINO2, TRIM(OPIES1) AS OPIES1, TRIM(OPITIP) AS OPITIP FROM DGACDAT.OPIAR2 WHERE OPICED = ? FETCH FIRST 1 ROW ONLY
2026-03-30 08:56:58.393 | INFO  | CID:d078adbd125d | USR:USU_ADMIN | Inspeccion/Detalle | [InspectoresDAO-DB2] Parametros => cedula=17, soloActivos=False, tipos=TODOS
2026-03-30 08:56:58.409 | WARN  | CID:d078adbd125d | USR:USU_ADMIN | Inspeccion/Detalle | [InspectoresDAO-DB2] Inspector no encontrado para cedula=17, soloActivos=False
2026-03-30 08:56:58.410 | INFO  | CID:d078adbd125d | USR:USU_ADMIN | Inspeccion/Detalle | [InspectoresDAO-DB2] Query obtener por cedula: SELECT TRIM(OPICED) AS OPICED, TRIM(OPINO2) AS OPINO2, TRIM(OPIES1) AS OPIES1, TRIM(OPITIP) AS OPITIP FROM DGACDAT.OPIAR2 WHERE OPICED = ? FETCH FIRST 1 ROW ONLY
2026-03-30 08:56:58.410 | INFO  | CID:d078adbd125d | USR:USU_ADMIN | Inspeccion/Detalle | [InspectoresDAO-DB2] Parametros => cedula=0000000017, soloActivos=False, tipos=TODOS
2026-03-30 08:56:58.414 | WARN  | CID:d078adbd125d | USR:USU_ADMIN | Inspeccion/Detalle | [InspectoresDAO-DB2] Inspector no encontrado para cedula=0000000017, soloActivos=False
2026-03-30 08:56:58.417 | INFO  | CID:d078adbd125d | USR:USU_ADMIN | Inspeccion/Detalle | [InspectoresDAO-DB2] Query obtener por cedula: SELECT TRIM(OPICED) AS OPICED, TRIM(OPINO2) AS OPINO2, TRIM(OPIES1) AS OPIES1, TRIM(OPITIP) AS OPITIP FROM DGACDAT.OPIAR2 WHERE OPICED = ? AND UPPER(TRIM(COALESCE(OPIES1, ''))) = ? FETCH FIRST 1 ROW ONLY
2026-03-30 08:56:58.417 | INFO  | CID:d078adbd125d | USR:USU_ADMIN | Inspeccion/Detalle | [InspectoresDAO-DB2] Parametros => cedula=17, soloActivos=True, tipos=TODOS
2026-03-30 08:56:58.420 | WARN  | CID:d078adbd125d | USR:USU_ADMIN | Inspeccion/Detalle | [InspectoresDAO-DB2] Inspector no encontrado para cedula=17, soloActivos=True
2026-03-30 08:56:58.420 | INFO  | CID:d078adbd125d | USR:USU_ADMIN | Inspeccion/Detalle | [InspectoresDAO-DB2] Query obtener por cedula: SELECT TRIM(OPICED) AS OPICED, TRIM(OPINO2) AS OPINO2, TRIM(OPIES1) AS OPIES1, TRIM(OPITIP) AS OPITIP FROM DGACDAT.OPIAR2 WHERE OPICED = ? AND UPPER(TRIM(COALESCE(OPIES1, ''))) = ? FETCH FIRST 1 ROW ONLY
2026-03-30 08:56:58.422 | INFO  | CID:d078adbd125d | USR:USU_ADMIN | Inspeccion/Detalle | [InspectoresDAO-DB2] Parametros => cedula=0000000017, soloActivos=True, tipos=TODOS
2026-03-30 08:56:58.424 | WARN  | CID:d078adbd125d | USR:USU_ADMIN | Inspeccion/Detalle | [InspectoresDAO-DB2] Inspector no encontrado para cedula=0000000017, soloActivos=True
2026-03-30 08:56:58.425 | INFO  | CID:d078adbd125d | USR:USU_ADMIN | Inspeccion/Detalle | [InspectoresDAO-DB2] Query obtener por cedula: SELECT TRIM(OPICED) AS OPICED, TRIM(OPINO2) AS OPINO2, TRIM(OPIES1) AS OPIES1, TRIM(OPITIP) AS OPITIP FROM DGACDAT.OPIAR2 WHERE OPICED = ? FETCH FIRST 1 ROW ONLY
2026-03-30 08:56:58.425 | INFO  | CID:d078adbd125d | USR:USU_ADMIN | Inspeccion/Detalle | [InspectoresDAO-DB2] Parametros => cedula=17, soloActivos=False, tipos=TODOS
2026-03-30 08:56:58.427 | WARN  | CID:d078adbd125d | USR:USU_ADMIN | Inspeccion/Detalle | [InspectoresDAO-DB2] Inspector no encontrado para cedula=17, soloActivos=False
2026-03-30 08:56:58.428 | INFO  | CID:d078adbd125d | USR:USU_ADMIN | Inspeccion/Detalle | [InspectoresDAO-DB2] Query obtener por cedula: SELECT TRIM(OPICED) AS OPICED, TRIM(OPINO2) AS OPINO2, TRIM(OPIES1) AS OPIES1, TRIM(OPITIP) AS OPITIP FROM DGACDAT.OPIAR2 WHERE OPICED = ? FETCH FIRST 1 ROW ONLY
2026-03-30 08:56:58.428 | INFO  | CID:d078adbd125d | USR:USU_ADMIN | Inspeccion/Detalle | [InspectoresDAO-DB2] Parametros => cedula=0000000017, soloActivos=False, tipos=TODOS
2026-03-30 08:56:58.430 | WARN  | CID:d078adbd125d | USR:USU_ADMIN | Inspeccion/Detalle | [InspectoresDAO-DB2] Inspector no encontrado para cedula=0000000017, soloActivos=False
2026-03-30 08:56:58.431 | INFO  | CID:d078adbd125d | USR:USU_ADMIN | Inspeccion/Detalle | [GestionInspeccion] Detalle inspectores enriquecidos. InspeccionId=17, PrincipalCedula=17, PrincipalNombre=17, PrincipalTipo=, ApoyoCedula=, ApoyoNombre=, ApoyoTipo=
2026-03-30 08:58:01.276 | INFO  | CID:02903ef1bee3 | USR:USU_ADMIN | Inspeccion/GuardarInformeTecnico | Iniciando acción: Inspeccion/GuardarInformeTecnico
2026-03-30 08:58:06.600 | INFO  | CID:02903ef1bee3 | USR:USU_ADMIN | Inspeccion/GuardarInformeTecnico | Acción completada: Inspeccion/GuardarInformeTecnico
2026-03-30 08:58:06.607 | INFO  | CID:f61531d64910 | USR:USU_ADMIN | Inspeccion/Detalle | [GestionInspeccion] Inicio Detalle. InspeccionId=17, Usuario=USU_ADMIN, Rol=Administrador,Inspector,JefaturaTecnica,Direccion,CoordinacionLegal
2026-03-30 08:58:06.618 | INFO  | CID:f61531d64910 | USR:USU_ADMIN | Inspeccion/Detalle | [GestionInspeccion] InspeccionId=17, SolicitudId=87, EstadoActual=VERIFICACION_SOLICITUD, InspectorAsignado=17
2026-03-30 08:58:06.619 | INFO  | CID:f61531d64910 | USR:USU_ADMIN | Inspeccion/Detalle | [GestionInspeccion] PuedeGestionar=True para detalle. InspeccionId=17
2026-03-30 08:58:07.286 | INFO  | CID:f61531d64910 | USR:USU_ADMIN | Inspeccion/Detalle | [InspectoresDAO-DB2] Query obtener por cedula: SELECT TRIM(OPICED) AS OPICED, TRIM(OPINO2) AS OPINO2, TRIM(OPIES1) AS OPIES1, TRIM(OPITIP) AS OPITIP FROM DGACDAT.OPIAR2 WHERE OPICED = ? AND UPPER(TRIM(COALESCE(OPIES1, ''))) = ? FETCH FIRST 1 ROW ONLY
2026-03-30 08:58:07.287 | INFO  | CID:f61531d64910 | USR:USU_ADMIN | Inspeccion/Detalle | [InspectoresDAO-DB2] Parametros => cedula=17, soloActivos=True, tipos=TODOS
2026-03-30 08:58:07.292 | WARN  | CID:f61531d64910 | USR:USU_ADMIN | Inspeccion/Detalle | [InspectoresDAO-DB2] Inspector no encontrado para cedula=17, soloActivos=True
2026-03-30 08:58:07.293 | INFO  | CID:f61531d64910 | USR:USU_ADMIN | Inspeccion/Detalle | [InspectoresDAO-DB2] Query obtener por cedula: SELECT TRIM(OPICED) AS OPICED, TRIM(OPINO2) AS OPINO2, TRIM(OPIES1) AS OPIES1, TRIM(OPITIP) AS OPITIP FROM DGACDAT.OPIAR2 WHERE OPICED = ? AND UPPER(TRIM(COALESCE(OPIES1, ''))) = ? FETCH FIRST 1 ROW ONLY
2026-03-30 08:58:07.294 | INFO  | CID:f61531d64910 | USR:USU_ADMIN | Inspeccion/Detalle | [InspectoresDAO-DB2] Parametros => cedula=0000000017, soloActivos=True, tipos=TODOS
2026-03-30 08:58:07.297 | WARN  | CID:f61531d64910 | USR:USU_ADMIN | Inspeccion/Detalle | [InspectoresDAO-DB2] Inspector no encontrado para cedula=0000000017, soloActivos=True
2026-03-30 08:58:07.297 | INFO  | CID:f61531d64910 | USR:USU_ADMIN | Inspeccion/Detalle | [InspectoresDAO-DB2] Query obtener por cedula: SELECT TRIM(OPICED) AS OPICED, TRIM(OPINO2) AS OPINO2, TRIM(OPIES1) AS OPIES1, TRIM(OPITIP) AS OPITIP FROM DGACDAT.OPIAR2 WHERE OPICED = ? FETCH FIRST 1 ROW ONLY
2026-03-30 08:58:07.297 | INFO  | CID:f61531d64910 | USR:USU_ADMIN | Inspeccion/Detalle | [InspectoresDAO-DB2] Parametros => cedula=17, soloActivos=False, tipos=TODOS
2026-03-30 08:58:07.297 | WARN  | CID:f61531d64910 | USR:USU_ADMIN | Inspeccion/Detalle | [InspectoresDAO-DB2] Inspector no encontrado para cedula=17, soloActivos=False
2026-03-30 08:58:07.297 | INFO  | CID:f61531d64910 | USR:USU_ADMIN | Inspeccion/Detalle | [InspectoresDAO-DB2] Query obtener por cedula: SELECT TRIM(OPICED) AS OPICED, TRIM(OPINO2) AS OPINO2, TRIM(OPIES1) AS OPIES1, TRIM(OPITIP) AS OPITIP FROM DGACDAT.OPIAR2 WHERE OPICED = ? FETCH FIRST 1 ROW ONLY
2026-03-30 08:58:07.297 | INFO  | CID:f61531d64910 | USR:USU_ADMIN | Inspeccion/Detalle | [InspectoresDAO-DB2] Parametros => cedula=0000000017, soloActivos=False, tipos=TODOS
2026-03-30 08:58:07.297 | WARN  | CID:f61531d64910 | USR:USU_ADMIN | Inspeccion/Detalle | [InspectoresDAO-DB2] Inspector no encontrado para cedula=0000000017, soloActivos=False
2026-03-30 08:58:07.297 | INFO  | CID:f61531d64910 | USR:USU_ADMIN | Inspeccion/Detalle | [InspectoresDAO-DB2] Query obtener por cedula: SELECT TRIM(OPICED) AS OPICED, TRIM(OPINO2) AS OPINO2, TRIM(OPIES1) AS OPIES1, TRIM(OPITIP) AS OPITIP FROM DGACDAT.OPIAR2 WHERE OPICED = ? AND UPPER(TRIM(COALESCE(OPIES1, ''))) = ? FETCH FIRST 1 ROW ONLY
2026-03-30 08:58:07.297 | INFO  | CID:f61531d64910 | USR:USU_ADMIN | Inspeccion/Detalle | [InspectoresDAO-DB2] Parametros => cedula=17, soloActivos=True, tipos=TODOS
2026-03-30 08:58:07.297 | WARN  | CID:f61531d64910 | USR:USU_ADMIN | Inspeccion/Detalle | [InspectoresDAO-DB2] Inspector no encontrado para cedula=17, soloActivos=True
2026-03-30 08:58:07.297 | INFO  | CID:f61531d64910 | USR:USU_ADMIN | Inspeccion/Detalle | [InspectoresDAO-DB2] Query obtener por cedula: SELECT TRIM(OPICED) AS OPICED, TRIM(OPINO2) AS OPINO2, TRIM(OPIES1) AS OPIES1, TRIM(OPITIP) AS OPITIP FROM DGACDAT.OPIAR2 WHERE OPICED = ? AND UPPER(TRIM(COALESCE(OPIES1, ''))) = ? FETCH FIRST 1 ROW ONLY
2026-03-30 08:58:07.297 | INFO  | CID:f61531d64910 | USR:USU_ADMIN | Inspeccion/Detalle | [InspectoresDAO-DB2] Parametros => cedula=0000000017, soloActivos=True, tipos=TODOS
2026-03-30 08:58:07.313 | WARN  | CID:f61531d64910 | USR:USU_ADMIN | Inspeccion/Detalle | [InspectoresDAO-DB2] Inspector no encontrado para cedula=0000000017, soloActivos=True
2026-03-30 08:58:07.314 | INFO  | CID:f61531d64910 | USR:USU_ADMIN | Inspeccion/Detalle | [InspectoresDAO-DB2] Query obtener por cedula: SELECT TRIM(OPICED) AS OPICED, TRIM(OPINO2) AS OPINO2, TRIM(OPIES1) AS OPIES1, TRIM(OPITIP) AS OPITIP FROM DGACDAT.OPIAR2 WHERE OPICED = ? FETCH FIRST 1 ROW ONLY
2026-03-30 08:58:07.315 | INFO  | CID:f61531d64910 | USR:USU_ADMIN | Inspeccion/Detalle | [InspectoresDAO-DB2] Parametros => cedula=17, soloActivos=False, tipos=TODOS
2026-03-30 08:58:07.317 | WARN  | CID:f61531d64910 | USR:USU_ADMIN | Inspeccion/Detalle | [InspectoresDAO-DB2] Inspector no encontrado para cedula=17, soloActivos=False
2026-03-30 08:58:07.318 | INFO  | CID:f61531d64910 | USR:USU_ADMIN | Inspeccion/Detalle | [InspectoresDAO-DB2] Query obtener por cedula: SELECT TRIM(OPICED) AS OPICED, TRIM(OPINO2) AS OPINO2, TRIM(OPIES1) AS OPIES1, TRIM(OPITIP) AS OPITIP FROM DGACDAT.OPIAR2 WHERE OPICED = ? FETCH FIRST 1 ROW ONLY
2026-03-30 08:58:07.318 | INFO  | CID:f61531d64910 | USR:USU_ADMIN | Inspeccion/Detalle | [InspectoresDAO-DB2] Parametros => cedula=0000000017, soloActivos=False, tipos=TODOS
2026-03-30 08:58:07.320 | WARN  | CID:f61531d64910 | USR:USU_ADMIN | Inspeccion/Detalle | [InspectoresDAO-DB2] Inspector no encontrado para cedula=0000000017, soloActivos=False
2026-03-30 08:58:07.320 | INFO  | CID:f61531d64910 | USR:USU_ADMIN | Inspeccion/Detalle | [GestionInspeccion] Detalle inspectores enriquecidos. InspeccionId=17, PrincipalCedula=17, PrincipalNombre=17, PrincipalTipo=, ApoyoCedula=, ApoyoNombre=, ApoyoTipo=
2026-03-30 08:58:26.727 | INFO  | CID:9297922a0865 | USR:USU_ADMIN | Inspeccion/FirmarInformeInspector | Iniciando acción: Inspeccion/FirmarInformeInspector
2026-03-30 08:58:26.749 | INFO  | CID:9297922a0865 | USR:USU_ADMIN | Inspeccion/FirmarInformeInspector | [GestionInspeccion] Inicio firma digital. InspeccionId=17, RolFirma=INSPECTOR, InformeId=12, VersionInforme=3, RutaFuente=C:\AOCR\AOCR\AOCR05-01-2026\AOCR1\AOCR\CapaPresentacion\App_Data\Uploads\Inspecciones\InformesTecnicos\InformeTecnico_17_v3_20260330085806.pdf, PdfBytes=182454, CertificadoBytes=8787, Usuario=USU_ADMIN
2026-03-30 08:58:27.715 | INFO  | CID:9297922a0865 | USR:USU_ADMIN | Inspeccion/FirmarInformeInspector | [GestionInspeccion] Firma digital generada. InspeccionId=17, RolFirma=INSPECTOR, InformeId=12, Hash=048B54CB7B6A7F05C8189DB97F7578A5B2A8D439F318866A7D533053ECD065EE, PdfFirmadoBytes=201772
2026-03-30 08:58:27.719 | INFO  | CID:9297922a0865 | USR:USU_ADMIN | Inspeccion/FirmarInformeInspector | [GestionInspeccion] Persistiendo firma digital. InspeccionId=17, RolFirma=INSPECTOR, InformeId=12, RutaFirmada=/App_Data/Uploads/Inspecciones/InformesTecnicos/Firmados/InformeTecnico_17_v3_inspector_20260330085827.pdf, EstadoAnterior=GENERADO, EstadoFinal=FIRMADO_INSPECTOR, UsuarioId=0
2026-03-30 08:58:27.735 | INFO  | CID:9297922a0865 | USR:USU_ADMIN | Inspeccion/FirmarInformeInspector | [GestionInspeccion] Firma digital persistida. InspeccionId=17, RolFirma=INSPECTOR, InformeId=12, RutaFirmada=/App_Data/Uploads/Inspecciones/InformesTecnicos/Firmados/InformeTecnico_17_v3_inspector_20260330085827.pdf
2026-03-30 08:58:29.163 | INFO  | CID:9297922a0865 | USR:USU_ADMIN | Inspeccion/FirmarInformeInspector | Acción completada: Inspeccion/FirmarInformeInspector
2026-03-30 08:58:29.172 | INFO  | CID:377bbe526328 | USR:USU_ADMIN | Inspeccion/Detalle | [GestionInspeccion] Inicio Detalle. InspeccionId=17, Usuario=USU_ADMIN, Rol=Administrador,Inspector,JefaturaTecnica,Direccion,CoordinacionLegal
2026-03-30 08:58:29.180 | INFO  | CID:377bbe526328 | USR:USU_ADMIN | Inspeccion/Detalle | [GestionInspeccion] InspeccionId=17, SolicitudId=87, EstadoActual=VERIFICACION_SOLICITUD, InspectorAsignado=17
2026-03-30 08:58:29.180 | INFO  | CID:377bbe526328 | USR:USU_ADMIN | Inspeccion/Detalle | [GestionInspeccion] PuedeGestionar=True para detalle. InspeccionId=17
2026-03-30 08:58:29.873 | INFO  | CID:377bbe526328 | USR:USU_ADMIN | Inspeccion/Detalle | [InspectoresDAO-DB2] Query obtener por cedula: SELECT TRIM(OPICED) AS OPICED, TRIM(OPINO2) AS OPINO2, TRIM(OPIES1) AS OPIES1, TRIM(OPITIP) AS OPITIP FROM DGACDAT.OPIAR2 WHERE OPICED = ? AND UPPER(TRIM(COALESCE(OPIES1, ''))) = ? FETCH FIRST 1 ROW ONLY
2026-03-30 08:58:29.873 | INFO  | CID:377bbe526328 | USR:USU_ADMIN | Inspeccion/Detalle | [InspectoresDAO-DB2] Parametros => cedula=17, soloActivos=True, tipos=TODOS
2026-03-30 08:58:29.881 | WARN  | CID:377bbe526328 | USR:USU_ADMIN | Inspeccion/Detalle | [InspectoresDAO-DB2] Inspector no encontrado para cedula=17, soloActivos=True
2026-03-30 08:58:29.881 | INFO  | CID:377bbe526328 | USR:USU_ADMIN | Inspeccion/Detalle | [InspectoresDAO-DB2] Query obtener por cedula: SELECT TRIM(OPICED) AS OPICED, TRIM(OPINO2) AS OPINO2, TRIM(OPIES1) AS OPIES1, TRIM(OPITIP) AS OPITIP FROM DGACDAT.OPIAR2 WHERE OPICED = ? AND UPPER(TRIM(COALESCE(OPIES1, ''))) = ? FETCH FIRST 1 ROW ONLY
2026-03-30 08:58:29.881 | INFO  | CID:377bbe526328 | USR:USU_ADMIN | Inspeccion/Detalle | [InspectoresDAO-DB2] Parametros => cedula=0000000017, soloActivos=True, tipos=TODOS
2026-03-30 08:58:29.896 | WARN  | CID:377bbe526328 | USR:USU_ADMIN | Inspeccion/Detalle | [InspectoresDAO-DB2] Inspector no encontrado para cedula=0000000017, soloActivos=True
2026-03-30 08:58:29.897 | INFO  | CID:377bbe526328 | USR:USU_ADMIN | Inspeccion/Detalle | [InspectoresDAO-DB2] Query obtener por cedula: SELECT TRIM(OPICED) AS OPICED, TRIM(OPINO2) AS OPINO2, TRIM(OPIES1) AS OPIES1, TRIM(OPITIP) AS OPITIP FROM DGACDAT.OPIAR2 WHERE OPICED = ? FETCH FIRST 1 ROW ONLY
2026-03-30 08:58:29.899 | INFO  | CID:377bbe526328 | USR:USU_ADMIN | Inspeccion/Detalle | [InspectoresDAO-DB2] Parametros => cedula=17, soloActivos=False, tipos=TODOS
2026-03-30 08:58:29.903 | WARN  | CID:377bbe526328 | USR:USU_ADMIN | Inspeccion/Detalle | [InspectoresDAO-DB2] Inspector no encontrado para cedula=17, soloActivos=False
2026-03-30 08:58:29.904 | INFO  | CID:377bbe526328 | USR:USU_ADMIN | Inspeccion/Detalle | [InspectoresDAO-DB2] Query obtener por cedula: SELECT TRIM(OPICED) AS OPICED, TRIM(OPINO2) AS OPINO2, TRIM(OPIES1) AS OPIES1, TRIM(OPITIP) AS OPITIP FROM DGACDAT.OPIAR2 WHERE OPICED = ? FETCH FIRST 1 ROW ONLY
2026-03-30 08:58:29.905 | INFO  | CID:377bbe526328 | USR:USU_ADMIN | Inspeccion/Detalle | [InspectoresDAO-DB2] Parametros => cedula=0000000017, soloActivos=False, tipos=TODOS
2026-03-30 08:58:29.907 | WARN  | CID:377bbe526328 | USR:USU_ADMIN | Inspeccion/Detalle | [InspectoresDAO-DB2] Inspector no encontrado para cedula=0000000017, soloActivos=False
2026-03-30 08:58:29.909 | INFO  | CID:377bbe526328 | USR:USU_ADMIN | Inspeccion/Detalle | [InspectoresDAO-DB2] Query obtener por cedula: SELECT TRIM(OPICED) AS OPICED, TRIM(OPINO2) AS OPINO2, TRIM(OPIES1) AS OPIES1, TRIM(OPITIP) AS OPITIP FROM DGACDAT.OPIAR2 WHERE OPICED = ? AND UPPER(TRIM(COALESCE(OPIES1, ''))) = ? FETCH FIRST 1 ROW ONLY
2026-03-30 08:58:29.910 | INFO  | CID:377bbe526328 | USR:USU_ADMIN | Inspeccion/Detalle | [InspectoresDAO-DB2] Parametros => cedula=17, soloActivos=True, tipos=TODOS
2026-03-30 08:58:29.913 | WARN  | CID:377bbe526328 | USR:USU_ADMIN | Inspeccion/Detalle | [InspectoresDAO-DB2] Inspector no encontrado para cedula=17, soloActivos=True
2026-03-30 08:58:29.914 | INFO  | CID:377bbe526328 | USR:USU_ADMIN | Inspeccion/Detalle | [InspectoresDAO-DB2] Query obtener por cedula: SELECT TRIM(OPICED) AS OPICED, TRIM(OPINO2) AS OPINO2, TRIM(OPIES1) AS OPIES1, TRIM(OPITIP) AS OPITIP FROM DGACDAT.OPIAR2 WHERE OPICED = ? AND UPPER(TRIM(COALESCE(OPIES1, ''))) = ? FETCH FIRST 1 ROW ONLY
2026-03-30 08:58:29.915 | INFO  | CID:377bbe526328 | USR:USU_ADMIN | Inspeccion/Detalle | [InspectoresDAO-DB2] Parametros => cedula=0000000017, soloActivos=True, tipos=TODOS
2026-03-30 08:58:29.917 | WARN  | CID:377bbe526328 | USR:USU_ADMIN | Inspeccion/Detalle | [InspectoresDAO-DB2] Inspector no encontrado para cedula=0000000017, soloActivos=True
2026-03-30 08:58:29.918 | INFO  | CID:377bbe526328 | USR:USU_ADMIN | Inspeccion/Detalle | [InspectoresDAO-DB2] Query obtener por cedula: SELECT TRIM(OPICED) AS OPICED, TRIM(OPINO2) AS OPINO2, TRIM(OPIES1) AS OPIES1, TRIM(OPITIP) AS OPITIP FROM DGACDAT.OPIAR2 WHERE OPICED = ? FETCH FIRST 1 ROW ONLY
2026-03-30 08:58:29.919 | INFO  | CID:377bbe526328 | USR:USU_ADMIN | Inspeccion/Detalle | [InspectoresDAO-DB2] Parametros => cedula=17, soloActivos=False, tipos=TODOS
2026-03-30 08:58:29.921 | WARN  | CID:377bbe526328 | USR:USU_ADMIN | Inspeccion/Detalle | [InspectoresDAO-DB2] Inspector no encontrado para cedula=17, soloActivos=False
2026-03-30 08:58:29.922 | INFO  | CID:377bbe526328 | USR:USU_ADMIN | Inspeccion/Detalle | [InspectoresDAO-DB2] Query obtener por cedula: SELECT TRIM(OPICED) AS OPICED, TRIM(OPINO2) AS OPINO2, TRIM(OPIES1) AS OPIES1, TRIM(OPITIP) AS OPITIP FROM DGACDAT.OPIAR2 WHERE OPICED = ? FETCH FIRST 1 ROW ONLY
2026-03-30 08:58:29.923 | INFO  | CID:377bbe526328 | USR:USU_ADMIN | Inspeccion/Detalle | [InspectoresDAO-DB2] Parametros => cedula=0000000017, soloActivos=False, tipos=TODOS
2026-03-30 08:58:29.925 | WARN  | CID:377bbe526328 | USR:USU_ADMIN | Inspeccion/Detalle | [InspectoresDAO-DB2] Inspector no encontrado para cedula=0000000017, soloActivos=False
2026-03-30 08:58:29.926 | INFO  | CID:377bbe526328 | USR:USU_ADMIN | Inspeccion/Detalle | [GestionInspeccion] Detalle inspectores enriquecidos. InspeccionId=17, PrincipalCedula=17, PrincipalNombre=17, PrincipalTipo=, ApoyoCedula=, ApoyoNombre=, ApoyoTipo=
2026-03-30 08:58:30.449 | INFO  | CID:N/A | Procesando email 106 para gercavi82@gmail.com
2026-03-30 08:58:31.003 | INFO  | CID:N/A | Email 106 enviado exitosamente
2026-03-30 09:06:53.218 | INFO  | CID:N/A | Deteniendo procesador de cola de correos
2026-03-30 09:06:53.563 | INFO  | CID:N/A | Deteniendo procesador de cola de correos
2026-03-30 09:08:07.629 | INFO  | CID:N/A | Iniciando procesador de cola de correos
2026-03-30 09:08:29.624 | INFO  | CID:1be142c5a449 | Account/Login | Iniciando acción: Account/Login
2026-03-30 09:08:30.391 | INFO  | CID:1be142c5a449 | Account/Login | Acción completada: Account/Login
2026-03-30 09:08:39.828 | INFO  | CID:N/A | USR:USU_ADMIN | Inspeccion/Index | AuditTrailService: Tabla aocr_audit_trail verificada/creada.
2026-03-30 09:08:39.840 | INFO  | CID:25fe515454fa | USR:USU_ADMIN | Inspeccion/Index | [InspeccionesController] Inicio pantalla gestion inspecciones. Usuario=USU_ADMIN, Rol=Administrador,Inspector,JefaturaTecnica,Direccion,CoordinacionLegal
2026-03-30 09:08:40.097 | INFO  | CID:25fe515454fa | USR:USU_ADMIN | Inspeccion/Index | [InspeccionesController] Inspecciones recibidas=17
2026-03-30 09:08:53.495 | INFO  | CID:48434b14b1bb | USR:USU_ADMIN | Inspeccion/Detalle | [GestionInspeccion] Inicio Detalle. InspeccionId=14, Usuario=USU_ADMIN, Rol=Administrador,Inspector,JefaturaTecnica,Direccion,CoordinacionLegal
2026-03-30 09:08:53.505 | INFO  | CID:48434b14b1bb | USR:USU_ADMIN | Inspeccion/Detalle | [GestionInspeccion] InspeccionId=14, SolicitudId=113, EstadoActual=VERIFICACION_SOLICITUD, InspectorAsignado=1709565459
2026-03-30 09:08:53.505 | INFO  | CID:48434b14b1bb | USR:USU_ADMIN | Inspeccion/Detalle | [GestionInspeccion] PuedeGestionar=True para detalle. InspeccionId=14
2026-03-30 09:08:55.171 | INFO  | CID:48434b14b1bb | USR:USU_ADMIN | Inspeccion/Detalle | [InspectoresDAO-DB2] Query obtener por cedula: SELECT TRIM(OPICED) AS OPICED, TRIM(OPINO2) AS OPINO2, TRIM(OPIES1) AS OPIES1, TRIM(OPITIP) AS OPITIP FROM DGACDAT.OPIAR2 WHERE OPICED = ? AND UPPER(TRIM(COALESCE(OPIES1, ''))) = ? FETCH FIRST 1 ROW ONLY
2026-03-30 09:08:55.171 | INFO  | CID:48434b14b1bb | USR:USU_ADMIN | Inspeccion/Detalle | [InspectoresDAO-DB2] Parametros => cedula=1709565459, soloActivos=True, tipos=TODOS
2026-03-30 09:08:55.244 | INFO  | CID:48434b14b1bb | USR:USU_ADMIN | Inspeccion/Detalle | [GestionInspeccion] Detalle inspectores enriquecidos. InspeccionId=14, PrincipalCedula=1709565459, PrincipalNombre=CATOTA TORRES LUIS WILKIR, PrincipalTipo=OPS, ApoyoCedula=, ApoyoNombre=, ApoyoTipo=
2026-03-30 09:09:46.731 | INFO  | CID:af35380f76d2 | USR:USU_ADMIN | Inspeccion/GuardarInformeTecnico | Iniciando acción: Inspeccion/GuardarInformeTecnico
2026-03-30 09:09:52.335 | INFO  | CID:af35380f76d2 | USR:USU_ADMIN | Inspeccion/GuardarInformeTecnico | Acción completada: Inspeccion/GuardarInformeTecnico
2026-03-30 09:09:52.348 | INFO  | CID:e2be4d984433 | USR:USU_ADMIN | Inspeccion/Detalle | [GestionInspeccion] Inicio Detalle. InspeccionId=14, Usuario=USU_ADMIN, Rol=Administrador,Inspector,JefaturaTecnica,Direccion,CoordinacionLegal
2026-03-30 09:09:52.348 | INFO  | CID:e2be4d984433 | USR:USU_ADMIN | Inspeccion/Detalle | [GestionInspeccion] InspeccionId=14, SolicitudId=113, EstadoActual=VERIFICACION_SOLICITUD, InspectorAsignado=1709565459
2026-03-30 09:09:52.348 | INFO  | CID:e2be4d984433 | USR:USU_ADMIN | Inspeccion/Detalle | [GestionInspeccion] PuedeGestionar=True para detalle. InspeccionId=14
2026-03-30 09:09:52.883 | INFO  | CID:e2be4d984433 | USR:USU_ADMIN | Inspeccion/Detalle | [InspectoresDAO-DB2] Query obtener por cedula: SELECT TRIM(OPICED) AS OPICED, TRIM(OPINO2) AS OPINO2, TRIM(OPIES1) AS OPIES1, TRIM(OPITIP) AS OPITIP FROM DGACDAT.OPIAR2 WHERE OPICED = ? AND UPPER(TRIM(COALESCE(OPIES1, ''))) = ? FETCH FIRST 1 ROW ONLY
2026-03-30 09:09:52.884 | INFO  | CID:e2be4d984433 | USR:USU_ADMIN | Inspeccion/Detalle | [InspectoresDAO-DB2] Parametros => cedula=1709565459, soloActivos=True, tipos=TODOS
2026-03-30 09:09:52.892 | INFO  | CID:e2be4d984433 | USR:USU_ADMIN | Inspeccion/Detalle | [GestionInspeccion] Detalle inspectores enriquecidos. InspeccionId=14, PrincipalCedula=1709565459, PrincipalNombre=CATOTA TORRES LUIS WILKIR, PrincipalTipo=OPS, ApoyoCedula=, ApoyoNombre=, ApoyoTipo=
2026-03-30 09:10:35.176 | INFO  | CID:1da7a0731e39 | USR:USU_ADMIN | Inspeccion/FirmarInformeInspector | Iniciando acción: Inspeccion/FirmarInformeInspector
2026-03-30 09:10:35.193 | INFO  | CID:1da7a0731e39 | USR:USU_ADMIN | Inspeccion/FirmarInformeInspector | [GestionInspeccion] Inicio firma digital. InspeccionId=14, RolFirma=INSPECTOR, InformeId=13, VersionInforme=1, RutaFuente=C:\AOCR\AOCR\AOCR05-01-2026\AOCR1\AOCR\CapaPresentacion\App_Data\Uploads\Inspecciones\InformesTecnicos\InformeTecnico_14_v1_20260330090952.pdf, PdfBytes=183376, CertificadoBytes=8787, Usuario=USU_ADMIN
2026-03-30 09:10:35.433 | ERROR | CID:1da7a0731e39 | USR:USU_ADMIN | Inspeccion/FirmarInformeInspector | [GestionInspeccion] Firma digital fallida. InspeccionId=14, RolFirma=INSPECTOR, InformeId=13, Mensaje=No se pudo leer el certificado digital: PKCS12 key store MAC invalid - wrong password or corrupted file.
2026-03-30 09:10:35.434 | INFO  | CID:1da7a0731e39 | USR:USU_ADMIN | Inspeccion/FirmarInformeInspector | Acción completada: Inspeccion/FirmarInformeInspector
2026-03-30 09:10:35.440 | INFO  | CID:aca35a076da8 | USR:USU_ADMIN | Inspeccion/Detalle | [GestionInspeccion] Inicio Detalle. InspeccionId=14, Usuario=USU_ADMIN, Rol=Administrador,Inspector,JefaturaTecnica,Direccion,CoordinacionLegal
2026-03-30 09:10:35.450 | INFO  | CID:aca35a076da8 | USR:USU_ADMIN | Inspeccion/Detalle | [GestionInspeccion] InspeccionId=14, SolicitudId=113, EstadoActual=VERIFICACION_SOLICITUD, InspectorAsignado=1709565459
2026-03-30 09:10:35.451 | INFO  | CID:aca35a076da8 | USR:USU_ADMIN | Inspeccion/Detalle | [GestionInspeccion] PuedeGestionar=True para detalle. InspeccionId=14
2026-03-30 09:10:35.963 | INFO  | CID:aca35a076da8 | USR:USU_ADMIN | Inspeccion/Detalle | [InspectoresDAO-DB2] Query obtener por cedula: SELECT TRIM(OPICED) AS OPICED, TRIM(OPINO2) AS OPINO2, TRIM(OPIES1) AS OPIES1, TRIM(OPITIP) AS OPITIP FROM DGACDAT.OPIAR2 WHERE OPICED = ? AND UPPER(TRIM(COALESCE(OPIES1, ''))) = ? FETCH FIRST 1 ROW ONLY
2026-03-30 09:10:35.963 | INFO  | CID:aca35a076da8 | USR:USU_ADMIN | Inspeccion/Detalle | [InspectoresDAO-DB2] Parametros => cedula=1709565459, soloActivos=True, tipos=TODOS
2026-03-30 09:10:35.968 | INFO  | CID:aca35a076da8 | USR:USU_ADMIN | Inspeccion/Detalle | [GestionInspeccion] Detalle inspectores enriquecidos. InspeccionId=14, PrincipalCedula=1709565459, PrincipalNombre=CATOTA TORRES LUIS WILKIR, PrincipalTipo=OPS, ApoyoCedula=, ApoyoNombre=, ApoyoTipo=
2026-03-30 09:10:59.289 | INFO  | CID:1e0bcc0b930c | USR:USU_ADMIN | Inspeccion/FirmarInformeInspector | Iniciando acción: Inspeccion/FirmarInformeInspector
2026-03-30 09:10:59.296 | INFO  | CID:1e0bcc0b930c | USR:USU_ADMIN | Inspeccion/FirmarInformeInspector | [GestionInspeccion] Inicio firma digital. InspeccionId=14, RolFirma=INSPECTOR, InformeId=13, VersionInforme=1, RutaFuente=C:\AOCR\AOCR\AOCR05-01-2026\AOCR1\AOCR\CapaPresentacion\App_Data\Uploads\Inspecciones\InformesTecnicos\InformeTecnico_14_v1_20260330090952.pdf, PdfBytes=183376, CertificadoBytes=8787, Usuario=USU_ADMIN
2026-03-30 09:11:00.246 | INFO  | CID:1e0bcc0b930c | USR:USU_ADMIN | Inspeccion/FirmarInformeInspector | [GestionInspeccion] Firma digital generada. InspeccionId=14, RolFirma=INSPECTOR, InformeId=13, Hash=98922DC71A8BBE8D1B47F0444E8366AF84270899656DFC83B3A08885220A843A, PdfFirmadoBytes=202714
2026-03-30 09:11:00.249 | INFO  | CID:1e0bcc0b930c | USR:USU_ADMIN | Inspeccion/FirmarInformeInspector | [GestionInspeccion] Persistiendo firma digital. InspeccionId=14, RolFirma=INSPECTOR, InformeId=13, RutaFirmada=/App_Data/Uploads/Inspecciones/InformesTecnicos/Firmados/InformeTecnico_14_v1_inspector_20260330091100.pdf, EstadoAnterior=GENERADO, EstadoFinal=FIRMADO_INSPECTOR, UsuarioId=0
2026-03-30 09:11:00.268 | INFO  | CID:1e0bcc0b930c | USR:USU_ADMIN | Inspeccion/FirmarInformeInspector | [GestionInspeccion] Firma digital persistida. InspeccionId=14, RolFirma=INSPECTOR, InformeId=13, RutaFirmada=/App_Data/Uploads/Inspecciones/InformesTecnicos/Firmados/InformeTecnico_14_v1_inspector_20260330091100.pdf
2026-03-30 09:11:01.871 | INFO  | CID:1e0bcc0b930c | USR:USU_ADMIN | Inspeccion/FirmarInformeInspector | Acción completada: Inspeccion/FirmarInformeInspector
2026-03-30 09:11:01.913 | INFO  | CID:505c304be489 | USR:USU_ADMIN | Inspeccion/Detalle | [GestionInspeccion] Inicio Detalle. InspeccionId=14, Usuario=USU_ADMIN, Rol=Administrador,Inspector,JefaturaTecnica,Direccion,CoordinacionLegal
2026-03-30 09:11:01.926 | INFO  | CID:505c304be489 | USR:USU_ADMIN | Inspeccion/Detalle | [GestionInspeccion] InspeccionId=14, SolicitudId=113, EstadoActual=VERIFICACION_SOLICITUD, InspectorAsignado=1709565459
2026-03-30 09:11:01.927 | INFO  | CID:505c304be489 | USR:USU_ADMIN | Inspeccion/Detalle | [GestionInspeccion] PuedeGestionar=True para detalle. InspeccionId=14
2026-03-30 09:11:02.566 | INFO  | CID:505c304be489 | USR:USU_ADMIN | Inspeccion/Detalle | [InspectoresDAO-DB2] Query obtener por cedula: SELECT TRIM(OPICED) AS OPICED, TRIM(OPINO2) AS OPINO2, TRIM(OPIES1) AS OPIES1, TRIM(OPITIP) AS OPITIP FROM DGACDAT.OPIAR2 WHERE OPICED = ? AND UPPER(TRIM(COALESCE(OPIES1, ''))) = ? FETCH FIRST 1 ROW ONLY
2026-03-30 09:11:02.567 | INFO  | CID:505c304be489 | USR:USU_ADMIN | Inspeccion/Detalle | [InspectoresDAO-DB2] Parametros => cedula=1709565459, soloActivos=True, tipos=TODOS
2026-03-30 09:11:02.573 | INFO  | CID:505c304be489 | USR:USU_ADMIN | Inspeccion/Detalle | [GestionInspeccion] Detalle inspectores enriquecidos. InspeccionId=14, PrincipalCedula=1709565459, PrincipalNombre=CATOTA TORRES LUIS WILKIR, PrincipalTipo=OPS, ApoyoCedula=, ApoyoNombre=, ApoyoTipo=
2026-03-30 09:11:10.449 | INFO  | CID:N/A | Procesando email 107 para gercavi82@gmail.com
2026-03-30 09:11:10.938 | INFO  | CID:N/A | Email 107 enviado exitosamente
2026-03-30 09:11:29.158 | INFO  | CID:d37c9a6966cd | USR:USU_ADMIN | Inspeccion/Detalle | [GestionInspeccion] Inicio Detalle. InspeccionId=14, Usuario=USU_ADMIN, Rol=Administrador,Inspector,JefaturaTecnica,Direccion,CoordinacionLegal
2026-03-30 09:11:29.168 | INFO  | CID:d37c9a6966cd | USR:USU_ADMIN | Inspeccion/Detalle | [GestionInspeccion] InspeccionId=14, SolicitudId=113, EstadoActual=VERIFICACION_SOLICITUD, InspectorAsignado=1709565459
2026-03-30 09:11:29.170 | INFO  | CID:d37c9a6966cd | USR:USU_ADMIN | Inspeccion/Detalle | [GestionInspeccion] PuedeGestionar=True para detalle. InspeccionId=14
2026-03-30 09:11:29.501 | INFO  | CID:d37c9a6966cd | USR:USU_ADMIN | Inspeccion/Detalle | [InspectoresDAO-DB2] Query obtener por cedula: SELECT TRIM(OPICED) AS OPICED, TRIM(OPINO2) AS OPINO2, TRIM(OPIES1) AS OPIES1, TRIM(OPITIP) AS OPITIP FROM DGACDAT.OPIAR2 WHERE OPICED = ? AND UPPER(TRIM(COALESCE(OPIES1, ''))) = ? FETCH FIRST 1 ROW ONLY
2026-03-30 09:11:29.501 | INFO  | CID:d37c9a6966cd | USR:USU_ADMIN | Inspeccion/Detalle | [InspectoresDAO-DB2] Parametros => cedula=1709565459, soloActivos=True, tipos=TODOS
2026-03-30 09:11:29.519 | INFO  | CID:d37c9a6966cd | USR:USU_ADMIN | Inspeccion/Detalle | [GestionInspeccion] Detalle inspectores enriquecidos. InspeccionId=14, PrincipalCedula=1709565459, PrincipalNombre=CATOTA TORRES LUIS WILKIR, PrincipalTipo=OPS, ApoyoCedula=, ApoyoNombre=, ApoyoTipo=
2026-03-30 09:22:07.747 | INFO  | CID:a34cd42395c2 | USR:USU_ADMIN | [InspeccionesController] Inicio pantalla gestion (Tecnico/Index). Usuario=USU_ADMIN, Rol=Administrador,Direccion,JefaturaTecnica
2026-03-30 09:22:07.758 | INFO  | CID:a34cd42395c2 | USR:USU_ADMIN | Tecnico/Index | [InspeccionesController] DAO.ObtenerPendientesAsignacion inicio. EstadosFiltro=PENDIENTE_ASIGNACION_RT,PENDIENTE ASIGNACION RT,PENDIENTE,ACEPTACION_DOCUMENTAL,DOCUMENTACION_COMPLETA,DOCUMENTOS_COMPLETOS,PENDIENTE_ASIGNACION_TECNICA,PENDIENTE ASIGNACION TECNICA,PENDIENTE_ASIGNACION,ACEPTACION DOCUMENTAL,DOCUMENTACION COMPLETA
2026-03-30 09:22:07.765 | INFO  | CID:a34cd42395c2 | USR:USU_ADMIN | Tecnico/Index | [InspeccionesController] EstadoDetectado=PENDIENTE, Total=129
2026-03-30 09:22:07.767 | INFO  | CID:a34cd42395c2 | USR:USU_ADMIN | Tecnico/Index | [InspeccionesController] EstadoDetectado=EN INSPECCION, Total=18
2026-03-30 09:22:07.767 | INFO  | CID:a34cd42395c2 | USR:USU_ADMIN | Tecnico/Index | [InspeccionesController] EstadoDetectado=OBSERVADA, Total=6
2026-03-30 09:22:08.142 | INFO  | CID:a34cd42395c2 | USR:USU_ADMIN | Tecnico/Index | [InspeccionesController] DiagnosticoPendientes => totalSolicitudes=129, conInspeccion=0, conInspectorAsignado=0, conInspeccionSinInspector=0
2026-03-30 09:22:08.172 | INFO  | CID:a34cd42395c2 | USR:USU_ADMIN | Tecnico/Index | [InspeccionesController] DAO.ObtenerPendientesAsignacion resultado=35
2026-03-30 09:22:08.173 | INFO  | CID:a34cd42395c2 | USR:USU_ADMIN | Tecnico/Index | [InspeccionesController] PendienteEjemplo[0] SolicitudId=82, Estado=Pendiente, Numero=DGAC-GOP-2026-AOCR065
2026-03-30 09:22:08.174 | INFO  | CID:a34cd42395c2 | USR:USU_ADMIN | Tecnico/Index | [InspeccionesController] PendienteEjemplo[1] SolicitudId=81, Estado=Pendiente, Numero=DGAC-GOP-2026-AOCR064
2026-03-30 09:22:08.174 | INFO  | CID:a34cd42395c2 | USR:USU_ADMIN | Tecnico/Index | [InspeccionesController] PendienteEjemplo[2] SolicitudId=80, Estado=Pendiente, Numero=DGAC-GOP-2026-AOCR063
2026-03-30 09:22:08.175 | INFO  | CID:a34cd42395c2 | USR:USU_ADMIN | Tecnico/Index | [InspeccionesController] PendienteEjemplo[3] SolicitudId=79, Estado=Pendiente, Numero=DGAC-GOP-2026-AOCR062
2026-03-30 09:22:08.176 | INFO  | CID:a34cd42395c2 | USR:USU_ADMIN | Tecnico/Index | [InspeccionesController] PendienteEjemplo[4] SolicitudId=77, Estado=Pendiente, Numero=DGAC-GOP-2026-AOCR060
2026-03-30 09:22:08.176 | INFO  | CID:a34cd42395c2 | USR:USU_ADMIN | [InspeccionesController] Pendientes para asignacion=35
2026-03-30 09:23:10.070 | INFO  | CID:ea397a2beb15 | USR:USU_ADMIN | [InspeccionesController] Inicio pantalla gestion de asignacion. Usuario=USU_ADMIN, Rol=Administrador,Direccion,JefaturaTecnica, SolicitudId=167
2026-03-30 09:23:10.070 | INFO  | CID:ea397a2beb15 | USR:USU_ADMIN | [InspeccionesController] SolicitudId=167, EstadoActual=Pendiente, NumeroSolicitud=DGAC-GOP-2026-AOCR150
2026-03-30 09:23:10.355 | INFO  | CID:ea397a2beb15 | USR:USU_ADMIN | [InspeccionesController] Origen inspectores=Usuarios RT / Inspectores, TipoFiltro=OPS, InspectoresRecibidos=1
2026-03-30 09:23:10.986 | INFO  | CID:ea397a2beb15 | USR:USU_ADMIN | [InspeccionesController] ViewModel cargado correctamente. SolicitudId=167, ViewBagInspectores=1
2026-03-30 09:23:12.709 | INFO  | CID:6dcd04c7da31 | USR:USU_ADMIN | [InspeccionesController] Inicio endpoint AJAX inspectores. Usuario=USU_ADMIN, Rol=Administrador,Direccion,JefaturaTecnica, TipoInspector=OPS
2026-03-30 09:23:12.968 | INFO  | CID:6dcd04c7da31 | USR:USU_ADMIN | [InspeccionesController] Endpoint AJAX inspectores OK. Origen=Usuarios RT / Inspectores, Tipo=OPS, Cantidad=1
2026-03-30 09:23:18.800 | INFO  | CID:95e717dafc6c | USR:USU_ADMIN | [InspeccionesController] Inicio pantalla gestion de asignacion. Usuario=USU_ADMIN, Rol=Administrador,Direccion,JefaturaTecnica, SolicitudId=146
2026-03-30 09:23:18.804 | INFO  | CID:95e717dafc6c | USR:USU_ADMIN | [InspeccionesController] SolicitudId=146, EstadoActual=Pendiente, NumeroSolicitud=DGAC-GOP-2026-AOCR129
2026-03-30 09:23:19.035 | INFO  | CID:95e717dafc6c | USR:USU_ADMIN | [InspeccionesController] Origen inspectores=Usuarios RT / Inspectores, TipoFiltro=OPS, InspectoresRecibidos=1
2026-03-30 09:23:19.035 | INFO  | CID:95e717dafc6c | USR:USU_ADMIN | [InspeccionesController] ViewModel cargado correctamente. SolicitudId=146, ViewBagInspectores=1
2026-03-30 09:23:19.776 | INFO  | CID:f6d8b4d18e9d | USR:USU_ADMIN | [InspeccionesController] Inicio endpoint AJAX inspectores. Usuario=USU_ADMIN, Rol=Administrador,Direccion,JefaturaTecnica, TipoInspector=OPS
2026-03-30 09:23:19.995 | INFO  | CID:f6d8b4d18e9d | USR:USU_ADMIN | [InspeccionesController] Endpoint AJAX inspectores OK. Origen=Usuarios RT / Inspectores, Tipo=OPS, Cantidad=1
2026-03-30 09:23:33.558 | INFO  | CID:a54effb9b4b8 | USR:USU_ADMIN | Tecnico/AsignarInspector | Iniciando acción: Tecnico/AsignarInspector
2026-03-30 09:23:33.570 | INFO  | CID:a54effb9b4b8 | USR:USU_ADMIN | [GestionInspeccion] Inicio. SolicitudId=146, Usuario=USU_ADMIN, Rol=Administrador,Direccion,JefaturaTecnica, TipoInspector=OPS, InspectorPrincipal=1709565459, InspectorApoyo=
2026-03-30 09:23:33.570 | INFO  | CID:a54effb9b4b8 | USR:USU_ADMIN | [GestionInspeccion] EstadoActual=Pendiente
2026-03-30 09:23:33.824 | INFO  | CID:a54effb9b4b8 | USR:USU_ADMIN | [GestionInspeccion] Inspectores RT validados. Principal=1709565459, Apoyo=
2026-03-30 09:23:33.836 | INFO  | CID:a54effb9b4b8 | USR:USU_ADMIN | Tecnico/AsignarInspector | [GestionInspeccion] Inicio metodo DAO.AsignarInspectores. SolicitudId=146, TipoInspector=OPS, InspectorPrincipal=1709565459, InspectorApoyo=
2026-03-30 09:23:34.083 | WARN  | CID:a54effb9b4b8 | USR:USU_ADMIN | Tecnico/AsignarInspector | [GestionInspeccion] PuedeGestionar=False. Motivo=Recaudacion no finalizada. EstadoRecaudacion=SIN_ORDEN
2026-03-30 09:23:34.094 | INFO  | CID:a54effb9b4b8 | USR:USU_ADMIN | [GestionInspeccion] PuedeGestionar=False, Motivo=No se puede asignar inspector hasta que la recaudación esté finalizada.
2026-03-30 09:23:34.094 | INFO  | CID:a54effb9b4b8 | USR:USU_ADMIN | Tecnico/AsignarInspector | Acción completada: Tecnico/AsignarInspector
2026-03-30 09:23:34.103 | INFO  | CID:33ee060a629f | USR:USU_ADMIN | [InspeccionesController] Inicio pantalla gestion de asignacion. Usuario=USU_ADMIN, Rol=Administrador,Direccion,JefaturaTecnica, SolicitudId=146
2026-03-30 09:23:34.105 | INFO  | CID:33ee060a629f | USR:USU_ADMIN | [InspeccionesController] SolicitudId=146, EstadoActual=Pendiente, NumeroSolicitud=DGAC-GOP-2026-AOCR129
2026-03-30 09:23:34.350 | INFO  | CID:33ee060a629f | USR:USU_ADMIN | [InspeccionesController] Origen inspectores=Usuarios RT / Inspectores, TipoFiltro=OPS, InspectoresRecibidos=1
2026-03-30 09:23:34.350 | INFO  | CID:33ee060a629f | USR:USU_ADMIN | [InspeccionesController] ViewModel cargado correctamente. SolicitudId=146, ViewBagInspectores=1
2026-03-30 09:23:35.164 | INFO  | CID:b1ad4e07efbd | USR:USU_ADMIN | [InspeccionesController] Inicio endpoint AJAX inspectores. Usuario=USU_ADMIN, Rol=Administrador,Direccion,JefaturaTecnica, TipoInspector=OPS
2026-03-30 09:23:35.184 | INFO  | CID:b1ad4e07efbd | USR:USU_ADMIN | [InspeccionesController] Endpoint AJAX inspectores OK. Origen=Usuarios RT / Inspectores, Tipo=OPS, Cantidad=1
2026-03-30 09:23:46.344 | INFO  | CID:9faa9c16073b | USR:USU_ADMIN | Inspeccion/Index | [InspeccionesController] Inicio pantalla gestion inspecciones. Usuario=USU_ADMIN, Rol=Administrador,Inspector,JefaturaTecnica,Direccion,CoordinacionLegal
2026-03-30 09:23:46.349 | INFO  | CID:9faa9c16073b | USR:USU_ADMIN | Inspeccion/Index | [InspeccionesController] Inspecciones recibidas=17
2026-03-30 09:28:04.225 | INFO  | CID:23d50288bdbf | USR:USU_ADMIN | [InspeccionesController] Inicio pantalla gestion (Tecnico/Index). Usuario=USU_ADMIN, Rol=Administrador,Direccion,JefaturaTecnica
2026-03-30 09:28:04.225 | INFO  | CID:23d50288bdbf | USR:USU_ADMIN | Tecnico/Index | [InspeccionesController] DAO.ObtenerPendientesAsignacion inicio. EstadosFiltro=PENDIENTE_ASIGNACION_RT,PENDIENTE ASIGNACION RT,PENDIENTE,ACEPTACION_DOCUMENTAL,DOCUMENTACION_COMPLETA,DOCUMENTOS_COMPLETOS,PENDIENTE_ASIGNACION_TECNICA,PENDIENTE ASIGNACION TECNICA,PENDIENTE_ASIGNACION,ACEPTACION DOCUMENTAL,DOCUMENTACION COMPLETA
2026-03-30 09:28:04.228 | INFO  | CID:23d50288bdbf | USR:USU_ADMIN | Tecnico/Index | [InspeccionesController] EstadoDetectado=PENDIENTE, Total=129
2026-03-30 09:28:04.228 | INFO  | CID:23d50288bdbf | USR:USU_ADMIN | Tecnico/Index | [InspeccionesController] EstadoDetectado=EN INSPECCION, Total=18
2026-03-30 09:28:04.234 | INFO  | CID:23d50288bdbf | USR:USU_ADMIN | Tecnico/Index | [InspeccionesController] EstadoDetectado=OBSERVADA, Total=6
2026-03-30 09:28:04.238 | INFO  | CID:23d50288bdbf | USR:USU_ADMIN | Tecnico/Index | [InspeccionesController] DiagnosticoPendientes => totalSolicitudes=129, conInspeccion=0, conInspectorAsignado=0, conInspeccionSinInspector=0
2026-03-30 09:28:04.241 | INFO  | CID:23d50288bdbf | USR:USU_ADMIN | Tecnico/Index | [InspeccionesController] DAO.ObtenerPendientesAsignacion resultado=35
2026-03-30 09:28:04.241 | INFO  | CID:23d50288bdbf | USR:USU_ADMIN | Tecnico/Index | [InspeccionesController] PendienteEjemplo[0] SolicitudId=82, Estado=Pendiente, Numero=DGAC-GOP-2026-AOCR065
2026-03-30 09:28:04.241 | INFO  | CID:23d50288bdbf | USR:USU_ADMIN | Tecnico/Index | [InspeccionesController] PendienteEjemplo[1] SolicitudId=81, Estado=Pendiente, Numero=DGAC-GOP-2026-AOCR064
2026-03-30 09:28:04.241 | INFO  | CID:23d50288bdbf | USR:USU_ADMIN | Tecnico/Index | [InspeccionesController] PendienteEjemplo[2] SolicitudId=80, Estado=Pendiente, Numero=DGAC-GOP-2026-AOCR063
2026-03-30 09:28:04.241 | INFO  | CID:23d50288bdbf | USR:USU_ADMIN | Tecnico/Index | [InspeccionesController] PendienteEjemplo[3] SolicitudId=79, Estado=Pendiente, Numero=DGAC-GOP-2026-AOCR062
2026-03-30 09:28:04.241 | INFO  | CID:23d50288bdbf | USR:USU_ADMIN | Tecnico/Index | [InspeccionesController] PendienteEjemplo[4] SolicitudId=77, Estado=Pendiente, Numero=DGAC-GOP-2026-AOCR060
2026-03-30 09:28:04.241 | INFO  | CID:23d50288bdbf | USR:USU_ADMIN | [InspeccionesController] Pendientes para asignacion=35
2026-03-30 09:28:18.474 | INFO  | CID:f45f2a44513b | USR:USU_ADMIN | [InspeccionesController] Inicio pantalla gestion de asignacion. Usuario=USU_ADMIN, Rol=Administrador,Direccion,JefaturaTecnica, SolicitudId=48
2026-03-30 09:28:18.477 | INFO  | CID:f45f2a44513b | USR:USU_ADMIN | [InspeccionesController] SolicitudId=48, EstadoActual=Pendiente, NumeroSolicitud=DGAC-GOP-2026-031
2026-03-30 09:28:18.707 | INFO  | CID:f45f2a44513b | USR:USU_ADMIN | [InspeccionesController] Origen inspectores=Usuarios RT / Inspectores, TipoFiltro=OPS, InspectoresRecibidos=1
2026-03-30 09:28:18.711 | INFO  | CID:f45f2a44513b | USR:USU_ADMIN | [InspeccionesController] ViewModel cargado correctamente. SolicitudId=48, ViewBagInspectores=1
2026-03-30 09:28:19.564 | INFO  | CID:bc32dd8221f5 | USR:USU_ADMIN | [InspeccionesController] Inicio endpoint AJAX inspectores. Usuario=USU_ADMIN, Rol=Administrador,Direccion,JefaturaTecnica, TipoInspector=OPS
2026-03-30 09:28:19.780 | INFO  | CID:bc32dd8221f5 | USR:USU_ADMIN | [InspeccionesController] Endpoint AJAX inspectores OK. Origen=Usuarios RT / Inspectores, Tipo=OPS, Cantidad=1
2026-03-30 09:28:27.042 | INFO  | CID:6097a2d7ddc8 | USR:USU_ADMIN | Tecnico/AsignarInspector | Iniciando acción: Tecnico/AsignarInspector
2026-03-30 09:28:27.042 | INFO  | CID:6097a2d7ddc8 | USR:USU_ADMIN | [GestionInspeccion] Inicio. SolicitudId=48, Usuario=USU_ADMIN, Rol=Administrador,Direccion,JefaturaTecnica, TipoInspector=OPS, InspectorPrincipal=1709565459, InspectorApoyo=
2026-03-30 09:28:27.050 | INFO  | CID:6097a2d7ddc8 | USR:USU_ADMIN | [GestionInspeccion] EstadoActual=Pendiente
2026-03-30 09:28:27.266 | INFO  | CID:6097a2d7ddc8 | USR:USU_ADMIN | [GestionInspeccion] Inspectores RT validados. Principal=1709565459, Apoyo=
2026-03-30 09:28:27.281 | INFO  | CID:6097a2d7ddc8 | USR:USU_ADMIN | Tecnico/AsignarInspector | [GestionInspeccion] Inicio metodo DAO.AsignarInspectores. SolicitudId=48, TipoInspector=OPS, InspectorPrincipal=1709565459, InspectorApoyo=
2026-03-30 09:28:28.203 | INFO  | CID:6097a2d7ddc8 | USR:USU_ADMIN | Tecnico/AsignarInspector | [GestionInspeccion] PuedeGestionar=True. Operacion=ASIGNACION, SolicitudId=48, CodigoInspeccion=18, EstadoAnterior=Pendiente, EstadoNuevo=En Inspeccion
2026-03-30 09:28:28.444 | INFO  | CID:6097a2d7ddc8 | USR:USU_ADMIN | [GestionInspeccion] PuedeGestionar=True, Motivo=Asignación realizada con éxito. Inspección creada: 18
2026-03-30 09:28:29.451 | INFO  | CID:6097a2d7ddc8 | USR:USU_ADMIN | Tecnico/AsignarInspector | Acción completada: Tecnico/AsignarInspector
2026-03-30 09:28:29.457 | INFO  | CID:27839a18da13 | USR:USU_ADMIN | [InspeccionesController] Inicio pantalla gestion (Tecnico/Index). Usuario=USU_ADMIN, Rol=Administrador,Direccion,JefaturaTecnica
2026-03-30 09:28:29.458 | INFO  | CID:27839a18da13 | USR:USU_ADMIN | Tecnico/Index | [InspeccionesController] DAO.ObtenerPendientesAsignacion inicio. EstadosFiltro=PENDIENTE_ASIGNACION_RT,PENDIENTE ASIGNACION RT,PENDIENTE,ACEPTACION_DOCUMENTAL,DOCUMENTACION_COMPLETA,DOCUMENTOS_COMPLETOS,PENDIENTE_ASIGNACION_TECNICA,PENDIENTE ASIGNACION TECNICA,PENDIENTE_ASIGNACION,ACEPTACION DOCUMENTAL,DOCUMENTACION COMPLETA
2026-03-30 09:28:29.460 | INFO  | CID:27839a18da13 | USR:USU_ADMIN | Tecnico/Index | [InspeccionesController] EstadoDetectado=PENDIENTE, Total=128
2026-03-30 09:28:29.461 | INFO  | CID:27839a18da13 | USR:USU_ADMIN | Tecnico/Index | [InspeccionesController] EstadoDetectado=EN INSPECCION, Total=19
2026-03-30 09:28:29.461 | INFO  | CID:27839a18da13 | USR:USU_ADMIN | Tecnico/Index | [InspeccionesController] EstadoDetectado=OBSERVADA, Total=6
2026-03-30 09:28:29.464 | INFO  | CID:27839a18da13 | USR:USU_ADMIN | Tecnico/Index | [InspeccionesController] DiagnosticoPendientes => totalSolicitudes=128, conInspeccion=0, conInspectorAsignado=0, conInspeccionSinInspector=0
2026-03-30 09:28:29.487 | INFO  | CID:27839a18da13 | USR:USU_ADMIN | Tecnico/Index | [InspeccionesController] DAO.ObtenerPendientesAsignacion resultado=34
2026-03-30 09:28:29.487 | INFO  | CID:27839a18da13 | USR:USU_ADMIN | Tecnico/Index | [InspeccionesController] PendienteEjemplo[0] SolicitudId=82, Estado=Pendiente, Numero=DGAC-GOP-2026-AOCR065
2026-03-30 09:28:29.489 | INFO  | CID:27839a18da13 | USR:USU_ADMIN | Tecnico/Index | [InspeccionesController] PendienteEjemplo[1] SolicitudId=81, Estado=Pendiente, Numero=DGAC-GOP-2026-AOCR064
2026-03-30 09:28:29.489 | INFO  | CID:27839a18da13 | USR:USU_ADMIN | Tecnico/Index | [InspeccionesController] PendienteEjemplo[2] SolicitudId=80, Estado=Pendiente, Numero=DGAC-GOP-2026-AOCR063
2026-03-30 09:28:29.489 | INFO  | CID:27839a18da13 | USR:USU_ADMIN | Tecnico/Index | [InspeccionesController] PendienteEjemplo[3] SolicitudId=79, Estado=Pendiente, Numero=DGAC-GOP-2026-AOCR062
2026-03-30 09:28:29.489 | INFO  | CID:27839a18da13 | USR:USU_ADMIN | Tecnico/Index | [InspeccionesController] PendienteEjemplo[4] SolicitudId=77, Estado=Pendiente, Numero=DGAC-GOP-2026-AOCR060
2026-03-30 09:28:29.489 | INFO  | CID:27839a18da13 | USR:USU_ADMIN | [InspeccionesController] Pendientes para asignacion=34
2026-03-30 09:28:33.015 | INFO  | CID:N/A | Procesando email 108 para mistercato973@gmail.com
2026-03-30 09:28:33.220 | INFO  | CID:N/A | Email 108 enviado exitosamente
2026-03-30 09:28:33.267 | INFO  | CID:N/A | Procesando email 109 para gercavi82@gmail.com
2026-03-30 09:28:33.415 | INFO  | CID:N/A | Email 109 enviado exitosamente
2026-03-30 09:28:42.489 | INFO  | CID:5370ae1fafc3 | USR:USU_ADMIN | Inspeccion/Index | [InspeccionesController] Inicio pantalla gestion inspecciones. Usuario=USU_ADMIN, Rol=Administrador,Inspector,JefaturaTecnica,Direccion,CoordinacionLegal
2026-03-30 09:28:42.494 | INFO  | CID:5370ae1fafc3 | USR:USU_ADMIN | Inspeccion/Index | [InspeccionesController] Inspecciones recibidas=18
2026-03-30 09:28:53.841 | INFO  | CID:ad19f70e1e66 | USR:USU_ADMIN | Inspeccion/Detalle | [GestionInspeccion] Inicio Detalle. InspeccionId=18, Usuario=USU_ADMIN, Rol=Administrador,Inspector,JefaturaTecnica,Direccion,CoordinacionLegal
2026-03-30 09:28:53.852 | INFO  | CID:ad19f70e1e66 | USR:USU_ADMIN | Inspeccion/Detalle | [GestionInspeccion] InspeccionId=18, SolicitudId=48, EstadoActual=VERIFICACION_SOLICITUD, InspectorAsignado=17
2026-03-30 09:28:53.852 | INFO  | CID:ad19f70e1e66 | USR:USU_ADMIN | Inspeccion/Detalle | [GestionInspeccion] PuedeGestionar=True para detalle. InspeccionId=18
2026-03-30 09:28:54.385 | INFO  | CID:ad19f70e1e66 | USR:USU_ADMIN | Inspeccion/Detalle | [InspectoresDAO-DB2] Query obtener por cedula: SELECT TRIM(OPICED) AS OPICED, TRIM(OPINO2) AS OPINO2, TRIM(OPIES1) AS OPIES1, TRIM(OPITIP) AS OPITIP FROM DGACDAT.OPIAR2 WHERE OPICED = ? AND UPPER(TRIM(COALESCE(OPIES1, ''))) = ? FETCH FIRST 1 ROW ONLY
2026-03-30 09:28:54.386 | INFO  | CID:ad19f70e1e66 | USR:USU_ADMIN | Inspeccion/Detalle | [InspectoresDAO-DB2] Parametros => cedula=17, soloActivos=True, tipos=TODOS
2026-03-30 09:28:54.395 | WARN  | CID:ad19f70e1e66 | USR:USU_ADMIN | Inspeccion/Detalle | [InspectoresDAO-DB2] Inspector no encontrado para cedula=17, soloActivos=True
2026-03-30 09:28:54.396 | INFO  | CID:ad19f70e1e66 | USR:USU_ADMIN | Inspeccion/Detalle | [InspectoresDAO-DB2] Query obtener por cedula: SELECT TRIM(OPICED) AS OPICED, TRIM(OPINO2) AS OPINO2, TRIM(OPIES1) AS OPIES1, TRIM(OPITIP) AS OPITIP FROM DGACDAT.OPIAR2 WHERE OPICED = ? AND UPPER(TRIM(COALESCE(OPIES1, ''))) = ? FETCH FIRST 1 ROW ONLY
2026-03-30 09:28:54.396 | INFO  | CID:ad19f70e1e66 | USR:USU_ADMIN | Inspeccion/Detalle | [InspectoresDAO-DB2] Parametros => cedula=0000000017, soloActivos=True, tipos=TODOS
2026-03-30 09:28:54.400 | WARN  | CID:ad19f70e1e66 | USR:USU_ADMIN | Inspeccion/Detalle | [InspectoresDAO-DB2] Inspector no encontrado para cedula=0000000017, soloActivos=True
2026-03-30 09:28:54.400 | INFO  | CID:ad19f70e1e66 | USR:USU_ADMIN | Inspeccion/Detalle | [InspectoresDAO-DB2] Query obtener por cedula: SELECT TRIM(OPICED) AS OPICED, TRIM(OPINO2) AS OPINO2, TRIM(OPIES1) AS OPIES1, TRIM(OPITIP) AS OPITIP FROM DGACDAT.OPIAR2 WHERE OPICED = ? FETCH FIRST 1 ROW ONLY
2026-03-30 09:28:54.401 | INFO  | CID:ad19f70e1e66 | USR:USU_ADMIN | Inspeccion/Detalle | [InspectoresDAO-DB2] Parametros => cedula=17, soloActivos=False, tipos=TODOS
2026-03-30 09:28:54.404 | WARN  | CID:ad19f70e1e66 | USR:USU_ADMIN | Inspeccion/Detalle | [InspectoresDAO-DB2] Inspector no encontrado para cedula=17, soloActivos=False
2026-03-30 09:28:54.405 | INFO  | CID:ad19f70e1e66 | USR:USU_ADMIN | Inspeccion/Detalle | [InspectoresDAO-DB2] Query obtener por cedula: SELECT TRIM(OPICED) AS OPICED, TRIM(OPINO2) AS OPINO2, TRIM(OPIES1) AS OPIES1, TRIM(OPITIP) AS OPITIP FROM DGACDAT.OPIAR2 WHERE OPICED = ? FETCH FIRST 1 ROW ONLY
2026-03-30 09:28:54.405 | INFO  | CID:ad19f70e1e66 | USR:USU_ADMIN | Inspeccion/Detalle | [InspectoresDAO-DB2] Parametros => cedula=0000000017, soloActivos=False, tipos=TODOS
2026-03-30 09:28:54.408 | WARN  | CID:ad19f70e1e66 | USR:USU_ADMIN | Inspeccion/Detalle | [InspectoresDAO-DB2] Inspector no encontrado para cedula=0000000017, soloActivos=False
2026-03-30 09:28:54.409 | INFO  | CID:ad19f70e1e66 | USR:USU_ADMIN | Inspeccion/Detalle | [InspectoresDAO-DB2] Query obtener por cedula: SELECT TRIM(OPICED) AS OPICED, TRIM(OPINO2) AS OPINO2, TRIM(OPIES1) AS OPIES1, TRIM(OPITIP) AS OPITIP FROM DGACDAT.OPIAR2 WHERE OPICED = ? AND UPPER(TRIM(COALESCE(OPIES1, ''))) = ? FETCH FIRST 1 ROW ONLY
2026-03-30 09:28:54.410 | INFO  | CID:ad19f70e1e66 | USR:USU_ADMIN | Inspeccion/Detalle | [InspectoresDAO-DB2] Parametros => cedula=17, soloActivos=True, tipos=TODOS
2026-03-30 09:28:54.411 | WARN  | CID:ad19f70e1e66 | USR:USU_ADMIN | Inspeccion/Detalle | [InspectoresDAO-DB2] Inspector no encontrado para cedula=17, soloActivos=True
2026-03-30 09:28:54.411 | INFO  | CID:ad19f70e1e66 | USR:USU_ADMIN | Inspeccion/Detalle | [InspectoresDAO-DB2] Query obtener por cedula: SELECT TRIM(OPICED) AS OPICED, TRIM(OPINO2) AS OPINO2, TRIM(OPIES1) AS OPIES1, TRIM(OPITIP) AS OPITIP FROM DGACDAT.OPIAR2 WHERE OPICED = ? AND UPPER(TRIM(COALESCE(OPIES1, ''))) = ? FETCH FIRST 1 ROW ONLY
2026-03-30 09:28:54.411 | INFO  | CID:ad19f70e1e66 | USR:USU_ADMIN | Inspeccion/Detalle | [InspectoresDAO-DB2] Parametros => cedula=0000000017, soloActivos=True, tipos=TODOS
2026-03-30 09:28:54.411 | WARN  | CID:ad19f70e1e66 | USR:USU_ADMIN | Inspeccion/Detalle | [InspectoresDAO-DB2] Inspector no encontrado para cedula=0000000017, soloActivos=True
2026-03-30 09:28:54.411 | INFO  | CID:ad19f70e1e66 | USR:USU_ADMIN | Inspeccion/Detalle | [InspectoresDAO-DB2] Query obtener por cedula: SELECT TRIM(OPICED) AS OPICED, TRIM(OPINO2) AS OPINO2, TRIM(OPIES1) AS OPIES1, TRIM(OPITIP) AS OPITIP FROM DGACDAT.OPIAR2 WHERE OPICED = ? FETCH FIRST 1 ROW ONLY
2026-03-30 09:28:54.411 | INFO  | CID:ad19f70e1e66 | USR:USU_ADMIN | Inspeccion/Detalle | [InspectoresDAO-DB2] Parametros => cedula=17, soloActivos=False, tipos=TODOS
2026-03-30 09:28:54.411 | WARN  | CID:ad19f70e1e66 | USR:USU_ADMIN | Inspeccion/Detalle | [InspectoresDAO-DB2] Inspector no encontrado para cedula=17, soloActivos=False
2026-03-30 09:28:54.411 | INFO  | CID:ad19f70e1e66 | USR:USU_ADMIN | Inspeccion/Detalle | [InspectoresDAO-DB2] Query obtener por cedula: SELECT TRIM(OPICED) AS OPICED, TRIM(OPINO2) AS OPINO2, TRIM(OPIES1) AS OPIES1, TRIM(OPITIP) AS OPITIP FROM DGACDAT.OPIAR2 WHERE OPICED = ? FETCH FIRST 1 ROW ONLY
2026-03-30 09:28:54.411 | INFO  | CID:ad19f70e1e66 | USR:USU_ADMIN | Inspeccion/Detalle | [InspectoresDAO-DB2] Parametros => cedula=0000000017, soloActivos=False, tipos=TODOS
2026-03-30 09:28:54.421 | WARN  | CID:ad19f70e1e66 | USR:USU_ADMIN | Inspeccion/Detalle | [InspectoresDAO-DB2] Inspector no encontrado para cedula=0000000017, soloActivos=False
2026-03-30 09:28:54.421 | INFO  | CID:ad19f70e1e66 | USR:USU_ADMIN | Inspeccion/Detalle | [GestionInspeccion] Detalle inspectores enriquecidos. InspeccionId=18, PrincipalCedula=17, PrincipalNombre=17, PrincipalTipo=, ApoyoCedula=, ApoyoNombre=, ApoyoTipo=
2026-03-30 09:57:33.612 | INFO  | CID:N/A | Iniciando procesador de cola de correos
2026-03-30 09:58:06.023 | INFO  | CID:e73ffddd1985 | Account/Login | Iniciando acción: Account/Login
2026-03-30 09:58:07.054 | INFO  | CID:e73ffddd1985 | Account/Login | Acción completada: Account/Login
2026-03-30 09:59:48.470 | INFO  | CID:46b90c84b775 | USR:USU_ADMIN | [InspeccionesController] Inicio pantalla gestion de asignacion. Usuario=USU_ADMIN, Rol=Administrador,Direccion,JefaturaTecnica, SolicitudId=146
2026-03-30 09:59:48.474 | INFO  | CID:46b90c84b775 | USR:USU_ADMIN | [InspeccionesController] SolicitudId=146, EstadoActual=Pendiente, NumeroSolicitud=DGAC-GOP-2026-AOCR129
2026-03-30 09:59:48.722 | INFO  | CID:46b90c84b775 | USR:USU_ADMIN | [InspeccionesController] Origen inspectores=Usuarios RT / Inspectores, TipoFiltro=OPS, InspectoresRecibidos=1
2026-03-30 09:59:49.258 | INFO  | CID:46b90c84b775 | USR:USU_ADMIN | [InspeccionesController] ViewModel cargado correctamente. SolicitudId=146, ViewBagInspectores=1
2026-03-30 09:59:53.444 | INFO  | CID:92a234b05a3c | USR:USU_ADMIN | [InspeccionesController] Inicio endpoint AJAX inspectores. Usuario=USU_ADMIN, Rol=Administrador,Direccion,JefaturaTecnica, TipoInspector=OPS
2026-03-30 09:59:53.667 | INFO  | CID:92a234b05a3c | USR:USU_ADMIN | [InspeccionesController] Endpoint AJAX inspectores OK. Origen=Usuarios RT / Inspectores, Tipo=OPS, Cantidad=1
2026-03-30 10:00:00.299 | INFO  | CID:e236c9dfcf6f | USR:USU_ADMIN | Tecnico/AsignarInspector | Iniciando acción: Tecnico/AsignarInspector
2026-03-30 10:00:00.313 | INFO  | CID:e236c9dfcf6f | USR:USU_ADMIN | [GestionInspeccion] Inicio. SolicitudId=146, Usuario=USU_ADMIN, Rol=Administrador,Direccion,JefaturaTecnica, TipoInspector=OPS, InspectorPrincipal=1709565459, InspectorApoyo=
2026-03-30 10:00:00.313 | INFO  | CID:e236c9dfcf6f | USR:USU_ADMIN | [GestionInspeccion] EstadoActual=Pendiente
2026-03-30 10:00:00.549 | INFO  | CID:e236c9dfcf6f | USR:USU_ADMIN | [GestionInspeccion] Inspectores RT validados. Principal=1709565459, Apoyo=
2026-03-30 10:00:00.576 | INFO  | CID:e236c9dfcf6f | USR:USU_ADMIN | Tecnico/AsignarInspector | [GestionInspeccion] Inicio metodo DAO.AsignarInspectores. SolicitudId=146, TipoInspector=OPS, InspectorPrincipal=1709565459, InspectorApoyo=
2026-03-30 10:00:00.821 | WARN  | CID:e236c9dfcf6f | USR:USU_ADMIN | Tecnico/AsignarInspector | [GestionInspeccion] PuedeGestionar=False. Motivo=Recaudacion no finalizada. EstadoRecaudacion=SIN_ORDEN
2026-03-30 10:00:00.824 | INFO  | CID:e236c9dfcf6f | USR:USU_ADMIN | [GestionInspeccion] PuedeGestionar=False, Motivo=No se puede asignar inspector hasta que la recaudación esté finalizada.
2026-03-30 10:00:00.824 | INFO  | CID:e236c9dfcf6f | USR:USU_ADMIN | Tecnico/AsignarInspector | Acción completada: Tecnico/AsignarInspector
2026-03-30 10:00:00.840 | INFO  | CID:19489684b3b7 | USR:USU_ADMIN | [InspeccionesController] Inicio pantalla gestion de asignacion. Usuario=USU_ADMIN, Rol=Administrador,Direccion,JefaturaTecnica, SolicitudId=146
2026-03-30 10:00:00.842 | INFO  | CID:19489684b3b7 | USR:USU_ADMIN | [InspeccionesController] SolicitudId=146, EstadoActual=Pendiente, NumeroSolicitud=DGAC-GOP-2026-AOCR129
2026-03-30 10:00:01.063 | INFO  | CID:19489684b3b7 | USR:USU_ADMIN | [InspeccionesController] Origen inspectores=Usuarios RT / Inspectores, TipoFiltro=OPS, InspectoresRecibidos=1
2026-03-30 10:00:01.064 | INFO  | CID:19489684b3b7 | USR:USU_ADMIN | [InspeccionesController] ViewModel cargado correctamente. SolicitudId=146, ViewBagInspectores=1
2026-03-30 10:00:01.940 | INFO  | CID:e11dae7ed646 | USR:USU_ADMIN | [InspeccionesController] Inicio endpoint AJAX inspectores. Usuario=USU_ADMIN, Rol=Administrador,Direccion,JefaturaTecnica, TipoInspector=OPS
2026-03-30 10:00:02.156 | INFO  | CID:e11dae7ed646 | USR:USU_ADMIN | [InspeccionesController] Endpoint AJAX inspectores OK. Origen=Usuarios RT / Inspectores, Tipo=OPS, Cantidad=1
2026-03-30 10:00:15.942 | INFO  | CID:940ed1efcffd | USR:USU_ADMIN | Tecnico/AsignarInspector | Iniciando acción: Tecnico/AsignarInspector
2026-03-30 10:00:15.942 | INFO  | CID:940ed1efcffd | USR:USU_ADMIN | [GestionInspeccion] Inicio. SolicitudId=146, Usuario=USU_ADMIN, Rol=Administrador,Direccion,JefaturaTecnica, TipoInspector=OPS, InspectorPrincipal=1709565459, InspectorApoyo=
2026-03-30 10:00:15.943 | INFO  | CID:940ed1efcffd | USR:USU_ADMIN | [GestionInspeccion] EstadoActual=Pendiente
2026-03-30 10:00:16.172 | INFO  | CID:940ed1efcffd | USR:USU_ADMIN | [GestionInspeccion] Inspectores RT validados. Principal=1709565459, Apoyo=
2026-03-30 10:00:16.172 | INFO  | CID:940ed1efcffd | USR:USU_ADMIN | Tecnico/AsignarInspector | [GestionInspeccion] Inicio metodo DAO.AsignarInspectores. SolicitudId=146, TipoInspector=OPS, InspectorPrincipal=1709565459, InspectorApoyo=
2026-03-30 10:00:16.414 | WARN  | CID:940ed1efcffd | USR:USU_ADMIN | Tecnico/AsignarInspector | [GestionInspeccion] PuedeGestionar=False. Motivo=Recaudacion no finalizada. EstadoRecaudacion=SIN_ORDEN
2026-03-30 10:00:16.416 | INFO  | CID:940ed1efcffd | USR:USU_ADMIN | [GestionInspeccion] PuedeGestionar=False, Motivo=No se puede asignar inspector hasta que la recaudación esté finalizada.
2026-03-30 10:00:16.417 | INFO  | CID:940ed1efcffd | USR:USU_ADMIN | Tecnico/AsignarInspector | Acción completada: Tecnico/AsignarInspector
2026-03-30 10:00:16.426 | INFO  | CID:af01c80b4e25 | USR:USU_ADMIN | [InspeccionesController] Inicio pantalla gestion de asignacion. Usuario=USU_ADMIN, Rol=Administrador,Direccion,JefaturaTecnica, SolicitudId=146
2026-03-30 10:00:16.429 | INFO  | CID:af01c80b4e25 | USR:USU_ADMIN | [InspeccionesController] SolicitudId=146, EstadoActual=Pendiente, NumeroSolicitud=DGAC-GOP-2026-AOCR129
2026-03-30 10:00:16.689 | INFO  | CID:af01c80b4e25 | USR:USU_ADMIN | [InspeccionesController] Origen inspectores=Usuarios RT / Inspectores, TipoFiltro=OPS, InspectoresRecibidos=1
2026-03-30 10:00:16.690 | INFO  | CID:af01c80b4e25 | USR:USU_ADMIN | [InspeccionesController] ViewModel cargado correctamente. SolicitudId=146, ViewBagInspectores=1
2026-03-30 10:00:17.507 | INFO  | CID:592977d40a61 | USR:USU_ADMIN | [InspeccionesController] Inicio endpoint AJAX inspectores. Usuario=USU_ADMIN, Rol=Administrador,Direccion,JefaturaTecnica, TipoInspector=OPS
2026-03-30 10:00:17.726 | INFO  | CID:592977d40a61 | USR:USU_ADMIN | [InspeccionesController] Endpoint AJAX inspectores OK. Origen=Usuarios RT / Inspectores, Tipo=OPS, Cantidad=1
2026-03-30 10:23:25.631 | INFO  | CID:N/A | Iniciando procesador de cola de correos
2026-03-30 10:23:54.270 | INFO  | CID:1a158d6f3a0e | Account/Login | Iniciando acción: Account/Login
2026-03-30 10:23:54.975 | INFO  | CID:1a158d6f3a0e | Account/Login | Acción completada: Account/Login
2026-03-30 10:24:42.248 | INFO  | CID:N/A | USR:USU_ADMIN | Inspeccion/Index | AuditTrailService: Tabla aocr_audit_trail verificada/creada.
2026-03-30 10:24:42.248 | INFO  | CID:e2ee4a6a7925 | USR:USU_ADMIN | Inspeccion/Index | [InspeccionesController] Inicio pantalla gestion inspecciones. Usuario=USU_ADMIN, Rol=Administrador,Inspector,JefaturaTecnica,Direccion,CoordinacionLegal
2026-03-30 10:24:42.248 | INFO  | CID:e2ee4a6a7925 | USR:USU_ADMIN | Inspeccion/Index | [InspeccionesController] Inspecciones recibidas=18
2026-03-30 10:24:48.892 | INFO  | CID:294863a42ee0 | USR:USU_ADMIN | Inspeccion/Detalle | [GestionInspeccion] Inicio Detalle. InspeccionId=18, Usuario=USU_ADMIN, Rol=Administrador,Inspector,JefaturaTecnica,Direccion,CoordinacionLegal
2026-03-30 10:24:48.897 | INFO  | CID:294863a42ee0 | USR:USU_ADMIN | Inspeccion/Detalle | [GestionInspeccion] InspeccionId=18, SolicitudId=48, EstadoActual=VERIFICACION_SOLICITUD, InspectorAsignado=17
2026-03-30 10:24:48.897 | INFO  | CID:294863a42ee0 | USR:USU_ADMIN | Inspeccion/Detalle | [GestionInspeccion] PuedeGestionar=True para detalle. InspeccionId=18
2026-03-30 10:24:50.389 | INFO  | CID:294863a42ee0 | USR:USU_ADMIN | Inspeccion/Detalle | [InspectoresDAO-DB2] Query obtener por cedula: SELECT TRIM(OPICED) AS OPICED, TRIM(OPINO2) AS OPINO2, TRIM(OPIES1) AS OPIES1, TRIM(OPITIP) AS OPITIP FROM DGACDAT.OPIAR2 WHERE OPICED = ? AND UPPER(TRIM(COALESCE(OPIES1, ''))) = ? FETCH FIRST 1 ROW ONLY
2026-03-30 10:24:50.389 | INFO  | CID:294863a42ee0 | USR:USU_ADMIN | Inspeccion/Detalle | [InspectoresDAO-DB2] Parametros => cedula=17, soloActivos=True, tipos=TODOS
2026-03-30 10:24:50.446 | WARN  | CID:294863a42ee0 | USR:USU_ADMIN | Inspeccion/Detalle | [InspectoresDAO-DB2] Inspector no encontrado para cedula=17, soloActivos=True
2026-03-30 10:24:50.447 | INFO  | CID:294863a42ee0 | USR:USU_ADMIN | Inspeccion/Detalle | [InspectoresDAO-DB2] Query obtener por cedula: SELECT TRIM(OPICED) AS OPICED, TRIM(OPINO2) AS OPINO2, TRIM(OPIES1) AS OPIES1, TRIM(OPITIP) AS OPITIP FROM DGACDAT.OPIAR2 WHERE OPICED = ? AND UPPER(TRIM(COALESCE(OPIES1, ''))) = ? FETCH FIRST 1 ROW ONLY
2026-03-30 10:24:50.447 | INFO  | CID:294863a42ee0 | USR:USU_ADMIN | Inspeccion/Detalle | [InspectoresDAO-DB2] Parametros => cedula=0000000017, soloActivos=True, tipos=TODOS
2026-03-30 10:24:50.447 | WARN  | CID:294863a42ee0 | USR:USU_ADMIN | Inspeccion/Detalle | [InspectoresDAO-DB2] Inspector no encontrado para cedula=0000000017, soloActivos=True
2026-03-30 10:24:50.447 | INFO  | CID:294863a42ee0 | USR:USU_ADMIN | Inspeccion/Detalle | [InspectoresDAO-DB2] Query obtener por cedula: SELECT TRIM(OPICED) AS OPICED, TRIM(OPINO2) AS OPINO2, TRIM(OPIES1) AS OPIES1, TRIM(OPITIP) AS OPITIP FROM DGACDAT.OPIAR2 WHERE OPICED = ? FETCH FIRST 1 ROW ONLY
2026-03-30 10:24:50.447 | INFO  | CID:294863a42ee0 | USR:USU_ADMIN | Inspeccion/Detalle | [InspectoresDAO-DB2] Parametros => cedula=17, soloActivos=False, tipos=TODOS
2026-03-30 10:24:50.447 | WARN  | CID:294863a42ee0 | USR:USU_ADMIN | Inspeccion/Detalle | [InspectoresDAO-DB2] Inspector no encontrado para cedula=17, soloActivos=False
2026-03-30 10:24:50.447 | INFO  | CID:294863a42ee0 | USR:USU_ADMIN | Inspeccion/Detalle | [InspectoresDAO-DB2] Query obtener por cedula: SELECT TRIM(OPICED) AS OPICED, TRIM(OPINO2) AS OPINO2, TRIM(OPIES1) AS OPIES1, TRIM(OPITIP) AS OPITIP FROM DGACDAT.OPIAR2 WHERE OPICED = ? FETCH FIRST 1 ROW ONLY
2026-03-30 10:24:50.447 | INFO  | CID:294863a42ee0 | USR:USU_ADMIN | Inspeccion/Detalle | [InspectoresDAO-DB2] Parametros => cedula=0000000017, soloActivos=False, tipos=TODOS
2026-03-30 10:24:50.464 | WARN  | CID:294863a42ee0 | USR:USU_ADMIN | Inspeccion/Detalle | [InspectoresDAO-DB2] Inspector no encontrado para cedula=0000000017, soloActivos=False
2026-03-30 10:24:50.464 | INFO  | CID:294863a42ee0 | USR:USU_ADMIN | Inspeccion/Detalle | [InspectoresDAO-DB2] Query obtener por cedula: SELECT TRIM(OPICED) AS OPICED, TRIM(OPINO2) AS OPINO2, TRIM(OPIES1) AS OPIES1, TRIM(OPITIP) AS OPITIP FROM DGACDAT.OPIAR2 WHERE OPICED = ? AND UPPER(TRIM(COALESCE(OPIES1, ''))) = ? FETCH FIRST 1 ROW ONLY
2026-03-30 10:24:50.464 | INFO  | CID:294863a42ee0 | USR:USU_ADMIN | Inspeccion/Detalle | [InspectoresDAO-DB2] Parametros => cedula=17, soloActivos=True, tipos=TODOS
2026-03-30 10:24:50.464 | WARN  | CID:294863a42ee0 | USR:USU_ADMIN | Inspeccion/Detalle | [InspectoresDAO-DB2] Inspector no encontrado para cedula=17, soloActivos=True
2026-03-30 10:24:50.464 | INFO  | CID:294863a42ee0 | USR:USU_ADMIN | Inspeccion/Detalle | [InspectoresDAO-DB2] Query obtener por cedula: SELECT TRIM(OPICED) AS OPICED, TRIM(OPINO2) AS OPINO2, TRIM(OPIES1) AS OPIES1, TRIM(OPITIP) AS OPITIP FROM DGACDAT.OPIAR2 WHERE OPICED = ? AND UPPER(TRIM(COALESCE(OPIES1, ''))) = ? FETCH FIRST 1 ROW ONLY
2026-03-30 10:24:50.464 | INFO  | CID:294863a42ee0 | USR:USU_ADMIN | Inspeccion/Detalle | [InspectoresDAO-DB2] Parametros => cedula=0000000017, soloActivos=True, tipos=TODOS
2026-03-30 10:24:50.464 | WARN  | CID:294863a42ee0 | USR:USU_ADMIN | Inspeccion/Detalle | [InspectoresDAO-DB2] Inspector no encontrado para cedula=0000000017, soloActivos=True
2026-03-30 10:24:50.464 | INFO  | CID:294863a42ee0 | USR:USU_ADMIN | Inspeccion/Detalle | [InspectoresDAO-DB2] Query obtener por cedula: SELECT TRIM(OPICED) AS OPICED, TRIM(OPINO2) AS OPINO2, TRIM(OPIES1) AS OPIES1, TRIM(OPITIP) AS OPITIP FROM DGACDAT.OPIAR2 WHERE OPICED = ? FETCH FIRST 1 ROW ONLY
2026-03-30 10:24:50.464 | INFO  | CID:294863a42ee0 | USR:USU_ADMIN | Inspeccion/Detalle | [InspectoresDAO-DB2] Parametros => cedula=17, soloActivos=False, tipos=TODOS
2026-03-30 10:24:50.464 | WARN  | CID:294863a42ee0 | USR:USU_ADMIN | Inspeccion/Detalle | [InspectoresDAO-DB2] Inspector no encontrado para cedula=17, soloActivos=False
2026-03-30 10:24:50.464 | INFO  | CID:294863a42ee0 | USR:USU_ADMIN | Inspeccion/Detalle | [InspectoresDAO-DB2] Query obtener por cedula: SELECT TRIM(OPICED) AS OPICED, TRIM(OPINO2) AS OPINO2, TRIM(OPIES1) AS OPIES1, TRIM(OPITIP) AS OPITIP FROM DGACDAT.OPIAR2 WHERE OPICED = ? FETCH FIRST 1 ROW ONLY
2026-03-30 10:24:50.464 | INFO  | CID:294863a42ee0 | USR:USU_ADMIN | Inspeccion/Detalle | [InspectoresDAO-DB2] Parametros => cedula=0000000017, soloActivos=False, tipos=TODOS
2026-03-30 10:24:50.464 | WARN  | CID:294863a42ee0 | USR:USU_ADMIN | Inspeccion/Detalle | [InspectoresDAO-DB2] Inspector no encontrado para cedula=0000000017, soloActivos=False
2026-03-30 10:24:50.464 | INFO  | CID:294863a42ee0 | USR:USU_ADMIN | Inspeccion/Detalle | [GestionInspeccion] Detalle inspectores enriquecidos. InspeccionId=18, PrincipalCedula=17, PrincipalNombre=17, PrincipalTipo=, ApoyoCedula=, ApoyoNombre=, ApoyoTipo=
2026-03-30 10:25:40.352 | INFO  | CID:38297a1e7ee4 | USR:USU_ADMIN | [InspeccionesController] Inicio pantalla gestion (Tecnico/Index). Usuario=USU_ADMIN, Rol=Administrador,Direccion,JefaturaTecnica
2026-03-30 10:25:40.358 | INFO  | CID:38297a1e7ee4 | USR:USU_ADMIN | Tecnico/Index | [InspeccionesController] DAO.ObtenerPendientesAsignacion inicio. EstadosFiltro=PENDIENTE_ASIGNACION_RT,PENDIENTE ASIGNACION RT,PENDIENTE,ACEPTACION_DOCUMENTAL,DOCUMENTACION_COMPLETA,DOCUMENTOS_COMPLETOS,PENDIENTE_ASIGNACION_TECNICA,PENDIENTE ASIGNACION TECNICA,PENDIENTE_ASIGNACION,ACEPTACION DOCUMENTAL,DOCUMENTACION COMPLETA
2026-03-30 10:25:40.358 | INFO  | CID:38297a1e7ee4 | USR:USU_ADMIN | Tecnico/Index | [InspeccionesController] EstadoDetectado=PENDIENTE, Total=128
2026-03-30 10:25:40.358 | INFO  | CID:38297a1e7ee4 | USR:USU_ADMIN | Tecnico/Index | [InspeccionesController] EstadoDetectado=EN INSPECCION, Total=19
2026-03-30 10:25:40.368 | INFO  | CID:38297a1e7ee4 | USR:USU_ADMIN | Tecnico/Index | [InspeccionesController] EstadoDetectado=OBSERVADA, Total=6
2026-03-30 10:25:40.508 | INFO  | CID:38297a1e7ee4 | USR:USU_ADMIN | Tecnico/Index | [InspeccionesController] DiagnosticoPendientes => totalSolicitudes=128, conInspeccion=0, conInspectorAsignado=0, conInspeccionSinInspector=0
2026-03-30 10:25:40.508 | INFO  | CID:38297a1e7ee4 | USR:USU_ADMIN | Tecnico/Index | [InspeccionesController] DAO.ObtenerPendientesAsignacion resultado=34
2026-03-30 10:25:40.508 | INFO  | CID:38297a1e7ee4 | USR:USU_ADMIN | Tecnico/Index | [InspeccionesController] PendienteEjemplo[0] SolicitudId=82, Estado=Pendiente, Numero=DGAC-GOP-2026-AOCR065
2026-03-30 10:25:40.508 | INFO  | CID:38297a1e7ee4 | USR:USU_ADMIN | Tecnico/Index | [InspeccionesController] PendienteEjemplo[1] SolicitudId=81, Estado=Pendiente, Numero=DGAC-GOP-2026-AOCR064
2026-03-30 10:25:40.508 | INFO  | CID:38297a1e7ee4 | USR:USU_ADMIN | Tecnico/Index | [InspeccionesController] PendienteEjemplo[2] SolicitudId=80, Estado=Pendiente, Numero=DGAC-GOP-2026-AOCR063
2026-03-30 10:25:40.508 | INFO  | CID:38297a1e7ee4 | USR:USU_ADMIN | Tecnico/Index | [InspeccionesController] PendienteEjemplo[3] SolicitudId=79, Estado=Pendiente, Numero=DGAC-GOP-2026-AOCR062
2026-03-30 10:25:40.508 | INFO  | CID:38297a1e7ee4 | USR:USU_ADMIN | Tecnico/Index | [InspeccionesController] PendienteEjemplo[4] SolicitudId=77, Estado=Pendiente, Numero=DGAC-GOP-2026-AOCR060
2026-03-30 10:25:40.508 | INFO  | CID:38297a1e7ee4 | USR:USU_ADMIN | [InspeccionesController] Pendientes para asignacion=34
2026-03-30 11:05:06.375 | INFO  | CID:N/A | Iniciando procesador de cola de correos
2026-03-30 11:05:25.443 | INFO  | CID:b6ea71eef7d0 | Account/Login | Iniciando acción: Account/Login
2026-03-30 11:05:26.170 | INFO  | CID:b6ea71eef7d0 | Account/Login | Acción completada: Account/Login
2026-03-30 11:05:36.474 | INFO  | CID:9d4e9524eede | USR:USU_ADMIN | [InspeccionesController] Inicio pantalla gestion (Tecnico/Index). Usuario=USU_ADMIN, Rol=Administrador,Direccion,JefaturaTecnica
2026-03-30 11:05:36.474 | INFO  | CID:9d4e9524eede | USR:USU_ADMIN | Tecnico/Index | [InspeccionesController] DAO.ObtenerPendientesAsignacion inicio. EstadosFiltro=PENDIENTE_ASIGNACION_RT,PENDIENTE ASIGNACION RT,PENDIENTE,ACEPTACION_DOCUMENTAL,DOCUMENTACION_COMPLETA,DOCUMENTOS_COMPLETOS,PENDIENTE_ASIGNACION_TECNICA,PENDIENTE ASIGNACION TECNICA,PENDIENTE_ASIGNACION,ACEPTACION DOCUMENTAL,DOCUMENTACION COMPLETA
2026-03-30 11:05:36.498 | INFO  | CID:9d4e9524eede | USR:USU_ADMIN | Tecnico/Index | [InspeccionesController] EstadoDetectado=PENDIENTE, Total=128
2026-03-30 11:05:36.499 | INFO  | CID:9d4e9524eede | USR:USU_ADMIN | Tecnico/Index | [InspeccionesController] EstadoDetectado=EN INSPECCION, Total=19
2026-03-30 11:05:36.499 | INFO  | CID:9d4e9524eede | USR:USU_ADMIN | Tecnico/Index | [InspeccionesController] EstadoDetectado=OBSERVADA, Total=6
2026-03-30 11:05:36.640 | INFO  | CID:9d4e9524eede | USR:USU_ADMIN | Tecnico/Index | [InspeccionesController] DiagnosticoPendientes => totalSolicitudes=128, conInspeccion=0, conInspectorAsignado=0, conInspeccionSinInspector=0
2026-03-30 11:05:36.657 | INFO  | CID:9d4e9524eede | USR:USU_ADMIN | Tecnico/Index | [InspeccionesController] DAO.ObtenerPendientesAsignacion resultado=34
2026-03-30 11:05:36.657 | INFO  | CID:9d4e9524eede | USR:USU_ADMIN | Tecnico/Index | [InspeccionesController] PendienteEjemplo[0] SolicitudId=82, Estado=Pendiente, Numero=DGAC-GOP-2026-AOCR065
2026-03-30 11:05:36.657 | INFO  | CID:9d4e9524eede | USR:USU_ADMIN | Tecnico/Index | [InspeccionesController] PendienteEjemplo[1] SolicitudId=81, Estado=Pendiente, Numero=DGAC-GOP-2026-AOCR064
2026-03-30 11:05:36.657 | INFO  | CID:9d4e9524eede | USR:USU_ADMIN | Tecnico/Index | [InspeccionesController] PendienteEjemplo[2] SolicitudId=80, Estado=Pendiente, Numero=DGAC-GOP-2026-AOCR063
2026-03-30 11:05:36.657 | INFO  | CID:9d4e9524eede | USR:USU_ADMIN | Tecnico/Index | [InspeccionesController] PendienteEjemplo[3] SolicitudId=79, Estado=Pendiente, Numero=DGAC-GOP-2026-AOCR062
2026-03-30 11:05:36.657 | INFO  | CID:9d4e9524eede | USR:USU_ADMIN | Tecnico/Index | [InspeccionesController] PendienteEjemplo[4] SolicitudId=77, Estado=Pendiente, Numero=DGAC-GOP-2026-AOCR060
2026-03-30 11:05:36.657 | INFO  | CID:9d4e9524eede | USR:USU_ADMIN | [InspeccionesController] Pendientes para asignacion=34
2026-03-30 11:12:25.034 | ERROR | CID:bd5d415cb863 | USR:USU_ADMIN | CoordinacionJefatura/DashboardInspeccion | ERR:INTERNAL_ERROR | 42703: column "codigoobservacion" does not exist

POSITION: 47
    Exception: PostgresException
    StackTrace:    en Npgsql.Internal.NpgsqlConnector.<ReadMessageLong>d__231.MoveNext()
--- Fin del seguimiento de la pila de la ubicación anterior donde se produjo la excepción ---
   en System.Runtime.ExceptionServices.ExceptionDispatchInfo.Throw()
   en Npgsql.NpgsqlDataReader.<NextResult>d__52.MoveNext()
--- Fin del seguimiento de la pila de la ubicación anterior donde se produjo la excepción ---
   en System.Runtime.ExceptionServices.ExceptionDispatchInfo.Throw()
   en Npgsql.NpgsqlDataReader.<NextResult>d__52.MoveNext()
--- Fin del seguimiento de la pila de la ubicación anterior donde se produjo la excepción ---
   en System.Runtime.ExceptionServices.ExceptionDispatchInfo.Throw()
   en System.Runtime.CompilerServices.TaskAwaiter.HandleNonSuccessAndDebuggerNotification(Task task)
   en Npgsql.NpgsqlDataReader.NextResult()
   en Npgsql.NpgsqlCommand.<ExecuteReader>d__119.MoveNext()
--- Fin del seguimiento de la pila de la ubicación anterior donde se produjo la excepción ---
   en System.Runtime.ExceptionServices.ExceptionDispatchInfo.Throw()
   en Npgsql.NpgsqlCommand.<ExecuteReader>d__119.MoveNext()
--- Fin del seguimiento de la pila de la ubicación anterior donde se produjo la excepción ---
   en System.Runtime.ExceptionServices.ExceptionDispatchInfo.Throw()
   en System.Runtime.CompilerServices.TaskAwaiter.HandleNonSuccessAndDebuggerNotification(Task task)
   en Npgsql.NpgsqlCommand.ExecuteReader(CommandBehavior behavior)
   en CapaDatos.DAOs.ObservacionDAO.ObtenerPorEstado(String estado) en C:\AOCR\AOCR\AOCR05-01-2026\AOCR1\AOCR\CapaDatos\DAOs\ObservacionDAO.cs:línea 459
   en CapaDatos.DAOs.DashboardInspeccionDAO.ObtenerNoConformidades(Int32 maxRows) en C:\AOCR\AOCR\AOCR05-01-2026\AOCR1\AOCR\CapaDatos\DAOs\DashboardInspeccionDAO.cs:línea 241
   en CapaPresentacion.Controllers.CoordinacionJefaturaController.DashboardInspeccion(String compania, String inspector, String estado) en C:\AOCR\AOCR\AOCR05-01-2026\AOCR1\AOCR\CapaPresentacion\Controllers\CoordinacionJefaturaController.cs:línea 49
   en lambda_method(Closure , ControllerBase , Object[] )
   en System.Web.Mvc.ControllerActionInvoker.InvokeActionMethod(ControllerContext controllerContext, ActionDescriptor actionDescriptor, IDictionary`2 parameters)
   en System.Web.Mvc.Async.AsyncControllerActionInvoker.<>c.<BeginInvokeSynchronousActionMethod>b__9_0(IAsyncResult asyncResult, ActionInvocation innerInvokeState)
   en System.Web.Mvc.Async.AsyncResultWrapper.WrappedAsyncResult`2.CallEndDelegate(IAsyncResult asyncResult)
   en System.Web.Mvc.Async.AsyncControllerActionInvoker.EndInvokeActionMethod(IAsyncResult asyncResult)
   en System.Web.Mvc.Async.AsyncControllerActionInvoker.AsyncInvocationWithFilters.<>c__DisplayClass11_0.<InvokeActionMethodFilterAsynchronouslyRecursive>b__0()
   en System.Web.Mvc.Async.AsyncControllerActionInvoker.AsyncInvocationWithFilters.<>c__DisplayClass11_2.<InvokeActionMethodFilterAsynchronouslyRecursive>b__2()
   en System.Web.Mvc.Async.AsyncControllerActionInvoker.AsyncInvocationWithFilters.<>c__DisplayClass11_2.<InvokeActionMethodFilterAsynchronouslyRecursive>b__2()
   en System.Web.Mvc.Async.AsyncControllerActionInvoker.AsyncInvocationWithFilters.<>c__DisplayClass11_2.<InvokeActionMethodFilterAsynchronouslyRecursive>b__2()
   en System.Web.Mvc.Async.AsyncControllerActionInvoker.EndInvokeActionMethodWithFilters(IAsyncResult asyncResult)
   en System.Web.Mvc.Async.AsyncControllerActionInvoker.<>c__DisplayClass3_6.<BeginInvokeAction>b__4()
   en System.Web.Mvc.Async.AsyncControllerActionInvoker.<>c__DisplayClass3_1.<BeginInvokeAction>b__1(IAsyncResult asyncResult)
2026-03-30 11:23:05.656 | INFO  | CID:N/A | Iniciando procesador de cola de correos
2026-03-30 11:23:27.379 | INFO  | CID:6beecbf0419c | Account/Login | Iniciando acción: Account/Login
2026-03-30 11:23:28.310 | INFO  | CID:6beecbf0419c | Account/Login | Acción completada: Account/Login
2026-03-30 11:24:47.618 | ERROR | CID:4ef15d598f76 | USR:USU_ADMIN | CoordinacionJefatura/DashboardInspeccion | ERR:INTERNAL_ERROR | 42703: column "codigoobservacion" does not exist

POSITION: 47
    Exception: PostgresException
    StackTrace:    en Npgsql.Internal.NpgsqlConnector.<ReadMessageLong>d__231.MoveNext()
--- Fin del seguimiento de la pila de la ubicación anterior donde se produjo la excepción ---
   en System.Runtime.ExceptionServices.ExceptionDispatchInfo.Throw()
   en Npgsql.NpgsqlDataReader.<NextResult>d__52.MoveNext()
--- Fin del seguimiento de la pila de la ubicación anterior donde se produjo la excepción ---
   en System.Runtime.ExceptionServices.ExceptionDispatchInfo.Throw()
   en Npgsql.NpgsqlDataReader.<NextResult>d__52.MoveNext()
--- Fin del seguimiento de la pila de la ubicación anterior donde se produjo la excepción ---
   en System.Runtime.ExceptionServices.ExceptionDispatchInfo.Throw()
   en System.Runtime.CompilerServices.TaskAwaiter.HandleNonSuccessAndDebuggerNotification(Task task)
   en Npgsql.NpgsqlDataReader.NextResult()
   en Npgsql.NpgsqlCommand.<ExecuteReader>d__119.MoveNext()
--- Fin del seguimiento de la pila de la ubicación anterior donde se produjo la excepción ---
   en System.Runtime.ExceptionServices.ExceptionDispatchInfo.Throw()
   en Npgsql.NpgsqlCommand.<ExecuteReader>d__119.MoveNext()
--- Fin del seguimiento de la pila de la ubicación anterior donde se produjo la excepción ---
   en System.Runtime.ExceptionServices.ExceptionDispatchInfo.Throw()
   en System.Runtime.CompilerServices.TaskAwaiter.HandleNonSuccessAndDebuggerNotification(Task task)
   en Npgsql.NpgsqlCommand.ExecuteReader(CommandBehavior behavior)
   en CapaDatos.DAOs.ObservacionDAO.ObtenerPorEstado(String estado) en C:\AOCR\AOCR\AOCR05-01-2026\AOCR1\AOCR\CapaDatos\DAOs\ObservacionDAO.cs:línea 459
   en CapaDatos.DAOs.DashboardInspeccionDAO.ObtenerNoConformidades(Int32 maxRows) en C:\AOCR\AOCR\AOCR05-01-2026\AOCR1\AOCR\CapaDatos\DAOs\DashboardInspeccionDAO.cs:línea 243
   en CapaPresentacion.Controllers.CoordinacionJefaturaController.DashboardInspeccion(String compania, String inspector, String estado, String quickFilter) en C:\AOCR\AOCR\AOCR05-01-2026\AOCR1\AOCR\CapaPresentacion\Controllers\CoordinacionJefaturaController.cs:línea 51
   en lambda_method(Closure , ControllerBase , Object[] )
   en System.Web.Mvc.ControllerActionInvoker.InvokeActionMethod(ControllerContext controllerContext, ActionDescriptor actionDescriptor, IDictionary`2 parameters)
   en System.Web.Mvc.Async.AsyncControllerActionInvoker.<>c.<BeginInvokeSynchronousActionMethod>b__9_0(IAsyncResult asyncResult, ActionInvocation innerInvokeState)
   en System.Web.Mvc.Async.AsyncResultWrapper.WrappedAsyncResult`2.CallEndDelegate(IAsyncResult asyncResult)
   en System.Web.Mvc.Async.AsyncControllerActionInvoker.EndInvokeActionMethod(IAsyncResult asyncResult)
   en System.Web.Mvc.Async.AsyncControllerActionInvoker.AsyncInvocationWithFilters.<>c__DisplayClass11_0.<InvokeActionMethodFilterAsynchronouslyRecursive>b__0()
   en System.Web.Mvc.Async.AsyncControllerActionInvoker.AsyncInvocationWithFilters.<>c__DisplayClass11_2.<InvokeActionMethodFilterAsynchronouslyRecursive>b__2()
   en System.Web.Mvc.Async.AsyncControllerActionInvoker.AsyncInvocationWithFilters.<>c__DisplayClass11_2.<InvokeActionMethodFilterAsynchronouslyRecursive>b__2()
   en System.Web.Mvc.Async.AsyncControllerActionInvoker.AsyncInvocationWithFilters.<>c__DisplayClass11_2.<InvokeActionMethodFilterAsynchronouslyRecursive>b__2()
   en System.Web.Mvc.Async.AsyncControllerActionInvoker.EndInvokeActionMethodWithFilters(IAsyncResult asyncResult)
   en System.Web.Mvc.Async.AsyncControllerActionInvoker.<>c__DisplayClass3_6.<BeginInvokeAction>b__4()
   en System.Web.Mvc.Async.AsyncControllerActionInvoker.<>c__DisplayClass3_1.<BeginInvokeAction>b__1(IAsyncResult asyncResult)
2026-03-30 11:44:29.161 | INFO  | CID:N/A | Iniciando procesador de cola de correos
2026-03-30 11:44:48.027 | INFO  | CID:f5458b5b612d | Account/Login | Iniciando acción: Account/Login
2026-03-30 11:44:48.728 | INFO  | CID:f5458b5b612d | Account/Login | Acción completada: Account/Login
2026-03-30 11:46:25.832 | INFO  | CID:N/A | USR:USU_ADMIN | Inspeccion/CambiarEstado | AuditTrailService: Tabla aocr_audit_trail verificada/creada.
2026-03-30 11:46:25.832 | INFO  | CID:613d121554ef | USR:USU_ADMIN | Inspeccion/CambiarEstado | Iniciando acción: Inspeccion/CambiarEstado
2026-03-30 11:46:25.849 | INFO  | CID:613d121554ef | USR:USU_ADMIN | Inspeccion/CambiarEstado | [GestionInspeccion] Inicio CambiarEstado. InspeccionId=18, EstadoSolicitado=ACEPTADA, Usuario=USU_ADMIN, Rol=Administrador,Inspector,JefaturaTecnica,Direccion,CoordinacionLegal
2026-03-30 11:46:26.166 | WARN  | CID:613d121554ef | USR:USU_ADMIN | Inspeccion/CambiarEstado | [GestionInspeccion] DesalineacionEstadoDetectada. InspeccionId=18, EstadoSolicitado=ACEPTADA, EstadoPersistido=VERIFICACION_SOLICITUD, Usuario=USU_ADMIN
2026-03-30 11:46:26.166 | INFO  | CID:613d121554ef | USR:USU_ADMIN | Inspeccion/CambiarEstado | [GestionInspeccion] PuedeGestionar=True, InspeccionId=18, EstadoDestino=ACEPTADA, EstadoPersistido=VERIFICACION_SOLICITUD, Usuario=USU_ADMIN
2026-03-30 11:46:26.172 | INFO  | CID:613d121554ef | USR:USU_ADMIN | Inspeccion/CambiarEstado | Acción completada: Inspeccion/CambiarEstado
2026-03-30 11:58:19.269 | INFO  | CID:N/A | Iniciando procesador de cola de correos
2026-03-30 11:58:41.517 | INFO  | CID:04c20d41544e | Account/Login | Iniciando acción: Account/Login
2026-03-30 11:58:42.482 | INFO  | CID:04c20d41544e | Account/Login | Acción completada: Account/Login
2026-03-30 14:15:12.492 | INFO  | CID:N/A | Iniciando procesador de cola de correos
2026-03-30 14:16:01.814 | INFO  | CID:e2b878573f9e | Account/Login | Iniciando acción: Account/Login
2026-03-30 14:16:02.528 | INFO  | CID:e2b878573f9e | Account/Login | Acción completada: Account/Login
2026-03-30 14:31:28.070 | INFO  | CID:N/A | Iniciando procesador de cola de correos
2026-03-30 14:32:10.142 | INFO  | CID:0a140a4daaab | Account/Login | Iniciando acción: Account/Login
2026-03-30 14:32:10.869 | INFO  | CID:0a140a4daaab | Account/Login | Acción completada: Account/Login
2026-03-30 14:36:10.004 | INFO  | CID:N/A | Iniciando procesador de cola de correos
2026-03-30 14:36:33.085 | INFO  | CID:0e0bc523edf1 | Account/Login | Iniciando acción: Account/Login
2026-03-30 14:36:33.769 | INFO  | CID:0e0bc523edf1 | Account/Login | Acción completada: Account/Login
2026-03-30 14:40:13.792 | INFO  | CID:N/A | Iniciando procesador de cola de correos
2026-03-30 14:40:33.408 | INFO  | CID:fb70964b323e | Account/Login | Iniciando acción: Account/Login
2026-03-30 14:40:34.111 | INFO  | CID:fb70964b323e | Account/Login | Acción completada: Account/Login
2026-03-30 14:46:21.643 | INFO  | CID:N/A | Iniciando procesador de cola de correos
2026-03-30 14:46:37.914 | INFO  | CID:b4ebc2322bdc | Account/Login | Iniciando acción: Account/Login
2026-03-30 14:46:38.604 | INFO  | CID:b4ebc2322bdc | Account/Login | Acción completada: Account/Login
2026-03-30 14:51:36.095 | INFO  | CID:N/A | Iniciando procesador de cola de correos
2026-03-30 14:51:52.260 | INFO  | CID:57ab18b76c70 | Account/Login | Iniciando acción: Account/Login
2026-03-30 14:51:52.942 | INFO  | CID:57ab18b76c70 | Account/Login | Acción completada: Account/Login
2026-03-30 14:55:59.631 | INFO  | CID:N/A | Iniciando procesador de cola de correos
2026-03-30 14:56:22.515 | INFO  | CID:7ea6c388006e | Account/Login | Iniciando acción: Account/Login
2026-03-30 14:56:23.204 | INFO  | CID:7ea6c388006e | Account/Login | Acción completada: Account/Login
2026-03-30 14:59:19.728 | INFO  | CID:N/A | USR:USU_ADMIN | Inspeccion/PendientesFirmaDirdac | AuditTrailService: Tabla aocr_audit_trail verificada/creada.
2026-03-30 14:59:40.798 | INFO  | CID:441e6b9a8dc4 | USR:USU_ADMIN | Inspeccion/Detalle | [GestionInspeccion] Inicio Detalle. InspeccionId=14, Usuario=USU_ADMIN, Rol=Administrador,Inspector,JefaturaTecnica,Direccion,CoordinacionLegal
2026-03-30 14:59:40.805 | INFO  | CID:441e6b9a8dc4 | USR:USU_ADMIN | Inspeccion/Detalle | [GestionInspeccion] InspeccionId=14, SolicitudId=113, EstadoActual=VERIFICACION_SOLICITUD, InspectorAsignado=1709565459
2026-03-30 14:59:40.805 | INFO  | CID:441e6b9a8dc4 | USR:USU_ADMIN | Inspeccion/Detalle | [GestionInspeccion] PuedeGestionar=True para detalle. InspeccionId=14
2026-03-30 14:59:42.237 | INFO  | CID:441e6b9a8dc4 | USR:USU_ADMIN | Inspeccion/Detalle | [InspectoresDAO-DB2] Query obtener por cedula: SELECT TRIM(OPICED) AS OPICED, TRIM(OPINO2) AS OPINO2, TRIM(OPIES1) AS OPIES1, TRIM(OPITIP) AS OPITIP FROM DGACDAT.OPIAR2 WHERE OPICED = ? AND UPPER(TRIM(COALESCE(OPIES1, ''))) = ? FETCH FIRST 1 ROW ONLY
2026-03-30 14:59:42.238 | INFO  | CID:441e6b9a8dc4 | USR:USU_ADMIN | Inspeccion/Detalle | [InspectoresDAO-DB2] Parametros => cedula=1709565459, soloActivos=True, tipos=TODOS
2026-03-30 14:59:42.334 | INFO  | CID:441e6b9a8dc4 | USR:USU_ADMIN | Inspeccion/Detalle | [GestionInspeccion] Detalle inspectores enriquecidos. InspeccionId=14, PrincipalCedula=1709565459, PrincipalNombre=CATOTA TORRES LUIS WILKIR, PrincipalTipo=OPS, ApoyoCedula=, ApoyoNombre=, ApoyoTipo=
2026-03-30 14:59:55.765 | INFO  | CID:4effb1fa2f91 | USR:USU_ADMIN | Inspeccion/RegistrarResultado | Iniciando acción: Inspeccion/RegistrarResultado
2026-03-30 14:59:55.902 | INFO  | CID:4effb1fa2f91 | USR:USU_ADMIN | Inspeccion/RegistrarResultado | Acción completada: Inspeccion/RegistrarResultado
2026-03-30 14:59:55.918 | INFO  | CID:8099cf5fdf16 | USR:USU_ADMIN | Inspeccion/Detalle | [GestionInspeccion] Inicio Detalle. InspeccionId=14, Usuario=USU_ADMIN, Rol=Administrador,Inspector,JefaturaTecnica,Direccion,CoordinacionLegal
2026-03-30 14:59:55.918 | INFO  | CID:8099cf5fdf16 | USR:USU_ADMIN | Inspeccion/Detalle | [GestionInspeccion] InspeccionId=14, SolicitudId=113, EstadoActual=VERIFICACION_SOLICITUD, InspectorAsignado=1709565459
2026-03-30 14:59:55.918 | INFO  | CID:8099cf5fdf16 | USR:USU_ADMIN | Inspeccion/Detalle | [GestionInspeccion] PuedeGestionar=True para detalle. InspeccionId=14
2026-03-30 14:59:56.595 | INFO  | CID:8099cf5fdf16 | USR:USU_ADMIN | Inspeccion/Detalle | [InspectoresDAO-DB2] Query obtener por cedula: SELECT TRIM(OPICED) AS OPICED, TRIM(OPINO2) AS OPINO2, TRIM(OPIES1) AS OPIES1, TRIM(OPITIP) AS OPITIP FROM DGACDAT.OPIAR2 WHERE OPICED = ? AND UPPER(TRIM(COALESCE(OPIES1, ''))) = ? FETCH FIRST 1 ROW ONLY
2026-03-30 14:59:56.596 | INFO  | CID:8099cf5fdf16 | USR:USU_ADMIN | Inspeccion/Detalle | [InspectoresDAO-DB2] Parametros => cedula=1709565459, soloActivos=True, tipos=TODOS
2026-03-30 14:59:56.601 | INFO  | CID:8099cf5fdf16 | USR:USU_ADMIN | Inspeccion/Detalle | [GestionInspeccion] Detalle inspectores enriquecidos. InspeccionId=14, PrincipalCedula=1709565459, PrincipalNombre=CATOTA TORRES LUIS WILKIR, PrincipalTipo=OPS, ApoyoCedula=, ApoyoNombre=, ApoyoTipo=
2026-03-30 15:00:28.383 | INFO  | CID:dd119722202e | USR:USU_ADMIN | Inspeccion/GuardarInformeTecnico | Iniciando acción: Inspeccion/GuardarInformeTecnico
2026-03-30 15:00:35.056 | INFO  | CID:dd119722202e | USR:USU_ADMIN | Inspeccion/GuardarInformeTecnico | Acción completada: Inspeccion/GuardarInformeTecnico
2026-03-30 15:00:35.062 | INFO  | CID:2c2791592ee6 | USR:USU_ADMIN | Inspeccion/Detalle | [GestionInspeccion] Inicio Detalle. InspeccionId=14, Usuario=USU_ADMIN, Rol=Administrador,Inspector,JefaturaTecnica,Direccion,CoordinacionLegal
2026-03-30 15:00:35.281 | INFO  | CID:2c2791592ee6 | USR:USU_ADMIN | Inspeccion/Detalle | [GestionInspeccion] InspeccionId=14, SolicitudId=113, EstadoActual=VERIFICACION_SOLICITUD, InspectorAsignado=1709565459
2026-03-30 15:00:35.281 | INFO  | CID:2c2791592ee6 | USR:USU_ADMIN | Inspeccion/Detalle | [GestionInspeccion] PuedeGestionar=True para detalle. InspeccionId=14
2026-03-30 15:00:35.949 | INFO  | CID:2c2791592ee6 | USR:USU_ADMIN | Inspeccion/Detalle | [InspectoresDAO-DB2] Query obtener por cedula: SELECT TRIM(OPICED) AS OPICED, TRIM(OPINO2) AS OPINO2, TRIM(OPIES1) AS OPIES1, TRIM(OPITIP) AS OPITIP FROM DGACDAT.OPIAR2 WHERE OPICED = ? AND UPPER(TRIM(COALESCE(OPIES1, ''))) = ? FETCH FIRST 1 ROW ONLY
2026-03-30 15:00:35.949 | INFO  | CID:2c2791592ee6 | USR:USU_ADMIN | Inspeccion/Detalle | [InspectoresDAO-DB2] Parametros => cedula=1709565459, soloActivos=True, tipos=TODOS
2026-03-30 15:00:35.968 | INFO  | CID:2c2791592ee6 | USR:USU_ADMIN | Inspeccion/Detalle | [GestionInspeccion] Detalle inspectores enriquecidos. InspeccionId=14, PrincipalCedula=1709565459, PrincipalNombre=CATOTA TORRES LUIS WILKIR, PrincipalTipo=OPS, ApoyoCedula=, ApoyoNombre=, ApoyoTipo=
2026-03-30 15:00:45.300 | INFO  | CID:1d9a530673d0 | USR:USU_ADMIN | Inspeccion/RegistrarResultado | Iniciando acción: Inspeccion/RegistrarResultado
2026-03-30 15:00:45.604 | INFO  | CID:1d9a530673d0 | USR:USU_ADMIN | Inspeccion/RegistrarResultado | Acción completada: Inspeccion/RegistrarResultado
2026-03-30 15:00:45.610 | INFO  | CID:5edd8ee75f78 | USR:USU_ADMIN | Inspeccion/Detalle | [GestionInspeccion] Inicio Detalle. InspeccionId=14, Usuario=USU_ADMIN, Rol=Administrador,Inspector,JefaturaTecnica,Direccion,CoordinacionLegal
2026-03-30 15:00:45.612 | INFO  | CID:5edd8ee75f78 | USR:USU_ADMIN | Inspeccion/Detalle | [GestionInspeccion] InspeccionId=14, SolicitudId=113, EstadoActual=VERIFICACION_SOLICITUD, InspectorAsignado=1709565459
2026-03-30 15:00:45.612 | INFO  | CID:5edd8ee75f78 | USR:USU_ADMIN | Inspeccion/Detalle | [GestionInspeccion] PuedeGestionar=True para detalle. InspeccionId=14
2026-03-30 15:00:46.183 | INFO  | CID:5edd8ee75f78 | USR:USU_ADMIN | Inspeccion/Detalle | [InspectoresDAO-DB2] Query obtener por cedula: SELECT TRIM(OPICED) AS OPICED, TRIM(OPINO2) AS OPINO2, TRIM(OPIES1) AS OPIES1, TRIM(OPITIP) AS OPITIP FROM DGACDAT.OPIAR2 WHERE OPICED = ? AND UPPER(TRIM(COALESCE(OPIES1, ''))) = ? FETCH FIRST 1 ROW ONLY
2026-03-30 15:00:46.184 | INFO  | CID:5edd8ee75f78 | USR:USU_ADMIN | Inspeccion/Detalle | [InspectoresDAO-DB2] Parametros => cedula=1709565459, soloActivos=True, tipos=TODOS
2026-03-30 15:00:46.188 | INFO  | CID:5edd8ee75f78 | USR:USU_ADMIN | Inspeccion/Detalle | [GestionInspeccion] Detalle inspectores enriquecidos. InspeccionId=14, PrincipalCedula=1709565459, PrincipalNombre=CATOTA TORRES LUIS WILKIR, PrincipalTipo=OPS, ApoyoCedula=, ApoyoNombre=, ApoyoTipo=
2026-03-30 15:01:48.397 | INFO  | CID:35ee20165425 | USR:USU_ADMIN | Inspeccion/Detalle | [GestionInspeccion] Inicio Detalle. InspeccionId=14, Usuario=USU_ADMIN, Rol=Administrador,Inspector,JefaturaTecnica,Direccion,CoordinacionLegal
2026-03-30 15:01:48.407 | INFO  | CID:35ee20165425 | USR:USU_ADMIN | Inspeccion/Detalle | [GestionInspeccion] InspeccionId=14, SolicitudId=113, EstadoActual=VERIFICACION_SOLICITUD, InspectorAsignado=1709565459
2026-03-30 15:01:48.408 | INFO  | CID:35ee20165425 | USR:USU_ADMIN | Inspeccion/Detalle | [GestionInspeccion] PuedeGestionar=True para detalle. InspeccionId=14
2026-03-30 15:01:49.115 | INFO  | CID:35ee20165425 | USR:USU_ADMIN | Inspeccion/Detalle | [InspectoresDAO-DB2] Query obtener por cedula: SELECT TRIM(OPICED) AS OPICED, TRIM(OPINO2) AS OPINO2, TRIM(OPIES1) AS OPIES1, TRIM(OPITIP) AS OPITIP FROM DGACDAT.OPIAR2 WHERE OPICED = ? AND UPPER(TRIM(COALESCE(OPIES1, ''))) = ? FETCH FIRST 1 ROW ONLY
2026-03-30 15:01:49.115 | INFO  | CID:35ee20165425 | USR:USU_ADMIN | Inspeccion/Detalle | [InspectoresDAO-DB2] Parametros => cedula=1709565459, soloActivos=True, tipos=TODOS
2026-03-30 15:01:49.121 | INFO  | CID:35ee20165425 | USR:USU_ADMIN | Inspeccion/Detalle | [GestionInspeccion] Detalle inspectores enriquecidos. InspeccionId=14, PrincipalCedula=1709565459, PrincipalNombre=CATOTA TORRES LUIS WILKIR, PrincipalTipo=OPS, ApoyoCedula=, ApoyoNombre=, ApoyoTipo=
2026-03-30 15:02:10.980 | INFO  | CID:5ca3585da85f | USR:USU_ADMIN | Inspeccion/FirmarInformeInspector | Iniciando acción: Inspeccion/FirmarInformeInspector
2026-03-30 15:02:10.987 | INFO  | CID:5ca3585da85f | USR:USU_ADMIN | Inspeccion/FirmarInformeInspector | [GestionInspeccion] Inicio firma digital. InspeccionId=14, RolFirma=INSPECTOR, InformeId=14, VersionInforme=2, RutaFuente=C:\AOCR\AOCR\AOCR05-01-2026\AOCR1\AOCR\CapaPresentacion\App_Data\Uploads\Inspecciones\InformesTecnicos\InformeTecnico_14_v2_20260330150035.pdf, PdfBytes=183376, CertificadoBytes=8787, Usuario=USU_ADMIN
2026-03-30 15:02:11.870 | INFO  | CID:5ca3585da85f | USR:USU_ADMIN | Inspeccion/FirmarInformeInspector | [GestionInspeccion] Firma digital generada. InspeccionId=14, RolFirma=INSPECTOR, InformeId=14, Hash=C0747A36F9175930576EB096E33FDE6EB5A5683E02ED2521FCD3A7FCACE0D129, PdfFirmadoBytes=202720
2026-03-30 15:02:11.870 | INFO  | CID:5ca3585da85f | USR:USU_ADMIN | Inspeccion/FirmarInformeInspector | [GestionInspeccion] Persistiendo firma digital. InspeccionId=14, RolFirma=INSPECTOR, InformeId=14, RutaFirmada=/App_Data/Uploads/Inspecciones/InformesTecnicos/Firmados/InformeTecnico_14_v2_inspector_20260330150211.pdf, EstadoAnterior=GENERADO, EstadoFinal=FIRMADO_INSPECTOR, UsuarioId=0
2026-03-30 15:02:11.887 | INFO  | CID:5ca3585da85f | USR:USU_ADMIN | Inspeccion/FirmarInformeInspector | [GestionInspeccion] Firma digital persistida. InspeccionId=14, RolFirma=INSPECTOR, InformeId=14, RutaFirmada=/App_Data/Uploads/Inspecciones/InformesTecnicos/Firmados/InformeTecnico_14_v2_inspector_20260330150211.pdf
2026-03-30 15:02:13.403 | INFO  | CID:5ca3585da85f | USR:USU_ADMIN | Inspeccion/FirmarInformeInspector | Acción completada: Inspeccion/FirmarInformeInspector
2026-03-30 15:02:13.403 | INFO  | CID:fb4bfec2ea6f | USR:USU_ADMIN | Inspeccion/Detalle | [GestionInspeccion] Inicio Detalle. InspeccionId=14, Usuario=USU_ADMIN, Rol=Administrador,Inspector,JefaturaTecnica,Direccion,CoordinacionLegal
2026-03-30 15:02:13.421 | INFO  | CID:fb4bfec2ea6f | USR:USU_ADMIN | Inspeccion/Detalle | [GestionInspeccion] InspeccionId=14, SolicitudId=113, EstadoActual=VERIFICACION_SOLICITUD, InspectorAsignado=1709565459
2026-03-30 15:02:13.421 | INFO  | CID:fb4bfec2ea6f | USR:USU_ADMIN | Inspeccion/Detalle | [GestionInspeccion] PuedeGestionar=True para detalle. InspeccionId=14
2026-03-30 15:02:13.918 | INFO  | CID:fb4bfec2ea6f | USR:USU_ADMIN | Inspeccion/Detalle | [InspectoresDAO-DB2] Query obtener por cedula: SELECT TRIM(OPICED) AS OPICED, TRIM(OPINO2) AS OPINO2, TRIM(OPIES1) AS OPIES1, TRIM(OPITIP) AS OPITIP FROM DGACDAT.OPIAR2 WHERE OPICED = ? AND UPPER(TRIM(COALESCE(OPIES1, ''))) = ? FETCH FIRST 1 ROW ONLY
2026-03-30 15:02:13.934 | INFO  | CID:fb4bfec2ea6f | USR:USU_ADMIN | Inspeccion/Detalle | [InspectoresDAO-DB2] Parametros => cedula=1709565459, soloActivos=True, tipos=TODOS
2026-03-30 15:02:13.936 | INFO  | CID:fb4bfec2ea6f | USR:USU_ADMIN | Inspeccion/Detalle | [GestionInspeccion] Detalle inspectores enriquecidos. InspeccionId=14, PrincipalCedula=1709565459, PrincipalNombre=CATOTA TORRES LUIS WILKIR, PrincipalTipo=OPS, ApoyoCedula=, ApoyoNombre=, ApoyoTipo=
2026-03-30 15:02:15.036 | INFO  | CID:N/A | Procesando email 110 para gercavi82@gmail.com
2026-03-30 15:02:15.690 | INFO  | CID:N/A | Email 110 enviado exitosamente
2026-03-30 15:04:04.925 | INFO  | CID:94162febee15 | USR:USU_ADMIN | Inspeccion/Index | [InspeccionesController] Inicio pantalla gestion inspecciones. Usuario=USU_ADMIN, Rol=Administrador,Inspector,JefaturaTecnica,Direccion,CoordinacionLegal
2026-03-30 15:04:04.930 | INFO  | CID:94162febee15 | USR:USU_ADMIN | Inspeccion/Index | [InspeccionesController] Inspecciones recibidas=18
2026-03-30 15:04:29.239 | INFO  | CID:c3e74079a1dc | USR:USU_ADMIN | Inspeccion/Detalle | [GestionInspeccion] Inicio Detalle. InspeccionId=11, Usuario=USU_ADMIN, Rol=Administrador,Inspector,JefaturaTecnica,Direccion,CoordinacionLegal
2026-03-30 15:04:29.248 | INFO  | CID:c3e74079a1dc | USR:USU_ADMIN | Inspeccion/Detalle | [GestionInspeccion] InspeccionId=11, SolicitudId=169, EstadoActual=RESULTADO_NO_SATISFACTORIO, InspectorAsignado=1709565459
2026-03-30 15:04:29.249 | INFO  | CID:c3e74079a1dc | USR:USU_ADMIN | Inspeccion/Detalle | [GestionInspeccion] PuedeGestionar=True para detalle. InspeccionId=11
2026-03-30 15:04:29.698 | INFO  | CID:c3e74079a1dc | USR:USU_ADMIN | Inspeccion/Detalle | [InspectoresDAO-DB2] Query obtener por cedula: SELECT TRIM(OPICED) AS OPICED, TRIM(OPINO2) AS OPINO2, TRIM(OPIES1) AS OPIES1, TRIM(OPITIP) AS OPITIP FROM DGACDAT.OPIAR2 WHERE OPICED = ? AND UPPER(TRIM(COALESCE(OPIES1, ''))) = ? FETCH FIRST 1 ROW ONLY
2026-03-30 15:04:29.699 | INFO  | CID:c3e74079a1dc | USR:USU_ADMIN | Inspeccion/Detalle | [InspectoresDAO-DB2] Parametros => cedula=1709565459, soloActivos=True, tipos=TODOS
2026-03-30 15:04:29.705 | INFO  | CID:c3e74079a1dc | USR:USU_ADMIN | Inspeccion/Detalle | [GestionInspeccion] Detalle inspectores enriquecidos. InspeccionId=11, PrincipalCedula=1709565459, PrincipalNombre=CATOTA TORRES LUIS WILKIR, PrincipalTipo=OPS, ApoyoCedula=, ApoyoNombre=, ApoyoTipo=
2026-03-30 16:42:33.915 | INFO  | CID:N/A | Iniciando procesador de cola de correos
2026-03-30 16:43:21.399 | INFO  | CID:f8a0e950eab5 | Account/Login | Iniciando acción: Account/Login
2026-03-30 16:43:22.182 | INFO  | CID:f8a0e950eab5 | Account/Login | Acción completada: Account/Login
2026-03-30 16:43:34.564 | INFO  | CID:b16e11bac1a6 | Account/Login | Iniciando acción: Account/Login
2026-03-30 16:43:35.012 | INFO  | CID:b16e11bac1a6 | Account/Login | Acción completada: Account/Login
