2026-03-24 08:14:56.722 | INFO  | CID:N/A | Iniciando procesador de cola de correos
2026-03-24 08:15:21.437 | INFO  | CID:36e264ffed2f | Account/Login | Iniciando acción: Account/Login
2026-03-24 08:15:22.159 | INFO  | CID:36e264ffed2f | Account/Login | Acción completada: Account/Login
2026-03-24 09:01:49.104 | INFO  | CID:3c4d023f7f9e | Account/Login | Iniciando acción: Account/Login
2026-03-24 09:01:49.536 | INFO  | CID:3c4d023f7f9e | Account/Login | Acción completada: Account/Login
2026-03-24 10:41:50.193 | INFO  | CID:c3def5505685 | Account/Login | Iniciando acción: Account/Login
2026-03-24 10:41:50.624 | INFO  | CID:c3def5505685 | Account/Login | Acción completada: Account/Login
2026-03-24 10:42:02.435 | INFO  | CID:d85a9d65ad4a | Account/Login | Iniciando acción: Account/Login
2026-03-24 10:42:03.009 | INFO  | CID:d85a9d65ad4a | Account/Login | Acción completada: Account/Login
2026-03-24 10:43:01.073 | INFO  | CID:046a7b5713e1 | USR:USU_ADMIN | Inspeccion/Index | [InspeccionesController] Inicio pantalla gestion inspecciones. Usuario=USU_ADMIN, Rol=Administrador,Inspector,JefaturaTecnica,Direccion,CoordinacionLegal
2026-03-24 10:43:01.137 | INFO  | CID:046a7b5713e1 | USR:USU_ADMIN | Inspeccion/Index | [InspeccionesController] Inspecciones recibidas=11
2026-03-24 10:43:07.681 | INFO  | CID:715ba53ce680 | USR:USU_ADMIN | Inspeccion/Detalle | [GestionInspeccion] Inicio Detalle. InspeccionId=10, Usuario=USU_ADMIN, Rol=Administrador,Inspector,JefaturaTecnica,Direccion,CoordinacionLegal
2026-03-24 10:43:07.696 | INFO  | CID:715ba53ce680 | USR:USU_ADMIN | Inspeccion/Detalle | [GestionInspeccion] InspeccionId=10, SolicitudId=118, EstadoActual=VERIFICACION_SOLICITUD, InspectorAsignado=1709565459
2026-03-24 10:43:07.697 | INFO  | CID:715ba53ce680 | USR:USU_ADMIN | Inspeccion/Detalle | [GestionInspeccion] PuedeGestionar=True para detalle. InspeccionId=10
2026-03-24 10:43:08.999 | INFO  | CID:715ba53ce680 | USR:USU_ADMIN | Inspeccion/Detalle | [InspectoresDAO-DB2] Query obtener por cedula: SELECT TRIM(OPICED) AS OPICED, TRIM(OPINO2) AS OPINO2, TRIM(OPIES1) AS OPIES1, TRIM(OPITIP) AS OPITIP FROM DGACDAT.OPIAR2 WHERE OPICED = ? AND UPPER(TRIM(COALESCE(OPIES1, ''))) = ? FETCH FIRST 1 ROW ONLY
2026-03-24 10:43:09.014 | INFO  | CID:715ba53ce680 | USR:USU_ADMIN | Inspeccion/Detalle | [InspectoresDAO-DB2] Parametros => cedula=1709565459, soloActivos=True, tipos=TODOS
2026-03-24 10:43:09.089 | INFO  | CID:715ba53ce680 | USR:USU_ADMIN | Inspeccion/Detalle | [GestionInspeccion] Detalle inspectores enriquecidos. InspeccionId=10, PrincipalCedula=1709565459, PrincipalNombre=CATOTA TORRES LUIS WILKIR, PrincipalTipo=OPS, ApoyoCedula=, ApoyoNombre=, ApoyoTipo=
2026-03-24 11:54:26.590 | INFO  | CID:N/A | Iniciando procesador de cola de correos
2026-03-24 11:54:47.294 | INFO  | CID:d6145bb01a5f | Account/Login | Iniciando acción: Account/Login
2026-03-24 11:54:47.974 | INFO  | CID:d6145bb01a5f | Account/Login | Acción completada: Account/Login
2026-03-24 11:55:19.401 | ERROR | CID:96a5e623505f | USR:USU_ADMIN | Dashboard/Inspector | ERR:INTERNAL_ERROR | 42703: column s.codigo_oaci does not exist

POSITION: 256
    Exception: PostgresException
    StackTrace:    en Npgsql.Internal.NpgsqlConnector.<ReadMessageLong>d__231.MoveNext()
--- Fin del seguimiento de la pila de la ubicación anterior donde se produjo la excepción ---
   en System.Runtime.ExceptionServices.ExceptionDispatchInfo.Throw()
   en Npgsql.NpgsqlDataReader.<NextResult>d__52.MoveNext()
--- Fin del seguimiento de la pila de la ubicación anterior donde se produjo la excepción ---
   en System.Runtime.ExceptionServices.ExceptionDispatchInfo.Throw()
   en Npgsql.NpgsqlDataReader.<NextResult>d__52.MoveNext()
--- Fin del seguimiento de la pila de la ubicación anterior donde se produjo la excepción ---
   en System.Runtime.ExceptionServices.ExceptionDispatchInfo.Throw()
   en System.Runtime.CompilerServices.TaskAwaiter.HandleNonSuccessAndDebuggerNotification(Task task)
   en Npgsql.NpgsqlDataReader.NextResult()
   en Npgsql.NpgsqlCommand.<ExecuteReader>d__119.MoveNext()
--- Fin del seguimiento de la pila de la ubicación anterior donde se produjo la excepción ---
   en System.Runtime.ExceptionServices.ExceptionDispatchInfo.Throw()
   en Npgsql.NpgsqlCommand.<ExecuteReader>d__119.MoveNext()
--- Fin del seguimiento de la pila de la ubicación anterior donde se produjo la excepción ---
   en System.Runtime.ExceptionServices.ExceptionDispatchInfo.Throw()
   en System.Runtime.CompilerServices.TaskAwaiter.HandleNonSuccessAndDebuggerNotification(Task task)
   en Npgsql.NpgsqlCommand.ExecuteReader(CommandBehavior behavior)
   en CapaPresentacion.Services.InspectorDashboardService.ObtenerDashboard(Int32 codigoInspector, Nullable`1 fechaDesde, Nullable`1 fechaHasta, String estado, String compania, Nullable`1 codigoSolicitud) en C:\AOCR\AOCR\AOCR05-01-2026\AOCR1\AOCR\CapaPresentacion\Services\InspectorDashboardService.cs:línea 96
   en CapaPresentacion.Controllers.DashboardController.Inspector(Nullable`1 fechaDesde, Nullable`1 fechaHasta, String estado, String compania, Nullable`1 codigoSolicitud) en C:\AOCR\AOCR\AOCR05-01-2026\AOCR1\AOCR\CapaPresentacion\Controllers\DashboardController.cs:línea 123
   en lambda_method(Closure , ControllerBase , Object[] )
   en System.Web.Mvc.ControllerActionInvoker.InvokeActionMethod(ControllerContext controllerContext, ActionDescriptor actionDescriptor, IDictionary`2 parameters)
   en System.Web.Mvc.Async.AsyncControllerActionInvoker.<>c.<BeginInvokeSynchronousActionMethod>b__9_0(IAsyncResult asyncResult, ActionInvocation innerInvokeState)
   en System.Web.Mvc.Async.AsyncResultWrapper.WrappedAsyncResult`2.CallEndDelegate(IAsyncResult asyncResult)
   en System.Web.Mvc.Async.AsyncControllerActionInvoker.EndInvokeActionMethod(IAsyncResult asyncResult)
   en System.Web.Mvc.Async.AsyncControllerActionInvoker.AsyncInvocationWithFilters.<>c__DisplayClass11_0.<InvokeActionMethodFilterAsynchronouslyRecursive>b__0()
   en System.Web.Mvc.Async.AsyncControllerActionInvoker.AsyncInvocationWithFilters.<>c__DisplayClass11_2.<InvokeActionMethodFilterAsynchronouslyRecursive>b__2()
   en System.Web.Mvc.Async.AsyncControllerActionInvoker.AsyncInvocationWithFilters.<>c__DisplayClass11_2.<InvokeActionMethodFilterAsynchronouslyRecursive>b__2()
   en System.Web.Mvc.Async.AsyncControllerActionInvoker.AsyncInvocationWithFilters.<>c__DisplayClass11_2.<InvokeActionMethodFilterAsynchronouslyRecursive>b__2()
   en System.Web.Mvc.Async.AsyncControllerActionInvoker.EndInvokeActionMethodWithFilters(IAsyncResult asyncResult)
   en System.Web.Mvc.Async.AsyncControllerActionInvoker.<>c__DisplayClass3_6.<BeginInvokeAction>b__4()
   en System.Web.Mvc.Async.AsyncControllerActionInvoker.<>c__DisplayClass3_1.<BeginInvokeAction>b__1(IAsyncResult asyncResult)
2026-03-24 11:58:09.588 | ERROR | CID:302ad3e56b14 | USR:USU_ADMIN | Dashboard/Inspector | ERR:INTERNAL_ERROR | 42703: column s.codigo_oaci does not exist

POSITION: 256
    Exception: PostgresException
    StackTrace:    en Npgsql.Internal.NpgsqlConnector.<ReadMessageLong>d__231.MoveNext()
--- Fin del seguimiento de la pila de la ubicación anterior donde se produjo la excepción ---
   en System.Runtime.ExceptionServices.ExceptionDispatchInfo.Throw()
   en Npgsql.NpgsqlDataReader.<NextResult>d__52.MoveNext()
--- Fin del seguimiento de la pila de la ubicación anterior donde se produjo la excepción ---
   en System.Runtime.ExceptionServices.ExceptionDispatchInfo.Throw()
   en Npgsql.NpgsqlDataReader.<NextResult>d__52.MoveNext()
--- Fin del seguimiento de la pila de la ubicación anterior donde se produjo la excepción ---
   en System.Runtime.ExceptionServices.ExceptionDispatchInfo.Throw()
   en System.Runtime.CompilerServices.TaskAwaiter.HandleNonSuccessAndDebuggerNotification(Task task)
   en Npgsql.NpgsqlDataReader.NextResult()
   en Npgsql.NpgsqlCommand.<ExecuteReader>d__119.MoveNext()
--- Fin del seguimiento de la pila de la ubicación anterior donde se produjo la excepción ---
   en System.Runtime.ExceptionServices.ExceptionDispatchInfo.Throw()
   en Npgsql.NpgsqlCommand.<ExecuteReader>d__119.MoveNext()
--- Fin del seguimiento de la pila de la ubicación anterior donde se produjo la excepción ---
   en System.Runtime.ExceptionServices.ExceptionDispatchInfo.Throw()
   en System.Runtime.CompilerServices.TaskAwaiter.HandleNonSuccessAndDebuggerNotification(Task task)
   en Npgsql.NpgsqlCommand.ExecuteReader(CommandBehavior behavior)
   en CapaPresentacion.Services.InspectorDashboardService.ObtenerDashboard(Int32 codigoInspector, Nullable`1 fechaDesde, Nullable`1 fechaHasta, String estado, String compania, Nullable`1 codigoSolicitud) en C:\AOCR\AOCR\AOCR05-01-2026\AOCR1\AOCR\CapaPresentacion\Services\InspectorDashboardService.cs:línea 96
   en CapaPresentacion.Controllers.DashboardController.Inspector(Nullable`1 fechaDesde, Nullable`1 fechaHasta, String estado, String compania, Nullable`1 codigoSolicitud) en C:\AOCR\AOCR\AOCR05-01-2026\AOCR1\AOCR\CapaPresentacion\Controllers\DashboardController.cs:línea 123
   en lambda_method(Closure , ControllerBase , Object[] )
   en System.Web.Mvc.ControllerActionInvoker.InvokeActionMethod(ControllerContext controllerContext, ActionDescriptor actionDescriptor, IDictionary`2 parameters)
   en System.Web.Mvc.Async.AsyncControllerActionInvoker.<>c.<BeginInvokeSynchronousActionMethod>b__9_0(IAsyncResult asyncResult, ActionInvocation innerInvokeState)
   en System.Web.Mvc.Async.AsyncResultWrapper.WrappedAsyncResult`2.CallEndDelegate(IAsyncResult asyncResult)
   en System.Web.Mvc.Async.AsyncControllerActionInvoker.EndInvokeActionMethod(IAsyncResult asyncResult)
   en System.Web.Mvc.Async.AsyncControllerActionInvoker.AsyncInvocationWithFilters.<>c__DisplayClass11_0.<InvokeActionMethodFilterAsynchronouslyRecursive>b__0()
   en System.Web.Mvc.Async.AsyncControllerActionInvoker.AsyncInvocationWithFilters.<>c__DisplayClass11_2.<InvokeActionMethodFilterAsynchronouslyRecursive>b__2()
   en System.Web.Mvc.Async.AsyncControllerActionInvoker.AsyncInvocationWithFilters.<>c__DisplayClass11_2.<InvokeActionMethodFilterAsynchronouslyRecursive>b__2()
   en System.Web.Mvc.Async.AsyncControllerActionInvoker.AsyncInvocationWithFilters.<>c__DisplayClass11_2.<InvokeActionMethodFilterAsynchronouslyRecursive>b__2()
   en System.Web.Mvc.Async.AsyncControllerActionInvoker.EndInvokeActionMethodWithFilters(IAsyncResult asyncResult)
   en System.Web.Mvc.Async.AsyncControllerActionInvoker.<>c__DisplayClass3_6.<BeginInvokeAction>b__4()
   en System.Web.Mvc.Async.AsyncControllerActionInvoker.<>c__DisplayClass3_1.<BeginInvokeAction>b__1(IAsyncResult asyncResult)
2026-03-24 11:58:29.948 | ERROR | CID:60fdd91f6393 | USR:USU_ADMIN | Dashboard/Inspector | ERR:INTERNAL_ERROR | 42703: column s.codigo_oaci does not exist

POSITION: 256
    Exception: PostgresException
    StackTrace:    en Npgsql.Internal.NpgsqlConnector.<ReadMessageLong>d__231.MoveNext()
--- Fin del seguimiento de la pila de la ubicación anterior donde se produjo la excepción ---
   en System.Runtime.ExceptionServices.ExceptionDispatchInfo.Throw()
   en Npgsql.NpgsqlDataReader.<NextResult>d__52.MoveNext()
--- Fin del seguimiento de la pila de la ubicación anterior donde se produjo la excepción ---
   en System.Runtime.ExceptionServices.ExceptionDispatchInfo.Throw()
   en Npgsql.NpgsqlDataReader.<NextResult>d__52.MoveNext()
--- Fin del seguimiento de la pila de la ubicación anterior donde se produjo la excepción ---
   en System.Runtime.ExceptionServices.ExceptionDispatchInfo.Throw()
   en System.Runtime.CompilerServices.TaskAwaiter.HandleNonSuccessAndDebuggerNotification(Task task)
   en Npgsql.NpgsqlDataReader.NextResult()
   en Npgsql.NpgsqlCommand.<ExecuteReader>d__119.MoveNext()
--- Fin del seguimiento de la pila de la ubicación anterior donde se produjo la excepción ---
   en System.Runtime.ExceptionServices.ExceptionDispatchInfo.Throw()
   en Npgsql.NpgsqlCommand.<ExecuteReader>d__119.MoveNext()
--- Fin del seguimiento de la pila de la ubicación anterior donde se produjo la excepción ---
   en System.Runtime.ExceptionServices.ExceptionDispatchInfo.Throw()
   en System.Runtime.CompilerServices.TaskAwaiter.HandleNonSuccessAndDebuggerNotification(Task task)
   en Npgsql.NpgsqlCommand.ExecuteReader(CommandBehavior behavior)
   en CapaPresentacion.Services.InspectorDashboardService.ObtenerDashboard(Int32 codigoInspector, Nullable`1 fechaDesde, Nullable`1 fechaHasta, String estado, String compania, Nullable`1 codigoSolicitud) en C:\AOCR\AOCR\AOCR05-01-2026\AOCR1\AOCR\CapaPresentacion\Services\InspectorDashboardService.cs:línea 96
   en CapaPresentacion.Controllers.DashboardController.Inspector(Nullable`1 fechaDesde, Nullable`1 fechaHasta, String estado, String compania, Nullable`1 codigoSolicitud) en C:\AOCR\AOCR\AOCR05-01-2026\AOCR1\AOCR\CapaPresentacion\Controllers\DashboardController.cs:línea 123
   en lambda_method(Closure , ControllerBase , Object[] )
   en System.Web.Mvc.ControllerActionInvoker.InvokeActionMethod(ControllerContext controllerContext, ActionDescriptor actionDescriptor, IDictionary`2 parameters)
   en System.Web.Mvc.Async.AsyncControllerActionInvoker.<>c.<BeginInvokeSynchronousActionMethod>b__9_0(IAsyncResult asyncResult, ActionInvocation innerInvokeState)
   en System.Web.Mvc.Async.AsyncResultWrapper.WrappedAsyncResult`2.CallEndDelegate(IAsyncResult asyncResult)
   en System.Web.Mvc.Async.AsyncControllerActionInvoker.EndInvokeActionMethod(IAsyncResult asyncResult)
   en System.Web.Mvc.Async.AsyncControllerActionInvoker.AsyncInvocationWithFilters.<>c__DisplayClass11_0.<InvokeActionMethodFilterAsynchronouslyRecursive>b__0()
   en System.Web.Mvc.Async.AsyncControllerActionInvoker.AsyncInvocationWithFilters.<>c__DisplayClass11_2.<InvokeActionMethodFilterAsynchronouslyRecursive>b__2()
   en System.Web.Mvc.Async.AsyncControllerActionInvoker.AsyncInvocationWithFilters.<>c__DisplayClass11_2.<InvokeActionMethodFilterAsynchronouslyRecursive>b__2()
   en System.Web.Mvc.Async.AsyncControllerActionInvoker.AsyncInvocationWithFilters.<>c__DisplayClass11_2.<InvokeActionMethodFilterAsynchronouslyRecursive>b__2()
   en System.Web.Mvc.Async.AsyncControllerActionInvoker.EndInvokeActionMethodWithFilters(IAsyncResult asyncResult)
   en System.Web.Mvc.Async.AsyncControllerActionInvoker.<>c__DisplayClass3_6.<BeginInvokeAction>b__4()
   en System.Web.Mvc.Async.AsyncControllerActionInvoker.<>c__DisplayClass3_1.<BeginInvokeAction>b__1(IAsyncResult asyncResult)
2026-03-24 12:03:33.526 | INFO  | CID:N/A | Iniciando procesador de cola de correos
2026-03-24 12:04:01.656 | INFO  | CID:da45649ca0ac | Account/Login | Iniciando acción: Account/Login
2026-03-24 12:04:02.406 | INFO  | CID:da45649ca0ac | Account/Login | Acción completada: Account/Login
2026-03-24 12:04:41.803 | INFO  | CID:N/A | USR:USU_ADMIN | Inspeccion/Index | AuditTrailService: Tabla aocr_audit_trail verificada/creada.
2026-03-24 12:04:41.819 | INFO  | CID:d60bf34b73a3 | USR:USU_ADMIN | Inspeccion/Index | [InspeccionesController] Inicio pantalla gestion inspecciones. Usuario=USU_ADMIN, Rol=Administrador,Inspector,JefaturaTecnica,Direccion,CoordinacionLegal
2026-03-24 12:04:41.835 | INFO  | CID:d60bf34b73a3 | USR:USU_ADMIN | Inspeccion/Index | [InspeccionesController] Inspecciones recibidas=11
2026-03-24 12:04:59.509 | INFO  | CID:a2ff21cd30ca | USR:USU_ADMIN | Inspeccion/Index | [InspeccionesController] Inicio pantalla gestion inspecciones. Usuario=USU_ADMIN, Rol=Administrador,Inspector,JefaturaTecnica,Direccion,CoordinacionLegal
2026-03-24 12:04:59.513 | INFO  | CID:a2ff21cd30ca | USR:USU_ADMIN | Inspeccion/Index | [InspeccionesController] Inspecciones recibidas=11
2026-03-24 12:05:03.555 | INFO  | CID:89f3cc84f101 | USR:USU_ADMIN | Inspeccion/Detalle | [GestionInspeccion] Inicio Detalle. InspeccionId=10, Usuario=USU_ADMIN, Rol=Administrador,Inspector,JefaturaTecnica,Direccion,CoordinacionLegal
2026-03-24 12:05:03.566 | INFO  | CID:89f3cc84f101 | USR:USU_ADMIN | Inspeccion/Detalle | [GestionInspeccion] InspeccionId=10, SolicitudId=118, EstadoActual=VERIFICACION_SOLICITUD, InspectorAsignado=1709565459
2026-03-24 12:05:03.568 | INFO  | CID:89f3cc84f101 | USR:USU_ADMIN | Inspeccion/Detalle | [GestionInspeccion] PuedeGestionar=True para detalle. InspeccionId=10
2026-03-24 12:05:04.946 | INFO  | CID:89f3cc84f101 | USR:USU_ADMIN | Inspeccion/Detalle | [InspectoresDAO-DB2] Query obtener por cedula: SELECT TRIM(OPICED) AS OPICED, TRIM(OPINO2) AS OPINO2, TRIM(OPIES1) AS OPIES1, TRIM(OPITIP) AS OPITIP FROM DGACDAT.OPIAR2 WHERE OPICED = ? AND UPPER(TRIM(COALESCE(OPIES1, ''))) = ? FETCH FIRST 1 ROW ONLY
2026-03-24 12:05:04.946 | INFO  | CID:89f3cc84f101 | USR:USU_ADMIN | Inspeccion/Detalle | [InspectoresDAO-DB2] Parametros => cedula=1709565459, soloActivos=True, tipos=TODOS
2026-03-24 12:05:05.014 | INFO  | CID:89f3cc84f101 | USR:USU_ADMIN | Inspeccion/Detalle | [GestionInspeccion] Detalle inspectores enriquecidos. InspeccionId=10, PrincipalCedula=1709565459, PrincipalNombre=CATOTA TORRES LUIS WILKIR, PrincipalTipo=OPS, ApoyoCedula=, ApoyoNombre=, ApoyoTipo=
2026-03-24 12:10:31.037 | INFO  | CID:c0c5fd266bf3 | Account/Login | Iniciando acción: Account/Login
2026-03-24 12:10:33.510 | INFO  | CID:c0c5fd266bf3 | Account/Login | Acción completada: Account/Login
2026-03-24 12:10:43.589 | INFO  | CID:1e7f5aa133c7 | USR:GACAJAS | Account/SeleccionarCompania | Iniciando acción: Account/SeleccionarCompania
2026-03-24 12:10:45.490 | INFO  | CID:1e7f5aa133c7 | USR:GACAJAS | Account/SeleccionarCompania | Acción completada: Account/SeleccionarCompania
2026-03-24 12:13:37.921 | INFO  | CID:fb44a8db64e4 | USR:GACAJAS | SolicitudAOCR/FormularioCompleto | Iniciando acción: SolicitudAOCR/FormularioCompleto
2026-03-24 12:13:41.368 | INFO  | CID:20b6f659e4bc | USR:GACAJAS | SolicitudAOCR/FormularioCompleto | Enviando correo a german.cajas@aviacioncivil.gob.ec, Asunto: AOCR - Solicitud registrada DGAC-GOP-2026-AOCR153
2026-03-24 12:13:41.722 | INFO  | CID:20b6f659e4bc | USR:GACAJAS | SolicitudAOCR/FormularioCompleto | Correo enviado exitosamente a german.cajas@aviacioncivil.gob.ec
2026-03-24 12:13:41.722 | INFO  | CID:fb44a8db64e4 | USR:GACAJAS | SolicitudAOCR/FormularioCompleto | Acción completada: SolicitudAOCR/FormularioCompleto
2026-03-24 12:14:29.417 | INFO  | CID:d8ec86707a6a | Account/Login | Iniciando acción: Account/Login
2026-03-24 12:14:29.840 | INFO  | CID:d8ec86707a6a | Account/Login | Acción completada: Account/Login
2026-03-24 12:19:10.014 | INFO  | CID:1f9ad5082bea | USR:USU_ADMIN | Tecnico/Index | [InspeccionesController] Inicio pantalla gestion (Tecnico/Index). Usuario=USU_ADMIN, Rol=Administrador,Direccion,JefaturaTecnica
2026-03-24 12:19:10.021 | INFO  | CID:1f9ad5082bea | USR:USU_ADMIN | Tecnico/Index | [InspeccionesController] DAO.ObtenerPendientesAsignacion inicio. EstadosFiltro=PENDIENTE_ASIGNACION_RT,PENDIENTE ASIGNACION RT,PENDIENTE,ACEPTACION_DOCUMENTAL,DOCUMENTACION_COMPLETA,DOCUMENTOS_COMPLETOS,PENDIENTE_ASIGNACION_TECNICA,PENDIENTE ASIGNACION TECNICA,PENDIENTE_ASIGNACION,ACEPTACION DOCUMENTAL,DOCUMENTACION COMPLETA
2026-03-24 12:19:10.026 | INFO  | CID:1f9ad5082bea | USR:USU_ADMIN | Tecnico/Index | [InspeccionesController] EstadoDetectado=PENDIENTE, Total=135
2026-03-24 12:19:10.026 | INFO  | CID:1f9ad5082bea | USR:USU_ADMIN | Tecnico/Index | [InspeccionesController] EstadoDetectado=EN INSPECCION, Total=12
2026-03-24 12:19:10.027 | INFO  | CID:1f9ad5082bea | USR:USU_ADMIN | Tecnico/Index | [InspeccionesController] EstadoDetectado=OBSERVADA, Total=6
2026-03-24 12:19:10.043 | INFO  | CID:1f9ad5082bea | USR:USU_ADMIN | Tecnico/Index | [InspeccionesController] DiagnosticoPendientes => totalSolicitudes=135, conInspeccion=0, conInspectorAsignado=0, conInspeccionSinInspector=0
2026-03-24 12:19:10.049 | INFO  | CID:1f9ad5082bea | USR:USU_ADMIN | Tecnico/Index | [InspeccionesController] DAO.ObtenerPendientesAsignacion resultado=40
2026-03-24 12:19:10.049 | INFO  | CID:1f9ad5082bea | USR:USU_ADMIN | Tecnico/Index | [InspeccionesController] PendienteEjemplo[0] SolicitudId=168, Estado=Pendiente, Numero=DGAC-GOP-2026-AOCR151
2026-03-24 12:19:10.049 | INFO  | CID:1f9ad5082bea | USR:USU_ADMIN | Tecnico/Index | [InspeccionesController] PendienteEjemplo[1] SolicitudId=113, Estado=Pendiente, Numero=DGAC-GOP-2026-AOCR096
2026-03-24 12:19:10.049 | INFO  | CID:1f9ad5082bea | USR:USU_ADMIN | Tecnico/Index | [InspeccionesController] PendienteEjemplo[2] SolicitudId=111, Estado=Pendiente, Numero=DGAC-GOP-2026-AOCR094
2026-03-24 12:19:10.049 | INFO  | CID:1f9ad5082bea | USR:USU_ADMIN | Tecnico/Index | [InspeccionesController] PendienteEjemplo[3] SolicitudId=92, Estado=Pendiente, Numero=DGAC-GOP-2026-AOCR075
2026-03-24 12:19:10.049 | INFO  | CID:1f9ad5082bea | USR:USU_ADMIN | Tecnico/Index | [InspeccionesController] PendienteEjemplo[4] SolicitudId=87, Estado=Pendiente, Numero=DGAC-GOP-2026-AOCR070
2026-03-24 12:19:10.049 | INFO  | CID:1f9ad5082bea | USR:USU_ADMIN | Tecnico/Index | [InspeccionesController] Pendientes para asignacion=40
2026-03-24 12:20:22.359 | INFO  | CID:a624699d9353 | USR:USU_ADMIN | SolicitudAOCR/RevisarDocumentoItem | Iniciando acción: SolicitudAOCR/RevisarDocumentoItem
2026-03-24 12:20:22.410 | INFO  | CID:a624699d9353 | USR:USU_ADMIN | SolicitudAOCR/RevisarDocumentoItem | Acción completada: SolicitudAOCR/RevisarDocumentoItem
2026-03-24 12:20:30.455 | INFO  | CID:a72078cac831 | USR:USU_ADMIN | SolicitudAOCR/RevisarDocumentoItem | Iniciando acción: SolicitudAOCR/RevisarDocumentoItem
2026-03-24 12:20:30.700 | INFO  | CID:a72078cac831 | USR:USU_ADMIN | SolicitudAOCR/RevisarDocumentoItem | Acción completada: SolicitudAOCR/RevisarDocumentoItem
2026-03-24 12:20:42.472 | INFO  | CID:e9ecc5bcb44f | USR:USU_ADMIN | SolicitudAOCR/RevisarDocumentoItem | Iniciando acción: SolicitudAOCR/RevisarDocumentoItem
2026-03-24 12:20:42.720 | INFO  | CID:e9ecc5bcb44f | USR:USU_ADMIN | SolicitudAOCR/RevisarDocumentoItem | Acción completada: SolicitudAOCR/RevisarDocumentoItem
2026-03-24 12:20:50.020 | INFO  | CID:34e824611390 | USR:USU_ADMIN | SolicitudAOCR/RevisarDocumentoItem | Iniciando acción: SolicitudAOCR/RevisarDocumentoItem
2026-03-24 12:20:50.252 | INFO  | CID:34e824611390 | USR:USU_ADMIN | SolicitudAOCR/RevisarDocumentoItem | Acción completada: SolicitudAOCR/RevisarDocumentoItem
2026-03-24 12:20:59.108 | INFO  | CID:9310f3461d88 | USR:USU_ADMIN | SolicitudAOCR/RevisarDocumentoItem | Iniciando acción: SolicitudAOCR/RevisarDocumentoItem
2026-03-24 12:20:59.157 | INFO  | CID:9310f3461d88 | USR:USU_ADMIN | SolicitudAOCR/RevisarDocumentoItem | Acción completada: SolicitudAOCR/RevisarDocumentoItem
2026-03-24 12:21:17.058 | INFO  | CID:1b2fa40ce6a8 | USR:USU_ADMIN | SolicitudAOCR/RevisarDocumentoItem | Iniciando acción: SolicitudAOCR/RevisarDocumentoItem
2026-03-24 12:21:17.312 | INFO  | CID:1b2fa40ce6a8 | USR:USU_ADMIN | SolicitudAOCR/RevisarDocumentoItem | Acción completada: SolicitudAOCR/RevisarDocumentoItem
2026-03-24 12:21:26.629 | INFO  | CID:e0883bfcf169 | USR:USU_ADMIN | SolicitudAOCR/RevisarDocumentoItem | Iniciando acción: SolicitudAOCR/RevisarDocumentoItem
2026-03-24 12:21:26.924 | INFO  | CID:e0883bfcf169 | USR:USU_ADMIN | SolicitudAOCR/RevisarDocumentoItem | Acción completada: SolicitudAOCR/RevisarDocumentoItem
2026-03-24 12:21:34.026 | INFO  | CID:01673a1a58d8 | USR:USU_ADMIN | SolicitudAOCR/RevisarDocumentoItem | Iniciando acción: SolicitudAOCR/RevisarDocumentoItem
2026-03-24 12:21:34.066 | INFO  | CID:01673a1a58d8 | USR:USU_ADMIN | SolicitudAOCR/RevisarDocumentoItem | Acción completada: SolicitudAOCR/RevisarDocumentoItem
2026-03-24 12:21:46.522 | INFO  | CID:f7d9ed7bafc8 | USR:USU_ADMIN | SolicitudAOCR/RevisarDocumentoItem | Iniciando acción: SolicitudAOCR/RevisarDocumentoItem
2026-03-24 12:21:46.777 | INFO  | CID:f7d9ed7bafc8 | USR:USU_ADMIN | SolicitudAOCR/RevisarDocumentoItem | Acción completada: SolicitudAOCR/RevisarDocumentoItem
2026-03-24 12:21:53.268 | INFO  | CID:dbde3cfdf015 | USR:USU_ADMIN | SolicitudAOCR/FinalizarRevisionDocumental | Iniciando acción: SolicitudAOCR/FinalizarRevisionDocumental
2026-03-24 12:21:53.999 | INFO  | CID:dbde3cfdf015 | USR:USU_ADMIN | SolicitudAOCR/FinalizarRevisionDocumental | Acción completada: SolicitudAOCR/FinalizarRevisionDocumental
2026-03-24 12:21:57.268 | INFO  | CID:N/A | Procesando email 93 para german.cajas@aviacioncivil.gob.ec
2026-03-24 12:21:57.506 | INFO  | CID:N/A | Email 93 enviado exitosamente
2026-03-24 12:22:18.601 | INFO  | CID:9708c9fc4dab | USR:USU_ADMIN | Tecnico/Index | [InspeccionesController] Inicio pantalla gestion (Tecnico/Index). Usuario=USU_ADMIN, Rol=Administrador,Direccion,JefaturaTecnica
2026-03-24 12:22:18.601 | INFO  | CID:9708c9fc4dab | USR:USU_ADMIN | Tecnico/Index | [InspeccionesController] DAO.ObtenerPendientesAsignacion inicio. EstadosFiltro=PENDIENTE_ASIGNACION_RT,PENDIENTE ASIGNACION RT,PENDIENTE,ACEPTACION_DOCUMENTAL,DOCUMENTACION_COMPLETA,DOCUMENTOS_COMPLETOS,PENDIENTE_ASIGNACION_TECNICA,PENDIENTE ASIGNACION TECNICA,PENDIENTE_ASIGNACION,ACEPTACION DOCUMENTAL,DOCUMENTACION COMPLETA
2026-03-24 12:22:18.605 | INFO  | CID:9708c9fc4dab | USR:USU_ADMIN | Tecnico/Index | [InspeccionesController] EstadoDetectado=PENDIENTE, Total=134
2026-03-24 12:22:18.606 | INFO  | CID:9708c9fc4dab | USR:USU_ADMIN | Tecnico/Index | [InspeccionesController] EstadoDetectado=EN INSPECCION, Total=12
2026-03-24 12:22:18.606 | INFO  | CID:9708c9fc4dab | USR:USU_ADMIN | Tecnico/Index | [InspeccionesController] EstadoDetectado=OBSERVADA, Total=6
2026-03-24 12:22:18.607 | INFO  | CID:9708c9fc4dab | USR:USU_ADMIN | Tecnico/Index | [InspeccionesController] EstadoDetectado=ACEPTACION DOCUMENTAL, Total=1
2026-03-24 12:22:18.610 | INFO  | CID:9708c9fc4dab | USR:USU_ADMIN | Tecnico/Index | [InspeccionesController] DiagnosticoPendientes => totalSolicitudes=135, conInspeccion=0, conInspectorAsignado=0, conInspeccionSinInspector=0
2026-03-24 12:22:18.842 | INFO  | CID:9708c9fc4dab | USR:USU_ADMIN | Tecnico/Index | [InspeccionesController] DAO.ObtenerPendientesAsignacion resultado=40
2026-03-24 12:22:18.842 | INFO  | CID:9708c9fc4dab | USR:USU_ADMIN | Tecnico/Index | [InspeccionesController] PendienteEjemplo[0] SolicitudId=168, Estado=Pendiente, Numero=DGAC-GOP-2026-AOCR151
2026-03-24 12:22:18.842 | INFO  | CID:9708c9fc4dab | USR:USU_ADMIN | Tecnico/Index | [InspeccionesController] PendienteEjemplo[1] SolicitudId=113, Estado=Pendiente, Numero=DGAC-GOP-2026-AOCR096
2026-03-24 12:22:18.842 | INFO  | CID:9708c9fc4dab | USR:USU_ADMIN | Tecnico/Index | [InspeccionesController] PendienteEjemplo[2] SolicitudId=111, Estado=Pendiente, Numero=DGAC-GOP-2026-AOCR094
2026-03-24 12:22:18.842 | INFO  | CID:9708c9fc4dab | USR:USU_ADMIN | Tecnico/Index | [InspeccionesController] PendienteEjemplo[3] SolicitudId=92, Estado=Pendiente, Numero=DGAC-GOP-2026-AOCR075
2026-03-24 12:22:18.842 | INFO  | CID:9708c9fc4dab | USR:USU_ADMIN | Tecnico/Index | [InspeccionesController] PendienteEjemplo[4] SolicitudId=87, Estado=Pendiente, Numero=DGAC-GOP-2026-AOCR070
2026-03-24 12:22:18.842 | INFO  | CID:9708c9fc4dab | USR:USU_ADMIN | Tecnico/Index | [InspeccionesController] Pendientes para asignacion=40
2026-03-24 12:22:34.945 | INFO  | CID:a3c908853d97 | USR:USU_ADMIN | Tecnico/Index | [InspeccionesController] Inicio pantalla gestion (Tecnico/Index). Usuario=USU_ADMIN, Rol=Administrador,Direccion,JefaturaTecnica
2026-03-24 12:22:34.945 | INFO  | CID:a3c908853d97 | USR:USU_ADMIN | Tecnico/Index | [InspeccionesController] DAO.ObtenerPendientesAsignacion inicio. EstadosFiltro=PENDIENTE_ASIGNACION_RT,PENDIENTE ASIGNACION RT,PENDIENTE,ACEPTACION_DOCUMENTAL,DOCUMENTACION_COMPLETA,DOCUMENTOS_COMPLETOS,PENDIENTE_ASIGNACION_TECNICA,PENDIENTE ASIGNACION TECNICA,PENDIENTE_ASIGNACION,ACEPTACION DOCUMENTAL,DOCUMENTACION COMPLETA
2026-03-24 12:22:34.948 | INFO  | CID:a3c908853d97 | USR:USU_ADMIN | Tecnico/Index | [InspeccionesController] EstadoDetectado=PENDIENTE, Total=134
2026-03-24 12:22:34.948 | INFO  | CID:a3c908853d97 | USR:USU_ADMIN | Tecnico/Index | [InspeccionesController] EstadoDetectado=EN INSPECCION, Total=12
2026-03-24 12:22:34.949 | INFO  | CID:a3c908853d97 | USR:USU_ADMIN | Tecnico/Index | [InspeccionesController] EstadoDetectado=OBSERVADA, Total=6
2026-03-24 12:22:34.949 | INFO  | CID:a3c908853d97 | USR:USU_ADMIN | Tecnico/Index | [InspeccionesController] EstadoDetectado=ACEPTACION DOCUMENTAL, Total=1
2026-03-24 12:22:34.952 | INFO  | CID:a3c908853d97 | USR:USU_ADMIN | Tecnico/Index | [InspeccionesController] DiagnosticoPendientes => totalSolicitudes=135, conInspeccion=0, conInspectorAsignado=0, conInspeccionSinInspector=0
2026-03-24 12:22:34.967 | INFO  | CID:a3c908853d97 | USR:USU_ADMIN | Tecnico/Index | [InspeccionesController] DAO.ObtenerPendientesAsignacion resultado=40
2026-03-24 12:22:34.967 | INFO  | CID:a3c908853d97 | USR:USU_ADMIN | Tecnico/Index | [InspeccionesController] PendienteEjemplo[0] SolicitudId=168, Estado=Pendiente, Numero=DGAC-GOP-2026-AOCR151
2026-03-24 12:22:34.967 | INFO  | CID:a3c908853d97 | USR:USU_ADMIN | Tecnico/Index | [InspeccionesController] PendienteEjemplo[1] SolicitudId=113, Estado=Pendiente, Numero=DGAC-GOP-2026-AOCR096
2026-03-24 12:22:34.967 | INFO  | CID:a3c908853d97 | USR:USU_ADMIN | Tecnico/Index | [InspeccionesController] PendienteEjemplo[2] SolicitudId=111, Estado=Pendiente, Numero=DGAC-GOP-2026-AOCR094
2026-03-24 12:22:34.967 | INFO  | CID:a3c908853d97 | USR:USU_ADMIN | Tecnico/Index | [InspeccionesController] PendienteEjemplo[3] SolicitudId=92, Estado=Pendiente, Numero=DGAC-GOP-2026-AOCR075
2026-03-24 12:22:34.967 | INFO  | CID:a3c908853d97 | USR:USU_ADMIN | Tecnico/Index | [InspeccionesController] PendienteEjemplo[4] SolicitudId=87, Estado=Pendiente, Numero=DGAC-GOP-2026-AOCR070
2026-03-24 12:22:34.967 | INFO  | CID:a3c908853d97 | USR:USU_ADMIN | Tecnico/Index | [InspeccionesController] Pendientes para asignacion=40
2026-03-24 12:22:47.619 | INFO  | CID:f597420c78f2 | USR:USU_ADMIN | Tecnico/AsignarInspector | [InspeccionesController] Inicio pantalla gestion de asignacion. Usuario=USU_ADMIN, Rol=Administrador,Direccion,JefaturaTecnica, SolicitudId=168
2026-03-24 12:22:47.622 | INFO  | CID:f597420c78f2 | USR:USU_ADMIN | Tecnico/AsignarInspector | [InspeccionesController] SolicitudId=168, EstadoActual=Pendiente, NumeroSolicitud=DGAC-GOP-2026-AOCR151
2026-03-24 12:22:47.625 | INFO  | CID:f597420c78f2 | USR:USU_ADMIN | Tecnico/AsignarInspector | [InspectoresDAO-DB2] Inicio consulta inspectores
2026-03-24 12:22:47.625 | INFO  | CID:f597420c78f2 | USR:USU_ADMIN | Tecnico/AsignarInspector | [InspectoresDAO-DB2] Origen=DB2, Tabla=DGACDAT.OPIAR2
2026-03-24 12:22:47.625 | INFO  | CID:f597420c78f2 | USR:USU_ADMIN | Tecnico/AsignarInspector | [InspectoresDAO-DB2] ConnectionString(sanitizada)=Driver={iSeries Access ODBC Driver};system=190.152.8.185;database=DGACDAT;defaultcollection=DGACDAT;uid=****;pwd=****;connection timeout=30;query timeout=60
2026-03-24 12:22:47.625 | INFO  | CID:f597420c78f2 | USR:USU_ADMIN | Tecnico/AsignarInspector | [InspectoresDAO-DB2] Parametros => estado=AC (fallback: sin estado), tipo=OPS
2026-03-24 12:22:47.776 | INFO  | CID:f597420c78f2 | USR:USU_ADMIN | Tecnico/AsignarInspector | [InspectoresDAO-DB2] Conexion DB2 abierta OK
2026-03-24 12:22:47.781 | INFO  | CID:f597420c78f2 | USR:USU_ADMIN | Tecnico/AsignarInspector | [InspectoresDAO-DB2] Query ejecutada: SELECT TRIM(OPICED) AS OPICED, TRIM(OPINO2) AS OPINO2, TRIM(OPIES1) AS OPIES1, TRIM(OPITIP) AS OPITIP FROM DGACDAT.OPIAR2 WHERE 1 = 1 AND UPPER(TRIM(COALESCE(OPIES1, ''))) = ? AND OPITIP IN (?) ORDER BY OPINO2
2026-03-24 12:22:47.781 | INFO  | CID:f597420c78f2 | USR:USU_ADMIN | Tecnico/AsignarInspector | [InspectoresDAO-DB2] Filtros aplicados => soloActivos=True, tipos=OPS
2026-03-24 12:22:47.793 | INFO  | CID:f597420c78f2 | USR:USU_ADMIN | Tecnico/AsignarInspector | [InspectoresDAO-DB2] Registros obtenidos desde DB2: 19
2026-03-24 12:22:47.793 | INFO  | CID:f597420c78f2 | USR:USU_ADMIN | Tecnico/AsignarInspector | [InspectoresDAO-DB2] Ejemplo[0] => Cedula=0201377850, Nombre=ALEGRIA CHICO SANTIAGO REMIGIO, Estado=AC, Tipo=OPS
2026-03-24 12:22:47.794 | INFO  | CID:f597420c78f2 | USR:USU_ADMIN | Tecnico/AsignarInspector | [InspectoresDAO-DB2] Ejemplo[1] => Cedula=1709061814, Nombre=AVILA ZARATE EDISON JAVIER, Estado=AC, Tipo=OPS
2026-03-24 12:22:47.794 | INFO  | CID:f597420c78f2 | USR:USU_ADMIN | Tecnico/AsignarInspector | [InspectoresDAO-DB2] Ejemplo[2] => Cedula=1703863520, Nombre=BARRERA BARRENO LUIS GONZALO, Estado=AC, Tipo=OPS
2026-03-24 12:22:47.794 | INFO  | CID:f597420c78f2 | USR:USU_ADMIN | Tecnico/AsignarInspector | [InspectoresDAO-DB2] Ejemplo[3] => Cedula=1709565459, Nombre=CATOTA TORRES LUIS WILKIR, Estado=AC, Tipo=OPS
2026-03-24 12:22:47.795 | INFO  | CID:f597420c78f2 | USR:USU_ADMIN | Tecnico/AsignarInspector | [InspectoresDAO-DB2] Ejemplo[4] => Cedula=1720253846, Nombre=CHUSIN VILLALBA CARLOS ARTURO, Estado=AC, Tipo=OPS
2026-03-24 12:22:47.798 | INFO  | CID:f597420c78f2 | USR:USU_ADMIN | Tecnico/AsignarInspector | [InspectoresDAO-PG] Inicio consulta espejo inspectores
2026-03-24 12:22:47.799 | INFO  | CID:f597420c78f2 | USR:USU_ADMIN | Tecnico/AsignarInspector | [InspectoresDAO-PG] Tabla espejo: public.aocr_tbinspectores
2026-03-24 12:22:47.802 | WARN  | CID:f597420c78f2 | USR:USU_ADMIN | Tecnico/AsignarInspector | [InspectoresDAO-PG] No existe la tabla espejo aocr_tbinspectores.
2026-03-24 12:22:47.802 | WARN  | CID:f597420c78f2 | USR:USU_ADMIN | Tecnico/AsignarInspector | [InspectoresDAO-PG] Espejo no disponible (tabla inexistente). Flujo usa DB2 directo.
2026-03-24 12:22:47.803 | INFO  | CID:f597420c78f2 | USR:USU_ADMIN | Tecnico/AsignarInspector | [InspeccionesController] Origen inspectores=DB2, TipoFiltro=OPS, InspectoresRecibidos=19
2026-03-24 12:22:48.284 | INFO  | CID:f597420c78f2 | USR:USU_ADMIN | Tecnico/AsignarInspector | [InspeccionesController] ViewModel cargado correctamente. SolicitudId=168, ViewBagInspectores=19
2026-03-24 12:22:50.125 | INFO  | CID:efdef9599af1 | USR:USU_ADMIN | Tecnico/ListarInspectoresActivos | [InspeccionesController] Inicio endpoint AJAX inspectores. Usuario=USU_ADMIN, Rol=Administrador,Direccion,JefaturaTecnica, TipoInspector=OPS
2026-03-24 12:22:50.126 | INFO  | CID:efdef9599af1 | USR:USU_ADMIN | Tecnico/ListarInspectoresActivos | [InspectoresDAO-DB2] Inicio consulta inspectores
2026-03-24 12:22:50.126 | INFO  | CID:efdef9599af1 | USR:USU_ADMIN | Tecnico/ListarInspectoresActivos | [InspectoresDAO-DB2] Origen=DB2, Tabla=DGACDAT.OPIAR2
2026-03-24 12:22:50.127 | INFO  | CID:efdef9599af1 | USR:USU_ADMIN | Tecnico/ListarInspectoresActivos | [InspectoresDAO-DB2] ConnectionString(sanitizada)=Driver={iSeries Access ODBC Driver};system=190.152.8.185;database=DGACDAT;defaultcollection=DGACDAT;uid=****;pwd=****;connection timeout=30;query timeout=60
2026-03-24 12:22:50.127 | INFO  | CID:efdef9599af1 | USR:USU_ADMIN | Tecnico/ListarInspectoresActivos | [InspectoresDAO-DB2] Parametros => estado=AC (fallback: sin estado), tipo=OPS
2026-03-24 12:22:50.128 | INFO  | CID:efdef9599af1 | USR:USU_ADMIN | Tecnico/ListarInspectoresActivos | [InspectoresDAO-DB2] Conexion DB2 abierta OK
2026-03-24 12:22:50.128 | INFO  | CID:efdef9599af1 | USR:USU_ADMIN | Tecnico/ListarInspectoresActivos | [InspectoresDAO-DB2] Query ejecutada: SELECT TRIM(OPICED) AS OPICED, TRIM(OPINO2) AS OPINO2, TRIM(OPIES1) AS OPIES1, TRIM(OPITIP) AS OPITIP FROM DGACDAT.OPIAR2 WHERE 1 = 1 AND UPPER(TRIM(COALESCE(OPIES1, ''))) = ? AND OPITIP IN (?) ORDER BY OPINO2
2026-03-24 12:22:50.129 | INFO  | CID:efdef9599af1 | USR:USU_ADMIN | Tecnico/ListarInspectoresActivos | [InspectoresDAO-DB2] Filtros aplicados => soloActivos=True, tipos=OPS
2026-03-24 12:22:50.134 | INFO  | CID:efdef9599af1 | USR:USU_ADMIN | Tecnico/ListarInspectoresActivos | [InspectoresDAO-DB2] Registros obtenidos desde DB2: 19
2026-03-24 12:22:50.134 | INFO  | CID:efdef9599af1 | USR:USU_ADMIN | Tecnico/ListarInspectoresActivos | [InspectoresDAO-DB2] Ejemplo[0] => Cedula=0201377850, Nombre=ALEGRIA CHICO SANTIAGO REMIGIO, Estado=AC, Tipo=OPS
2026-03-24 12:22:50.135 | INFO  | CID:efdef9599af1 | USR:USU_ADMIN | Tecnico/ListarInspectoresActivos | [InspectoresDAO-DB2] Ejemplo[1] => Cedula=1709061814, Nombre=AVILA ZARATE EDISON JAVIER, Estado=AC, Tipo=OPS
2026-03-24 12:22:50.135 | INFO  | CID:efdef9599af1 | USR:USU_ADMIN | Tecnico/ListarInspectoresActivos | [InspectoresDAO-DB2] Ejemplo[2] => Cedula=1703863520, Nombre=BARRERA BARRENO LUIS GONZALO, Estado=AC, Tipo=OPS
2026-03-24 12:22:50.136 | INFO  | CID:efdef9599af1 | USR:USU_ADMIN | Tecnico/ListarInspectoresActivos | [InspectoresDAO-DB2] Ejemplo[3] => Cedula=1709565459, Nombre=CATOTA TORRES LUIS WILKIR, Estado=AC, Tipo=OPS
2026-03-24 12:22:50.136 | INFO  | CID:efdef9599af1 | USR:USU_ADMIN | Tecnico/ListarInspectoresActivos | [InspectoresDAO-DB2] Ejemplo[4] => Cedula=1720253846, Nombre=CHUSIN VILLALBA CARLOS ARTURO, Estado=AC, Tipo=OPS
2026-03-24 12:22:50.138 | INFO  | CID:efdef9599af1 | USR:USU_ADMIN | Tecnico/ListarInspectoresActivos | [InspeccionesController] Endpoint AJAX inspectores OK. Origen=DB2, Tipo=OPS, Cantidad=19
2026-03-24 12:23:05.454 | INFO  | CID:7c4426c2c542 | USR:USU_ADMIN | Tecnico/Index | [InspeccionesController] Inicio pantalla gestion (Tecnico/Index). Usuario=USU_ADMIN, Rol=Administrador,Direccion,JefaturaTecnica
2026-03-24 12:23:05.454 | INFO  | CID:7c4426c2c542 | USR:USU_ADMIN | Tecnico/Index | [InspeccionesController] DAO.ObtenerPendientesAsignacion inicio. EstadosFiltro=PENDIENTE_ASIGNACION_RT,PENDIENTE ASIGNACION RT,PENDIENTE,ACEPTACION_DOCUMENTAL,DOCUMENTACION_COMPLETA,DOCUMENTOS_COMPLETOS,PENDIENTE_ASIGNACION_TECNICA,PENDIENTE ASIGNACION TECNICA,PENDIENTE_ASIGNACION,ACEPTACION DOCUMENTAL,DOCUMENTACION COMPLETA
2026-03-24 12:23:05.457 | INFO  | CID:7c4426c2c542 | USR:USU_ADMIN | Tecnico/Index | [InspeccionesController] EstadoDetectado=PENDIENTE, Total=134
2026-03-24 12:23:05.458 | INFO  | CID:7c4426c2c542 | USR:USU_ADMIN | Tecnico/Index | [InspeccionesController] EstadoDetectado=EN INSPECCION, Total=12
2026-03-24 12:23:05.458 | INFO  | CID:7c4426c2c542 | USR:USU_ADMIN | Tecnico/Index | [InspeccionesController] EstadoDetectado=OBSERVADA, Total=6
2026-03-24 12:23:05.459 | INFO  | CID:7c4426c2c542 | USR:USU_ADMIN | Tecnico/Index | [InspeccionesController] EstadoDetectado=ACEPTACION DOCUMENTAL, Total=1
2026-03-24 12:23:05.461 | INFO  | CID:7c4426c2c542 | USR:USU_ADMIN | Tecnico/Index | [InspeccionesController] DiagnosticoPendientes => totalSolicitudes=135, conInspeccion=0, conInspectorAsignado=0, conInspeccionSinInspector=0
2026-03-24 12:23:05.471 | INFO  | CID:7c4426c2c542 | USR:USU_ADMIN | Tecnico/Index | [InspeccionesController] DAO.ObtenerPendientesAsignacion resultado=40
2026-03-24 12:23:05.471 | INFO  | CID:7c4426c2c542 | USR:USU_ADMIN | Tecnico/Index | [InspeccionesController] PendienteEjemplo[0] SolicitudId=168, Estado=Pendiente, Numero=DGAC-GOP-2026-AOCR151
2026-03-24 12:23:05.471 | INFO  | CID:7c4426c2c542 | USR:USU_ADMIN | Tecnico/Index | [InspeccionesController] PendienteEjemplo[1] SolicitudId=113, Estado=Pendiente, Numero=DGAC-GOP-2026-AOCR096
2026-03-24 12:23:05.486 | INFO  | CID:7c4426c2c542 | USR:USU_ADMIN | Tecnico/Index | [InspeccionesController] PendienteEjemplo[2] SolicitudId=111, Estado=Pendiente, Numero=DGAC-GOP-2026-AOCR094
2026-03-24 12:23:05.486 | INFO  | CID:7c4426c2c542 | USR:USU_ADMIN | Tecnico/Index | [InspeccionesController] PendienteEjemplo[3] SolicitudId=92, Estado=Pendiente, Numero=DGAC-GOP-2026-AOCR075
2026-03-24 12:23:05.486 | INFO  | CID:7c4426c2c542 | USR:USU_ADMIN | Tecnico/Index | [InspeccionesController] PendienteEjemplo[4] SolicitudId=87, Estado=Pendiente, Numero=DGAC-GOP-2026-AOCR070
2026-03-24 12:23:05.487 | INFO  | CID:7c4426c2c542 | USR:USU_ADMIN | Tecnico/Index | [InspeccionesController] Pendientes para asignacion=40
2026-03-24 13:56:26.422 | INFO  | CID:754047cbb126 | Account/Login | Iniciando acción: Account/Login
2026-03-24 13:56:26.844 | INFO  | CID:754047cbb126 | Account/Login | Acción completada: Account/Login
2026-03-24 13:57:53.138 | INFO  | CID:12d222e91bef | Account/Login | Iniciando acción: Account/Login
2026-03-24 13:57:53.570 | INFO  | CID:12d222e91bef | Account/Login | Acción completada: Account/Login
2026-03-24 13:58:07.677 | INFO  | CID:8542f70cee50 | USR:USU_ADMIN | Tecnico/Index | [InspeccionesController] Inicio pantalla gestion (Tecnico/Index). Usuario=USU_ADMIN, Rol=Administrador,Direccion,JefaturaTecnica
2026-03-24 13:58:07.678 | INFO  | CID:8542f70cee50 | USR:USU_ADMIN | Tecnico/Index | [InspeccionesController] DAO.ObtenerPendientesAsignacion inicio. EstadosFiltro=PENDIENTE_ASIGNACION_RT,PENDIENTE ASIGNACION RT,PENDIENTE,ACEPTACION_DOCUMENTAL,DOCUMENTACION_COMPLETA,DOCUMENTOS_COMPLETOS,PENDIENTE_ASIGNACION_TECNICA,PENDIENTE ASIGNACION TECNICA,PENDIENTE_ASIGNACION,ACEPTACION DOCUMENTAL,DOCUMENTACION COMPLETA
2026-03-24 13:58:07.681 | INFO  | CID:8542f70cee50 | USR:USU_ADMIN | Tecnico/Index | [InspeccionesController] EstadoDetectado=PENDIENTE, Total=134
2026-03-24 13:58:07.682 | INFO  | CID:8542f70cee50 | USR:USU_ADMIN | Tecnico/Index | [InspeccionesController] EstadoDetectado=EN INSPECCION, Total=12
2026-03-24 13:58:07.682 | INFO  | CID:8542f70cee50 | USR:USU_ADMIN | Tecnico/Index | [InspeccionesController] EstadoDetectado=OBSERVADA, Total=6
2026-03-24 13:58:07.683 | INFO  | CID:8542f70cee50 | USR:USU_ADMIN | Tecnico/Index | [InspeccionesController] EstadoDetectado=ACEPTACION DOCUMENTAL, Total=1
2026-03-24 13:58:07.685 | INFO  | CID:8542f70cee50 | USR:USU_ADMIN | Tecnico/Index | [InspeccionesController] DiagnosticoPendientes => totalSolicitudes=135, conInspeccion=0, conInspectorAsignado=0, conInspeccionSinInspector=0
2026-03-24 13:58:07.709 | INFO  | CID:8542f70cee50 | USR:USU_ADMIN | Tecnico/Index | [InspeccionesController] DAO.ObtenerPendientesAsignacion resultado=40
2026-03-24 13:58:07.709 | INFO  | CID:8542f70cee50 | USR:USU_ADMIN | Tecnico/Index | [InspeccionesController] PendienteEjemplo[0] SolicitudId=168, Estado=Pendiente, Numero=DGAC-GOP-2026-AOCR151
2026-03-24 13:58:07.710 | INFO  | CID:8542f70cee50 | USR:USU_ADMIN | Tecnico/Index | [InspeccionesController] PendienteEjemplo[1] SolicitudId=113, Estado=Pendiente, Numero=DGAC-GOP-2026-AOCR096
2026-03-24 13:58:07.710 | INFO  | CID:8542f70cee50 | USR:USU_ADMIN | Tecnico/Index | [InspeccionesController] PendienteEjemplo[2] SolicitudId=111, Estado=Pendiente, Numero=DGAC-GOP-2026-AOCR094
2026-03-24 13:58:07.710 | INFO  | CID:8542f70cee50 | USR:USU_ADMIN | Tecnico/Index | [InspeccionesController] PendienteEjemplo[3] SolicitudId=92, Estado=Pendiente, Numero=DGAC-GOP-2026-AOCR075
2026-03-24 13:58:07.710 | INFO  | CID:8542f70cee50 | USR:USU_ADMIN | Tecnico/Index | [InspeccionesController] PendienteEjemplo[4] SolicitudId=87, Estado=Pendiente, Numero=DGAC-GOP-2026-AOCR070
2026-03-24 13:58:07.710 | INFO  | CID:8542f70cee50 | USR:USU_ADMIN | Tecnico/Index | [InspeccionesController] Pendientes para asignacion=40
2026-03-24 13:58:40.185 | INFO  | CID:94d3c403d358 | USR:USU_ADMIN | Tecnico/Index | [InspeccionesController] Inicio pantalla gestion (Tecnico/Index). Usuario=USU_ADMIN, Rol=Administrador,Direccion,JefaturaTecnica
2026-03-24 13:58:40.186 | INFO  | CID:94d3c403d358 | USR:USU_ADMIN | Tecnico/Index | [InspeccionesController] DAO.ObtenerPendientesAsignacion inicio. EstadosFiltro=PENDIENTE_ASIGNACION_RT,PENDIENTE ASIGNACION RT,PENDIENTE,ACEPTACION_DOCUMENTAL,DOCUMENTACION_COMPLETA,DOCUMENTOS_COMPLETOS,PENDIENTE_ASIGNACION_TECNICA,PENDIENTE ASIGNACION TECNICA,PENDIENTE_ASIGNACION,ACEPTACION DOCUMENTAL,DOCUMENTACION COMPLETA
2026-03-24 13:58:40.188 | INFO  | CID:94d3c403d358 | USR:USU_ADMIN | Tecnico/Index | [InspeccionesController] EstadoDetectado=PENDIENTE, Total=134
2026-03-24 13:58:40.188 | INFO  | CID:94d3c403d358 | USR:USU_ADMIN | Tecnico/Index | [InspeccionesController] EstadoDetectado=EN INSPECCION, Total=12
2026-03-24 13:58:40.189 | INFO  | CID:94d3c403d358 | USR:USU_ADMIN | Tecnico/Index | [InspeccionesController] EstadoDetectado=OBSERVADA, Total=6
2026-03-24 13:58:40.190 | INFO  | CID:94d3c403d358 | USR:USU_ADMIN | Tecnico/Index | [InspeccionesController] EstadoDetectado=ACEPTACION DOCUMENTAL, Total=1
2026-03-24 13:58:40.193 | INFO  | CID:94d3c403d358 | USR:USU_ADMIN | Tecnico/Index | [InspeccionesController] DiagnosticoPendientes => totalSolicitudes=135, conInspeccion=0, conInspectorAsignado=0, conInspeccionSinInspector=0
2026-03-24 13:58:40.205 | INFO  | CID:94d3c403d358 | USR:USU_ADMIN | Tecnico/Index | [InspeccionesController] DAO.ObtenerPendientesAsignacion resultado=40
2026-03-24 13:58:40.205 | INFO  | CID:94d3c403d358 | USR:USU_ADMIN | Tecnico/Index | [InspeccionesController] PendienteEjemplo[0] SolicitudId=168, Estado=Pendiente, Numero=DGAC-GOP-2026-AOCR151
2026-03-24 13:58:40.205 | INFO  | CID:94d3c403d358 | USR:USU_ADMIN | Tecnico/Index | [InspeccionesController] PendienteEjemplo[1] SolicitudId=113, Estado=Pendiente, Numero=DGAC-GOP-2026-AOCR096
2026-03-24 13:58:40.205 | INFO  | CID:94d3c403d358 | USR:USU_ADMIN | Tecnico/Index | [InspeccionesController] PendienteEjemplo[2] SolicitudId=111, Estado=Pendiente, Numero=DGAC-GOP-2026-AOCR094
2026-03-24 13:58:40.205 | INFO  | CID:94d3c403d358 | USR:USU_ADMIN | Tecnico/Index | [InspeccionesController] PendienteEjemplo[3] SolicitudId=92, Estado=Pendiente, Numero=DGAC-GOP-2026-AOCR075
2026-03-24 13:58:40.205 | INFO  | CID:94d3c403d358 | USR:USU_ADMIN | Tecnico/Index | [InspeccionesController] PendienteEjemplo[4] SolicitudId=87, Estado=Pendiente, Numero=DGAC-GOP-2026-AOCR070
2026-03-24 13:58:40.205 | INFO  | CID:94d3c403d358 | USR:USU_ADMIN | Tecnico/Index | [InspeccionesController] Pendientes para asignacion=40
2026-03-24 13:58:45.480 | INFO  | CID:b3969711ec57 | USR:USU_ADMIN | Tecnico/AsignarInspector | [InspeccionesController] Inicio pantalla gestion de asignacion. Usuario=USU_ADMIN, Rol=Administrador,Direccion,JefaturaTecnica, SolicitudId=168
2026-03-24 13:58:45.483 | INFO  | CID:b3969711ec57 | USR:USU_ADMIN | Tecnico/AsignarInspector | [InspeccionesController] SolicitudId=168, EstadoActual=Pendiente, NumeroSolicitud=DGAC-GOP-2026-AOCR151
2026-03-24 13:58:45.485 | INFO  | CID:b3969711ec57 | USR:USU_ADMIN | Tecnico/AsignarInspector | [InspectoresDAO-DB2] Inicio consulta inspectores
2026-03-24 13:58:45.485 | INFO  | CID:b3969711ec57 | USR:USU_ADMIN | Tecnico/AsignarInspector | [InspectoresDAO-DB2] Origen=DB2, Tabla=DGACDAT.OPIAR2
2026-03-24 13:58:45.486 | INFO  | CID:b3969711ec57 | USR:USU_ADMIN | Tecnico/AsignarInspector | [InspectoresDAO-DB2] ConnectionString(sanitizada)=Driver={iSeries Access ODBC Driver};system=190.152.8.185;database=DGACDAT;defaultcollection=DGACDAT;uid=****;pwd=****;connection timeout=30;query timeout=60
2026-03-24 13:58:45.486 | INFO  | CID:b3969711ec57 | USR:USU_ADMIN | Tecnico/AsignarInspector | [InspectoresDAO-DB2] Parametros => estado=AC (fallback: sin estado), tipo=OPS
2026-03-24 13:58:45.639 | INFO  | CID:b3969711ec57 | USR:USU_ADMIN | Tecnico/AsignarInspector | [InspectoresDAO-DB2] Conexion DB2 abierta OK
2026-03-24 13:58:45.640 | INFO  | CID:b3969711ec57 | USR:USU_ADMIN | Tecnico/AsignarInspector | [InspectoresDAO-DB2] Query ejecutada: SELECT TRIM(OPICED) AS OPICED, TRIM(OPINO2) AS OPINO2, TRIM(OPIES1) AS OPIES1, TRIM(OPITIP) AS OPITIP FROM DGACDAT.OPIAR2 WHERE 1 = 1 AND UPPER(TRIM(COALESCE(OPIES1, ''))) = ? AND OPITIP IN (?) ORDER BY OPINO2
2026-03-24 13:58:45.640 | INFO  | CID:b3969711ec57 | USR:USU_ADMIN | Tecnico/AsignarInspector | [InspectoresDAO-DB2] Filtros aplicados => soloActivos=True, tipos=OPS
2026-03-24 13:58:45.658 | INFO  | CID:b3969711ec57 | USR:USU_ADMIN | Tecnico/AsignarInspector | [InspectoresDAO-DB2] Registros obtenidos desde DB2: 19
2026-03-24 13:58:45.659 | INFO  | CID:b3969711ec57 | USR:USU_ADMIN | Tecnico/AsignarInspector | [InspectoresDAO-DB2] Ejemplo[0] => Cedula=0201377850, Nombre=ALEGRIA CHICO SANTIAGO REMIGIO, Estado=AC, Tipo=OPS
2026-03-24 13:58:45.659 | INFO  | CID:b3969711ec57 | USR:USU_ADMIN | Tecnico/AsignarInspector | [InspectoresDAO-DB2] Ejemplo[1] => Cedula=1709061814, Nombre=AVILA ZARATE EDISON JAVIER, Estado=AC, Tipo=OPS
2026-03-24 13:58:45.659 | INFO  | CID:b3969711ec57 | USR:USU_ADMIN | Tecnico/AsignarInspector | [InspectoresDAO-DB2] Ejemplo[2] => Cedula=1703863520, Nombre=BARRERA BARRENO LUIS GONZALO, Estado=AC, Tipo=OPS
2026-03-24 13:58:45.660 | INFO  | CID:b3969711ec57 | USR:USU_ADMIN | Tecnico/AsignarInspector | [InspectoresDAO-DB2] Ejemplo[3] => Cedula=1709565459, Nombre=CATOTA TORRES LUIS WILKIR, Estado=AC, Tipo=OPS
2026-03-24 13:58:45.660 | INFO  | CID:b3969711ec57 | USR:USU_ADMIN | Tecnico/AsignarInspector | [InspectoresDAO-DB2] Ejemplo[4] => Cedula=1720253846, Nombre=CHUSIN VILLALBA CARLOS ARTURO, Estado=AC, Tipo=OPS
2026-03-24 13:58:45.661 | INFO  | CID:b3969711ec57 | USR:USU_ADMIN | Tecnico/AsignarInspector | [InspectoresDAO-PG] Inicio consulta espejo inspectores
2026-03-24 13:58:45.662 | INFO  | CID:b3969711ec57 | USR:USU_ADMIN | Tecnico/AsignarInspector | [InspectoresDAO-PG] Tabla espejo: public.aocr_tbinspectores
2026-03-24 13:58:45.664 | WARN  | CID:b3969711ec57 | USR:USU_ADMIN | Tecnico/AsignarInspector | [InspectoresDAO-PG] No existe la tabla espejo aocr_tbinspectores.
2026-03-24 13:58:45.665 | WARN  | CID:b3969711ec57 | USR:USU_ADMIN | Tecnico/AsignarInspector | [InspectoresDAO-PG] Espejo no disponible (tabla inexistente). Flujo usa DB2 directo.
2026-03-24 13:58:45.665 | INFO  | CID:b3969711ec57 | USR:USU_ADMIN | Tecnico/AsignarInspector | [InspeccionesController] Origen inspectores=DB2, TipoFiltro=OPS, InspectoresRecibidos=19
2026-03-24 13:58:45.665 | INFO  | CID:b3969711ec57 | USR:USU_ADMIN | Tecnico/AsignarInspector | [InspeccionesController] ViewModel cargado correctamente. SolicitudId=168, ViewBagInspectores=19
2026-03-24 13:58:46.318 | INFO  | CID:07b91aaff68c | USR:USU_ADMIN | Tecnico/ListarInspectoresActivos | [InspeccionesController] Inicio endpoint AJAX inspectores. Usuario=USU_ADMIN, Rol=Administrador,Direccion,JefaturaTecnica, TipoInspector=OPS
2026-03-24 13:58:46.319 | INFO  | CID:07b91aaff68c | USR:USU_ADMIN | Tecnico/ListarInspectoresActivos | [InspectoresDAO-DB2] Inicio consulta inspectores
2026-03-24 13:58:46.319 | INFO  | CID:07b91aaff68c | USR:USU_ADMIN | Tecnico/ListarInspectoresActivos | [InspectoresDAO-DB2] Origen=DB2, Tabla=DGACDAT.OPIAR2
2026-03-24 13:58:46.321 | INFO  | CID:07b91aaff68c | USR:USU_ADMIN | Tecnico/ListarInspectoresActivos | [InspectoresDAO-DB2] ConnectionString(sanitizada)=Driver={iSeries Access ODBC Driver};system=190.152.8.185;database=DGACDAT;defaultcollection=DGACDAT;uid=****;pwd=****;connection timeout=30;query timeout=60
2026-03-24 13:58:46.321 | INFO  | CID:07b91aaff68c | USR:USU_ADMIN | Tecnico/ListarInspectoresActivos | [InspectoresDAO-DB2] Parametros => estado=AC (fallback: sin estado), tipo=OPS
2026-03-24 13:58:46.580 | INFO  | CID:07b91aaff68c | USR:USU_ADMIN | Tecnico/ListarInspectoresActivos | [InspectoresDAO-DB2] Conexion DB2 abierta OK
2026-03-24 13:58:46.582 | INFO  | CID:07b91aaff68c | USR:USU_ADMIN | Tecnico/ListarInspectoresActivos | [InspectoresDAO-DB2] Query ejecutada: SELECT TRIM(OPICED) AS OPICED, TRIM(OPINO2) AS OPINO2, TRIM(OPIES1) AS OPIES1, TRIM(OPITIP) AS OPITIP FROM DGACDAT.OPIAR2 WHERE 1 = 1 AND UPPER(TRIM(COALESCE(OPIES1, ''))) = ? AND OPITIP IN (?) ORDER BY OPINO2
2026-03-24 13:58:46.585 | INFO  | CID:07b91aaff68c | USR:USU_ADMIN | Tecnico/ListarInspectoresActivos | [InspectoresDAO-DB2] Filtros aplicados => soloActivos=True, tipos=OPS
2026-03-24 13:58:46.611 | INFO  | CID:07b91aaff68c | USR:USU_ADMIN | Tecnico/ListarInspectoresActivos | [InspectoresDAO-DB2] Registros obtenidos desde DB2: 19
2026-03-24 13:58:46.612 | INFO  | CID:07b91aaff68c | USR:USU_ADMIN | Tecnico/ListarInspectoresActivos | [InspectoresDAO-DB2] Ejemplo[0] => Cedula=0201377850, Nombre=ALEGRIA CHICO SANTIAGO REMIGIO, Estado=AC, Tipo=OPS
2026-03-24 13:58:46.613 | INFO  | CID:07b91aaff68c | USR:USU_ADMIN | Tecnico/ListarInspectoresActivos | [InspectoresDAO-DB2] Ejemplo[1] => Cedula=1709061814, Nombre=AVILA ZARATE EDISON JAVIER, Estado=AC, Tipo=OPS
2026-03-24 13:58:46.614 | INFO  | CID:07b91aaff68c | USR:USU_ADMIN | Tecnico/ListarInspectoresActivos | [InspectoresDAO-DB2] Ejemplo[2] => Cedula=1703863520, Nombre=BARRERA BARRENO LUIS GONZALO, Estado=AC, Tipo=OPS
2026-03-24 13:58:46.614 | INFO  | CID:07b91aaff68c | USR:USU_ADMIN | Tecnico/ListarInspectoresActivos | [InspectoresDAO-DB2] Ejemplo[3] => Cedula=1709565459, Nombre=CATOTA TORRES LUIS WILKIR, Estado=AC, Tipo=OPS
2026-03-24 13:58:46.615 | INFO  | CID:07b91aaff68c | USR:USU_ADMIN | Tecnico/ListarInspectoresActivos | [InspectoresDAO-DB2] Ejemplo[4] => Cedula=1720253846, Nombre=CHUSIN VILLALBA CARLOS ARTURO, Estado=AC, Tipo=OPS
2026-03-24 13:58:46.616 | INFO  | CID:07b91aaff68c | USR:USU_ADMIN | Tecnico/ListarInspectoresActivos | [InspeccionesController] Endpoint AJAX inspectores OK. Origen=DB2, Tipo=OPS, Cantidad=19
2026-03-24 13:59:12.588 | INFO  | CID:c8841ff78a4a | USR:USU_ADMIN | Tecnico/Index | [InspeccionesController] Inicio pantalla gestion (Tecnico/Index). Usuario=USU_ADMIN, Rol=Administrador,Direccion,JefaturaTecnica
2026-03-24 13:59:12.589 | INFO  | CID:c8841ff78a4a | USR:USU_ADMIN | Tecnico/Index | [InspeccionesController] DAO.ObtenerPendientesAsignacion inicio. EstadosFiltro=PENDIENTE_ASIGNACION_RT,PENDIENTE ASIGNACION RT,PENDIENTE,ACEPTACION_DOCUMENTAL,DOCUMENTACION_COMPLETA,DOCUMENTOS_COMPLETOS,PENDIENTE_ASIGNACION_TECNICA,PENDIENTE ASIGNACION TECNICA,PENDIENTE_ASIGNACION,ACEPTACION DOCUMENTAL,DOCUMENTACION COMPLETA
2026-03-24 13:59:12.593 | INFO  | CID:c8841ff78a4a | USR:USU_ADMIN | Tecnico/Index | [InspeccionesController] EstadoDetectado=PENDIENTE, Total=134
2026-03-24 13:59:12.594 | INFO  | CID:c8841ff78a4a | USR:USU_ADMIN | Tecnico/Index | [InspeccionesController] EstadoDetectado=EN INSPECCION, Total=12
2026-03-24 13:59:12.594 | INFO  | CID:c8841ff78a4a | USR:USU_ADMIN | Tecnico/Index | [InspeccionesController] EstadoDetectado=OBSERVADA, Total=6
2026-03-24 13:59:12.594 | INFO  | CID:c8841ff78a4a | USR:USU_ADMIN | Tecnico/Index | [InspeccionesController] EstadoDetectado=ACEPTACION DOCUMENTAL, Total=1
2026-03-24 13:59:12.598 | INFO  | CID:c8841ff78a4a | USR:USU_ADMIN | Tecnico/Index | [InspeccionesController] DiagnosticoPendientes => totalSolicitudes=135, conInspeccion=0, conInspectorAsignado=0, conInspeccionSinInspector=0
2026-03-24 13:59:12.811 | INFO  | CID:c8841ff78a4a | USR:USU_ADMIN | Tecnico/Index | [InspeccionesController] DAO.ObtenerPendientesAsignacion resultado=40
2026-03-24 13:59:12.811 | INFO  | CID:c8841ff78a4a | USR:USU_ADMIN | Tecnico/Index | [InspeccionesController] PendienteEjemplo[0] SolicitudId=168, Estado=Pendiente, Numero=DGAC-GOP-2026-AOCR151
2026-03-24 13:59:12.811 | INFO  | CID:c8841ff78a4a | USR:USU_ADMIN | Tecnico/Index | [InspeccionesController] PendienteEjemplo[1] SolicitudId=113, Estado=Pendiente, Numero=DGAC-GOP-2026-AOCR096
2026-03-24 13:59:12.811 | INFO  | CID:c8841ff78a4a | USR:USU_ADMIN | Tecnico/Index | [InspeccionesController] PendienteEjemplo[2] SolicitudId=111, Estado=Pendiente, Numero=DGAC-GOP-2026-AOCR094
2026-03-24 13:59:12.817 | INFO  | CID:c8841ff78a4a | USR:USU_ADMIN | Tecnico/Index | [InspeccionesController] PendienteEjemplo[3] SolicitudId=92, Estado=Pendiente, Numero=DGAC-GOP-2026-AOCR075
2026-03-24 13:59:12.817 | INFO  | CID:c8841ff78a4a | USR:USU_ADMIN | Tecnico/Index | [InspeccionesController] PendienteEjemplo[4] SolicitudId=87, Estado=Pendiente, Numero=DGAC-GOP-2026-AOCR070
2026-03-24 13:59:12.817 | INFO  | CID:c8841ff78a4a | USR:USU_ADMIN | Tecnico/Index | [InspeccionesController] Pendientes para asignacion=40
2026-03-24 14:03:42.033 | INFO  | CID:N/A | Iniciando procesador de cola de correos
2026-03-24 14:04:02.850 | INFO  | CID:33f381130a97 | Account/Login | Iniciando acción: Account/Login
2026-03-24 14:04:03.580 | INFO  | CID:33f381130a97 | Account/Login | Acción completada: Account/Login
2026-03-24 14:04:18.544 | INFO  | CID:0f2008e5d879 | USR:USU_ADMIN | Tecnico/Index | [InspeccionesController] Inicio pantalla gestion (Tecnico/Index). Usuario=USU_ADMIN, Rol=Administrador,Direccion,JefaturaTecnica
2026-03-24 14:04:18.556 | INFO  | CID:0f2008e5d879 | USR:USU_ADMIN | Tecnico/Index | [InspeccionesController] DAO.ObtenerPendientesAsignacion inicio. EstadosFiltro=PENDIENTE_ASIGNACION_RT,PENDIENTE ASIGNACION RT,PENDIENTE,ACEPTACION_DOCUMENTAL,DOCUMENTACION_COMPLETA,DOCUMENTOS_COMPLETOS,PENDIENTE_ASIGNACION_TECNICA,PENDIENTE ASIGNACION TECNICA,PENDIENTE_ASIGNACION,ACEPTACION DOCUMENTAL,DOCUMENTACION COMPLETA
2026-03-24 14:04:18.556 | INFO  | CID:0f2008e5d879 | USR:USU_ADMIN | Tecnico/Index | [InspeccionesController] EstadoDetectado=PENDIENTE, Total=134
2026-03-24 14:04:18.556 | INFO  | CID:0f2008e5d879 | USR:USU_ADMIN | Tecnico/Index | [InspeccionesController] EstadoDetectado=EN INSPECCION, Total=12
2026-03-24 14:04:18.556 | INFO  | CID:0f2008e5d879 | USR:USU_ADMIN | Tecnico/Index | [InspeccionesController] EstadoDetectado=OBSERVADA, Total=6
2026-03-24 14:04:18.556 | INFO  | CID:0f2008e5d879 | USR:USU_ADMIN | Tecnico/Index | [InspeccionesController] EstadoDetectado=ACEPTACION DOCUMENTAL, Total=1
2026-03-24 14:04:18.566 | INFO  | CID:0f2008e5d879 | USR:USU_ADMIN | Tecnico/Index | [InspeccionesController] DiagnosticoPendientes => totalSolicitudes=135, conInspeccion=0, conInspectorAsignado=0, conInspeccionSinInspector=0
2026-03-24 14:04:18.782 | INFO  | CID:0f2008e5d879 | USR:USU_ADMIN | Tecnico/Index | [InspeccionesController] DAO.ObtenerPendientesAsignacion resultado=41
2026-03-24 14:04:18.782 | INFO  | CID:0f2008e5d879 | USR:USU_ADMIN | Tecnico/Index | [InspeccionesController] PendienteEjemplo[0] SolicitudId=170, Estado=Aceptacion Documental, Numero=DGAC-GOP-2026-AOCR153
2026-03-24 14:04:18.782 | INFO  | CID:0f2008e5d879 | USR:USU_ADMIN | Tecnico/Index | [InspeccionesController] PendienteEjemplo[1] SolicitudId=168, Estado=Pendiente, Numero=DGAC-GOP-2026-AOCR151
2026-03-24 14:04:18.782 | INFO  | CID:0f2008e5d879 | USR:USU_ADMIN | Tecnico/Index | [InspeccionesController] PendienteEjemplo[2] SolicitudId=113, Estado=Pendiente, Numero=DGAC-GOP-2026-AOCR096
2026-03-24 14:04:18.782 | INFO  | CID:0f2008e5d879 | USR:USU_ADMIN | Tecnico/Index | [InspeccionesController] PendienteEjemplo[3] SolicitudId=111, Estado=Pendiente, Numero=DGAC-GOP-2026-AOCR094
2026-03-24 14:04:18.782 | INFO  | CID:0f2008e5d879 | USR:USU_ADMIN | Tecnico/Index | [InspeccionesController] PendienteEjemplo[4] SolicitudId=92, Estado=Pendiente, Numero=DGAC-GOP-2026-AOCR075
2026-03-24 14:04:18.797 | INFO  | CID:0f2008e5d879 | USR:USU_ADMIN | Tecnico/Index | [InspeccionesController] Pendientes para asignacion=41
2026-03-24 14:04:27.430 | INFO  | CID:4867332f5050 | USR:USU_ADMIN | Tecnico/AsignarInspector | [InspeccionesController] Inicio pantalla gestion de asignacion. Usuario=USU_ADMIN, Rol=Administrador,Direccion,JefaturaTecnica, SolicitudId=170
2026-03-24 14:04:27.435 | INFO  | CID:4867332f5050 | USR:USU_ADMIN | Tecnico/AsignarInspector | [InspeccionesController] SolicitudId=170, EstadoActual=Aceptacion Documental, NumeroSolicitud=DGAC-GOP-2026-AOCR153
2026-03-24 14:04:27.451 | INFO  | CID:4867332f5050 | USR:USU_ADMIN | Tecnico/AsignarInspector | [InspectoresDAO-DB2] Inicio consulta inspectores
2026-03-24 14:04:27.451 | INFO  | CID:4867332f5050 | USR:USU_ADMIN | Tecnico/AsignarInspector | [InspectoresDAO-DB2] Origen=DB2, Tabla=DGACDAT.OPIAR2
2026-03-24 14:04:27.468 | INFO  | CID:4867332f5050 | USR:USU_ADMIN | Tecnico/AsignarInspector | [InspectoresDAO-DB2] ConnectionString(sanitizada)=Driver={iSeries Access ODBC Driver};system=190.152.8.185;database=DGACDAT;defaultcollection=DGACDAT;uid=****;pwd=****;connection timeout=30;query timeout=60
2026-03-24 14:04:27.469 | INFO  | CID:4867332f5050 | USR:USU_ADMIN | Tecnico/AsignarInspector | [InspectoresDAO-DB2] Parametros => estado=AC (fallback: sin estado), tipo=OPS
2026-03-24 14:04:27.781 | INFO  | CID:4867332f5050 | USR:USU_ADMIN | Tecnico/AsignarInspector | [InspectoresDAO-DB2] Conexion DB2 abierta OK
2026-03-24 14:04:27.781 | INFO  | CID:4867332f5050 | USR:USU_ADMIN | Tecnico/AsignarInspector | [InspectoresDAO-DB2] Query ejecutada: SELECT TRIM(OPICED) AS OPICED, TRIM(OPINO2) AS OPINO2, TRIM(OPIES1) AS OPIES1, TRIM(OPITIP) AS OPITIP FROM DGACDAT.OPIAR2 WHERE 1 = 1 AND UPPER(TRIM(COALESCE(OPIES1, ''))) = ? AND OPITIP IN (?) ORDER BY OPINO2
2026-03-24 14:04:27.781 | INFO  | CID:4867332f5050 | USR:USU_ADMIN | Tecnico/AsignarInspector | [InspectoresDAO-DB2] Filtros aplicados => soloActivos=True, tipos=OPS
2026-03-24 14:04:27.866 | INFO  | CID:4867332f5050 | USR:USU_ADMIN | Tecnico/AsignarInspector | [InspectoresDAO-DB2] Registros obtenidos desde DB2: 19
2026-03-24 14:04:27.866 | INFO  | CID:4867332f5050 | USR:USU_ADMIN | Tecnico/AsignarInspector | [InspectoresDAO-DB2] Ejemplo[0] => Cedula=0201377850, Nombre=ALEGRIA CHICO SANTIAGO REMIGIO, Estado=AC, Tipo=OPS
2026-03-24 14:04:27.866 | INFO  | CID:4867332f5050 | USR:USU_ADMIN | Tecnico/AsignarInspector | [InspectoresDAO-DB2] Ejemplo[1] => Cedula=1709061814, Nombre=AVILA ZARATE EDISON JAVIER, Estado=AC, Tipo=OPS
2026-03-24 14:04:27.867 | INFO  | CID:4867332f5050 | USR:USU_ADMIN | Tecnico/AsignarInspector | [InspectoresDAO-DB2] Ejemplo[2] => Cedula=1703863520, Nombre=BARRERA BARRENO LUIS GONZALO, Estado=AC, Tipo=OPS
2026-03-24 14:04:27.867 | INFO  | CID:4867332f5050 | USR:USU_ADMIN | Tecnico/AsignarInspector | [InspectoresDAO-DB2] Ejemplo[3] => Cedula=1709565459, Nombre=CATOTA TORRES LUIS WILKIR, Estado=AC, Tipo=OPS
2026-03-24 14:04:27.867 | INFO  | CID:4867332f5050 | USR:USU_ADMIN | Tecnico/AsignarInspector | [InspectoresDAO-DB2] Ejemplo[4] => Cedula=1720253846, Nombre=CHUSIN VILLALBA CARLOS ARTURO, Estado=AC, Tipo=OPS
2026-03-24 14:04:27.871 | INFO  | CID:4867332f5050 | USR:USU_ADMIN | Tecnico/AsignarInspector | [InspectoresDAO-PG] Inicio consulta espejo inspectores
2026-03-24 14:04:27.872 | INFO  | CID:4867332f5050 | USR:USU_ADMIN | Tecnico/AsignarInspector | [InspectoresDAO-PG] Tabla espejo: public.aocr_tbinspectores
2026-03-24 14:04:27.874 | WARN  | CID:4867332f5050 | USR:USU_ADMIN | Tecnico/AsignarInspector | [InspectoresDAO-PG] No existe la tabla espejo aocr_tbinspectores.
2026-03-24 14:04:27.875 | WARN  | CID:4867332f5050 | USR:USU_ADMIN | Tecnico/AsignarInspector | [InspectoresDAO-PG] Espejo no disponible (tabla inexistente). Flujo usa DB2 directo.
2026-03-24 14:04:27.875 | INFO  | CID:4867332f5050 | USR:USU_ADMIN | Tecnico/AsignarInspector | [InspeccionesController] Origen inspectores=DB2, TipoFiltro=OPS, InspectoresRecibidos=19
2026-03-24 14:04:28.336 | INFO  | CID:4867332f5050 | USR:USU_ADMIN | Tecnico/AsignarInspector | [InspeccionesController] ViewModel cargado correctamente. SolicitudId=170, ViewBagInspectores=19
2026-03-24 14:04:30.394 | INFO  | CID:58792942bef2 | USR:USU_ADMIN | Tecnico/ListarInspectoresActivos | [InspeccionesController] Inicio endpoint AJAX inspectores. Usuario=USU_ADMIN, Rol=Administrador,Direccion,JefaturaTecnica, TipoInspector=OPS
2026-03-24 14:04:30.395 | INFO  | CID:58792942bef2 | USR:USU_ADMIN | Tecnico/ListarInspectoresActivos | [InspectoresDAO-DB2] Inicio consulta inspectores
2026-03-24 14:04:30.395 | INFO  | CID:58792942bef2 | USR:USU_ADMIN | Tecnico/ListarInspectoresActivos | [InspectoresDAO-DB2] Origen=DB2, Tabla=DGACDAT.OPIAR2
2026-03-24 14:04:30.396 | INFO  | CID:58792942bef2 | USR:USU_ADMIN | Tecnico/ListarInspectoresActivos | [InspectoresDAO-DB2] ConnectionString(sanitizada)=Driver={iSeries Access ODBC Driver};system=190.152.8.185;database=DGACDAT;defaultcollection=DGACDAT;uid=****;pwd=****;connection timeout=30;query timeout=60
2026-03-24 14:04:30.398 | INFO  | CID:58792942bef2 | USR:USU_ADMIN | Tecnico/ListarInspectoresActivos | [InspectoresDAO-DB2] Parametros => estado=AC (fallback: sin estado), tipo=OPS
2026-03-24 14:04:30.399 | INFO  | CID:58792942bef2 | USR:USU_ADMIN | Tecnico/ListarInspectoresActivos | [InspectoresDAO-DB2] Conexion DB2 abierta OK
2026-03-24 14:04:30.399 | INFO  | CID:58792942bef2 | USR:USU_ADMIN | Tecnico/ListarInspectoresActivos | [InspectoresDAO-DB2] Query ejecutada: SELECT TRIM(OPICED) AS OPICED, TRIM(OPINO2) AS OPINO2, TRIM(OPIES1) AS OPIES1, TRIM(OPITIP) AS OPITIP FROM DGACDAT.OPIAR2 WHERE 1 = 1 AND UPPER(TRIM(COALESCE(OPIES1, ''))) = ? AND OPITIP IN (?) ORDER BY OPINO2
2026-03-24 14:04:30.400 | INFO  | CID:58792942bef2 | USR:USU_ADMIN | Tecnico/ListarInspectoresActivos | [InspectoresDAO-DB2] Filtros aplicados => soloActivos=True, tipos=OPS
2026-03-24 14:04:30.406 | INFO  | CID:58792942bef2 | USR:USU_ADMIN | Tecnico/ListarInspectoresActivos | [InspectoresDAO-DB2] Registros obtenidos desde DB2: 19
2026-03-24 14:04:30.407 | INFO  | CID:58792942bef2 | USR:USU_ADMIN | Tecnico/ListarInspectoresActivos | [InspectoresDAO-DB2] Ejemplo[0] => Cedula=0201377850, Nombre=ALEGRIA CHICO SANTIAGO REMIGIO, Estado=AC, Tipo=OPS
2026-03-24 14:04:30.407 | INFO  | CID:58792942bef2 | USR:USU_ADMIN | Tecnico/ListarInspectoresActivos | [InspectoresDAO-DB2] Ejemplo[1] => Cedula=1709061814, Nombre=AVILA ZARATE EDISON JAVIER, Estado=AC, Tipo=OPS
2026-03-24 14:04:30.408 | INFO  | CID:58792942bef2 | USR:USU_ADMIN | Tecnico/ListarInspectoresActivos | [InspectoresDAO-DB2] Ejemplo[2] => Cedula=1703863520, Nombre=BARRERA BARRENO LUIS GONZALO, Estado=AC, Tipo=OPS
2026-03-24 14:04:30.409 | INFO  | CID:58792942bef2 | USR:USU_ADMIN | Tecnico/ListarInspectoresActivos | [InspectoresDAO-DB2] Ejemplo[3] => Cedula=1709565459, Nombre=CATOTA TORRES LUIS WILKIR, Estado=AC, Tipo=OPS
2026-03-24 14:04:30.409 | INFO  | CID:58792942bef2 | USR:USU_ADMIN | Tecnico/ListarInspectoresActivos | [InspectoresDAO-DB2] Ejemplo[4] => Cedula=1720253846, Nombre=CHUSIN VILLALBA CARLOS ARTURO, Estado=AC, Tipo=OPS
2026-03-24 14:04:30.411 | INFO  | CID:58792942bef2 | USR:USU_ADMIN | Tecnico/ListarInspectoresActivos | [InspeccionesController] Endpoint AJAX inspectores OK. Origen=DB2, Tipo=OPS, Cantidad=19
2026-03-24 14:04:50.164 | INFO  | CID:d7d0c5f4c8b6 | USR:USU_ADMIN | Tecnico/Index | [InspeccionesController] Inicio pantalla gestion (Tecnico/Index). Usuario=USU_ADMIN, Rol=Administrador,Direccion,JefaturaTecnica
2026-03-24 14:04:50.164 | INFO  | CID:d7d0c5f4c8b6 | USR:USU_ADMIN | Tecnico/Index | [InspeccionesController] DAO.ObtenerPendientesAsignacion inicio. EstadosFiltro=PENDIENTE_ASIGNACION_RT,PENDIENTE ASIGNACION RT,PENDIENTE,ACEPTACION_DOCUMENTAL,DOCUMENTACION_COMPLETA,DOCUMENTOS_COMPLETOS,PENDIENTE_ASIGNACION_TECNICA,PENDIENTE ASIGNACION TECNICA,PENDIENTE_ASIGNACION,ACEPTACION DOCUMENTAL,DOCUMENTACION COMPLETA
2026-03-24 14:04:50.167 | INFO  | CID:d7d0c5f4c8b6 | USR:USU_ADMIN | Tecnico/Index | [InspeccionesController] EstadoDetectado=PENDIENTE, Total=134
2026-03-24 14:04:50.167 | INFO  | CID:d7d0c5f4c8b6 | USR:USU_ADMIN | Tecnico/Index | [InspeccionesController] EstadoDetectado=EN INSPECCION, Total=12
2026-03-24 14:04:50.168 | INFO  | CID:d7d0c5f4c8b6 | USR:USU_ADMIN | Tecnico/Index | [InspeccionesController] EstadoDetectado=OBSERVADA, Total=6
2026-03-24 14:04:50.169 | INFO  | CID:d7d0c5f4c8b6 | USR:USU_ADMIN | Tecnico/Index | [InspeccionesController] EstadoDetectado=ACEPTACION DOCUMENTAL, Total=1
2026-03-24 14:04:50.171 | INFO  | CID:d7d0c5f4c8b6 | USR:USU_ADMIN | Tecnico/Index | [InspeccionesController] DiagnosticoPendientes => totalSolicitudes=135, conInspeccion=0, conInspectorAsignado=0, conInspeccionSinInspector=0
2026-03-24 14:04:50.194 | INFO  | CID:d7d0c5f4c8b6 | USR:USU_ADMIN | Tecnico/Index | [InspeccionesController] DAO.ObtenerPendientesAsignacion resultado=41
2026-03-24 14:04:50.195 | INFO  | CID:d7d0c5f4c8b6 | USR:USU_ADMIN | Tecnico/Index | [InspeccionesController] PendienteEjemplo[0] SolicitudId=170, Estado=Aceptacion Documental, Numero=DGAC-GOP-2026-AOCR153
2026-03-24 14:04:50.195 | INFO  | CID:d7d0c5f4c8b6 | USR:USU_ADMIN | Tecnico/Index | [InspeccionesController] PendienteEjemplo[1] SolicitudId=168, Estado=Pendiente, Numero=DGAC-GOP-2026-AOCR151
2026-03-24 14:04:50.195 | INFO  | CID:d7d0c5f4c8b6 | USR:USU_ADMIN | Tecnico/Index | [InspeccionesController] PendienteEjemplo[2] SolicitudId=113, Estado=Pendiente, Numero=DGAC-GOP-2026-AOCR096
2026-03-24 14:04:50.195 | INFO  | CID:d7d0c5f4c8b6 | USR:USU_ADMIN | Tecnico/Index | [InspeccionesController] PendienteEjemplo[3] SolicitudId=111, Estado=Pendiente, Numero=DGAC-GOP-2026-AOCR094
2026-03-24 14:04:50.195 | INFO  | CID:d7d0c5f4c8b6 | USR:USU_ADMIN | Tecnico/Index | [InspeccionesController] PendienteEjemplo[4] SolicitudId=92, Estado=Pendiente, Numero=DGAC-GOP-2026-AOCR075
2026-03-24 14:04:50.195 | INFO  | CID:d7d0c5f4c8b6 | USR:USU_ADMIN | Tecnico/Index | [InspeccionesController] Pendientes para asignacion=41
2026-03-24 14:44:49.250 | INFO  | CID:N/A | Iniciando procesador de cola de correos
2026-03-24 14:45:26.839 | INFO  | CID:9ed37caf3634 | Account/Login | Iniciando acción: Account/Login
2026-03-24 14:45:27.576 | INFO  | CID:9ed37caf3634 | Account/Login | Acción completada: Account/Login
2026-03-24 14:46:03.125 | INFO  | CID:3bf30556eb1e | USR:USU_ADMIN | Tecnico/AsignarInspector | [InspeccionesController] Inicio pantalla gestion de asignacion. Usuario=USU_ADMIN, Rol=Administrador,Direccion,JefaturaTecnica, SolicitudId=170
2026-03-24 14:46:03.128 | INFO  | CID:3bf30556eb1e | USR:USU_ADMIN | Tecnico/AsignarInspector | [InspeccionesController] SolicitudId=170, EstadoActual=Aceptacion Documental, NumeroSolicitud=DGAC-GOP-2026-AOCR153
2026-03-24 14:46:03.144 | INFO  | CID:3bf30556eb1e | USR:USU_ADMIN | Tecnico/AsignarInspector | [InspectoresDAO-DB2] Inicio consulta inspectores
2026-03-24 14:46:03.145 | INFO  | CID:3bf30556eb1e | USR:USU_ADMIN | Tecnico/AsignarInspector | [InspectoresDAO-DB2] Origen=DB2, Tabla=DGACDAT.OPIAR2
2026-03-24 14:46:03.147 | INFO  | CID:3bf30556eb1e | USR:USU_ADMIN | Tecnico/AsignarInspector | [InspectoresDAO-DB2] ConnectionString(sanitizada)=Driver={iSeries Access ODBC Driver};system=190.152.8.185;database=DGACDAT;defaultcollection=DGACDAT;uid=****;pwd=****;connection timeout=30;query timeout=60
2026-03-24 14:46:03.147 | INFO  | CID:3bf30556eb1e | USR:USU_ADMIN | Tecnico/AsignarInspector | [InspectoresDAO-DB2] Parametros => estado=AC (fallback: sin estado), tipo=OPS
2026-03-24 14:46:03.349 | INFO  | CID:3bf30556eb1e | USR:USU_ADMIN | Tecnico/AsignarInspector | [InspectoresDAO-DB2] Conexion DB2 abierta OK
2026-03-24 14:46:03.351 | INFO  | CID:3bf30556eb1e | USR:USU_ADMIN | Tecnico/AsignarInspector | [InspectoresDAO-DB2] Query ejecutada: SELECT TRIM(OPICED) AS OPICED, TRIM(OPINO2) AS OPINO2, TRIM(OPIES1) AS OPIES1, TRIM(OPITIP) AS OPITIP FROM DGACDAT.OPIAR2 WHERE 1 = 1 AND UPPER(TRIM(COALESCE(OPIES1, ''))) = ? AND OPITIP IN (?) ORDER BY OPINO2
2026-03-24 14:46:03.351 | INFO  | CID:3bf30556eb1e | USR:USU_ADMIN | Tecnico/AsignarInspector | [InspectoresDAO-DB2] Filtros aplicados => soloActivos=True, tipos=OPS
2026-03-24 14:46:03.417 | INFO  | CID:3bf30556eb1e | USR:USU_ADMIN | Tecnico/AsignarInspector | [InspectoresDAO-DB2] Registros obtenidos desde DB2: 19
2026-03-24 14:46:03.418 | INFO  | CID:3bf30556eb1e | USR:USU_ADMIN | Tecnico/AsignarInspector | [InspectoresDAO-DB2] Ejemplo[0] => Cedula=0201377850, Nombre=ALEGRIA CHICO SANTIAGO REMIGIO, Estado=AC, Tipo=OPS
2026-03-24 14:46:03.418 | INFO  | CID:3bf30556eb1e | USR:USU_ADMIN | Tecnico/AsignarInspector | [InspectoresDAO-DB2] Ejemplo[1] => Cedula=1709061814, Nombre=AVILA ZARATE EDISON JAVIER, Estado=AC, Tipo=OPS
2026-03-24 14:46:03.418 | INFO  | CID:3bf30556eb1e | USR:USU_ADMIN | Tecnico/AsignarInspector | [InspectoresDAO-DB2] Ejemplo[2] => Cedula=1703863520, Nombre=BARRERA BARRENO LUIS GONZALO, Estado=AC, Tipo=OPS
2026-03-24 14:46:03.418 | INFO  | CID:3bf30556eb1e | USR:USU_ADMIN | Tecnico/AsignarInspector | [InspectoresDAO-DB2] Ejemplo[3] => Cedula=1709565459, Nombre=CATOTA TORRES LUIS WILKIR, Estado=AC, Tipo=OPS
2026-03-24 14:46:03.418 | INFO  | CID:3bf30556eb1e | USR:USU_ADMIN | Tecnico/AsignarInspector | [InspectoresDAO-DB2] Ejemplo[4] => Cedula=1720253846, Nombre=CHUSIN VILLALBA CARLOS ARTURO, Estado=AC, Tipo=OPS
2026-03-24 14:46:03.418 | INFO  | CID:3bf30556eb1e | USR:USU_ADMIN | Tecnico/AsignarInspector | [InspectoresDAO-PG] Inicio consulta espejo inspectores
2026-03-24 14:46:03.418 | INFO  | CID:3bf30556eb1e | USR:USU_ADMIN | Tecnico/AsignarInspector | [InspectoresDAO-PG] Tabla espejo: public.aocr_tbinspectores
2026-03-24 14:46:03.418 | WARN  | CID:3bf30556eb1e | USR:USU_ADMIN | Tecnico/AsignarInspector | [InspectoresDAO-PG] No existe la tabla espejo aocr_tbinspectores.
2026-03-24 14:46:03.418 | WARN  | CID:3bf30556eb1e | USR:USU_ADMIN | Tecnico/AsignarInspector | [InspectoresDAO-PG] Espejo no disponible (tabla inexistente). Flujo usa DB2 directo.
2026-03-24 14:46:03.418 | INFO  | CID:3bf30556eb1e | USR:USU_ADMIN | Tecnico/AsignarInspector | [InspeccionesController] Origen inspectores=DB2, TipoFiltro=OPS, InspectoresRecibidos=19
2026-03-24 14:46:03.867 | INFO  | CID:3bf30556eb1e | USR:USU_ADMIN | Tecnico/AsignarInspector | [InspeccionesController] ViewModel cargado correctamente. SolicitudId=170, ViewBagInspectores=19
2026-03-24 14:46:05.708 | INFO  | CID:01cebb5ce537 | USR:USU_ADMIN | Tecnico/ListarInspectoresActivos | [InspeccionesController] Inicio endpoint AJAX inspectores. Usuario=USU_ADMIN, Rol=Administrador,Direccion,JefaturaTecnica, TipoInspector=OPS
2026-03-24 14:46:05.709 | INFO  | CID:01cebb5ce537 | USR:USU_ADMIN | Tecnico/ListarInspectoresActivos | [InspectoresDAO-DB2] Inicio consulta inspectores
2026-03-24 14:46:05.709 | INFO  | CID:01cebb5ce537 | USR:USU_ADMIN | Tecnico/ListarInspectoresActivos | [InspectoresDAO-DB2] Origen=DB2, Tabla=DGACDAT.OPIAR2
2026-03-24 14:46:05.710 | INFO  | CID:01cebb5ce537 | USR:USU_ADMIN | Tecnico/ListarInspectoresActivos | [InspectoresDAO-DB2] ConnectionString(sanitizada)=Driver={iSeries Access ODBC Driver};system=190.152.8.185;database=DGACDAT;defaultcollection=DGACDAT;uid=****;pwd=****;connection timeout=30;query timeout=60
2026-03-24 14:46:05.710 | INFO  | CID:01cebb5ce537 | USR:USU_ADMIN | Tecnico/ListarInspectoresActivos | [InspectoresDAO-DB2] Parametros => estado=AC (fallback: sin estado), tipo=OPS
2026-03-24 14:46:05.711 | INFO  | CID:01cebb5ce537 | USR:USU_ADMIN | Tecnico/ListarInspectoresActivos | [InspectoresDAO-DB2] Conexion DB2 abierta OK
2026-03-24 14:46:05.711 | INFO  | CID:01cebb5ce537 | USR:USU_ADMIN | Tecnico/ListarInspectoresActivos | [InspectoresDAO-DB2] Query ejecutada: SELECT TRIM(OPICED) AS OPICED, TRIM(OPINO2) AS OPINO2, TRIM(OPIES1) AS OPIES1, TRIM(OPITIP) AS OPITIP FROM DGACDAT.OPIAR2 WHERE 1 = 1 AND UPPER(TRIM(COALESCE(OPIES1, ''))) = ? AND OPITIP IN (?) ORDER BY OPINO2
2026-03-24 14:46:05.712 | INFO  | CID:01cebb5ce537 | USR:USU_ADMIN | Tecnico/ListarInspectoresActivos | [InspectoresDAO-DB2] Filtros aplicados => soloActivos=True, tipos=OPS
2026-03-24 14:46:05.718 | INFO  | CID:01cebb5ce537 | USR:USU_ADMIN | Tecnico/ListarInspectoresActivos | [InspectoresDAO-DB2] Registros obtenidos desde DB2: 19
2026-03-24 14:46:05.718 | INFO  | CID:01cebb5ce537 | USR:USU_ADMIN | Tecnico/ListarInspectoresActivos | [InspectoresDAO-DB2] Ejemplo[0] => Cedula=0201377850, Nombre=ALEGRIA CHICO SANTIAGO REMIGIO, Estado=AC, Tipo=OPS
2026-03-24 14:46:05.719 | INFO  | CID:01cebb5ce537 | USR:USU_ADMIN | Tecnico/ListarInspectoresActivos | [InspectoresDAO-DB2] Ejemplo[1] => Cedula=1709061814, Nombre=AVILA ZARATE EDISON JAVIER, Estado=AC, Tipo=OPS
2026-03-24 14:46:05.719 | INFO  | CID:01cebb5ce537 | USR:USU_ADMIN | Tecnico/ListarInspectoresActivos | [InspectoresDAO-DB2] Ejemplo[2] => Cedula=1703863520, Nombre=BARRERA BARRENO LUIS GONZALO, Estado=AC, Tipo=OPS
2026-03-24 14:46:05.719 | INFO  | CID:01cebb5ce537 | USR:USU_ADMIN | Tecnico/ListarInspectoresActivos | [InspectoresDAO-DB2] Ejemplo[3] => Cedula=1709565459, Nombre=CATOTA TORRES LUIS WILKIR, Estado=AC, Tipo=OPS
2026-03-24 14:46:05.719 | INFO  | CID:01cebb5ce537 | USR:USU_ADMIN | Tecnico/ListarInspectoresActivos | [InspectoresDAO-DB2] Ejemplo[4] => Cedula=1720253846, Nombre=CHUSIN VILLALBA CARLOS ARTURO, Estado=AC, Tipo=OPS
2026-03-24 14:46:05.722 | INFO  | CID:01cebb5ce537 | USR:USU_ADMIN | Tecnico/ListarInspectoresActivos | [InspeccionesController] Endpoint AJAX inspectores OK. Origen=DB2, Tipo=OPS, Cantidad=19
2026-03-24 14:56:18.094 | INFO  | CID:71e8f3176baa | USR:USU_ADMIN | Tecnico/AsignarInspector | Iniciando acción: Tecnico/AsignarInspector
2026-03-24 14:56:18.099 | INFO  | CID:71e8f3176baa | USR:USU_ADMIN | Tecnico/AsignarInspector | [GestionInspeccion] Inicio. SolicitudId=170, Usuario=USU_ADMIN, Rol=Administrador,Direccion,JefaturaTecnica, TipoInspector=OPS, InspectorPrincipal=1709565459, InspectorApoyo=
2026-03-24 14:56:18.099 | INFO  | CID:71e8f3176baa | USR:USU_ADMIN | Tecnico/AsignarInspector | [GestionInspeccion] EstadoActual=Aceptacion Documental
2026-03-24 14:56:18.251 | INFO  | CID:71e8f3176baa | USR:USU_ADMIN | Tecnico/AsignarInspector | [InspectoresDAO-DB2] Query obtener por cedula: SELECT TRIM(OPICED) AS OPICED, TRIM(OPINO2) AS OPINO2, TRIM(OPIES1) AS OPIES1, TRIM(OPITIP) AS OPITIP FROM DGACDAT.OPIAR2 WHERE OPICED = ? AND UPPER(TRIM(COALESCE(OPIES1, ''))) = ? AND OPITIP IN (?) FETCH FIRST 1 ROW ONLY
2026-03-24 14:56:18.262 | INFO  | CID:71e8f3176baa | USR:USU_ADMIN | Tecnico/AsignarInspector | [InspectoresDAO-DB2] Parametros => cedula=1709565459, soloActivos=True, tipos=OPS
2026-03-24 14:56:18.280 | WARN  | CID:71e8f3176baa | USR:USU_ADMIN | Tecnico/AsignarInspector | [InspectoresDAO-PG] Tabla espejo aocr_tbinspectores no existe. Se omite validacion de inspector PG.
2026-03-24 14:56:18.280 | INFO  | CID:71e8f3176baa | USR:USU_ADMIN | Tecnico/AsignarInspector | [GestionInspeccion] ExisteEnDB2=True, ExisteEnPG=False
2026-03-24 14:56:18.297 | INFO  | CID:71e8f3176baa | USR:USU_ADMIN | Tecnico/AsignarInspector | [GestionInspeccion] Inicio metodo DAO.AsignarInspectores. SolicitudId=170, TipoInspector=OPS, InspectorPrincipal=1709565459, InspectorApoyo=
2026-03-24 14:56:18.297 | INFO  | CID:71e8f3176baa | USR:USU_ADMIN | Tecnico/AsignarInspector | [InspectoresDAO-DB2] Query obtener por cedula: SELECT TRIM(OPICED) AS OPICED, TRIM(OPINO2) AS OPINO2, TRIM(OPIES1) AS OPIES1, TRIM(OPITIP) AS OPITIP FROM DGACDAT.OPIAR2 WHERE OPICED = ? AND UPPER(TRIM(COALESCE(OPIES1, ''))) = ? AND OPITIP IN (?) FETCH FIRST 1 ROW ONLY
2026-03-24 14:56:18.297 | INFO  | CID:71e8f3176baa | USR:USU_ADMIN | Tecnico/AsignarInspector | [InspectoresDAO-DB2] Parametros => cedula=1709565459, soloActivos=True, tipos=OPS
2026-03-24 14:56:18.810 | INFO  | CID:71e8f3176baa | USR:USU_ADMIN | Tecnico/AsignarInspector | [GestionInspeccion] PuedeGestionar=True. Operacion=ASIGNACION, SolicitudId=170, CodigoInspeccion=12, EstadoAnterior=Aceptacion Documental, EstadoNuevo=En Inspeccion
2026-03-24 14:56:19.077 | WARN  | CID:71e8f3176baa | USR:USU_ADMIN | Tecnico/AsignarInspector | [GestionInspeccion] No existe usuario interno activo con correo institucional para el inspector asignado. SolicitudId=170, Codigo=1709565459
2026-03-24 14:56:19.311 | INFO  | CID:71e8f3176baa | USR:USU_ADMIN | Tecnico/AsignarInspector | [GestionInspeccion] PuedeGestionar=True, Motivo=Asignación realizada con éxito. Inspección creada: 12
2026-03-24 14:56:19.325 | INFO  | CID:beb4a1a80dbc | USR:USU_ADMIN | Tecnico/AsignarInspector | Enviando correo a german.cajas@aviacioncivil.gob.ec, Asunto: AOCR - Técnico asignado para su proceso DGAC-GOP-2...
2026-03-24 14:56:19.810 | INFO  | CID:beb4a1a80dbc | USR:USU_ADMIN | Tecnico/AsignarInspector | Correo enviado exitosamente a german.cajas@aviacioncivil.gob.ec
2026-03-24 14:56:19.810 | INFO  | CID:71e8f3176baa | USR:USU_ADMIN | Tecnico/AsignarInspector | Acción completada: Tecnico/AsignarInspector
2026-03-24 14:56:19.810 | INFO  | CID:81228c0c24e5 | USR:USU_ADMIN | Tecnico/Index | [InspeccionesController] Inicio pantalla gestion (Tecnico/Index). Usuario=USU_ADMIN, Rol=Administrador,Direccion,JefaturaTecnica
2026-03-24 14:56:19.828 | INFO  | CID:81228c0c24e5 | USR:USU_ADMIN | Tecnico/Index | [InspeccionesController] DAO.ObtenerPendientesAsignacion inicio. EstadosFiltro=PENDIENTE_ASIGNACION_RT,PENDIENTE ASIGNACION RT,PENDIENTE,ACEPTACION_DOCUMENTAL,DOCUMENTACION_COMPLETA,DOCUMENTOS_COMPLETOS,PENDIENTE_ASIGNACION_TECNICA,PENDIENTE ASIGNACION TECNICA,PENDIENTE_ASIGNACION,ACEPTACION DOCUMENTAL,DOCUMENTACION COMPLETA
2026-03-24 14:56:19.828 | INFO  | CID:81228c0c24e5 | USR:USU_ADMIN | Tecnico/Index | [InspeccionesController] EstadoDetectado=PENDIENTE, Total=134
2026-03-24 14:56:19.828 | INFO  | CID:81228c0c24e5 | USR:USU_ADMIN | Tecnico/Index | [InspeccionesController] EstadoDetectado=EN INSPECCION, Total=13
2026-03-24 14:56:19.828 | INFO  | CID:81228c0c24e5 | USR:USU_ADMIN | Tecnico/Index | [InspeccionesController] EstadoDetectado=OBSERVADA, Total=6
2026-03-24 14:56:19.848 | INFO  | CID:81228c0c24e5 | USR:USU_ADMIN | Tecnico/Index | [InspeccionesController] DiagnosticoPendientes => totalSolicitudes=134, conInspeccion=0, conInspectorAsignado=0, conInspeccionSinInspector=0
2026-03-24 14:56:19.855 | INFO  | CID:81228c0c24e5 | USR:USU_ADMIN | Tecnico/Index | [InspeccionesController] DAO.ObtenerPendientesAsignacion resultado=40
2026-03-24 14:56:19.855 | INFO  | CID:81228c0c24e5 | USR:USU_ADMIN | Tecnico/Index | [InspeccionesController] PendienteEjemplo[0] SolicitudId=168, Estado=Pendiente, Numero=DGAC-GOP-2026-AOCR151
2026-03-24 14:56:19.855 | INFO  | CID:81228c0c24e5 | USR:USU_ADMIN | Tecnico/Index | [InspeccionesController] PendienteEjemplo[1] SolicitudId=113, Estado=Pendiente, Numero=DGAC-GOP-2026-AOCR096
2026-03-24 14:56:19.856 | INFO  | CID:81228c0c24e5 | USR:USU_ADMIN | Tecnico/Index | [InspeccionesController] PendienteEjemplo[2] SolicitudId=111, Estado=Pendiente, Numero=DGAC-GOP-2026-AOCR094
2026-03-24 14:56:19.856 | INFO  | CID:81228c0c24e5 | USR:USU_ADMIN | Tecnico/Index | [InspeccionesController] PendienteEjemplo[3] SolicitudId=92, Estado=Pendiente, Numero=DGAC-GOP-2026-AOCR075
2026-03-24 14:56:19.857 | INFO  | CID:81228c0c24e5 | USR:USU_ADMIN | Tecnico/Index | [InspeccionesController] PendienteEjemplo[4] SolicitudId=87, Estado=Pendiente, Numero=DGAC-GOP-2026-AOCR070
2026-03-24 14:56:19.857 | INFO  | CID:81228c0c24e5 | USR:USU_ADMIN | Tecnico/Index | [InspeccionesController] Pendientes para asignacion=40
2026-03-24 14:57:46.714 | INFO  | CID:N/A | USR:USU_ADMIN | Inspeccion/Index | AuditTrailService: Tabla aocr_audit_trail verificada/creada.
2026-03-24 14:57:46.718 | INFO  | CID:b49d0bec60cd | USR:USU_ADMIN | Inspeccion/Index | [InspeccionesController] Inicio pantalla gestion inspecciones. Usuario=USU_ADMIN, Rol=Administrador,Inspector,JefaturaTecnica,Direccion,CoordinacionLegal
2026-03-24 14:57:46.734 | INFO  | CID:b49d0bec60cd | USR:USU_ADMIN | Inspeccion/Index | [InspeccionesController] Inspecciones recibidas=12
2026-03-24 14:58:08.735 | INFO  | CID:70f29e42aae3 | USR:USU_ADMIN | Tecnico/ListarInspectoresActivos | [InspeccionesController] Inicio endpoint AJAX inspectores. Usuario=USU_ADMIN, Rol=Administrador,Direccion,JefaturaTecnica, TipoInspector=TODOS
2026-03-24 14:58:08.736 | INFO  | CID:70f29e42aae3 | USR:USU_ADMIN | Tecnico/ListarInspectoresActivos | [InspectoresDAO-DB2] Inicio consulta inspectores
2026-03-24 14:58:08.737 | INFO  | CID:70f29e42aae3 | USR:USU_ADMIN | Tecnico/ListarInspectoresActivos | [InspectoresDAO-DB2] Origen=DB2, Tabla=DGACDAT.OPIAR2
2026-03-24 14:58:08.737 | INFO  | CID:70f29e42aae3 | USR:USU_ADMIN | Tecnico/ListarInspectoresActivos | [InspectoresDAO-DB2] ConnectionString(sanitizada)=Driver={iSeries Access ODBC Driver};system=190.152.8.185;database=DGACDAT;defaultcollection=DGACDAT;uid=****;pwd=****;connection timeout=30;query timeout=60
2026-03-24 14:58:08.738 | INFO  | CID:70f29e42aae3 | USR:USU_ADMIN | Tecnico/ListarInspectoresActivos | [InspectoresDAO-DB2] Parametros => estado=AC (fallback: sin estado), tipo=OPS,AIR
2026-03-24 14:58:08.883 | INFO  | CID:70f29e42aae3 | USR:USU_ADMIN | Tecnico/ListarInspectoresActivos | [InspectoresDAO-DB2] Conexion DB2 abierta OK
2026-03-24 14:58:08.889 | INFO  | CID:70f29e42aae3 | USR:USU_ADMIN | Tecnico/ListarInspectoresActivos | [InspectoresDAO-DB2] Query ejecutada: SELECT TRIM(OPICED) AS OPICED, TRIM(OPINO2) AS OPINO2, TRIM(OPIES1) AS OPIES1, TRIM(OPITIP) AS OPITIP FROM DGACDAT.OPIAR2 WHERE 1 = 1 AND UPPER(TRIM(COALESCE(OPIES1, ''))) = ? AND OPITIP IN (?,?) ORDER BY OPINO2
2026-03-24 14:58:08.889 | INFO  | CID:70f29e42aae3 | USR:USU_ADMIN | Tecnico/ListarInspectoresActivos | [InspectoresDAO-DB2] Filtros aplicados => soloActivos=True, tipos=OPS,AIR
2026-03-24 14:58:08.899 | INFO  | CID:70f29e42aae3 | USR:USU_ADMIN | Tecnico/ListarInspectoresActivos | [InspectoresDAO-DB2] Registros obtenidos desde DB2: 34
2026-03-24 14:58:08.899 | INFO  | CID:70f29e42aae3 | USR:USU_ADMIN | Tecnico/ListarInspectoresActivos | [InspectoresDAO-DB2] Ejemplo[0] => Cedula=0201377850, Nombre=ALEGRIA CHICO SANTIAGO REMIGIO, Estado=AC, Tipo=OPS
2026-03-24 14:58:08.899 | INFO  | CID:70f29e42aae3 | USR:USU_ADMIN | Tecnico/ListarInspectoresActivos | [InspectoresDAO-DB2] Ejemplo[1] => Cedula=1709061814, Nombre=AVILA ZARATE EDISON JAVIER, Estado=AC, Tipo=OPS
2026-03-24 14:58:08.899 | INFO  | CID:70f29e42aae3 | USR:USU_ADMIN | Tecnico/ListarInspectoresActivos | [InspectoresDAO-DB2] Ejemplo[2] => Cedula=1703863520, Nombre=BARRERA BARRENO LUIS GONZALO, Estado=AC, Tipo=OPS
2026-03-24 14:58:08.899 | INFO  | CID:70f29e42aae3 | USR:USU_ADMIN | Tecnico/ListarInspectoresActivos | [InspectoresDAO-DB2] Ejemplo[3] => Cedula=1709565459, Nombre=CATOTA TORRES LUIS WILKIR, Estado=AC, Tipo=OPS
2026-03-24 14:58:08.899 | INFO  | CID:70f29e42aae3 | USR:USU_ADMIN | Tecnico/ListarInspectoresActivos | [InspectoresDAO-DB2] Ejemplo[4] => Cedula=1720253846, Nombre=CHUSIN VILLALBA CARLOS ARTURO, Estado=AC, Tipo=OPS
2026-03-24 14:58:08.899 | INFO  | CID:70f29e42aae3 | USR:USU_ADMIN | Tecnico/ListarInspectoresActivos | [InspeccionesController] Endpoint AJAX inspectores OK. Origen=DB2, Tipo=TODOS, Cantidad=34
2026-03-24 15:03:59.117 | INFO  | CID:N/A | Iniciando procesador de cola de correos
2026-03-24 15:04:20.754 | INFO  | CID:7431fc61ae93 | Account/Login | Iniciando acción: Account/Login
2026-03-24 15:04:21.737 | INFO  | CID:7431fc61ae93 | Account/Login | Acción completada: Account/Login
2026-03-24 15:04:42.390 | INFO  | CID:N/A | USR:USU_ADMIN | Inspeccion/Index | AuditTrailService: Tabla aocr_audit_trail verificada/creada.
2026-03-24 15:04:42.397 | INFO  | CID:eafdc0a7fb0d | USR:USU_ADMIN | Inspeccion/Index | [InspeccionesController] Inicio pantalla gestion inspecciones. Usuario=USU_ADMIN, Rol=Administrador,Inspector,JefaturaTecnica,Direccion,CoordinacionLegal
2026-03-24 15:04:42.402 | INFO  | CID:eafdc0a7fb0d | USR:USU_ADMIN | Inspeccion/Index | [InspeccionesController] Inspecciones recibidas=12
2026-03-24 15:04:54.516 | ERROR | CID:8a706621ab0f | USR:USU_ADMIN | Inspeccion/Editar | ERR:INTERNAL_ERROR | c:\AOCR\AOCR\AOCR05-01-2026\AOCR1\AOCR\CapaPresentacion\Views\Inspeccion\Editar.cshtml(118): error CS0103: El nombre 'media' no existe en el contexto actual
    Exception: HttpCompileException
    StackTrace:    en System.Web.Compilation.AssemblyBuilder.Compile()
   en System.Web.Compilation.BuildProvidersCompiler.PerformBuild()
   en System.Web.Compilation.BuildManager.CompileWebFile(VirtualPath virtualPath)
   en System.Web.Compilation.BuildManager.GetVPathBuildResultInternal(VirtualPath virtualPath, Boolean noBuild, Boolean allowCrossApp, Boolean allowBuildInPrecompile, Boolean throwIfNotFound, Boolean ensureIsUpToDate)
   en System.Web.Compilation.BuildManager.GetVPathBuildResultWithNoAssert(HttpContext context, VirtualPath virtualPath, Boolean noBuild, Boolean allowCrossApp, Boolean allowBuildInPrecompile, Boolean throwIfNotFound, Boolean ensureIsUpToDate)
   en System.Web.Compilation.BuildManager.GetVirtualPathObjectFactory(VirtualPath virtualPath, HttpContext context, Boolean allowCrossApp, Boolean throwIfNotFound)
   en System.Web.Compilation.BuildManager.GetCompiledType(VirtualPath virtualPath)
   en System.Web.Mvc.BuildManagerCompiledView.Render(ViewContext viewContext, TextWriter writer)
   en System.Web.Mvc.ViewResultBase.ExecuteResult(ControllerContext context)
   en System.Web.Mvc.ControllerActionInvoker.InvokeActionResultFilterRecursive(IList`1 filters, Int32 filterIndex, ResultExecutingContext preContext, ControllerContext controllerContext, ActionResult actionResult)
   en System.Web.Mvc.ControllerActionInvoker.InvokeActionResultFilterRecursive(IList`1 filters, Int32 filterIndex, ResultExecutingContext preContext, ControllerContext controllerContext, ActionResult actionResult)
   en System.Web.Mvc.ControllerActionInvoker.InvokeActionResultFilterRecursive(IList`1 filters, Int32 filterIndex, ResultExecutingContext preContext, ControllerContext controllerContext, ActionResult actionResult)
   en System.Web.Mvc.ControllerActionInvoker.InvokeActionResultFilterRecursive(IList`1 filters, Int32 filterIndex, ResultExecutingContext preContext, ControllerContext controllerContext, ActionResult actionResult)
   en System.Web.Mvc.ControllerActionInvoker.InvokeActionResultWithFilters(ControllerContext controllerContext, IList`1 filters, ActionResult actionResult)
   en System.Web.Mvc.Async.AsyncControllerActionInvoker.<>c__DisplayClass3_1.<BeginInvokeAction>b__1(IAsyncResult asyncResult)
2026-03-24 15:07:30.976 | INFO  | CID:c5e49d409b65 | USR:USU_ADMIN | Tecnico/ListarInspectoresActivos | [InspeccionesController] Inicio endpoint AJAX inspectores. Usuario=USU_ADMIN, Rol=Administrador,Direccion,JefaturaTecnica, TipoInspector=TODOS
2026-03-24 15:07:30.983 | INFO  | CID:c5e49d409b65 | USR:USU_ADMIN | Tecnico/ListarInspectoresActivos | [InspectoresDAO-DB2] Inicio consulta inspectores
2026-03-24 15:07:30.985 | INFO  | CID:c5e49d409b65 | USR:USU_ADMIN | Tecnico/ListarInspectoresActivos | [InspectoresDAO-DB2] Origen=DB2, Tabla=DGACDAT.OPIAR2
2026-03-24 15:07:30.990 | INFO  | CID:c5e49d409b65 | USR:USU_ADMIN | Tecnico/ListarInspectoresActivos | [InspectoresDAO-DB2] ConnectionString(sanitizada)=Driver={iSeries Access ODBC Driver};system=190.152.8.185;database=DGACDAT;defaultcollection=DGACDAT;uid=****;pwd=****;connection timeout=30;query timeout=60
2026-03-24 15:07:30.994 | INFO  | CID:c5e49d409b65 | USR:USU_ADMIN | Tecnico/ListarInspectoresActivos | [InspectoresDAO-DB2] Parametros => estado=AC (fallback: sin estado), tipo=OPS,AIR
2026-03-24 15:07:31.285 | INFO  | CID:c5e49d409b65 | USR:USU_ADMIN | Tecnico/ListarInspectoresActivos | [InspectoresDAO-DB2] Conexion DB2 abierta OK
2026-03-24 15:07:31.300 | INFO  | CID:c5e49d409b65 | USR:USU_ADMIN | Tecnico/ListarInspectoresActivos | [InspectoresDAO-DB2] Query ejecutada: SELECT TRIM(OPICED) AS OPICED, TRIM(OPINO2) AS OPINO2, TRIM(OPIES1) AS OPIES1, TRIM(OPITIP) AS OPITIP FROM DGACDAT.OPIAR2 WHERE 1 = 1 AND UPPER(TRIM(COALESCE(OPIES1, ''))) = ? AND OPITIP IN (?,?) ORDER BY OPINO2
2026-03-24 15:07:31.302 | INFO  | CID:c5e49d409b65 | USR:USU_ADMIN | Tecnico/ListarInspectoresActivos | [InspectoresDAO-DB2] Filtros aplicados => soloActivos=True, tipos=OPS,AIR
2026-03-24 15:07:31.398 | INFO  | CID:c5e49d409b65 | USR:USU_ADMIN | Tecnico/ListarInspectoresActivos | [InspectoresDAO-DB2] Registros obtenidos desde DB2: 34
2026-03-24 15:07:31.398 | INFO  | CID:c5e49d409b65 | USR:USU_ADMIN | Tecnico/ListarInspectoresActivos | [InspectoresDAO-DB2] Ejemplo[0] => Cedula=0201377850, Nombre=ALEGRIA CHICO SANTIAGO REMIGIO, Estado=AC, Tipo=OPS
2026-03-24 15:07:31.398 | INFO  | CID:c5e49d409b65 | USR:USU_ADMIN | Tecnico/ListarInspectoresActivos | [InspectoresDAO-DB2] Ejemplo[1] => Cedula=1709061814, Nombre=AVILA ZARATE EDISON JAVIER, Estado=AC, Tipo=OPS
2026-03-24 15:07:31.398 | INFO  | CID:c5e49d409b65 | USR:USU_ADMIN | Tecnico/ListarInspectoresActivos | [InspectoresDAO-DB2] Ejemplo[2] => Cedula=1703863520, Nombre=BARRERA BARRENO LUIS GONZALO, Estado=AC, Tipo=OPS
2026-03-24 15:07:31.398 | INFO  | CID:c5e49d409b65 | USR:USU_ADMIN | Tecnico/ListarInspectoresActivos | [InspectoresDAO-DB2] Ejemplo[3] => Cedula=1709565459, Nombre=CATOTA TORRES LUIS WILKIR, Estado=AC, Tipo=OPS
2026-03-24 15:07:31.398 | INFO  | CID:c5e49d409b65 | USR:USU_ADMIN | Tecnico/ListarInspectoresActivos | [InspectoresDAO-DB2] Ejemplo[4] => Cedula=1720253846, Nombre=CHUSIN VILLALBA CARLOS ARTURO, Estado=AC, Tipo=OPS
2026-03-24 15:07:31.398 | INFO  | CID:c5e49d409b65 | USR:USU_ADMIN | Tecnico/ListarInspectoresActivos | [InspeccionesController] Endpoint AJAX inspectores OK. Origen=DB2, Tipo=TODOS, Cantidad=34
2026-03-24 15:08:42.959 | INFO  | CID:b2bf699b59ad | USR:USU_ADMIN | Inspeccion/Index | [InspeccionesController] Inicio pantalla gestion inspecciones. Usuario=USU_ADMIN, Rol=Administrador,Inspector,JefaturaTecnica,Direccion,CoordinacionLegal
2026-03-24 15:08:42.962 | INFO  | CID:b2bf699b59ad | USR:USU_ADMIN | Inspeccion/Index | [InspeccionesController] Inspecciones recibidas=12
2026-03-24 15:08:48.742 | INFO  | CID:c9c5770623df | USR:USU_ADMIN | Inspeccion/Detalle | [GestionInspeccion] Inicio Detalle. InspeccionId=12, Usuario=USU_ADMIN, Rol=Administrador,Inspector,JefaturaTecnica,Direccion,CoordinacionLegal
2026-03-24 15:08:48.750 | INFO  | CID:c9c5770623df | USR:USU_ADMIN | Inspeccion/Detalle | [GestionInspeccion] InspeccionId=12, SolicitudId=170, EstadoActual=VERIFICACION_SOLICITUD, InspectorAsignado=1709565459
2026-03-24 15:08:48.751 | INFO  | CID:c9c5770623df | USR:USU_ADMIN | Inspeccion/Detalle | [GestionInspeccion] PuedeGestionar=True para detalle. InspeccionId=12
2026-03-24 15:08:49.853 | INFO  | CID:c9c5770623df | USR:USU_ADMIN | Inspeccion/Detalle | [InspectoresDAO-DB2] Query obtener por cedula: SELECT TRIM(OPICED) AS OPICED, TRIM(OPINO2) AS OPINO2, TRIM(OPIES1) AS OPIES1, TRIM(OPITIP) AS OPITIP FROM DGACDAT.OPIAR2 WHERE OPICED = ? AND UPPER(TRIM(COALESCE(OPIES1, ''))) = ? FETCH FIRST 1 ROW ONLY
2026-03-24 15:08:49.853 | INFO  | CID:c9c5770623df | USR:USU_ADMIN | Inspeccion/Detalle | [InspectoresDAO-DB2] Parametros => cedula=1709565459, soloActivos=True, tipos=TODOS
2026-03-24 15:08:49.855 | INFO  | CID:c9c5770623df | USR:USU_ADMIN | Inspeccion/Detalle | [GestionInspeccion] Detalle inspectores enriquecidos. InspeccionId=12, PrincipalCedula=1709565459, PrincipalNombre=CATOTA TORRES LUIS WILKIR, PrincipalTipo=OPS, ApoyoCedula=, ApoyoNombre=, ApoyoTipo=
2026-03-24 15:09:42.503 | INFO  | CID:c48b1298e451 | USR:USU_ADMIN | Inspeccion/Index | [InspeccionesController] Inicio pantalla gestion inspecciones. Usuario=USU_ADMIN, Rol=Administrador,Inspector,JefaturaTecnica,Direccion,CoordinacionLegal
2026-03-24 15:09:42.507 | INFO  | CID:c48b1298e451 | USR:USU_ADMIN | Inspeccion/Index | [InspeccionesController] Inspecciones recibidas=12
2026-03-24 15:09:49.423 | INFO  | CID:b55729343290 | USR:USU_ADMIN | Tecnico/ListarInspectoresActivos | [InspeccionesController] Inicio endpoint AJAX inspectores. Usuario=USU_ADMIN, Rol=Administrador,Direccion,JefaturaTecnica, TipoInspector=TODOS
2026-03-24 15:09:49.424 | INFO  | CID:b55729343290 | USR:USU_ADMIN | Tecnico/ListarInspectoresActivos | [InspectoresDAO-DB2] Inicio consulta inspectores
2026-03-24 15:09:49.425 | INFO  | CID:b55729343290 | USR:USU_ADMIN | Tecnico/ListarInspectoresActivos | [InspectoresDAO-DB2] Origen=DB2, Tabla=DGACDAT.OPIAR2
2026-03-24 15:09:49.425 | INFO  | CID:b55729343290 | USR:USU_ADMIN | Tecnico/ListarInspectoresActivos | [InspectoresDAO-DB2] ConnectionString(sanitizada)=Driver={iSeries Access ODBC Driver};system=190.152.8.185;database=DGACDAT;defaultcollection=DGACDAT;uid=****;pwd=****;connection timeout=30;query timeout=60
2026-03-24 15:09:49.426 | INFO  | CID:b55729343290 | USR:USU_ADMIN | Tecnico/ListarInspectoresActivos | [InspectoresDAO-DB2] Parametros => estado=AC (fallback: sin estado), tipo=OPS,AIR
2026-03-24 15:09:49.564 | INFO  | CID:b55729343290 | USR:USU_ADMIN | Tecnico/ListarInspectoresActivos | [InspectoresDAO-DB2] Conexion DB2 abierta OK
2026-03-24 15:09:49.566 | INFO  | CID:b55729343290 | USR:USU_ADMIN | Tecnico/ListarInspectoresActivos | [InspectoresDAO-DB2] Query ejecutada: SELECT TRIM(OPICED) AS OPICED, TRIM(OPINO2) AS OPINO2, TRIM(OPIES1) AS OPIES1, TRIM(OPITIP) AS OPITIP FROM DGACDAT.OPIAR2 WHERE 1 = 1 AND UPPER(TRIM(COALESCE(OPIES1, ''))) = ? AND OPITIP IN (?,?) ORDER BY OPINO2
2026-03-24 15:09:49.568 | INFO  | CID:b55729343290 | USR:USU_ADMIN | Tecnico/ListarInspectoresActivos | [InspectoresDAO-DB2] Filtros aplicados => soloActivos=True, tipos=OPS,AIR
2026-03-24 15:09:49.583 | INFO  | CID:b55729343290 | USR:USU_ADMIN | Tecnico/ListarInspectoresActivos | [InspectoresDAO-DB2] Registros obtenidos desde DB2: 34
2026-03-24 15:09:49.583 | INFO  | CID:b55729343290 | USR:USU_ADMIN | Tecnico/ListarInspectoresActivos | [InspectoresDAO-DB2] Ejemplo[0] => Cedula=0201377850, Nombre=ALEGRIA CHICO SANTIAGO REMIGIO, Estado=AC, Tipo=OPS
2026-03-24 15:09:49.583 | INFO  | CID:b55729343290 | USR:USU_ADMIN | Tecnico/ListarInspectoresActivos | [InspectoresDAO-DB2] Ejemplo[1] => Cedula=1709061814, Nombre=AVILA ZARATE EDISON JAVIER, Estado=AC, Tipo=OPS
2026-03-24 15:09:49.589 | INFO  | CID:b55729343290 | USR:USU_ADMIN | Tecnico/ListarInspectoresActivos | [InspectoresDAO-DB2] Ejemplo[2] => Cedula=1703863520, Nombre=BARRERA BARRENO LUIS GONZALO, Estado=AC, Tipo=OPS
2026-03-24 15:09:49.591 | INFO  | CID:b55729343290 | USR:USU_ADMIN | Tecnico/ListarInspectoresActivos | [InspectoresDAO-DB2] Ejemplo[3] => Cedula=1709565459, Nombre=CATOTA TORRES LUIS WILKIR, Estado=AC, Tipo=OPS
2026-03-24 15:09:49.591 | INFO  | CID:b55729343290 | USR:USU_ADMIN | Tecnico/ListarInspectoresActivos | [InspectoresDAO-DB2] Ejemplo[4] => Cedula=1720253846, Nombre=CHUSIN VILLALBA CARLOS ARTURO, Estado=AC, Tipo=OPS
2026-03-24 15:09:49.591 | INFO  | CID:b55729343290 | USR:USU_ADMIN | Tecnico/ListarInspectoresActivos | [InspeccionesController] Endpoint AJAX inspectores OK. Origen=DB2, Tipo=TODOS, Cantidad=34
2026-03-24 15:18:14.910 | INFO  | CID:N/A | Iniciando procesador de cola de correos
2026-03-24 15:18:30.803 | INFO  | CID:64dd57f0c598 | Account/Login | Iniciando acción: Account/Login
2026-03-24 15:18:31.486 | INFO  | CID:64dd57f0c598 | Account/Login | Acción completada: Account/Login
2026-03-24 15:18:55.091 | INFO  | CID:N/A | USR:USU_ADMIN | Inspeccion/Index | AuditTrailService: Tabla aocr_audit_trail verificada/creada.
2026-03-24 15:18:55.100 | INFO  | CID:33bd1903df6b | USR:USU_ADMIN | Inspeccion/Index | [InspeccionesController] Inicio pantalla gestion inspecciones. Usuario=USU_ADMIN, Rol=Administrador,Inspector,JefaturaTecnica,Direccion,CoordinacionLegal
2026-03-24 15:18:55.117 | INFO  | CID:33bd1903df6b | USR:USU_ADMIN | Inspeccion/Index | [InspeccionesController] Inspecciones recibidas=12
2026-03-24 15:19:01.147 | INFO  | CID:9e499b4be126 | USR:USU_ADMIN | Tecnico/ListarInspectoresActivos | [InspeccionesController] Inicio endpoint AJAX inspectores. Usuario=USU_ADMIN, Rol=Administrador,Direccion,JefaturaTecnica, TipoInspector=TODOS
2026-03-24 15:19:01.183 | INFO  | CID:9e499b4be126 | USR:USU_ADMIN | Tecnico/ListarInspectoresActivos | [InspectoresDAO-DB2] Inicio consulta inspectores
2026-03-24 15:19:01.185 | INFO  | CID:9e499b4be126 | USR:USU_ADMIN | Tecnico/ListarInspectoresActivos | [InspectoresDAO-DB2] Origen=DB2, Tabla=DGACDAT.OPIAR2
2026-03-24 15:19:01.190 | INFO  | CID:9e499b4be126 | USR:USU_ADMIN | Tecnico/ListarInspectoresActivos | [InspectoresDAO-DB2] ConnectionString(sanitizada)=Driver={iSeries Access ODBC Driver};system=190.152.8.185;database=DGACDAT;defaultcollection=DGACDAT;uid=****;pwd=****;connection timeout=30;query timeout=60
2026-03-24 15:19:01.191 | INFO  | CID:9e499b4be126 | USR:USU_ADMIN | Tecnico/ListarInspectoresActivos | [InspectoresDAO-DB2] Parametros => estado=AC (fallback: sin estado), tipo=OPS,AIR
2026-03-24 15:19:01.528 | INFO  | CID:9e499b4be126 | USR:USU_ADMIN | Tecnico/ListarInspectoresActivos | [InspectoresDAO-DB2] Conexion DB2 abierta OK
2026-03-24 15:19:01.532 | INFO  | CID:9e499b4be126 | USR:USU_ADMIN | Tecnico/ListarInspectoresActivos | [InspectoresDAO-DB2] Query ejecutada: SELECT TRIM(OPICED) AS OPICED, TRIM(OPINO2) AS OPINO2, TRIM(OPIES1) AS OPIES1, TRIM(OPITIP) AS OPITIP FROM DGACDAT.OPIAR2 WHERE 1 = 1 AND UPPER(TRIM(COALESCE(OPIES1, ''))) = ? AND OPITIP IN (?,?) ORDER BY OPINO2
2026-03-24 15:19:01.535 | INFO  | CID:9e499b4be126 | USR:USU_ADMIN | Tecnico/ListarInspectoresActivos | [InspectoresDAO-DB2] Filtros aplicados => soloActivos=True, tipos=OPS,AIR
2026-03-24 15:19:01.610 | INFO  | CID:9e499b4be126 | USR:USU_ADMIN | Tecnico/ListarInspectoresActivos | [InspectoresDAO-DB2] Registros obtenidos desde DB2: 34
2026-03-24 15:19:01.610 | INFO  | CID:9e499b4be126 | USR:USU_ADMIN | Tecnico/ListarInspectoresActivos | [InspectoresDAO-DB2] Ejemplo[0] => Cedula=0201377850, Nombre=ALEGRIA CHICO SANTIAGO REMIGIO, Estado=AC, Tipo=OPS
2026-03-24 15:19:01.611 | INFO  | CID:9e499b4be126 | USR:USU_ADMIN | Tecnico/ListarInspectoresActivos | [InspectoresDAO-DB2] Ejemplo[1] => Cedula=1709061814, Nombre=AVILA ZARATE EDISON JAVIER, Estado=AC, Tipo=OPS
2026-03-24 15:19:01.611 | INFO  | CID:9e499b4be126 | USR:USU_ADMIN | Tecnico/ListarInspectoresActivos | [InspectoresDAO-DB2] Ejemplo[2] => Cedula=1703863520, Nombre=BARRERA BARRENO LUIS GONZALO, Estado=AC, Tipo=OPS
2026-03-24 15:19:01.611 | INFO  | CID:9e499b4be126 | USR:USU_ADMIN | Tecnico/ListarInspectoresActivos | [InspectoresDAO-DB2] Ejemplo[3] => Cedula=1709565459, Nombre=CATOTA TORRES LUIS WILKIR, Estado=AC, Tipo=OPS
2026-03-24 15:19:01.612 | INFO  | CID:9e499b4be126 | USR:USU_ADMIN | Tecnico/ListarInspectoresActivos | [InspectoresDAO-DB2] Ejemplo[4] => Cedula=1720253846, Nombre=CHUSIN VILLALBA CARLOS ARTURO, Estado=AC, Tipo=OPS
2026-03-24 15:19:01.614 | INFO  | CID:9e499b4be126 | USR:USU_ADMIN | Tecnico/ListarInspectoresActivos | [InspeccionesController] Endpoint AJAX inspectores OK. Origen=DB2, Tipo=TODOS, Cantidad=34
2026-03-24 15:19:06.422 | INFO  | CID:526ab3bef7fd | USR:USU_ADMIN | Inspeccion/Detalle | [GestionInspeccion] Inicio Detalle. InspeccionId=11, Usuario=USU_ADMIN, Rol=Administrador,Inspector,JefaturaTecnica,Direccion,CoordinacionLegal
2026-03-24 15:19:06.432 | INFO  | CID:526ab3bef7fd | USR:USU_ADMIN | Inspeccion/Detalle | [GestionInspeccion] InspeccionId=11, SolicitudId=169, EstadoActual=RESULTADO_NO_SATISFACTORIO, InspectorAsignado=1709565459
2026-03-24 15:19:06.432 | INFO  | CID:526ab3bef7fd | USR:USU_ADMIN | Inspeccion/Detalle | [GestionInspeccion] PuedeGestionar=True para detalle. InspeccionId=11
2026-03-24 15:19:07.517 | INFO  | CID:526ab3bef7fd | USR:USU_ADMIN | Inspeccion/Detalle | [InspectoresDAO-DB2] Query obtener por cedula: SELECT TRIM(OPICED) AS OPICED, TRIM(OPINO2) AS OPINO2, TRIM(OPIES1) AS OPIES1, TRIM(OPITIP) AS OPITIP FROM DGACDAT.OPIAR2 WHERE OPICED = ? AND UPPER(TRIM(COALESCE(OPIES1, ''))) = ? FETCH FIRST 1 ROW ONLY
2026-03-24 15:19:07.517 | INFO  | CID:526ab3bef7fd | USR:USU_ADMIN | Inspeccion/Detalle | [InspectoresDAO-DB2] Parametros => cedula=1709565459, soloActivos=True, tipos=TODOS
2026-03-24 15:19:07.534 | INFO  | CID:526ab3bef7fd | USR:USU_ADMIN | Inspeccion/Detalle | [GestionInspeccion] Detalle inspectores enriquecidos. InspeccionId=11, PrincipalCedula=1709565459, PrincipalNombre=CATOTA TORRES LUIS WILKIR, PrincipalTipo=OPS, ApoyoCedula=, ApoyoNombre=, ApoyoTipo=
2026-03-24 15:20:19.817 | INFO  | CID:8147c660fb21 | USR:USU_ADMIN | Tecnico/AsignarInspector | [InspeccionesController] Inicio pantalla gestion de asignacion. Usuario=USU_ADMIN, Rol=Administrador,Direccion,JefaturaTecnica, SolicitudId=168
2026-03-24 15:20:19.819 | INFO  | CID:8147c660fb21 | USR:USU_ADMIN | Tecnico/AsignarInspector | [InspeccionesController] SolicitudId=168, EstadoActual=Pendiente, NumeroSolicitud=DGAC-GOP-2026-AOCR151
2026-03-24 15:20:19.820 | INFO  | CID:8147c660fb21 | USR:USU_ADMIN | Tecnico/AsignarInspector | [InspectoresDAO-DB2] Inicio consulta inspectores
2026-03-24 15:20:19.821 | INFO  | CID:8147c660fb21 | USR:USU_ADMIN | Tecnico/AsignarInspector | [InspectoresDAO-DB2] Origen=DB2, Tabla=DGACDAT.OPIAR2
2026-03-24 15:20:19.821 | INFO  | CID:8147c660fb21 | USR:USU_ADMIN | Tecnico/AsignarInspector | [InspectoresDAO-DB2] ConnectionString(sanitizada)=Driver={iSeries Access ODBC Driver};system=190.152.8.185;database=DGACDAT;defaultcollection=DGACDAT;uid=****;pwd=****;connection timeout=30;query timeout=60
2026-03-24 15:20:19.821 | INFO  | CID:8147c660fb21 | USR:USU_ADMIN | Tecnico/AsignarInspector | [InspectoresDAO-DB2] Parametros => estado=AC (fallback: sin estado), tipo=OPS
2026-03-24 15:20:19.959 | INFO  | CID:8147c660fb21 | USR:USU_ADMIN | Tecnico/AsignarInspector | [InspectoresDAO-DB2] Conexion DB2 abierta OK
2026-03-24 15:20:19.959 | INFO  | CID:8147c660fb21 | USR:USU_ADMIN | Tecnico/AsignarInspector | [InspectoresDAO-DB2] Query ejecutada: SELECT TRIM(OPICED) AS OPICED, TRIM(OPINO2) AS OPINO2, TRIM(OPIES1) AS OPIES1, TRIM(OPITIP) AS OPITIP FROM DGACDAT.OPIAR2 WHERE 1 = 1 AND UPPER(TRIM(COALESCE(OPIES1, ''))) = ? AND OPITIP IN (?) ORDER BY OPINO2
2026-03-24 15:20:19.959 | INFO  | CID:8147c660fb21 | USR:USU_ADMIN | Tecnico/AsignarInspector | [InspectoresDAO-DB2] Filtros aplicados => soloActivos=True, tipos=OPS
2026-03-24 15:20:19.974 | INFO  | CID:8147c660fb21 | USR:USU_ADMIN | Tecnico/AsignarInspector | [InspectoresDAO-DB2] Registros obtenidos desde DB2: 19
2026-03-24 15:20:19.974 | INFO  | CID:8147c660fb21 | USR:USU_ADMIN | Tecnico/AsignarInspector | [InspectoresDAO-DB2] Ejemplo[0] => Cedula=0201377850, Nombre=ALEGRIA CHICO SANTIAGO REMIGIO, Estado=AC, Tipo=OPS
2026-03-24 15:20:19.974 | INFO  | CID:8147c660fb21 | USR:USU_ADMIN | Tecnico/AsignarInspector | [InspectoresDAO-DB2] Ejemplo[1] => Cedula=1709061814, Nombre=AVILA ZARATE EDISON JAVIER, Estado=AC, Tipo=OPS
2026-03-24 15:20:19.974 | INFO  | CID:8147c660fb21 | USR:USU_ADMIN | Tecnico/AsignarInspector | [InspectoresDAO-DB2] Ejemplo[2] => Cedula=1703863520, Nombre=BARRERA BARRENO LUIS GONZALO, Estado=AC, Tipo=OPS
2026-03-24 15:20:19.974 | INFO  | CID:8147c660fb21 | USR:USU_ADMIN | Tecnico/AsignarInspector | [InspectoresDAO-DB2] Ejemplo[3] => Cedula=1709565459, Nombre=CATOTA TORRES LUIS WILKIR, Estado=AC, Tipo=OPS
2026-03-24 15:20:19.974 | INFO  | CID:8147c660fb21 | USR:USU_ADMIN | Tecnico/AsignarInspector | [InspectoresDAO-DB2] Ejemplo[4] => Cedula=1720253846, Nombre=CHUSIN VILLALBA CARLOS ARTURO, Estado=AC, Tipo=OPS
2026-03-24 15:20:19.983 | INFO  | CID:8147c660fb21 | USR:USU_ADMIN | Tecnico/AsignarInspector | [InspectoresDAO-PG] Inicio consulta espejo inspectores
2026-03-24 15:20:19.983 | INFO  | CID:8147c660fb21 | USR:USU_ADMIN | Tecnico/AsignarInspector | [InspectoresDAO-PG] Tabla espejo: public.aocr_tbinspectores
2026-03-24 15:20:19.985 | WARN  | CID:8147c660fb21 | USR:USU_ADMIN | Tecnico/AsignarInspector | [InspectoresDAO-PG] No existe la tabla espejo aocr_tbinspectores.
2026-03-24 15:20:19.985 | WARN  | CID:8147c660fb21 | USR:USU_ADMIN | Tecnico/AsignarInspector | [InspectoresDAO-PG] Espejo no disponible (tabla inexistente). Flujo usa DB2 directo.
2026-03-24 15:20:19.985 | INFO  | CID:8147c660fb21 | USR:USU_ADMIN | Tecnico/AsignarInspector | [InspeccionesController] Origen inspectores=DB2, TipoFiltro=OPS, InspectoresRecibidos=19
2026-03-24 15:20:20.436 | INFO  | CID:8147c660fb21 | USR:USU_ADMIN | Tecnico/AsignarInspector | [InspeccionesController] ViewModel cargado correctamente. SolicitudId=168, ViewBagInspectores=19
2026-03-24 15:20:22.228 | INFO  | CID:81c42fddb17a | USR:USU_ADMIN | Tecnico/ListarInspectoresActivos | [InspeccionesController] Inicio endpoint AJAX inspectores. Usuario=USU_ADMIN, Rol=Administrador,Direccion,JefaturaTecnica, TipoInspector=OPS
2026-03-24 15:20:22.229 | INFO  | CID:81c42fddb17a | USR:USU_ADMIN | Tecnico/ListarInspectoresActivos | [InspectoresDAO-DB2] Inicio consulta inspectores
2026-03-24 15:20:22.229 | INFO  | CID:81c42fddb17a | USR:USU_ADMIN | Tecnico/ListarInspectoresActivos | [InspectoresDAO-DB2] Origen=DB2, Tabla=DGACDAT.OPIAR2
2026-03-24 15:20:22.230 | INFO  | CID:81c42fddb17a | USR:USU_ADMIN | Tecnico/ListarInspectoresActivos | [InspectoresDAO-DB2] ConnectionString(sanitizada)=Driver={iSeries Access ODBC Driver};system=190.152.8.185;database=DGACDAT;defaultcollection=DGACDAT;uid=****;pwd=****;connection timeout=30;query timeout=60
2026-03-24 15:20:22.231 | INFO  | CID:81c42fddb17a | USR:USU_ADMIN | Tecnico/ListarInspectoresActivos | [InspectoresDAO-DB2] Parametros => estado=AC (fallback: sin estado), tipo=OPS
2026-03-24 15:20:22.232 | INFO  | CID:81c42fddb17a | USR:USU_ADMIN | Tecnico/ListarInspectoresActivos | [InspectoresDAO-DB2] Conexion DB2 abierta OK
2026-03-24 15:20:22.233 | INFO  | CID:81c42fddb17a | USR:USU_ADMIN | Tecnico/ListarInspectoresActivos | [InspectoresDAO-DB2] Query ejecutada: SELECT TRIM(OPICED) AS OPICED, TRIM(OPINO2) AS OPINO2, TRIM(OPIES1) AS OPIES1, TRIM(OPITIP) AS OPITIP FROM DGACDAT.OPIAR2 WHERE 1 = 1 AND UPPER(TRIM(COALESCE(OPIES1, ''))) = ? AND OPITIP IN (?) ORDER BY OPINO2
2026-03-24 15:20:22.234 | INFO  | CID:81c42fddb17a | USR:USU_ADMIN | Tecnico/ListarInspectoresActivos | [InspectoresDAO-DB2] Filtros aplicados => soloActivos=True, tipos=OPS
2026-03-24 15:20:22.247 | INFO  | CID:81c42fddb17a | USR:USU_ADMIN | Tecnico/ListarInspectoresActivos | [InspectoresDAO-DB2] Registros obtenidos desde DB2: 19
2026-03-24 15:20:22.249 | INFO  | CID:81c42fddb17a | USR:USU_ADMIN | Tecnico/ListarInspectoresActivos | [InspectoresDAO-DB2] Ejemplo[0] => Cedula=0201377850, Nombre=ALEGRIA CHICO SANTIAGO REMIGIO, Estado=AC, Tipo=OPS
2026-03-24 15:20:22.250 | INFO  | CID:81c42fddb17a | USR:USU_ADMIN | Tecnico/ListarInspectoresActivos | [InspectoresDAO-DB2] Ejemplo[1] => Cedula=1709061814, Nombre=AVILA ZARATE EDISON JAVIER, Estado=AC, Tipo=OPS
2026-03-24 15:20:22.250 | INFO  | CID:81c42fddb17a | USR:USU_ADMIN | Tecnico/ListarInspectoresActivos | [InspectoresDAO-DB2] Ejemplo[2] => Cedula=1703863520, Nombre=BARRERA BARRENO LUIS GONZALO, Estado=AC, Tipo=OPS
2026-03-24 15:20:22.251 | INFO  | CID:81c42fddb17a | USR:USU_ADMIN | Tecnico/ListarInspectoresActivos | [InspectoresDAO-DB2] Ejemplo[3] => Cedula=1709565459, Nombre=CATOTA TORRES LUIS WILKIR, Estado=AC, Tipo=OPS
2026-03-24 15:20:22.251 | INFO  | CID:81c42fddb17a | USR:USU_ADMIN | Tecnico/ListarInspectoresActivos | [InspectoresDAO-DB2] Ejemplo[4] => Cedula=1720253846, Nombre=CHUSIN VILLALBA CARLOS ARTURO, Estado=AC, Tipo=OPS
2026-03-24 15:20:22.252 | INFO  | CID:81c42fddb17a | USR:USU_ADMIN | Tecnico/ListarInspectoresActivos | [InspeccionesController] Endpoint AJAX inspectores OK. Origen=DB2, Tipo=OPS, Cantidad=19
2026-03-24 15:35:08.595 | INFO  | CID:N/A | Iniciando procesador de cola de correos
2026-03-24 15:35:29.433 | INFO  | CID:0ba943b0871c | Account/Login | Iniciando acción: Account/Login
2026-03-24 15:35:30.197 | INFO  | CID:0ba943b0871c | Account/Login | Acción completada: Account/Login
2026-03-24 15:35:59.862 | INFO  | CID:N/A | USR:USU_ADMIN | Inspeccion/Index | AuditTrailService: Tabla aocr_audit_trail verificada/creada.
2026-03-24 15:35:59.870 | INFO  | CID:04aa3d01bcec | USR:USU_ADMIN | Inspeccion/Index | [InspeccionesController] Inicio pantalla gestion inspecciones. Usuario=USU_ADMIN, Rol=Administrador,Inspector,JefaturaTecnica,Direccion,CoordinacionLegal
2026-03-24 15:35:59.872 | INFO  | CID:04aa3d01bcec | USR:USU_ADMIN | Inspeccion/Index | [InspeccionesController] Inspecciones recibidas=12
2026-03-24 15:36:11.504 | INFO  | CID:f87ed90355b0 | USR:USU_ADMIN | Inspeccion/Detalle | [GestionInspeccion] Inicio Detalle. InspeccionId=11, Usuario=USU_ADMIN, Rol=Administrador,Inspector,JefaturaTecnica,Direccion,CoordinacionLegal
2026-03-24 15:36:11.515 | INFO  | CID:f87ed90355b0 | USR:USU_ADMIN | Inspeccion/Detalle | [GestionInspeccion] InspeccionId=11, SolicitudId=169, EstadoActual=RESULTADO_NO_SATISFACTORIO, InspectorAsignado=1709565459
2026-03-24 15:36:11.516 | INFO  | CID:f87ed90355b0 | USR:USU_ADMIN | Inspeccion/Detalle | [GestionInspeccion] PuedeGestionar=True para detalle. InspeccionId=11
2026-03-24 15:36:12.809 | INFO  | CID:f87ed90355b0 | USR:USU_ADMIN | Inspeccion/Detalle | [InspectoresDAO-DB2] Query obtener por cedula: SELECT TRIM(OPICED) AS OPICED, TRIM(OPINO2) AS OPINO2, TRIM(OPIES1) AS OPIES1, TRIM(OPITIP) AS OPITIP FROM DGACDAT.OPIAR2 WHERE OPICED = ? AND UPPER(TRIM(COALESCE(OPIES1, ''))) = ? FETCH FIRST 1 ROW ONLY
2026-03-24 15:36:12.809 | INFO  | CID:f87ed90355b0 | USR:USU_ADMIN | Inspeccion/Detalle | [InspectoresDAO-DB2] Parametros => cedula=1709565459, soloActivos=True, tipos=TODOS
2026-03-24 15:36:12.889 | INFO  | CID:f87ed90355b0 | USR:USU_ADMIN | Inspeccion/Detalle | [GestionInspeccion] Detalle inspectores enriquecidos. InspeccionId=11, PrincipalCedula=1709565459, PrincipalNombre=CATOTA TORRES LUIS WILKIR, PrincipalTipo=OPS, ApoyoCedula=, ApoyoNombre=, ApoyoTipo=
2026-03-24 15:37:52.905 | INFO  | CID:2eb505136706 | USR:USU_ADMIN | Tecnico/AsignarInspector | [InspeccionesController] Inicio pantalla gestion de asignacion. Usuario=USU_ADMIN, Rol=Administrador,Direccion,JefaturaTecnica, SolicitudId=168
2026-03-24 15:37:52.908 | INFO  | CID:2eb505136706 | USR:USU_ADMIN | Tecnico/AsignarInspector | [InspeccionesController] SolicitudId=168, EstadoActual=Pendiente, NumeroSolicitud=DGAC-GOP-2026-AOCR151
2026-03-24 15:37:52.910 | INFO  | CID:2eb505136706 | USR:USU_ADMIN | Tecnico/AsignarInspector | [InspectoresDAO-DB2] Inicio consulta inspectores
2026-03-24 15:37:52.911 | INFO  | CID:2eb505136706 | USR:USU_ADMIN | Tecnico/AsignarInspector | [InspectoresDAO-DB2] Origen=DB2, Tabla=DGACDAT.OPIAR2
2026-03-24 15:37:52.913 | INFO  | CID:2eb505136706 | USR:USU_ADMIN | Tecnico/AsignarInspector | [InspectoresDAO-DB2] ConnectionString(sanitizada)=Driver={iSeries Access ODBC Driver};system=190.152.8.185;database=DGACDAT;defaultcollection=DGACDAT;uid=****;pwd=****;connection timeout=30;query timeout=60
2026-03-24 15:37:52.914 | INFO  | CID:2eb505136706 | USR:USU_ADMIN | Tecnico/AsignarInspector | [InspectoresDAO-DB2] Parametros => estado=AC (fallback: sin estado), tipo=OPS
2026-03-24 15:37:53.062 | INFO  | CID:2eb505136706 | USR:USU_ADMIN | Tecnico/AsignarInspector | [InspectoresDAO-DB2] Conexion DB2 abierta OK
2026-03-24 15:37:53.062 | INFO  | CID:2eb505136706 | USR:USU_ADMIN | Tecnico/AsignarInspector | [InspectoresDAO-DB2] Query ejecutada: SELECT TRIM(OPICED) AS OPICED, TRIM(OPINO2) AS OPINO2, TRIM(OPIES1) AS OPIES1, TRIM(OPITIP) AS OPITIP FROM DGACDAT.OPIAR2 WHERE 1 = 1 AND UPPER(TRIM(COALESCE(OPIES1, ''))) = ? AND OPITIP IN (?) ORDER BY OPINO2
2026-03-24 15:37:53.062 | INFO  | CID:2eb505136706 | USR:USU_ADMIN | Tecnico/AsignarInspector | [InspectoresDAO-DB2] Filtros aplicados => soloActivos=True, tipos=OPS
2026-03-24 15:37:53.078 | INFO  | CID:2eb505136706 | USR:USU_ADMIN | Tecnico/AsignarInspector | [InspectoresDAO-DB2] Registros obtenidos desde DB2: 19
2026-03-24 15:37:53.078 | INFO  | CID:2eb505136706 | USR:USU_ADMIN | Tecnico/AsignarInspector | [InspectoresDAO-DB2] Ejemplo[0] => Cedula=0201377850, Nombre=ALEGRIA CHICO SANTIAGO REMIGIO, Estado=AC, Tipo=OPS
2026-03-24 15:37:53.078 | INFO  | CID:2eb505136706 | USR:USU_ADMIN | Tecnico/AsignarInspector | [InspectoresDAO-DB2] Ejemplo[1] => Cedula=1709061814, Nombre=AVILA ZARATE EDISON JAVIER, Estado=AC, Tipo=OPS
2026-03-24 15:37:53.078 | INFO  | CID:2eb505136706 | USR:USU_ADMIN | Tecnico/AsignarInspector | [InspectoresDAO-DB2] Ejemplo[2] => Cedula=1703863520, Nombre=BARRERA BARRENO LUIS GONZALO, Estado=AC, Tipo=OPS
2026-03-24 15:37:53.078 | INFO  | CID:2eb505136706 | USR:USU_ADMIN | Tecnico/AsignarInspector | [InspectoresDAO-DB2] Ejemplo[3] => Cedula=1709565459, Nombre=CATOTA TORRES LUIS WILKIR, Estado=AC, Tipo=OPS
2026-03-24 15:37:53.078 | INFO  | CID:2eb505136706 | USR:USU_ADMIN | Tecnico/AsignarInspector | [InspectoresDAO-DB2] Ejemplo[4] => Cedula=1720253846, Nombre=CHUSIN VILLALBA CARLOS ARTURO, Estado=AC, Tipo=OPS
2026-03-24 15:37:53.078 | INFO  | CID:2eb505136706 | USR:USU_ADMIN | Tecnico/AsignarInspector | [InspectoresDAO-PG] Inicio consulta espejo inspectores
2026-03-24 15:37:53.078 | INFO  | CID:2eb505136706 | USR:USU_ADMIN | Tecnico/AsignarInspector | [InspectoresDAO-PG] Tabla espejo: public.aocr_tbinspectores
2026-03-24 15:37:53.078 | WARN  | CID:2eb505136706 | USR:USU_ADMIN | Tecnico/AsignarInspector | [InspectoresDAO-PG] No existe la tabla espejo aocr_tbinspectores.
2026-03-24 15:37:53.078 | WARN  | CID:2eb505136706 | USR:USU_ADMIN | Tecnico/AsignarInspector | [InspectoresDAO-PG] Espejo no disponible (tabla inexistente). Flujo usa DB2 directo.
2026-03-24 15:37:53.078 | INFO  | CID:2eb505136706 | USR:USU_ADMIN | Tecnico/AsignarInspector | [InspeccionesController] Origen inspectores=DB2, TipoFiltro=OPS, InspectoresRecibidos=19
2026-03-24 15:37:53.550 | INFO  | CID:2eb505136706 | USR:USU_ADMIN | Tecnico/AsignarInspector | [InspeccionesController] ViewModel cargado correctamente. SolicitudId=168, ViewBagInspectores=19
2026-03-24 15:37:56.686 | INFO  | CID:753399803aaf | USR:USU_ADMIN | Tecnico/ListarInspectoresActivos | [InspeccionesController] Inicio endpoint AJAX inspectores. Usuario=USU_ADMIN, Rol=Administrador,Direccion,JefaturaTecnica, TipoInspector=OPS
2026-03-24 15:37:56.687 | INFO  | CID:753399803aaf | USR:USU_ADMIN | Tecnico/ListarInspectoresActivos | [InspectoresDAO-DB2] Inicio consulta inspectores
2026-03-24 15:37:56.687 | INFO  | CID:753399803aaf | USR:USU_ADMIN | Tecnico/ListarInspectoresActivos | [InspectoresDAO-DB2] Origen=DB2, Tabla=DGACDAT.OPIAR2
2026-03-24 15:37:56.688 | INFO  | CID:753399803aaf | USR:USU_ADMIN | Tecnico/ListarInspectoresActivos | [InspectoresDAO-DB2] ConnectionString(sanitizada)=Driver={iSeries Access ODBC Driver};system=190.152.8.185;database=DGACDAT;defaultcollection=DGACDAT;uid=****;pwd=****;connection timeout=30;query timeout=60
2026-03-24 15:37:56.689 | INFO  | CID:753399803aaf | USR:USU_ADMIN | Tecnico/ListarInspectoresActivos | [InspectoresDAO-DB2] Parametros => estado=AC (fallback: sin estado), tipo=OPS
2026-03-24 15:37:56.690 | INFO  | CID:753399803aaf | USR:USU_ADMIN | Tecnico/ListarInspectoresActivos | [InspectoresDAO-DB2] Conexion DB2 abierta OK
2026-03-24 15:37:56.690 | INFO  | CID:753399803aaf | USR:USU_ADMIN | Tecnico/ListarInspectoresActivos | [InspectoresDAO-DB2] Query ejecutada: SELECT TRIM(OPICED) AS OPICED, TRIM(OPINO2) AS OPINO2, TRIM(OPIES1) AS OPIES1, TRIM(OPITIP) AS OPITIP FROM DGACDAT.OPIAR2 WHERE 1 = 1 AND UPPER(TRIM(COALESCE(OPIES1, ''))) = ? AND OPITIP IN (?) ORDER BY OPINO2
2026-03-24 15:37:56.691 | INFO  | CID:753399803aaf | USR:USU_ADMIN | Tecnico/ListarInspectoresActivos | [InspectoresDAO-DB2] Filtros aplicados => soloActivos=True, tipos=OPS
2026-03-24 15:37:56.697 | INFO  | CID:753399803aaf | USR:USU_ADMIN | Tecnico/ListarInspectoresActivos | [InspectoresDAO-DB2] Registros obtenidos desde DB2: 19
2026-03-24 15:37:56.697 | INFO  | CID:753399803aaf | USR:USU_ADMIN | Tecnico/ListarInspectoresActivos | [InspectoresDAO-DB2] Ejemplo[0] => Cedula=0201377850, Nombre=ALEGRIA CHICO SANTIAGO REMIGIO, Estado=AC, Tipo=OPS
2026-03-24 15:37:56.698 | INFO  | CID:753399803aaf | USR:USU_ADMIN | Tecnico/ListarInspectoresActivos | [InspectoresDAO-DB2] Ejemplo[1] => Cedula=1709061814, Nombre=AVILA ZARATE EDISON JAVIER, Estado=AC, Tipo=OPS
2026-03-24 15:37:56.698 | INFO  | CID:753399803aaf | USR:USU_ADMIN | Tecnico/ListarInspectoresActivos | [InspectoresDAO-DB2] Ejemplo[2] => Cedula=1703863520, Nombre=BARRERA BARRENO LUIS GONZALO, Estado=AC, Tipo=OPS
2026-03-24 15:37:56.699 | INFO  | CID:753399803aaf | USR:USU_ADMIN | Tecnico/ListarInspectoresActivos | [InspectoresDAO-DB2] Ejemplo[3] => Cedula=1709565459, Nombre=CATOTA TORRES LUIS WILKIR, Estado=AC, Tipo=OPS
2026-03-24 15:37:56.699 | INFO  | CID:753399803aaf | USR:USU_ADMIN | Tecnico/ListarInspectoresActivos | [InspectoresDAO-DB2] Ejemplo[4] => Cedula=1720253846, Nombre=CHUSIN VILLALBA CARLOS ARTURO, Estado=AC, Tipo=OPS
2026-03-24 15:37:56.701 | INFO  | CID:753399803aaf | USR:USU_ADMIN | Tecnico/ListarInspectoresActivos | [InspeccionesController] Endpoint AJAX inspectores OK. Origen=DB2, Tipo=OPS, Cantidad=19
2026-03-24 15:38:06.747 | INFO  | CID:fffa399d0176 | USR:USU_ADMIN | Tecnico/Index | [InspeccionesController] Inicio pantalla gestion (Tecnico/Index). Usuario=USU_ADMIN, Rol=Administrador,Direccion,JefaturaTecnica
2026-03-24 15:38:06.749 | INFO  | CID:fffa399d0176 | USR:USU_ADMIN | Tecnico/Index | [InspeccionesController] DAO.ObtenerPendientesAsignacion inicio. EstadosFiltro=PENDIENTE_ASIGNACION_RT,PENDIENTE ASIGNACION RT,PENDIENTE,ACEPTACION_DOCUMENTAL,DOCUMENTACION_COMPLETA,DOCUMENTOS_COMPLETOS,PENDIENTE_ASIGNACION_TECNICA,PENDIENTE ASIGNACION TECNICA,PENDIENTE_ASIGNACION,ACEPTACION DOCUMENTAL,DOCUMENTACION COMPLETA
2026-03-24 15:38:06.749 | INFO  | CID:fffa399d0176 | USR:USU_ADMIN | Tecnico/Index | [InspeccionesController] EstadoDetectado=PENDIENTE, Total=134
2026-03-24 15:38:06.749 | INFO  | CID:fffa399d0176 | USR:USU_ADMIN | Tecnico/Index | [InspeccionesController] EstadoDetectado=EN INSPECCION, Total=13
2026-03-24 15:38:06.749 | INFO  | CID:fffa399d0176 | USR:USU_ADMIN | Tecnico/Index | [InspeccionesController] EstadoDetectado=OBSERVADA, Total=6
2026-03-24 15:38:06.773 | INFO  | CID:fffa399d0176 | USR:USU_ADMIN | Tecnico/Index | [InspeccionesController] DiagnosticoPendientes => totalSolicitudes=134, conInspeccion=0, conInspectorAsignado=0, conInspeccionSinInspector=0
2026-03-24 15:38:06.780 | INFO  | CID:fffa399d0176 | USR:USU_ADMIN | Tecnico/Index | [InspeccionesController] DAO.ObtenerPendientesAsignacion resultado=40
2026-03-24 15:38:06.780 | INFO  | CID:fffa399d0176 | USR:USU_ADMIN | Tecnico/Index | [InspeccionesController] PendienteEjemplo[0] SolicitudId=168, Estado=Pendiente, Numero=DGAC-GOP-2026-AOCR151
2026-03-24 15:38:06.780 | INFO  | CID:fffa399d0176 | USR:USU_ADMIN | Tecnico/Index | [InspeccionesController] PendienteEjemplo[1] SolicitudId=113, Estado=Pendiente, Numero=DGAC-GOP-2026-AOCR096
2026-03-24 15:38:06.780 | INFO  | CID:fffa399d0176 | USR:USU_ADMIN | Tecnico/Index | [InspeccionesController] PendienteEjemplo[2] SolicitudId=111, Estado=Pendiente, Numero=DGAC-GOP-2026-AOCR094
2026-03-24 15:38:06.780 | INFO  | CID:fffa399d0176 | USR:USU_ADMIN | Tecnico/Index | [InspeccionesController] PendienteEjemplo[3] SolicitudId=92, Estado=Pendiente, Numero=DGAC-GOP-2026-AOCR075
2026-03-24 15:38:06.780 | INFO  | CID:fffa399d0176 | USR:USU_ADMIN | Tecnico/Index | [InspeccionesController] PendienteEjemplo[4] SolicitudId=87, Estado=Pendiente, Numero=DGAC-GOP-2026-AOCR070
2026-03-24 15:38:06.780 | INFO  | CID:fffa399d0176 | USR:USU_ADMIN | Tecnico/Index | [InspeccionesController] Pendientes para asignacion=40
2026-03-24 15:49:54.875 | INFO  | CID:47ff2ab7bb3d | USR:USU_ADMIN | Inspeccion/Detalle | [GestionInspeccion] Inicio Detalle. InspeccionId=12, Usuario=USU_ADMIN, Rol=Administrador,Inspector,JefaturaTecnica,Direccion,CoordinacionLegal
2026-03-24 15:49:54.884 | INFO  | CID:47ff2ab7bb3d | USR:USU_ADMIN | Inspeccion/Detalle | [GestionInspeccion] InspeccionId=12, SolicitudId=170, EstadoActual=VERIFICACION_SOLICITUD, InspectorAsignado=1709565459
2026-03-24 15:49:54.885 | INFO  | CID:47ff2ab7bb3d | USR:USU_ADMIN | Inspeccion/Detalle | [GestionInspeccion] PuedeGestionar=True para detalle. InspeccionId=12
2026-03-24 15:49:55.307 | INFO  | CID:47ff2ab7bb3d | USR:USU_ADMIN | Inspeccion/Detalle | [InspectoresDAO-DB2] Query obtener por cedula: SELECT TRIM(OPICED) AS OPICED, TRIM(OPINO2) AS OPINO2, TRIM(OPIES1) AS OPIES1, TRIM(OPITIP) AS OPITIP FROM DGACDAT.OPIAR2 WHERE OPICED = ? AND UPPER(TRIM(COALESCE(OPIES1, ''))) = ? FETCH FIRST 1 ROW ONLY
2026-03-24 15:49:55.307 | INFO  | CID:47ff2ab7bb3d | USR:USU_ADMIN | Inspeccion/Detalle | [InspectoresDAO-DB2] Parametros => cedula=1709565459, soloActivos=True, tipos=TODOS
2026-03-24 15:49:55.328 | INFO  | CID:47ff2ab7bb3d | USR:USU_ADMIN | Inspeccion/Detalle | [GestionInspeccion] Detalle inspectores enriquecidos. InspeccionId=12, PrincipalCedula=1709565459, PrincipalNombre=CATOTA TORRES LUIS WILKIR, PrincipalTipo=OPS, ApoyoCedula=, ApoyoNombre=, ApoyoTipo=
2026-03-24 16:19:19.284 | INFO  | CID:N/A | Iniciando procesador de cola de correos
2026-03-24 16:19:41.066 | INFO  | CID:a548830290bc | Account/Login | Iniciando acción: Account/Login
2026-03-24 16:19:41.819 | INFO  | CID:a548830290bc | Account/Login | Acción completada: Account/Login
