2026-01-31 08:43:25.825 | INFO  | CID:N/A | Iniciando procesador de cola de correos
2026-01-31 08:43:26.425 | ERROR | CID:N/A | ERR:EMAIL_QUEUE_ERROR | Error de configuración de base de datos.
    Exception: DataAccessException
    StackTrace:    en CapaDatos.Infrastructure.BaseDAO.ExecuteWithConnection[T](Func`2 action) en C:\AOCR\AOCR\AOCR05-01-2026\AOCR1\AOCR\CapaDatos\Infrastructure\BaseDAO.cs:línea 68
   en CapaDatos.Services.EmailQueueService.<ObtenerSiguienteAsync>d__5.MoveNext() en C:\AOCR\AOCR\AOCR05-01-2026\AOCR1\AOCR\CapaDatos\Services\EmailQueueService.cs:línea 136
--- Fin del seguimiento de la pila de la ubicación anterior donde se produjo la excepción ---
   en System.Runtime.ExceptionServices.ExceptionDispatchInfo.Throw()
   en System.Runtime.CompilerServices.TaskAwaiter.HandleNonSuccessAndDebuggerNotification(Task task)
   en System.Runtime.CompilerServices.TaskAwaiter`1.GetResult()
   en CapaDatos.Services.EmailQueueProcessor.<ProcessQueueAsync>d__10.MoveNext() en C:\AOCR\AOCR\AOCR05-01-2026\AOCR1\AOCR\CapaDatos\Services\EmailQueueService.cs:línea 332
2026-01-31 08:43:32.985 | INFO  | CID:da3f5ff67220 | Account/Login | Iniciando acción: Account/Login
2026-01-31 08:43:33.293 | INFO  | CID:da3f5ff67220 | Account/Login | Acción completada: Account/Login
2026-01-31 08:43:56.539 | ERROR | CID:N/A | ERR:EMAIL_QUEUE_ERROR | Error de configuración de base de datos.
    Exception: DataAccessException
    StackTrace:    en CapaDatos.Infrastructure.BaseDAO.ExecuteWithConnection[T](Func`2 action) en C:\AOCR\AOCR\AOCR05-01-2026\AOCR1\AOCR\CapaDatos\Infrastructure\BaseDAO.cs:línea 68
   en CapaDatos.Services.EmailQueueService.<ObtenerSiguienteAsync>d__5.MoveNext() en C:\AOCR\AOCR\AOCR05-01-2026\AOCR1\AOCR\CapaDatos\Services\EmailQueueService.cs:línea 136
--- Fin del seguimiento de la pila de la ubicación anterior donde se produjo la excepción ---
   en System.Runtime.ExceptionServices.ExceptionDispatchInfo.Throw()
   en System.Runtime.CompilerServices.TaskAwaiter.HandleNonSuccessAndDebuggerNotification(Task task)
   en System.Runtime.CompilerServices.TaskAwaiter`1.GetResult()
   en CapaDatos.Services.EmailQueueProcessor.<ProcessQueueAsync>d__10.MoveNext() en C:\AOCR\AOCR\AOCR05-01-2026\AOCR1\AOCR\CapaDatos\Services\EmailQueueService.cs:línea 332
2026-01-31 08:44:26.620 | ERROR | CID:N/A | ERR:EMAIL_QUEUE_ERROR | Error de configuración de base de datos.
    Exception: DataAccessException
    StackTrace:    en CapaDatos.Infrastructure.BaseDAO.ExecuteWithConnection[T](Func`2 action) en C:\AOCR\AOCR\AOCR05-01-2026\AOCR1\AOCR\CapaDatos\Infrastructure\BaseDAO.cs:línea 68
   en CapaDatos.Services.EmailQueueService.<ObtenerSiguienteAsync>d__5.MoveNext() en C:\AOCR\AOCR\AOCR05-01-2026\AOCR1\AOCR\CapaDatos\Services\EmailQueueService.cs:línea 136
--- Fin del seguimiento de la pila de la ubicación anterior donde se produjo la excepción ---
   en System.Runtime.ExceptionServices.ExceptionDispatchInfo.Throw()
   en System.Runtime.CompilerServices.TaskAwaiter.HandleNonSuccessAndDebuggerNotification(Task task)
   en System.Runtime.CompilerServices.TaskAwaiter`1.GetResult()
   en CapaDatos.Services.EmailQueueProcessor.<ProcessQueueAsync>d__10.MoveNext() en C:\AOCR\AOCR\AOCR05-01-2026\AOCR1\AOCR\CapaDatos\Services\EmailQueueService.cs:línea 332
2026-01-31 08:44:44.578 | INFO  | CID:32588fc5ac82 | USR:USU_ADMIN | OrdenRecaudacion/Nueva | Iniciando acción: OrdenRecaudacion/Nueva
2026-01-31 08:44:44.598 | INFO  | CID:32588fc5ac82 | USR:USU_ADMIN | OrdenRecaudacion/Nueva | Acción completada: OrdenRecaudacion/Nueva
2026-01-31 08:44:44.607 | ERROR | CID:32588fc5ac82 | USR:USU_ADMIN | OrdenRecaudacion/Nueva | ERR:BAD_REQUEST | El elemento de modelo pasado al diccionario es de tipo 'CapaPresentacion.Models.CrearOrdenViewModel', pero este diccionario requiere un elemento de modelo de tipo 'CapaPresentacion.Models.OrdenRecaudacionNuevaVM'.
    Exception: InvalidOperationException
    StackTrace:    en System.Web.Mvc.ViewDataDictionary`1.SetModel(Object value)
   en System.Web.Mvc.ViewDataDictionary..ctor(ViewDataDictionary dictionary)
   en System.Web.Mvc.WebViewPage`1.SetViewData(ViewDataDictionary viewData)
   en System.Web.Mvc.RazorView.RenderView(ViewContext viewContext, TextWriter writer, Object instance)
   en System.Web.Mvc.ViewResultBase.ExecuteResult(ControllerContext context)
   en System.Web.Mvc.ControllerActionInvoker.InvokeActionResultFilterRecursive(IList`1 filters, Int32 filterIndex, ResultExecutingContext preContext, ControllerContext controllerContext, ActionResult actionResult)
   en System.Web.Mvc.ControllerActionInvoker.InvokeActionResultFilterRecursive(IList`1 filters, Int32 filterIndex, ResultExecutingContext preContext, ControllerContext controllerContext, ActionResult actionResult)
   en System.Web.Mvc.ControllerActionInvoker.InvokeActionResultFilterRecursive(IList`1 filters, Int32 filterIndex, ResultExecutingContext preContext, ControllerContext controllerContext, ActionResult actionResult)
   en System.Web.Mvc.ControllerActionInvoker.InvokeActionResultFilterRecursive(IList`1 filters, Int32 filterIndex, ResultExecutingContext preContext, ControllerContext controllerContext, ActionResult actionResult)
   en System.Web.Mvc.ControllerActionInvoker.InvokeActionResultWithFilters(ControllerContext controllerContext, IList`1 filters, ActionResult actionResult)
   en System.Web.Mvc.Async.AsyncControllerActionInvoker.<>c__DisplayClass3_1.<BeginInvokeAction>b__1(IAsyncResult asyncResult)
2026-01-31 08:44:51.824 | INFO  | CID:26306d339956 | USR:USU_ADMIN | OrdenRecaudacion/Nueva | Iniciando acción: OrdenRecaudacion/Nueva
2026-01-31 08:44:51.827 | INFO  | CID:26306d339956 | USR:USU_ADMIN | OrdenRecaudacion/Nueva | Acción completada: OrdenRecaudacion/Nueva
2026-01-31 08:44:51.830 | ERROR | CID:26306d339956 | USR:USU_ADMIN | OrdenRecaudacion/Nueva | ERR:BAD_REQUEST | El elemento de modelo pasado al diccionario es de tipo 'CapaPresentacion.Models.CrearOrdenViewModel', pero este diccionario requiere un elemento de modelo de tipo 'CapaPresentacion.Models.OrdenRecaudacionNuevaVM'.
    Exception: InvalidOperationException
    StackTrace:    en System.Web.Mvc.ViewDataDictionary`1.SetModel(Object value)
   en System.Web.Mvc.ViewDataDictionary..ctor(ViewDataDictionary dictionary)
   en System.Web.Mvc.WebViewPage`1.SetViewData(ViewDataDictionary viewData)
   en System.Web.Mvc.RazorView.RenderView(ViewContext viewContext, TextWriter writer, Object instance)
   en System.Web.Mvc.ViewResultBase.ExecuteResult(ControllerContext context)
   en System.Web.Mvc.ControllerActionInvoker.InvokeActionResultFilterRecursive(IList`1 filters, Int32 filterIndex, ResultExecutingContext preContext, ControllerContext controllerContext, ActionResult actionResult)
   en System.Web.Mvc.ControllerActionInvoker.InvokeActionResultFilterRecursive(IList`1 filters, Int32 filterIndex, ResultExecutingContext preContext, ControllerContext controllerContext, ActionResult actionResult)
   en System.Web.Mvc.ControllerActionInvoker.InvokeActionResultFilterRecursive(IList`1 filters, Int32 filterIndex, ResultExecutingContext preContext, ControllerContext controllerContext, ActionResult actionResult)
   en System.Web.Mvc.ControllerActionInvoker.InvokeActionResultFilterRecursive(IList`1 filters, Int32 filterIndex, ResultExecutingContext preContext, ControllerContext controllerContext, ActionResult actionResult)
   en System.Web.Mvc.ControllerActionInvoker.InvokeActionResultWithFilters(ControllerContext controllerContext, IList`1 filters, ActionResult actionResult)
   en System.Web.Mvc.Async.AsyncControllerActionInvoker.<>c__DisplayClass3_1.<BeginInvokeAction>b__1(IAsyncResult asyncResult)
2026-01-31 08:44:56.670 | ERROR | CID:N/A | ERR:EMAIL_QUEUE_ERROR | Error de configuración de base de datos.
    Exception: DataAccessException
    StackTrace:    en CapaDatos.Infrastructure.BaseDAO.ExecuteWithConnection[T](Func`2 action) en C:\AOCR\AOCR\AOCR05-01-2026\AOCR1\AOCR\CapaDatos\Infrastructure\BaseDAO.cs:línea 68
   en CapaDatos.Services.EmailQueueService.<ObtenerSiguienteAsync>d__5.MoveNext() en C:\AOCR\AOCR\AOCR05-01-2026\AOCR1\AOCR\CapaDatos\Services\EmailQueueService.cs:línea 136
--- Fin del seguimiento de la pila de la ubicación anterior donde se produjo la excepción ---
   en System.Runtime.ExceptionServices.ExceptionDispatchInfo.Throw()
   en System.Runtime.CompilerServices.TaskAwaiter.HandleNonSuccessAndDebuggerNotification(Task task)
   en System.Runtime.CompilerServices.TaskAwaiter`1.GetResult()
   en CapaDatos.Services.EmailQueueProcessor.<ProcessQueueAsync>d__10.MoveNext() en C:\AOCR\AOCR\AOCR05-01-2026\AOCR1\AOCR\CapaDatos\Services\EmailQueueService.cs:línea 332
2026-01-31 08:45:26.724 | ERROR | CID:N/A | ERR:EMAIL_QUEUE_ERROR | Error de configuración de base de datos.
    Exception: DataAccessException
    StackTrace:    en CapaDatos.Infrastructure.BaseDAO.ExecuteWithConnection[T](Func`2 action) en C:\AOCR\AOCR\AOCR05-01-2026\AOCR1\AOCR\CapaDatos\Infrastructure\BaseDAO.cs:línea 68
   en CapaDatos.Services.EmailQueueService.<ObtenerSiguienteAsync>d__5.MoveNext() en C:\AOCR\AOCR\AOCR05-01-2026\AOCR1\AOCR\CapaDatos\Services\EmailQueueService.cs:línea 136
--- Fin del seguimiento de la pila de la ubicación anterior donde se produjo la excepción ---
   en System.Runtime.ExceptionServices.ExceptionDispatchInfo.Throw()
   en System.Runtime.CompilerServices.TaskAwaiter.HandleNonSuccessAndDebuggerNotification(Task task)
   en System.Runtime.CompilerServices.TaskAwaiter`1.GetResult()
   en CapaDatos.Services.EmailQueueProcessor.<ProcessQueueAsync>d__10.MoveNext() en C:\AOCR\AOCR\AOCR05-01-2026\AOCR1\AOCR\CapaDatos\Services\EmailQueueService.cs:línea 332
2026-01-31 08:45:56.782 | ERROR | CID:N/A | ERR:EMAIL_QUEUE_ERROR | Error de configuración de base de datos.
    Exception: DataAccessException
    StackTrace:    en CapaDatos.Infrastructure.BaseDAO.ExecuteWithConnection[T](Func`2 action) en C:\AOCR\AOCR\AOCR05-01-2026\AOCR1\AOCR\CapaDatos\Infrastructure\BaseDAO.cs:línea 68
   en CapaDatos.Services.EmailQueueService.<ObtenerSiguienteAsync>d__5.MoveNext() en C:\AOCR\AOCR\AOCR05-01-2026\AOCR1\AOCR\CapaDatos\Services\EmailQueueService.cs:línea 136
--- Fin del seguimiento de la pila de la ubicación anterior donde se produjo la excepción ---
   en System.Runtime.ExceptionServices.ExceptionDispatchInfo.Throw()
   en System.Runtime.CompilerServices.TaskAwaiter.HandleNonSuccessAndDebuggerNotification(Task task)
   en System.Runtime.CompilerServices.TaskAwaiter`1.GetResult()
   en CapaDatos.Services.EmailQueueProcessor.<ProcessQueueAsync>d__10.MoveNext() en C:\AOCR\AOCR\AOCR05-01-2026\AOCR1\AOCR\CapaDatos\Services\EmailQueueService.cs:línea 332
2026-01-31 08:46:15.176 | INFO  | CID:1ed711ec214d | USR:USU_ADMIN | OrdenRecaudacion/Nueva | Iniciando acción: OrdenRecaudacion/Nueva
2026-01-31 08:46:15.181 | INFO  | CID:1ed711ec214d | USR:USU_ADMIN | OrdenRecaudacion/Nueva | Acción completada: OrdenRecaudacion/Nueva
2026-01-31 08:46:15.184 | ERROR | CID:1ed711ec214d | USR:USU_ADMIN | OrdenRecaudacion/Nueva | ERR:BAD_REQUEST | El elemento de modelo pasado al diccionario es de tipo 'CapaPresentacion.Models.CrearOrdenViewModel', pero este diccionario requiere un elemento de modelo de tipo 'CapaPresentacion.Models.OrdenRecaudacionNuevaVM'.
    Exception: InvalidOperationException
    StackTrace:    en System.Web.Mvc.ViewDataDictionary`1.SetModel(Object value)
   en System.Web.Mvc.ViewDataDictionary..ctor(ViewDataDictionary dictionary)
   en System.Web.Mvc.WebViewPage`1.SetViewData(ViewDataDictionary viewData)
   en System.Web.Mvc.RazorView.RenderView(ViewContext viewContext, TextWriter writer, Object instance)
   en System.Web.Mvc.ViewResultBase.ExecuteResult(ControllerContext context)
   en System.Web.Mvc.ControllerActionInvoker.InvokeActionResultFilterRecursive(IList`1 filters, Int32 filterIndex, ResultExecutingContext preContext, ControllerContext controllerContext, ActionResult actionResult)
   en System.Web.Mvc.ControllerActionInvoker.InvokeActionResultFilterRecursive(IList`1 filters, Int32 filterIndex, ResultExecutingContext preContext, ControllerContext controllerContext, ActionResult actionResult)
   en System.Web.Mvc.ControllerActionInvoker.InvokeActionResultFilterRecursive(IList`1 filters, Int32 filterIndex, ResultExecutingContext preContext, ControllerContext controllerContext, ActionResult actionResult)
   en System.Web.Mvc.ControllerActionInvoker.InvokeActionResultFilterRecursive(IList`1 filters, Int32 filterIndex, ResultExecutingContext preContext, ControllerContext controllerContext, ActionResult actionResult)
   en System.Web.Mvc.ControllerActionInvoker.InvokeActionResultWithFilters(ControllerContext controllerContext, IList`1 filters, ActionResult actionResult)
   en System.Web.Mvc.Async.AsyncControllerActionInvoker.<>c__DisplayClass3_1.<BeginInvokeAction>b__1(IAsyncResult asyncResult)
2026-01-31 08:46:26.838 | ERROR | CID:N/A | ERR:EMAIL_QUEUE_ERROR | Error de configuración de base de datos.
    Exception: DataAccessException
    StackTrace:    en CapaDatos.Infrastructure.BaseDAO.ExecuteWithConnection[T](Func`2 action) en C:\AOCR\AOCR\AOCR05-01-2026\AOCR1\AOCR\CapaDatos\Infrastructure\BaseDAO.cs:línea 68
   en CapaDatos.Services.EmailQueueService.<ObtenerSiguienteAsync>d__5.MoveNext() en C:\AOCR\AOCR\AOCR05-01-2026\AOCR1\AOCR\CapaDatos\Services\EmailQueueService.cs:línea 136
--- Fin del seguimiento de la pila de la ubicación anterior donde se produjo la excepción ---
   en System.Runtime.ExceptionServices.ExceptionDispatchInfo.Throw()
   en System.Runtime.CompilerServices.TaskAwaiter.HandleNonSuccessAndDebuggerNotification(Task task)
   en System.Runtime.CompilerServices.TaskAwaiter`1.GetResult()
   en CapaDatos.Services.EmailQueueProcessor.<ProcessQueueAsync>d__10.MoveNext() en C:\AOCR\AOCR\AOCR05-01-2026\AOCR1\AOCR\CapaDatos\Services\EmailQueueService.cs:línea 332
2026-01-31 08:46:56.880 | ERROR | CID:N/A | ERR:EMAIL_QUEUE_ERROR | Error de configuración de base de datos.
    Exception: DataAccessException
    StackTrace:    en CapaDatos.Infrastructure.BaseDAO.ExecuteWithConnection[T](Func`2 action) en C:\AOCR\AOCR\AOCR05-01-2026\AOCR1\AOCR\CapaDatos\Infrastructure\BaseDAO.cs:línea 68
   en CapaDatos.Services.EmailQueueService.<ObtenerSiguienteAsync>d__5.MoveNext() en C:\AOCR\AOCR\AOCR05-01-2026\AOCR1\AOCR\CapaDatos\Services\EmailQueueService.cs:línea 136
--- Fin del seguimiento de la pila de la ubicación anterior donde se produjo la excepción ---
   en System.Runtime.ExceptionServices.ExceptionDispatchInfo.Throw()
   en System.Runtime.CompilerServices.TaskAwaiter.HandleNonSuccessAndDebuggerNotification(Task task)
   en System.Runtime.CompilerServices.TaskAwaiter`1.GetResult()
   en CapaDatos.Services.EmailQueueProcessor.<ProcessQueueAsync>d__10.MoveNext() en C:\AOCR\AOCR\AOCR05-01-2026\AOCR1\AOCR\CapaDatos\Services\EmailQueueService.cs:línea 332
2026-01-31 08:47:26.931 | ERROR | CID:N/A | ERR:EMAIL_QUEUE_ERROR | Error de configuración de base de datos.
    Exception: DataAccessException
    StackTrace:    en CapaDatos.Infrastructure.BaseDAO.ExecuteWithConnection[T](Func`2 action) en C:\AOCR\AOCR\AOCR05-01-2026\AOCR1\AOCR\CapaDatos\Infrastructure\BaseDAO.cs:línea 68
   en CapaDatos.Services.EmailQueueService.<ObtenerSiguienteAsync>d__5.MoveNext() en C:\AOCR\AOCR\AOCR05-01-2026\AOCR1\AOCR\CapaDatos\Services\EmailQueueService.cs:línea 136
--- Fin del seguimiento de la pila de la ubicación anterior donde se produjo la excepción ---
   en System.Runtime.ExceptionServices.ExceptionDispatchInfo.Throw()
   en System.Runtime.CompilerServices.TaskAwaiter.HandleNonSuccessAndDebuggerNotification(Task task)
   en System.Runtime.CompilerServices.TaskAwaiter`1.GetResult()
   en CapaDatos.Services.EmailQueueProcessor.<ProcessQueueAsync>d__10.MoveNext() en C:\AOCR\AOCR\AOCR05-01-2026\AOCR1\AOCR\CapaDatos\Services\EmailQueueService.cs:línea 332
2026-01-31 08:47:56.986 | ERROR | CID:N/A | ERR:EMAIL_QUEUE_ERROR | Error de configuración de base de datos.
    Exception: DataAccessException
    StackTrace:    en CapaDatos.Infrastructure.BaseDAO.ExecuteWithConnection[T](Func`2 action) en C:\AOCR\AOCR\AOCR05-01-2026\AOCR1\AOCR\CapaDatos\Infrastructure\BaseDAO.cs:línea 68
   en CapaDatos.Services.EmailQueueService.<ObtenerSiguienteAsync>d__5.MoveNext() en C:\AOCR\AOCR\AOCR05-01-2026\AOCR1\AOCR\CapaDatos\Services\EmailQueueService.cs:línea 136
--- Fin del seguimiento de la pila de la ubicación anterior donde se produjo la excepción ---
   en System.Runtime.ExceptionServices.ExceptionDispatchInfo.Throw()
   en System.Runtime.CompilerServices.TaskAwaiter.HandleNonSuccessAndDebuggerNotification(Task task)
   en System.Runtime.CompilerServices.TaskAwaiter`1.GetResult()
   en CapaDatos.Services.EmailQueueProcessor.<ProcessQueueAsync>d__10.MoveNext() en C:\AOCR\AOCR\AOCR05-01-2026\AOCR1\AOCR\CapaDatos\Services\EmailQueueService.cs:línea 332
2026-01-31 08:48:27.034 | ERROR | CID:N/A | ERR:EMAIL_QUEUE_ERROR | Error de configuración de base de datos.
    Exception: DataAccessException
    StackTrace:    en CapaDatos.Infrastructure.BaseDAO.ExecuteWithConnection[T](Func`2 action) en C:\AOCR\AOCR\AOCR05-01-2026\AOCR1\AOCR\CapaDatos\Infrastructure\BaseDAO.cs:línea 68
   en CapaDatos.Services.EmailQueueService.<ObtenerSiguienteAsync>d__5.MoveNext() en C:\AOCR\AOCR\AOCR05-01-2026\AOCR1\AOCR\CapaDatos\Services\EmailQueueService.cs:línea 136
--- Fin del seguimiento de la pila de la ubicación anterior donde se produjo la excepción ---
   en System.Runtime.ExceptionServices.ExceptionDispatchInfo.Throw()
   en System.Runtime.CompilerServices.TaskAwaiter.HandleNonSuccessAndDebuggerNotification(Task task)
   en System.Runtime.CompilerServices.TaskAwaiter`1.GetResult()
   en CapaDatos.Services.EmailQueueProcessor.<ProcessQueueAsync>d__10.MoveNext() en C:\AOCR\AOCR\AOCR05-01-2026\AOCR1\AOCR\CapaDatos\Services\EmailQueueService.cs:línea 332
2026-01-31 08:48:57.095 | ERROR | CID:N/A | ERR:EMAIL_QUEUE_ERROR | Error de configuración de base de datos.
    Exception: DataAccessException
    StackTrace:    en CapaDatos.Infrastructure.BaseDAO.ExecuteWithConnection[T](Func`2 action) en C:\AOCR\AOCR\AOCR05-01-2026\AOCR1\AOCR\CapaDatos\Infrastructure\BaseDAO.cs:línea 68
   en CapaDatos.Services.EmailQueueService.<ObtenerSiguienteAsync>d__5.MoveNext() en C:\AOCR\AOCR\AOCR05-01-2026\AOCR1\AOCR\CapaDatos\Services\EmailQueueService.cs:línea 136
--- Fin del seguimiento de la pila de la ubicación anterior donde se produjo la excepción ---
   en System.Runtime.ExceptionServices.ExceptionDispatchInfo.Throw()
   en System.Runtime.CompilerServices.TaskAwaiter.HandleNonSuccessAndDebuggerNotification(Task task)
   en System.Runtime.CompilerServices.TaskAwaiter`1.GetResult()
   en CapaDatos.Services.EmailQueueProcessor.<ProcessQueueAsync>d__10.MoveNext() en C:\AOCR\AOCR\AOCR05-01-2026\AOCR1\AOCR\CapaDatos\Services\EmailQueueService.cs:línea 332
2026-01-31 08:49:27.144 | ERROR | CID:N/A | ERR:EMAIL_QUEUE_ERROR | Error de configuración de base de datos.
    Exception: DataAccessException
    StackTrace:    en CapaDatos.Infrastructure.BaseDAO.ExecuteWithConnection[T](Func`2 action) en C:\AOCR\AOCR\AOCR05-01-2026\AOCR1\AOCR\CapaDatos\Infrastructure\BaseDAO.cs:línea 68
   en CapaDatos.Services.EmailQueueService.<ObtenerSiguienteAsync>d__5.MoveNext() en C:\AOCR\AOCR\AOCR05-01-2026\AOCR1\AOCR\CapaDatos\Services\EmailQueueService.cs:línea 136
--- Fin del seguimiento de la pila de la ubicación anterior donde se produjo la excepción ---
   en System.Runtime.ExceptionServices.ExceptionDispatchInfo.Throw()
   en System.Runtime.CompilerServices.TaskAwaiter.HandleNonSuccessAndDebuggerNotification(Task task)
   en System.Runtime.CompilerServices.TaskAwaiter`1.GetResult()
   en CapaDatos.Services.EmailQueueProcessor.<ProcessQueueAsync>d__10.MoveNext() en C:\AOCR\AOCR\AOCR05-01-2026\AOCR1\AOCR\CapaDatos\Services\EmailQueueService.cs:línea 332
2026-01-31 08:49:57.195 | ERROR | CID:N/A | ERR:EMAIL_QUEUE_ERROR | Error de configuración de base de datos.
    Exception: DataAccessException
    StackTrace:    en CapaDatos.Infrastructure.BaseDAO.ExecuteWithConnection[T](Func`2 action) en C:\AOCR\AOCR\AOCR05-01-2026\AOCR1\AOCR\CapaDatos\Infrastructure\BaseDAO.cs:línea 68
   en CapaDatos.Services.EmailQueueService.<ObtenerSiguienteAsync>d__5.MoveNext() en C:\AOCR\AOCR\AOCR05-01-2026\AOCR1\AOCR\CapaDatos\Services\EmailQueueService.cs:línea 136
--- Fin del seguimiento de la pila de la ubicación anterior donde se produjo la excepción ---
   en System.Runtime.ExceptionServices.ExceptionDispatchInfo.Throw()
   en System.Runtime.CompilerServices.TaskAwaiter.HandleNonSuccessAndDebuggerNotification(Task task)
   en System.Runtime.CompilerServices.TaskAwaiter`1.GetResult()
   en CapaDatos.Services.EmailQueueProcessor.<ProcessQueueAsync>d__10.MoveNext() en C:\AOCR\AOCR\AOCR05-01-2026\AOCR1\AOCR\CapaDatos\Services\EmailQueueService.cs:línea 332
2026-01-31 08:50:27.265 | ERROR | CID:N/A | ERR:EMAIL_QUEUE_ERROR | Error de configuración de base de datos.
    Exception: DataAccessException
    StackTrace:    en CapaDatos.Infrastructure.BaseDAO.ExecuteWithConnection[T](Func`2 action) en C:\AOCR\AOCR\AOCR05-01-2026\AOCR1\AOCR\CapaDatos\Infrastructure\BaseDAO.cs:línea 68
   en CapaDatos.Services.EmailQueueService.<ObtenerSiguienteAsync>d__5.MoveNext() en C:\AOCR\AOCR\AOCR05-01-2026\AOCR1\AOCR\CapaDatos\Services\EmailQueueService.cs:línea 136
--- Fin del seguimiento de la pila de la ubicación anterior donde se produjo la excepción ---
   en System.Runtime.ExceptionServices.ExceptionDispatchInfo.Throw()
   en System.Runtime.CompilerServices.TaskAwaiter.HandleNonSuccessAndDebuggerNotification(Task task)
   en System.Runtime.CompilerServices.TaskAwaiter`1.GetResult()
   en CapaDatos.Services.EmailQueueProcessor.<ProcessQueueAsync>d__10.MoveNext() en C:\AOCR\AOCR\AOCR05-01-2026\AOCR1\AOCR\CapaDatos\Services\EmailQueueService.cs:línea 332
2026-01-31 08:50:57.323 | ERROR | CID:N/A | ERR:EMAIL_QUEUE_ERROR | Error de configuración de base de datos.
    Exception: DataAccessException
    StackTrace:    en CapaDatos.Infrastructure.BaseDAO.ExecuteWithConnection[T](Func`2 action) en C:\AOCR\AOCR\AOCR05-01-2026\AOCR1\AOCR\CapaDatos\Infrastructure\BaseDAO.cs:línea 68
   en CapaDatos.Services.EmailQueueService.<ObtenerSiguienteAsync>d__5.MoveNext() en C:\AOCR\AOCR\AOCR05-01-2026\AOCR1\AOCR\CapaDatos\Services\EmailQueueService.cs:línea 136
--- Fin del seguimiento de la pila de la ubicación anterior donde se produjo la excepción ---
   en System.Runtime.ExceptionServices.ExceptionDispatchInfo.Throw()
   en System.Runtime.CompilerServices.TaskAwaiter.HandleNonSuccessAndDebuggerNotification(Task task)
   en System.Runtime.CompilerServices.TaskAwaiter`1.GetResult()
   en CapaDatos.Services.EmailQueueProcessor.<ProcessQueueAsync>d__10.MoveNext() en C:\AOCR\AOCR\AOCR05-01-2026\AOCR1\AOCR\CapaDatos\Services\EmailQueueService.cs:línea 332
2026-01-31 08:51:27.374 | ERROR | CID:N/A | ERR:EMAIL_QUEUE_ERROR | Error de configuración de base de datos.
    Exception: DataAccessException
    StackTrace:    en CapaDatos.Infrastructure.BaseDAO.ExecuteWithConnection[T](Func`2 action) en C:\AOCR\AOCR\AOCR05-01-2026\AOCR1\AOCR\CapaDatos\Infrastructure\BaseDAO.cs:línea 68
   en CapaDatos.Services.EmailQueueService.<ObtenerSiguienteAsync>d__5.MoveNext() en C:\AOCR\AOCR\AOCR05-01-2026\AOCR1\AOCR\CapaDatos\Services\EmailQueueService.cs:línea 136
--- Fin del seguimiento de la pila de la ubicación anterior donde se produjo la excepción ---
   en System.Runtime.ExceptionServices.ExceptionDispatchInfo.Throw()
   en System.Runtime.CompilerServices.TaskAwaiter.HandleNonSuccessAndDebuggerNotification(Task task)
   en System.Runtime.CompilerServices.TaskAwaiter`1.GetResult()
   en CapaDatos.Services.EmailQueueProcessor.<ProcessQueueAsync>d__10.MoveNext() en C:\AOCR\AOCR\AOCR05-01-2026\AOCR1\AOCR\CapaDatos\Services\EmailQueueService.cs:línea 332
2026-01-31 08:51:57.426 | ERROR | CID:N/A | ERR:EMAIL_QUEUE_ERROR | Error de configuración de base de datos.
    Exception: DataAccessException
    StackTrace:    en CapaDatos.Infrastructure.BaseDAO.ExecuteWithConnection[T](Func`2 action) en C:\AOCR\AOCR\AOCR05-01-2026\AOCR1\AOCR\CapaDatos\Infrastructure\BaseDAO.cs:línea 68
   en CapaDatos.Services.EmailQueueService.<ObtenerSiguienteAsync>d__5.MoveNext() en C:\AOCR\AOCR\AOCR05-01-2026\AOCR1\AOCR\CapaDatos\Services\EmailQueueService.cs:línea 136
--- Fin del seguimiento de la pila de la ubicación anterior donde se produjo la excepción ---
   en System.Runtime.ExceptionServices.ExceptionDispatchInfo.Throw()
   en System.Runtime.CompilerServices.TaskAwaiter.HandleNonSuccessAndDebuggerNotification(Task task)
   en System.Runtime.CompilerServices.TaskAwaiter`1.GetResult()
   en CapaDatos.Services.EmailQueueProcessor.<ProcessQueueAsync>d__10.MoveNext() en C:\AOCR\AOCR\AOCR05-01-2026\AOCR1\AOCR\CapaDatos\Services\EmailQueueService.cs:línea 332
2026-01-31 08:52:27.479 | ERROR | CID:N/A | ERR:EMAIL_QUEUE_ERROR | Error de configuración de base de datos.
    Exception: DataAccessException
    StackTrace:    en CapaDatos.Infrastructure.BaseDAO.ExecuteWithConnection[T](Func`2 action) en C:\AOCR\AOCR\AOCR05-01-2026\AOCR1\AOCR\CapaDatos\Infrastructure\BaseDAO.cs:línea 68
   en CapaDatos.Services.EmailQueueService.<ObtenerSiguienteAsync>d__5.MoveNext() en C:\AOCR\AOCR\AOCR05-01-2026\AOCR1\AOCR\CapaDatos\Services\EmailQueueService.cs:línea 136
--- Fin del seguimiento de la pila de la ubicación anterior donde se produjo la excepción ---
   en System.Runtime.ExceptionServices.ExceptionDispatchInfo.Throw()
   en System.Runtime.CompilerServices.TaskAwaiter.HandleNonSuccessAndDebuggerNotification(Task task)
   en System.Runtime.CompilerServices.TaskAwaiter`1.GetResult()
   en CapaDatos.Services.EmailQueueProcessor.<ProcessQueueAsync>d__10.MoveNext() en C:\AOCR\AOCR\AOCR05-01-2026\AOCR1\AOCR\CapaDatos\Services\EmailQueueService.cs:línea 332
2026-01-31 08:52:57.553 | ERROR | CID:N/A | ERR:EMAIL_QUEUE_ERROR | Error de configuración de base de datos.
    Exception: DataAccessException
    StackTrace:    en CapaDatos.Infrastructure.BaseDAO.ExecuteWithConnection[T](Func`2 action) en C:\AOCR\AOCR\AOCR05-01-2026\AOCR1\AOCR\CapaDatos\Infrastructure\BaseDAO.cs:línea 68
   en CapaDatos.Services.EmailQueueService.<ObtenerSiguienteAsync>d__5.MoveNext() en C:\AOCR\AOCR\AOCR05-01-2026\AOCR1\AOCR\CapaDatos\Services\EmailQueueService.cs:línea 136
--- Fin del seguimiento de la pila de la ubicación anterior donde se produjo la excepción ---
   en System.Runtime.ExceptionServices.ExceptionDispatchInfo.Throw()
   en System.Runtime.CompilerServices.TaskAwaiter.HandleNonSuccessAndDebuggerNotification(Task task)
   en System.Runtime.CompilerServices.TaskAwaiter`1.GetResult()
   en CapaDatos.Services.EmailQueueProcessor.<ProcessQueueAsync>d__10.MoveNext() en C:\AOCR\AOCR\AOCR05-01-2026\AOCR1\AOCR\CapaDatos\Services\EmailQueueService.cs:línea 332
2026-01-31 08:53:27.602 | ERROR | CID:N/A | ERR:EMAIL_QUEUE_ERROR | Error de configuración de base de datos.
    Exception: DataAccessException
    StackTrace:    en CapaDatos.Infrastructure.BaseDAO.ExecuteWithConnection[T](Func`2 action) en C:\AOCR\AOCR\AOCR05-01-2026\AOCR1\AOCR\CapaDatos\Infrastructure\BaseDAO.cs:línea 68
   en CapaDatos.Services.EmailQueueService.<ObtenerSiguienteAsync>d__5.MoveNext() en C:\AOCR\AOCR\AOCR05-01-2026\AOCR1\AOCR\CapaDatos\Services\EmailQueueService.cs:línea 136
--- Fin del seguimiento de la pila de la ubicación anterior donde se produjo la excepción ---
   en System.Runtime.ExceptionServices.ExceptionDispatchInfo.Throw()
   en System.Runtime.CompilerServices.TaskAwaiter.HandleNonSuccessAndDebuggerNotification(Task task)
   en System.Runtime.CompilerServices.TaskAwaiter`1.GetResult()
   en CapaDatos.Services.EmailQueueProcessor.<ProcessQueueAsync>d__10.MoveNext() en C:\AOCR\AOCR\AOCR05-01-2026\AOCR1\AOCR\CapaDatos\Services\EmailQueueService.cs:línea 332
2026-01-31 08:53:57.668 | ERROR | CID:N/A | ERR:EMAIL_QUEUE_ERROR | Error de configuración de base de datos.
    Exception: DataAccessException
    StackTrace:    en CapaDatos.Infrastructure.BaseDAO.ExecuteWithConnection[T](Func`2 action) en C:\AOCR\AOCR\AOCR05-01-2026\AOCR1\AOCR\CapaDatos\Infrastructure\BaseDAO.cs:línea 68
   en CapaDatos.Services.EmailQueueService.<ObtenerSiguienteAsync>d__5.MoveNext() en C:\AOCR\AOCR\AOCR05-01-2026\AOCR1\AOCR\CapaDatos\Services\EmailQueueService.cs:línea 136
--- Fin del seguimiento de la pila de la ubicación anterior donde se produjo la excepción ---
   en System.Runtime.ExceptionServices.ExceptionDispatchInfo.Throw()
   en System.Runtime.CompilerServices.TaskAwaiter.HandleNonSuccessAndDebuggerNotification(Task task)
   en System.Runtime.CompilerServices.TaskAwaiter`1.GetResult()
   en CapaDatos.Services.EmailQueueProcessor.<ProcessQueueAsync>d__10.MoveNext() en C:\AOCR\AOCR\AOCR05-01-2026\AOCR1\AOCR\CapaDatos\Services\EmailQueueService.cs:línea 332
2026-01-31 08:54:27.709 | ERROR | CID:N/A | ERR:EMAIL_QUEUE_ERROR | Error de configuración de base de datos.
    Exception: DataAccessException
    StackTrace:    en CapaDatos.Infrastructure.BaseDAO.ExecuteWithConnection[T](Func`2 action) en C:\AOCR\AOCR\AOCR05-01-2026\AOCR1\AOCR\CapaDatos\Infrastructure\BaseDAO.cs:línea 68
   en CapaDatos.Services.EmailQueueService.<ObtenerSiguienteAsync>d__5.MoveNext() en C:\AOCR\AOCR\AOCR05-01-2026\AOCR1\AOCR\CapaDatos\Services\EmailQueueService.cs:línea 136
--- Fin del seguimiento de la pila de la ubicación anterior donde se produjo la excepción ---
   en System.Runtime.ExceptionServices.ExceptionDispatchInfo.Throw()
   en System.Runtime.CompilerServices.TaskAwaiter.HandleNonSuccessAndDebuggerNotification(Task task)
   en System.Runtime.CompilerServices.TaskAwaiter`1.GetResult()
   en CapaDatos.Services.EmailQueueProcessor.<ProcessQueueAsync>d__10.MoveNext() en C:\AOCR\AOCR\AOCR05-01-2026\AOCR1\AOCR\CapaDatos\Services\EmailQueueService.cs:línea 332
2026-01-31 08:54:57.784 | ERROR | CID:N/A | ERR:EMAIL_QUEUE_ERROR | Error de configuración de base de datos.
    Exception: DataAccessException
    StackTrace:    en CapaDatos.Infrastructure.BaseDAO.ExecuteWithConnection[T](Func`2 action) en C:\AOCR\AOCR\AOCR05-01-2026\AOCR1\AOCR\CapaDatos\Infrastructure\BaseDAO.cs:línea 68
   en CapaDatos.Services.EmailQueueService.<ObtenerSiguienteAsync>d__5.MoveNext() en C:\AOCR\AOCR\AOCR05-01-2026\AOCR1\AOCR\CapaDatos\Services\EmailQueueService.cs:línea 136
--- Fin del seguimiento de la pila de la ubicación anterior donde se produjo la excepción ---
   en System.Runtime.ExceptionServices.ExceptionDispatchInfo.Throw()
   en System.Runtime.CompilerServices.TaskAwaiter.HandleNonSuccessAndDebuggerNotification(Task task)
   en System.Runtime.CompilerServices.TaskAwaiter`1.GetResult()
   en CapaDatos.Services.EmailQueueProcessor.<ProcessQueueAsync>d__10.MoveNext() en C:\AOCR\AOCR\AOCR05-01-2026\AOCR1\AOCR\CapaDatos\Services\EmailQueueService.cs:línea 332
2026-01-31 08:55:27.839 | ERROR | CID:N/A | ERR:EMAIL_QUEUE_ERROR | Error de configuración de base de datos.
    Exception: DataAccessException
    StackTrace:    en CapaDatos.Infrastructure.BaseDAO.ExecuteWithConnection[T](Func`2 action) en C:\AOCR\AOCR\AOCR05-01-2026\AOCR1\AOCR\CapaDatos\Infrastructure\BaseDAO.cs:línea 68
   en CapaDatos.Services.EmailQueueService.<ObtenerSiguienteAsync>d__5.MoveNext() en C:\AOCR\AOCR\AOCR05-01-2026\AOCR1\AOCR\CapaDatos\Services\EmailQueueService.cs:línea 136
--- Fin del seguimiento de la pila de la ubicación anterior donde se produjo la excepción ---
   en System.Runtime.ExceptionServices.ExceptionDispatchInfo.Throw()
   en System.Runtime.CompilerServices.TaskAwaiter.HandleNonSuccessAndDebuggerNotification(Task task)
   en System.Runtime.CompilerServices.TaskAwaiter`1.GetResult()
   en CapaDatos.Services.EmailQueueProcessor.<ProcessQueueAsync>d__10.MoveNext() en C:\AOCR\AOCR\AOCR05-01-2026\AOCR1\AOCR\CapaDatos\Services\EmailQueueService.cs:línea 332
2026-01-31 08:55:57.887 | ERROR | CID:N/A | ERR:EMAIL_QUEUE_ERROR | Error de configuración de base de datos.
    Exception: DataAccessException
    StackTrace:    en CapaDatos.Infrastructure.BaseDAO.ExecuteWithConnection[T](Func`2 action) en C:\AOCR\AOCR\AOCR05-01-2026\AOCR1\AOCR\CapaDatos\Infrastructure\BaseDAO.cs:línea 68
   en CapaDatos.Services.EmailQueueService.<ObtenerSiguienteAsync>d__5.MoveNext() en C:\AOCR\AOCR\AOCR05-01-2026\AOCR1\AOCR\CapaDatos\Services\EmailQueueService.cs:línea 136
--- Fin del seguimiento de la pila de la ubicación anterior donde se produjo la excepción ---
   en System.Runtime.ExceptionServices.ExceptionDispatchInfo.Throw()
   en System.Runtime.CompilerServices.TaskAwaiter.HandleNonSuccessAndDebuggerNotification(Task task)
   en System.Runtime.CompilerServices.TaskAwaiter`1.GetResult()
   en CapaDatos.Services.EmailQueueProcessor.<ProcessQueueAsync>d__10.MoveNext() en C:\AOCR\AOCR\AOCR05-01-2026\AOCR1\AOCR\CapaDatos\Services\EmailQueueService.cs:línea 332
2026-01-31 08:56:27.944 | ERROR | CID:N/A | ERR:EMAIL_QUEUE_ERROR | Error de configuración de base de datos.
    Exception: DataAccessException
    StackTrace:    en CapaDatos.Infrastructure.BaseDAO.ExecuteWithConnection[T](Func`2 action) en C:\AOCR\AOCR\AOCR05-01-2026\AOCR1\AOCR\CapaDatos\Infrastructure\BaseDAO.cs:línea 68
   en CapaDatos.Services.EmailQueueService.<ObtenerSiguienteAsync>d__5.MoveNext() en C:\AOCR\AOCR\AOCR05-01-2026\AOCR1\AOCR\CapaDatos\Services\EmailQueueService.cs:línea 136
--- Fin del seguimiento de la pila de la ubicación anterior donde se produjo la excepción ---
   en System.Runtime.ExceptionServices.ExceptionDispatchInfo.Throw()
   en System.Runtime.CompilerServices.TaskAwaiter.HandleNonSuccessAndDebuggerNotification(Task task)
   en System.Runtime.CompilerServices.TaskAwaiter`1.GetResult()
   en CapaDatos.Services.EmailQueueProcessor.<ProcessQueueAsync>d__10.MoveNext() en C:\AOCR\AOCR\AOCR05-01-2026\AOCR1\AOCR\CapaDatos\Services\EmailQueueService.cs:línea 332
2026-01-31 08:56:58.002 | ERROR | CID:N/A | ERR:EMAIL_QUEUE_ERROR | Error de configuración de base de datos.
    Exception: DataAccessException
    StackTrace:    en CapaDatos.Infrastructure.BaseDAO.ExecuteWithConnection[T](Func`2 action) en C:\AOCR\AOCR\AOCR05-01-2026\AOCR1\AOCR\CapaDatos\Infrastructure\BaseDAO.cs:línea 68
   en CapaDatos.Services.EmailQueueService.<ObtenerSiguienteAsync>d__5.MoveNext() en C:\AOCR\AOCR\AOCR05-01-2026\AOCR1\AOCR\CapaDatos\Services\EmailQueueService.cs:línea 136
--- Fin del seguimiento de la pila de la ubicación anterior donde se produjo la excepción ---
   en System.Runtime.ExceptionServices.ExceptionDispatchInfo.Throw()
   en System.Runtime.CompilerServices.TaskAwaiter.HandleNonSuccessAndDebuggerNotification(Task task)
   en System.Runtime.CompilerServices.TaskAwaiter`1.GetResult()
   en CapaDatos.Services.EmailQueueProcessor.<ProcessQueueAsync>d__10.MoveNext() en C:\AOCR\AOCR\AOCR05-01-2026\AOCR1\AOCR\CapaDatos\Services\EmailQueueService.cs:línea 332
2026-01-31 08:57:28.060 | ERROR | CID:N/A | ERR:EMAIL_QUEUE_ERROR | Error de configuración de base de datos.
    Exception: DataAccessException
    StackTrace:    en CapaDatos.Infrastructure.BaseDAO.ExecuteWithConnection[T](Func`2 action) en C:\AOCR\AOCR\AOCR05-01-2026\AOCR1\AOCR\CapaDatos\Infrastructure\BaseDAO.cs:línea 68
   en CapaDatos.Services.EmailQueueService.<ObtenerSiguienteAsync>d__5.MoveNext() en C:\AOCR\AOCR\AOCR05-01-2026\AOCR1\AOCR\CapaDatos\Services\EmailQueueService.cs:línea 136
--- Fin del seguimiento de la pila de la ubicación anterior donde se produjo la excepción ---
   en System.Runtime.ExceptionServices.ExceptionDispatchInfo.Throw()
   en System.Runtime.CompilerServices.TaskAwaiter.HandleNonSuccessAndDebuggerNotification(Task task)
   en System.Runtime.CompilerServices.TaskAwaiter`1.GetResult()
   en CapaDatos.Services.EmailQueueProcessor.<ProcessQueueAsync>d__10.MoveNext() en C:\AOCR\AOCR\AOCR05-01-2026\AOCR1\AOCR\CapaDatos\Services\EmailQueueService.cs:línea 332
2026-01-31 08:57:58.125 | ERROR | CID:N/A | ERR:EMAIL_QUEUE_ERROR | Error de configuración de base de datos.
    Exception: DataAccessException
    StackTrace:    en CapaDatos.Infrastructure.BaseDAO.ExecuteWithConnection[T](Func`2 action) en C:\AOCR\AOCR\AOCR05-01-2026\AOCR1\AOCR\CapaDatos\Infrastructure\BaseDAO.cs:línea 68
   en CapaDatos.Services.EmailQueueService.<ObtenerSiguienteAsync>d__5.MoveNext() en C:\AOCR\AOCR\AOCR05-01-2026\AOCR1\AOCR\CapaDatos\Services\EmailQueueService.cs:línea 136
--- Fin del seguimiento de la pila de la ubicación anterior donde se produjo la excepción ---
   en System.Runtime.ExceptionServices.ExceptionDispatchInfo.Throw()
   en System.Runtime.CompilerServices.TaskAwaiter.HandleNonSuccessAndDebuggerNotification(Task task)
   en System.Runtime.CompilerServices.TaskAwaiter`1.GetResult()
   en CapaDatos.Services.EmailQueueProcessor.<ProcessQueueAsync>d__10.MoveNext() en C:\AOCR\AOCR\AOCR05-01-2026\AOCR1\AOCR\CapaDatos\Services\EmailQueueService.cs:línea 332
2026-01-31 08:58:28.182 | ERROR | CID:N/A | ERR:EMAIL_QUEUE_ERROR | Error de configuración de base de datos.
    Exception: DataAccessException
    StackTrace:    en CapaDatos.Infrastructure.BaseDAO.ExecuteWithConnection[T](Func`2 action) en C:\AOCR\AOCR\AOCR05-01-2026\AOCR1\AOCR\CapaDatos\Infrastructure\BaseDAO.cs:línea 68
   en CapaDatos.Services.EmailQueueService.<ObtenerSiguienteAsync>d__5.MoveNext() en C:\AOCR\AOCR\AOCR05-01-2026\AOCR1\AOCR\CapaDatos\Services\EmailQueueService.cs:línea 136
--- Fin del seguimiento de la pila de la ubicación anterior donde se produjo la excepción ---
   en System.Runtime.ExceptionServices.ExceptionDispatchInfo.Throw()
   en System.Runtime.CompilerServices.TaskAwaiter.HandleNonSuccessAndDebuggerNotification(Task task)
   en System.Runtime.CompilerServices.TaskAwaiter`1.GetResult()
   en CapaDatos.Services.EmailQueueProcessor.<ProcessQueueAsync>d__10.MoveNext() en C:\AOCR\AOCR\AOCR05-01-2026\AOCR1\AOCR\CapaDatos\Services\EmailQueueService.cs:línea 332
2026-01-31 08:58:58.251 | ERROR | CID:N/A | ERR:EMAIL_QUEUE_ERROR | Error de configuración de base de datos.
    Exception: DataAccessException
    StackTrace:    en CapaDatos.Infrastructure.BaseDAO.ExecuteWithConnection[T](Func`2 action) en C:\AOCR\AOCR\AOCR05-01-2026\AOCR1\AOCR\CapaDatos\Infrastructure\BaseDAO.cs:línea 68
   en CapaDatos.Services.EmailQueueService.<ObtenerSiguienteAsync>d__5.MoveNext() en C:\AOCR\AOCR\AOCR05-01-2026\AOCR1\AOCR\CapaDatos\Services\EmailQueueService.cs:línea 136
--- Fin del seguimiento de la pila de la ubicación anterior donde se produjo la excepción ---
   en System.Runtime.ExceptionServices.ExceptionDispatchInfo.Throw()
   en System.Runtime.CompilerServices.TaskAwaiter.HandleNonSuccessAndDebuggerNotification(Task task)
   en System.Runtime.CompilerServices.TaskAwaiter`1.GetResult()
   en CapaDatos.Services.EmailQueueProcessor.<ProcessQueueAsync>d__10.MoveNext() en C:\AOCR\AOCR\AOCR05-01-2026\AOCR1\AOCR\CapaDatos\Services\EmailQueueService.cs:línea 332
2026-01-31 08:59:28.296 | ERROR | CID:N/A | ERR:EMAIL_QUEUE_ERROR | Error de configuración de base de datos.
    Exception: DataAccessException
    StackTrace:    en CapaDatos.Infrastructure.BaseDAO.ExecuteWithConnection[T](Func`2 action) en C:\AOCR\AOCR\AOCR05-01-2026\AOCR1\AOCR\CapaDatos\Infrastructure\BaseDAO.cs:línea 68
   en CapaDatos.Services.EmailQueueService.<ObtenerSiguienteAsync>d__5.MoveNext() en C:\AOCR\AOCR\AOCR05-01-2026\AOCR1\AOCR\CapaDatos\Services\EmailQueueService.cs:línea 136
--- Fin del seguimiento de la pila de la ubicación anterior donde se produjo la excepción ---
   en System.Runtime.ExceptionServices.ExceptionDispatchInfo.Throw()
   en System.Runtime.CompilerServices.TaskAwaiter.HandleNonSuccessAndDebuggerNotification(Task task)
   en System.Runtime.CompilerServices.TaskAwaiter`1.GetResult()
   en CapaDatos.Services.EmailQueueProcessor.<ProcessQueueAsync>d__10.MoveNext() en C:\AOCR\AOCR\AOCR05-01-2026\AOCR1\AOCR\CapaDatos\Services\EmailQueueService.cs:línea 332
2026-01-31 08:59:58.351 | ERROR | CID:N/A | ERR:EMAIL_QUEUE_ERROR | Error de configuración de base de datos.
    Exception: DataAccessException
    StackTrace:    en CapaDatos.Infrastructure.BaseDAO.ExecuteWithConnection[T](Func`2 action) en C:\AOCR\AOCR\AOCR05-01-2026\AOCR1\AOCR\CapaDatos\Infrastructure\BaseDAO.cs:línea 68
   en CapaDatos.Services.EmailQueueService.<ObtenerSiguienteAsync>d__5.MoveNext() en C:\AOCR\AOCR\AOCR05-01-2026\AOCR1\AOCR\CapaDatos\Services\EmailQueueService.cs:línea 136
--- Fin del seguimiento de la pila de la ubicación anterior donde se produjo la excepción ---
   en System.Runtime.ExceptionServices.ExceptionDispatchInfo.Throw()
   en System.Runtime.CompilerServices.TaskAwaiter.HandleNonSuccessAndDebuggerNotification(Task task)
   en System.Runtime.CompilerServices.TaskAwaiter`1.GetResult()
   en CapaDatos.Services.EmailQueueProcessor.<ProcessQueueAsync>d__10.MoveNext() en C:\AOCR\AOCR\AOCR05-01-2026\AOCR1\AOCR\CapaDatos\Services\EmailQueueService.cs:línea 332
2026-01-31 09:00:28.403 | ERROR | CID:N/A | ERR:EMAIL_QUEUE_ERROR | Error de configuración de base de datos.
    Exception: DataAccessException
    StackTrace:    en CapaDatos.Infrastructure.BaseDAO.ExecuteWithConnection[T](Func`2 action) en C:\AOCR\AOCR\AOCR05-01-2026\AOCR1\AOCR\CapaDatos\Infrastructure\BaseDAO.cs:línea 68
   en CapaDatos.Services.EmailQueueService.<ObtenerSiguienteAsync>d__5.MoveNext() en C:\AOCR\AOCR\AOCR05-01-2026\AOCR1\AOCR\CapaDatos\Services\EmailQueueService.cs:línea 136
--- Fin del seguimiento de la pila de la ubicación anterior donde se produjo la excepción ---
   en System.Runtime.ExceptionServices.ExceptionDispatchInfo.Throw()
   en System.Runtime.CompilerServices.TaskAwaiter.HandleNonSuccessAndDebuggerNotification(Task task)
   en System.Runtime.CompilerServices.TaskAwaiter`1.GetResult()
   en CapaDatos.Services.EmailQueueProcessor.<ProcessQueueAsync>d__10.MoveNext() en C:\AOCR\AOCR\AOCR05-01-2026\AOCR1\AOCR\CapaDatos\Services\EmailQueueService.cs:línea 332
2026-01-31 09:00:58.457 | ERROR | CID:N/A | ERR:EMAIL_QUEUE_ERROR | Error de configuración de base de datos.
    Exception: DataAccessException
    StackTrace:    en CapaDatos.Infrastructure.BaseDAO.ExecuteWithConnection[T](Func`2 action) en C:\AOCR\AOCR\AOCR05-01-2026\AOCR1\AOCR\CapaDatos\Infrastructure\BaseDAO.cs:línea 68
   en CapaDatos.Services.EmailQueueService.<ObtenerSiguienteAsync>d__5.MoveNext() en C:\AOCR\AOCR\AOCR05-01-2026\AOCR1\AOCR\CapaDatos\Services\EmailQueueService.cs:línea 136
--- Fin del seguimiento de la pila de la ubicación anterior donde se produjo la excepción ---
   en System.Runtime.ExceptionServices.ExceptionDispatchInfo.Throw()
   en System.Runtime.CompilerServices.TaskAwaiter.HandleNonSuccessAndDebuggerNotification(Task task)
   en System.Runtime.CompilerServices.TaskAwaiter`1.GetResult()
   en CapaDatos.Services.EmailQueueProcessor.<ProcessQueueAsync>d__10.MoveNext() en C:\AOCR\AOCR\AOCR05-01-2026\AOCR1\AOCR\CapaDatos\Services\EmailQueueService.cs:línea 332
2026-01-31 09:01:28.500 | ERROR | CID:N/A | ERR:EMAIL_QUEUE_ERROR | Error de configuración de base de datos.
    Exception: DataAccessException
    StackTrace:    en CapaDatos.Infrastructure.BaseDAO.ExecuteWithConnection[T](Func`2 action) en C:\AOCR\AOCR\AOCR05-01-2026\AOCR1\AOCR\CapaDatos\Infrastructure\BaseDAO.cs:línea 68
   en CapaDatos.Services.EmailQueueService.<ObtenerSiguienteAsync>d__5.MoveNext() en C:\AOCR\AOCR\AOCR05-01-2026\AOCR1\AOCR\CapaDatos\Services\EmailQueueService.cs:línea 136
--- Fin del seguimiento de la pila de la ubicación anterior donde se produjo la excepción ---
   en System.Runtime.ExceptionServices.ExceptionDispatchInfo.Throw()
   en System.Runtime.CompilerServices.TaskAwaiter.HandleNonSuccessAndDebuggerNotification(Task task)
   en System.Runtime.CompilerServices.TaskAwaiter`1.GetResult()
   en CapaDatos.Services.EmailQueueProcessor.<ProcessQueueAsync>d__10.MoveNext() en C:\AOCR\AOCR\AOCR05-01-2026\AOCR1\AOCR\CapaDatos\Services\EmailQueueService.cs:línea 332
2026-01-31 09:01:58.553 | ERROR | CID:N/A | ERR:EMAIL_QUEUE_ERROR | Error de configuración de base de datos.
    Exception: DataAccessException
    StackTrace:    en CapaDatos.Infrastructure.BaseDAO.ExecuteWithConnection[T](Func`2 action) en C:\AOCR\AOCR\AOCR05-01-2026\AOCR1\AOCR\CapaDatos\Infrastructure\BaseDAO.cs:línea 68
   en CapaDatos.Services.EmailQueueService.<ObtenerSiguienteAsync>d__5.MoveNext() en C:\AOCR\AOCR\AOCR05-01-2026\AOCR1\AOCR\CapaDatos\Services\EmailQueueService.cs:línea 136
--- Fin del seguimiento de la pila de la ubicación anterior donde se produjo la excepción ---
   en System.Runtime.ExceptionServices.ExceptionDispatchInfo.Throw()
   en System.Runtime.CompilerServices.TaskAwaiter.HandleNonSuccessAndDebuggerNotification(Task task)
   en System.Runtime.CompilerServices.TaskAwaiter`1.GetResult()
   en CapaDatos.Services.EmailQueueProcessor.<ProcessQueueAsync>d__10.MoveNext() en C:\AOCR\AOCR\AOCR05-01-2026\AOCR1\AOCR\CapaDatos\Services\EmailQueueService.cs:línea 332
2026-01-31 09:02:28.604 | ERROR | CID:N/A | ERR:EMAIL_QUEUE_ERROR | Error de configuración de base de datos.
    Exception: DataAccessException
    StackTrace:    en CapaDatos.Infrastructure.BaseDAO.ExecuteWithConnection[T](Func`2 action) en C:\AOCR\AOCR\AOCR05-01-2026\AOCR1\AOCR\CapaDatos\Infrastructure\BaseDAO.cs:línea 68
   en CapaDatos.Services.EmailQueueService.<ObtenerSiguienteAsync>d__5.MoveNext() en C:\AOCR\AOCR\AOCR05-01-2026\AOCR1\AOCR\CapaDatos\Services\EmailQueueService.cs:línea 136
--- Fin del seguimiento de la pila de la ubicación anterior donde se produjo la excepción ---
   en System.Runtime.ExceptionServices.ExceptionDispatchInfo.Throw()
   en System.Runtime.CompilerServices.TaskAwaiter.HandleNonSuccessAndDebuggerNotification(Task task)
   en System.Runtime.CompilerServices.TaskAwaiter`1.GetResult()
   en CapaDatos.Services.EmailQueueProcessor.<ProcessQueueAsync>d__10.MoveNext() en C:\AOCR\AOCR\AOCR05-01-2026\AOCR1\AOCR\CapaDatos\Services\EmailQueueService.cs:línea 332
2026-01-31 09:02:58.672 | ERROR | CID:N/A | ERR:EMAIL_QUEUE_ERROR | Error de configuración de base de datos.
    Exception: DataAccessException
    StackTrace:    en CapaDatos.Infrastructure.BaseDAO.ExecuteWithConnection[T](Func`2 action) en C:\AOCR\AOCR\AOCR05-01-2026\AOCR1\AOCR\CapaDatos\Infrastructure\BaseDAO.cs:línea 68
   en CapaDatos.Services.EmailQueueService.<ObtenerSiguienteAsync>d__5.MoveNext() en C:\AOCR\AOCR\AOCR05-01-2026\AOCR1\AOCR\CapaDatos\Services\EmailQueueService.cs:línea 136
--- Fin del seguimiento de la pila de la ubicación anterior donde se produjo la excepción ---
   en System.Runtime.ExceptionServices.ExceptionDispatchInfo.Throw()
   en System.Runtime.CompilerServices.TaskAwaiter.HandleNonSuccessAndDebuggerNotification(Task task)
   en System.Runtime.CompilerServices.TaskAwaiter`1.GetResult()
   en CapaDatos.Services.EmailQueueProcessor.<ProcessQueueAsync>d__10.MoveNext() en C:\AOCR\AOCR\AOCR05-01-2026\AOCR1\AOCR\CapaDatos\Services\EmailQueueService.cs:línea 332
2026-01-31 09:03:28.731 | ERROR | CID:N/A | ERR:EMAIL_QUEUE_ERROR | Error de configuración de base de datos.
    Exception: DataAccessException
    StackTrace:    en CapaDatos.Infrastructure.BaseDAO.ExecuteWithConnection[T](Func`2 action) en C:\AOCR\AOCR\AOCR05-01-2026\AOCR1\AOCR\CapaDatos\Infrastructure\BaseDAO.cs:línea 68
   en CapaDatos.Services.EmailQueueService.<ObtenerSiguienteAsync>d__5.MoveNext() en C:\AOCR\AOCR\AOCR05-01-2026\AOCR1\AOCR\CapaDatos\Services\EmailQueueService.cs:línea 136
--- Fin del seguimiento de la pila de la ubicación anterior donde se produjo la excepción ---
   en System.Runtime.ExceptionServices.ExceptionDispatchInfo.Throw()
   en System.Runtime.CompilerServices.TaskAwaiter.HandleNonSuccessAndDebuggerNotification(Task task)
   en System.Runtime.CompilerServices.TaskAwaiter`1.GetResult()
   en CapaDatos.Services.EmailQueueProcessor.<ProcessQueueAsync>d__10.MoveNext() en C:\AOCR\AOCR\AOCR05-01-2026\AOCR1\AOCR\CapaDatos\Services\EmailQueueService.cs:línea 332
2026-01-31 09:03:58.771 | ERROR | CID:N/A | ERR:EMAIL_QUEUE_ERROR | Error de configuración de base de datos.
    Exception: DataAccessException
    StackTrace:    en CapaDatos.Infrastructure.BaseDAO.ExecuteWithConnection[T](Func`2 action) en C:\AOCR\AOCR\AOCR05-01-2026\AOCR1\AOCR\CapaDatos\Infrastructure\BaseDAO.cs:línea 68
   en CapaDatos.Services.EmailQueueService.<ObtenerSiguienteAsync>d__5.MoveNext() en C:\AOCR\AOCR\AOCR05-01-2026\AOCR1\AOCR\CapaDatos\Services\EmailQueueService.cs:línea 136
--- Fin del seguimiento de la pila de la ubicación anterior donde se produjo la excepción ---
   en System.Runtime.ExceptionServices.ExceptionDispatchInfo.Throw()
   en System.Runtime.CompilerServices.TaskAwaiter.HandleNonSuccessAndDebuggerNotification(Task task)
   en System.Runtime.CompilerServices.TaskAwaiter`1.GetResult()
   en CapaDatos.Services.EmailQueueProcessor.<ProcessQueueAsync>d__10.MoveNext() en C:\AOCR\AOCR\AOCR05-01-2026\AOCR1\AOCR\CapaDatos\Services\EmailQueueService.cs:línea 332
2026-01-31 09:04:28.830 | ERROR | CID:N/A | ERR:EMAIL_QUEUE_ERROR | Error de configuración de base de datos.
    Exception: DataAccessException
    StackTrace:    en CapaDatos.Infrastructure.BaseDAO.ExecuteWithConnection[T](Func`2 action) en C:\AOCR\AOCR\AOCR05-01-2026\AOCR1\AOCR\CapaDatos\Infrastructure\BaseDAO.cs:línea 68
   en CapaDatos.Services.EmailQueueService.<ObtenerSiguienteAsync>d__5.MoveNext() en C:\AOCR\AOCR\AOCR05-01-2026\AOCR1\AOCR\CapaDatos\Services\EmailQueueService.cs:línea 136
--- Fin del seguimiento de la pila de la ubicación anterior donde se produjo la excepción ---
   en System.Runtime.ExceptionServices.ExceptionDispatchInfo.Throw()
   en System.Runtime.CompilerServices.TaskAwaiter.HandleNonSuccessAndDebuggerNotification(Task task)
   en System.Runtime.CompilerServices.TaskAwaiter`1.GetResult()
   en CapaDatos.Services.EmailQueueProcessor.<ProcessQueueAsync>d__10.MoveNext() en C:\AOCR\AOCR\AOCR05-01-2026\AOCR1\AOCR\CapaDatos\Services\EmailQueueService.cs:línea 332
2026-01-31 09:04:58.875 | ERROR | CID:N/A | ERR:EMAIL_QUEUE_ERROR | Error de configuración de base de datos.
    Exception: DataAccessException
    StackTrace:    en CapaDatos.Infrastructure.BaseDAO.ExecuteWithConnection[T](Func`2 action) en C:\AOCR\AOCR\AOCR05-01-2026\AOCR1\AOCR\CapaDatos\Infrastructure\BaseDAO.cs:línea 68
   en CapaDatos.Services.EmailQueueService.<ObtenerSiguienteAsync>d__5.MoveNext() en C:\AOCR\AOCR\AOCR05-01-2026\AOCR1\AOCR\CapaDatos\Services\EmailQueueService.cs:línea 136
--- Fin del seguimiento de la pila de la ubicación anterior donde se produjo la excepción ---
   en System.Runtime.ExceptionServices.ExceptionDispatchInfo.Throw()
   en System.Runtime.CompilerServices.TaskAwaiter.HandleNonSuccessAndDebuggerNotification(Task task)
   en System.Runtime.CompilerServices.TaskAwaiter`1.GetResult()
   en CapaDatos.Services.EmailQueueProcessor.<ProcessQueueAsync>d__10.MoveNext() en C:\AOCR\AOCR\AOCR05-01-2026\AOCR1\AOCR\CapaDatos\Services\EmailQueueService.cs:línea 332
2026-01-31 09:05:28.933 | ERROR | CID:N/A | ERR:EMAIL_QUEUE_ERROR | Error de configuración de base de datos.
    Exception: DataAccessException
    StackTrace:    en CapaDatos.Infrastructure.BaseDAO.ExecuteWithConnection[T](Func`2 action) en C:\AOCR\AOCR\AOCR05-01-2026\AOCR1\AOCR\CapaDatos\Infrastructure\BaseDAO.cs:línea 68
   en CapaDatos.Services.EmailQueueService.<ObtenerSiguienteAsync>d__5.MoveNext() en C:\AOCR\AOCR\AOCR05-01-2026\AOCR1\AOCR\CapaDatos\Services\EmailQueueService.cs:línea 136
--- Fin del seguimiento de la pila de la ubicación anterior donde se produjo la excepción ---
   en System.Runtime.ExceptionServices.ExceptionDispatchInfo.Throw()
   en System.Runtime.CompilerServices.TaskAwaiter.HandleNonSuccessAndDebuggerNotification(Task task)
   en System.Runtime.CompilerServices.TaskAwaiter`1.GetResult()
   en CapaDatos.Services.EmailQueueProcessor.<ProcessQueueAsync>d__10.MoveNext() en C:\AOCR\AOCR\AOCR05-01-2026\AOCR1\AOCR\CapaDatos\Services\EmailQueueService.cs:línea 332
2026-01-31 09:05:58.995 | ERROR | CID:N/A | ERR:EMAIL_QUEUE_ERROR | Error de configuración de base de datos.
    Exception: DataAccessException
    StackTrace:    en CapaDatos.Infrastructure.BaseDAO.ExecuteWithConnection[T](Func`2 action) en C:\AOCR\AOCR\AOCR05-01-2026\AOCR1\AOCR\CapaDatos\Infrastructure\BaseDAO.cs:línea 68
   en CapaDatos.Services.EmailQueueService.<ObtenerSiguienteAsync>d__5.MoveNext() en C:\AOCR\AOCR\AOCR05-01-2026\AOCR1\AOCR\CapaDatos\Services\EmailQueueService.cs:línea 136
--- Fin del seguimiento de la pila de la ubicación anterior donde se produjo la excepción ---
   en System.Runtime.ExceptionServices.ExceptionDispatchInfo.Throw()
   en System.Runtime.CompilerServices.TaskAwaiter.HandleNonSuccessAndDebuggerNotification(Task task)
   en System.Runtime.CompilerServices.TaskAwaiter`1.GetResult()
   en CapaDatos.Services.EmailQueueProcessor.<ProcessQueueAsync>d__10.MoveNext() en C:\AOCR\AOCR\AOCR05-01-2026\AOCR1\AOCR\CapaDatos\Services\EmailQueueService.cs:línea 332
2026-01-31 09:06:29.061 | ERROR | CID:N/A | ERR:EMAIL_QUEUE_ERROR | Error de configuración de base de datos.
    Exception: DataAccessException
    StackTrace:    en CapaDatos.Infrastructure.BaseDAO.ExecuteWithConnection[T](Func`2 action) en C:\AOCR\AOCR\AOCR05-01-2026\AOCR1\AOCR\CapaDatos\Infrastructure\BaseDAO.cs:línea 68
   en CapaDatos.Services.EmailQueueService.<ObtenerSiguienteAsync>d__5.MoveNext() en C:\AOCR\AOCR\AOCR05-01-2026\AOCR1\AOCR\CapaDatos\Services\EmailQueueService.cs:línea 136
--- Fin del seguimiento de la pila de la ubicación anterior donde se produjo la excepción ---
   en System.Runtime.ExceptionServices.ExceptionDispatchInfo.Throw()
   en System.Runtime.CompilerServices.TaskAwaiter.HandleNonSuccessAndDebuggerNotification(Task task)
   en System.Runtime.CompilerServices.TaskAwaiter`1.GetResult()
   en CapaDatos.Services.EmailQueueProcessor.<ProcessQueueAsync>d__10.MoveNext() en C:\AOCR\AOCR\AOCR05-01-2026\AOCR1\AOCR\CapaDatos\Services\EmailQueueService.cs:línea 332
2026-01-31 09:06:59.120 | ERROR | CID:N/A | ERR:EMAIL_QUEUE_ERROR | Error de configuración de base de datos.
    Exception: DataAccessException
    StackTrace:    en CapaDatos.Infrastructure.BaseDAO.ExecuteWithConnection[T](Func`2 action) en C:\AOCR\AOCR\AOCR05-01-2026\AOCR1\AOCR\CapaDatos\Infrastructure\BaseDAO.cs:línea 68
   en CapaDatos.Services.EmailQueueService.<ObtenerSiguienteAsync>d__5.MoveNext() en C:\AOCR\AOCR\AOCR05-01-2026\AOCR1\AOCR\CapaDatos\Services\EmailQueueService.cs:línea 136
--- Fin del seguimiento de la pila de la ubicación anterior donde se produjo la excepción ---
   en System.Runtime.ExceptionServices.ExceptionDispatchInfo.Throw()
   en System.Runtime.CompilerServices.TaskAwaiter.HandleNonSuccessAndDebuggerNotification(Task task)
   en System.Runtime.CompilerServices.TaskAwaiter`1.GetResult()
   en CapaDatos.Services.EmailQueueProcessor.<ProcessQueueAsync>d__10.MoveNext() en C:\AOCR\AOCR\AOCR05-01-2026\AOCR1\AOCR\CapaDatos\Services\EmailQueueService.cs:línea 332
2026-01-31 09:07:29.176 | ERROR | CID:N/A | ERR:EMAIL_QUEUE_ERROR | Error de configuración de base de datos.
    Exception: DataAccessException
    StackTrace:    en CapaDatos.Infrastructure.BaseDAO.ExecuteWithConnection[T](Func`2 action) en C:\AOCR\AOCR\AOCR05-01-2026\AOCR1\AOCR\CapaDatos\Infrastructure\BaseDAO.cs:línea 68
   en CapaDatos.Services.EmailQueueService.<ObtenerSiguienteAsync>d__5.MoveNext() en C:\AOCR\AOCR\AOCR05-01-2026\AOCR1\AOCR\CapaDatos\Services\EmailQueueService.cs:línea 136
--- Fin del seguimiento de la pila de la ubicación anterior donde se produjo la excepción ---
   en System.Runtime.ExceptionServices.ExceptionDispatchInfo.Throw()
   en System.Runtime.CompilerServices.TaskAwaiter.HandleNonSuccessAndDebuggerNotification(Task task)
   en System.Runtime.CompilerServices.TaskAwaiter`1.GetResult()
   en CapaDatos.Services.EmailQueueProcessor.<ProcessQueueAsync>d__10.MoveNext() en C:\AOCR\AOCR\AOCR05-01-2026\AOCR1\AOCR\CapaDatos\Services\EmailQueueService.cs:línea 332
2026-01-31 09:07:59.234 | ERROR | CID:N/A | ERR:EMAIL_QUEUE_ERROR | Error de configuración de base de datos.
    Exception: DataAccessException
    StackTrace:    en CapaDatos.Infrastructure.BaseDAO.ExecuteWithConnection[T](Func`2 action) en C:\AOCR\AOCR\AOCR05-01-2026\AOCR1\AOCR\CapaDatos\Infrastructure\BaseDAO.cs:línea 68
   en CapaDatos.Services.EmailQueueService.<ObtenerSiguienteAsync>d__5.MoveNext() en C:\AOCR\AOCR\AOCR05-01-2026\AOCR1\AOCR\CapaDatos\Services\EmailQueueService.cs:línea 136
--- Fin del seguimiento de la pila de la ubicación anterior donde se produjo la excepción ---
   en System.Runtime.ExceptionServices.ExceptionDispatchInfo.Throw()
   en System.Runtime.CompilerServices.TaskAwaiter.HandleNonSuccessAndDebuggerNotification(Task task)
   en System.Runtime.CompilerServices.TaskAwaiter`1.GetResult()
   en CapaDatos.Services.EmailQueueProcessor.<ProcessQueueAsync>d__10.MoveNext() en C:\AOCR\AOCR\AOCR05-01-2026\AOCR1\AOCR\CapaDatos\Services\EmailQueueService.cs:línea 332
2026-01-31 09:08:29.293 | ERROR | CID:N/A | ERR:EMAIL_QUEUE_ERROR | Error de configuración de base de datos.
    Exception: DataAccessException
    StackTrace:    en CapaDatos.Infrastructure.BaseDAO.ExecuteWithConnection[T](Func`2 action) en C:\AOCR\AOCR\AOCR05-01-2026\AOCR1\AOCR\CapaDatos\Infrastructure\BaseDAO.cs:línea 68
   en CapaDatos.Services.EmailQueueService.<ObtenerSiguienteAsync>d__5.MoveNext() en C:\AOCR\AOCR\AOCR05-01-2026\AOCR1\AOCR\CapaDatos\Services\EmailQueueService.cs:línea 136
--- Fin del seguimiento de la pila de la ubicación anterior donde se produjo la excepción ---
   en System.Runtime.ExceptionServices.ExceptionDispatchInfo.Throw()
   en System.Runtime.CompilerServices.TaskAwaiter.HandleNonSuccessAndDebuggerNotification(Task task)
   en System.Runtime.CompilerServices.TaskAwaiter`1.GetResult()
   en CapaDatos.Services.EmailQueueProcessor.<ProcessQueueAsync>d__10.MoveNext() en C:\AOCR\AOCR\AOCR05-01-2026\AOCR1\AOCR\CapaDatos\Services\EmailQueueService.cs:línea 332
2026-01-31 09:08:59.338 | ERROR | CID:N/A | ERR:EMAIL_QUEUE_ERROR | Error de configuración de base de datos.
    Exception: DataAccessException
    StackTrace:    en CapaDatos.Infrastructure.BaseDAO.ExecuteWithConnection[T](Func`2 action) en C:\AOCR\AOCR\AOCR05-01-2026\AOCR1\AOCR\CapaDatos\Infrastructure\BaseDAO.cs:línea 68
   en CapaDatos.Services.EmailQueueService.<ObtenerSiguienteAsync>d__5.MoveNext() en C:\AOCR\AOCR\AOCR05-01-2026\AOCR1\AOCR\CapaDatos\Services\EmailQueueService.cs:línea 136
--- Fin del seguimiento de la pila de la ubicación anterior donde se produjo la excepción ---
   en System.Runtime.ExceptionServices.ExceptionDispatchInfo.Throw()
   en System.Runtime.CompilerServices.TaskAwaiter.HandleNonSuccessAndDebuggerNotification(Task task)
   en System.Runtime.CompilerServices.TaskAwaiter`1.GetResult()
   en CapaDatos.Services.EmailQueueProcessor.<ProcessQueueAsync>d__10.MoveNext() en C:\AOCR\AOCR\AOCR05-01-2026\AOCR1\AOCR\CapaDatos\Services\EmailQueueService.cs:línea 332
2026-01-31 09:09:29.391 | ERROR | CID:N/A | ERR:EMAIL_QUEUE_ERROR | Error de configuración de base de datos.
    Exception: DataAccessException
    StackTrace:    en CapaDatos.Infrastructure.BaseDAO.ExecuteWithConnection[T](Func`2 action) en C:\AOCR\AOCR\AOCR05-01-2026\AOCR1\AOCR\CapaDatos\Infrastructure\BaseDAO.cs:línea 68
   en CapaDatos.Services.EmailQueueService.<ObtenerSiguienteAsync>d__5.MoveNext() en C:\AOCR\AOCR\AOCR05-01-2026\AOCR1\AOCR\CapaDatos\Services\EmailQueueService.cs:línea 136
--- Fin del seguimiento de la pila de la ubicación anterior donde se produjo la excepción ---
   en System.Runtime.ExceptionServices.ExceptionDispatchInfo.Throw()
   en System.Runtime.CompilerServices.TaskAwaiter.HandleNonSuccessAndDebuggerNotification(Task task)
   en System.Runtime.CompilerServices.TaskAwaiter`1.GetResult()
   en CapaDatos.Services.EmailQueueProcessor.<ProcessQueueAsync>d__10.MoveNext() en C:\AOCR\AOCR\AOCR05-01-2026\AOCR1\AOCR\CapaDatos\Services\EmailQueueService.cs:línea 332
2026-01-31 09:09:59.436 | ERROR | CID:N/A | ERR:EMAIL_QUEUE_ERROR | Error de configuración de base de datos.
    Exception: DataAccessException
    StackTrace:    en CapaDatos.Infrastructure.BaseDAO.ExecuteWithConnection[T](Func`2 action) en C:\AOCR\AOCR\AOCR05-01-2026\AOCR1\AOCR\CapaDatos\Infrastructure\BaseDAO.cs:línea 68
   en CapaDatos.Services.EmailQueueService.<ObtenerSiguienteAsync>d__5.MoveNext() en C:\AOCR\AOCR\AOCR05-01-2026\AOCR1\AOCR\CapaDatos\Services\EmailQueueService.cs:línea 136
--- Fin del seguimiento de la pila de la ubicación anterior donde se produjo la excepción ---
   en System.Runtime.ExceptionServices.ExceptionDispatchInfo.Throw()
   en System.Runtime.CompilerServices.TaskAwaiter.HandleNonSuccessAndDebuggerNotification(Task task)
   en System.Runtime.CompilerServices.TaskAwaiter`1.GetResult()
   en CapaDatos.Services.EmailQueueProcessor.<ProcessQueueAsync>d__10.MoveNext() en C:\AOCR\AOCR\AOCR05-01-2026\AOCR1\AOCR\CapaDatos\Services\EmailQueueService.cs:línea 332
2026-01-31 09:10:29.504 | ERROR | CID:N/A | ERR:EMAIL_QUEUE_ERROR | Error de configuración de base de datos.
    Exception: DataAccessException
    StackTrace:    en CapaDatos.Infrastructure.BaseDAO.ExecuteWithConnection[T](Func`2 action) en C:\AOCR\AOCR\AOCR05-01-2026\AOCR1\AOCR\CapaDatos\Infrastructure\BaseDAO.cs:línea 68
   en CapaDatos.Services.EmailQueueService.<ObtenerSiguienteAsync>d__5.MoveNext() en C:\AOCR\AOCR\AOCR05-01-2026\AOCR1\AOCR\CapaDatos\Services\EmailQueueService.cs:línea 136
--- Fin del seguimiento de la pila de la ubicación anterior donde se produjo la excepción ---
   en System.Runtime.ExceptionServices.ExceptionDispatchInfo.Throw()
   en System.Runtime.CompilerServices.TaskAwaiter.HandleNonSuccessAndDebuggerNotification(Task task)
   en System.Runtime.CompilerServices.TaskAwaiter`1.GetResult()
   en CapaDatos.Services.EmailQueueProcessor.<ProcessQueueAsync>d__10.MoveNext() en C:\AOCR\AOCR\AOCR05-01-2026\AOCR1\AOCR\CapaDatos\Services\EmailQueueService.cs:línea 332
2026-01-31 09:10:59.559 | ERROR | CID:N/A | ERR:EMAIL_QUEUE_ERROR | Error de configuración de base de datos.
    Exception: DataAccessException
    StackTrace:    en CapaDatos.Infrastructure.BaseDAO.ExecuteWithConnection[T](Func`2 action) en C:\AOCR\AOCR\AOCR05-01-2026\AOCR1\AOCR\CapaDatos\Infrastructure\BaseDAO.cs:línea 68
   en CapaDatos.Services.EmailQueueService.<ObtenerSiguienteAsync>d__5.MoveNext() en C:\AOCR\AOCR\AOCR05-01-2026\AOCR1\AOCR\CapaDatos\Services\EmailQueueService.cs:línea 136
--- Fin del seguimiento de la pila de la ubicación anterior donde se produjo la excepción ---
   en System.Runtime.ExceptionServices.ExceptionDispatchInfo.Throw()
   en System.Runtime.CompilerServices.TaskAwaiter.HandleNonSuccessAndDebuggerNotification(Task task)
   en System.Runtime.CompilerServices.TaskAwaiter`1.GetResult()
   en CapaDatos.Services.EmailQueueProcessor.<ProcessQueueAsync>d__10.MoveNext() en C:\AOCR\AOCR\AOCR05-01-2026\AOCR1\AOCR\CapaDatos\Services\EmailQueueService.cs:línea 332
2026-01-31 09:11:29.621 | ERROR | CID:N/A | ERR:EMAIL_QUEUE_ERROR | Error de configuración de base de datos.
    Exception: DataAccessException
    StackTrace:    en CapaDatos.Infrastructure.BaseDAO.ExecuteWithConnection[T](Func`2 action) en C:\AOCR\AOCR\AOCR05-01-2026\AOCR1\AOCR\CapaDatos\Infrastructure\BaseDAO.cs:línea 68
   en CapaDatos.Services.EmailQueueService.<ObtenerSiguienteAsync>d__5.MoveNext() en C:\AOCR\AOCR\AOCR05-01-2026\AOCR1\AOCR\CapaDatos\Services\EmailQueueService.cs:línea 136
--- Fin del seguimiento de la pila de la ubicación anterior donde se produjo la excepción ---
   en System.Runtime.ExceptionServices.ExceptionDispatchInfo.Throw()
   en System.Runtime.CompilerServices.TaskAwaiter.HandleNonSuccessAndDebuggerNotification(Task task)
   en System.Runtime.CompilerServices.TaskAwaiter`1.GetResult()
   en CapaDatos.Services.EmailQueueProcessor.<ProcessQueueAsync>d__10.MoveNext() en C:\AOCR\AOCR\AOCR05-01-2026\AOCR1\AOCR\CapaDatos\Services\EmailQueueService.cs:línea 332
2026-01-31 09:11:59.675 | ERROR | CID:N/A | ERR:EMAIL_QUEUE_ERROR | Error de configuración de base de datos.
    Exception: DataAccessException
    StackTrace:    en CapaDatos.Infrastructure.BaseDAO.ExecuteWithConnection[T](Func`2 action) en C:\AOCR\AOCR\AOCR05-01-2026\AOCR1\AOCR\CapaDatos\Infrastructure\BaseDAO.cs:línea 68
   en CapaDatos.Services.EmailQueueService.<ObtenerSiguienteAsync>d__5.MoveNext() en C:\AOCR\AOCR\AOCR05-01-2026\AOCR1\AOCR\CapaDatos\Services\EmailQueueService.cs:línea 136
--- Fin del seguimiento de la pila de la ubicación anterior donde se produjo la excepción ---
   en System.Runtime.ExceptionServices.ExceptionDispatchInfo.Throw()
   en System.Runtime.CompilerServices.TaskAwaiter.HandleNonSuccessAndDebuggerNotification(Task task)
   en System.Runtime.CompilerServices.TaskAwaiter`1.GetResult()
   en CapaDatos.Services.EmailQueueProcessor.<ProcessQueueAsync>d__10.MoveNext() en C:\AOCR\AOCR\AOCR05-01-2026\AOCR1\AOCR\CapaDatos\Services\EmailQueueService.cs:línea 332
2026-01-31 09:12:29.720 | ERROR | CID:N/A | ERR:EMAIL_QUEUE_ERROR | Error de configuración de base de datos.
    Exception: DataAccessException
    StackTrace:    en CapaDatos.Infrastructure.BaseDAO.ExecuteWithConnection[T](Func`2 action) en C:\AOCR\AOCR\AOCR05-01-2026\AOCR1\AOCR\CapaDatos\Infrastructure\BaseDAO.cs:línea 68
   en CapaDatos.Services.EmailQueueService.<ObtenerSiguienteAsync>d__5.MoveNext() en C:\AOCR\AOCR\AOCR05-01-2026\AOCR1\AOCR\CapaDatos\Services\EmailQueueService.cs:línea 136
--- Fin del seguimiento de la pila de la ubicación anterior donde se produjo la excepción ---
   en System.Runtime.ExceptionServices.ExceptionDispatchInfo.Throw()
   en System.Runtime.CompilerServices.TaskAwaiter.HandleNonSuccessAndDebuggerNotification(Task task)
   en System.Runtime.CompilerServices.TaskAwaiter`1.GetResult()
   en CapaDatos.Services.EmailQueueProcessor.<ProcessQueueAsync>d__10.MoveNext() en C:\AOCR\AOCR\AOCR05-01-2026\AOCR1\AOCR\CapaDatos\Services\EmailQueueService.cs:línea 332
2026-01-31 09:12:59.785 | ERROR | CID:N/A | ERR:EMAIL_QUEUE_ERROR | Error de configuración de base de datos.
    Exception: DataAccessException
    StackTrace:    en CapaDatos.Infrastructure.BaseDAO.ExecuteWithConnection[T](Func`2 action) en C:\AOCR\AOCR\AOCR05-01-2026\AOCR1\AOCR\CapaDatos\Infrastructure\BaseDAO.cs:línea 68
   en CapaDatos.Services.EmailQueueService.<ObtenerSiguienteAsync>d__5.MoveNext() en C:\AOCR\AOCR\AOCR05-01-2026\AOCR1\AOCR\CapaDatos\Services\EmailQueueService.cs:línea 136
--- Fin del seguimiento de la pila de la ubicación anterior donde se produjo la excepción ---
   en System.Runtime.ExceptionServices.ExceptionDispatchInfo.Throw()
   en System.Runtime.CompilerServices.TaskAwaiter.HandleNonSuccessAndDebuggerNotification(Task task)
   en System.Runtime.CompilerServices.TaskAwaiter`1.GetResult()
   en CapaDatos.Services.EmailQueueProcessor.<ProcessQueueAsync>d__10.MoveNext() en C:\AOCR\AOCR\AOCR05-01-2026\AOCR1\AOCR\CapaDatos\Services\EmailQueueService.cs:línea 332
2026-01-31 09:13:29.842 | ERROR | CID:N/A | ERR:EMAIL_QUEUE_ERROR | Error de configuración de base de datos.
    Exception: DataAccessException
    StackTrace:    en CapaDatos.Infrastructure.BaseDAO.ExecuteWithConnection[T](Func`2 action) en C:\AOCR\AOCR\AOCR05-01-2026\AOCR1\AOCR\CapaDatos\Infrastructure\BaseDAO.cs:línea 68
   en CapaDatos.Services.EmailQueueService.<ObtenerSiguienteAsync>d__5.MoveNext() en C:\AOCR\AOCR\AOCR05-01-2026\AOCR1\AOCR\CapaDatos\Services\EmailQueueService.cs:línea 136
--- Fin del seguimiento de la pila de la ubicación anterior donde se produjo la excepción ---
   en System.Runtime.ExceptionServices.ExceptionDispatchInfo.Throw()
   en System.Runtime.CompilerServices.TaskAwaiter.HandleNonSuccessAndDebuggerNotification(Task task)
   en System.Runtime.CompilerServices.TaskAwaiter`1.GetResult()
   en CapaDatos.Services.EmailQueueProcessor.<ProcessQueueAsync>d__10.MoveNext() en C:\AOCR\AOCR\AOCR05-01-2026\AOCR1\AOCR\CapaDatos\Services\EmailQueueService.cs:línea 332
2026-01-31 09:13:59.895 | ERROR | CID:N/A | ERR:EMAIL_QUEUE_ERROR | Error de configuración de base de datos.
    Exception: DataAccessException
    StackTrace:    en CapaDatos.Infrastructure.BaseDAO.ExecuteWithConnection[T](Func`2 action) en C:\AOCR\AOCR\AOCR05-01-2026\AOCR1\AOCR\CapaDatos\Infrastructure\BaseDAO.cs:línea 68
   en CapaDatos.Services.EmailQueueService.<ObtenerSiguienteAsync>d__5.MoveNext() en C:\AOCR\AOCR\AOCR05-01-2026\AOCR1\AOCR\CapaDatos\Services\EmailQueueService.cs:línea 136
--- Fin del seguimiento de la pila de la ubicación anterior donde se produjo la excepción ---
   en System.Runtime.ExceptionServices.ExceptionDispatchInfo.Throw()
   en System.Runtime.CompilerServices.TaskAwaiter.HandleNonSuccessAndDebuggerNotification(Task task)
   en System.Runtime.CompilerServices.TaskAwaiter`1.GetResult()
   en CapaDatos.Services.EmailQueueProcessor.<ProcessQueueAsync>d__10.MoveNext() en C:\AOCR\AOCR\AOCR05-01-2026\AOCR1\AOCR\CapaDatos\Services\EmailQueueService.cs:línea 332
2026-01-31 09:14:29.937 | ERROR | CID:N/A | ERR:EMAIL_QUEUE_ERROR | Error de configuración de base de datos.
    Exception: DataAccessException
    StackTrace:    en CapaDatos.Infrastructure.BaseDAO.ExecuteWithConnection[T](Func`2 action) en C:\AOCR\AOCR\AOCR05-01-2026\AOCR1\AOCR\CapaDatos\Infrastructure\BaseDAO.cs:línea 68
   en CapaDatos.Services.EmailQueueService.<ObtenerSiguienteAsync>d__5.MoveNext() en C:\AOCR\AOCR\AOCR05-01-2026\AOCR1\AOCR\CapaDatos\Services\EmailQueueService.cs:línea 136
--- Fin del seguimiento de la pila de la ubicación anterior donde se produjo la excepción ---
   en System.Runtime.ExceptionServices.ExceptionDispatchInfo.Throw()
   en System.Runtime.CompilerServices.TaskAwaiter.HandleNonSuccessAndDebuggerNotification(Task task)
   en System.Runtime.CompilerServices.TaskAwaiter`1.GetResult()
   en CapaDatos.Services.EmailQueueProcessor.<ProcessQueueAsync>d__10.MoveNext() en C:\AOCR\AOCR\AOCR05-01-2026\AOCR1\AOCR\CapaDatos\Services\EmailQueueService.cs:línea 332
2026-01-31 09:14:59.994 | ERROR | CID:N/A | ERR:EMAIL_QUEUE_ERROR | Error de configuración de base de datos.
    Exception: DataAccessException
    StackTrace:    en CapaDatos.Infrastructure.BaseDAO.ExecuteWithConnection[T](Func`2 action) en C:\AOCR\AOCR\AOCR05-01-2026\AOCR1\AOCR\CapaDatos\Infrastructure\BaseDAO.cs:línea 68
   en CapaDatos.Services.EmailQueueService.<ObtenerSiguienteAsync>d__5.MoveNext() en C:\AOCR\AOCR\AOCR05-01-2026\AOCR1\AOCR\CapaDatos\Services\EmailQueueService.cs:línea 136
--- Fin del seguimiento de la pila de la ubicación anterior donde se produjo la excepción ---
   en System.Runtime.ExceptionServices.ExceptionDispatchInfo.Throw()
   en System.Runtime.CompilerServices.TaskAwaiter.HandleNonSuccessAndDebuggerNotification(Task task)
   en System.Runtime.CompilerServices.TaskAwaiter`1.GetResult()
   en CapaDatos.Services.EmailQueueProcessor.<ProcessQueueAsync>d__10.MoveNext() en C:\AOCR\AOCR\AOCR05-01-2026\AOCR1\AOCR\CapaDatos\Services\EmailQueueService.cs:línea 332
2026-01-31 09:15:30.036 | ERROR | CID:N/A | ERR:EMAIL_QUEUE_ERROR | Error de configuración de base de datos.
    Exception: DataAccessException
    StackTrace:    en CapaDatos.Infrastructure.BaseDAO.ExecuteWithConnection[T](Func`2 action) en C:\AOCR\AOCR\AOCR05-01-2026\AOCR1\AOCR\CapaDatos\Infrastructure\BaseDAO.cs:línea 68
   en CapaDatos.Services.EmailQueueService.<ObtenerSiguienteAsync>d__5.MoveNext() en C:\AOCR\AOCR\AOCR05-01-2026\AOCR1\AOCR\CapaDatos\Services\EmailQueueService.cs:línea 136
--- Fin del seguimiento de la pila de la ubicación anterior donde se produjo la excepción ---
   en System.Runtime.ExceptionServices.ExceptionDispatchInfo.Throw()
   en System.Runtime.CompilerServices.TaskAwaiter.HandleNonSuccessAndDebuggerNotification(Task task)
   en System.Runtime.CompilerServices.TaskAwaiter`1.GetResult()
   en CapaDatos.Services.EmailQueueProcessor.<ProcessQueueAsync>d__10.MoveNext() en C:\AOCR\AOCR\AOCR05-01-2026\AOCR1\AOCR\CapaDatos\Services\EmailQueueService.cs:línea 332
2026-01-31 09:16:00.100 | ERROR | CID:N/A | ERR:EMAIL_QUEUE_ERROR | Error de configuración de base de datos.
    Exception: DataAccessException
    StackTrace:    en CapaDatos.Infrastructure.BaseDAO.ExecuteWithConnection[T](Func`2 action) en C:\AOCR\AOCR\AOCR05-01-2026\AOCR1\AOCR\CapaDatos\Infrastructure\BaseDAO.cs:línea 68
   en CapaDatos.Services.EmailQueueService.<ObtenerSiguienteAsync>d__5.MoveNext() en C:\AOCR\AOCR\AOCR05-01-2026\AOCR1\AOCR\CapaDatos\Services\EmailQueueService.cs:línea 136
--- Fin del seguimiento de la pila de la ubicación anterior donde se produjo la excepción ---
   en System.Runtime.ExceptionServices.ExceptionDispatchInfo.Throw()
   en System.Runtime.CompilerServices.TaskAwaiter.HandleNonSuccessAndDebuggerNotification(Task task)
   en System.Runtime.CompilerServices.TaskAwaiter`1.GetResult()
   en CapaDatos.Services.EmailQueueProcessor.<ProcessQueueAsync>d__10.MoveNext() en C:\AOCR\AOCR\AOCR05-01-2026\AOCR1\AOCR\CapaDatos\Services\EmailQueueService.cs:línea 332
2026-01-31 09:16:30.158 | ERROR | CID:N/A | ERR:EMAIL_QUEUE_ERROR | Error de configuración de base de datos.
    Exception: DataAccessException
    StackTrace:    en CapaDatos.Infrastructure.BaseDAO.ExecuteWithConnection[T](Func`2 action) en C:\AOCR\AOCR\AOCR05-01-2026\AOCR1\AOCR\CapaDatos\Infrastructure\BaseDAO.cs:línea 68
   en CapaDatos.Services.EmailQueueService.<ObtenerSiguienteAsync>d__5.MoveNext() en C:\AOCR\AOCR\AOCR05-01-2026\AOCR1\AOCR\CapaDatos\Services\EmailQueueService.cs:línea 136
--- Fin del seguimiento de la pila de la ubicación anterior donde se produjo la excepción ---
   en System.Runtime.ExceptionServices.ExceptionDispatchInfo.Throw()
   en System.Runtime.CompilerServices.TaskAwaiter.HandleNonSuccessAndDebuggerNotification(Task task)
   en System.Runtime.CompilerServices.TaskAwaiter`1.GetResult()
   en CapaDatos.Services.EmailQueueProcessor.<ProcessQueueAsync>d__10.MoveNext() en C:\AOCR\AOCR\AOCR05-01-2026\AOCR1\AOCR\CapaDatos\Services\EmailQueueService.cs:línea 332
2026-01-31 09:17:00.206 | ERROR | CID:N/A | ERR:EMAIL_QUEUE_ERROR | Error de configuración de base de datos.
    Exception: DataAccessException
    StackTrace:    en CapaDatos.Infrastructure.BaseDAO.ExecuteWithConnection[T](Func`2 action) en C:\AOCR\AOCR\AOCR05-01-2026\AOCR1\AOCR\CapaDatos\Infrastructure\BaseDAO.cs:línea 68
   en CapaDatos.Services.EmailQueueService.<ObtenerSiguienteAsync>d__5.MoveNext() en C:\AOCR\AOCR\AOCR05-01-2026\AOCR1\AOCR\CapaDatos\Services\EmailQueueService.cs:línea 136
--- Fin del seguimiento de la pila de la ubicación anterior donde se produjo la excepción ---
   en System.Runtime.ExceptionServices.ExceptionDispatchInfo.Throw()
   en System.Runtime.CompilerServices.TaskAwaiter.HandleNonSuccessAndDebuggerNotification(Task task)
   en System.Runtime.CompilerServices.TaskAwaiter`1.GetResult()
   en CapaDatos.Services.EmailQueueProcessor.<ProcessQueueAsync>d__10.MoveNext() en C:\AOCR\AOCR\AOCR05-01-2026\AOCR1\AOCR\CapaDatos\Services\EmailQueueService.cs:línea 332
2026-01-31 09:17:30.259 | ERROR | CID:N/A | ERR:EMAIL_QUEUE_ERROR | Error de configuración de base de datos.
    Exception: DataAccessException
    StackTrace:    en CapaDatos.Infrastructure.BaseDAO.ExecuteWithConnection[T](Func`2 action) en C:\AOCR\AOCR\AOCR05-01-2026\AOCR1\AOCR\CapaDatos\Infrastructure\BaseDAO.cs:línea 68
   en CapaDatos.Services.EmailQueueService.<ObtenerSiguienteAsync>d__5.MoveNext() en C:\AOCR\AOCR\AOCR05-01-2026\AOCR1\AOCR\CapaDatos\Services\EmailQueueService.cs:línea 136
--- Fin del seguimiento de la pila de la ubicación anterior donde se produjo la excepción ---
   en System.Runtime.ExceptionServices.ExceptionDispatchInfo.Throw()
   en System.Runtime.CompilerServices.TaskAwaiter.HandleNonSuccessAndDebuggerNotification(Task task)
   en System.Runtime.CompilerServices.TaskAwaiter`1.GetResult()
   en CapaDatos.Services.EmailQueueProcessor.<ProcessQueueAsync>d__10.MoveNext() en C:\AOCR\AOCR\AOCR05-01-2026\AOCR1\AOCR\CapaDatos\Services\EmailQueueService.cs:línea 332
2026-01-31 09:18:00.315 | ERROR | CID:N/A | ERR:EMAIL_QUEUE_ERROR | Error de configuración de base de datos.
    Exception: DataAccessException
    StackTrace:    en CapaDatos.Infrastructure.BaseDAO.ExecuteWithConnection[T](Func`2 action) en C:\AOCR\AOCR\AOCR05-01-2026\AOCR1\AOCR\CapaDatos\Infrastructure\BaseDAO.cs:línea 68
   en CapaDatos.Services.EmailQueueService.<ObtenerSiguienteAsync>d__5.MoveNext() en C:\AOCR\AOCR\AOCR05-01-2026\AOCR1\AOCR\CapaDatos\Services\EmailQueueService.cs:línea 136
--- Fin del seguimiento de la pila de la ubicación anterior donde se produjo la excepción ---
   en System.Runtime.ExceptionServices.ExceptionDispatchInfo.Throw()
   en System.Runtime.CompilerServices.TaskAwaiter.HandleNonSuccessAndDebuggerNotification(Task task)
   en System.Runtime.CompilerServices.TaskAwaiter`1.GetResult()
   en CapaDatos.Services.EmailQueueProcessor.<ProcessQueueAsync>d__10.MoveNext() en C:\AOCR\AOCR\AOCR05-01-2026\AOCR1\AOCR\CapaDatos\Services\EmailQueueService.cs:línea 332
2026-01-31 09:18:30.369 | ERROR | CID:N/A | ERR:EMAIL_QUEUE_ERROR | Error de configuración de base de datos.
    Exception: DataAccessException
    StackTrace:    en CapaDatos.Infrastructure.BaseDAO.ExecuteWithConnection[T](Func`2 action) en C:\AOCR\AOCR\AOCR05-01-2026\AOCR1\AOCR\CapaDatos\Infrastructure\BaseDAO.cs:línea 68
   en CapaDatos.Services.EmailQueueService.<ObtenerSiguienteAsync>d__5.MoveNext() en C:\AOCR\AOCR\AOCR05-01-2026\AOCR1\AOCR\CapaDatos\Services\EmailQueueService.cs:línea 136
--- Fin del seguimiento de la pila de la ubicación anterior donde se produjo la excepción ---
   en System.Runtime.ExceptionServices.ExceptionDispatchInfo.Throw()
   en System.Runtime.CompilerServices.TaskAwaiter.HandleNonSuccessAndDebuggerNotification(Task task)
   en System.Runtime.CompilerServices.TaskAwaiter`1.GetResult()
   en CapaDatos.Services.EmailQueueProcessor.<ProcessQueueAsync>d__10.MoveNext() en C:\AOCR\AOCR\AOCR05-01-2026\AOCR1\AOCR\CapaDatos\Services\EmailQueueService.cs:línea 332
2026-01-31 09:19:00.418 | ERROR | CID:N/A | ERR:EMAIL_QUEUE_ERROR | Error de configuración de base de datos.
    Exception: DataAccessException
    StackTrace:    en CapaDatos.Infrastructure.BaseDAO.ExecuteWithConnection[T](Func`2 action) en C:\AOCR\AOCR\AOCR05-01-2026\AOCR1\AOCR\CapaDatos\Infrastructure\BaseDAO.cs:línea 68
   en CapaDatos.Services.EmailQueueService.<ObtenerSiguienteAsync>d__5.MoveNext() en C:\AOCR\AOCR\AOCR05-01-2026\AOCR1\AOCR\CapaDatos\Services\EmailQueueService.cs:línea 136
--- Fin del seguimiento de la pila de la ubicación anterior donde se produjo la excepción ---
   en System.Runtime.ExceptionServices.ExceptionDispatchInfo.Throw()
   en System.Runtime.CompilerServices.TaskAwaiter.HandleNonSuccessAndDebuggerNotification(Task task)
   en System.Runtime.CompilerServices.TaskAwaiter`1.GetResult()
   en CapaDatos.Services.EmailQueueProcessor.<ProcessQueueAsync>d__10.MoveNext() en C:\AOCR\AOCR\AOCR05-01-2026\AOCR1\AOCR\CapaDatos\Services\EmailQueueService.cs:línea 332
2026-01-31 09:19:30.472 | ERROR | CID:N/A | ERR:EMAIL_QUEUE_ERROR | Error de configuración de base de datos.
    Exception: DataAccessException
    StackTrace:    en CapaDatos.Infrastructure.BaseDAO.ExecuteWithConnection[T](Func`2 action) en C:\AOCR\AOCR\AOCR05-01-2026\AOCR1\AOCR\CapaDatos\Infrastructure\BaseDAO.cs:línea 68
   en CapaDatos.Services.EmailQueueService.<ObtenerSiguienteAsync>d__5.MoveNext() en C:\AOCR\AOCR\AOCR05-01-2026\AOCR1\AOCR\CapaDatos\Services\EmailQueueService.cs:línea 136
--- Fin del seguimiento de la pila de la ubicación anterior donde se produjo la excepción ---
   en System.Runtime.ExceptionServices.ExceptionDispatchInfo.Throw()
   en System.Runtime.CompilerServices.TaskAwaiter.HandleNonSuccessAndDebuggerNotification(Task task)
   en System.Runtime.CompilerServices.TaskAwaiter`1.GetResult()
   en CapaDatos.Services.EmailQueueProcessor.<ProcessQueueAsync>d__10.MoveNext() en C:\AOCR\AOCR\AOCR05-01-2026\AOCR1\AOCR\CapaDatos\Services\EmailQueueService.cs:línea 332
2026-01-31 09:20:00.515 | ERROR | CID:N/A | ERR:EMAIL_QUEUE_ERROR | Error de configuración de base de datos.
    Exception: DataAccessException
    StackTrace:    en CapaDatos.Infrastructure.BaseDAO.ExecuteWithConnection[T](Func`2 action) en C:\AOCR\AOCR\AOCR05-01-2026\AOCR1\AOCR\CapaDatos\Infrastructure\BaseDAO.cs:línea 68
   en CapaDatos.Services.EmailQueueService.<ObtenerSiguienteAsync>d__5.MoveNext() en C:\AOCR\AOCR\AOCR05-01-2026\AOCR1\AOCR\CapaDatos\Services\EmailQueueService.cs:línea 136
--- Fin del seguimiento de la pila de la ubicación anterior donde se produjo la excepción ---
   en System.Runtime.ExceptionServices.ExceptionDispatchInfo.Throw()
   en System.Runtime.CompilerServices.TaskAwaiter.HandleNonSuccessAndDebuggerNotification(Task task)
   en System.Runtime.CompilerServices.TaskAwaiter`1.GetResult()
   en CapaDatos.Services.EmailQueueProcessor.<ProcessQueueAsync>d__10.MoveNext() en C:\AOCR\AOCR\AOCR05-01-2026\AOCR1\AOCR\CapaDatos\Services\EmailQueueService.cs:línea 332
2026-01-31 09:20:30.576 | ERROR | CID:N/A | ERR:EMAIL_QUEUE_ERROR | Error de configuración de base de datos.
    Exception: DataAccessException
    StackTrace:    en CapaDatos.Infrastructure.BaseDAO.ExecuteWithConnection[T](Func`2 action) en C:\AOCR\AOCR\AOCR05-01-2026\AOCR1\AOCR\CapaDatos\Infrastructure\BaseDAO.cs:línea 68
   en CapaDatos.Services.EmailQueueService.<ObtenerSiguienteAsync>d__5.MoveNext() en C:\AOCR\AOCR\AOCR05-01-2026\AOCR1\AOCR\CapaDatos\Services\EmailQueueService.cs:línea 136
--- Fin del seguimiento de la pila de la ubicación anterior donde se produjo la excepción ---
   en System.Runtime.ExceptionServices.ExceptionDispatchInfo.Throw()
   en System.Runtime.CompilerServices.TaskAwaiter.HandleNonSuccessAndDebuggerNotification(Task task)
   en System.Runtime.CompilerServices.TaskAwaiter`1.GetResult()
   en CapaDatos.Services.EmailQueueProcessor.<ProcessQueueAsync>d__10.MoveNext() en C:\AOCR\AOCR\AOCR05-01-2026\AOCR1\AOCR\CapaDatos\Services\EmailQueueService.cs:línea 332
2026-01-31 09:21:00.635 | ERROR | CID:N/A | ERR:EMAIL_QUEUE_ERROR | Error de configuración de base de datos.
    Exception: DataAccessException
    StackTrace:    en CapaDatos.Infrastructure.BaseDAO.ExecuteWithConnection[T](Func`2 action) en C:\AOCR\AOCR\AOCR05-01-2026\AOCR1\AOCR\CapaDatos\Infrastructure\BaseDAO.cs:línea 68
   en CapaDatos.Services.EmailQueueService.<ObtenerSiguienteAsync>d__5.MoveNext() en C:\AOCR\AOCR\AOCR05-01-2026\AOCR1\AOCR\CapaDatos\Services\EmailQueueService.cs:línea 136
--- Fin del seguimiento de la pila de la ubicación anterior donde se produjo la excepción ---
   en System.Runtime.ExceptionServices.ExceptionDispatchInfo.Throw()
   en System.Runtime.CompilerServices.TaskAwaiter.HandleNonSuccessAndDebuggerNotification(Task task)
   en System.Runtime.CompilerServices.TaskAwaiter`1.GetResult()
   en CapaDatos.Services.EmailQueueProcessor.<ProcessQueueAsync>d__10.MoveNext() en C:\AOCR\AOCR\AOCR05-01-2026\AOCR1\AOCR\CapaDatos\Services\EmailQueueService.cs:línea 332
2026-01-31 09:21:30.696 | ERROR | CID:N/A | ERR:EMAIL_QUEUE_ERROR | Error de configuración de base de datos.
    Exception: DataAccessException
    StackTrace:    en CapaDatos.Infrastructure.BaseDAO.ExecuteWithConnection[T](Func`2 action) en C:\AOCR\AOCR\AOCR05-01-2026\AOCR1\AOCR\CapaDatos\Infrastructure\BaseDAO.cs:línea 68
   en CapaDatos.Services.EmailQueueService.<ObtenerSiguienteAsync>d__5.MoveNext() en C:\AOCR\AOCR\AOCR05-01-2026\AOCR1\AOCR\CapaDatos\Services\EmailQueueService.cs:línea 136
--- Fin del seguimiento de la pila de la ubicación anterior donde se produjo la excepción ---
   en System.Runtime.ExceptionServices.ExceptionDispatchInfo.Throw()
   en System.Runtime.CompilerServices.TaskAwaiter.HandleNonSuccessAndDebuggerNotification(Task task)
   en System.Runtime.CompilerServices.TaskAwaiter`1.GetResult()
   en CapaDatos.Services.EmailQueueProcessor.<ProcessQueueAsync>d__10.MoveNext() en C:\AOCR\AOCR\AOCR05-01-2026\AOCR1\AOCR\CapaDatos\Services\EmailQueueService.cs:línea 332
2026-01-31 09:22:00.754 | ERROR | CID:N/A | ERR:EMAIL_QUEUE_ERROR | Error de configuración de base de datos.
    Exception: DataAccessException
    StackTrace:    en CapaDatos.Infrastructure.BaseDAO.ExecuteWithConnection[T](Func`2 action) en C:\AOCR\AOCR\AOCR05-01-2026\AOCR1\AOCR\CapaDatos\Infrastructure\BaseDAO.cs:línea 68
   en CapaDatos.Services.EmailQueueService.<ObtenerSiguienteAsync>d__5.MoveNext() en C:\AOCR\AOCR\AOCR05-01-2026\AOCR1\AOCR\CapaDatos\Services\EmailQueueService.cs:línea 136
--- Fin del seguimiento de la pila de la ubicación anterior donde se produjo la excepción ---
   en System.Runtime.ExceptionServices.ExceptionDispatchInfo.Throw()
   en System.Runtime.CompilerServices.TaskAwaiter.HandleNonSuccessAndDebuggerNotification(Task task)
   en System.Runtime.CompilerServices.TaskAwaiter`1.GetResult()
   en CapaDatos.Services.EmailQueueProcessor.<ProcessQueueAsync>d__10.MoveNext() en C:\AOCR\AOCR\AOCR05-01-2026\AOCR1\AOCR\CapaDatos\Services\EmailQueueService.cs:línea 332
2026-01-31 09:22:30.806 | ERROR | CID:N/A | ERR:EMAIL_QUEUE_ERROR | Error de configuración de base de datos.
    Exception: DataAccessException
    StackTrace:    en CapaDatos.Infrastructure.BaseDAO.ExecuteWithConnection[T](Func`2 action) en C:\AOCR\AOCR\AOCR05-01-2026\AOCR1\AOCR\CapaDatos\Infrastructure\BaseDAO.cs:línea 68
   en CapaDatos.Services.EmailQueueService.<ObtenerSiguienteAsync>d__5.MoveNext() en C:\AOCR\AOCR\AOCR05-01-2026\AOCR1\AOCR\CapaDatos\Services\EmailQueueService.cs:línea 136
--- Fin del seguimiento de la pila de la ubicación anterior donde se produjo la excepción ---
   en System.Runtime.ExceptionServices.ExceptionDispatchInfo.Throw()
   en System.Runtime.CompilerServices.TaskAwaiter.HandleNonSuccessAndDebuggerNotification(Task task)
   en System.Runtime.CompilerServices.TaskAwaiter`1.GetResult()
   en CapaDatos.Services.EmailQueueProcessor.<ProcessQueueAsync>d__10.MoveNext() en C:\AOCR\AOCR\AOCR05-01-2026\AOCR1\AOCR\CapaDatos\Services\EmailQueueService.cs:línea 332
2026-01-31 09:23:00.861 | ERROR | CID:N/A | ERR:EMAIL_QUEUE_ERROR | Error de configuración de base de datos.
    Exception: DataAccessException
    StackTrace:    en CapaDatos.Infrastructure.BaseDAO.ExecuteWithConnection[T](Func`2 action) en C:\AOCR\AOCR\AOCR05-01-2026\AOCR1\AOCR\CapaDatos\Infrastructure\BaseDAO.cs:línea 68
   en CapaDatos.Services.EmailQueueService.<ObtenerSiguienteAsync>d__5.MoveNext() en C:\AOCR\AOCR\AOCR05-01-2026\AOCR1\AOCR\CapaDatos\Services\EmailQueueService.cs:línea 136
--- Fin del seguimiento de la pila de la ubicación anterior donde se produjo la excepción ---
   en System.Runtime.ExceptionServices.ExceptionDispatchInfo.Throw()
   en System.Runtime.CompilerServices.TaskAwaiter.HandleNonSuccessAndDebuggerNotification(Task task)
   en System.Runtime.CompilerServices.TaskAwaiter`1.GetResult()
   en CapaDatos.Services.EmailQueueProcessor.<ProcessQueueAsync>d__10.MoveNext() en C:\AOCR\AOCR\AOCR05-01-2026\AOCR1\AOCR\CapaDatos\Services\EmailQueueService.cs:línea 332
2026-01-31 09:23:30.915 | ERROR | CID:N/A | ERR:EMAIL_QUEUE_ERROR | Error de configuración de base de datos.
    Exception: DataAccessException
    StackTrace:    en CapaDatos.Infrastructure.BaseDAO.ExecuteWithConnection[T](Func`2 action) en C:\AOCR\AOCR\AOCR05-01-2026\AOCR1\AOCR\CapaDatos\Infrastructure\BaseDAO.cs:línea 68
   en CapaDatos.Services.EmailQueueService.<ObtenerSiguienteAsync>d__5.MoveNext() en C:\AOCR\AOCR\AOCR05-01-2026\AOCR1\AOCR\CapaDatos\Services\EmailQueueService.cs:línea 136
--- Fin del seguimiento de la pila de la ubicación anterior donde se produjo la excepción ---
   en System.Runtime.ExceptionServices.ExceptionDispatchInfo.Throw()
   en System.Runtime.CompilerServices.TaskAwaiter.HandleNonSuccessAndDebuggerNotification(Task task)
   en System.Runtime.CompilerServices.TaskAwaiter`1.GetResult()
   en CapaDatos.Services.EmailQueueProcessor.<ProcessQueueAsync>d__10.MoveNext() en C:\AOCR\AOCR\AOCR05-01-2026\AOCR1\AOCR\CapaDatos\Services\EmailQueueService.cs:línea 332
2026-01-31 09:24:00.989 | ERROR | CID:N/A | ERR:EMAIL_QUEUE_ERROR | Error de configuración de base de datos.
    Exception: DataAccessException
    StackTrace:    en CapaDatos.Infrastructure.BaseDAO.ExecuteWithConnection[T](Func`2 action) en C:\AOCR\AOCR\AOCR05-01-2026\AOCR1\AOCR\CapaDatos\Infrastructure\BaseDAO.cs:línea 68
   en CapaDatos.Services.EmailQueueService.<ObtenerSiguienteAsync>d__5.MoveNext() en C:\AOCR\AOCR\AOCR05-01-2026\AOCR1\AOCR\CapaDatos\Services\EmailQueueService.cs:línea 136
--- Fin del seguimiento de la pila de la ubicación anterior donde se produjo la excepción ---
   en System.Runtime.ExceptionServices.ExceptionDispatchInfo.Throw()
   en System.Runtime.CompilerServices.TaskAwaiter.HandleNonSuccessAndDebuggerNotification(Task task)
   en System.Runtime.CompilerServices.TaskAwaiter`1.GetResult()
   en CapaDatos.Services.EmailQueueProcessor.<ProcessQueueAsync>d__10.MoveNext() en C:\AOCR\AOCR\AOCR05-01-2026\AOCR1\AOCR\CapaDatos\Services\EmailQueueService.cs:línea 332
2026-01-31 09:24:31.066 | ERROR | CID:N/A | ERR:EMAIL_QUEUE_ERROR | Error de configuración de base de datos.
    Exception: DataAccessException
    StackTrace:    en CapaDatos.Infrastructure.BaseDAO.ExecuteWithConnection[T](Func`2 action) en C:\AOCR\AOCR\AOCR05-01-2026\AOCR1\AOCR\CapaDatos\Infrastructure\BaseDAO.cs:línea 68
   en CapaDatos.Services.EmailQueueService.<ObtenerSiguienteAsync>d__5.MoveNext() en C:\AOCR\AOCR\AOCR05-01-2026\AOCR1\AOCR\CapaDatos\Services\EmailQueueService.cs:línea 136
--- Fin del seguimiento de la pila de la ubicación anterior donde se produjo la excepción ---
   en System.Runtime.ExceptionServices.ExceptionDispatchInfo.Throw()
   en System.Runtime.CompilerServices.TaskAwaiter.HandleNonSuccessAndDebuggerNotification(Task task)
   en System.Runtime.CompilerServices.TaskAwaiter`1.GetResult()
   en CapaDatos.Services.EmailQueueProcessor.<ProcessQueueAsync>d__10.MoveNext() en C:\AOCR\AOCR\AOCR05-01-2026\AOCR1\AOCR\CapaDatos\Services\EmailQueueService.cs:línea 332
2026-01-31 09:25:01.112 | ERROR | CID:N/A | ERR:EMAIL_QUEUE_ERROR | Error de configuración de base de datos.
    Exception: DataAccessException
    StackTrace:    en CapaDatos.Infrastructure.BaseDAO.ExecuteWithConnection[T](Func`2 action) en C:\AOCR\AOCR\AOCR05-01-2026\AOCR1\AOCR\CapaDatos\Infrastructure\BaseDAO.cs:línea 68
   en CapaDatos.Services.EmailQueueService.<ObtenerSiguienteAsync>d__5.MoveNext() en C:\AOCR\AOCR\AOCR05-01-2026\AOCR1\AOCR\CapaDatos\Services\EmailQueueService.cs:línea 136
--- Fin del seguimiento de la pila de la ubicación anterior donde se produjo la excepción ---
   en System.Runtime.ExceptionServices.ExceptionDispatchInfo.Throw()
   en System.Runtime.CompilerServices.TaskAwaiter.HandleNonSuccessAndDebuggerNotification(Task task)
   en System.Runtime.CompilerServices.TaskAwaiter`1.GetResult()
   en CapaDatos.Services.EmailQueueProcessor.<ProcessQueueAsync>d__10.MoveNext() en C:\AOCR\AOCR\AOCR05-01-2026\AOCR1\AOCR\CapaDatos\Services\EmailQueueService.cs:línea 332
2026-01-31 09:25:31.177 | ERROR | CID:N/A | ERR:EMAIL_QUEUE_ERROR | Error de configuración de base de datos.
    Exception: DataAccessException
    StackTrace:    en CapaDatos.Infrastructure.BaseDAO.ExecuteWithConnection[T](Func`2 action) en C:\AOCR\AOCR\AOCR05-01-2026\AOCR1\AOCR\CapaDatos\Infrastructure\BaseDAO.cs:línea 68
   en CapaDatos.Services.EmailQueueService.<ObtenerSiguienteAsync>d__5.MoveNext() en C:\AOCR\AOCR\AOCR05-01-2026\AOCR1\AOCR\CapaDatos\Services\EmailQueueService.cs:línea 136
--- Fin del seguimiento de la pila de la ubicación anterior donde se produjo la excepción ---
   en System.Runtime.ExceptionServices.ExceptionDispatchInfo.Throw()
   en System.Runtime.CompilerServices.TaskAwaiter.HandleNonSuccessAndDebuggerNotification(Task task)
   en System.Runtime.CompilerServices.TaskAwaiter`1.GetResult()
   en CapaDatos.Services.EmailQueueProcessor.<ProcessQueueAsync>d__10.MoveNext() en C:\AOCR\AOCR\AOCR05-01-2026\AOCR1\AOCR\CapaDatos\Services\EmailQueueService.cs:línea 332
2026-01-31 09:26:01.234 | ERROR | CID:N/A | ERR:EMAIL_QUEUE_ERROR | Error de configuración de base de datos.
    Exception: DataAccessException
    StackTrace:    en CapaDatos.Infrastructure.BaseDAO.ExecuteWithConnection[T](Func`2 action) en C:\AOCR\AOCR\AOCR05-01-2026\AOCR1\AOCR\CapaDatos\Infrastructure\BaseDAO.cs:línea 68
   en CapaDatos.Services.EmailQueueService.<ObtenerSiguienteAsync>d__5.MoveNext() en C:\AOCR\AOCR\AOCR05-01-2026\AOCR1\AOCR\CapaDatos\Services\EmailQueueService.cs:línea 136
--- Fin del seguimiento de la pila de la ubicación anterior donde se produjo la excepción ---
   en System.Runtime.ExceptionServices.ExceptionDispatchInfo.Throw()
   en System.Runtime.CompilerServices.TaskAwaiter.HandleNonSuccessAndDebuggerNotification(Task task)
   en System.Runtime.CompilerServices.TaskAwaiter`1.GetResult()
   en CapaDatos.Services.EmailQueueProcessor.<ProcessQueueAsync>d__10.MoveNext() en C:\AOCR\AOCR\AOCR05-01-2026\AOCR1\AOCR\CapaDatos\Services\EmailQueueService.cs:línea 332
2026-01-31 09:26:31.282 | ERROR | CID:N/A | ERR:EMAIL_QUEUE_ERROR | Error de configuración de base de datos.
    Exception: DataAccessException
    StackTrace:    en CapaDatos.Infrastructure.BaseDAO.ExecuteWithConnection[T](Func`2 action) en C:\AOCR\AOCR\AOCR05-01-2026\AOCR1\AOCR\CapaDatos\Infrastructure\BaseDAO.cs:línea 68
   en CapaDatos.Services.EmailQueueService.<ObtenerSiguienteAsync>d__5.MoveNext() en C:\AOCR\AOCR\AOCR05-01-2026\AOCR1\AOCR\CapaDatos\Services\EmailQueueService.cs:línea 136
--- Fin del seguimiento de la pila de la ubicación anterior donde se produjo la excepción ---
   en System.Runtime.ExceptionServices.ExceptionDispatchInfo.Throw()
   en System.Runtime.CompilerServices.TaskAwaiter.HandleNonSuccessAndDebuggerNotification(Task task)
   en System.Runtime.CompilerServices.TaskAwaiter`1.GetResult()
   en CapaDatos.Services.EmailQueueProcessor.<ProcessQueueAsync>d__10.MoveNext() en C:\AOCR\AOCR\AOCR05-01-2026\AOCR1\AOCR\CapaDatos\Services\EmailQueueService.cs:línea 332
2026-01-31 09:27:01.331 | ERROR | CID:N/A | ERR:EMAIL_QUEUE_ERROR | Error de configuración de base de datos.
    Exception: DataAccessException
    StackTrace:    en CapaDatos.Infrastructure.BaseDAO.ExecuteWithConnection[T](Func`2 action) en C:\AOCR\AOCR\AOCR05-01-2026\AOCR1\AOCR\CapaDatos\Infrastructure\BaseDAO.cs:línea 68
   en CapaDatos.Services.EmailQueueService.<ObtenerSiguienteAsync>d__5.MoveNext() en C:\AOCR\AOCR\AOCR05-01-2026\AOCR1\AOCR\CapaDatos\Services\EmailQueueService.cs:línea 136
--- Fin del seguimiento de la pila de la ubicación anterior donde se produjo la excepción ---
   en System.Runtime.ExceptionServices.ExceptionDispatchInfo.Throw()
   en System.Runtime.CompilerServices.TaskAwaiter.HandleNonSuccessAndDebuggerNotification(Task task)
   en System.Runtime.CompilerServices.TaskAwaiter`1.GetResult()
   en CapaDatos.Services.EmailQueueProcessor.<ProcessQueueAsync>d__10.MoveNext() en C:\AOCR\AOCR\AOCR05-01-2026\AOCR1\AOCR\CapaDatos\Services\EmailQueueService.cs:línea 332
2026-01-31 09:27:31.383 | ERROR | CID:N/A | ERR:EMAIL_QUEUE_ERROR | Error de configuración de base de datos.
    Exception: DataAccessException
    StackTrace:    en CapaDatos.Infrastructure.BaseDAO.ExecuteWithConnection[T](Func`2 action) en C:\AOCR\AOCR\AOCR05-01-2026\AOCR1\AOCR\CapaDatos\Infrastructure\BaseDAO.cs:línea 68
   en CapaDatos.Services.EmailQueueService.<ObtenerSiguienteAsync>d__5.MoveNext() en C:\AOCR\AOCR\AOCR05-01-2026\AOCR1\AOCR\CapaDatos\Services\EmailQueueService.cs:línea 136
--- Fin del seguimiento de la pila de la ubicación anterior donde se produjo la excepción ---
   en System.Runtime.ExceptionServices.ExceptionDispatchInfo.Throw()
   en System.Runtime.CompilerServices.TaskAwaiter.HandleNonSuccessAndDebuggerNotification(Task task)
   en System.Runtime.CompilerServices.TaskAwaiter`1.GetResult()
   en CapaDatos.Services.EmailQueueProcessor.<ProcessQueueAsync>d__10.MoveNext() en C:\AOCR\AOCR\AOCR05-01-2026\AOCR1\AOCR\CapaDatos\Services\EmailQueueService.cs:línea 332
2026-01-31 09:28:01.449 | ERROR | CID:N/A | ERR:EMAIL_QUEUE_ERROR | Error de configuración de base de datos.
    Exception: DataAccessException
    StackTrace:    en CapaDatos.Infrastructure.BaseDAO.ExecuteWithConnection[T](Func`2 action) en C:\AOCR\AOCR\AOCR05-01-2026\AOCR1\AOCR\CapaDatos\Infrastructure\BaseDAO.cs:línea 68
   en CapaDatos.Services.EmailQueueService.<ObtenerSiguienteAsync>d__5.MoveNext() en C:\AOCR\AOCR\AOCR05-01-2026\AOCR1\AOCR\CapaDatos\Services\EmailQueueService.cs:línea 136
--- Fin del seguimiento de la pila de la ubicación anterior donde se produjo la excepción ---
   en System.Runtime.ExceptionServices.ExceptionDispatchInfo.Throw()
   en System.Runtime.CompilerServices.TaskAwaiter.HandleNonSuccessAndDebuggerNotification(Task task)
   en System.Runtime.CompilerServices.TaskAwaiter`1.GetResult()
   en CapaDatos.Services.EmailQueueProcessor.<ProcessQueueAsync>d__10.MoveNext() en C:\AOCR\AOCR\AOCR05-01-2026\AOCR1\AOCR\CapaDatos\Services\EmailQueueService.cs:línea 332
2026-01-31 09:28:31.503 | ERROR | CID:N/A | ERR:EMAIL_QUEUE_ERROR | Error de configuración de base de datos.
    Exception: DataAccessException
    StackTrace:    en CapaDatos.Infrastructure.BaseDAO.ExecuteWithConnection[T](Func`2 action) en C:\AOCR\AOCR\AOCR05-01-2026\AOCR1\AOCR\CapaDatos\Infrastructure\BaseDAO.cs:línea 68
   en CapaDatos.Services.EmailQueueService.<ObtenerSiguienteAsync>d__5.MoveNext() en C:\AOCR\AOCR\AOCR05-01-2026\AOCR1\AOCR\CapaDatos\Services\EmailQueueService.cs:línea 136
--- Fin del seguimiento de la pila de la ubicación anterior donde se produjo la excepción ---
   en System.Runtime.ExceptionServices.ExceptionDispatchInfo.Throw()
   en System.Runtime.CompilerServices.TaskAwaiter.HandleNonSuccessAndDebuggerNotification(Task task)
   en System.Runtime.CompilerServices.TaskAwaiter`1.GetResult()
   en CapaDatos.Services.EmailQueueProcessor.<ProcessQueueAsync>d__10.MoveNext() en C:\AOCR\AOCR\AOCR05-01-2026\AOCR1\AOCR\CapaDatos\Services\EmailQueueService.cs:línea 332
2026-01-31 09:29:01.564 | ERROR | CID:N/A | ERR:EMAIL_QUEUE_ERROR | Error de configuración de base de datos.
    Exception: DataAccessException
    StackTrace:    en CapaDatos.Infrastructure.BaseDAO.ExecuteWithConnection[T](Func`2 action) en C:\AOCR\AOCR\AOCR05-01-2026\AOCR1\AOCR\CapaDatos\Infrastructure\BaseDAO.cs:línea 68
   en CapaDatos.Services.EmailQueueService.<ObtenerSiguienteAsync>d__5.MoveNext() en C:\AOCR\AOCR\AOCR05-01-2026\AOCR1\AOCR\CapaDatos\Services\EmailQueueService.cs:línea 136
--- Fin del seguimiento de la pila de la ubicación anterior donde se produjo la excepción ---
   en System.Runtime.ExceptionServices.ExceptionDispatchInfo.Throw()
   en System.Runtime.CompilerServices.TaskAwaiter.HandleNonSuccessAndDebuggerNotification(Task task)
   en System.Runtime.CompilerServices.TaskAwaiter`1.GetResult()
   en CapaDatos.Services.EmailQueueProcessor.<ProcessQueueAsync>d__10.MoveNext() en C:\AOCR\AOCR\AOCR05-01-2026\AOCR1\AOCR\CapaDatos\Services\EmailQueueService.cs:línea 332
2026-01-31 09:29:31.623 | ERROR | CID:N/A | ERR:EMAIL_QUEUE_ERROR | Error de configuración de base de datos.
    Exception: DataAccessException
    StackTrace:    en CapaDatos.Infrastructure.BaseDAO.ExecuteWithConnection[T](Func`2 action) en C:\AOCR\AOCR\AOCR05-01-2026\AOCR1\AOCR\CapaDatos\Infrastructure\BaseDAO.cs:línea 68
   en CapaDatos.Services.EmailQueueService.<ObtenerSiguienteAsync>d__5.MoveNext() en C:\AOCR\AOCR\AOCR05-01-2026\AOCR1\AOCR\CapaDatos\Services\EmailQueueService.cs:línea 136
--- Fin del seguimiento de la pila de la ubicación anterior donde se produjo la excepción ---
   en System.Runtime.ExceptionServices.ExceptionDispatchInfo.Throw()
   en System.Runtime.CompilerServices.TaskAwaiter.HandleNonSuccessAndDebuggerNotification(Task task)
   en System.Runtime.CompilerServices.TaskAwaiter`1.GetResult()
   en CapaDatos.Services.EmailQueueProcessor.<ProcessQueueAsync>d__10.MoveNext() en C:\AOCR\AOCR\AOCR05-01-2026\AOCR1\AOCR\CapaDatos\Services\EmailQueueService.cs:línea 332
2026-01-31 09:30:01.670 | ERROR | CID:N/A | ERR:EMAIL_QUEUE_ERROR | Error de configuración de base de datos.
    Exception: DataAccessException
    StackTrace:    en CapaDatos.Infrastructure.BaseDAO.ExecuteWithConnection[T](Func`2 action) en C:\AOCR\AOCR\AOCR05-01-2026\AOCR1\AOCR\CapaDatos\Infrastructure\BaseDAO.cs:línea 68
   en CapaDatos.Services.EmailQueueService.<ObtenerSiguienteAsync>d__5.MoveNext() en C:\AOCR\AOCR\AOCR05-01-2026\AOCR1\AOCR\CapaDatos\Services\EmailQueueService.cs:línea 136
--- Fin del seguimiento de la pila de la ubicación anterior donde se produjo la excepción ---
   en System.Runtime.ExceptionServices.ExceptionDispatchInfo.Throw()
   en System.Runtime.CompilerServices.TaskAwaiter.HandleNonSuccessAndDebuggerNotification(Task task)
   en System.Runtime.CompilerServices.TaskAwaiter`1.GetResult()
   en CapaDatos.Services.EmailQueueProcessor.<ProcessQueueAsync>d__10.MoveNext() en C:\AOCR\AOCR\AOCR05-01-2026\AOCR1\AOCR\CapaDatos\Services\EmailQueueService.cs:línea 332
2026-01-31 09:30:31.727 | ERROR | CID:N/A | ERR:EMAIL_QUEUE_ERROR | Error de configuración de base de datos.
    Exception: DataAccessException
    StackTrace:    en CapaDatos.Infrastructure.BaseDAO.ExecuteWithConnection[T](Func`2 action) en C:\AOCR\AOCR\AOCR05-01-2026\AOCR1\AOCR\CapaDatos\Infrastructure\BaseDAO.cs:línea 68
   en CapaDatos.Services.EmailQueueService.<ObtenerSiguienteAsync>d__5.MoveNext() en C:\AOCR\AOCR\AOCR05-01-2026\AOCR1\AOCR\CapaDatos\Services\EmailQueueService.cs:línea 136
--- Fin del seguimiento de la pila de la ubicación anterior donde se produjo la excepción ---
   en System.Runtime.ExceptionServices.ExceptionDispatchInfo.Throw()
   en System.Runtime.CompilerServices.TaskAwaiter.HandleNonSuccessAndDebuggerNotification(Task task)
   en System.Runtime.CompilerServices.TaskAwaiter`1.GetResult()
   en CapaDatos.Services.EmailQueueProcessor.<ProcessQueueAsync>d__10.MoveNext() en C:\AOCR\AOCR\AOCR05-01-2026\AOCR1\AOCR\CapaDatos\Services\EmailQueueService.cs:línea 332
2026-01-31 09:31:01.787 | ERROR | CID:N/A | ERR:EMAIL_QUEUE_ERROR | Error de configuración de base de datos.
    Exception: DataAccessException
    StackTrace:    en CapaDatos.Infrastructure.BaseDAO.ExecuteWithConnection[T](Func`2 action) en C:\AOCR\AOCR\AOCR05-01-2026\AOCR1\AOCR\CapaDatos\Infrastructure\BaseDAO.cs:línea 68
   en CapaDatos.Services.EmailQueueService.<ObtenerSiguienteAsync>d__5.MoveNext() en C:\AOCR\AOCR\AOCR05-01-2026\AOCR1\AOCR\CapaDatos\Services\EmailQueueService.cs:línea 136
--- Fin del seguimiento de la pila de la ubicación anterior donde se produjo la excepción ---
   en System.Runtime.ExceptionServices.ExceptionDispatchInfo.Throw()
   en System.Runtime.CompilerServices.TaskAwaiter.HandleNonSuccessAndDebuggerNotification(Task task)
   en System.Runtime.CompilerServices.TaskAwaiter`1.GetResult()
   en CapaDatos.Services.EmailQueueProcessor.<ProcessQueueAsync>d__10.MoveNext() en C:\AOCR\AOCR\AOCR05-01-2026\AOCR1\AOCR\CapaDatos\Services\EmailQueueService.cs:línea 332
2026-01-31 09:31:31.832 | ERROR | CID:N/A | ERR:EMAIL_QUEUE_ERROR | Error de configuración de base de datos.
    Exception: DataAccessException
    StackTrace:    en CapaDatos.Infrastructure.BaseDAO.ExecuteWithConnection[T](Func`2 action) en C:\AOCR\AOCR\AOCR05-01-2026\AOCR1\AOCR\CapaDatos\Infrastructure\BaseDAO.cs:línea 68
   en CapaDatos.Services.EmailQueueService.<ObtenerSiguienteAsync>d__5.MoveNext() en C:\AOCR\AOCR\AOCR05-01-2026\AOCR1\AOCR\CapaDatos\Services\EmailQueueService.cs:línea 136
--- Fin del seguimiento de la pila de la ubicación anterior donde se produjo la excepción ---
   en System.Runtime.ExceptionServices.ExceptionDispatchInfo.Throw()
   en System.Runtime.CompilerServices.TaskAwaiter.HandleNonSuccessAndDebuggerNotification(Task task)
   en System.Runtime.CompilerServices.TaskAwaiter`1.GetResult()
   en CapaDatos.Services.EmailQueueProcessor.<ProcessQueueAsync>d__10.MoveNext() en C:\AOCR\AOCR\AOCR05-01-2026\AOCR1\AOCR\CapaDatos\Services\EmailQueueService.cs:línea 332
2026-01-31 09:32:01.889 | ERROR | CID:N/A | ERR:EMAIL_QUEUE_ERROR | Error de configuración de base de datos.
    Exception: DataAccessException
    StackTrace:    en CapaDatos.Infrastructure.BaseDAO.ExecuteWithConnection[T](Func`2 action) en C:\AOCR\AOCR\AOCR05-01-2026\AOCR1\AOCR\CapaDatos\Infrastructure\BaseDAO.cs:línea 68
   en CapaDatos.Services.EmailQueueService.<ObtenerSiguienteAsync>d__5.MoveNext() en C:\AOCR\AOCR\AOCR05-01-2026\AOCR1\AOCR\CapaDatos\Services\EmailQueueService.cs:línea 136
--- Fin del seguimiento de la pila de la ubicación anterior donde se produjo la excepción ---
   en System.Runtime.ExceptionServices.ExceptionDispatchInfo.Throw()
   en System.Runtime.CompilerServices.TaskAwaiter.HandleNonSuccessAndDebuggerNotification(Task task)
   en System.Runtime.CompilerServices.TaskAwaiter`1.GetResult()
   en CapaDatos.Services.EmailQueueProcessor.<ProcessQueueAsync>d__10.MoveNext() en C:\AOCR\AOCR\AOCR05-01-2026\AOCR1\AOCR\CapaDatos\Services\EmailQueueService.cs:línea 332
2026-01-31 09:32:31.947 | ERROR | CID:N/A | ERR:EMAIL_QUEUE_ERROR | Error de configuración de base de datos.
    Exception: DataAccessException
    StackTrace:    en CapaDatos.Infrastructure.BaseDAO.ExecuteWithConnection[T](Func`2 action) en C:\AOCR\AOCR\AOCR05-01-2026\AOCR1\AOCR\CapaDatos\Infrastructure\BaseDAO.cs:línea 68
   en CapaDatos.Services.EmailQueueService.<ObtenerSiguienteAsync>d__5.MoveNext() en C:\AOCR\AOCR\AOCR05-01-2026\AOCR1\AOCR\CapaDatos\Services\EmailQueueService.cs:línea 136
--- Fin del seguimiento de la pila de la ubicación anterior donde se produjo la excepción ---
   en System.Runtime.ExceptionServices.ExceptionDispatchInfo.Throw()
   en System.Runtime.CompilerServices.TaskAwaiter.HandleNonSuccessAndDebuggerNotification(Task task)
   en System.Runtime.CompilerServices.TaskAwaiter`1.GetResult()
   en CapaDatos.Services.EmailQueueProcessor.<ProcessQueueAsync>d__10.MoveNext() en C:\AOCR\AOCR\AOCR05-01-2026\AOCR1\AOCR\CapaDatos\Services\EmailQueueService.cs:línea 332
2026-01-31 09:33:02.002 | ERROR | CID:N/A | ERR:EMAIL_QUEUE_ERROR | Error de configuración de base de datos.
    Exception: DataAccessException
    StackTrace:    en CapaDatos.Infrastructure.BaseDAO.ExecuteWithConnection[T](Func`2 action) en C:\AOCR\AOCR\AOCR05-01-2026\AOCR1\AOCR\CapaDatos\Infrastructure\BaseDAO.cs:línea 68
   en CapaDatos.Services.EmailQueueService.<ObtenerSiguienteAsync>d__5.MoveNext() en C:\AOCR\AOCR\AOCR05-01-2026\AOCR1\AOCR\CapaDatos\Services\EmailQueueService.cs:línea 136
--- Fin del seguimiento de la pila de la ubicación anterior donde se produjo la excepción ---
   en System.Runtime.ExceptionServices.ExceptionDispatchInfo.Throw()
   en System.Runtime.CompilerServices.TaskAwaiter.HandleNonSuccessAndDebuggerNotification(Task task)
   en System.Runtime.CompilerServices.TaskAwaiter`1.GetResult()
   en CapaDatos.Services.EmailQueueProcessor.<ProcessQueueAsync>d__10.MoveNext() en C:\AOCR\AOCR\AOCR05-01-2026\AOCR1\AOCR\CapaDatos\Services\EmailQueueService.cs:línea 332
2026-01-31 09:33:32.061 | ERROR | CID:N/A | ERR:EMAIL_QUEUE_ERROR | Error de configuración de base de datos.
    Exception: DataAccessException
    StackTrace:    en CapaDatos.Infrastructure.BaseDAO.ExecuteWithConnection[T](Func`2 action) en C:\AOCR\AOCR\AOCR05-01-2026\AOCR1\AOCR\CapaDatos\Infrastructure\BaseDAO.cs:línea 68
   en CapaDatos.Services.EmailQueueService.<ObtenerSiguienteAsync>d__5.MoveNext() en C:\AOCR\AOCR\AOCR05-01-2026\AOCR1\AOCR\CapaDatos\Services\EmailQueueService.cs:línea 136
--- Fin del seguimiento de la pila de la ubicación anterior donde se produjo la excepción ---
   en System.Runtime.ExceptionServices.ExceptionDispatchInfo.Throw()
   en System.Runtime.CompilerServices.TaskAwaiter.HandleNonSuccessAndDebuggerNotification(Task task)
   en System.Runtime.CompilerServices.TaskAwaiter`1.GetResult()
   en CapaDatos.Services.EmailQueueProcessor.<ProcessQueueAsync>d__10.MoveNext() en C:\AOCR\AOCR\AOCR05-01-2026\AOCR1\AOCR\CapaDatos\Services\EmailQueueService.cs:línea 332
2026-01-31 09:34:02.110 | ERROR | CID:N/A | ERR:EMAIL_QUEUE_ERROR | Error de configuración de base de datos.
    Exception: DataAccessException
    StackTrace:    en CapaDatos.Infrastructure.BaseDAO.ExecuteWithConnection[T](Func`2 action) en C:\AOCR\AOCR\AOCR05-01-2026\AOCR1\AOCR\CapaDatos\Infrastructure\BaseDAO.cs:línea 68
   en CapaDatos.Services.EmailQueueService.<ObtenerSiguienteAsync>d__5.MoveNext() en C:\AOCR\AOCR\AOCR05-01-2026\AOCR1\AOCR\CapaDatos\Services\EmailQueueService.cs:línea 136
--- Fin del seguimiento de la pila de la ubicación anterior donde se produjo la excepción ---
   en System.Runtime.ExceptionServices.ExceptionDispatchInfo.Throw()
   en System.Runtime.CompilerServices.TaskAwaiter.HandleNonSuccessAndDebuggerNotification(Task task)
   en System.Runtime.CompilerServices.TaskAwaiter`1.GetResult()
   en CapaDatos.Services.EmailQueueProcessor.<ProcessQueueAsync>d__10.MoveNext() en C:\AOCR\AOCR\AOCR05-01-2026\AOCR1\AOCR\CapaDatos\Services\EmailQueueService.cs:línea 332
2026-01-31 09:34:32.150 | ERROR | CID:N/A | ERR:EMAIL_QUEUE_ERROR | Error de configuración de base de datos.
    Exception: DataAccessException
    StackTrace:    en CapaDatos.Infrastructure.BaseDAO.ExecuteWithConnection[T](Func`2 action) en C:\AOCR\AOCR\AOCR05-01-2026\AOCR1\AOCR\CapaDatos\Infrastructure\BaseDAO.cs:línea 68
   en CapaDatos.Services.EmailQueueService.<ObtenerSiguienteAsync>d__5.MoveNext() en C:\AOCR\AOCR\AOCR05-01-2026\AOCR1\AOCR\CapaDatos\Services\EmailQueueService.cs:línea 136
--- Fin del seguimiento de la pila de la ubicación anterior donde se produjo la excepción ---
   en System.Runtime.ExceptionServices.ExceptionDispatchInfo.Throw()
   en System.Runtime.CompilerServices.TaskAwaiter.HandleNonSuccessAndDebuggerNotification(Task task)
   en System.Runtime.CompilerServices.TaskAwaiter`1.GetResult()
   en CapaDatos.Services.EmailQueueProcessor.<ProcessQueueAsync>d__10.MoveNext() en C:\AOCR\AOCR\AOCR05-01-2026\AOCR1\AOCR\CapaDatos\Services\EmailQueueService.cs:línea 332
2026-01-31 09:35:02.210 | ERROR | CID:N/A | ERR:EMAIL_QUEUE_ERROR | Error de configuración de base de datos.
    Exception: DataAccessException
    StackTrace:    en CapaDatos.Infrastructure.BaseDAO.ExecuteWithConnection[T](Func`2 action) en C:\AOCR\AOCR\AOCR05-01-2026\AOCR1\AOCR\CapaDatos\Infrastructure\BaseDAO.cs:línea 68
   en CapaDatos.Services.EmailQueueService.<ObtenerSiguienteAsync>d__5.MoveNext() en C:\AOCR\AOCR\AOCR05-01-2026\AOCR1\AOCR\CapaDatos\Services\EmailQueueService.cs:línea 136
--- Fin del seguimiento de la pila de la ubicación anterior donde se produjo la excepción ---
   en System.Runtime.ExceptionServices.ExceptionDispatchInfo.Throw()
   en System.Runtime.CompilerServices.TaskAwaiter.HandleNonSuccessAndDebuggerNotification(Task task)
   en System.Runtime.CompilerServices.TaskAwaiter`1.GetResult()
   en CapaDatos.Services.EmailQueueProcessor.<ProcessQueueAsync>d__10.MoveNext() en C:\AOCR\AOCR\AOCR05-01-2026\AOCR1\AOCR\CapaDatos\Services\EmailQueueService.cs:línea 332
2026-01-31 09:35:32.262 | ERROR | CID:N/A | ERR:EMAIL_QUEUE_ERROR | Error de configuración de base de datos.
    Exception: DataAccessException
    StackTrace:    en CapaDatos.Infrastructure.BaseDAO.ExecuteWithConnection[T](Func`2 action) en C:\AOCR\AOCR\AOCR05-01-2026\AOCR1\AOCR\CapaDatos\Infrastructure\BaseDAO.cs:línea 68
   en CapaDatos.Services.EmailQueueService.<ObtenerSiguienteAsync>d__5.MoveNext() en C:\AOCR\AOCR\AOCR05-01-2026\AOCR1\AOCR\CapaDatos\Services\EmailQueueService.cs:línea 136
--- Fin del seguimiento de la pila de la ubicación anterior donde se produjo la excepción ---
   en System.Runtime.ExceptionServices.ExceptionDispatchInfo.Throw()
   en System.Runtime.CompilerServices.TaskAwaiter.HandleNonSuccessAndDebuggerNotification(Task task)
   en System.Runtime.CompilerServices.TaskAwaiter`1.GetResult()
   en CapaDatos.Services.EmailQueueProcessor.<ProcessQueueAsync>d__10.MoveNext() en C:\AOCR\AOCR\AOCR05-01-2026\AOCR1\AOCR\CapaDatos\Services\EmailQueueService.cs:línea 332
2026-01-31 09:36:02.302 | ERROR | CID:N/A | ERR:EMAIL_QUEUE_ERROR | Error de configuración de base de datos.
    Exception: DataAccessException
    StackTrace:    en CapaDatos.Infrastructure.BaseDAO.ExecuteWithConnection[T](Func`2 action) en C:\AOCR\AOCR\AOCR05-01-2026\AOCR1\AOCR\CapaDatos\Infrastructure\BaseDAO.cs:línea 68
   en CapaDatos.Services.EmailQueueService.<ObtenerSiguienteAsync>d__5.MoveNext() en C:\AOCR\AOCR\AOCR05-01-2026\AOCR1\AOCR\CapaDatos\Services\EmailQueueService.cs:línea 136
--- Fin del seguimiento de la pila de la ubicación anterior donde se produjo la excepción ---
   en System.Runtime.ExceptionServices.ExceptionDispatchInfo.Throw()
   en System.Runtime.CompilerServices.TaskAwaiter.HandleNonSuccessAndDebuggerNotification(Task task)
   en System.Runtime.CompilerServices.TaskAwaiter`1.GetResult()
   en CapaDatos.Services.EmailQueueProcessor.<ProcessQueueAsync>d__10.MoveNext() en C:\AOCR\AOCR\AOCR05-01-2026\AOCR1\AOCR\CapaDatos\Services\EmailQueueService.cs:línea 332
2026-01-31 09:36:32.372 | ERROR | CID:N/A | ERR:EMAIL_QUEUE_ERROR | Error de configuración de base de datos.
    Exception: DataAccessException
    StackTrace:    en CapaDatos.Infrastructure.BaseDAO.ExecuteWithConnection[T](Func`2 action) en C:\AOCR\AOCR\AOCR05-01-2026\AOCR1\AOCR\CapaDatos\Infrastructure\BaseDAO.cs:línea 68
   en CapaDatos.Services.EmailQueueService.<ObtenerSiguienteAsync>d__5.MoveNext() en C:\AOCR\AOCR\AOCR05-01-2026\AOCR1\AOCR\CapaDatos\Services\EmailQueueService.cs:línea 136
--- Fin del seguimiento de la pila de la ubicación anterior donde se produjo la excepción ---
   en System.Runtime.ExceptionServices.ExceptionDispatchInfo.Throw()
   en System.Runtime.CompilerServices.TaskAwaiter.HandleNonSuccessAndDebuggerNotification(Task task)
   en System.Runtime.CompilerServices.TaskAwaiter`1.GetResult()
   en CapaDatos.Services.EmailQueueProcessor.<ProcessQueueAsync>d__10.MoveNext() en C:\AOCR\AOCR\AOCR05-01-2026\AOCR1\AOCR\CapaDatos\Services\EmailQueueService.cs:línea 332
2026-01-31 09:37:02.425 | ERROR | CID:N/A | ERR:EMAIL_QUEUE_ERROR | Error de configuración de base de datos.
    Exception: DataAccessException
    StackTrace:    en CapaDatos.Infrastructure.BaseDAO.ExecuteWithConnection[T](Func`2 action) en C:\AOCR\AOCR\AOCR05-01-2026\AOCR1\AOCR\CapaDatos\Infrastructure\BaseDAO.cs:línea 68
   en CapaDatos.Services.EmailQueueService.<ObtenerSiguienteAsync>d__5.MoveNext() en C:\AOCR\AOCR\AOCR05-01-2026\AOCR1\AOCR\CapaDatos\Services\EmailQueueService.cs:línea 136
--- Fin del seguimiento de la pila de la ubicación anterior donde se produjo la excepción ---
   en System.Runtime.ExceptionServices.ExceptionDispatchInfo.Throw()
   en System.Runtime.CompilerServices.TaskAwaiter.HandleNonSuccessAndDebuggerNotification(Task task)
   en System.Runtime.CompilerServices.TaskAwaiter`1.GetResult()
   en CapaDatos.Services.EmailQueueProcessor.<ProcessQueueAsync>d__10.MoveNext() en C:\AOCR\AOCR\AOCR05-01-2026\AOCR1\AOCR\CapaDatos\Services\EmailQueueService.cs:línea 332
2026-01-31 09:37:32.480 | ERROR | CID:N/A | ERR:EMAIL_QUEUE_ERROR | Error de configuración de base de datos.
    Exception: DataAccessException
    StackTrace:    en CapaDatos.Infrastructure.BaseDAO.ExecuteWithConnection[T](Func`2 action) en C:\AOCR\AOCR\AOCR05-01-2026\AOCR1\AOCR\CapaDatos\Infrastructure\BaseDAO.cs:línea 68
   en CapaDatos.Services.EmailQueueService.<ObtenerSiguienteAsync>d__5.MoveNext() en C:\AOCR\AOCR\AOCR05-01-2026\AOCR1\AOCR\CapaDatos\Services\EmailQueueService.cs:línea 136
--- Fin del seguimiento de la pila de la ubicación anterior donde se produjo la excepción ---
   en System.Runtime.ExceptionServices.ExceptionDispatchInfo.Throw()
   en System.Runtime.CompilerServices.TaskAwaiter.HandleNonSuccessAndDebuggerNotification(Task task)
   en System.Runtime.CompilerServices.TaskAwaiter`1.GetResult()
   en CapaDatos.Services.EmailQueueProcessor.<ProcessQueueAsync>d__10.MoveNext() en C:\AOCR\AOCR\AOCR05-01-2026\AOCR1\AOCR\CapaDatos\Services\EmailQueueService.cs:línea 332
2026-01-31 09:38:02.544 | ERROR | CID:N/A | ERR:EMAIL_QUEUE_ERROR | Error de configuración de base de datos.
    Exception: DataAccessException
    StackTrace:    en CapaDatos.Infrastructure.BaseDAO.ExecuteWithConnection[T](Func`2 action) en C:\AOCR\AOCR\AOCR05-01-2026\AOCR1\AOCR\CapaDatos\Infrastructure\BaseDAO.cs:línea 68
   en CapaDatos.Services.EmailQueueService.<ObtenerSiguienteAsync>d__5.MoveNext() en C:\AOCR\AOCR\AOCR05-01-2026\AOCR1\AOCR\CapaDatos\Services\EmailQueueService.cs:línea 136
--- Fin del seguimiento de la pila de la ubicación anterior donde se produjo la excepción ---
   en System.Runtime.ExceptionServices.ExceptionDispatchInfo.Throw()
   en System.Runtime.CompilerServices.TaskAwaiter.HandleNonSuccessAndDebuggerNotification(Task task)
   en System.Runtime.CompilerServices.TaskAwaiter`1.GetResult()
   en CapaDatos.Services.EmailQueueProcessor.<ProcessQueueAsync>d__10.MoveNext() en C:\AOCR\AOCR\AOCR05-01-2026\AOCR1\AOCR\CapaDatos\Services\EmailQueueService.cs:línea 332
2026-01-31 09:38:32.588 | ERROR | CID:N/A | ERR:EMAIL_QUEUE_ERROR | Error de configuración de base de datos.
    Exception: DataAccessException
    StackTrace:    en CapaDatos.Infrastructure.BaseDAO.ExecuteWithConnection[T](Func`2 action) en C:\AOCR\AOCR\AOCR05-01-2026\AOCR1\AOCR\CapaDatos\Infrastructure\BaseDAO.cs:línea 68
   en CapaDatos.Services.EmailQueueService.<ObtenerSiguienteAsync>d__5.MoveNext() en C:\AOCR\AOCR\AOCR05-01-2026\AOCR1\AOCR\CapaDatos\Services\EmailQueueService.cs:línea 136
--- Fin del seguimiento de la pila de la ubicación anterior donde se produjo la excepción ---
   en System.Runtime.ExceptionServices.ExceptionDispatchInfo.Throw()
   en System.Runtime.CompilerServices.TaskAwaiter.HandleNonSuccessAndDebuggerNotification(Task task)
   en System.Runtime.CompilerServices.TaskAwaiter`1.GetResult()
   en CapaDatos.Services.EmailQueueProcessor.<ProcessQueueAsync>d__10.MoveNext() en C:\AOCR\AOCR\AOCR05-01-2026\AOCR1\AOCR\CapaDatos\Services\EmailQueueService.cs:línea 332
2026-01-31 09:39:02.657 | ERROR | CID:N/A | ERR:EMAIL_QUEUE_ERROR | Error de configuración de base de datos.
    Exception: DataAccessException
    StackTrace:    en CapaDatos.Infrastructure.BaseDAO.ExecuteWithConnection[T](Func`2 action) en C:\AOCR\AOCR\AOCR05-01-2026\AOCR1\AOCR\CapaDatos\Infrastructure\BaseDAO.cs:línea 68
   en CapaDatos.Services.EmailQueueService.<ObtenerSiguienteAsync>d__5.MoveNext() en C:\AOCR\AOCR\AOCR05-01-2026\AOCR1\AOCR\CapaDatos\Services\EmailQueueService.cs:línea 136
--- Fin del seguimiento de la pila de la ubicación anterior donde se produjo la excepción ---
   en System.Runtime.ExceptionServices.ExceptionDispatchInfo.Throw()
   en System.Runtime.CompilerServices.TaskAwaiter.HandleNonSuccessAndDebuggerNotification(Task task)
   en System.Runtime.CompilerServices.TaskAwaiter`1.GetResult()
   en CapaDatos.Services.EmailQueueProcessor.<ProcessQueueAsync>d__10.MoveNext() en C:\AOCR\AOCR\AOCR05-01-2026\AOCR1\AOCR\CapaDatos\Services\EmailQueueService.cs:línea 332
2026-01-31 09:39:32.727 | ERROR | CID:N/A | ERR:EMAIL_QUEUE_ERROR | Error de configuración de base de datos.
    Exception: DataAccessException
    StackTrace:    en CapaDatos.Infrastructure.BaseDAO.ExecuteWithConnection[T](Func`2 action) en C:\AOCR\AOCR\AOCR05-01-2026\AOCR1\AOCR\CapaDatos\Infrastructure\BaseDAO.cs:línea 68
   en CapaDatos.Services.EmailQueueService.<ObtenerSiguienteAsync>d__5.MoveNext() en C:\AOCR\AOCR\AOCR05-01-2026\AOCR1\AOCR\CapaDatos\Services\EmailQueueService.cs:línea 136
--- Fin del seguimiento de la pila de la ubicación anterior donde se produjo la excepción ---
   en System.Runtime.ExceptionServices.ExceptionDispatchInfo.Throw()
   en System.Runtime.CompilerServices.TaskAwaiter.HandleNonSuccessAndDebuggerNotification(Task task)
   en System.Runtime.CompilerServices.TaskAwaiter`1.GetResult()
   en CapaDatos.Services.EmailQueueProcessor.<ProcessQueueAsync>d__10.MoveNext() en C:\AOCR\AOCR\AOCR05-01-2026\AOCR1\AOCR\CapaDatos\Services\EmailQueueService.cs:línea 332
2026-01-31 09:40:02.780 | ERROR | CID:N/A | ERR:EMAIL_QUEUE_ERROR | Error de configuración de base de datos.
    Exception: DataAccessException
    StackTrace:    en CapaDatos.Infrastructure.BaseDAO.ExecuteWithConnection[T](Func`2 action) en C:\AOCR\AOCR\AOCR05-01-2026\AOCR1\AOCR\CapaDatos\Infrastructure\BaseDAO.cs:línea 68
   en CapaDatos.Services.EmailQueueService.<ObtenerSiguienteAsync>d__5.MoveNext() en C:\AOCR\AOCR\AOCR05-01-2026\AOCR1\AOCR\CapaDatos\Services\EmailQueueService.cs:línea 136
--- Fin del seguimiento de la pila de la ubicación anterior donde se produjo la excepción ---
   en System.Runtime.ExceptionServices.ExceptionDispatchInfo.Throw()
   en System.Runtime.CompilerServices.TaskAwaiter.HandleNonSuccessAndDebuggerNotification(Task task)
   en System.Runtime.CompilerServices.TaskAwaiter`1.GetResult()
   en CapaDatos.Services.EmailQueueProcessor.<ProcessQueueAsync>d__10.MoveNext() en C:\AOCR\AOCR\AOCR05-01-2026\AOCR1\AOCR\CapaDatos\Services\EmailQueueService.cs:línea 332
2026-01-31 09:40:32.841 | ERROR | CID:N/A | ERR:EMAIL_QUEUE_ERROR | Error de configuración de base de datos.
    Exception: DataAccessException
    StackTrace:    en CapaDatos.Infrastructure.BaseDAO.ExecuteWithConnection[T](Func`2 action) en C:\AOCR\AOCR\AOCR05-01-2026\AOCR1\AOCR\CapaDatos\Infrastructure\BaseDAO.cs:línea 68
   en CapaDatos.Services.EmailQueueService.<ObtenerSiguienteAsync>d__5.MoveNext() en C:\AOCR\AOCR\AOCR05-01-2026\AOCR1\AOCR\CapaDatos\Services\EmailQueueService.cs:línea 136
--- Fin del seguimiento de la pila de la ubicación anterior donde se produjo la excepción ---
   en System.Runtime.ExceptionServices.ExceptionDispatchInfo.Throw()
   en System.Runtime.CompilerServices.TaskAwaiter.HandleNonSuccessAndDebuggerNotification(Task task)
   en System.Runtime.CompilerServices.TaskAwaiter`1.GetResult()
   en CapaDatos.Services.EmailQueueProcessor.<ProcessQueueAsync>d__10.MoveNext() en C:\AOCR\AOCR\AOCR05-01-2026\AOCR1\AOCR\CapaDatos\Services\EmailQueueService.cs:línea 332
2026-01-31 09:41:02.900 | ERROR | CID:N/A | ERR:EMAIL_QUEUE_ERROR | Error de configuración de base de datos.
    Exception: DataAccessException
    StackTrace:    en CapaDatos.Infrastructure.BaseDAO.ExecuteWithConnection[T](Func`2 action) en C:\AOCR\AOCR\AOCR05-01-2026\AOCR1\AOCR\CapaDatos\Infrastructure\BaseDAO.cs:línea 68
   en CapaDatos.Services.EmailQueueService.<ObtenerSiguienteAsync>d__5.MoveNext() en C:\AOCR\AOCR\AOCR05-01-2026\AOCR1\AOCR\CapaDatos\Services\EmailQueueService.cs:línea 136
--- Fin del seguimiento de la pila de la ubicación anterior donde se produjo la excepción ---
   en System.Runtime.ExceptionServices.ExceptionDispatchInfo.Throw()
   en System.Runtime.CompilerServices.TaskAwaiter.HandleNonSuccessAndDebuggerNotification(Task task)
   en System.Runtime.CompilerServices.TaskAwaiter`1.GetResult()
   en CapaDatos.Services.EmailQueueProcessor.<ProcessQueueAsync>d__10.MoveNext() en C:\AOCR\AOCR\AOCR05-01-2026\AOCR1\AOCR\CapaDatos\Services\EmailQueueService.cs:línea 332
2026-01-31 09:41:32.956 | ERROR | CID:N/A | ERR:EMAIL_QUEUE_ERROR | Error de configuración de base de datos.
    Exception: DataAccessException
    StackTrace:    en CapaDatos.Infrastructure.BaseDAO.ExecuteWithConnection[T](Func`2 action) en C:\AOCR\AOCR\AOCR05-01-2026\AOCR1\AOCR\CapaDatos\Infrastructure\BaseDAO.cs:línea 68
   en CapaDatos.Services.EmailQueueService.<ObtenerSiguienteAsync>d__5.MoveNext() en C:\AOCR\AOCR\AOCR05-01-2026\AOCR1\AOCR\CapaDatos\Services\EmailQueueService.cs:línea 136
--- Fin del seguimiento de la pila de la ubicación anterior donde se produjo la excepción ---
   en System.Runtime.ExceptionServices.ExceptionDispatchInfo.Throw()
   en System.Runtime.CompilerServices.TaskAwaiter.HandleNonSuccessAndDebuggerNotification(Task task)
   en System.Runtime.CompilerServices.TaskAwaiter`1.GetResult()
   en CapaDatos.Services.EmailQueueProcessor.<ProcessQueueAsync>d__10.MoveNext() en C:\AOCR\AOCR\AOCR05-01-2026\AOCR1\AOCR\CapaDatos\Services\EmailQueueService.cs:línea 332
2026-01-31 09:42:03.005 | ERROR | CID:N/A | ERR:EMAIL_QUEUE_ERROR | Error de configuración de base de datos.
    Exception: DataAccessException
    StackTrace:    en CapaDatos.Infrastructure.BaseDAO.ExecuteWithConnection[T](Func`2 action) en C:\AOCR\AOCR\AOCR05-01-2026\AOCR1\AOCR\CapaDatos\Infrastructure\BaseDAO.cs:línea 68
   en CapaDatos.Services.EmailQueueService.<ObtenerSiguienteAsync>d__5.MoveNext() en C:\AOCR\AOCR\AOCR05-01-2026\AOCR1\AOCR\CapaDatos\Services\EmailQueueService.cs:línea 136
--- Fin del seguimiento de la pila de la ubicación anterior donde se produjo la excepción ---
   en System.Runtime.ExceptionServices.ExceptionDispatchInfo.Throw()
   en System.Runtime.CompilerServices.TaskAwaiter.HandleNonSuccessAndDebuggerNotification(Task task)
   en System.Runtime.CompilerServices.TaskAwaiter`1.GetResult()
   en CapaDatos.Services.EmailQueueProcessor.<ProcessQueueAsync>d__10.MoveNext() en C:\AOCR\AOCR\AOCR05-01-2026\AOCR1\AOCR\CapaDatos\Services\EmailQueueService.cs:línea 332
2026-01-31 09:42:33.050 | ERROR | CID:N/A | ERR:EMAIL_QUEUE_ERROR | Error de configuración de base de datos.
    Exception: DataAccessException
    StackTrace:    en CapaDatos.Infrastructure.BaseDAO.ExecuteWithConnection[T](Func`2 action) en C:\AOCR\AOCR\AOCR05-01-2026\AOCR1\AOCR\CapaDatos\Infrastructure\BaseDAO.cs:línea 68
   en CapaDatos.Services.EmailQueueService.<ObtenerSiguienteAsync>d__5.MoveNext() en C:\AOCR\AOCR\AOCR05-01-2026\AOCR1\AOCR\CapaDatos\Services\EmailQueueService.cs:línea 136
--- Fin del seguimiento de la pila de la ubicación anterior donde se produjo la excepción ---
   en System.Runtime.ExceptionServices.ExceptionDispatchInfo.Throw()
   en System.Runtime.CompilerServices.TaskAwaiter.HandleNonSuccessAndDebuggerNotification(Task task)
   en System.Runtime.CompilerServices.TaskAwaiter`1.GetResult()
   en CapaDatos.Services.EmailQueueProcessor.<ProcessQueueAsync>d__10.MoveNext() en C:\AOCR\AOCR\AOCR05-01-2026\AOCR1\AOCR\CapaDatos\Services\EmailQueueService.cs:línea 332
2026-01-31 09:43:03.110 | ERROR | CID:N/A | ERR:EMAIL_QUEUE_ERROR | Error de configuración de base de datos.
    Exception: DataAccessException
    StackTrace:    en CapaDatos.Infrastructure.BaseDAO.ExecuteWithConnection[T](Func`2 action) en C:\AOCR\AOCR\AOCR05-01-2026\AOCR1\AOCR\CapaDatos\Infrastructure\BaseDAO.cs:línea 68
   en CapaDatos.Services.EmailQueueService.<ObtenerSiguienteAsync>d__5.MoveNext() en C:\AOCR\AOCR\AOCR05-01-2026\AOCR1\AOCR\CapaDatos\Services\EmailQueueService.cs:línea 136
--- Fin del seguimiento de la pila de la ubicación anterior donde se produjo la excepción ---
   en System.Runtime.ExceptionServices.ExceptionDispatchInfo.Throw()
   en System.Runtime.CompilerServices.TaskAwaiter.HandleNonSuccessAndDebuggerNotification(Task task)
   en System.Runtime.CompilerServices.TaskAwaiter`1.GetResult()
   en CapaDatos.Services.EmailQueueProcessor.<ProcessQueueAsync>d__10.MoveNext() en C:\AOCR\AOCR\AOCR05-01-2026\AOCR1\AOCR\CapaDatos\Services\EmailQueueService.cs:línea 332
2026-01-31 09:43:33.163 | ERROR | CID:N/A | ERR:EMAIL_QUEUE_ERROR | Error de configuración de base de datos.
    Exception: DataAccessException
    StackTrace:    en CapaDatos.Infrastructure.BaseDAO.ExecuteWithConnection[T](Func`2 action) en C:\AOCR\AOCR\AOCR05-01-2026\AOCR1\AOCR\CapaDatos\Infrastructure\BaseDAO.cs:línea 68
   en CapaDatos.Services.EmailQueueService.<ObtenerSiguienteAsync>d__5.MoveNext() en C:\AOCR\AOCR\AOCR05-01-2026\AOCR1\AOCR\CapaDatos\Services\EmailQueueService.cs:línea 136
--- Fin del seguimiento de la pila de la ubicación anterior donde se produjo la excepción ---
   en System.Runtime.ExceptionServices.ExceptionDispatchInfo.Throw()
   en System.Runtime.CompilerServices.TaskAwaiter.HandleNonSuccessAndDebuggerNotification(Task task)
   en System.Runtime.CompilerServices.TaskAwaiter`1.GetResult()
   en CapaDatos.Services.EmailQueueProcessor.<ProcessQueueAsync>d__10.MoveNext() en C:\AOCR\AOCR\AOCR05-01-2026\AOCR1\AOCR\CapaDatos\Services\EmailQueueService.cs:línea 332
2026-01-31 09:44:03.214 | ERROR | CID:N/A | ERR:EMAIL_QUEUE_ERROR | Error de configuración de base de datos.
    Exception: DataAccessException
    StackTrace:    en CapaDatos.Infrastructure.BaseDAO.ExecuteWithConnection[T](Func`2 action) en C:\AOCR\AOCR\AOCR05-01-2026\AOCR1\AOCR\CapaDatos\Infrastructure\BaseDAO.cs:línea 68
   en CapaDatos.Services.EmailQueueService.<ObtenerSiguienteAsync>d__5.MoveNext() en C:\AOCR\AOCR\AOCR05-01-2026\AOCR1\AOCR\CapaDatos\Services\EmailQueueService.cs:línea 136
--- Fin del seguimiento de la pila de la ubicación anterior donde se produjo la excepción ---
   en System.Runtime.ExceptionServices.ExceptionDispatchInfo.Throw()
   en System.Runtime.CompilerServices.TaskAwaiter.HandleNonSuccessAndDebuggerNotification(Task task)
   en System.Runtime.CompilerServices.TaskAwaiter`1.GetResult()
   en CapaDatos.Services.EmailQueueProcessor.<ProcessQueueAsync>d__10.MoveNext() en C:\AOCR\AOCR\AOCR05-01-2026\AOCR1\AOCR\CapaDatos\Services\EmailQueueService.cs:línea 332
2026-01-31 09:44:33.268 | ERROR | CID:N/A | ERR:EMAIL_QUEUE_ERROR | Error de configuración de base de datos.
    Exception: DataAccessException
    StackTrace:    en CapaDatos.Infrastructure.BaseDAO.ExecuteWithConnection[T](Func`2 action) en C:\AOCR\AOCR\AOCR05-01-2026\AOCR1\AOCR\CapaDatos\Infrastructure\BaseDAO.cs:línea 68
   en CapaDatos.Services.EmailQueueService.<ObtenerSiguienteAsync>d__5.MoveNext() en C:\AOCR\AOCR\AOCR05-01-2026\AOCR1\AOCR\CapaDatos\Services\EmailQueueService.cs:línea 136
--- Fin del seguimiento de la pila de la ubicación anterior donde se produjo la excepción ---
   en System.Runtime.ExceptionServices.ExceptionDispatchInfo.Throw()
   en System.Runtime.CompilerServices.TaskAwaiter.HandleNonSuccessAndDebuggerNotification(Task task)
   en System.Runtime.CompilerServices.TaskAwaiter`1.GetResult()
   en CapaDatos.Services.EmailQueueProcessor.<ProcessQueueAsync>d__10.MoveNext() en C:\AOCR\AOCR\AOCR05-01-2026\AOCR1\AOCR\CapaDatos\Services\EmailQueueService.cs:línea 332
2026-01-31 09:45:03.320 | ERROR | CID:N/A | ERR:EMAIL_QUEUE_ERROR | Error de configuración de base de datos.
    Exception: DataAccessException
    StackTrace:    en CapaDatos.Infrastructure.BaseDAO.ExecuteWithConnection[T](Func`2 action) en C:\AOCR\AOCR\AOCR05-01-2026\AOCR1\AOCR\CapaDatos\Infrastructure\BaseDAO.cs:línea 68
   en CapaDatos.Services.EmailQueueService.<ObtenerSiguienteAsync>d__5.MoveNext() en C:\AOCR\AOCR\AOCR05-01-2026\AOCR1\AOCR\CapaDatos\Services\EmailQueueService.cs:línea 136
--- Fin del seguimiento de la pila de la ubicación anterior donde se produjo la excepción ---
   en System.Runtime.ExceptionServices.ExceptionDispatchInfo.Throw()
   en System.Runtime.CompilerServices.TaskAwaiter.HandleNonSuccessAndDebuggerNotification(Task task)
   en System.Runtime.CompilerServices.TaskAwaiter`1.GetResult()
   en CapaDatos.Services.EmailQueueProcessor.<ProcessQueueAsync>d__10.MoveNext() en C:\AOCR\AOCR\AOCR05-01-2026\AOCR1\AOCR\CapaDatos\Services\EmailQueueService.cs:línea 332
2026-01-31 09:45:33.374 | ERROR | CID:N/A | ERR:EMAIL_QUEUE_ERROR | Error de configuración de base de datos.
    Exception: DataAccessException
    StackTrace:    en CapaDatos.Infrastructure.BaseDAO.ExecuteWithConnection[T](Func`2 action) en C:\AOCR\AOCR\AOCR05-01-2026\AOCR1\AOCR\CapaDatos\Infrastructure\BaseDAO.cs:línea 68
   en CapaDatos.Services.EmailQueueService.<ObtenerSiguienteAsync>d__5.MoveNext() en C:\AOCR\AOCR\AOCR05-01-2026\AOCR1\AOCR\CapaDatos\Services\EmailQueueService.cs:línea 136
--- Fin del seguimiento de la pila de la ubicación anterior donde se produjo la excepción ---
   en System.Runtime.ExceptionServices.ExceptionDispatchInfo.Throw()
   en System.Runtime.CompilerServices.TaskAwaiter.HandleNonSuccessAndDebuggerNotification(Task task)
   en System.Runtime.CompilerServices.TaskAwaiter`1.GetResult()
   en CapaDatos.Services.EmailQueueProcessor.<ProcessQueueAsync>d__10.MoveNext() en C:\AOCR\AOCR\AOCR05-01-2026\AOCR1\AOCR\CapaDatos\Services\EmailQueueService.cs:línea 332
2026-01-31 09:46:03.424 | ERROR | CID:N/A | ERR:EMAIL_QUEUE_ERROR | Error de configuración de base de datos.
    Exception: DataAccessException
    StackTrace:    en CapaDatos.Infrastructure.BaseDAO.ExecuteWithConnection[T](Func`2 action) en C:\AOCR\AOCR\AOCR05-01-2026\AOCR1\AOCR\CapaDatos\Infrastructure\BaseDAO.cs:línea 68
   en CapaDatos.Services.EmailQueueService.<ObtenerSiguienteAsync>d__5.MoveNext() en C:\AOCR\AOCR\AOCR05-01-2026\AOCR1\AOCR\CapaDatos\Services\EmailQueueService.cs:línea 136
--- Fin del seguimiento de la pila de la ubicación anterior donde se produjo la excepción ---
   en System.Runtime.ExceptionServices.ExceptionDispatchInfo.Throw()
   en System.Runtime.CompilerServices.TaskAwaiter.HandleNonSuccessAndDebuggerNotification(Task task)
   en System.Runtime.CompilerServices.TaskAwaiter`1.GetResult()
   en CapaDatos.Services.EmailQueueProcessor.<ProcessQueueAsync>d__10.MoveNext() en C:\AOCR\AOCR\AOCR05-01-2026\AOCR1\AOCR\CapaDatos\Services\EmailQueueService.cs:línea 332
2026-01-31 09:46:33.468 | ERROR | CID:N/A | ERR:EMAIL_QUEUE_ERROR | Error de configuración de base de datos.
    Exception: DataAccessException
    StackTrace:    en CapaDatos.Infrastructure.BaseDAO.ExecuteWithConnection[T](Func`2 action) en C:\AOCR\AOCR\AOCR05-01-2026\AOCR1\AOCR\CapaDatos\Infrastructure\BaseDAO.cs:línea 68
   en CapaDatos.Services.EmailQueueService.<ObtenerSiguienteAsync>d__5.MoveNext() en C:\AOCR\AOCR\AOCR05-01-2026\AOCR1\AOCR\CapaDatos\Services\EmailQueueService.cs:línea 136
--- Fin del seguimiento de la pila de la ubicación anterior donde se produjo la excepción ---
   en System.Runtime.ExceptionServices.ExceptionDispatchInfo.Throw()
   en System.Runtime.CompilerServices.TaskAwaiter.HandleNonSuccessAndDebuggerNotification(Task task)
   en System.Runtime.CompilerServices.TaskAwaiter`1.GetResult()
   en CapaDatos.Services.EmailQueueProcessor.<ProcessQueueAsync>d__10.MoveNext() en C:\AOCR\AOCR\AOCR05-01-2026\AOCR1\AOCR\CapaDatos\Services\EmailQueueService.cs:línea 332
2026-01-31 09:47:03.542 | ERROR | CID:N/A | ERR:EMAIL_QUEUE_ERROR | Error de configuración de base de datos.
    Exception: DataAccessException
    StackTrace:    en CapaDatos.Infrastructure.BaseDAO.ExecuteWithConnection[T](Func`2 action) en C:\AOCR\AOCR\AOCR05-01-2026\AOCR1\AOCR\CapaDatos\Infrastructure\BaseDAO.cs:línea 68
   en CapaDatos.Services.EmailQueueService.<ObtenerSiguienteAsync>d__5.MoveNext() en C:\AOCR\AOCR\AOCR05-01-2026\AOCR1\AOCR\CapaDatos\Services\EmailQueueService.cs:línea 136
--- Fin del seguimiento de la pila de la ubicación anterior donde se produjo la excepción ---
   en System.Runtime.ExceptionServices.ExceptionDispatchInfo.Throw()
   en System.Runtime.CompilerServices.TaskAwaiter.HandleNonSuccessAndDebuggerNotification(Task task)
   en System.Runtime.CompilerServices.TaskAwaiter`1.GetResult()
   en CapaDatos.Services.EmailQueueProcessor.<ProcessQueueAsync>d__10.MoveNext() en C:\AOCR\AOCR\AOCR05-01-2026\AOCR1\AOCR\CapaDatos\Services\EmailQueueService.cs:línea 332
2026-01-31 09:47:33.588 | ERROR | CID:N/A | ERR:EMAIL_QUEUE_ERROR | Error de configuración de base de datos.
    Exception: DataAccessException
    StackTrace:    en CapaDatos.Infrastructure.BaseDAO.ExecuteWithConnection[T](Func`2 action) en C:\AOCR\AOCR\AOCR05-01-2026\AOCR1\AOCR\CapaDatos\Infrastructure\BaseDAO.cs:línea 68
   en CapaDatos.Services.EmailQueueService.<ObtenerSiguienteAsync>d__5.MoveNext() en C:\AOCR\AOCR\AOCR05-01-2026\AOCR1\AOCR\CapaDatos\Services\EmailQueueService.cs:línea 136
--- Fin del seguimiento de la pila de la ubicación anterior donde se produjo la excepción ---
   en System.Runtime.ExceptionServices.ExceptionDispatchInfo.Throw()
   en System.Runtime.CompilerServices.TaskAwaiter.HandleNonSuccessAndDebuggerNotification(Task task)
   en System.Runtime.CompilerServices.TaskAwaiter`1.GetResult()
   en CapaDatos.Services.EmailQueueProcessor.<ProcessQueueAsync>d__10.MoveNext() en C:\AOCR\AOCR\AOCR05-01-2026\AOCR1\AOCR\CapaDatos\Services\EmailQueueService.cs:línea 332
2026-01-31 09:48:03.636 | ERROR | CID:N/A | ERR:EMAIL_QUEUE_ERROR | Error de configuración de base de datos.
    Exception: DataAccessException
    StackTrace:    en CapaDatos.Infrastructure.BaseDAO.ExecuteWithConnection[T](Func`2 action) en C:\AOCR\AOCR\AOCR05-01-2026\AOCR1\AOCR\CapaDatos\Infrastructure\BaseDAO.cs:línea 68
   en CapaDatos.Services.EmailQueueService.<ObtenerSiguienteAsync>d__5.MoveNext() en C:\AOCR\AOCR\AOCR05-01-2026\AOCR1\AOCR\CapaDatos\Services\EmailQueueService.cs:línea 136
--- Fin del seguimiento de la pila de la ubicación anterior donde se produjo la excepción ---
   en System.Runtime.ExceptionServices.ExceptionDispatchInfo.Throw()
   en System.Runtime.CompilerServices.TaskAwaiter.HandleNonSuccessAndDebuggerNotification(Task task)
   en System.Runtime.CompilerServices.TaskAwaiter`1.GetResult()
   en CapaDatos.Services.EmailQueueProcessor.<ProcessQueueAsync>d__10.MoveNext() en C:\AOCR\AOCR\AOCR05-01-2026\AOCR1\AOCR\CapaDatos\Services\EmailQueueService.cs:línea 332
2026-01-31 09:48:33.703 | ERROR | CID:N/A | ERR:EMAIL_QUEUE_ERROR | Error de configuración de base de datos.
    Exception: DataAccessException
    StackTrace:    en CapaDatos.Infrastructure.BaseDAO.ExecuteWithConnection[T](Func`2 action) en C:\AOCR\AOCR\AOCR05-01-2026\AOCR1\AOCR\CapaDatos\Infrastructure\BaseDAO.cs:línea 68
   en CapaDatos.Services.EmailQueueService.<ObtenerSiguienteAsync>d__5.MoveNext() en C:\AOCR\AOCR\AOCR05-01-2026\AOCR1\AOCR\CapaDatos\Services\EmailQueueService.cs:línea 136
--- Fin del seguimiento de la pila de la ubicación anterior donde se produjo la excepción ---
   en System.Runtime.ExceptionServices.ExceptionDispatchInfo.Throw()
   en System.Runtime.CompilerServices.TaskAwaiter.HandleNonSuccessAndDebuggerNotification(Task task)
   en System.Runtime.CompilerServices.TaskAwaiter`1.GetResult()
   en CapaDatos.Services.EmailQueueProcessor.<ProcessQueueAsync>d__10.MoveNext() en C:\AOCR\AOCR\AOCR05-01-2026\AOCR1\AOCR\CapaDatos\Services\EmailQueueService.cs:línea 332
2026-01-31 09:49:03.765 | ERROR | CID:N/A | ERR:EMAIL_QUEUE_ERROR | Error de configuración de base de datos.
    Exception: DataAccessException
    StackTrace:    en CapaDatos.Infrastructure.BaseDAO.ExecuteWithConnection[T](Func`2 action) en C:\AOCR\AOCR\AOCR05-01-2026\AOCR1\AOCR\CapaDatos\Infrastructure\BaseDAO.cs:línea 68
   en CapaDatos.Services.EmailQueueService.<ObtenerSiguienteAsync>d__5.MoveNext() en C:\AOCR\AOCR\AOCR05-01-2026\AOCR1\AOCR\CapaDatos\Services\EmailQueueService.cs:línea 136
--- Fin del seguimiento de la pila de la ubicación anterior donde se produjo la excepción ---
   en System.Runtime.ExceptionServices.ExceptionDispatchInfo.Throw()
   en System.Runtime.CompilerServices.TaskAwaiter.HandleNonSuccessAndDebuggerNotification(Task task)
   en System.Runtime.CompilerServices.TaskAwaiter`1.GetResult()
   en CapaDatos.Services.EmailQueueProcessor.<ProcessQueueAsync>d__10.MoveNext() en C:\AOCR\AOCR\AOCR05-01-2026\AOCR1\AOCR\CapaDatos\Services\EmailQueueService.cs:línea 332
2026-01-31 09:49:33.829 | ERROR | CID:N/A | ERR:EMAIL_QUEUE_ERROR | Error de configuración de base de datos.
    Exception: DataAccessException
    StackTrace:    en CapaDatos.Infrastructure.BaseDAO.ExecuteWithConnection[T](Func`2 action) en C:\AOCR\AOCR\AOCR05-01-2026\AOCR1\AOCR\CapaDatos\Infrastructure\BaseDAO.cs:línea 68
   en CapaDatos.Services.EmailQueueService.<ObtenerSiguienteAsync>d__5.MoveNext() en C:\AOCR\AOCR\AOCR05-01-2026\AOCR1\AOCR\CapaDatos\Services\EmailQueueService.cs:línea 136
--- Fin del seguimiento de la pila de la ubicación anterior donde se produjo la excepción ---
   en System.Runtime.ExceptionServices.ExceptionDispatchInfo.Throw()
   en System.Runtime.CompilerServices.TaskAwaiter.HandleNonSuccessAndDebuggerNotification(Task task)
   en System.Runtime.CompilerServices.TaskAwaiter`1.GetResult()
   en CapaDatos.Services.EmailQueueProcessor.<ProcessQueueAsync>d__10.MoveNext() en C:\AOCR\AOCR\AOCR05-01-2026\AOCR1\AOCR\CapaDatos\Services\EmailQueueService.cs:línea 332
2026-01-31 09:50:03.885 | ERROR | CID:N/A | ERR:EMAIL_QUEUE_ERROR | Error de configuración de base de datos.
    Exception: DataAccessException
    StackTrace:    en CapaDatos.Infrastructure.BaseDAO.ExecuteWithConnection[T](Func`2 action) en C:\AOCR\AOCR\AOCR05-01-2026\AOCR1\AOCR\CapaDatos\Infrastructure\BaseDAO.cs:línea 68
   en CapaDatos.Services.EmailQueueService.<ObtenerSiguienteAsync>d__5.MoveNext() en C:\AOCR\AOCR\AOCR05-01-2026\AOCR1\AOCR\CapaDatos\Services\EmailQueueService.cs:línea 136
--- Fin del seguimiento de la pila de la ubicación anterior donde se produjo la excepción ---
   en System.Runtime.ExceptionServices.ExceptionDispatchInfo.Throw()
   en System.Runtime.CompilerServices.TaskAwaiter.HandleNonSuccessAndDebuggerNotification(Task task)
   en System.Runtime.CompilerServices.TaskAwaiter`1.GetResult()
   en CapaDatos.Services.EmailQueueProcessor.<ProcessQueueAsync>d__10.MoveNext() en C:\AOCR\AOCR\AOCR05-01-2026\AOCR1\AOCR\CapaDatos\Services\EmailQueueService.cs:línea 332
2026-01-31 09:50:33.938 | ERROR | CID:N/A | ERR:EMAIL_QUEUE_ERROR | Error de configuración de base de datos.
    Exception: DataAccessException
    StackTrace:    en CapaDatos.Infrastructure.BaseDAO.ExecuteWithConnection[T](Func`2 action) en C:\AOCR\AOCR\AOCR05-01-2026\AOCR1\AOCR\CapaDatos\Infrastructure\BaseDAO.cs:línea 68
   en CapaDatos.Services.EmailQueueService.<ObtenerSiguienteAsync>d__5.MoveNext() en C:\AOCR\AOCR\AOCR05-01-2026\AOCR1\AOCR\CapaDatos\Services\EmailQueueService.cs:línea 136
--- Fin del seguimiento de la pila de la ubicación anterior donde se produjo la excepción ---
   en System.Runtime.ExceptionServices.ExceptionDispatchInfo.Throw()
   en System.Runtime.CompilerServices.TaskAwaiter.HandleNonSuccessAndDebuggerNotification(Task task)
   en System.Runtime.CompilerServices.TaskAwaiter`1.GetResult()
   en CapaDatos.Services.EmailQueueProcessor.<ProcessQueueAsync>d__10.MoveNext() en C:\AOCR\AOCR\AOCR05-01-2026\AOCR1\AOCR\CapaDatos\Services\EmailQueueService.cs:línea 332
2026-01-31 09:51:03.995 | ERROR | CID:N/A | ERR:EMAIL_QUEUE_ERROR | Error de configuración de base de datos.
    Exception: DataAccessException
    StackTrace:    en CapaDatos.Infrastructure.BaseDAO.ExecuteWithConnection[T](Func`2 action) en C:\AOCR\AOCR\AOCR05-01-2026\AOCR1\AOCR\CapaDatos\Infrastructure\BaseDAO.cs:línea 68
   en CapaDatos.Services.EmailQueueService.<ObtenerSiguienteAsync>d__5.MoveNext() en C:\AOCR\AOCR\AOCR05-01-2026\AOCR1\AOCR\CapaDatos\Services\EmailQueueService.cs:línea 136
--- Fin del seguimiento de la pila de la ubicación anterior donde se produjo la excepción ---
   en System.Runtime.ExceptionServices.ExceptionDispatchInfo.Throw()
   en System.Runtime.CompilerServices.TaskAwaiter.HandleNonSuccessAndDebuggerNotification(Task task)
   en System.Runtime.CompilerServices.TaskAwaiter`1.GetResult()
   en CapaDatos.Services.EmailQueueProcessor.<ProcessQueueAsync>d__10.MoveNext() en C:\AOCR\AOCR\AOCR05-01-2026\AOCR1\AOCR\CapaDatos\Services\EmailQueueService.cs:línea 332
2026-01-31 09:51:34.043 | ERROR | CID:N/A | ERR:EMAIL_QUEUE_ERROR | Error de configuración de base de datos.
    Exception: DataAccessException
    StackTrace:    en CapaDatos.Infrastructure.BaseDAO.ExecuteWithConnection[T](Func`2 action) en C:\AOCR\AOCR\AOCR05-01-2026\AOCR1\AOCR\CapaDatos\Infrastructure\BaseDAO.cs:línea 68
   en CapaDatos.Services.EmailQueueService.<ObtenerSiguienteAsync>d__5.MoveNext() en C:\AOCR\AOCR\AOCR05-01-2026\AOCR1\AOCR\CapaDatos\Services\EmailQueueService.cs:línea 136
--- Fin del seguimiento de la pila de la ubicación anterior donde se produjo la excepción ---
   en System.Runtime.ExceptionServices.ExceptionDispatchInfo.Throw()
   en System.Runtime.CompilerServices.TaskAwaiter.HandleNonSuccessAndDebuggerNotification(Task task)
   en System.Runtime.CompilerServices.TaskAwaiter`1.GetResult()
   en CapaDatos.Services.EmailQueueProcessor.<ProcessQueueAsync>d__10.MoveNext() en C:\AOCR\AOCR\AOCR05-01-2026\AOCR1\AOCR\CapaDatos\Services\EmailQueueService.cs:línea 332
2026-01-31 09:52:04.093 | ERROR | CID:N/A | ERR:EMAIL_QUEUE_ERROR | Error de configuración de base de datos.
    Exception: DataAccessException
    StackTrace:    en CapaDatos.Infrastructure.BaseDAO.ExecuteWithConnection[T](Func`2 action) en C:\AOCR\AOCR\AOCR05-01-2026\AOCR1\AOCR\CapaDatos\Infrastructure\BaseDAO.cs:línea 68
   en CapaDatos.Services.EmailQueueService.<ObtenerSiguienteAsync>d__5.MoveNext() en C:\AOCR\AOCR\AOCR05-01-2026\AOCR1\AOCR\CapaDatos\Services\EmailQueueService.cs:línea 136
--- Fin del seguimiento de la pila de la ubicación anterior donde se produjo la excepción ---
   en System.Runtime.ExceptionServices.ExceptionDispatchInfo.Throw()
   en System.Runtime.CompilerServices.TaskAwaiter.HandleNonSuccessAndDebuggerNotification(Task task)
   en System.Runtime.CompilerServices.TaskAwaiter`1.GetResult()
   en CapaDatos.Services.EmailQueueProcessor.<ProcessQueueAsync>d__10.MoveNext() en C:\AOCR\AOCR\AOCR05-01-2026\AOCR1\AOCR\CapaDatos\Services\EmailQueueService.cs:línea 332
2026-01-31 09:52:34.137 | ERROR | CID:N/A | ERR:EMAIL_QUEUE_ERROR | Error de configuración de base de datos.
    Exception: DataAccessException
    StackTrace:    en CapaDatos.Infrastructure.BaseDAO.ExecuteWithConnection[T](Func`2 action) en C:\AOCR\AOCR\AOCR05-01-2026\AOCR1\AOCR\CapaDatos\Infrastructure\BaseDAO.cs:línea 68
   en CapaDatos.Services.EmailQueueService.<ObtenerSiguienteAsync>d__5.MoveNext() en C:\AOCR\AOCR\AOCR05-01-2026\AOCR1\AOCR\CapaDatos\Services\EmailQueueService.cs:línea 136
--- Fin del seguimiento de la pila de la ubicación anterior donde se produjo la excepción ---
   en System.Runtime.ExceptionServices.ExceptionDispatchInfo.Throw()
   en System.Runtime.CompilerServices.TaskAwaiter.HandleNonSuccessAndDebuggerNotification(Task task)
   en System.Runtime.CompilerServices.TaskAwaiter`1.GetResult()
   en CapaDatos.Services.EmailQueueProcessor.<ProcessQueueAsync>d__10.MoveNext() en C:\AOCR\AOCR\AOCR05-01-2026\AOCR1\AOCR\CapaDatos\Services\EmailQueueService.cs:línea 332
2026-01-31 09:53:04.196 | ERROR | CID:N/A | ERR:EMAIL_QUEUE_ERROR | Error de configuración de base de datos.
    Exception: DataAccessException
    StackTrace:    en CapaDatos.Infrastructure.BaseDAO.ExecuteWithConnection[T](Func`2 action) en C:\AOCR\AOCR\AOCR05-01-2026\AOCR1\AOCR\CapaDatos\Infrastructure\BaseDAO.cs:línea 68
   en CapaDatos.Services.EmailQueueService.<ObtenerSiguienteAsync>d__5.MoveNext() en C:\AOCR\AOCR\AOCR05-01-2026\AOCR1\AOCR\CapaDatos\Services\EmailQueueService.cs:línea 136
--- Fin del seguimiento de la pila de la ubicación anterior donde se produjo la excepción ---
   en System.Runtime.ExceptionServices.ExceptionDispatchInfo.Throw()
   en System.Runtime.CompilerServices.TaskAwaiter.HandleNonSuccessAndDebuggerNotification(Task task)
   en System.Runtime.CompilerServices.TaskAwaiter`1.GetResult()
   en CapaDatos.Services.EmailQueueProcessor.<ProcessQueueAsync>d__10.MoveNext() en C:\AOCR\AOCR\AOCR05-01-2026\AOCR1\AOCR\CapaDatos\Services\EmailQueueService.cs:línea 332
2026-01-31 09:53:34.265 | ERROR | CID:N/A | ERR:EMAIL_QUEUE_ERROR | Error de configuración de base de datos.
    Exception: DataAccessException
    StackTrace:    en CapaDatos.Infrastructure.BaseDAO.ExecuteWithConnection[T](Func`2 action) en C:\AOCR\AOCR\AOCR05-01-2026\AOCR1\AOCR\CapaDatos\Infrastructure\BaseDAO.cs:línea 68
   en CapaDatos.Services.EmailQueueService.<ObtenerSiguienteAsync>d__5.MoveNext() en C:\AOCR\AOCR\AOCR05-01-2026\AOCR1\AOCR\CapaDatos\Services\EmailQueueService.cs:línea 136
--- Fin del seguimiento de la pila de la ubicación anterior donde se produjo la excepción ---
   en System.Runtime.ExceptionServices.ExceptionDispatchInfo.Throw()
   en System.Runtime.CompilerServices.TaskAwaiter.HandleNonSuccessAndDebuggerNotification(Task task)
   en System.Runtime.CompilerServices.TaskAwaiter`1.GetResult()
   en CapaDatos.Services.EmailQueueProcessor.<ProcessQueueAsync>d__10.MoveNext() en C:\AOCR\AOCR\AOCR05-01-2026\AOCR1\AOCR\CapaDatos\Services\EmailQueueService.cs:línea 332
2026-01-31 09:54:04.325 | ERROR | CID:N/A | ERR:EMAIL_QUEUE_ERROR | Error de configuración de base de datos.
    Exception: DataAccessException
    StackTrace:    en CapaDatos.Infrastructure.BaseDAO.ExecuteWithConnection[T](Func`2 action) en C:\AOCR\AOCR\AOCR05-01-2026\AOCR1\AOCR\CapaDatos\Infrastructure\BaseDAO.cs:línea 68
   en CapaDatos.Services.EmailQueueService.<ObtenerSiguienteAsync>d__5.MoveNext() en C:\AOCR\AOCR\AOCR05-01-2026\AOCR1\AOCR\CapaDatos\Services\EmailQueueService.cs:línea 136
--- Fin del seguimiento de la pila de la ubicación anterior donde se produjo la excepción ---
   en System.Runtime.ExceptionServices.ExceptionDispatchInfo.Throw()
   en System.Runtime.CompilerServices.TaskAwaiter.HandleNonSuccessAndDebuggerNotification(Task task)
   en System.Runtime.CompilerServices.TaskAwaiter`1.GetResult()
   en CapaDatos.Services.EmailQueueProcessor.<ProcessQueueAsync>d__10.MoveNext() en C:\AOCR\AOCR\AOCR05-01-2026\AOCR1\AOCR\CapaDatos\Services\EmailQueueService.cs:línea 332
2026-01-31 09:54:34.392 | ERROR | CID:N/A | ERR:EMAIL_QUEUE_ERROR | Error de configuración de base de datos.
    Exception: DataAccessException
    StackTrace:    en CapaDatos.Infrastructure.BaseDAO.ExecuteWithConnection[T](Func`2 action) en C:\AOCR\AOCR\AOCR05-01-2026\AOCR1\AOCR\CapaDatos\Infrastructure\BaseDAO.cs:línea 68
   en CapaDatos.Services.EmailQueueService.<ObtenerSiguienteAsync>d__5.MoveNext() en C:\AOCR\AOCR\AOCR05-01-2026\AOCR1\AOCR\CapaDatos\Services\EmailQueueService.cs:línea 136
--- Fin del seguimiento de la pila de la ubicación anterior donde se produjo la excepción ---
   en System.Runtime.ExceptionServices.ExceptionDispatchInfo.Throw()
   en System.Runtime.CompilerServices.TaskAwaiter.HandleNonSuccessAndDebuggerNotification(Task task)
   en System.Runtime.CompilerServices.TaskAwaiter`1.GetResult()
   en CapaDatos.Services.EmailQueueProcessor.<ProcessQueueAsync>d__10.MoveNext() en C:\AOCR\AOCR\AOCR05-01-2026\AOCR1\AOCR\CapaDatos\Services\EmailQueueService.cs:línea 332
2026-01-31 09:55:04.446 | ERROR | CID:N/A | ERR:EMAIL_QUEUE_ERROR | Error de configuración de base de datos.
    Exception: DataAccessException
    StackTrace:    en CapaDatos.Infrastructure.BaseDAO.ExecuteWithConnection[T](Func`2 action) en C:\AOCR\AOCR\AOCR05-01-2026\AOCR1\AOCR\CapaDatos\Infrastructure\BaseDAO.cs:línea 68
   en CapaDatos.Services.EmailQueueService.<ObtenerSiguienteAsync>d__5.MoveNext() en C:\AOCR\AOCR\AOCR05-01-2026\AOCR1\AOCR\CapaDatos\Services\EmailQueueService.cs:línea 136
--- Fin del seguimiento de la pila de la ubicación anterior donde se produjo la excepción ---
   en System.Runtime.ExceptionServices.ExceptionDispatchInfo.Throw()
   en System.Runtime.CompilerServices.TaskAwaiter.HandleNonSuccessAndDebuggerNotification(Task task)
   en System.Runtime.CompilerServices.TaskAwaiter`1.GetResult()
   en CapaDatos.Services.EmailQueueProcessor.<ProcessQueueAsync>d__10.MoveNext() en C:\AOCR\AOCR\AOCR05-01-2026\AOCR1\AOCR\CapaDatos\Services\EmailQueueService.cs:línea 332
2026-01-31 09:55:34.492 | ERROR | CID:N/A | ERR:EMAIL_QUEUE_ERROR | Error de configuración de base de datos.
    Exception: DataAccessException
    StackTrace:    en CapaDatos.Infrastructure.BaseDAO.ExecuteWithConnection[T](Func`2 action) en C:\AOCR\AOCR\AOCR05-01-2026\AOCR1\AOCR\CapaDatos\Infrastructure\BaseDAO.cs:línea 68
   en CapaDatos.Services.EmailQueueService.<ObtenerSiguienteAsync>d__5.MoveNext() en C:\AOCR\AOCR\AOCR05-01-2026\AOCR1\AOCR\CapaDatos\Services\EmailQueueService.cs:línea 136
--- Fin del seguimiento de la pila de la ubicación anterior donde se produjo la excepción ---
   en System.Runtime.ExceptionServices.ExceptionDispatchInfo.Throw()
   en System.Runtime.CompilerServices.TaskAwaiter.HandleNonSuccessAndDebuggerNotification(Task task)
   en System.Runtime.CompilerServices.TaskAwaiter`1.GetResult()
   en CapaDatos.Services.EmailQueueProcessor.<ProcessQueueAsync>d__10.MoveNext() en C:\AOCR\AOCR\AOCR05-01-2026\AOCR1\AOCR\CapaDatos\Services\EmailQueueService.cs:línea 332
2026-01-31 09:56:04.549 | ERROR | CID:N/A | ERR:EMAIL_QUEUE_ERROR | Error de configuración de base de datos.
    Exception: DataAccessException
    StackTrace:    en CapaDatos.Infrastructure.BaseDAO.ExecuteWithConnection[T](Func`2 action) en C:\AOCR\AOCR\AOCR05-01-2026\AOCR1\AOCR\CapaDatos\Infrastructure\BaseDAO.cs:línea 68
   en CapaDatos.Services.EmailQueueService.<ObtenerSiguienteAsync>d__5.MoveNext() en C:\AOCR\AOCR\AOCR05-01-2026\AOCR1\AOCR\CapaDatos\Services\EmailQueueService.cs:línea 136
--- Fin del seguimiento de la pila de la ubicación anterior donde se produjo la excepción ---
   en System.Runtime.ExceptionServices.ExceptionDispatchInfo.Throw()
   en System.Runtime.CompilerServices.TaskAwaiter.HandleNonSuccessAndDebuggerNotification(Task task)
   en System.Runtime.CompilerServices.TaskAwaiter`1.GetResult()
   en CapaDatos.Services.EmailQueueProcessor.<ProcessQueueAsync>d__10.MoveNext() en C:\AOCR\AOCR\AOCR05-01-2026\AOCR1\AOCR\CapaDatos\Services\EmailQueueService.cs:línea 332
2026-01-31 09:56:34.608 | ERROR | CID:N/A | ERR:EMAIL_QUEUE_ERROR | Error de configuración de base de datos.
    Exception: DataAccessException
    StackTrace:    en CapaDatos.Infrastructure.BaseDAO.ExecuteWithConnection[T](Func`2 action) en C:\AOCR\AOCR\AOCR05-01-2026\AOCR1\AOCR\CapaDatos\Infrastructure\BaseDAO.cs:línea 68
   en CapaDatos.Services.EmailQueueService.<ObtenerSiguienteAsync>d__5.MoveNext() en C:\AOCR\AOCR\AOCR05-01-2026\AOCR1\AOCR\CapaDatos\Services\EmailQueueService.cs:línea 136
--- Fin del seguimiento de la pila de la ubicación anterior donde se produjo la excepción ---
   en System.Runtime.ExceptionServices.ExceptionDispatchInfo.Throw()
   en System.Runtime.CompilerServices.TaskAwaiter.HandleNonSuccessAndDebuggerNotification(Task task)
   en System.Runtime.CompilerServices.TaskAwaiter`1.GetResult()
   en CapaDatos.Services.EmailQueueProcessor.<ProcessQueueAsync>d__10.MoveNext() en C:\AOCR\AOCR\AOCR05-01-2026\AOCR1\AOCR\CapaDatos\Services\EmailQueueService.cs:línea 332
2026-01-31 09:57:04.662 | ERROR | CID:N/A | ERR:EMAIL_QUEUE_ERROR | Error de configuración de base de datos.
    Exception: DataAccessException
    StackTrace:    en CapaDatos.Infrastructure.BaseDAO.ExecuteWithConnection[T](Func`2 action) en C:\AOCR\AOCR\AOCR05-01-2026\AOCR1\AOCR\CapaDatos\Infrastructure\BaseDAO.cs:línea 68
   en CapaDatos.Services.EmailQueueService.<ObtenerSiguienteAsync>d__5.MoveNext() en C:\AOCR\AOCR\AOCR05-01-2026\AOCR1\AOCR\CapaDatos\Services\EmailQueueService.cs:línea 136
--- Fin del seguimiento de la pila de la ubicación anterior donde se produjo la excepción ---
   en System.Runtime.ExceptionServices.ExceptionDispatchInfo.Throw()
   en System.Runtime.CompilerServices.TaskAwaiter.HandleNonSuccessAndDebuggerNotification(Task task)
   en System.Runtime.CompilerServices.TaskAwaiter`1.GetResult()
   en CapaDatos.Services.EmailQueueProcessor.<ProcessQueueAsync>d__10.MoveNext() en C:\AOCR\AOCR\AOCR05-01-2026\AOCR1\AOCR\CapaDatos\Services\EmailQueueService.cs:línea 332
2026-01-31 09:57:34.710 | ERROR | CID:N/A | ERR:EMAIL_QUEUE_ERROR | Error de configuración de base de datos.
    Exception: DataAccessException
    StackTrace:    en CapaDatos.Infrastructure.BaseDAO.ExecuteWithConnection[T](Func`2 action) en C:\AOCR\AOCR\AOCR05-01-2026\AOCR1\AOCR\CapaDatos\Infrastructure\BaseDAO.cs:línea 68
   en CapaDatos.Services.EmailQueueService.<ObtenerSiguienteAsync>d__5.MoveNext() en C:\AOCR\AOCR\AOCR05-01-2026\AOCR1\AOCR\CapaDatos\Services\EmailQueueService.cs:línea 136
--- Fin del seguimiento de la pila de la ubicación anterior donde se produjo la excepción ---
   en System.Runtime.ExceptionServices.ExceptionDispatchInfo.Throw()
   en System.Runtime.CompilerServices.TaskAwaiter.HandleNonSuccessAndDebuggerNotification(Task task)
   en System.Runtime.CompilerServices.TaskAwaiter`1.GetResult()
   en CapaDatos.Services.EmailQueueProcessor.<ProcessQueueAsync>d__10.MoveNext() en C:\AOCR\AOCR\AOCR05-01-2026\AOCR1\AOCR\CapaDatos\Services\EmailQueueService.cs:línea 332
2026-01-31 09:58:04.754 | ERROR | CID:N/A | ERR:EMAIL_QUEUE_ERROR | Error de configuración de base de datos.
    Exception: DataAccessException
    StackTrace:    en CapaDatos.Infrastructure.BaseDAO.ExecuteWithConnection[T](Func`2 action) en C:\AOCR\AOCR\AOCR05-01-2026\AOCR1\AOCR\CapaDatos\Infrastructure\BaseDAO.cs:línea 68
   en CapaDatos.Services.EmailQueueService.<ObtenerSiguienteAsync>d__5.MoveNext() en C:\AOCR\AOCR\AOCR05-01-2026\AOCR1\AOCR\CapaDatos\Services\EmailQueueService.cs:línea 136
--- Fin del seguimiento de la pila de la ubicación anterior donde se produjo la excepción ---
   en System.Runtime.ExceptionServices.ExceptionDispatchInfo.Throw()
   en System.Runtime.CompilerServices.TaskAwaiter.HandleNonSuccessAndDebuggerNotification(Task task)
   en System.Runtime.CompilerServices.TaskAwaiter`1.GetResult()
   en CapaDatos.Services.EmailQueueProcessor.<ProcessQueueAsync>d__10.MoveNext() en C:\AOCR\AOCR\AOCR05-01-2026\AOCR1\AOCR\CapaDatos\Services\EmailQueueService.cs:línea 332
2026-01-31 09:58:34.814 | ERROR | CID:N/A | ERR:EMAIL_QUEUE_ERROR | Error de configuración de base de datos.
    Exception: DataAccessException
    StackTrace:    en CapaDatos.Infrastructure.BaseDAO.ExecuteWithConnection[T](Func`2 action) en C:\AOCR\AOCR\AOCR05-01-2026\AOCR1\AOCR\CapaDatos\Infrastructure\BaseDAO.cs:línea 68
   en CapaDatos.Services.EmailQueueService.<ObtenerSiguienteAsync>d__5.MoveNext() en C:\AOCR\AOCR\AOCR05-01-2026\AOCR1\AOCR\CapaDatos\Services\EmailQueueService.cs:línea 136
--- Fin del seguimiento de la pila de la ubicación anterior donde se produjo la excepción ---
   en System.Runtime.ExceptionServices.ExceptionDispatchInfo.Throw()
   en System.Runtime.CompilerServices.TaskAwaiter.HandleNonSuccessAndDebuggerNotification(Task task)
   en System.Runtime.CompilerServices.TaskAwaiter`1.GetResult()
   en CapaDatos.Services.EmailQueueProcessor.<ProcessQueueAsync>d__10.MoveNext() en C:\AOCR\AOCR\AOCR05-01-2026\AOCR1\AOCR\CapaDatos\Services\EmailQueueService.cs:línea 332
2026-01-31 09:59:04.866 | ERROR | CID:N/A | ERR:EMAIL_QUEUE_ERROR | Error de configuración de base de datos.
    Exception: DataAccessException
    StackTrace:    en CapaDatos.Infrastructure.BaseDAO.ExecuteWithConnection[T](Func`2 action) en C:\AOCR\AOCR\AOCR05-01-2026\AOCR1\AOCR\CapaDatos\Infrastructure\BaseDAO.cs:línea 68
   en CapaDatos.Services.EmailQueueService.<ObtenerSiguienteAsync>d__5.MoveNext() en C:\AOCR\AOCR\AOCR05-01-2026\AOCR1\AOCR\CapaDatos\Services\EmailQueueService.cs:línea 136
--- Fin del seguimiento de la pila de la ubicación anterior donde se produjo la excepción ---
   en System.Runtime.ExceptionServices.ExceptionDispatchInfo.Throw()
   en System.Runtime.CompilerServices.TaskAwaiter.HandleNonSuccessAndDebuggerNotification(Task task)
   en System.Runtime.CompilerServices.TaskAwaiter`1.GetResult()
   en CapaDatos.Services.EmailQueueProcessor.<ProcessQueueAsync>d__10.MoveNext() en C:\AOCR\AOCR\AOCR05-01-2026\AOCR1\AOCR\CapaDatos\Services\EmailQueueService.cs:línea 332
2026-01-31 09:59:34.913 | ERROR | CID:N/A | ERR:EMAIL_QUEUE_ERROR | Error de configuración de base de datos.
    Exception: DataAccessException
    StackTrace:    en CapaDatos.Infrastructure.BaseDAO.ExecuteWithConnection[T](Func`2 action) en C:\AOCR\AOCR\AOCR05-01-2026\AOCR1\AOCR\CapaDatos\Infrastructure\BaseDAO.cs:línea 68
   en CapaDatos.Services.EmailQueueService.<ObtenerSiguienteAsync>d__5.MoveNext() en C:\AOCR\AOCR\AOCR05-01-2026\AOCR1\AOCR\CapaDatos\Services\EmailQueueService.cs:línea 136
--- Fin del seguimiento de la pila de la ubicación anterior donde se produjo la excepción ---
   en System.Runtime.ExceptionServices.ExceptionDispatchInfo.Throw()
   en System.Runtime.CompilerServices.TaskAwaiter.HandleNonSuccessAndDebuggerNotification(Task task)
   en System.Runtime.CompilerServices.TaskAwaiter`1.GetResult()
   en CapaDatos.Services.EmailQueueProcessor.<ProcessQueueAsync>d__10.MoveNext() en C:\AOCR\AOCR\AOCR05-01-2026\AOCR1\AOCR\CapaDatos\Services\EmailQueueService.cs:línea 332
2026-01-31 10:00:04.978 | ERROR | CID:N/A | ERR:EMAIL_QUEUE_ERROR | Error de configuración de base de datos.
    Exception: DataAccessException
    StackTrace:    en CapaDatos.Infrastructure.BaseDAO.ExecuteWithConnection[T](Func`2 action) en C:\AOCR\AOCR\AOCR05-01-2026\AOCR1\AOCR\CapaDatos\Infrastructure\BaseDAO.cs:línea 68
   en CapaDatos.Services.EmailQueueService.<ObtenerSiguienteAsync>d__5.MoveNext() en C:\AOCR\AOCR\AOCR05-01-2026\AOCR1\AOCR\CapaDatos\Services\EmailQueueService.cs:línea 136
--- Fin del seguimiento de la pila de la ubicación anterior donde se produjo la excepción ---
   en System.Runtime.ExceptionServices.ExceptionDispatchInfo.Throw()
   en System.Runtime.CompilerServices.TaskAwaiter.HandleNonSuccessAndDebuggerNotification(Task task)
   en System.Runtime.CompilerServices.TaskAwaiter`1.GetResult()
   en CapaDatos.Services.EmailQueueProcessor.<ProcessQueueAsync>d__10.MoveNext() en C:\AOCR\AOCR\AOCR05-01-2026\AOCR1\AOCR\CapaDatos\Services\EmailQueueService.cs:línea 332
2026-01-31 10:00:35.032 | ERROR | CID:N/A | ERR:EMAIL_QUEUE_ERROR | Error de configuración de base de datos.
    Exception: DataAccessException
    StackTrace:    en CapaDatos.Infrastructure.BaseDAO.ExecuteWithConnection[T](Func`2 action) en C:\AOCR\AOCR\AOCR05-01-2026\AOCR1\AOCR\CapaDatos\Infrastructure\BaseDAO.cs:línea 68
   en CapaDatos.Services.EmailQueueService.<ObtenerSiguienteAsync>d__5.MoveNext() en C:\AOCR\AOCR\AOCR05-01-2026\AOCR1\AOCR\CapaDatos\Services\EmailQueueService.cs:línea 136
--- Fin del seguimiento de la pila de la ubicación anterior donde se produjo la excepción ---
   en System.Runtime.ExceptionServices.ExceptionDispatchInfo.Throw()
   en System.Runtime.CompilerServices.TaskAwaiter.HandleNonSuccessAndDebuggerNotification(Task task)
   en System.Runtime.CompilerServices.TaskAwaiter`1.GetResult()
   en CapaDatos.Services.EmailQueueProcessor.<ProcessQueueAsync>d__10.MoveNext() en C:\AOCR\AOCR\AOCR05-01-2026\AOCR1\AOCR\CapaDatos\Services\EmailQueueService.cs:línea 332
2026-01-31 10:01:05.090 | ERROR | CID:N/A | ERR:EMAIL_QUEUE_ERROR | Error de configuración de base de datos.
    Exception: DataAccessException
    StackTrace:    en CapaDatos.Infrastructure.BaseDAO.ExecuteWithConnection[T](Func`2 action) en C:\AOCR\AOCR\AOCR05-01-2026\AOCR1\AOCR\CapaDatos\Infrastructure\BaseDAO.cs:línea 68
   en CapaDatos.Services.EmailQueueService.<ObtenerSiguienteAsync>d__5.MoveNext() en C:\AOCR\AOCR\AOCR05-01-2026\AOCR1\AOCR\CapaDatos\Services\EmailQueueService.cs:línea 136
--- Fin del seguimiento de la pila de la ubicación anterior donde se produjo la excepción ---
   en System.Runtime.ExceptionServices.ExceptionDispatchInfo.Throw()
   en System.Runtime.CompilerServices.TaskAwaiter.HandleNonSuccessAndDebuggerNotification(Task task)
   en System.Runtime.CompilerServices.TaskAwaiter`1.GetResult()
   en CapaDatos.Services.EmailQueueProcessor.<ProcessQueueAsync>d__10.MoveNext() en C:\AOCR\AOCR\AOCR05-01-2026\AOCR1\AOCR\CapaDatos\Services\EmailQueueService.cs:línea 332
2026-01-31 10:01:35.138 | ERROR | CID:N/A | ERR:EMAIL_QUEUE_ERROR | Error de configuración de base de datos.
    Exception: DataAccessException
    StackTrace:    en CapaDatos.Infrastructure.BaseDAO.ExecuteWithConnection[T](Func`2 action) en C:\AOCR\AOCR\AOCR05-01-2026\AOCR1\AOCR\CapaDatos\Infrastructure\BaseDAO.cs:línea 68
   en CapaDatos.Services.EmailQueueService.<ObtenerSiguienteAsync>d__5.MoveNext() en C:\AOCR\AOCR\AOCR05-01-2026\AOCR1\AOCR\CapaDatos\Services\EmailQueueService.cs:línea 136
--- Fin del seguimiento de la pila de la ubicación anterior donde se produjo la excepción ---
   en System.Runtime.ExceptionServices.ExceptionDispatchInfo.Throw()
   en System.Runtime.CompilerServices.TaskAwaiter.HandleNonSuccessAndDebuggerNotification(Task task)
   en System.Runtime.CompilerServices.TaskAwaiter`1.GetResult()
   en CapaDatos.Services.EmailQueueProcessor.<ProcessQueueAsync>d__10.MoveNext() en C:\AOCR\AOCR\AOCR05-01-2026\AOCR1\AOCR\CapaDatos\Services\EmailQueueService.cs:línea 332
2026-01-31 10:02:05.195 | ERROR | CID:N/A | ERR:EMAIL_QUEUE_ERROR | Error de configuración de base de datos.
    Exception: DataAccessException
    StackTrace:    en CapaDatos.Infrastructure.BaseDAO.ExecuteWithConnection[T](Func`2 action) en C:\AOCR\AOCR\AOCR05-01-2026\AOCR1\AOCR\CapaDatos\Infrastructure\BaseDAO.cs:línea 68
   en CapaDatos.Services.EmailQueueService.<ObtenerSiguienteAsync>d__5.MoveNext() en C:\AOCR\AOCR\AOCR05-01-2026\AOCR1\AOCR\CapaDatos\Services\EmailQueueService.cs:línea 136
--- Fin del seguimiento de la pila de la ubicación anterior donde se produjo la excepción ---
   en System.Runtime.ExceptionServices.ExceptionDispatchInfo.Throw()
   en System.Runtime.CompilerServices.TaskAwaiter.HandleNonSuccessAndDebuggerNotification(Task task)
   en System.Runtime.CompilerServices.TaskAwaiter`1.GetResult()
   en CapaDatos.Services.EmailQueueProcessor.<ProcessQueueAsync>d__10.MoveNext() en C:\AOCR\AOCR\AOCR05-01-2026\AOCR1\AOCR\CapaDatos\Services\EmailQueueService.cs:línea 332
2026-01-31 10:02:35.248 | ERROR | CID:N/A | ERR:EMAIL_QUEUE_ERROR | Error de configuración de base de datos.
    Exception: DataAccessException
    StackTrace:    en CapaDatos.Infrastructure.BaseDAO.ExecuteWithConnection[T](Func`2 action) en C:\AOCR\AOCR\AOCR05-01-2026\AOCR1\AOCR\CapaDatos\Infrastructure\BaseDAO.cs:línea 68
   en CapaDatos.Services.EmailQueueService.<ObtenerSiguienteAsync>d__5.MoveNext() en C:\AOCR\AOCR\AOCR05-01-2026\AOCR1\AOCR\CapaDatos\Services\EmailQueueService.cs:línea 136
--- Fin del seguimiento de la pila de la ubicación anterior donde se produjo la excepción ---
   en System.Runtime.ExceptionServices.ExceptionDispatchInfo.Throw()
   en System.Runtime.CompilerServices.TaskAwaiter.HandleNonSuccessAndDebuggerNotification(Task task)
   en System.Runtime.CompilerServices.TaskAwaiter`1.GetResult()
   en CapaDatos.Services.EmailQueueProcessor.<ProcessQueueAsync>d__10.MoveNext() en C:\AOCR\AOCR\AOCR05-01-2026\AOCR1\AOCR\CapaDatos\Services\EmailQueueService.cs:línea 332
2026-01-31 10:03:05.302 | ERROR | CID:N/A | ERR:EMAIL_QUEUE_ERROR | Error de configuración de base de datos.
    Exception: DataAccessException
    StackTrace:    en CapaDatos.Infrastructure.BaseDAO.ExecuteWithConnection[T](Func`2 action) en C:\AOCR\AOCR\AOCR05-01-2026\AOCR1\AOCR\CapaDatos\Infrastructure\BaseDAO.cs:línea 68
   en CapaDatos.Services.EmailQueueService.<ObtenerSiguienteAsync>d__5.MoveNext() en C:\AOCR\AOCR\AOCR05-01-2026\AOCR1\AOCR\CapaDatos\Services\EmailQueueService.cs:línea 136
--- Fin del seguimiento de la pila de la ubicación anterior donde se produjo la excepción ---
   en System.Runtime.ExceptionServices.ExceptionDispatchInfo.Throw()
   en System.Runtime.CompilerServices.TaskAwaiter.HandleNonSuccessAndDebuggerNotification(Task task)
   en System.Runtime.CompilerServices.TaskAwaiter`1.GetResult()
   en CapaDatos.Services.EmailQueueProcessor.<ProcessQueueAsync>d__10.MoveNext() en C:\AOCR\AOCR\AOCR05-01-2026\AOCR1\AOCR\CapaDatos\Services\EmailQueueService.cs:línea 332
2026-01-31 10:03:35.362 | ERROR | CID:N/A | ERR:EMAIL_QUEUE_ERROR | Error de configuración de base de datos.
    Exception: DataAccessException
    StackTrace:    en CapaDatos.Infrastructure.BaseDAO.ExecuteWithConnection[T](Func`2 action) en C:\AOCR\AOCR\AOCR05-01-2026\AOCR1\AOCR\CapaDatos\Infrastructure\BaseDAO.cs:línea 68
   en CapaDatos.Services.EmailQueueService.<ObtenerSiguienteAsync>d__5.MoveNext() en C:\AOCR\AOCR\AOCR05-01-2026\AOCR1\AOCR\CapaDatos\Services\EmailQueueService.cs:línea 136
--- Fin del seguimiento de la pila de la ubicación anterior donde se produjo la excepción ---
   en System.Runtime.ExceptionServices.ExceptionDispatchInfo.Throw()
   en System.Runtime.CompilerServices.TaskAwaiter.HandleNonSuccessAndDebuggerNotification(Task task)
   en System.Runtime.CompilerServices.TaskAwaiter`1.GetResult()
   en CapaDatos.Services.EmailQueueProcessor.<ProcessQueueAsync>d__10.MoveNext() en C:\AOCR\AOCR\AOCR05-01-2026\AOCR1\AOCR\CapaDatos\Services\EmailQueueService.cs:línea 332
2026-01-31 10:04:05.414 | ERROR | CID:N/A | ERR:EMAIL_QUEUE_ERROR | Error de configuración de base de datos.
    Exception: DataAccessException
    StackTrace:    en CapaDatos.Infrastructure.BaseDAO.ExecuteWithConnection[T](Func`2 action) en C:\AOCR\AOCR\AOCR05-01-2026\AOCR1\AOCR\CapaDatos\Infrastructure\BaseDAO.cs:línea 68
   en CapaDatos.Services.EmailQueueService.<ObtenerSiguienteAsync>d__5.MoveNext() en C:\AOCR\AOCR\AOCR05-01-2026\AOCR1\AOCR\CapaDatos\Services\EmailQueueService.cs:línea 136
--- Fin del seguimiento de la pila de la ubicación anterior donde se produjo la excepción ---
   en System.Runtime.ExceptionServices.ExceptionDispatchInfo.Throw()
   en System.Runtime.CompilerServices.TaskAwaiter.HandleNonSuccessAndDebuggerNotification(Task task)
   en System.Runtime.CompilerServices.TaskAwaiter`1.GetResult()
   en CapaDatos.Services.EmailQueueProcessor.<ProcessQueueAsync>d__10.MoveNext() en C:\AOCR\AOCR\AOCR05-01-2026\AOCR1\AOCR\CapaDatos\Services\EmailQueueService.cs:línea 332
2026-01-31 10:04:35.478 | ERROR | CID:N/A | ERR:EMAIL_QUEUE_ERROR | Error de configuración de base de datos.
    Exception: DataAccessException
    StackTrace:    en CapaDatos.Infrastructure.BaseDAO.ExecuteWithConnection[T](Func`2 action) en C:\AOCR\AOCR\AOCR05-01-2026\AOCR1\AOCR\CapaDatos\Infrastructure\BaseDAO.cs:línea 68
   en CapaDatos.Services.EmailQueueService.<ObtenerSiguienteAsync>d__5.MoveNext() en C:\AOCR\AOCR\AOCR05-01-2026\AOCR1\AOCR\CapaDatos\Services\EmailQueueService.cs:línea 136
--- Fin del seguimiento de la pila de la ubicación anterior donde se produjo la excepción ---
   en System.Runtime.ExceptionServices.ExceptionDispatchInfo.Throw()
   en System.Runtime.CompilerServices.TaskAwaiter.HandleNonSuccessAndDebuggerNotification(Task task)
   en System.Runtime.CompilerServices.TaskAwaiter`1.GetResult()
   en CapaDatos.Services.EmailQueueProcessor.<ProcessQueueAsync>d__10.MoveNext() en C:\AOCR\AOCR\AOCR05-01-2026\AOCR1\AOCR\CapaDatos\Services\EmailQueueService.cs:línea 332
2026-01-31 10:05:05.538 | ERROR | CID:N/A | ERR:EMAIL_QUEUE_ERROR | Error de configuración de base de datos.
    Exception: DataAccessException
    StackTrace:    en CapaDatos.Infrastructure.BaseDAO.ExecuteWithConnection[T](Func`2 action) en C:\AOCR\AOCR\AOCR05-01-2026\AOCR1\AOCR\CapaDatos\Infrastructure\BaseDAO.cs:línea 68
   en CapaDatos.Services.EmailQueueService.<ObtenerSiguienteAsync>d__5.MoveNext() en C:\AOCR\AOCR\AOCR05-01-2026\AOCR1\AOCR\CapaDatos\Services\EmailQueueService.cs:línea 136
--- Fin del seguimiento de la pila de la ubicación anterior donde se produjo la excepción ---
   en System.Runtime.ExceptionServices.ExceptionDispatchInfo.Throw()
   en System.Runtime.CompilerServices.TaskAwaiter.HandleNonSuccessAndDebuggerNotification(Task task)
   en System.Runtime.CompilerServices.TaskAwaiter`1.GetResult()
   en CapaDatos.Services.EmailQueueProcessor.<ProcessQueueAsync>d__10.MoveNext() en C:\AOCR\AOCR\AOCR05-01-2026\AOCR1\AOCR\CapaDatos\Services\EmailQueueService.cs:línea 332
2026-01-31 10:05:35.595 | ERROR | CID:N/A | ERR:EMAIL_QUEUE_ERROR | Error de configuración de base de datos.
    Exception: DataAccessException
    StackTrace:    en CapaDatos.Infrastructure.BaseDAO.ExecuteWithConnection[T](Func`2 action) en C:\AOCR\AOCR\AOCR05-01-2026\AOCR1\AOCR\CapaDatos\Infrastructure\BaseDAO.cs:línea 68
   en CapaDatos.Services.EmailQueueService.<ObtenerSiguienteAsync>d__5.MoveNext() en C:\AOCR\AOCR\AOCR05-01-2026\AOCR1\AOCR\CapaDatos\Services\EmailQueueService.cs:línea 136
--- Fin del seguimiento de la pila de la ubicación anterior donde se produjo la excepción ---
   en System.Runtime.ExceptionServices.ExceptionDispatchInfo.Throw()
   en System.Runtime.CompilerServices.TaskAwaiter.HandleNonSuccessAndDebuggerNotification(Task task)
   en System.Runtime.CompilerServices.TaskAwaiter`1.GetResult()
   en CapaDatos.Services.EmailQueueProcessor.<ProcessQueueAsync>d__10.MoveNext() en C:\AOCR\AOCR\AOCR05-01-2026\AOCR1\AOCR\CapaDatos\Services\EmailQueueService.cs:línea 332
2026-01-31 10:06:05.649 | ERROR | CID:N/A | ERR:EMAIL_QUEUE_ERROR | Error de configuración de base de datos.
    Exception: DataAccessException
    StackTrace:    en CapaDatos.Infrastructure.BaseDAO.ExecuteWithConnection[T](Func`2 action) en C:\AOCR\AOCR\AOCR05-01-2026\AOCR1\AOCR\CapaDatos\Infrastructure\BaseDAO.cs:línea 68
   en CapaDatos.Services.EmailQueueService.<ObtenerSiguienteAsync>d__5.MoveNext() en C:\AOCR\AOCR\AOCR05-01-2026\AOCR1\AOCR\CapaDatos\Services\EmailQueueService.cs:línea 136
--- Fin del seguimiento de la pila de la ubicación anterior donde se produjo la excepción ---
   en System.Runtime.ExceptionServices.ExceptionDispatchInfo.Throw()
   en System.Runtime.CompilerServices.TaskAwaiter.HandleNonSuccessAndDebuggerNotification(Task task)
   en System.Runtime.CompilerServices.TaskAwaiter`1.GetResult()
   en CapaDatos.Services.EmailQueueProcessor.<ProcessQueueAsync>d__10.MoveNext() en C:\AOCR\AOCR\AOCR05-01-2026\AOCR1\AOCR\CapaDatos\Services\EmailQueueService.cs:línea 332
2026-01-31 10:06:35.696 | ERROR | CID:N/A | ERR:EMAIL_QUEUE_ERROR | Error de configuración de base de datos.
    Exception: DataAccessException
    StackTrace:    en CapaDatos.Infrastructure.BaseDAO.ExecuteWithConnection[T](Func`2 action) en C:\AOCR\AOCR\AOCR05-01-2026\AOCR1\AOCR\CapaDatos\Infrastructure\BaseDAO.cs:línea 68
   en CapaDatos.Services.EmailQueueService.<ObtenerSiguienteAsync>d__5.MoveNext() en C:\AOCR\AOCR\AOCR05-01-2026\AOCR1\AOCR\CapaDatos\Services\EmailQueueService.cs:línea 136
--- Fin del seguimiento de la pila de la ubicación anterior donde se produjo la excepción ---
   en System.Runtime.ExceptionServices.ExceptionDispatchInfo.Throw()
   en System.Runtime.CompilerServices.TaskAwaiter.HandleNonSuccessAndDebuggerNotification(Task task)
   en System.Runtime.CompilerServices.TaskAwaiter`1.GetResult()
   en CapaDatos.Services.EmailQueueProcessor.<ProcessQueueAsync>d__10.MoveNext() en C:\AOCR\AOCR\AOCR05-01-2026\AOCR1\AOCR\CapaDatos\Services\EmailQueueService.cs:línea 332
2026-01-31 10:07:05.748 | ERROR | CID:N/A | ERR:EMAIL_QUEUE_ERROR | Error de configuración de base de datos.
    Exception: DataAccessException
    StackTrace:    en CapaDatos.Infrastructure.BaseDAO.ExecuteWithConnection[T](Func`2 action) en C:\AOCR\AOCR\AOCR05-01-2026\AOCR1\AOCR\CapaDatos\Infrastructure\BaseDAO.cs:línea 68
   en CapaDatos.Services.EmailQueueService.<ObtenerSiguienteAsync>d__5.MoveNext() en C:\AOCR\AOCR\AOCR05-01-2026\AOCR1\AOCR\CapaDatos\Services\EmailQueueService.cs:línea 136
--- Fin del seguimiento de la pila de la ubicación anterior donde se produjo la excepción ---
   en System.Runtime.ExceptionServices.ExceptionDispatchInfo.Throw()
   en System.Runtime.CompilerServices.TaskAwaiter.HandleNonSuccessAndDebuggerNotification(Task task)
   en System.Runtime.CompilerServices.TaskAwaiter`1.GetResult()
   en CapaDatos.Services.EmailQueueProcessor.<ProcessQueueAsync>d__10.MoveNext() en C:\AOCR\AOCR\AOCR05-01-2026\AOCR1\AOCR\CapaDatos\Services\EmailQueueService.cs:línea 332
2026-01-31 10:07:35.808 | ERROR | CID:N/A | ERR:EMAIL_QUEUE_ERROR | Error de configuración de base de datos.
    Exception: DataAccessException
    StackTrace:    en CapaDatos.Infrastructure.BaseDAO.ExecuteWithConnection[T](Func`2 action) en C:\AOCR\AOCR\AOCR05-01-2026\AOCR1\AOCR\CapaDatos\Infrastructure\BaseDAO.cs:línea 68
   en CapaDatos.Services.EmailQueueService.<ObtenerSiguienteAsync>d__5.MoveNext() en C:\AOCR\AOCR\AOCR05-01-2026\AOCR1\AOCR\CapaDatos\Services\EmailQueueService.cs:línea 136
--- Fin del seguimiento de la pila de la ubicación anterior donde se produjo la excepción ---
   en System.Runtime.ExceptionServices.ExceptionDispatchInfo.Throw()
   en System.Runtime.CompilerServices.TaskAwaiter.HandleNonSuccessAndDebuggerNotification(Task task)
   en System.Runtime.CompilerServices.TaskAwaiter`1.GetResult()
   en CapaDatos.Services.EmailQueueProcessor.<ProcessQueueAsync>d__10.MoveNext() en C:\AOCR\AOCR\AOCR05-01-2026\AOCR1\AOCR\CapaDatos\Services\EmailQueueService.cs:línea 332
2026-01-31 10:08:05.859 | ERROR | CID:N/A | ERR:EMAIL_QUEUE_ERROR | Error de configuración de base de datos.
    Exception: DataAccessException
    StackTrace:    en CapaDatos.Infrastructure.BaseDAO.ExecuteWithConnection[T](Func`2 action) en C:\AOCR\AOCR\AOCR05-01-2026\AOCR1\AOCR\CapaDatos\Infrastructure\BaseDAO.cs:línea 68
   en CapaDatos.Services.EmailQueueService.<ObtenerSiguienteAsync>d__5.MoveNext() en C:\AOCR\AOCR\AOCR05-01-2026\AOCR1\AOCR\CapaDatos\Services\EmailQueueService.cs:línea 136
--- Fin del seguimiento de la pila de la ubicación anterior donde se produjo la excepción ---
   en System.Runtime.ExceptionServices.ExceptionDispatchInfo.Throw()
   en System.Runtime.CompilerServices.TaskAwaiter.HandleNonSuccessAndDebuggerNotification(Task task)
   en System.Runtime.CompilerServices.TaskAwaiter`1.GetResult()
   en CapaDatos.Services.EmailQueueProcessor.<ProcessQueueAsync>d__10.MoveNext() en C:\AOCR\AOCR\AOCR05-01-2026\AOCR1\AOCR\CapaDatos\Services\EmailQueueService.cs:línea 332
2026-01-31 10:08:35.907 | ERROR | CID:N/A | ERR:EMAIL_QUEUE_ERROR | Error de configuración de base de datos.
    Exception: DataAccessException
    StackTrace:    en CapaDatos.Infrastructure.BaseDAO.ExecuteWithConnection[T](Func`2 action) en C:\AOCR\AOCR\AOCR05-01-2026\AOCR1\AOCR\CapaDatos\Infrastructure\BaseDAO.cs:línea 68
   en CapaDatos.Services.EmailQueueService.<ObtenerSiguienteAsync>d__5.MoveNext() en C:\AOCR\AOCR\AOCR05-01-2026\AOCR1\AOCR\CapaDatos\Services\EmailQueueService.cs:línea 136
--- Fin del seguimiento de la pila de la ubicación anterior donde se produjo la excepción ---
   en System.Runtime.ExceptionServices.ExceptionDispatchInfo.Throw()
   en System.Runtime.CompilerServices.TaskAwaiter.HandleNonSuccessAndDebuggerNotification(Task task)
   en System.Runtime.CompilerServices.TaskAwaiter`1.GetResult()
   en CapaDatos.Services.EmailQueueProcessor.<ProcessQueueAsync>d__10.MoveNext() en C:\AOCR\AOCR\AOCR05-01-2026\AOCR1\AOCR\CapaDatos\Services\EmailQueueService.cs:línea 332
2026-01-31 10:09:05.960 | ERROR | CID:N/A | ERR:EMAIL_QUEUE_ERROR | Error de configuración de base de datos.
    Exception: DataAccessException
    StackTrace:    en CapaDatos.Infrastructure.BaseDAO.ExecuteWithConnection[T](Func`2 action) en C:\AOCR\AOCR\AOCR05-01-2026\AOCR1\AOCR\CapaDatos\Infrastructure\BaseDAO.cs:línea 68
   en CapaDatos.Services.EmailQueueService.<ObtenerSiguienteAsync>d__5.MoveNext() en C:\AOCR\AOCR\AOCR05-01-2026\AOCR1\AOCR\CapaDatos\Services\EmailQueueService.cs:línea 136
--- Fin del seguimiento de la pila de la ubicación anterior donde se produjo la excepción ---
   en System.Runtime.ExceptionServices.ExceptionDispatchInfo.Throw()
   en System.Runtime.CompilerServices.TaskAwaiter.HandleNonSuccessAndDebuggerNotification(Task task)
   en System.Runtime.CompilerServices.TaskAwaiter`1.GetResult()
   en CapaDatos.Services.EmailQueueProcessor.<ProcessQueueAsync>d__10.MoveNext() en C:\AOCR\AOCR\AOCR05-01-2026\AOCR1\AOCR\CapaDatos\Services\EmailQueueService.cs:línea 332
2026-01-31 10:09:36.014 | ERROR | CID:N/A | ERR:EMAIL_QUEUE_ERROR | Error de configuración de base de datos.
    Exception: DataAccessException
    StackTrace:    en CapaDatos.Infrastructure.BaseDAO.ExecuteWithConnection[T](Func`2 action) en C:\AOCR\AOCR\AOCR05-01-2026\AOCR1\AOCR\CapaDatos\Infrastructure\BaseDAO.cs:línea 68
   en CapaDatos.Services.EmailQueueService.<ObtenerSiguienteAsync>d__5.MoveNext() en C:\AOCR\AOCR\AOCR05-01-2026\AOCR1\AOCR\CapaDatos\Services\EmailQueueService.cs:línea 136
--- Fin del seguimiento de la pila de la ubicación anterior donde se produjo la excepción ---
   en System.Runtime.ExceptionServices.ExceptionDispatchInfo.Throw()
   en System.Runtime.CompilerServices.TaskAwaiter.HandleNonSuccessAndDebuggerNotification(Task task)
   en System.Runtime.CompilerServices.TaskAwaiter`1.GetResult()
   en CapaDatos.Services.EmailQueueProcessor.<ProcessQueueAsync>d__10.MoveNext() en C:\AOCR\AOCR\AOCR05-01-2026\AOCR1\AOCR\CapaDatos\Services\EmailQueueService.cs:línea 332
2026-01-31 10:10:06.072 | ERROR | CID:N/A | ERR:EMAIL_QUEUE_ERROR | Error de configuración de base de datos.
    Exception: DataAccessException
    StackTrace:    en CapaDatos.Infrastructure.BaseDAO.ExecuteWithConnection[T](Func`2 action) en C:\AOCR\AOCR\AOCR05-01-2026\AOCR1\AOCR\CapaDatos\Infrastructure\BaseDAO.cs:línea 68
   en CapaDatos.Services.EmailQueueService.<ObtenerSiguienteAsync>d__5.MoveNext() en C:\AOCR\AOCR\AOCR05-01-2026\AOCR1\AOCR\CapaDatos\Services\EmailQueueService.cs:línea 136
--- Fin del seguimiento de la pila de la ubicación anterior donde se produjo la excepción ---
   en System.Runtime.ExceptionServices.ExceptionDispatchInfo.Throw()
   en System.Runtime.CompilerServices.TaskAwaiter.HandleNonSuccessAndDebuggerNotification(Task task)
   en System.Runtime.CompilerServices.TaskAwaiter`1.GetResult()
   en CapaDatos.Services.EmailQueueProcessor.<ProcessQueueAsync>d__10.MoveNext() en C:\AOCR\AOCR\AOCR05-01-2026\AOCR1\AOCR\CapaDatos\Services\EmailQueueService.cs:línea 332
2026-01-31 10:10:36.120 | ERROR | CID:N/A | ERR:EMAIL_QUEUE_ERROR | Error de configuración de base de datos.
    Exception: DataAccessException
    StackTrace:    en CapaDatos.Infrastructure.BaseDAO.ExecuteWithConnection[T](Func`2 action) en C:\AOCR\AOCR\AOCR05-01-2026\AOCR1\AOCR\CapaDatos\Infrastructure\BaseDAO.cs:línea 68
   en CapaDatos.Services.EmailQueueService.<ObtenerSiguienteAsync>d__5.MoveNext() en C:\AOCR\AOCR\AOCR05-01-2026\AOCR1\AOCR\CapaDatos\Services\EmailQueueService.cs:línea 136
--- Fin del seguimiento de la pila de la ubicación anterior donde se produjo la excepción ---
   en System.Runtime.ExceptionServices.ExceptionDispatchInfo.Throw()
   en System.Runtime.CompilerServices.TaskAwaiter.HandleNonSuccessAndDebuggerNotification(Task task)
   en System.Runtime.CompilerServices.TaskAwaiter`1.GetResult()
   en CapaDatos.Services.EmailQueueProcessor.<ProcessQueueAsync>d__10.MoveNext() en C:\AOCR\AOCR\AOCR05-01-2026\AOCR1\AOCR\CapaDatos\Services\EmailQueueService.cs:línea 332
2026-01-31 10:11:06.185 | ERROR | CID:N/A | ERR:EMAIL_QUEUE_ERROR | Error de configuración de base de datos.
    Exception: DataAccessException
    StackTrace:    en CapaDatos.Infrastructure.BaseDAO.ExecuteWithConnection[T](Func`2 action) en C:\AOCR\AOCR\AOCR05-01-2026\AOCR1\AOCR\CapaDatos\Infrastructure\BaseDAO.cs:línea 68
   en CapaDatos.Services.EmailQueueService.<ObtenerSiguienteAsync>d__5.MoveNext() en C:\AOCR\AOCR\AOCR05-01-2026\AOCR1\AOCR\CapaDatos\Services\EmailQueueService.cs:línea 136
--- Fin del seguimiento de la pila de la ubicación anterior donde se produjo la excepción ---
   en System.Runtime.ExceptionServices.ExceptionDispatchInfo.Throw()
   en System.Runtime.CompilerServices.TaskAwaiter.HandleNonSuccessAndDebuggerNotification(Task task)
   en System.Runtime.CompilerServices.TaskAwaiter`1.GetResult()
   en CapaDatos.Services.EmailQueueProcessor.<ProcessQueueAsync>d__10.MoveNext() en C:\AOCR\AOCR\AOCR05-01-2026\AOCR1\AOCR\CapaDatos\Services\EmailQueueService.cs:línea 332
2026-01-31 10:11:36.240 | ERROR | CID:N/A | ERR:EMAIL_QUEUE_ERROR | Error de configuración de base de datos.
    Exception: DataAccessException
    StackTrace:    en CapaDatos.Infrastructure.BaseDAO.ExecuteWithConnection[T](Func`2 action) en C:\AOCR\AOCR\AOCR05-01-2026\AOCR1\AOCR\CapaDatos\Infrastructure\BaseDAO.cs:línea 68
   en CapaDatos.Services.EmailQueueService.<ObtenerSiguienteAsync>d__5.MoveNext() en C:\AOCR\AOCR\AOCR05-01-2026\AOCR1\AOCR\CapaDatos\Services\EmailQueueService.cs:línea 136
--- Fin del seguimiento de la pila de la ubicación anterior donde se produjo la excepción ---
   en System.Runtime.ExceptionServices.ExceptionDispatchInfo.Throw()
   en System.Runtime.CompilerServices.TaskAwaiter.HandleNonSuccessAndDebuggerNotification(Task task)
   en System.Runtime.CompilerServices.TaskAwaiter`1.GetResult()
   en CapaDatos.Services.EmailQueueProcessor.<ProcessQueueAsync>d__10.MoveNext() en C:\AOCR\AOCR\AOCR05-01-2026\AOCR1\AOCR\CapaDatos\Services\EmailQueueService.cs:línea 332
2026-01-31 10:12:06.287 | ERROR | CID:N/A | ERR:EMAIL_QUEUE_ERROR | Error de configuración de base de datos.
    Exception: DataAccessException
    StackTrace:    en CapaDatos.Infrastructure.BaseDAO.ExecuteWithConnection[T](Func`2 action) en C:\AOCR\AOCR\AOCR05-01-2026\AOCR1\AOCR\CapaDatos\Infrastructure\BaseDAO.cs:línea 68
   en CapaDatos.Services.EmailQueueService.<ObtenerSiguienteAsync>d__5.MoveNext() en C:\AOCR\AOCR\AOCR05-01-2026\AOCR1\AOCR\CapaDatos\Services\EmailQueueService.cs:línea 136
--- Fin del seguimiento de la pila de la ubicación anterior donde se produjo la excepción ---
   en System.Runtime.ExceptionServices.ExceptionDispatchInfo.Throw()
   en System.Runtime.CompilerServices.TaskAwaiter.HandleNonSuccessAndDebuggerNotification(Task task)
   en System.Runtime.CompilerServices.TaskAwaiter`1.GetResult()
   en CapaDatos.Services.EmailQueueProcessor.<ProcessQueueAsync>d__10.MoveNext() en C:\AOCR\AOCR\AOCR05-01-2026\AOCR1\AOCR\CapaDatos\Services\EmailQueueService.cs:línea 332
2026-01-31 10:12:36.340 | ERROR | CID:N/A | ERR:EMAIL_QUEUE_ERROR | Error de configuración de base de datos.
    Exception: DataAccessException
    StackTrace:    en CapaDatos.Infrastructure.BaseDAO.ExecuteWithConnection[T](Func`2 action) en C:\AOCR\AOCR\AOCR05-01-2026\AOCR1\AOCR\CapaDatos\Infrastructure\BaseDAO.cs:línea 68
   en CapaDatos.Services.EmailQueueService.<ObtenerSiguienteAsync>d__5.MoveNext() en C:\AOCR\AOCR\AOCR05-01-2026\AOCR1\AOCR\CapaDatos\Services\EmailQueueService.cs:línea 136
--- Fin del seguimiento de la pila de la ubicación anterior donde se produjo la excepción ---
   en System.Runtime.ExceptionServices.ExceptionDispatchInfo.Throw()
   en System.Runtime.CompilerServices.TaskAwaiter.HandleNonSuccessAndDebuggerNotification(Task task)
   en System.Runtime.CompilerServices.TaskAwaiter`1.GetResult()
   en CapaDatos.Services.EmailQueueProcessor.<ProcessQueueAsync>d__10.MoveNext() en C:\AOCR\AOCR\AOCR05-01-2026\AOCR1\AOCR\CapaDatos\Services\EmailQueueService.cs:línea 332
2026-01-31 10:13:06.397 | ERROR | CID:N/A | ERR:EMAIL_QUEUE_ERROR | Error de configuración de base de datos.
    Exception: DataAccessException
    StackTrace:    en CapaDatos.Infrastructure.BaseDAO.ExecuteWithConnection[T](Func`2 action) en C:\AOCR\AOCR\AOCR05-01-2026\AOCR1\AOCR\CapaDatos\Infrastructure\BaseDAO.cs:línea 68
   en CapaDatos.Services.EmailQueueService.<ObtenerSiguienteAsync>d__5.MoveNext() en C:\AOCR\AOCR\AOCR05-01-2026\AOCR1\AOCR\CapaDatos\Services\EmailQueueService.cs:línea 136
--- Fin del seguimiento de la pila de la ubicación anterior donde se produjo la excepción ---
   en System.Runtime.ExceptionServices.ExceptionDispatchInfo.Throw()
   en System.Runtime.CompilerServices.TaskAwaiter.HandleNonSuccessAndDebuggerNotification(Task task)
   en System.Runtime.CompilerServices.TaskAwaiter`1.GetResult()
   en CapaDatos.Services.EmailQueueProcessor.<ProcessQueueAsync>d__10.MoveNext() en C:\AOCR\AOCR\AOCR05-01-2026\AOCR1\AOCR\CapaDatos\Services\EmailQueueService.cs:línea 332
2026-01-31 10:13:36.449 | ERROR | CID:N/A | ERR:EMAIL_QUEUE_ERROR | Error de configuración de base de datos.
    Exception: DataAccessException
    StackTrace:    en CapaDatos.Infrastructure.BaseDAO.ExecuteWithConnection[T](Func`2 action) en C:\AOCR\AOCR\AOCR05-01-2026\AOCR1\AOCR\CapaDatos\Infrastructure\BaseDAO.cs:línea 68
   en CapaDatos.Services.EmailQueueService.<ObtenerSiguienteAsync>d__5.MoveNext() en C:\AOCR\AOCR\AOCR05-01-2026\AOCR1\AOCR\CapaDatos\Services\EmailQueueService.cs:línea 136
--- Fin del seguimiento de la pila de la ubicación anterior donde se produjo la excepción ---
   en System.Runtime.ExceptionServices.ExceptionDispatchInfo.Throw()
   en System.Runtime.CompilerServices.TaskAwaiter.HandleNonSuccessAndDebuggerNotification(Task task)
   en System.Runtime.CompilerServices.TaskAwaiter`1.GetResult()
   en CapaDatos.Services.EmailQueueProcessor.<ProcessQueueAsync>d__10.MoveNext() en C:\AOCR\AOCR\AOCR05-01-2026\AOCR1\AOCR\CapaDatos\Services\EmailQueueService.cs:línea 332
2026-01-31 10:14:06.516 | ERROR | CID:N/A | ERR:EMAIL_QUEUE_ERROR | Error de configuración de base de datos.
    Exception: DataAccessException
    StackTrace:    en CapaDatos.Infrastructure.BaseDAO.ExecuteWithConnection[T](Func`2 action) en C:\AOCR\AOCR\AOCR05-01-2026\AOCR1\AOCR\CapaDatos\Infrastructure\BaseDAO.cs:línea 68
   en CapaDatos.Services.EmailQueueService.<ObtenerSiguienteAsync>d__5.MoveNext() en C:\AOCR\AOCR\AOCR05-01-2026\AOCR1\AOCR\CapaDatos\Services\EmailQueueService.cs:línea 136
--- Fin del seguimiento de la pila de la ubicación anterior donde se produjo la excepción ---
   en System.Runtime.ExceptionServices.ExceptionDispatchInfo.Throw()
   en System.Runtime.CompilerServices.TaskAwaiter.HandleNonSuccessAndDebuggerNotification(Task task)
   en System.Runtime.CompilerServices.TaskAwaiter`1.GetResult()
   en CapaDatos.Services.EmailQueueProcessor.<ProcessQueueAsync>d__10.MoveNext() en C:\AOCR\AOCR\AOCR05-01-2026\AOCR1\AOCR\CapaDatos\Services\EmailQueueService.cs:línea 332
2026-01-31 10:14:36.567 | ERROR | CID:N/A | ERR:EMAIL_QUEUE_ERROR | Error de configuración de base de datos.
    Exception: DataAccessException
    StackTrace:    en CapaDatos.Infrastructure.BaseDAO.ExecuteWithConnection[T](Func`2 action) en C:\AOCR\AOCR\AOCR05-01-2026\AOCR1\AOCR\CapaDatos\Infrastructure\BaseDAO.cs:línea 68
   en CapaDatos.Services.EmailQueueService.<ObtenerSiguienteAsync>d__5.MoveNext() en C:\AOCR\AOCR\AOCR05-01-2026\AOCR1\AOCR\CapaDatos\Services\EmailQueueService.cs:línea 136
--- Fin del seguimiento de la pila de la ubicación anterior donde se produjo la excepción ---
   en System.Runtime.ExceptionServices.ExceptionDispatchInfo.Throw()
   en System.Runtime.CompilerServices.TaskAwaiter.HandleNonSuccessAndDebuggerNotification(Task task)
   en System.Runtime.CompilerServices.TaskAwaiter`1.GetResult()
   en CapaDatos.Services.EmailQueueProcessor.<ProcessQueueAsync>d__10.MoveNext() en C:\AOCR\AOCR\AOCR05-01-2026\AOCR1\AOCR\CapaDatos\Services\EmailQueueService.cs:línea 332
2026-01-31 10:15:06.622 | ERROR | CID:N/A | ERR:EMAIL_QUEUE_ERROR | Error de configuración de base de datos.
    Exception: DataAccessException
    StackTrace:    en CapaDatos.Infrastructure.BaseDAO.ExecuteWithConnection[T](Func`2 action) en C:\AOCR\AOCR\AOCR05-01-2026\AOCR1\AOCR\CapaDatos\Infrastructure\BaseDAO.cs:línea 68
   en CapaDatos.Services.EmailQueueService.<ObtenerSiguienteAsync>d__5.MoveNext() en C:\AOCR\AOCR\AOCR05-01-2026\AOCR1\AOCR\CapaDatos\Services\EmailQueueService.cs:línea 136
--- Fin del seguimiento de la pila de la ubicación anterior donde se produjo la excepción ---
   en System.Runtime.ExceptionServices.ExceptionDispatchInfo.Throw()
   en System.Runtime.CompilerServices.TaskAwaiter.HandleNonSuccessAndDebuggerNotification(Task task)
   en System.Runtime.CompilerServices.TaskAwaiter`1.GetResult()
   en CapaDatos.Services.EmailQueueProcessor.<ProcessQueueAsync>d__10.MoveNext() en C:\AOCR\AOCR\AOCR05-01-2026\AOCR1\AOCR\CapaDatos\Services\EmailQueueService.cs:línea 332
2026-01-31 10:15:36.685 | ERROR | CID:N/A | ERR:EMAIL_QUEUE_ERROR | Error de configuración de base de datos.
    Exception: DataAccessException
    StackTrace:    en CapaDatos.Infrastructure.BaseDAO.ExecuteWithConnection[T](Func`2 action) en C:\AOCR\AOCR\AOCR05-01-2026\AOCR1\AOCR\CapaDatos\Infrastructure\BaseDAO.cs:línea 68
   en CapaDatos.Services.EmailQueueService.<ObtenerSiguienteAsync>d__5.MoveNext() en C:\AOCR\AOCR\AOCR05-01-2026\AOCR1\AOCR\CapaDatos\Services\EmailQueueService.cs:línea 136
--- Fin del seguimiento de la pila de la ubicación anterior donde se produjo la excepción ---
   en System.Runtime.ExceptionServices.ExceptionDispatchInfo.Throw()
   en System.Runtime.CompilerServices.TaskAwaiter.HandleNonSuccessAndDebuggerNotification(Task task)
   en System.Runtime.CompilerServices.TaskAwaiter`1.GetResult()
   en CapaDatos.Services.EmailQueueProcessor.<ProcessQueueAsync>d__10.MoveNext() en C:\AOCR\AOCR\AOCR05-01-2026\AOCR1\AOCR\CapaDatos\Services\EmailQueueService.cs:línea 332
2026-01-31 10:16:06.744 | ERROR | CID:N/A | ERR:EMAIL_QUEUE_ERROR | Error de configuración de base de datos.
    Exception: DataAccessException
    StackTrace:    en CapaDatos.Infrastructure.BaseDAO.ExecuteWithConnection[T](Func`2 action) en C:\AOCR\AOCR\AOCR05-01-2026\AOCR1\AOCR\CapaDatos\Infrastructure\BaseDAO.cs:línea 68
   en CapaDatos.Services.EmailQueueService.<ObtenerSiguienteAsync>d__5.MoveNext() en C:\AOCR\AOCR\AOCR05-01-2026\AOCR1\AOCR\CapaDatos\Services\EmailQueueService.cs:línea 136
--- Fin del seguimiento de la pila de la ubicación anterior donde se produjo la excepción ---
   en System.Runtime.ExceptionServices.ExceptionDispatchInfo.Throw()
   en System.Runtime.CompilerServices.TaskAwaiter.HandleNonSuccessAndDebuggerNotification(Task task)
   en System.Runtime.CompilerServices.TaskAwaiter`1.GetResult()
   en CapaDatos.Services.EmailQueueProcessor.<ProcessQueueAsync>d__10.MoveNext() en C:\AOCR\AOCR\AOCR05-01-2026\AOCR1\AOCR\CapaDatos\Services\EmailQueueService.cs:línea 332
2026-01-31 10:16:36.802 | ERROR | CID:N/A | ERR:EMAIL_QUEUE_ERROR | Error de configuración de base de datos.
    Exception: DataAccessException
    StackTrace:    en CapaDatos.Infrastructure.BaseDAO.ExecuteWithConnection[T](Func`2 action) en C:\AOCR\AOCR\AOCR05-01-2026\AOCR1\AOCR\CapaDatos\Infrastructure\BaseDAO.cs:línea 68
   en CapaDatos.Services.EmailQueueService.<ObtenerSiguienteAsync>d__5.MoveNext() en C:\AOCR\AOCR\AOCR05-01-2026\AOCR1\AOCR\CapaDatos\Services\EmailQueueService.cs:línea 136
--- Fin del seguimiento de la pila de la ubicación anterior donde se produjo la excepción ---
   en System.Runtime.ExceptionServices.ExceptionDispatchInfo.Throw()
   en System.Runtime.CompilerServices.TaskAwaiter.HandleNonSuccessAndDebuggerNotification(Task task)
   en System.Runtime.CompilerServices.TaskAwaiter`1.GetResult()
   en CapaDatos.Services.EmailQueueProcessor.<ProcessQueueAsync>d__10.MoveNext() en C:\AOCR\AOCR\AOCR05-01-2026\AOCR1\AOCR\CapaDatos\Services\EmailQueueService.cs:línea 332
2026-01-31 10:17:06.850 | ERROR | CID:N/A | ERR:EMAIL_QUEUE_ERROR | Error de configuración de base de datos.
    Exception: DataAccessException
    StackTrace:    en CapaDatos.Infrastructure.BaseDAO.ExecuteWithConnection[T](Func`2 action) en C:\AOCR\AOCR\AOCR05-01-2026\AOCR1\AOCR\CapaDatos\Infrastructure\BaseDAO.cs:línea 68
   en CapaDatos.Services.EmailQueueService.<ObtenerSiguienteAsync>d__5.MoveNext() en C:\AOCR\AOCR\AOCR05-01-2026\AOCR1\AOCR\CapaDatos\Services\EmailQueueService.cs:línea 136
--- Fin del seguimiento de la pila de la ubicación anterior donde se produjo la excepción ---
   en System.Runtime.ExceptionServices.ExceptionDispatchInfo.Throw()
   en System.Runtime.CompilerServices.TaskAwaiter.HandleNonSuccessAndDebuggerNotification(Task task)
   en System.Runtime.CompilerServices.TaskAwaiter`1.GetResult()
   en CapaDatos.Services.EmailQueueProcessor.<ProcessQueueAsync>d__10.MoveNext() en C:\AOCR\AOCR\AOCR05-01-2026\AOCR1\AOCR\CapaDatos\Services\EmailQueueService.cs:línea 332
2026-01-31 10:17:36.900 | ERROR | CID:N/A | ERR:EMAIL_QUEUE_ERROR | Error de configuración de base de datos.
    Exception: DataAccessException
    StackTrace:    en CapaDatos.Infrastructure.BaseDAO.ExecuteWithConnection[T](Func`2 action) en C:\AOCR\AOCR\AOCR05-01-2026\AOCR1\AOCR\CapaDatos\Infrastructure\BaseDAO.cs:línea 68
   en CapaDatos.Services.EmailQueueService.<ObtenerSiguienteAsync>d__5.MoveNext() en C:\AOCR\AOCR\AOCR05-01-2026\AOCR1\AOCR\CapaDatos\Services\EmailQueueService.cs:línea 136
--- Fin del seguimiento de la pila de la ubicación anterior donde se produjo la excepción ---
   en System.Runtime.ExceptionServices.ExceptionDispatchInfo.Throw()
   en System.Runtime.CompilerServices.TaskAwaiter.HandleNonSuccessAndDebuggerNotification(Task task)
   en System.Runtime.CompilerServices.TaskAwaiter`1.GetResult()
   en CapaDatos.Services.EmailQueueProcessor.<ProcessQueueAsync>d__10.MoveNext() en C:\AOCR\AOCR\AOCR05-01-2026\AOCR1\AOCR\CapaDatos\Services\EmailQueueService.cs:línea 332
2026-01-31 10:18:06.955 | ERROR | CID:N/A | ERR:EMAIL_QUEUE_ERROR | Error de configuración de base de datos.
    Exception: DataAccessException
    StackTrace:    en CapaDatos.Infrastructure.BaseDAO.ExecuteWithConnection[T](Func`2 action) en C:\AOCR\AOCR\AOCR05-01-2026\AOCR1\AOCR\CapaDatos\Infrastructure\BaseDAO.cs:línea 68
   en CapaDatos.Services.EmailQueueService.<ObtenerSiguienteAsync>d__5.MoveNext() en C:\AOCR\AOCR\AOCR05-01-2026\AOCR1\AOCR\CapaDatos\Services\EmailQueueService.cs:línea 136
--- Fin del seguimiento de la pila de la ubicación anterior donde se produjo la excepción ---
   en System.Runtime.ExceptionServices.ExceptionDispatchInfo.Throw()
   en System.Runtime.CompilerServices.TaskAwaiter.HandleNonSuccessAndDebuggerNotification(Task task)
   en System.Runtime.CompilerServices.TaskAwaiter`1.GetResult()
   en CapaDatos.Services.EmailQueueProcessor.<ProcessQueueAsync>d__10.MoveNext() en C:\AOCR\AOCR\AOCR05-01-2026\AOCR1\AOCR\CapaDatos\Services\EmailQueueService.cs:línea 332
2026-01-31 10:18:37.004 | ERROR | CID:N/A | ERR:EMAIL_QUEUE_ERROR | Error de configuración de base de datos.
    Exception: DataAccessException
    StackTrace:    en CapaDatos.Infrastructure.BaseDAO.ExecuteWithConnection[T](Func`2 action) en C:\AOCR\AOCR\AOCR05-01-2026\AOCR1\AOCR\CapaDatos\Infrastructure\BaseDAO.cs:línea 68
   en CapaDatos.Services.EmailQueueService.<ObtenerSiguienteAsync>d__5.MoveNext() en C:\AOCR\AOCR\AOCR05-01-2026\AOCR1\AOCR\CapaDatos\Services\EmailQueueService.cs:línea 136
--- Fin del seguimiento de la pila de la ubicación anterior donde se produjo la excepción ---
   en System.Runtime.ExceptionServices.ExceptionDispatchInfo.Throw()
   en System.Runtime.CompilerServices.TaskAwaiter.HandleNonSuccessAndDebuggerNotification(Task task)
   en System.Runtime.CompilerServices.TaskAwaiter`1.GetResult()
   en CapaDatos.Services.EmailQueueProcessor.<ProcessQueueAsync>d__10.MoveNext() en C:\AOCR\AOCR\AOCR05-01-2026\AOCR1\AOCR\CapaDatos\Services\EmailQueueService.cs:línea 332
2026-01-31 10:19:07.058 | ERROR | CID:N/A | ERR:EMAIL_QUEUE_ERROR | Error de configuración de base de datos.
    Exception: DataAccessException
    StackTrace:    en CapaDatos.Infrastructure.BaseDAO.ExecuteWithConnection[T](Func`2 action) en C:\AOCR\AOCR\AOCR05-01-2026\AOCR1\AOCR\CapaDatos\Infrastructure\BaseDAO.cs:línea 68
   en CapaDatos.Services.EmailQueueService.<ObtenerSiguienteAsync>d__5.MoveNext() en C:\AOCR\AOCR\AOCR05-01-2026\AOCR1\AOCR\CapaDatos\Services\EmailQueueService.cs:línea 136
--- Fin del seguimiento de la pila de la ubicación anterior donde se produjo la excepción ---
   en System.Runtime.ExceptionServices.ExceptionDispatchInfo.Throw()
   en System.Runtime.CompilerServices.TaskAwaiter.HandleNonSuccessAndDebuggerNotification(Task task)
   en System.Runtime.CompilerServices.TaskAwaiter`1.GetResult()
   en CapaDatos.Services.EmailQueueProcessor.<ProcessQueueAsync>d__10.MoveNext() en C:\AOCR\AOCR\AOCR05-01-2026\AOCR1\AOCR\CapaDatos\Services\EmailQueueService.cs:línea 332
2026-01-31 10:19:37.124 | ERROR | CID:N/A | ERR:EMAIL_QUEUE_ERROR | Error de configuración de base de datos.
    Exception: DataAccessException
    StackTrace:    en CapaDatos.Infrastructure.BaseDAO.ExecuteWithConnection[T](Func`2 action) en C:\AOCR\AOCR\AOCR05-01-2026\AOCR1\AOCR\CapaDatos\Infrastructure\BaseDAO.cs:línea 68
   en CapaDatos.Services.EmailQueueService.<ObtenerSiguienteAsync>d__5.MoveNext() en C:\AOCR\AOCR\AOCR05-01-2026\AOCR1\AOCR\CapaDatos\Services\EmailQueueService.cs:línea 136
--- Fin del seguimiento de la pila de la ubicación anterior donde se produjo la excepción ---
   en System.Runtime.ExceptionServices.ExceptionDispatchInfo.Throw()
   en System.Runtime.CompilerServices.TaskAwaiter.HandleNonSuccessAndDebuggerNotification(Task task)
   en System.Runtime.CompilerServices.TaskAwaiter`1.GetResult()
   en CapaDatos.Services.EmailQueueProcessor.<ProcessQueueAsync>d__10.MoveNext() en C:\AOCR\AOCR\AOCR05-01-2026\AOCR1\AOCR\CapaDatos\Services\EmailQueueService.cs:línea 332
2026-01-31 10:20:07.177 | ERROR | CID:N/A | ERR:EMAIL_QUEUE_ERROR | Error de configuración de base de datos.
    Exception: DataAccessException
    StackTrace:    en CapaDatos.Infrastructure.BaseDAO.ExecuteWithConnection[T](Func`2 action) en C:\AOCR\AOCR\AOCR05-01-2026\AOCR1\AOCR\CapaDatos\Infrastructure\BaseDAO.cs:línea 68
   en CapaDatos.Services.EmailQueueService.<ObtenerSiguienteAsync>d__5.MoveNext() en C:\AOCR\AOCR\AOCR05-01-2026\AOCR1\AOCR\CapaDatos\Services\EmailQueueService.cs:línea 136
--- Fin del seguimiento de la pila de la ubicación anterior donde se produjo la excepción ---
   en System.Runtime.ExceptionServices.ExceptionDispatchInfo.Throw()
   en System.Runtime.CompilerServices.TaskAwaiter.HandleNonSuccessAndDebuggerNotification(Task task)
   en System.Runtime.CompilerServices.TaskAwaiter`1.GetResult()
   en CapaDatos.Services.EmailQueueProcessor.<ProcessQueueAsync>d__10.MoveNext() en C:\AOCR\AOCR\AOCR05-01-2026\AOCR1\AOCR\CapaDatos\Services\EmailQueueService.cs:línea 332
2026-01-31 10:20:37.225 | ERROR | CID:N/A | ERR:EMAIL_QUEUE_ERROR | Error de configuración de base de datos.
    Exception: DataAccessException
    StackTrace:    en CapaDatos.Infrastructure.BaseDAO.ExecuteWithConnection[T](Func`2 action) en C:\AOCR\AOCR\AOCR05-01-2026\AOCR1\AOCR\CapaDatos\Infrastructure\BaseDAO.cs:línea 68
   en CapaDatos.Services.EmailQueueService.<ObtenerSiguienteAsync>d__5.MoveNext() en C:\AOCR\AOCR\AOCR05-01-2026\AOCR1\AOCR\CapaDatos\Services\EmailQueueService.cs:línea 136
--- Fin del seguimiento de la pila de la ubicación anterior donde se produjo la excepción ---
   en System.Runtime.ExceptionServices.ExceptionDispatchInfo.Throw()
   en System.Runtime.CompilerServices.TaskAwaiter.HandleNonSuccessAndDebuggerNotification(Task task)
   en System.Runtime.CompilerServices.TaskAwaiter`1.GetResult()
   en CapaDatos.Services.EmailQueueProcessor.<ProcessQueueAsync>d__10.MoveNext() en C:\AOCR\AOCR\AOCR05-01-2026\AOCR1\AOCR\CapaDatos\Services\EmailQueueService.cs:línea 332
2026-01-31 10:21:07.281 | ERROR | CID:N/A | ERR:EMAIL_QUEUE_ERROR | Error de configuración de base de datos.
    Exception: DataAccessException
    StackTrace:    en CapaDatos.Infrastructure.BaseDAO.ExecuteWithConnection[T](Func`2 action) en C:\AOCR\AOCR\AOCR05-01-2026\AOCR1\AOCR\CapaDatos\Infrastructure\BaseDAO.cs:línea 68
   en CapaDatos.Services.EmailQueueService.<ObtenerSiguienteAsync>d__5.MoveNext() en C:\AOCR\AOCR\AOCR05-01-2026\AOCR1\AOCR\CapaDatos\Services\EmailQueueService.cs:línea 136
--- Fin del seguimiento de la pila de la ubicación anterior donde se produjo la excepción ---
   en System.Runtime.ExceptionServices.ExceptionDispatchInfo.Throw()
   en System.Runtime.CompilerServices.TaskAwaiter.HandleNonSuccessAndDebuggerNotification(Task task)
   en System.Runtime.CompilerServices.TaskAwaiter`1.GetResult()
   en CapaDatos.Services.EmailQueueProcessor.<ProcessQueueAsync>d__10.MoveNext() en C:\AOCR\AOCR\AOCR05-01-2026\AOCR1\AOCR\CapaDatos\Services\EmailQueueService.cs:línea 332
2026-01-31 10:21:37.341 | ERROR | CID:N/A | ERR:EMAIL_QUEUE_ERROR | Error de configuración de base de datos.
    Exception: DataAccessException
    StackTrace:    en CapaDatos.Infrastructure.BaseDAO.ExecuteWithConnection[T](Func`2 action) en C:\AOCR\AOCR\AOCR05-01-2026\AOCR1\AOCR\CapaDatos\Infrastructure\BaseDAO.cs:línea 68
   en CapaDatos.Services.EmailQueueService.<ObtenerSiguienteAsync>d__5.MoveNext() en C:\AOCR\AOCR\AOCR05-01-2026\AOCR1\AOCR\CapaDatos\Services\EmailQueueService.cs:línea 136
--- Fin del seguimiento de la pila de la ubicación anterior donde se produjo la excepción ---
   en System.Runtime.ExceptionServices.ExceptionDispatchInfo.Throw()
   en System.Runtime.CompilerServices.TaskAwaiter.HandleNonSuccessAndDebuggerNotification(Task task)
   en System.Runtime.CompilerServices.TaskAwaiter`1.GetResult()
   en CapaDatos.Services.EmailQueueProcessor.<ProcessQueueAsync>d__10.MoveNext() en C:\AOCR\AOCR\AOCR05-01-2026\AOCR1\AOCR\CapaDatos\Services\EmailQueueService.cs:línea 332
2026-01-31 10:22:07.387 | ERROR | CID:N/A | ERR:EMAIL_QUEUE_ERROR | Error de configuración de base de datos.
    Exception: DataAccessException
    StackTrace:    en CapaDatos.Infrastructure.BaseDAO.ExecuteWithConnection[T](Func`2 action) en C:\AOCR\AOCR\AOCR05-01-2026\AOCR1\AOCR\CapaDatos\Infrastructure\BaseDAO.cs:línea 68
   en CapaDatos.Services.EmailQueueService.<ObtenerSiguienteAsync>d__5.MoveNext() en C:\AOCR\AOCR\AOCR05-01-2026\AOCR1\AOCR\CapaDatos\Services\EmailQueueService.cs:línea 136
--- Fin del seguimiento de la pila de la ubicación anterior donde se produjo la excepción ---
   en System.Runtime.ExceptionServices.ExceptionDispatchInfo.Throw()
   en System.Runtime.CompilerServices.TaskAwaiter.HandleNonSuccessAndDebuggerNotification(Task task)
   en System.Runtime.CompilerServices.TaskAwaiter`1.GetResult()
   en CapaDatos.Services.EmailQueueProcessor.<ProcessQueueAsync>d__10.MoveNext() en C:\AOCR\AOCR\AOCR05-01-2026\AOCR1\AOCR\CapaDatos\Services\EmailQueueService.cs:línea 332
2026-01-31 10:22:37.442 | ERROR | CID:N/A | ERR:EMAIL_QUEUE_ERROR | Error de configuración de base de datos.
    Exception: DataAccessException
    StackTrace:    en CapaDatos.Infrastructure.BaseDAO.ExecuteWithConnection[T](Func`2 action) en C:\AOCR\AOCR\AOCR05-01-2026\AOCR1\AOCR\CapaDatos\Infrastructure\BaseDAO.cs:línea 68
   en CapaDatos.Services.EmailQueueService.<ObtenerSiguienteAsync>d__5.MoveNext() en C:\AOCR\AOCR\AOCR05-01-2026\AOCR1\AOCR\CapaDatos\Services\EmailQueueService.cs:línea 136
--- Fin del seguimiento de la pila de la ubicación anterior donde se produjo la excepción ---
   en System.Runtime.ExceptionServices.ExceptionDispatchInfo.Throw()
   en System.Runtime.CompilerServices.TaskAwaiter.HandleNonSuccessAndDebuggerNotification(Task task)
   en System.Runtime.CompilerServices.TaskAwaiter`1.GetResult()
   en CapaDatos.Services.EmailQueueProcessor.<ProcessQueueAsync>d__10.MoveNext() en C:\AOCR\AOCR\AOCR05-01-2026\AOCR1\AOCR\CapaDatos\Services\EmailQueueService.cs:línea 332
2026-01-31 10:23:07.499 | ERROR | CID:N/A | ERR:EMAIL_QUEUE_ERROR | Error de configuración de base de datos.
    Exception: DataAccessException
    StackTrace:    en CapaDatos.Infrastructure.BaseDAO.ExecuteWithConnection[T](Func`2 action) en C:\AOCR\AOCR\AOCR05-01-2026\AOCR1\AOCR\CapaDatos\Infrastructure\BaseDAO.cs:línea 68
   en CapaDatos.Services.EmailQueueService.<ObtenerSiguienteAsync>d__5.MoveNext() en C:\AOCR\AOCR\AOCR05-01-2026\AOCR1\AOCR\CapaDatos\Services\EmailQueueService.cs:línea 136
--- Fin del seguimiento de la pila de la ubicación anterior donde se produjo la excepción ---
   en System.Runtime.ExceptionServices.ExceptionDispatchInfo.Throw()
   en System.Runtime.CompilerServices.TaskAwaiter.HandleNonSuccessAndDebuggerNotification(Task task)
   en System.Runtime.CompilerServices.TaskAwaiter`1.GetResult()
   en CapaDatos.Services.EmailQueueProcessor.<ProcessQueueAsync>d__10.MoveNext() en C:\AOCR\AOCR\AOCR05-01-2026\AOCR1\AOCR\CapaDatos\Services\EmailQueueService.cs:línea 332
2026-01-31 10:23:37.549 | ERROR | CID:N/A | ERR:EMAIL_QUEUE_ERROR | Error de configuración de base de datos.
    Exception: DataAccessException
    StackTrace:    en CapaDatos.Infrastructure.BaseDAO.ExecuteWithConnection[T](Func`2 action) en C:\AOCR\AOCR\AOCR05-01-2026\AOCR1\AOCR\CapaDatos\Infrastructure\BaseDAO.cs:línea 68
   en CapaDatos.Services.EmailQueueService.<ObtenerSiguienteAsync>d__5.MoveNext() en C:\AOCR\AOCR\AOCR05-01-2026\AOCR1\AOCR\CapaDatos\Services\EmailQueueService.cs:línea 136
--- Fin del seguimiento de la pila de la ubicación anterior donde se produjo la excepción ---
   en System.Runtime.ExceptionServices.ExceptionDispatchInfo.Throw()
   en System.Runtime.CompilerServices.TaskAwaiter.HandleNonSuccessAndDebuggerNotification(Task task)
   en System.Runtime.CompilerServices.TaskAwaiter`1.GetResult()
   en CapaDatos.Services.EmailQueueProcessor.<ProcessQueueAsync>d__10.MoveNext() en C:\AOCR\AOCR\AOCR05-01-2026\AOCR1\AOCR\CapaDatos\Services\EmailQueueService.cs:línea 332
2026-01-31 10:24:07.596 | ERROR | CID:N/A | ERR:EMAIL_QUEUE_ERROR | Error de configuración de base de datos.
    Exception: DataAccessException
    StackTrace:    en CapaDatos.Infrastructure.BaseDAO.ExecuteWithConnection[T](Func`2 action) en C:\AOCR\AOCR\AOCR05-01-2026\AOCR1\AOCR\CapaDatos\Infrastructure\BaseDAO.cs:línea 68
   en CapaDatos.Services.EmailQueueService.<ObtenerSiguienteAsync>d__5.MoveNext() en C:\AOCR\AOCR\AOCR05-01-2026\AOCR1\AOCR\CapaDatos\Services\EmailQueueService.cs:línea 136
--- Fin del seguimiento de la pila de la ubicación anterior donde se produjo la excepción ---
   en System.Runtime.ExceptionServices.ExceptionDispatchInfo.Throw()
   en System.Runtime.CompilerServices.TaskAwaiter.HandleNonSuccessAndDebuggerNotification(Task task)
   en System.Runtime.CompilerServices.TaskAwaiter`1.GetResult()
   en CapaDatos.Services.EmailQueueProcessor.<ProcessQueueAsync>d__10.MoveNext() en C:\AOCR\AOCR\AOCR05-01-2026\AOCR1\AOCR\CapaDatos\Services\EmailQueueService.cs:línea 332
2026-01-31 10:24:37.654 | ERROR | CID:N/A | ERR:EMAIL_QUEUE_ERROR | Error de configuración de base de datos.
    Exception: DataAccessException
    StackTrace:    en CapaDatos.Infrastructure.BaseDAO.ExecuteWithConnection[T](Func`2 action) en C:\AOCR\AOCR\AOCR05-01-2026\AOCR1\AOCR\CapaDatos\Infrastructure\BaseDAO.cs:línea 68
   en CapaDatos.Services.EmailQueueService.<ObtenerSiguienteAsync>d__5.MoveNext() en C:\AOCR\AOCR\AOCR05-01-2026\AOCR1\AOCR\CapaDatos\Services\EmailQueueService.cs:línea 136
--- Fin del seguimiento de la pila de la ubicación anterior donde se produjo la excepción ---
   en System.Runtime.ExceptionServices.ExceptionDispatchInfo.Throw()
   en System.Runtime.CompilerServices.TaskAwaiter.HandleNonSuccessAndDebuggerNotification(Task task)
   en System.Runtime.CompilerServices.TaskAwaiter`1.GetResult()
   en CapaDatos.Services.EmailQueueProcessor.<ProcessQueueAsync>d__10.MoveNext() en C:\AOCR\AOCR\AOCR05-01-2026\AOCR1\AOCR\CapaDatos\Services\EmailQueueService.cs:línea 332
2026-01-31 10:25:07.716 | ERROR | CID:N/A | ERR:EMAIL_QUEUE_ERROR | Error de configuración de base de datos.
    Exception: DataAccessException
    StackTrace:    en CapaDatos.Infrastructure.BaseDAO.ExecuteWithConnection[T](Func`2 action) en C:\AOCR\AOCR\AOCR05-01-2026\AOCR1\AOCR\CapaDatos\Infrastructure\BaseDAO.cs:línea 68
   en CapaDatos.Services.EmailQueueService.<ObtenerSiguienteAsync>d__5.MoveNext() en C:\AOCR\AOCR\AOCR05-01-2026\AOCR1\AOCR\CapaDatos\Services\EmailQueueService.cs:línea 136
--- Fin del seguimiento de la pila de la ubicación anterior donde se produjo la excepción ---
   en System.Runtime.ExceptionServices.ExceptionDispatchInfo.Throw()
   en System.Runtime.CompilerServices.TaskAwaiter.HandleNonSuccessAndDebuggerNotification(Task task)
   en System.Runtime.CompilerServices.TaskAwaiter`1.GetResult()
   en CapaDatos.Services.EmailQueueProcessor.<ProcessQueueAsync>d__10.MoveNext() en C:\AOCR\AOCR\AOCR05-01-2026\AOCR1\AOCR\CapaDatos\Services\EmailQueueService.cs:línea 332
2026-01-31 10:25:37.797 | ERROR | CID:N/A | ERR:EMAIL_QUEUE_ERROR | Error de configuración de base de datos.
    Exception: DataAccessException
    StackTrace:    en CapaDatos.Infrastructure.BaseDAO.ExecuteWithConnection[T](Func`2 action) en C:\AOCR\AOCR\AOCR05-01-2026\AOCR1\AOCR\CapaDatos\Infrastructure\BaseDAO.cs:línea 68
   en CapaDatos.Services.EmailQueueService.<ObtenerSiguienteAsync>d__5.MoveNext() en C:\AOCR\AOCR\AOCR05-01-2026\AOCR1\AOCR\CapaDatos\Services\EmailQueueService.cs:línea 136
--- Fin del seguimiento de la pila de la ubicación anterior donde se produjo la excepción ---
   en System.Runtime.ExceptionServices.ExceptionDispatchInfo.Throw()
   en System.Runtime.CompilerServices.TaskAwaiter.HandleNonSuccessAndDebuggerNotification(Task task)
   en System.Runtime.CompilerServices.TaskAwaiter`1.GetResult()
   en CapaDatos.Services.EmailQueueProcessor.<ProcessQueueAsync>d__10.MoveNext() en C:\AOCR\AOCR\AOCR05-01-2026\AOCR1\AOCR\CapaDatos\Services\EmailQueueService.cs:línea 332
2026-01-31 10:26:07.851 | ERROR | CID:N/A | ERR:EMAIL_QUEUE_ERROR | Error de configuración de base de datos.
    Exception: DataAccessException
    StackTrace:    en CapaDatos.Infrastructure.BaseDAO.ExecuteWithConnection[T](Func`2 action) en C:\AOCR\AOCR\AOCR05-01-2026\AOCR1\AOCR\CapaDatos\Infrastructure\BaseDAO.cs:línea 68
   en CapaDatos.Services.EmailQueueService.<ObtenerSiguienteAsync>d__5.MoveNext() en C:\AOCR\AOCR\AOCR05-01-2026\AOCR1\AOCR\CapaDatos\Services\EmailQueueService.cs:línea 136
--- Fin del seguimiento de la pila de la ubicación anterior donde se produjo la excepción ---
   en System.Runtime.ExceptionServices.ExceptionDispatchInfo.Throw()
   en System.Runtime.CompilerServices.TaskAwaiter.HandleNonSuccessAndDebuggerNotification(Task task)
   en System.Runtime.CompilerServices.TaskAwaiter`1.GetResult()
   en CapaDatos.Services.EmailQueueProcessor.<ProcessQueueAsync>d__10.MoveNext() en C:\AOCR\AOCR\AOCR05-01-2026\AOCR1\AOCR\CapaDatos\Services\EmailQueueService.cs:línea 332
2026-01-31 10:26:37.895 | ERROR | CID:N/A | ERR:EMAIL_QUEUE_ERROR | Error de configuración de base de datos.
    Exception: DataAccessException
    StackTrace:    en CapaDatos.Infrastructure.BaseDAO.ExecuteWithConnection[T](Func`2 action) en C:\AOCR\AOCR\AOCR05-01-2026\AOCR1\AOCR\CapaDatos\Infrastructure\BaseDAO.cs:línea 68
   en CapaDatos.Services.EmailQueueService.<ObtenerSiguienteAsync>d__5.MoveNext() en C:\AOCR\AOCR\AOCR05-01-2026\AOCR1\AOCR\CapaDatos\Services\EmailQueueService.cs:línea 136
--- Fin del seguimiento de la pila de la ubicación anterior donde se produjo la excepción ---
   en System.Runtime.ExceptionServices.ExceptionDispatchInfo.Throw()
   en System.Runtime.CompilerServices.TaskAwaiter.HandleNonSuccessAndDebuggerNotification(Task task)
   en System.Runtime.CompilerServices.TaskAwaiter`1.GetResult()
   en CapaDatos.Services.EmailQueueProcessor.<ProcessQueueAsync>d__10.MoveNext() en C:\AOCR\AOCR\AOCR05-01-2026\AOCR1\AOCR\CapaDatos\Services\EmailQueueService.cs:línea 332
2026-01-31 10:27:07.945 | ERROR | CID:N/A | ERR:EMAIL_QUEUE_ERROR | Error de configuración de base de datos.
    Exception: DataAccessException
    StackTrace:    en CapaDatos.Infrastructure.BaseDAO.ExecuteWithConnection[T](Func`2 action) en C:\AOCR\AOCR\AOCR05-01-2026\AOCR1\AOCR\CapaDatos\Infrastructure\BaseDAO.cs:línea 68
   en CapaDatos.Services.EmailQueueService.<ObtenerSiguienteAsync>d__5.MoveNext() en C:\AOCR\AOCR\AOCR05-01-2026\AOCR1\AOCR\CapaDatos\Services\EmailQueueService.cs:línea 136
--- Fin del seguimiento de la pila de la ubicación anterior donde se produjo la excepción ---
   en System.Runtime.ExceptionServices.ExceptionDispatchInfo.Throw()
   en System.Runtime.CompilerServices.TaskAwaiter.HandleNonSuccessAndDebuggerNotification(Task task)
   en System.Runtime.CompilerServices.TaskAwaiter`1.GetResult()
   en CapaDatos.Services.EmailQueueProcessor.<ProcessQueueAsync>d__10.MoveNext() en C:\AOCR\AOCR\AOCR05-01-2026\AOCR1\AOCR\CapaDatos\Services\EmailQueueService.cs:línea 332
2026-01-31 10:27:38.001 | ERROR | CID:N/A | ERR:EMAIL_QUEUE_ERROR | Error de configuración de base de datos.
    Exception: DataAccessException
    StackTrace:    en CapaDatos.Infrastructure.BaseDAO.ExecuteWithConnection[T](Func`2 action) en C:\AOCR\AOCR\AOCR05-01-2026\AOCR1\AOCR\CapaDatos\Infrastructure\BaseDAO.cs:línea 68
   en CapaDatos.Services.EmailQueueService.<ObtenerSiguienteAsync>d__5.MoveNext() en C:\AOCR\AOCR\AOCR05-01-2026\AOCR1\AOCR\CapaDatos\Services\EmailQueueService.cs:línea 136
--- Fin del seguimiento de la pila de la ubicación anterior donde se produjo la excepción ---
   en System.Runtime.ExceptionServices.ExceptionDispatchInfo.Throw()
   en System.Runtime.CompilerServices.TaskAwaiter.HandleNonSuccessAndDebuggerNotification(Task task)
   en System.Runtime.CompilerServices.TaskAwaiter`1.GetResult()
   en CapaDatos.Services.EmailQueueProcessor.<ProcessQueueAsync>d__10.MoveNext() en C:\AOCR\AOCR\AOCR05-01-2026\AOCR1\AOCR\CapaDatos\Services\EmailQueueService.cs:línea 332
2026-01-31 10:28:08.057 | ERROR | CID:N/A | ERR:EMAIL_QUEUE_ERROR | Error de configuración de base de datos.
    Exception: DataAccessException
    StackTrace:    en CapaDatos.Infrastructure.BaseDAO.ExecuteWithConnection[T](Func`2 action) en C:\AOCR\AOCR\AOCR05-01-2026\AOCR1\AOCR\CapaDatos\Infrastructure\BaseDAO.cs:línea 68
   en CapaDatos.Services.EmailQueueService.<ObtenerSiguienteAsync>d__5.MoveNext() en C:\AOCR\AOCR\AOCR05-01-2026\AOCR1\AOCR\CapaDatos\Services\EmailQueueService.cs:línea 136
--- Fin del seguimiento de la pila de la ubicación anterior donde se produjo la excepción ---
   en System.Runtime.ExceptionServices.ExceptionDispatchInfo.Throw()
   en System.Runtime.CompilerServices.TaskAwaiter.HandleNonSuccessAndDebuggerNotification(Task task)
   en System.Runtime.CompilerServices.TaskAwaiter`1.GetResult()
   en CapaDatos.Services.EmailQueueProcessor.<ProcessQueueAsync>d__10.MoveNext() en C:\AOCR\AOCR\AOCR05-01-2026\AOCR1\AOCR\CapaDatos\Services\EmailQueueService.cs:línea 332
2026-01-31 10:28:38.115 | ERROR | CID:N/A | ERR:EMAIL_QUEUE_ERROR | Error de configuración de base de datos.
    Exception: DataAccessException
    StackTrace:    en CapaDatos.Infrastructure.BaseDAO.ExecuteWithConnection[T](Func`2 action) en C:\AOCR\AOCR\AOCR05-01-2026\AOCR1\AOCR\CapaDatos\Infrastructure\BaseDAO.cs:línea 68
   en CapaDatos.Services.EmailQueueService.<ObtenerSiguienteAsync>d__5.MoveNext() en C:\AOCR\AOCR\AOCR05-01-2026\AOCR1\AOCR\CapaDatos\Services\EmailQueueService.cs:línea 136
--- Fin del seguimiento de la pila de la ubicación anterior donde se produjo la excepción ---
   en System.Runtime.ExceptionServices.ExceptionDispatchInfo.Throw()
   en System.Runtime.CompilerServices.TaskAwaiter.HandleNonSuccessAndDebuggerNotification(Task task)
   en System.Runtime.CompilerServices.TaskAwaiter`1.GetResult()
   en CapaDatos.Services.EmailQueueProcessor.<ProcessQueueAsync>d__10.MoveNext() en C:\AOCR\AOCR\AOCR05-01-2026\AOCR1\AOCR\CapaDatos\Services\EmailQueueService.cs:línea 332
2026-01-31 10:29:08.173 | ERROR | CID:N/A | ERR:EMAIL_QUEUE_ERROR | Error de configuración de base de datos.
    Exception: DataAccessException
    StackTrace:    en CapaDatos.Infrastructure.BaseDAO.ExecuteWithConnection[T](Func`2 action) en C:\AOCR\AOCR\AOCR05-01-2026\AOCR1\AOCR\CapaDatos\Infrastructure\BaseDAO.cs:línea 68
   en CapaDatos.Services.EmailQueueService.<ObtenerSiguienteAsync>d__5.MoveNext() en C:\AOCR\AOCR\AOCR05-01-2026\AOCR1\AOCR\CapaDatos\Services\EmailQueueService.cs:línea 136
--- Fin del seguimiento de la pila de la ubicación anterior donde se produjo la excepción ---
   en System.Runtime.ExceptionServices.ExceptionDispatchInfo.Throw()
   en System.Runtime.CompilerServices.TaskAwaiter.HandleNonSuccessAndDebuggerNotification(Task task)
   en System.Runtime.CompilerServices.TaskAwaiter`1.GetResult()
   en CapaDatos.Services.EmailQueueProcessor.<ProcessQueueAsync>d__10.MoveNext() en C:\AOCR\AOCR\AOCR05-01-2026\AOCR1\AOCR\CapaDatos\Services\EmailQueueService.cs:línea 332
2026-01-31 10:29:38.217 | ERROR | CID:N/A | ERR:EMAIL_QUEUE_ERROR | Error de configuración de base de datos.
    Exception: DataAccessException
    StackTrace:    en CapaDatos.Infrastructure.BaseDAO.ExecuteWithConnection[T](Func`2 action) en C:\AOCR\AOCR\AOCR05-01-2026\AOCR1\AOCR\CapaDatos\Infrastructure\BaseDAO.cs:línea 68
   en CapaDatos.Services.EmailQueueService.<ObtenerSiguienteAsync>d__5.MoveNext() en C:\AOCR\AOCR\AOCR05-01-2026\AOCR1\AOCR\CapaDatos\Services\EmailQueueService.cs:línea 136
--- Fin del seguimiento de la pila de la ubicación anterior donde se produjo la excepción ---
   en System.Runtime.ExceptionServices.ExceptionDispatchInfo.Throw()
   en System.Runtime.CompilerServices.TaskAwaiter.HandleNonSuccessAndDebuggerNotification(Task task)
   en System.Runtime.CompilerServices.TaskAwaiter`1.GetResult()
   en CapaDatos.Services.EmailQueueProcessor.<ProcessQueueAsync>d__10.MoveNext() en C:\AOCR\AOCR\AOCR05-01-2026\AOCR1\AOCR\CapaDatos\Services\EmailQueueService.cs:línea 332
2026-01-31 10:30:08.263 | ERROR | CID:N/A | ERR:EMAIL_QUEUE_ERROR | Error de configuración de base de datos.
    Exception: DataAccessException
    StackTrace:    en CapaDatos.Infrastructure.BaseDAO.ExecuteWithConnection[T](Func`2 action) en C:\AOCR\AOCR\AOCR05-01-2026\AOCR1\AOCR\CapaDatos\Infrastructure\BaseDAO.cs:línea 68
   en CapaDatos.Services.EmailQueueService.<ObtenerSiguienteAsync>d__5.MoveNext() en C:\AOCR\AOCR\AOCR05-01-2026\AOCR1\AOCR\CapaDatos\Services\EmailQueueService.cs:línea 136
--- Fin del seguimiento de la pila de la ubicación anterior donde se produjo la excepción ---
   en System.Runtime.ExceptionServices.ExceptionDispatchInfo.Throw()
   en System.Runtime.CompilerServices.TaskAwaiter.HandleNonSuccessAndDebuggerNotification(Task task)
   en System.Runtime.CompilerServices.TaskAwaiter`1.GetResult()
   en CapaDatos.Services.EmailQueueProcessor.<ProcessQueueAsync>d__10.MoveNext() en C:\AOCR\AOCR\AOCR05-01-2026\AOCR1\AOCR\CapaDatos\Services\EmailQueueService.cs:línea 332
2026-01-31 10:30:38.318 | ERROR | CID:N/A | ERR:EMAIL_QUEUE_ERROR | Error de configuración de base de datos.
    Exception: DataAccessException
    StackTrace:    en CapaDatos.Infrastructure.BaseDAO.ExecuteWithConnection[T](Func`2 action) en C:\AOCR\AOCR\AOCR05-01-2026\AOCR1\AOCR\CapaDatos\Infrastructure\BaseDAO.cs:línea 68
   en CapaDatos.Services.EmailQueueService.<ObtenerSiguienteAsync>d__5.MoveNext() en C:\AOCR\AOCR\AOCR05-01-2026\AOCR1\AOCR\CapaDatos\Services\EmailQueueService.cs:línea 136
--- Fin del seguimiento de la pila de la ubicación anterior donde se produjo la excepción ---
   en System.Runtime.ExceptionServices.ExceptionDispatchInfo.Throw()
   en System.Runtime.CompilerServices.TaskAwaiter.HandleNonSuccessAndDebuggerNotification(Task task)
   en System.Runtime.CompilerServices.TaskAwaiter`1.GetResult()
   en CapaDatos.Services.EmailQueueProcessor.<ProcessQueueAsync>d__10.MoveNext() en C:\AOCR\AOCR\AOCR05-01-2026\AOCR1\AOCR\CapaDatos\Services\EmailQueueService.cs:línea 332
2026-01-31 10:31:08.360 | ERROR | CID:N/A | ERR:EMAIL_QUEUE_ERROR | Error de configuración de base de datos.
    Exception: DataAccessException
    StackTrace:    en CapaDatos.Infrastructure.BaseDAO.ExecuteWithConnection[T](Func`2 action) en C:\AOCR\AOCR\AOCR05-01-2026\AOCR1\AOCR\CapaDatos\Infrastructure\BaseDAO.cs:línea 68
   en CapaDatos.Services.EmailQueueService.<ObtenerSiguienteAsync>d__5.MoveNext() en C:\AOCR\AOCR\AOCR05-01-2026\AOCR1\AOCR\CapaDatos\Services\EmailQueueService.cs:línea 136
--- Fin del seguimiento de la pila de la ubicación anterior donde se produjo la excepción ---
   en System.Runtime.ExceptionServices.ExceptionDispatchInfo.Throw()
   en System.Runtime.CompilerServices.TaskAwaiter.HandleNonSuccessAndDebuggerNotification(Task task)
   en System.Runtime.CompilerServices.TaskAwaiter`1.GetResult()
   en CapaDatos.Services.EmailQueueProcessor.<ProcessQueueAsync>d__10.MoveNext() en C:\AOCR\AOCR\AOCR05-01-2026\AOCR1\AOCR\CapaDatos\Services\EmailQueueService.cs:línea 332
2026-01-31 10:31:38.407 | ERROR | CID:N/A | ERR:EMAIL_QUEUE_ERROR | Error de configuración de base de datos.
    Exception: DataAccessException
    StackTrace:    en CapaDatos.Infrastructure.BaseDAO.ExecuteWithConnection[T](Func`2 action) en C:\AOCR\AOCR\AOCR05-01-2026\AOCR1\AOCR\CapaDatos\Infrastructure\BaseDAO.cs:línea 68
   en CapaDatos.Services.EmailQueueService.<ObtenerSiguienteAsync>d__5.MoveNext() en C:\AOCR\AOCR\AOCR05-01-2026\AOCR1\AOCR\CapaDatos\Services\EmailQueueService.cs:línea 136
--- Fin del seguimiento de la pila de la ubicación anterior donde se produjo la excepción ---
   en System.Runtime.ExceptionServices.ExceptionDispatchInfo.Throw()
   en System.Runtime.CompilerServices.TaskAwaiter.HandleNonSuccessAndDebuggerNotification(Task task)
   en System.Runtime.CompilerServices.TaskAwaiter`1.GetResult()
   en CapaDatos.Services.EmailQueueProcessor.<ProcessQueueAsync>d__10.MoveNext() en C:\AOCR\AOCR\AOCR05-01-2026\AOCR1\AOCR\CapaDatos\Services\EmailQueueService.cs:línea 332
2026-01-31 10:32:08.460 | ERROR | CID:N/A | ERR:EMAIL_QUEUE_ERROR | Error de configuración de base de datos.
    Exception: DataAccessException
    StackTrace:    en CapaDatos.Infrastructure.BaseDAO.ExecuteWithConnection[T](Func`2 action) en C:\AOCR\AOCR\AOCR05-01-2026\AOCR1\AOCR\CapaDatos\Infrastructure\BaseDAO.cs:línea 68
   en CapaDatos.Services.EmailQueueService.<ObtenerSiguienteAsync>d__5.MoveNext() en C:\AOCR\AOCR\AOCR05-01-2026\AOCR1\AOCR\CapaDatos\Services\EmailQueueService.cs:línea 136
--- Fin del seguimiento de la pila de la ubicación anterior donde se produjo la excepción ---
   en System.Runtime.ExceptionServices.ExceptionDispatchInfo.Throw()
   en System.Runtime.CompilerServices.TaskAwaiter.HandleNonSuccessAndDebuggerNotification(Task task)
   en System.Runtime.CompilerServices.TaskAwaiter`1.GetResult()
   en CapaDatos.Services.EmailQueueProcessor.<ProcessQueueAsync>d__10.MoveNext() en C:\AOCR\AOCR\AOCR05-01-2026\AOCR1\AOCR\CapaDatos\Services\EmailQueueService.cs:línea 332
2026-01-31 10:32:38.506 | ERROR | CID:N/A | ERR:EMAIL_QUEUE_ERROR | Error de configuración de base de datos.
    Exception: DataAccessException
    StackTrace:    en CapaDatos.Infrastructure.BaseDAO.ExecuteWithConnection[T](Func`2 action) en C:\AOCR\AOCR\AOCR05-01-2026\AOCR1\AOCR\CapaDatos\Infrastructure\BaseDAO.cs:línea 68
   en CapaDatos.Services.EmailQueueService.<ObtenerSiguienteAsync>d__5.MoveNext() en C:\AOCR\AOCR\AOCR05-01-2026\AOCR1\AOCR\CapaDatos\Services\EmailQueueService.cs:línea 136
--- Fin del seguimiento de la pila de la ubicación anterior donde se produjo la excepción ---
   en System.Runtime.ExceptionServices.ExceptionDispatchInfo.Throw()
   en System.Runtime.CompilerServices.TaskAwaiter.HandleNonSuccessAndDebuggerNotification(Task task)
   en System.Runtime.CompilerServices.TaskAwaiter`1.GetResult()
   en CapaDatos.Services.EmailQueueProcessor.<ProcessQueueAsync>d__10.MoveNext() en C:\AOCR\AOCR\AOCR05-01-2026\AOCR1\AOCR\CapaDatos\Services\EmailQueueService.cs:línea 332
2026-01-31 10:33:08.561 | ERROR | CID:N/A | ERR:EMAIL_QUEUE_ERROR | Error de configuración de base de datos.
    Exception: DataAccessException
    StackTrace:    en CapaDatos.Infrastructure.BaseDAO.ExecuteWithConnection[T](Func`2 action) en C:\AOCR\AOCR\AOCR05-01-2026\AOCR1\AOCR\CapaDatos\Infrastructure\BaseDAO.cs:línea 68
   en CapaDatos.Services.EmailQueueService.<ObtenerSiguienteAsync>d__5.MoveNext() en C:\AOCR\AOCR\AOCR05-01-2026\AOCR1\AOCR\CapaDatos\Services\EmailQueueService.cs:línea 136
--- Fin del seguimiento de la pila de la ubicación anterior donde se produjo la excepción ---
   en System.Runtime.ExceptionServices.ExceptionDispatchInfo.Throw()
   en System.Runtime.CompilerServices.TaskAwaiter.HandleNonSuccessAndDebuggerNotification(Task task)
   en System.Runtime.CompilerServices.TaskAwaiter`1.GetResult()
   en CapaDatos.Services.EmailQueueProcessor.<ProcessQueueAsync>d__10.MoveNext() en C:\AOCR\AOCR\AOCR05-01-2026\AOCR1\AOCR\CapaDatos\Services\EmailQueueService.cs:línea 332
2026-01-31 10:33:38.605 | ERROR | CID:N/A | ERR:EMAIL_QUEUE_ERROR | Error de configuración de base de datos.
    Exception: DataAccessException
    StackTrace:    en CapaDatos.Infrastructure.BaseDAO.ExecuteWithConnection[T](Func`2 action) en C:\AOCR\AOCR\AOCR05-01-2026\AOCR1\AOCR\CapaDatos\Infrastructure\BaseDAO.cs:línea 68
   en CapaDatos.Services.EmailQueueService.<ObtenerSiguienteAsync>d__5.MoveNext() en C:\AOCR\AOCR\AOCR05-01-2026\AOCR1\AOCR\CapaDatos\Services\EmailQueueService.cs:línea 136
--- Fin del seguimiento de la pila de la ubicación anterior donde se produjo la excepción ---
   en System.Runtime.ExceptionServices.ExceptionDispatchInfo.Throw()
   en System.Runtime.CompilerServices.TaskAwaiter.HandleNonSuccessAndDebuggerNotification(Task task)
   en System.Runtime.CompilerServices.TaskAwaiter`1.GetResult()
   en CapaDatos.Services.EmailQueueProcessor.<ProcessQueueAsync>d__10.MoveNext() en C:\AOCR\AOCR\AOCR05-01-2026\AOCR1\AOCR\CapaDatos\Services\EmailQueueService.cs:línea 332
2026-01-31 10:34:08.662 | ERROR | CID:N/A | ERR:EMAIL_QUEUE_ERROR | Error de configuración de base de datos.
    Exception: DataAccessException
    StackTrace:    en CapaDatos.Infrastructure.BaseDAO.ExecuteWithConnection[T](Func`2 action) en C:\AOCR\AOCR\AOCR05-01-2026\AOCR1\AOCR\CapaDatos\Infrastructure\BaseDAO.cs:línea 68
   en CapaDatos.Services.EmailQueueService.<ObtenerSiguienteAsync>d__5.MoveNext() en C:\AOCR\AOCR\AOCR05-01-2026\AOCR1\AOCR\CapaDatos\Services\EmailQueueService.cs:línea 136
--- Fin del seguimiento de la pila de la ubicación anterior donde se produjo la excepción ---
   en System.Runtime.ExceptionServices.ExceptionDispatchInfo.Throw()
   en System.Runtime.CompilerServices.TaskAwaiter.HandleNonSuccessAndDebuggerNotification(Task task)
   en System.Runtime.CompilerServices.TaskAwaiter`1.GetResult()
   en CapaDatos.Services.EmailQueueProcessor.<ProcessQueueAsync>d__10.MoveNext() en C:\AOCR\AOCR\AOCR05-01-2026\AOCR1\AOCR\CapaDatos\Services\EmailQueueService.cs:línea 332
2026-01-31 10:34:38.713 | ERROR | CID:N/A | ERR:EMAIL_QUEUE_ERROR | Error de configuración de base de datos.
    Exception: DataAccessException
    StackTrace:    en CapaDatos.Infrastructure.BaseDAO.ExecuteWithConnection[T](Func`2 action) en C:\AOCR\AOCR\AOCR05-01-2026\AOCR1\AOCR\CapaDatos\Infrastructure\BaseDAO.cs:línea 68
   en CapaDatos.Services.EmailQueueService.<ObtenerSiguienteAsync>d__5.MoveNext() en C:\AOCR\AOCR\AOCR05-01-2026\AOCR1\AOCR\CapaDatos\Services\EmailQueueService.cs:línea 136
--- Fin del seguimiento de la pila de la ubicación anterior donde se produjo la excepción ---
   en System.Runtime.ExceptionServices.ExceptionDispatchInfo.Throw()
   en System.Runtime.CompilerServices.TaskAwaiter.HandleNonSuccessAndDebuggerNotification(Task task)
   en System.Runtime.CompilerServices.TaskAwaiter`1.GetResult()
   en CapaDatos.Services.EmailQueueProcessor.<ProcessQueueAsync>d__10.MoveNext() en C:\AOCR\AOCR\AOCR05-01-2026\AOCR1\AOCR\CapaDatos\Services\EmailQueueService.cs:línea 332
2026-01-31 10:35:08.772 | ERROR | CID:N/A | ERR:EMAIL_QUEUE_ERROR | Error de configuración de base de datos.
    Exception: DataAccessException
    StackTrace:    en CapaDatos.Infrastructure.BaseDAO.ExecuteWithConnection[T](Func`2 action) en C:\AOCR\AOCR\AOCR05-01-2026\AOCR1\AOCR\CapaDatos\Infrastructure\BaseDAO.cs:línea 68
   en CapaDatos.Services.EmailQueueService.<ObtenerSiguienteAsync>d__5.MoveNext() en C:\AOCR\AOCR\AOCR05-01-2026\AOCR1\AOCR\CapaDatos\Services\EmailQueueService.cs:línea 136
--- Fin del seguimiento de la pila de la ubicación anterior donde se produjo la excepción ---
   en System.Runtime.ExceptionServices.ExceptionDispatchInfo.Throw()
   en System.Runtime.CompilerServices.TaskAwaiter.HandleNonSuccessAndDebuggerNotification(Task task)
   en System.Runtime.CompilerServices.TaskAwaiter`1.GetResult()
   en CapaDatos.Services.EmailQueueProcessor.<ProcessQueueAsync>d__10.MoveNext() en C:\AOCR\AOCR\AOCR05-01-2026\AOCR1\AOCR\CapaDatos\Services\EmailQueueService.cs:línea 332
2026-01-31 10:35:38.830 | ERROR | CID:N/A | ERR:EMAIL_QUEUE_ERROR | Error de configuración de base de datos.
    Exception: DataAccessException
    StackTrace:    en CapaDatos.Infrastructure.BaseDAO.ExecuteWithConnection[T](Func`2 action) en C:\AOCR\AOCR\AOCR05-01-2026\AOCR1\AOCR\CapaDatos\Infrastructure\BaseDAO.cs:línea 68
   en CapaDatos.Services.EmailQueueService.<ObtenerSiguienteAsync>d__5.MoveNext() en C:\AOCR\AOCR\AOCR05-01-2026\AOCR1\AOCR\CapaDatos\Services\EmailQueueService.cs:línea 136
--- Fin del seguimiento de la pila de la ubicación anterior donde se produjo la excepción ---
   en System.Runtime.ExceptionServices.ExceptionDispatchInfo.Throw()
   en System.Runtime.CompilerServices.TaskAwaiter.HandleNonSuccessAndDebuggerNotification(Task task)
   en System.Runtime.CompilerServices.TaskAwaiter`1.GetResult()
   en CapaDatos.Services.EmailQueueProcessor.<ProcessQueueAsync>d__10.MoveNext() en C:\AOCR\AOCR\AOCR05-01-2026\AOCR1\AOCR\CapaDatos\Services\EmailQueueService.cs:línea 332
2026-01-31 10:36:08.889 | ERROR | CID:N/A | ERR:EMAIL_QUEUE_ERROR | Error de configuración de base de datos.
    Exception: DataAccessException
    StackTrace:    en CapaDatos.Infrastructure.BaseDAO.ExecuteWithConnection[T](Func`2 action) en C:\AOCR\AOCR\AOCR05-01-2026\AOCR1\AOCR\CapaDatos\Infrastructure\BaseDAO.cs:línea 68
   en CapaDatos.Services.EmailQueueService.<ObtenerSiguienteAsync>d__5.MoveNext() en C:\AOCR\AOCR\AOCR05-01-2026\AOCR1\AOCR\CapaDatos\Services\EmailQueueService.cs:línea 136
--- Fin del seguimiento de la pila de la ubicación anterior donde se produjo la excepción ---
   en System.Runtime.ExceptionServices.ExceptionDispatchInfo.Throw()
   en System.Runtime.CompilerServices.TaskAwaiter.HandleNonSuccessAndDebuggerNotification(Task task)
   en System.Runtime.CompilerServices.TaskAwaiter`1.GetResult()
   en CapaDatos.Services.EmailQueueProcessor.<ProcessQueueAsync>d__10.MoveNext() en C:\AOCR\AOCR\AOCR05-01-2026\AOCR1\AOCR\CapaDatos\Services\EmailQueueService.cs:línea 332
2026-01-31 10:36:38.933 | ERROR | CID:N/A | ERR:EMAIL_QUEUE_ERROR | Error de configuración de base de datos.
    Exception: DataAccessException
    StackTrace:    en CapaDatos.Infrastructure.BaseDAO.ExecuteWithConnection[T](Func`2 action) en C:\AOCR\AOCR\AOCR05-01-2026\AOCR1\AOCR\CapaDatos\Infrastructure\BaseDAO.cs:línea 68
   en CapaDatos.Services.EmailQueueService.<ObtenerSiguienteAsync>d__5.MoveNext() en C:\AOCR\AOCR\AOCR05-01-2026\AOCR1\AOCR\CapaDatos\Services\EmailQueueService.cs:línea 136
--- Fin del seguimiento de la pila de la ubicación anterior donde se produjo la excepción ---
   en System.Runtime.ExceptionServices.ExceptionDispatchInfo.Throw()
   en System.Runtime.CompilerServices.TaskAwaiter.HandleNonSuccessAndDebuggerNotification(Task task)
   en System.Runtime.CompilerServices.TaskAwaiter`1.GetResult()
   en CapaDatos.Services.EmailQueueProcessor.<ProcessQueueAsync>d__10.MoveNext() en C:\AOCR\AOCR\AOCR05-01-2026\AOCR1\AOCR\CapaDatos\Services\EmailQueueService.cs:línea 332
2026-01-31 10:37:08.983 | ERROR | CID:N/A | ERR:EMAIL_QUEUE_ERROR | Error de configuración de base de datos.
    Exception: DataAccessException
    StackTrace:    en CapaDatos.Infrastructure.BaseDAO.ExecuteWithConnection[T](Func`2 action) en C:\AOCR\AOCR\AOCR05-01-2026\AOCR1\AOCR\CapaDatos\Infrastructure\BaseDAO.cs:línea 68
   en CapaDatos.Services.EmailQueueService.<ObtenerSiguienteAsync>d__5.MoveNext() en C:\AOCR\AOCR\AOCR05-01-2026\AOCR1\AOCR\CapaDatos\Services\EmailQueueService.cs:línea 136
--- Fin del seguimiento de la pila de la ubicación anterior donde se produjo la excepción ---
   en System.Runtime.ExceptionServices.ExceptionDispatchInfo.Throw()
   en System.Runtime.CompilerServices.TaskAwaiter.HandleNonSuccessAndDebuggerNotification(Task task)
   en System.Runtime.CompilerServices.TaskAwaiter`1.GetResult()
   en CapaDatos.Services.EmailQueueProcessor.<ProcessQueueAsync>d__10.MoveNext() en C:\AOCR\AOCR\AOCR05-01-2026\AOCR1\AOCR\CapaDatos\Services\EmailQueueService.cs:línea 332
2026-01-31 10:37:39.057 | ERROR | CID:N/A | ERR:EMAIL_QUEUE_ERROR | Error de configuración de base de datos.
    Exception: DataAccessException
    StackTrace:    en CapaDatos.Infrastructure.BaseDAO.ExecuteWithConnection[T](Func`2 action) en C:\AOCR\AOCR\AOCR05-01-2026\AOCR1\AOCR\CapaDatos\Infrastructure\BaseDAO.cs:línea 68
   en CapaDatos.Services.EmailQueueService.<ObtenerSiguienteAsync>d__5.MoveNext() en C:\AOCR\AOCR\AOCR05-01-2026\AOCR1\AOCR\CapaDatos\Services\EmailQueueService.cs:línea 136
--- Fin del seguimiento de la pila de la ubicación anterior donde se produjo la excepción ---
   en System.Runtime.ExceptionServices.ExceptionDispatchInfo.Throw()
   en System.Runtime.CompilerServices.TaskAwaiter.HandleNonSuccessAndDebuggerNotification(Task task)
   en System.Runtime.CompilerServices.TaskAwaiter`1.GetResult()
   en CapaDatos.Services.EmailQueueProcessor.<ProcessQueueAsync>d__10.MoveNext() en C:\AOCR\AOCR\AOCR05-01-2026\AOCR1\AOCR\CapaDatos\Services\EmailQueueService.cs:línea 332
2026-01-31 10:38:09.107 | ERROR | CID:N/A | ERR:EMAIL_QUEUE_ERROR | Error de configuración de base de datos.
    Exception: DataAccessException
    StackTrace:    en CapaDatos.Infrastructure.BaseDAO.ExecuteWithConnection[T](Func`2 action) en C:\AOCR\AOCR\AOCR05-01-2026\AOCR1\AOCR\CapaDatos\Infrastructure\BaseDAO.cs:línea 68
   en CapaDatos.Services.EmailQueueService.<ObtenerSiguienteAsync>d__5.MoveNext() en C:\AOCR\AOCR\AOCR05-01-2026\AOCR1\AOCR\CapaDatos\Services\EmailQueueService.cs:línea 136
--- Fin del seguimiento de la pila de la ubicación anterior donde se produjo la excepción ---
   en System.Runtime.ExceptionServices.ExceptionDispatchInfo.Throw()
   en System.Runtime.CompilerServices.TaskAwaiter.HandleNonSuccessAndDebuggerNotification(Task task)
   en System.Runtime.CompilerServices.TaskAwaiter`1.GetResult()
   en CapaDatos.Services.EmailQueueProcessor.<ProcessQueueAsync>d__10.MoveNext() en C:\AOCR\AOCR\AOCR05-01-2026\AOCR1\AOCR\CapaDatos\Services\EmailQueueService.cs:línea 332
2026-01-31 10:38:39.170 | ERROR | CID:N/A | ERR:EMAIL_QUEUE_ERROR | Error de configuración de base de datos.
    Exception: DataAccessException
    StackTrace:    en CapaDatos.Infrastructure.BaseDAO.ExecuteWithConnection[T](Func`2 action) en C:\AOCR\AOCR\AOCR05-01-2026\AOCR1\AOCR\CapaDatos\Infrastructure\BaseDAO.cs:línea 68
   en CapaDatos.Services.EmailQueueService.<ObtenerSiguienteAsync>d__5.MoveNext() en C:\AOCR\AOCR\AOCR05-01-2026\AOCR1\AOCR\CapaDatos\Services\EmailQueueService.cs:línea 136
--- Fin del seguimiento de la pila de la ubicación anterior donde se produjo la excepción ---
   en System.Runtime.ExceptionServices.ExceptionDispatchInfo.Throw()
   en System.Runtime.CompilerServices.TaskAwaiter.HandleNonSuccessAndDebuggerNotification(Task task)
   en System.Runtime.CompilerServices.TaskAwaiter`1.GetResult()
   en CapaDatos.Services.EmailQueueProcessor.<ProcessQueueAsync>d__10.MoveNext() en C:\AOCR\AOCR\AOCR05-01-2026\AOCR1\AOCR\CapaDatos\Services\EmailQueueService.cs:línea 332
2026-01-31 10:39:09.233 | ERROR | CID:N/A | ERR:EMAIL_QUEUE_ERROR | Error de configuración de base de datos.
    Exception: DataAccessException
    StackTrace:    en CapaDatos.Infrastructure.BaseDAO.ExecuteWithConnection[T](Func`2 action) en C:\AOCR\AOCR\AOCR05-01-2026\AOCR1\AOCR\CapaDatos\Infrastructure\BaseDAO.cs:línea 68
   en CapaDatos.Services.EmailQueueService.<ObtenerSiguienteAsync>d__5.MoveNext() en C:\AOCR\AOCR\AOCR05-01-2026\AOCR1\AOCR\CapaDatos\Services\EmailQueueService.cs:línea 136
--- Fin del seguimiento de la pila de la ubicación anterior donde se produjo la excepción ---
   en System.Runtime.ExceptionServices.ExceptionDispatchInfo.Throw()
   en System.Runtime.CompilerServices.TaskAwaiter.HandleNonSuccessAndDebuggerNotification(Task task)
   en System.Runtime.CompilerServices.TaskAwaiter`1.GetResult()
   en CapaDatos.Services.EmailQueueProcessor.<ProcessQueueAsync>d__10.MoveNext() en C:\AOCR\AOCR\AOCR05-01-2026\AOCR1\AOCR\CapaDatos\Services\EmailQueueService.cs:línea 332
2026-01-31 14:03:29.371 | INFO  | CID:N/A | Iniciando procesador de cola de correos
2026-01-31 14:03:29.899 | ERROR | CID:N/A | ERR:EMAIL_QUEUE_ERROR | Error de configuración de base de datos.
    Exception: DataAccessException
    StackTrace:    en CapaDatos.Infrastructure.BaseDAO.ExecuteWithConnection[T](Func`2 action) en C:\AOCR\AOCR\AOCR05-01-2026\AOCR1\AOCR\CapaDatos\Infrastructure\BaseDAO.cs:línea 68
   en CapaDatos.Services.EmailQueueService.<ObtenerSiguienteAsync>d__5.MoveNext() en C:\AOCR\AOCR\AOCR05-01-2026\AOCR1\AOCR\CapaDatos\Services\EmailQueueService.cs:línea 136
--- Fin del seguimiento de la pila de la ubicación anterior donde se produjo la excepción ---
   en System.Runtime.ExceptionServices.ExceptionDispatchInfo.Throw()
   en System.Runtime.CompilerServices.TaskAwaiter.HandleNonSuccessAndDebuggerNotification(Task task)
   en System.Runtime.CompilerServices.TaskAwaiter`1.GetResult()
   en CapaDatos.Services.EmailQueueProcessor.<ProcessQueueAsync>d__10.MoveNext() en C:\AOCR\AOCR\AOCR05-01-2026\AOCR1\AOCR\CapaDatos\Services\EmailQueueService.cs:línea 332
2026-01-31 14:03:38.259 | INFO  | CID:aa8821318cf4 | Account/Login | Iniciando acción: Account/Login
2026-01-31 14:03:38.537 | INFO  | CID:aa8821318cf4 | Account/Login | Acción completada: Account/Login
2026-01-31 14:03:59.967 | ERROR | CID:N/A | ERR:EMAIL_QUEUE_ERROR | Error de configuración de base de datos.
    Exception: DataAccessException
    StackTrace:    en CapaDatos.Infrastructure.BaseDAO.ExecuteWithConnection[T](Func`2 action) en C:\AOCR\AOCR\AOCR05-01-2026\AOCR1\AOCR\CapaDatos\Infrastructure\BaseDAO.cs:línea 68
   en CapaDatos.Services.EmailQueueService.<ObtenerSiguienteAsync>d__5.MoveNext() en C:\AOCR\AOCR\AOCR05-01-2026\AOCR1\AOCR\CapaDatos\Services\EmailQueueService.cs:línea 136
--- Fin del seguimiento de la pila de la ubicación anterior donde se produjo la excepción ---
   en System.Runtime.ExceptionServices.ExceptionDispatchInfo.Throw()
   en System.Runtime.CompilerServices.TaskAwaiter.HandleNonSuccessAndDebuggerNotification(Task task)
   en System.Runtime.CompilerServices.TaskAwaiter`1.GetResult()
   en CapaDatos.Services.EmailQueueProcessor.<ProcessQueueAsync>d__10.MoveNext() en C:\AOCR\AOCR\AOCR05-01-2026\AOCR1\AOCR\CapaDatos\Services\EmailQueueService.cs:línea 332
2026-01-31 14:04:30.011 | ERROR | CID:N/A | ERR:EMAIL_QUEUE_ERROR | Error de configuración de base de datos.
    Exception: DataAccessException
    StackTrace:    en CapaDatos.Infrastructure.BaseDAO.ExecuteWithConnection[T](Func`2 action) en C:\AOCR\AOCR\AOCR05-01-2026\AOCR1\AOCR\CapaDatos\Infrastructure\BaseDAO.cs:línea 68
   en CapaDatos.Services.EmailQueueService.<ObtenerSiguienteAsync>d__5.MoveNext() en C:\AOCR\AOCR\AOCR05-01-2026\AOCR1\AOCR\CapaDatos\Services\EmailQueueService.cs:línea 136
--- Fin del seguimiento de la pila de la ubicación anterior donde se produjo la excepción ---
   en System.Runtime.ExceptionServices.ExceptionDispatchInfo.Throw()
   en System.Runtime.CompilerServices.TaskAwaiter.HandleNonSuccessAndDebuggerNotification(Task task)
   en System.Runtime.CompilerServices.TaskAwaiter`1.GetResult()
   en CapaDatos.Services.EmailQueueProcessor.<ProcessQueueAsync>d__10.MoveNext() en C:\AOCR\AOCR\AOCR05-01-2026\AOCR1\AOCR\CapaDatos\Services\EmailQueueService.cs:línea 332
2026-01-31 14:04:42.998 | INFO  | CID:7dd3546478d1 | USR:USU_ADMIN | OrdenRecaudacion/Nueva | Iniciando acción: OrdenRecaudacion/Nueva
2026-01-31 14:04:43.022 | INFO  | CID:7dd3546478d1 | USR:USU_ADMIN | OrdenRecaudacion/Nueva | Acción completada: OrdenRecaudacion/Nueva
2026-01-31 14:04:43.035 | ERROR | CID:7dd3546478d1 | USR:USU_ADMIN | OrdenRecaudacion/Nueva | ERR:BAD_REQUEST | El elemento de modelo pasado al diccionario es de tipo 'CapaPresentacion.Models.CrearOrdenViewModel', pero este diccionario requiere un elemento de modelo de tipo 'CapaPresentacion.Models.OrdenRecaudacionNuevaVM'.
    Exception: InvalidOperationException
    StackTrace:    en System.Web.Mvc.ViewDataDictionary`1.SetModel(Object value)
   en System.Web.Mvc.ViewDataDictionary..ctor(ViewDataDictionary dictionary)
   en System.Web.Mvc.WebViewPage`1.SetViewData(ViewDataDictionary viewData)
   en System.Web.Mvc.RazorView.RenderView(ViewContext viewContext, TextWriter writer, Object instance)
   en System.Web.Mvc.ViewResultBase.ExecuteResult(ControllerContext context)
   en System.Web.Mvc.ControllerActionInvoker.InvokeActionResultFilterRecursive(IList`1 filters, Int32 filterIndex, ResultExecutingContext preContext, ControllerContext controllerContext, ActionResult actionResult)
   en System.Web.Mvc.ControllerActionInvoker.InvokeActionResultFilterRecursive(IList`1 filters, Int32 filterIndex, ResultExecutingContext preContext, ControllerContext controllerContext, ActionResult actionResult)
   en System.Web.Mvc.ControllerActionInvoker.InvokeActionResultFilterRecursive(IList`1 filters, Int32 filterIndex, ResultExecutingContext preContext, ControllerContext controllerContext, ActionResult actionResult)
   en System.Web.Mvc.ControllerActionInvoker.InvokeActionResultFilterRecursive(IList`1 filters, Int32 filterIndex, ResultExecutingContext preContext, ControllerContext controllerContext, ActionResult actionResult)
   en System.Web.Mvc.ControllerActionInvoker.InvokeActionResultWithFilters(ControllerContext controllerContext, IList`1 filters, ActionResult actionResult)
   en System.Web.Mvc.Async.AsyncControllerActionInvoker.<>c__DisplayClass3_1.<BeginInvokeAction>b__1(IAsyncResult asyncResult)
2026-01-31 14:04:53.805 | INFO  | CID:ac0ca4d4a29c | USR:USU_ADMIN | OrdenRecaudacion/Nueva | Iniciando acción: OrdenRecaudacion/Nueva
2026-01-31 14:04:53.810 | INFO  | CID:ac0ca4d4a29c | USR:USU_ADMIN | OrdenRecaudacion/Nueva | Acción completada: OrdenRecaudacion/Nueva
2026-01-31 14:04:53.812 | ERROR | CID:ac0ca4d4a29c | USR:USU_ADMIN | OrdenRecaudacion/Nueva | ERR:BAD_REQUEST | El elemento de modelo pasado al diccionario es de tipo 'CapaPresentacion.Models.CrearOrdenViewModel', pero este diccionario requiere un elemento de modelo de tipo 'CapaPresentacion.Models.OrdenRecaudacionNuevaVM'.
    Exception: InvalidOperationException
    StackTrace:    en System.Web.Mvc.ViewDataDictionary`1.SetModel(Object value)
   en System.Web.Mvc.ViewDataDictionary..ctor(ViewDataDictionary dictionary)
   en System.Web.Mvc.WebViewPage`1.SetViewData(ViewDataDictionary viewData)
   en System.Web.Mvc.RazorView.RenderView(ViewContext viewContext, TextWriter writer, Object instance)
   en System.Web.Mvc.ViewResultBase.ExecuteResult(ControllerContext context)
   en System.Web.Mvc.ControllerActionInvoker.InvokeActionResultFilterRecursive(IList`1 filters, Int32 filterIndex, ResultExecutingContext preContext, ControllerContext controllerContext, ActionResult actionResult)
   en System.Web.Mvc.ControllerActionInvoker.InvokeActionResultFilterRecursive(IList`1 filters, Int32 filterIndex, ResultExecutingContext preContext, ControllerContext controllerContext, ActionResult actionResult)
   en System.Web.Mvc.ControllerActionInvoker.InvokeActionResultFilterRecursive(IList`1 filters, Int32 filterIndex, ResultExecutingContext preContext, ControllerContext controllerContext, ActionResult actionResult)
   en System.Web.Mvc.ControllerActionInvoker.InvokeActionResultFilterRecursive(IList`1 filters, Int32 filterIndex, ResultExecutingContext preContext, ControllerContext controllerContext, ActionResult actionResult)
   en System.Web.Mvc.ControllerActionInvoker.InvokeActionResultWithFilters(ControllerContext controllerContext, IList`1 filters, ActionResult actionResult)
   en System.Web.Mvc.Async.AsyncControllerActionInvoker.<>c__DisplayClass3_1.<BeginInvokeAction>b__1(IAsyncResult asyncResult)
2026-01-31 14:05:00.064 | ERROR | CID:N/A | ERR:EMAIL_QUEUE_ERROR | Error de configuración de base de datos.
    Exception: DataAccessException
    StackTrace:    en CapaDatos.Infrastructure.BaseDAO.ExecuteWithConnection[T](Func`2 action) en C:\AOCR\AOCR\AOCR05-01-2026\AOCR1\AOCR\CapaDatos\Infrastructure\BaseDAO.cs:línea 68
   en CapaDatos.Services.EmailQueueService.<ObtenerSiguienteAsync>d__5.MoveNext() en C:\AOCR\AOCR\AOCR05-01-2026\AOCR1\AOCR\CapaDatos\Services\EmailQueueService.cs:línea 136
--- Fin del seguimiento de la pila de la ubicación anterior donde se produjo la excepción ---
   en System.Runtime.ExceptionServices.ExceptionDispatchInfo.Throw()
   en System.Runtime.CompilerServices.TaskAwaiter.HandleNonSuccessAndDebuggerNotification(Task task)
   en System.Runtime.CompilerServices.TaskAwaiter`1.GetResult()
   en CapaDatos.Services.EmailQueueProcessor.<ProcessQueueAsync>d__10.MoveNext() en C:\AOCR\AOCR\AOCR05-01-2026\AOCR1\AOCR\CapaDatos\Services\EmailQueueService.cs:línea 332
2026-01-31 14:05:30.112 | ERROR | CID:N/A | ERR:EMAIL_QUEUE_ERROR | Error de configuración de base de datos.
    Exception: DataAccessException
    StackTrace:    en CapaDatos.Infrastructure.BaseDAO.ExecuteWithConnection[T](Func`2 action) en C:\AOCR\AOCR\AOCR05-01-2026\AOCR1\AOCR\CapaDatos\Infrastructure\BaseDAO.cs:línea 68
   en CapaDatos.Services.EmailQueueService.<ObtenerSiguienteAsync>d__5.MoveNext() en C:\AOCR\AOCR\AOCR05-01-2026\AOCR1\AOCR\CapaDatos\Services\EmailQueueService.cs:línea 136
--- Fin del seguimiento de la pila de la ubicación anterior donde se produjo la excepción ---
   en System.Runtime.ExceptionServices.ExceptionDispatchInfo.Throw()
   en System.Runtime.CompilerServices.TaskAwaiter.HandleNonSuccessAndDebuggerNotification(Task task)
   en System.Runtime.CompilerServices.TaskAwaiter`1.GetResult()
   en CapaDatos.Services.EmailQueueProcessor.<ProcessQueueAsync>d__10.MoveNext() en C:\AOCR\AOCR\AOCR05-01-2026\AOCR1\AOCR\CapaDatos\Services\EmailQueueService.cs:línea 332
2026-01-31 14:06:00.168 | ERROR | CID:N/A | ERR:EMAIL_QUEUE_ERROR | Error de configuración de base de datos.
    Exception: DataAccessException
    StackTrace:    en CapaDatos.Infrastructure.BaseDAO.ExecuteWithConnection[T](Func`2 action) en C:\AOCR\AOCR\AOCR05-01-2026\AOCR1\AOCR\CapaDatos\Infrastructure\BaseDAO.cs:línea 68
   en CapaDatos.Services.EmailQueueService.<ObtenerSiguienteAsync>d__5.MoveNext() en C:\AOCR\AOCR\AOCR05-01-2026\AOCR1\AOCR\CapaDatos\Services\EmailQueueService.cs:línea 136
--- Fin del seguimiento de la pila de la ubicación anterior donde se produjo la excepción ---
   en System.Runtime.ExceptionServices.ExceptionDispatchInfo.Throw()
   en System.Runtime.CompilerServices.TaskAwaiter.HandleNonSuccessAndDebuggerNotification(Task task)
   en System.Runtime.CompilerServices.TaskAwaiter`1.GetResult()
   en CapaDatos.Services.EmailQueueProcessor.<ProcessQueueAsync>d__10.MoveNext() en C:\AOCR\AOCR\AOCR05-01-2026\AOCR1\AOCR\CapaDatos\Services\EmailQueueService.cs:línea 332
2026-01-31 14:06:30.219 | ERROR | CID:N/A | ERR:EMAIL_QUEUE_ERROR | Error de configuración de base de datos.
    Exception: DataAccessException
    StackTrace:    en CapaDatos.Infrastructure.BaseDAO.ExecuteWithConnection[T](Func`2 action) en C:\AOCR\AOCR\AOCR05-01-2026\AOCR1\AOCR\CapaDatos\Infrastructure\BaseDAO.cs:línea 68
   en CapaDatos.Services.EmailQueueService.<ObtenerSiguienteAsync>d__5.MoveNext() en C:\AOCR\AOCR\AOCR05-01-2026\AOCR1\AOCR\CapaDatos\Services\EmailQueueService.cs:línea 136
--- Fin del seguimiento de la pila de la ubicación anterior donde se produjo la excepción ---
   en System.Runtime.ExceptionServices.ExceptionDispatchInfo.Throw()
   en System.Runtime.CompilerServices.TaskAwaiter.HandleNonSuccessAndDebuggerNotification(Task task)
   en System.Runtime.CompilerServices.TaskAwaiter`1.GetResult()
   en CapaDatos.Services.EmailQueueProcessor.<ProcessQueueAsync>d__10.MoveNext() en C:\AOCR\AOCR\AOCR05-01-2026\AOCR1\AOCR\CapaDatos\Services\EmailQueueService.cs:línea 332
2026-01-31 14:07:00.277 | ERROR | CID:N/A | ERR:EMAIL_QUEUE_ERROR | Error de configuración de base de datos.
    Exception: DataAccessException
    StackTrace:    en CapaDatos.Infrastructure.BaseDAO.ExecuteWithConnection[T](Func`2 action) en C:\AOCR\AOCR\AOCR05-01-2026\AOCR1\AOCR\CapaDatos\Infrastructure\BaseDAO.cs:línea 68
   en CapaDatos.Services.EmailQueueService.<ObtenerSiguienteAsync>d__5.MoveNext() en C:\AOCR\AOCR\AOCR05-01-2026\AOCR1\AOCR\CapaDatos\Services\EmailQueueService.cs:línea 136
--- Fin del seguimiento de la pila de la ubicación anterior donde se produjo la excepción ---
   en System.Runtime.ExceptionServices.ExceptionDispatchInfo.Throw()
   en System.Runtime.CompilerServices.TaskAwaiter.HandleNonSuccessAndDebuggerNotification(Task task)
   en System.Runtime.CompilerServices.TaskAwaiter`1.GetResult()
   en CapaDatos.Services.EmailQueueProcessor.<ProcessQueueAsync>d__10.MoveNext() en C:\AOCR\AOCR\AOCR05-01-2026\AOCR1\AOCR\CapaDatos\Services\EmailQueueService.cs:línea 332
2026-01-31 14:07:30.320 | ERROR | CID:N/A | ERR:EMAIL_QUEUE_ERROR | Error de configuración de base de datos.
    Exception: DataAccessException
    StackTrace:    en CapaDatos.Infrastructure.BaseDAO.ExecuteWithConnection[T](Func`2 action) en C:\AOCR\AOCR\AOCR05-01-2026\AOCR1\AOCR\CapaDatos\Infrastructure\BaseDAO.cs:línea 68
   en CapaDatos.Services.EmailQueueService.<ObtenerSiguienteAsync>d__5.MoveNext() en C:\AOCR\AOCR\AOCR05-01-2026\AOCR1\AOCR\CapaDatos\Services\EmailQueueService.cs:línea 136
--- Fin del seguimiento de la pila de la ubicación anterior donde se produjo la excepción ---
   en System.Runtime.ExceptionServices.ExceptionDispatchInfo.Throw()
   en System.Runtime.CompilerServices.TaskAwaiter.HandleNonSuccessAndDebuggerNotification(Task task)
   en System.Runtime.CompilerServices.TaskAwaiter`1.GetResult()
   en CapaDatos.Services.EmailQueueProcessor.<ProcessQueueAsync>d__10.MoveNext() en C:\AOCR\AOCR\AOCR05-01-2026\AOCR1\AOCR\CapaDatos\Services\EmailQueueService.cs:línea 332
2026-01-31 14:08:00.578 | ERROR | CID:N/A | ERR:EMAIL_QUEUE_ERROR | Error de configuración de base de datos.
    Exception: DataAccessException
    StackTrace:    en CapaDatos.Infrastructure.BaseDAO.ExecuteWithConnection[T](Func`2 action) en C:\AOCR\AOCR\AOCR05-01-2026\AOCR1\AOCR\CapaDatos\Infrastructure\BaseDAO.cs:línea 68
   en CapaDatos.Services.EmailQueueService.<ObtenerSiguienteAsync>d__5.MoveNext() en C:\AOCR\AOCR\AOCR05-01-2026\AOCR1\AOCR\CapaDatos\Services\EmailQueueService.cs:línea 136
--- Fin del seguimiento de la pila de la ubicación anterior donde se produjo la excepción ---
   en System.Runtime.ExceptionServices.ExceptionDispatchInfo.Throw()
   en System.Runtime.CompilerServices.TaskAwaiter.HandleNonSuccessAndDebuggerNotification(Task task)
   en System.Runtime.CompilerServices.TaskAwaiter`1.GetResult()
   en CapaDatos.Services.EmailQueueProcessor.<ProcessQueueAsync>d__10.MoveNext() en C:\AOCR\AOCR\AOCR05-01-2026\AOCR1\AOCR\CapaDatos\Services\EmailQueueService.cs:línea 332
2026-01-31 14:08:30.631 | ERROR | CID:N/A | ERR:EMAIL_QUEUE_ERROR | Error de configuración de base de datos.
    Exception: DataAccessException
    StackTrace:    en CapaDatos.Infrastructure.BaseDAO.ExecuteWithConnection[T](Func`2 action) en C:\AOCR\AOCR\AOCR05-01-2026\AOCR1\AOCR\CapaDatos\Infrastructure\BaseDAO.cs:línea 68
   en CapaDatos.Services.EmailQueueService.<ObtenerSiguienteAsync>d__5.MoveNext() en C:\AOCR\AOCR\AOCR05-01-2026\AOCR1\AOCR\CapaDatos\Services\EmailQueueService.cs:línea 136
--- Fin del seguimiento de la pila de la ubicación anterior donde se produjo la excepción ---
   en System.Runtime.ExceptionServices.ExceptionDispatchInfo.Throw()
   en System.Runtime.CompilerServices.TaskAwaiter.HandleNonSuccessAndDebuggerNotification(Task task)
   en System.Runtime.CompilerServices.TaskAwaiter`1.GetResult()
   en CapaDatos.Services.EmailQueueProcessor.<ProcessQueueAsync>d__10.MoveNext() en C:\AOCR\AOCR\AOCR05-01-2026\AOCR1\AOCR\CapaDatos\Services\EmailQueueService.cs:línea 332
2026-01-31 14:09:00.682 | ERROR | CID:N/A | ERR:EMAIL_QUEUE_ERROR | Error de configuración de base de datos.
    Exception: DataAccessException
    StackTrace:    en CapaDatos.Infrastructure.BaseDAO.ExecuteWithConnection[T](Func`2 action) en C:\AOCR\AOCR\AOCR05-01-2026\AOCR1\AOCR\CapaDatos\Infrastructure\BaseDAO.cs:línea 68
   en CapaDatos.Services.EmailQueueService.<ObtenerSiguienteAsync>d__5.MoveNext() en C:\AOCR\AOCR\AOCR05-01-2026\AOCR1\AOCR\CapaDatos\Services\EmailQueueService.cs:línea 136
--- Fin del seguimiento de la pila de la ubicación anterior donde se produjo la excepción ---
   en System.Runtime.ExceptionServices.ExceptionDispatchInfo.Throw()
   en System.Runtime.CompilerServices.TaskAwaiter.HandleNonSuccessAndDebuggerNotification(Task task)
   en System.Runtime.CompilerServices.TaskAwaiter`1.GetResult()
   en CapaDatos.Services.EmailQueueProcessor.<ProcessQueueAsync>d__10.MoveNext() en C:\AOCR\AOCR\AOCR05-01-2026\AOCR1\AOCR\CapaDatos\Services\EmailQueueService.cs:línea 332
2026-01-31 14:09:30.734 | ERROR | CID:N/A | ERR:EMAIL_QUEUE_ERROR | Error de configuración de base de datos.
    Exception: DataAccessException
    StackTrace:    en CapaDatos.Infrastructure.BaseDAO.ExecuteWithConnection[T](Func`2 action) en C:\AOCR\AOCR\AOCR05-01-2026\AOCR1\AOCR\CapaDatos\Infrastructure\BaseDAO.cs:línea 68
   en CapaDatos.Services.EmailQueueService.<ObtenerSiguienteAsync>d__5.MoveNext() en C:\AOCR\AOCR\AOCR05-01-2026\AOCR1\AOCR\CapaDatos\Services\EmailQueueService.cs:línea 136
--- Fin del seguimiento de la pila de la ubicación anterior donde se produjo la excepción ---
   en System.Runtime.ExceptionServices.ExceptionDispatchInfo.Throw()
   en System.Runtime.CompilerServices.TaskAwaiter.HandleNonSuccessAndDebuggerNotification(Task task)
   en System.Runtime.CompilerServices.TaskAwaiter`1.GetResult()
   en CapaDatos.Services.EmailQueueProcessor.<ProcessQueueAsync>d__10.MoveNext() en C:\AOCR\AOCR\AOCR05-01-2026\AOCR1\AOCR\CapaDatos\Services\EmailQueueService.cs:línea 332
2026-01-31 14:10:00.783 | ERROR | CID:N/A | ERR:EMAIL_QUEUE_ERROR | Error de configuración de base de datos.
    Exception: DataAccessException
    StackTrace:    en CapaDatos.Infrastructure.BaseDAO.ExecuteWithConnection[T](Func`2 action) en C:\AOCR\AOCR\AOCR05-01-2026\AOCR1\AOCR\CapaDatos\Infrastructure\BaseDAO.cs:línea 68
   en CapaDatos.Services.EmailQueueService.<ObtenerSiguienteAsync>d__5.MoveNext() en C:\AOCR\AOCR\AOCR05-01-2026\AOCR1\AOCR\CapaDatos\Services\EmailQueueService.cs:línea 136
--- Fin del seguimiento de la pila de la ubicación anterior donde se produjo la excepción ---
   en System.Runtime.ExceptionServices.ExceptionDispatchInfo.Throw()
   en System.Runtime.CompilerServices.TaskAwaiter.HandleNonSuccessAndDebuggerNotification(Task task)
   en System.Runtime.CompilerServices.TaskAwaiter`1.GetResult()
   en CapaDatos.Services.EmailQueueProcessor.<ProcessQueueAsync>d__10.MoveNext() en C:\AOCR\AOCR\AOCR05-01-2026\AOCR1\AOCR\CapaDatos\Services\EmailQueueService.cs:línea 332
2026-01-31 14:10:30.837 | ERROR | CID:N/A | ERR:EMAIL_QUEUE_ERROR | Error de configuración de base de datos.
    Exception: DataAccessException
    StackTrace:    en CapaDatos.Infrastructure.BaseDAO.ExecuteWithConnection[T](Func`2 action) en C:\AOCR\AOCR\AOCR05-01-2026\AOCR1\AOCR\CapaDatos\Infrastructure\BaseDAO.cs:línea 68
   en CapaDatos.Services.EmailQueueService.<ObtenerSiguienteAsync>d__5.MoveNext() en C:\AOCR\AOCR\AOCR05-01-2026\AOCR1\AOCR\CapaDatos\Services\EmailQueueService.cs:línea 136
--- Fin del seguimiento de la pila de la ubicación anterior donde se produjo la excepción ---
   en System.Runtime.ExceptionServices.ExceptionDispatchInfo.Throw()
   en System.Runtime.CompilerServices.TaskAwaiter.HandleNonSuccessAndDebuggerNotification(Task task)
   en System.Runtime.CompilerServices.TaskAwaiter`1.GetResult()
   en CapaDatos.Services.EmailQueueProcessor.<ProcessQueueAsync>d__10.MoveNext() en C:\AOCR\AOCR\AOCR05-01-2026\AOCR1\AOCR\CapaDatos\Services\EmailQueueService.cs:línea 332
2026-01-31 14:11:00.880 | ERROR | CID:N/A | ERR:EMAIL_QUEUE_ERROR | Error de configuración de base de datos.
    Exception: DataAccessException
    StackTrace:    en CapaDatos.Infrastructure.BaseDAO.ExecuteWithConnection[T](Func`2 action) en C:\AOCR\AOCR\AOCR05-01-2026\AOCR1\AOCR\CapaDatos\Infrastructure\BaseDAO.cs:línea 68
   en CapaDatos.Services.EmailQueueService.<ObtenerSiguienteAsync>d__5.MoveNext() en C:\AOCR\AOCR\AOCR05-01-2026\AOCR1\AOCR\CapaDatos\Services\EmailQueueService.cs:línea 136
--- Fin del seguimiento de la pila de la ubicación anterior donde se produjo la excepción ---
   en System.Runtime.ExceptionServices.ExceptionDispatchInfo.Throw()
   en System.Runtime.CompilerServices.TaskAwaiter.HandleNonSuccessAndDebuggerNotification(Task task)
   en System.Runtime.CompilerServices.TaskAwaiter`1.GetResult()
   en CapaDatos.Services.EmailQueueProcessor.<ProcessQueueAsync>d__10.MoveNext() en C:\AOCR\AOCR\AOCR05-01-2026\AOCR1\AOCR\CapaDatos\Services\EmailQueueService.cs:línea 332
2026-01-31 14:11:30.931 | ERROR | CID:N/A | ERR:EMAIL_QUEUE_ERROR | Error de configuración de base de datos.
    Exception: DataAccessException
    StackTrace:    en CapaDatos.Infrastructure.BaseDAO.ExecuteWithConnection[T](Func`2 action) en C:\AOCR\AOCR\AOCR05-01-2026\AOCR1\AOCR\CapaDatos\Infrastructure\BaseDAO.cs:línea 68
   en CapaDatos.Services.EmailQueueService.<ObtenerSiguienteAsync>d__5.MoveNext() en C:\AOCR\AOCR\AOCR05-01-2026\AOCR1\AOCR\CapaDatos\Services\EmailQueueService.cs:línea 136
--- Fin del seguimiento de la pila de la ubicación anterior donde se produjo la excepción ---
   en System.Runtime.ExceptionServices.ExceptionDispatchInfo.Throw()
   en System.Runtime.CompilerServices.TaskAwaiter.HandleNonSuccessAndDebuggerNotification(Task task)
   en System.Runtime.CompilerServices.TaskAwaiter`1.GetResult()
   en CapaDatos.Services.EmailQueueProcessor.<ProcessQueueAsync>d__10.MoveNext() en C:\AOCR\AOCR\AOCR05-01-2026\AOCR1\AOCR\CapaDatos\Services\EmailQueueService.cs:línea 332
2026-01-31 14:12:00.978 | ERROR | CID:N/A | ERR:EMAIL_QUEUE_ERROR | Error de configuración de base de datos.
    Exception: DataAccessException
    StackTrace:    en CapaDatos.Infrastructure.BaseDAO.ExecuteWithConnection[T](Func`2 action) en C:\AOCR\AOCR\AOCR05-01-2026\AOCR1\AOCR\CapaDatos\Infrastructure\BaseDAO.cs:línea 68
   en CapaDatos.Services.EmailQueueService.<ObtenerSiguienteAsync>d__5.MoveNext() en C:\AOCR\AOCR\AOCR05-01-2026\AOCR1\AOCR\CapaDatos\Services\EmailQueueService.cs:línea 136
--- Fin del seguimiento de la pila de la ubicación anterior donde se produjo la excepción ---
   en System.Runtime.ExceptionServices.ExceptionDispatchInfo.Throw()
   en System.Runtime.CompilerServices.TaskAwaiter.HandleNonSuccessAndDebuggerNotification(Task task)
   en System.Runtime.CompilerServices.TaskAwaiter`1.GetResult()
   en CapaDatos.Services.EmailQueueProcessor.<ProcessQueueAsync>d__10.MoveNext() en C:\AOCR\AOCR\AOCR05-01-2026\AOCR1\AOCR\CapaDatos\Services\EmailQueueService.cs:línea 332
2026-01-31 14:12:31.033 | ERROR | CID:N/A | ERR:EMAIL_QUEUE_ERROR | Error de configuración de base de datos.
    Exception: DataAccessException
    StackTrace:    en CapaDatos.Infrastructure.BaseDAO.ExecuteWithConnection[T](Func`2 action) en C:\AOCR\AOCR\AOCR05-01-2026\AOCR1\AOCR\CapaDatos\Infrastructure\BaseDAO.cs:línea 68
   en CapaDatos.Services.EmailQueueService.<ObtenerSiguienteAsync>d__5.MoveNext() en C:\AOCR\AOCR\AOCR05-01-2026\AOCR1\AOCR\CapaDatos\Services\EmailQueueService.cs:línea 136
--- Fin del seguimiento de la pila de la ubicación anterior donde se produjo la excepción ---
   en System.Runtime.ExceptionServices.ExceptionDispatchInfo.Throw()
   en System.Runtime.CompilerServices.TaskAwaiter.HandleNonSuccessAndDebuggerNotification(Task task)
   en System.Runtime.CompilerServices.TaskAwaiter`1.GetResult()
   en CapaDatos.Services.EmailQueueProcessor.<ProcessQueueAsync>d__10.MoveNext() en C:\AOCR\AOCR\AOCR05-01-2026\AOCR1\AOCR\CapaDatos\Services\EmailQueueService.cs:línea 332
2026-01-31 14:13:01.083 | ERROR | CID:N/A | ERR:EMAIL_QUEUE_ERROR | Error de configuración de base de datos.
    Exception: DataAccessException
    StackTrace:    en CapaDatos.Infrastructure.BaseDAO.ExecuteWithConnection[T](Func`2 action) en C:\AOCR\AOCR\AOCR05-01-2026\AOCR1\AOCR\CapaDatos\Infrastructure\BaseDAO.cs:línea 68
   en CapaDatos.Services.EmailQueueService.<ObtenerSiguienteAsync>d__5.MoveNext() en C:\AOCR\AOCR\AOCR05-01-2026\AOCR1\AOCR\CapaDatos\Services\EmailQueueService.cs:línea 136
--- Fin del seguimiento de la pila de la ubicación anterior donde se produjo la excepción ---
   en System.Runtime.ExceptionServices.ExceptionDispatchInfo.Throw()
   en System.Runtime.CompilerServices.TaskAwaiter.HandleNonSuccessAndDebuggerNotification(Task task)
   en System.Runtime.CompilerServices.TaskAwaiter`1.GetResult()
   en CapaDatos.Services.EmailQueueProcessor.<ProcessQueueAsync>d__10.MoveNext() en C:\AOCR\AOCR\AOCR05-01-2026\AOCR1\AOCR\CapaDatos\Services\EmailQueueService.cs:línea 332
2026-01-31 14:13:31.129 | ERROR | CID:N/A | ERR:EMAIL_QUEUE_ERROR | Error de configuración de base de datos.
    Exception: DataAccessException
    StackTrace:    en CapaDatos.Infrastructure.BaseDAO.ExecuteWithConnection[T](Func`2 action) en C:\AOCR\AOCR\AOCR05-01-2026\AOCR1\AOCR\CapaDatos\Infrastructure\BaseDAO.cs:línea 68
   en CapaDatos.Services.EmailQueueService.<ObtenerSiguienteAsync>d__5.MoveNext() en C:\AOCR\AOCR\AOCR05-01-2026\AOCR1\AOCR\CapaDatos\Services\EmailQueueService.cs:línea 136
--- Fin del seguimiento de la pila de la ubicación anterior donde se produjo la excepción ---
   en System.Runtime.ExceptionServices.ExceptionDispatchInfo.Throw()
   en System.Runtime.CompilerServices.TaskAwaiter.HandleNonSuccessAndDebuggerNotification(Task task)
   en System.Runtime.CompilerServices.TaskAwaiter`1.GetResult()
   en CapaDatos.Services.EmailQueueProcessor.<ProcessQueueAsync>d__10.MoveNext() en C:\AOCR\AOCR\AOCR05-01-2026\AOCR1\AOCR\CapaDatos\Services\EmailQueueService.cs:línea 332
2026-01-31 14:14:01.179 | ERROR | CID:N/A | ERR:EMAIL_QUEUE_ERROR | Error de configuración de base de datos.
    Exception: DataAccessException
    StackTrace:    en CapaDatos.Infrastructure.BaseDAO.ExecuteWithConnection[T](Func`2 action) en C:\AOCR\AOCR\AOCR05-01-2026\AOCR1\AOCR\CapaDatos\Infrastructure\BaseDAO.cs:línea 68
   en CapaDatos.Services.EmailQueueService.<ObtenerSiguienteAsync>d__5.MoveNext() en C:\AOCR\AOCR\AOCR05-01-2026\AOCR1\AOCR\CapaDatos\Services\EmailQueueService.cs:línea 136
--- Fin del seguimiento de la pila de la ubicación anterior donde se produjo la excepción ---
   en System.Runtime.ExceptionServices.ExceptionDispatchInfo.Throw()
   en System.Runtime.CompilerServices.TaskAwaiter.HandleNonSuccessAndDebuggerNotification(Task task)
   en System.Runtime.CompilerServices.TaskAwaiter`1.GetResult()
   en CapaDatos.Services.EmailQueueProcessor.<ProcessQueueAsync>d__10.MoveNext() en C:\AOCR\AOCR\AOCR05-01-2026\AOCR1\AOCR\CapaDatos\Services\EmailQueueService.cs:línea 332
2026-01-31 14:14:31.228 | ERROR | CID:N/A | ERR:EMAIL_QUEUE_ERROR | Error de configuración de base de datos.
    Exception: DataAccessException
    StackTrace:    en CapaDatos.Infrastructure.BaseDAO.ExecuteWithConnection[T](Func`2 action) en C:\AOCR\AOCR\AOCR05-01-2026\AOCR1\AOCR\CapaDatos\Infrastructure\BaseDAO.cs:línea 68
   en CapaDatos.Services.EmailQueueService.<ObtenerSiguienteAsync>d__5.MoveNext() en C:\AOCR\AOCR\AOCR05-01-2026\AOCR1\AOCR\CapaDatos\Services\EmailQueueService.cs:línea 136
--- Fin del seguimiento de la pila de la ubicación anterior donde se produjo la excepción ---
   en System.Runtime.ExceptionServices.ExceptionDispatchInfo.Throw()
   en System.Runtime.CompilerServices.TaskAwaiter.HandleNonSuccessAndDebuggerNotification(Task task)
   en System.Runtime.CompilerServices.TaskAwaiter`1.GetResult()
   en CapaDatos.Services.EmailQueueProcessor.<ProcessQueueAsync>d__10.MoveNext() en C:\AOCR\AOCR\AOCR05-01-2026\AOCR1\AOCR\CapaDatos\Services\EmailQueueService.cs:línea 332
2026-01-31 14:15:01.290 | ERROR | CID:N/A | ERR:EMAIL_QUEUE_ERROR | Error de configuración de base de datos.
    Exception: DataAccessException
    StackTrace:    en CapaDatos.Infrastructure.BaseDAO.ExecuteWithConnection[T](Func`2 action) en C:\AOCR\AOCR\AOCR05-01-2026\AOCR1\AOCR\CapaDatos\Infrastructure\BaseDAO.cs:línea 68
   en CapaDatos.Services.EmailQueueService.<ObtenerSiguienteAsync>d__5.MoveNext() en C:\AOCR\AOCR\AOCR05-01-2026\AOCR1\AOCR\CapaDatos\Services\EmailQueueService.cs:línea 136
--- Fin del seguimiento de la pila de la ubicación anterior donde se produjo la excepción ---
   en System.Runtime.ExceptionServices.ExceptionDispatchInfo.Throw()
   en System.Runtime.CompilerServices.TaskAwaiter.HandleNonSuccessAndDebuggerNotification(Task task)
   en System.Runtime.CompilerServices.TaskAwaiter`1.GetResult()
   en CapaDatos.Services.EmailQueueProcessor.<ProcessQueueAsync>d__10.MoveNext() en C:\AOCR\AOCR\AOCR05-01-2026\AOCR1\AOCR\CapaDatos\Services\EmailQueueService.cs:línea 332
2026-01-31 14:15:31.340 | ERROR | CID:N/A | ERR:EMAIL_QUEUE_ERROR | Error de configuración de base de datos.
    Exception: DataAccessException
    StackTrace:    en CapaDatos.Infrastructure.BaseDAO.ExecuteWithConnection[T](Func`2 action) en C:\AOCR\AOCR\AOCR05-01-2026\AOCR1\AOCR\CapaDatos\Infrastructure\BaseDAO.cs:línea 68
   en CapaDatos.Services.EmailQueueService.<ObtenerSiguienteAsync>d__5.MoveNext() en C:\AOCR\AOCR\AOCR05-01-2026\AOCR1\AOCR\CapaDatos\Services\EmailQueueService.cs:línea 136
--- Fin del seguimiento de la pila de la ubicación anterior donde se produjo la excepción ---
   en System.Runtime.ExceptionServices.ExceptionDispatchInfo.Throw()
   en System.Runtime.CompilerServices.TaskAwaiter.HandleNonSuccessAndDebuggerNotification(Task task)
   en System.Runtime.CompilerServices.TaskAwaiter`1.GetResult()
   en CapaDatos.Services.EmailQueueProcessor.<ProcessQueueAsync>d__10.MoveNext() en C:\AOCR\AOCR\AOCR05-01-2026\AOCR1\AOCR\CapaDatos\Services\EmailQueueService.cs:línea 332
2026-01-31 14:16:01.392 | ERROR | CID:N/A | ERR:EMAIL_QUEUE_ERROR | Error de configuración de base de datos.
    Exception: DataAccessException
    StackTrace:    en CapaDatos.Infrastructure.BaseDAO.ExecuteWithConnection[T](Func`2 action) en C:\AOCR\AOCR\AOCR05-01-2026\AOCR1\AOCR\CapaDatos\Infrastructure\BaseDAO.cs:línea 68
   en CapaDatos.Services.EmailQueueService.<ObtenerSiguienteAsync>d__5.MoveNext() en C:\AOCR\AOCR\AOCR05-01-2026\AOCR1\AOCR\CapaDatos\Services\EmailQueueService.cs:línea 136
--- Fin del seguimiento de la pila de la ubicación anterior donde se produjo la excepción ---
   en System.Runtime.ExceptionServices.ExceptionDispatchInfo.Throw()
   en System.Runtime.CompilerServices.TaskAwaiter.HandleNonSuccessAndDebuggerNotification(Task task)
   en System.Runtime.CompilerServices.TaskAwaiter`1.GetResult()
   en CapaDatos.Services.EmailQueueProcessor.<ProcessQueueAsync>d__10.MoveNext() en C:\AOCR\AOCR\AOCR05-01-2026\AOCR1\AOCR\CapaDatos\Services\EmailQueueService.cs:línea 332
2026-01-31 14:16:31.440 | ERROR | CID:N/A | ERR:EMAIL_QUEUE_ERROR | Error de configuración de base de datos.
    Exception: DataAccessException
    StackTrace:    en CapaDatos.Infrastructure.BaseDAO.ExecuteWithConnection[T](Func`2 action) en C:\AOCR\AOCR\AOCR05-01-2026\AOCR1\AOCR\CapaDatos\Infrastructure\BaseDAO.cs:línea 68
   en CapaDatos.Services.EmailQueueService.<ObtenerSiguienteAsync>d__5.MoveNext() en C:\AOCR\AOCR\AOCR05-01-2026\AOCR1\AOCR\CapaDatos\Services\EmailQueueService.cs:línea 136
--- Fin del seguimiento de la pila de la ubicación anterior donde se produjo la excepción ---
   en System.Runtime.ExceptionServices.ExceptionDispatchInfo.Throw()
   en System.Runtime.CompilerServices.TaskAwaiter.HandleNonSuccessAndDebuggerNotification(Task task)
   en System.Runtime.CompilerServices.TaskAwaiter`1.GetResult()
   en CapaDatos.Services.EmailQueueProcessor.<ProcessQueueAsync>d__10.MoveNext() en C:\AOCR\AOCR\AOCR05-01-2026\AOCR1\AOCR\CapaDatos\Services\EmailQueueService.cs:línea 332
2026-01-31 14:17:01.499 | ERROR | CID:N/A | ERR:EMAIL_QUEUE_ERROR | Error de configuración de base de datos.
    Exception: DataAccessException
    StackTrace:    en CapaDatos.Infrastructure.BaseDAO.ExecuteWithConnection[T](Func`2 action) en C:\AOCR\AOCR\AOCR05-01-2026\AOCR1\AOCR\CapaDatos\Infrastructure\BaseDAO.cs:línea 68
   en CapaDatos.Services.EmailQueueService.<ObtenerSiguienteAsync>d__5.MoveNext() en C:\AOCR\AOCR\AOCR05-01-2026\AOCR1\AOCR\CapaDatos\Services\EmailQueueService.cs:línea 136
--- Fin del seguimiento de la pila de la ubicación anterior donde se produjo la excepción ---
   en System.Runtime.ExceptionServices.ExceptionDispatchInfo.Throw()
   en System.Runtime.CompilerServices.TaskAwaiter.HandleNonSuccessAndDebuggerNotification(Task task)
   en System.Runtime.CompilerServices.TaskAwaiter`1.GetResult()
   en CapaDatos.Services.EmailQueueProcessor.<ProcessQueueAsync>d__10.MoveNext() en C:\AOCR\AOCR\AOCR05-01-2026\AOCR1\AOCR\CapaDatos\Services\EmailQueueService.cs:línea 332
2026-01-31 14:17:31.547 | ERROR | CID:N/A | ERR:EMAIL_QUEUE_ERROR | Error de configuración de base de datos.
    Exception: DataAccessException
    StackTrace:    en CapaDatos.Infrastructure.BaseDAO.ExecuteWithConnection[T](Func`2 action) en C:\AOCR\AOCR\AOCR05-01-2026\AOCR1\AOCR\CapaDatos\Infrastructure\BaseDAO.cs:línea 68
   en CapaDatos.Services.EmailQueueService.<ObtenerSiguienteAsync>d__5.MoveNext() en C:\AOCR\AOCR\AOCR05-01-2026\AOCR1\AOCR\CapaDatos\Services\EmailQueueService.cs:línea 136
--- Fin del seguimiento de la pila de la ubicación anterior donde se produjo la excepción ---
   en System.Runtime.ExceptionServices.ExceptionDispatchInfo.Throw()
   en System.Runtime.CompilerServices.TaskAwaiter.HandleNonSuccessAndDebuggerNotification(Task task)
   en System.Runtime.CompilerServices.TaskAwaiter`1.GetResult()
   en CapaDatos.Services.EmailQueueProcessor.<ProcessQueueAsync>d__10.MoveNext() en C:\AOCR\AOCR\AOCR05-01-2026\AOCR1\AOCR\CapaDatos\Services\EmailQueueService.cs:línea 332
2026-01-31 14:18:01.601 | ERROR | CID:N/A | ERR:EMAIL_QUEUE_ERROR | Error de configuración de base de datos.
    Exception: DataAccessException
    StackTrace:    en CapaDatos.Infrastructure.BaseDAO.ExecuteWithConnection[T](Func`2 action) en C:\AOCR\AOCR\AOCR05-01-2026\AOCR1\AOCR\CapaDatos\Infrastructure\BaseDAO.cs:línea 68
   en CapaDatos.Services.EmailQueueService.<ObtenerSiguienteAsync>d__5.MoveNext() en C:\AOCR\AOCR\AOCR05-01-2026\AOCR1\AOCR\CapaDatos\Services\EmailQueueService.cs:línea 136
--- Fin del seguimiento de la pila de la ubicación anterior donde se produjo la excepción ---
   en System.Runtime.ExceptionServices.ExceptionDispatchInfo.Throw()
   en System.Runtime.CompilerServices.TaskAwaiter.HandleNonSuccessAndDebuggerNotification(Task task)
   en System.Runtime.CompilerServices.TaskAwaiter`1.GetResult()
   en CapaDatos.Services.EmailQueueProcessor.<ProcessQueueAsync>d__10.MoveNext() en C:\AOCR\AOCR\AOCR05-01-2026\AOCR1\AOCR\CapaDatos\Services\EmailQueueService.cs:línea 332
2026-01-31 14:18:31.660 | ERROR | CID:N/A | ERR:EMAIL_QUEUE_ERROR | Error de configuración de base de datos.
    Exception: DataAccessException
    StackTrace:    en CapaDatos.Infrastructure.BaseDAO.ExecuteWithConnection[T](Func`2 action) en C:\AOCR\AOCR\AOCR05-01-2026\AOCR1\AOCR\CapaDatos\Infrastructure\BaseDAO.cs:línea 68
   en CapaDatos.Services.EmailQueueService.<ObtenerSiguienteAsync>d__5.MoveNext() en C:\AOCR\AOCR\AOCR05-01-2026\AOCR1\AOCR\CapaDatos\Services\EmailQueueService.cs:línea 136
--- Fin del seguimiento de la pila de la ubicación anterior donde se produjo la excepción ---
   en System.Runtime.ExceptionServices.ExceptionDispatchInfo.Throw()
   en System.Runtime.CompilerServices.TaskAwaiter.HandleNonSuccessAndDebuggerNotification(Task task)
   en System.Runtime.CompilerServices.TaskAwaiter`1.GetResult()
   en CapaDatos.Services.EmailQueueProcessor.<ProcessQueueAsync>d__10.MoveNext() en C:\AOCR\AOCR\AOCR05-01-2026\AOCR1\AOCR\CapaDatos\Services\EmailQueueService.cs:línea 332
2026-01-31 14:19:01.707 | ERROR | CID:N/A | ERR:EMAIL_QUEUE_ERROR | Error de configuración de base de datos.
    Exception: DataAccessException
    StackTrace:    en CapaDatos.Infrastructure.BaseDAO.ExecuteWithConnection[T](Func`2 action) en C:\AOCR\AOCR\AOCR05-01-2026\AOCR1\AOCR\CapaDatos\Infrastructure\BaseDAO.cs:línea 68
   en CapaDatos.Services.EmailQueueService.<ObtenerSiguienteAsync>d__5.MoveNext() en C:\AOCR\AOCR\AOCR05-01-2026\AOCR1\AOCR\CapaDatos\Services\EmailQueueService.cs:línea 136
--- Fin del seguimiento de la pila de la ubicación anterior donde se produjo la excepción ---
   en System.Runtime.ExceptionServices.ExceptionDispatchInfo.Throw()
   en System.Runtime.CompilerServices.TaskAwaiter.HandleNonSuccessAndDebuggerNotification(Task task)
   en System.Runtime.CompilerServices.TaskAwaiter`1.GetResult()
   en CapaDatos.Services.EmailQueueProcessor.<ProcessQueueAsync>d__10.MoveNext() en C:\AOCR\AOCR\AOCR05-01-2026\AOCR1\AOCR\CapaDatos\Services\EmailQueueService.cs:línea 332
2026-01-31 14:19:31.762 | ERROR | CID:N/A | ERR:EMAIL_QUEUE_ERROR | Error de configuración de base de datos.
    Exception: DataAccessException
    StackTrace:    en CapaDatos.Infrastructure.BaseDAO.ExecuteWithConnection[T](Func`2 action) en C:\AOCR\AOCR\AOCR05-01-2026\AOCR1\AOCR\CapaDatos\Infrastructure\BaseDAO.cs:línea 68
   en CapaDatos.Services.EmailQueueService.<ObtenerSiguienteAsync>d__5.MoveNext() en C:\AOCR\AOCR\AOCR05-01-2026\AOCR1\AOCR\CapaDatos\Services\EmailQueueService.cs:línea 136
--- Fin del seguimiento de la pila de la ubicación anterior donde se produjo la excepción ---
   en System.Runtime.ExceptionServices.ExceptionDispatchInfo.Throw()
   en System.Runtime.CompilerServices.TaskAwaiter.HandleNonSuccessAndDebuggerNotification(Task task)
   en System.Runtime.CompilerServices.TaskAwaiter`1.GetResult()
   en CapaDatos.Services.EmailQueueProcessor.<ProcessQueueAsync>d__10.MoveNext() en C:\AOCR\AOCR\AOCR05-01-2026\AOCR1\AOCR\CapaDatos\Services\EmailQueueService.cs:línea 332
2026-01-31 14:20:01.826 | ERROR | CID:N/A | ERR:EMAIL_QUEUE_ERROR | Error de configuración de base de datos.
    Exception: DataAccessException
    StackTrace:    en CapaDatos.Infrastructure.BaseDAO.ExecuteWithConnection[T](Func`2 action) en C:\AOCR\AOCR\AOCR05-01-2026\AOCR1\AOCR\CapaDatos\Infrastructure\BaseDAO.cs:línea 68
   en CapaDatos.Services.EmailQueueService.<ObtenerSiguienteAsync>d__5.MoveNext() en C:\AOCR\AOCR\AOCR05-01-2026\AOCR1\AOCR\CapaDatos\Services\EmailQueueService.cs:línea 136
--- Fin del seguimiento de la pila de la ubicación anterior donde se produjo la excepción ---
   en System.Runtime.ExceptionServices.ExceptionDispatchInfo.Throw()
   en System.Runtime.CompilerServices.TaskAwaiter.HandleNonSuccessAndDebuggerNotification(Task task)
   en System.Runtime.CompilerServices.TaskAwaiter`1.GetResult()
   en CapaDatos.Services.EmailQueueProcessor.<ProcessQueueAsync>d__10.MoveNext() en C:\AOCR\AOCR\AOCR05-01-2026\AOCR1\AOCR\CapaDatos\Services\EmailQueueService.cs:línea 332
2026-01-31 14:20:31.879 | ERROR | CID:N/A | ERR:EMAIL_QUEUE_ERROR | Error de configuración de base de datos.
    Exception: DataAccessException
    StackTrace:    en CapaDatos.Infrastructure.BaseDAO.ExecuteWithConnection[T](Func`2 action) en C:\AOCR\AOCR\AOCR05-01-2026\AOCR1\AOCR\CapaDatos\Infrastructure\BaseDAO.cs:línea 68
   en CapaDatos.Services.EmailQueueService.<ObtenerSiguienteAsync>d__5.MoveNext() en C:\AOCR\AOCR\AOCR05-01-2026\AOCR1\AOCR\CapaDatos\Services\EmailQueueService.cs:línea 136
--- Fin del seguimiento de la pila de la ubicación anterior donde se produjo la excepción ---
   en System.Runtime.ExceptionServices.ExceptionDispatchInfo.Throw()
   en System.Runtime.CompilerServices.TaskAwaiter.HandleNonSuccessAndDebuggerNotification(Task task)
   en System.Runtime.CompilerServices.TaskAwaiter`1.GetResult()
   en CapaDatos.Services.EmailQueueProcessor.<ProcessQueueAsync>d__10.MoveNext() en C:\AOCR\AOCR\AOCR05-01-2026\AOCR1\AOCR\CapaDatos\Services\EmailQueueService.cs:línea 332
2026-01-31 14:21:01.922 | ERROR | CID:N/A | ERR:EMAIL_QUEUE_ERROR | Error de configuración de base de datos.
    Exception: DataAccessException
    StackTrace:    en CapaDatos.Infrastructure.BaseDAO.ExecuteWithConnection[T](Func`2 action) en C:\AOCR\AOCR\AOCR05-01-2026\AOCR1\AOCR\CapaDatos\Infrastructure\BaseDAO.cs:línea 68
   en CapaDatos.Services.EmailQueueService.<ObtenerSiguienteAsync>d__5.MoveNext() en C:\AOCR\AOCR\AOCR05-01-2026\AOCR1\AOCR\CapaDatos\Services\EmailQueueService.cs:línea 136
--- Fin del seguimiento de la pila de la ubicación anterior donde se produjo la excepción ---
   en System.Runtime.ExceptionServices.ExceptionDispatchInfo.Throw()
   en System.Runtime.CompilerServices.TaskAwaiter.HandleNonSuccessAndDebuggerNotification(Task task)
   en System.Runtime.CompilerServices.TaskAwaiter`1.GetResult()
   en CapaDatos.Services.EmailQueueProcessor.<ProcessQueueAsync>d__10.MoveNext() en C:\AOCR\AOCR\AOCR05-01-2026\AOCR1\AOCR\CapaDatos\Services\EmailQueueService.cs:línea 332
2026-01-31 14:21:31.978 | ERROR | CID:N/A | ERR:EMAIL_QUEUE_ERROR | Error de configuración de base de datos.
    Exception: DataAccessException
    StackTrace:    en CapaDatos.Infrastructure.BaseDAO.ExecuteWithConnection[T](Func`2 action) en C:\AOCR\AOCR\AOCR05-01-2026\AOCR1\AOCR\CapaDatos\Infrastructure\BaseDAO.cs:línea 68
   en CapaDatos.Services.EmailQueueService.<ObtenerSiguienteAsync>d__5.MoveNext() en C:\AOCR\AOCR\AOCR05-01-2026\AOCR1\AOCR\CapaDatos\Services\EmailQueueService.cs:línea 136
--- Fin del seguimiento de la pila de la ubicación anterior donde se produjo la excepción ---
   en System.Runtime.ExceptionServices.ExceptionDispatchInfo.Throw()
   en System.Runtime.CompilerServices.TaskAwaiter.HandleNonSuccessAndDebuggerNotification(Task task)
   en System.Runtime.CompilerServices.TaskAwaiter`1.GetResult()
   en CapaDatos.Services.EmailQueueProcessor.<ProcessQueueAsync>d__10.MoveNext() en C:\AOCR\AOCR\AOCR05-01-2026\AOCR1\AOCR\CapaDatos\Services\EmailQueueService.cs:línea 332
2026-01-31 14:22:02.030 | ERROR | CID:N/A | ERR:EMAIL_QUEUE_ERROR | Error de configuración de base de datos.
    Exception: DataAccessException
    StackTrace:    en CapaDatos.Infrastructure.BaseDAO.ExecuteWithConnection[T](Func`2 action) en C:\AOCR\AOCR\AOCR05-01-2026\AOCR1\AOCR\CapaDatos\Infrastructure\BaseDAO.cs:línea 68
   en CapaDatos.Services.EmailQueueService.<ObtenerSiguienteAsync>d__5.MoveNext() en C:\AOCR\AOCR\AOCR05-01-2026\AOCR1\AOCR\CapaDatos\Services\EmailQueueService.cs:línea 136
--- Fin del seguimiento de la pila de la ubicación anterior donde se produjo la excepción ---
   en System.Runtime.ExceptionServices.ExceptionDispatchInfo.Throw()
   en System.Runtime.CompilerServices.TaskAwaiter.HandleNonSuccessAndDebuggerNotification(Task task)
   en System.Runtime.CompilerServices.TaskAwaiter`1.GetResult()
   en CapaDatos.Services.EmailQueueProcessor.<ProcessQueueAsync>d__10.MoveNext() en C:\AOCR\AOCR\AOCR05-01-2026\AOCR1\AOCR\CapaDatos\Services\EmailQueueService.cs:línea 332
2026-01-31 14:22:32.078 | ERROR | CID:N/A | ERR:EMAIL_QUEUE_ERROR | Error de configuración de base de datos.
    Exception: DataAccessException
    StackTrace:    en CapaDatos.Infrastructure.BaseDAO.ExecuteWithConnection[T](Func`2 action) en C:\AOCR\AOCR\AOCR05-01-2026\AOCR1\AOCR\CapaDatos\Infrastructure\BaseDAO.cs:línea 68
   en CapaDatos.Services.EmailQueueService.<ObtenerSiguienteAsync>d__5.MoveNext() en C:\AOCR\AOCR\AOCR05-01-2026\AOCR1\AOCR\CapaDatos\Services\EmailQueueService.cs:línea 136
--- Fin del seguimiento de la pila de la ubicación anterior donde se produjo la excepción ---
   en System.Runtime.ExceptionServices.ExceptionDispatchInfo.Throw()
   en System.Runtime.CompilerServices.TaskAwaiter.HandleNonSuccessAndDebuggerNotification(Task task)
   en System.Runtime.CompilerServices.TaskAwaiter`1.GetResult()
   en CapaDatos.Services.EmailQueueProcessor.<ProcessQueueAsync>d__10.MoveNext() en C:\AOCR\AOCR\AOCR05-01-2026\AOCR1\AOCR\CapaDatos\Services\EmailQueueService.cs:línea 332
2026-01-31 14:23:02.128 | ERROR | CID:N/A | ERR:EMAIL_QUEUE_ERROR | Error de configuración de base de datos.
    Exception: DataAccessException
    StackTrace:    en CapaDatos.Infrastructure.BaseDAO.ExecuteWithConnection[T](Func`2 action) en C:\AOCR\AOCR\AOCR05-01-2026\AOCR1\AOCR\CapaDatos\Infrastructure\BaseDAO.cs:línea 68
   en CapaDatos.Services.EmailQueueService.<ObtenerSiguienteAsync>d__5.MoveNext() en C:\AOCR\AOCR\AOCR05-01-2026\AOCR1\AOCR\CapaDatos\Services\EmailQueueService.cs:línea 136
--- Fin del seguimiento de la pila de la ubicación anterior donde se produjo la excepción ---
   en System.Runtime.ExceptionServices.ExceptionDispatchInfo.Throw()
   en System.Runtime.CompilerServices.TaskAwaiter.HandleNonSuccessAndDebuggerNotification(Task task)
   en System.Runtime.CompilerServices.TaskAwaiter`1.GetResult()
   en CapaDatos.Services.EmailQueueProcessor.<ProcessQueueAsync>d__10.MoveNext() en C:\AOCR\AOCR\AOCR05-01-2026\AOCR1\AOCR\CapaDatos\Services\EmailQueueService.cs:línea 332
2026-01-31 14:23:32.175 | ERROR | CID:N/A | ERR:EMAIL_QUEUE_ERROR | Error de configuración de base de datos.
    Exception: DataAccessException
    StackTrace:    en CapaDatos.Infrastructure.BaseDAO.ExecuteWithConnection[T](Func`2 action) en C:\AOCR\AOCR\AOCR05-01-2026\AOCR1\AOCR\CapaDatos\Infrastructure\BaseDAO.cs:línea 68
   en CapaDatos.Services.EmailQueueService.<ObtenerSiguienteAsync>d__5.MoveNext() en C:\AOCR\AOCR\AOCR05-01-2026\AOCR1\AOCR\CapaDatos\Services\EmailQueueService.cs:línea 136
--- Fin del seguimiento de la pila de la ubicación anterior donde se produjo la excepción ---
   en System.Runtime.ExceptionServices.ExceptionDispatchInfo.Throw()
   en System.Runtime.CompilerServices.TaskAwaiter.HandleNonSuccessAndDebuggerNotification(Task task)
   en System.Runtime.CompilerServices.TaskAwaiter`1.GetResult()
   en CapaDatos.Services.EmailQueueProcessor.<ProcessQueueAsync>d__10.MoveNext() en C:\AOCR\AOCR\AOCR05-01-2026\AOCR1\AOCR\CapaDatos\Services\EmailQueueService.cs:línea 332
2026-01-31 14:24:02.221 | ERROR | CID:N/A | ERR:EMAIL_QUEUE_ERROR | Error de configuración de base de datos.
    Exception: DataAccessException
    StackTrace:    en CapaDatos.Infrastructure.BaseDAO.ExecuteWithConnection[T](Func`2 action) en C:\AOCR\AOCR\AOCR05-01-2026\AOCR1\AOCR\CapaDatos\Infrastructure\BaseDAO.cs:línea 68
   en CapaDatos.Services.EmailQueueService.<ObtenerSiguienteAsync>d__5.MoveNext() en C:\AOCR\AOCR\AOCR05-01-2026\AOCR1\AOCR\CapaDatos\Services\EmailQueueService.cs:línea 136
--- Fin del seguimiento de la pila de la ubicación anterior donde se produjo la excepción ---
   en System.Runtime.ExceptionServices.ExceptionDispatchInfo.Throw()
   en System.Runtime.CompilerServices.TaskAwaiter.HandleNonSuccessAndDebuggerNotification(Task task)
   en System.Runtime.CompilerServices.TaskAwaiter`1.GetResult()
   en CapaDatos.Services.EmailQueueProcessor.<ProcessQueueAsync>d__10.MoveNext() en C:\AOCR\AOCR\AOCR05-01-2026\AOCR1\AOCR\CapaDatos\Services\EmailQueueService.cs:línea 332
2026-01-31 14:24:32.266 | ERROR | CID:N/A | ERR:EMAIL_QUEUE_ERROR | Error de configuración de base de datos.
    Exception: DataAccessException
    StackTrace:    en CapaDatos.Infrastructure.BaseDAO.ExecuteWithConnection[T](Func`2 action) en C:\AOCR\AOCR\AOCR05-01-2026\AOCR1\AOCR\CapaDatos\Infrastructure\BaseDAO.cs:línea 68
   en CapaDatos.Services.EmailQueueService.<ObtenerSiguienteAsync>d__5.MoveNext() en C:\AOCR\AOCR\AOCR05-01-2026\AOCR1\AOCR\CapaDatos\Services\EmailQueueService.cs:línea 136
--- Fin del seguimiento de la pila de la ubicación anterior donde se produjo la excepción ---
   en System.Runtime.ExceptionServices.ExceptionDispatchInfo.Throw()
   en System.Runtime.CompilerServices.TaskAwaiter.HandleNonSuccessAndDebuggerNotification(Task task)
   en System.Runtime.CompilerServices.TaskAwaiter`1.GetResult()
   en CapaDatos.Services.EmailQueueProcessor.<ProcessQueueAsync>d__10.MoveNext() en C:\AOCR\AOCR\AOCR05-01-2026\AOCR1\AOCR\CapaDatos\Services\EmailQueueService.cs:línea 332
2026-01-31 14:25:02.325 | ERROR | CID:N/A | ERR:EMAIL_QUEUE_ERROR | Error de configuración de base de datos.
    Exception: DataAccessException
    StackTrace:    en CapaDatos.Infrastructure.BaseDAO.ExecuteWithConnection[T](Func`2 action) en C:\AOCR\AOCR\AOCR05-01-2026\AOCR1\AOCR\CapaDatos\Infrastructure\BaseDAO.cs:línea 68
   en CapaDatos.Services.EmailQueueService.<ObtenerSiguienteAsync>d__5.MoveNext() en C:\AOCR\AOCR\AOCR05-01-2026\AOCR1\AOCR\CapaDatos\Services\EmailQueueService.cs:línea 136
--- Fin del seguimiento de la pila de la ubicación anterior donde se produjo la excepción ---
   en System.Runtime.ExceptionServices.ExceptionDispatchInfo.Throw()
   en System.Runtime.CompilerServices.TaskAwaiter.HandleNonSuccessAndDebuggerNotification(Task task)
   en System.Runtime.CompilerServices.TaskAwaiter`1.GetResult()
   en CapaDatos.Services.EmailQueueProcessor.<ProcessQueueAsync>d__10.MoveNext() en C:\AOCR\AOCR\AOCR05-01-2026\AOCR1\AOCR\CapaDatos\Services\EmailQueueService.cs:línea 332
2026-01-31 14:25:32.374 | ERROR | CID:N/A | ERR:EMAIL_QUEUE_ERROR | Error de configuración de base de datos.
    Exception: DataAccessException
    StackTrace:    en CapaDatos.Infrastructure.BaseDAO.ExecuteWithConnection[T](Func`2 action) en C:\AOCR\AOCR\AOCR05-01-2026\AOCR1\AOCR\CapaDatos\Infrastructure\BaseDAO.cs:línea 68
   en CapaDatos.Services.EmailQueueService.<ObtenerSiguienteAsync>d__5.MoveNext() en C:\AOCR\AOCR\AOCR05-01-2026\AOCR1\AOCR\CapaDatos\Services\EmailQueueService.cs:línea 136
--- Fin del seguimiento de la pila de la ubicación anterior donde se produjo la excepción ---
   en System.Runtime.ExceptionServices.ExceptionDispatchInfo.Throw()
   en System.Runtime.CompilerServices.TaskAwaiter.HandleNonSuccessAndDebuggerNotification(Task task)
   en System.Runtime.CompilerServices.TaskAwaiter`1.GetResult()
   en CapaDatos.Services.EmailQueueProcessor.<ProcessQueueAsync>d__10.MoveNext() en C:\AOCR\AOCR\AOCR05-01-2026\AOCR1\AOCR\CapaDatos\Services\EmailQueueService.cs:línea 332
2026-01-31 14:26:02.424 | ERROR | CID:N/A | ERR:EMAIL_QUEUE_ERROR | Error de configuración de base de datos.
    Exception: DataAccessException
    StackTrace:    en CapaDatos.Infrastructure.BaseDAO.ExecuteWithConnection[T](Func`2 action) en C:\AOCR\AOCR\AOCR05-01-2026\AOCR1\AOCR\CapaDatos\Infrastructure\BaseDAO.cs:línea 68
   en CapaDatos.Services.EmailQueueService.<ObtenerSiguienteAsync>d__5.MoveNext() en C:\AOCR\AOCR\AOCR05-01-2026\AOCR1\AOCR\CapaDatos\Services\EmailQueueService.cs:línea 136
--- Fin del seguimiento de la pila de la ubicación anterior donde se produjo la excepción ---
   en System.Runtime.ExceptionServices.ExceptionDispatchInfo.Throw()
   en System.Runtime.CompilerServices.TaskAwaiter.HandleNonSuccessAndDebuggerNotification(Task task)
   en System.Runtime.CompilerServices.TaskAwaiter`1.GetResult()
   en CapaDatos.Services.EmailQueueProcessor.<ProcessQueueAsync>d__10.MoveNext() en C:\AOCR\AOCR\AOCR05-01-2026\AOCR1\AOCR\CapaDatos\Services\EmailQueueService.cs:línea 332
2026-01-31 14:26:32.684 | ERROR | CID:N/A | ERR:EMAIL_QUEUE_ERROR | Error de configuración de base de datos.
    Exception: DataAccessException
    StackTrace:    en CapaDatos.Infrastructure.BaseDAO.ExecuteWithConnection[T](Func`2 action) en C:\AOCR\AOCR\AOCR05-01-2026\AOCR1\AOCR\CapaDatos\Infrastructure\BaseDAO.cs:línea 68
   en CapaDatos.Services.EmailQueueService.<ObtenerSiguienteAsync>d__5.MoveNext() en C:\AOCR\AOCR\AOCR05-01-2026\AOCR1\AOCR\CapaDatos\Services\EmailQueueService.cs:línea 136
--- Fin del seguimiento de la pila de la ubicación anterior donde se produjo la excepción ---
   en System.Runtime.ExceptionServices.ExceptionDispatchInfo.Throw()
   en System.Runtime.CompilerServices.TaskAwaiter.HandleNonSuccessAndDebuggerNotification(Task task)
   en System.Runtime.CompilerServices.TaskAwaiter`1.GetResult()
   en CapaDatos.Services.EmailQueueProcessor.<ProcessQueueAsync>d__10.MoveNext() en C:\AOCR\AOCR\AOCR05-01-2026\AOCR1\AOCR\CapaDatos\Services\EmailQueueService.cs:línea 332
2026-01-31 14:27:02.747 | ERROR | CID:N/A | ERR:EMAIL_QUEUE_ERROR | Error de configuración de base de datos.
    Exception: DataAccessException
    StackTrace:    en CapaDatos.Infrastructure.BaseDAO.ExecuteWithConnection[T](Func`2 action) en C:\AOCR\AOCR\AOCR05-01-2026\AOCR1\AOCR\CapaDatos\Infrastructure\BaseDAO.cs:línea 68
   en CapaDatos.Services.EmailQueueService.<ObtenerSiguienteAsync>d__5.MoveNext() en C:\AOCR\AOCR\AOCR05-01-2026\AOCR1\AOCR\CapaDatos\Services\EmailQueueService.cs:línea 136
--- Fin del seguimiento de la pila de la ubicación anterior donde se produjo la excepción ---
   en System.Runtime.ExceptionServices.ExceptionDispatchInfo.Throw()
   en System.Runtime.CompilerServices.TaskAwaiter.HandleNonSuccessAndDebuggerNotification(Task task)
   en System.Runtime.CompilerServices.TaskAwaiter`1.GetResult()
   en CapaDatos.Services.EmailQueueProcessor.<ProcessQueueAsync>d__10.MoveNext() en C:\AOCR\AOCR\AOCR05-01-2026\AOCR1\AOCR\CapaDatos\Services\EmailQueueService.cs:línea 332
2026-01-31 14:27:32.800 | ERROR | CID:N/A | ERR:EMAIL_QUEUE_ERROR | Error de configuración de base de datos.
    Exception: DataAccessException
    StackTrace:    en CapaDatos.Infrastructure.BaseDAO.ExecuteWithConnection[T](Func`2 action) en C:\AOCR\AOCR\AOCR05-01-2026\AOCR1\AOCR\CapaDatos\Infrastructure\BaseDAO.cs:línea 68
   en CapaDatos.Services.EmailQueueService.<ObtenerSiguienteAsync>d__5.MoveNext() en C:\AOCR\AOCR\AOCR05-01-2026\AOCR1\AOCR\CapaDatos\Services\EmailQueueService.cs:línea 136
--- Fin del seguimiento de la pila de la ubicación anterior donde se produjo la excepción ---
   en System.Runtime.ExceptionServices.ExceptionDispatchInfo.Throw()
   en System.Runtime.CompilerServices.TaskAwaiter.HandleNonSuccessAndDebuggerNotification(Task task)
   en System.Runtime.CompilerServices.TaskAwaiter`1.GetResult()
   en CapaDatos.Services.EmailQueueProcessor.<ProcessQueueAsync>d__10.MoveNext() en C:\AOCR\AOCR\AOCR05-01-2026\AOCR1\AOCR\CapaDatos\Services\EmailQueueService.cs:línea 332
2026-01-31 14:28:02.845 | ERROR | CID:N/A | ERR:EMAIL_QUEUE_ERROR | Error de configuración de base de datos.
    Exception: DataAccessException
    StackTrace:    en CapaDatos.Infrastructure.BaseDAO.ExecuteWithConnection[T](Func`2 action) en C:\AOCR\AOCR\AOCR05-01-2026\AOCR1\AOCR\CapaDatos\Infrastructure\BaseDAO.cs:línea 68
   en CapaDatos.Services.EmailQueueService.<ObtenerSiguienteAsync>d__5.MoveNext() en C:\AOCR\AOCR\AOCR05-01-2026\AOCR1\AOCR\CapaDatos\Services\EmailQueueService.cs:línea 136
--- Fin del seguimiento de la pila de la ubicación anterior donde se produjo la excepción ---
   en System.Runtime.ExceptionServices.ExceptionDispatchInfo.Throw()
   en System.Runtime.CompilerServices.TaskAwaiter.HandleNonSuccessAndDebuggerNotification(Task task)
   en System.Runtime.CompilerServices.TaskAwaiter`1.GetResult()
   en CapaDatos.Services.EmailQueueProcessor.<ProcessQueueAsync>d__10.MoveNext() en C:\AOCR\AOCR\AOCR05-01-2026\AOCR1\AOCR\CapaDatos\Services\EmailQueueService.cs:línea 332
2026-01-31 14:28:32.902 | ERROR | CID:N/A | ERR:EMAIL_QUEUE_ERROR | Error de configuración de base de datos.
    Exception: DataAccessException
    StackTrace:    en CapaDatos.Infrastructure.BaseDAO.ExecuteWithConnection[T](Func`2 action) en C:\AOCR\AOCR\AOCR05-01-2026\AOCR1\AOCR\CapaDatos\Infrastructure\BaseDAO.cs:línea 68
   en CapaDatos.Services.EmailQueueService.<ObtenerSiguienteAsync>d__5.MoveNext() en C:\AOCR\AOCR\AOCR05-01-2026\AOCR1\AOCR\CapaDatos\Services\EmailQueueService.cs:línea 136
--- Fin del seguimiento de la pila de la ubicación anterior donde se produjo la excepción ---
   en System.Runtime.ExceptionServices.ExceptionDispatchInfo.Throw()
   en System.Runtime.CompilerServices.TaskAwaiter.HandleNonSuccessAndDebuggerNotification(Task task)
   en System.Runtime.CompilerServices.TaskAwaiter`1.GetResult()
   en CapaDatos.Services.EmailQueueProcessor.<ProcessQueueAsync>d__10.MoveNext() en C:\AOCR\AOCR\AOCR05-01-2026\AOCR1\AOCR\CapaDatos\Services\EmailQueueService.cs:línea 332
2026-01-31 14:29:02.949 | ERROR | CID:N/A | ERR:EMAIL_QUEUE_ERROR | Error de configuración de base de datos.
    Exception: DataAccessException
    StackTrace:    en CapaDatos.Infrastructure.BaseDAO.ExecuteWithConnection[T](Func`2 action) en C:\AOCR\AOCR\AOCR05-01-2026\AOCR1\AOCR\CapaDatos\Infrastructure\BaseDAO.cs:línea 68
   en CapaDatos.Services.EmailQueueService.<ObtenerSiguienteAsync>d__5.MoveNext() en C:\AOCR\AOCR\AOCR05-01-2026\AOCR1\AOCR\CapaDatos\Services\EmailQueueService.cs:línea 136
--- Fin del seguimiento de la pila de la ubicación anterior donde se produjo la excepción ---
   en System.Runtime.ExceptionServices.ExceptionDispatchInfo.Throw()
   en System.Runtime.CompilerServices.TaskAwaiter.HandleNonSuccessAndDebuggerNotification(Task task)
   en System.Runtime.CompilerServices.TaskAwaiter`1.GetResult()
   en CapaDatos.Services.EmailQueueProcessor.<ProcessQueueAsync>d__10.MoveNext() en C:\AOCR\AOCR\AOCR05-01-2026\AOCR1\AOCR\CapaDatos\Services\EmailQueueService.cs:línea 332
2026-01-31 14:29:33.003 | ERROR | CID:N/A | ERR:EMAIL_QUEUE_ERROR | Error de configuración de base de datos.
    Exception: DataAccessException
    StackTrace:    en CapaDatos.Infrastructure.BaseDAO.ExecuteWithConnection[T](Func`2 action) en C:\AOCR\AOCR\AOCR05-01-2026\AOCR1\AOCR\CapaDatos\Infrastructure\BaseDAO.cs:línea 68
   en CapaDatos.Services.EmailQueueService.<ObtenerSiguienteAsync>d__5.MoveNext() en C:\AOCR\AOCR\AOCR05-01-2026\AOCR1\AOCR\CapaDatos\Services\EmailQueueService.cs:línea 136
--- Fin del seguimiento de la pila de la ubicación anterior donde se produjo la excepción ---
   en System.Runtime.ExceptionServices.ExceptionDispatchInfo.Throw()
   en System.Runtime.CompilerServices.TaskAwaiter.HandleNonSuccessAndDebuggerNotification(Task task)
   en System.Runtime.CompilerServices.TaskAwaiter`1.GetResult()
   en CapaDatos.Services.EmailQueueProcessor.<ProcessQueueAsync>d__10.MoveNext() en C:\AOCR\AOCR\AOCR05-01-2026\AOCR1\AOCR\CapaDatos\Services\EmailQueueService.cs:línea 332
2026-01-31 14:30:03.051 | ERROR | CID:N/A | ERR:EMAIL_QUEUE_ERROR | Error de configuración de base de datos.
    Exception: DataAccessException
    StackTrace:    en CapaDatos.Infrastructure.BaseDAO.ExecuteWithConnection[T](Func`2 action) en C:\AOCR\AOCR\AOCR05-01-2026\AOCR1\AOCR\CapaDatos\Infrastructure\BaseDAO.cs:línea 68
   en CapaDatos.Services.EmailQueueService.<ObtenerSiguienteAsync>d__5.MoveNext() en C:\AOCR\AOCR\AOCR05-01-2026\AOCR1\AOCR\CapaDatos\Services\EmailQueueService.cs:línea 136
--- Fin del seguimiento de la pila de la ubicación anterior donde se produjo la excepción ---
   en System.Runtime.ExceptionServices.ExceptionDispatchInfo.Throw()
   en System.Runtime.CompilerServices.TaskAwaiter.HandleNonSuccessAndDebuggerNotification(Task task)
   en System.Runtime.CompilerServices.TaskAwaiter`1.GetResult()
   en CapaDatos.Services.EmailQueueProcessor.<ProcessQueueAsync>d__10.MoveNext() en C:\AOCR\AOCR\AOCR05-01-2026\AOCR1\AOCR\CapaDatos\Services\EmailQueueService.cs:línea 332
2026-01-31 14:30:33.098 | ERROR | CID:N/A | ERR:EMAIL_QUEUE_ERROR | Error de configuración de base de datos.
    Exception: DataAccessException
    StackTrace:    en CapaDatos.Infrastructure.BaseDAO.ExecuteWithConnection[T](Func`2 action) en C:\AOCR\AOCR\AOCR05-01-2026\AOCR1\AOCR\CapaDatos\Infrastructure\BaseDAO.cs:línea 68
   en CapaDatos.Services.EmailQueueService.<ObtenerSiguienteAsync>d__5.MoveNext() en C:\AOCR\AOCR\AOCR05-01-2026\AOCR1\AOCR\CapaDatos\Services\EmailQueueService.cs:línea 136
--- Fin del seguimiento de la pila de la ubicación anterior donde se produjo la excepción ---
   en System.Runtime.ExceptionServices.ExceptionDispatchInfo.Throw()
   en System.Runtime.CompilerServices.TaskAwaiter.HandleNonSuccessAndDebuggerNotification(Task task)
   en System.Runtime.CompilerServices.TaskAwaiter`1.GetResult()
   en CapaDatos.Services.EmailQueueProcessor.<ProcessQueueAsync>d__10.MoveNext() en C:\AOCR\AOCR\AOCR05-01-2026\AOCR1\AOCR\CapaDatos\Services\EmailQueueService.cs:línea 332
2026-01-31 14:31:03.149 | ERROR | CID:N/A | ERR:EMAIL_QUEUE_ERROR | Error de configuración de base de datos.
    Exception: DataAccessException
    StackTrace:    en CapaDatos.Infrastructure.BaseDAO.ExecuteWithConnection[T](Func`2 action) en C:\AOCR\AOCR\AOCR05-01-2026\AOCR1\AOCR\CapaDatos\Infrastructure\BaseDAO.cs:línea 68
   en CapaDatos.Services.EmailQueueService.<ObtenerSiguienteAsync>d__5.MoveNext() en C:\AOCR\AOCR\AOCR05-01-2026\AOCR1\AOCR\CapaDatos\Services\EmailQueueService.cs:línea 136
--- Fin del seguimiento de la pila de la ubicación anterior donde se produjo la excepción ---
   en System.Runtime.ExceptionServices.ExceptionDispatchInfo.Throw()
   en System.Runtime.CompilerServices.TaskAwaiter.HandleNonSuccessAndDebuggerNotification(Task task)
   en System.Runtime.CompilerServices.TaskAwaiter`1.GetResult()
   en CapaDatos.Services.EmailQueueProcessor.<ProcessQueueAsync>d__10.MoveNext() en C:\AOCR\AOCR\AOCR05-01-2026\AOCR1\AOCR\CapaDatos\Services\EmailQueueService.cs:línea 332
2026-01-31 14:31:33.205 | ERROR | CID:N/A | ERR:EMAIL_QUEUE_ERROR | Error de configuración de base de datos.
    Exception: DataAccessException
    StackTrace:    en CapaDatos.Infrastructure.BaseDAO.ExecuteWithConnection[T](Func`2 action) en C:\AOCR\AOCR\AOCR05-01-2026\AOCR1\AOCR\CapaDatos\Infrastructure\BaseDAO.cs:línea 68
   en CapaDatos.Services.EmailQueueService.<ObtenerSiguienteAsync>d__5.MoveNext() en C:\AOCR\AOCR\AOCR05-01-2026\AOCR1\AOCR\CapaDatos\Services\EmailQueueService.cs:línea 136
--- Fin del seguimiento de la pila de la ubicación anterior donde se produjo la excepción ---
   en System.Runtime.ExceptionServices.ExceptionDispatchInfo.Throw()
   en System.Runtime.CompilerServices.TaskAwaiter.HandleNonSuccessAndDebuggerNotification(Task task)
   en System.Runtime.CompilerServices.TaskAwaiter`1.GetResult()
   en CapaDatos.Services.EmailQueueProcessor.<ProcessQueueAsync>d__10.MoveNext() en C:\AOCR\AOCR\AOCR05-01-2026\AOCR1\AOCR\CapaDatos\Services\EmailQueueService.cs:línea 332
2026-01-31 14:32:03.261 | ERROR | CID:N/A | ERR:EMAIL_QUEUE_ERROR | Error de configuración de base de datos.
    Exception: DataAccessException
    StackTrace:    en CapaDatos.Infrastructure.BaseDAO.ExecuteWithConnection[T](Func`2 action) en C:\AOCR\AOCR\AOCR05-01-2026\AOCR1\AOCR\CapaDatos\Infrastructure\BaseDAO.cs:línea 68
   en CapaDatos.Services.EmailQueueService.<ObtenerSiguienteAsync>d__5.MoveNext() en C:\AOCR\AOCR\AOCR05-01-2026\AOCR1\AOCR\CapaDatos\Services\EmailQueueService.cs:línea 136
--- Fin del seguimiento de la pila de la ubicación anterior donde se produjo la excepción ---
   en System.Runtime.ExceptionServices.ExceptionDispatchInfo.Throw()
   en System.Runtime.CompilerServices.TaskAwaiter.HandleNonSuccessAndDebuggerNotification(Task task)
   en System.Runtime.CompilerServices.TaskAwaiter`1.GetResult()
   en CapaDatos.Services.EmailQueueProcessor.<ProcessQueueAsync>d__10.MoveNext() en C:\AOCR\AOCR\AOCR05-01-2026\AOCR1\AOCR\CapaDatos\Services\EmailQueueService.cs:línea 332
2026-01-31 14:32:33.327 | ERROR | CID:N/A | ERR:EMAIL_QUEUE_ERROR | Error de configuración de base de datos.
    Exception: DataAccessException
    StackTrace:    en CapaDatos.Infrastructure.BaseDAO.ExecuteWithConnection[T](Func`2 action) en C:\AOCR\AOCR\AOCR05-01-2026\AOCR1\AOCR\CapaDatos\Infrastructure\BaseDAO.cs:línea 68
   en CapaDatos.Services.EmailQueueService.<ObtenerSiguienteAsync>d__5.MoveNext() en C:\AOCR\AOCR\AOCR05-01-2026\AOCR1\AOCR\CapaDatos\Services\EmailQueueService.cs:línea 136
--- Fin del seguimiento de la pila de la ubicación anterior donde se produjo la excepción ---
   en System.Runtime.ExceptionServices.ExceptionDispatchInfo.Throw()
   en System.Runtime.CompilerServices.TaskAwaiter.HandleNonSuccessAndDebuggerNotification(Task task)
   en System.Runtime.CompilerServices.TaskAwaiter`1.GetResult()
   en CapaDatos.Services.EmailQueueProcessor.<ProcessQueueAsync>d__10.MoveNext() en C:\AOCR\AOCR\AOCR05-01-2026\AOCR1\AOCR\CapaDatos\Services\EmailQueueService.cs:línea 332
2026-01-31 14:33:03.368 | ERROR | CID:N/A | ERR:EMAIL_QUEUE_ERROR | Error de configuración de base de datos.
    Exception: DataAccessException
    StackTrace:    en CapaDatos.Infrastructure.BaseDAO.ExecuteWithConnection[T](Func`2 action) en C:\AOCR\AOCR\AOCR05-01-2026\AOCR1\AOCR\CapaDatos\Infrastructure\BaseDAO.cs:línea 68
   en CapaDatos.Services.EmailQueueService.<ObtenerSiguienteAsync>d__5.MoveNext() en C:\AOCR\AOCR\AOCR05-01-2026\AOCR1\AOCR\CapaDatos\Services\EmailQueueService.cs:línea 136
--- Fin del seguimiento de la pila de la ubicación anterior donde se produjo la excepción ---
   en System.Runtime.ExceptionServices.ExceptionDispatchInfo.Throw()
   en System.Runtime.CompilerServices.TaskAwaiter.HandleNonSuccessAndDebuggerNotification(Task task)
   en System.Runtime.CompilerServices.TaskAwaiter`1.GetResult()
   en CapaDatos.Services.EmailQueueProcessor.<ProcessQueueAsync>d__10.MoveNext() en C:\AOCR\AOCR\AOCR05-01-2026\AOCR1\AOCR\CapaDatos\Services\EmailQueueService.cs:línea 332
2026-01-31 14:33:33.416 | ERROR | CID:N/A | ERR:EMAIL_QUEUE_ERROR | Error de configuración de base de datos.
    Exception: DataAccessException
    StackTrace:    en CapaDatos.Infrastructure.BaseDAO.ExecuteWithConnection[T](Func`2 action) en C:\AOCR\AOCR\AOCR05-01-2026\AOCR1\AOCR\CapaDatos\Infrastructure\BaseDAO.cs:línea 68
   en CapaDatos.Services.EmailQueueService.<ObtenerSiguienteAsync>d__5.MoveNext() en C:\AOCR\AOCR\AOCR05-01-2026\AOCR1\AOCR\CapaDatos\Services\EmailQueueService.cs:línea 136
--- Fin del seguimiento de la pila de la ubicación anterior donde se produjo la excepción ---
   en System.Runtime.ExceptionServices.ExceptionDispatchInfo.Throw()
   en System.Runtime.CompilerServices.TaskAwaiter.HandleNonSuccessAndDebuggerNotification(Task task)
   en System.Runtime.CompilerServices.TaskAwaiter`1.GetResult()
   en CapaDatos.Services.EmailQueueProcessor.<ProcessQueueAsync>d__10.MoveNext() en C:\AOCR\AOCR\AOCR05-01-2026\AOCR1\AOCR\CapaDatos\Services\EmailQueueService.cs:línea 332
2026-01-31 14:34:03.477 | ERROR | CID:N/A | ERR:EMAIL_QUEUE_ERROR | Error de configuración de base de datos.
    Exception: DataAccessException
    StackTrace:    en CapaDatos.Infrastructure.BaseDAO.ExecuteWithConnection[T](Func`2 action) en C:\AOCR\AOCR\AOCR05-01-2026\AOCR1\AOCR\CapaDatos\Infrastructure\BaseDAO.cs:línea 68
   en CapaDatos.Services.EmailQueueService.<ObtenerSiguienteAsync>d__5.MoveNext() en C:\AOCR\AOCR\AOCR05-01-2026\AOCR1\AOCR\CapaDatos\Services\EmailQueueService.cs:línea 136
--- Fin del seguimiento de la pila de la ubicación anterior donde se produjo la excepción ---
   en System.Runtime.ExceptionServices.ExceptionDispatchInfo.Throw()
   en System.Runtime.CompilerServices.TaskAwaiter.HandleNonSuccessAndDebuggerNotification(Task task)
   en System.Runtime.CompilerServices.TaskAwaiter`1.GetResult()
   en CapaDatos.Services.EmailQueueProcessor.<ProcessQueueAsync>d__10.MoveNext() en C:\AOCR\AOCR\AOCR05-01-2026\AOCR1\AOCR\CapaDatos\Services\EmailQueueService.cs:línea 332
2026-01-31 14:34:33.543 | ERROR | CID:N/A | ERR:EMAIL_QUEUE_ERROR | Error de configuración de base de datos.
    Exception: DataAccessException
    StackTrace:    en CapaDatos.Infrastructure.BaseDAO.ExecuteWithConnection[T](Func`2 action) en C:\AOCR\AOCR\AOCR05-01-2026\AOCR1\AOCR\CapaDatos\Infrastructure\BaseDAO.cs:línea 68
   en CapaDatos.Services.EmailQueueService.<ObtenerSiguienteAsync>d__5.MoveNext() en C:\AOCR\AOCR\AOCR05-01-2026\AOCR1\AOCR\CapaDatos\Services\EmailQueueService.cs:línea 136
--- Fin del seguimiento de la pila de la ubicación anterior donde se produjo la excepción ---
   en System.Runtime.ExceptionServices.ExceptionDispatchInfo.Throw()
   en System.Runtime.CompilerServices.TaskAwaiter.HandleNonSuccessAndDebuggerNotification(Task task)
   en System.Runtime.CompilerServices.TaskAwaiter`1.GetResult()
   en CapaDatos.Services.EmailQueueProcessor.<ProcessQueueAsync>d__10.MoveNext() en C:\AOCR\AOCR\AOCR05-01-2026\AOCR1\AOCR\CapaDatos\Services\EmailQueueService.cs:línea 332
2026-01-31 14:35:03.609 | ERROR | CID:N/A | ERR:EMAIL_QUEUE_ERROR | Error de configuración de base de datos.
    Exception: DataAccessException
    StackTrace:    en CapaDatos.Infrastructure.BaseDAO.ExecuteWithConnection[T](Func`2 action) en C:\AOCR\AOCR\AOCR05-01-2026\AOCR1\AOCR\CapaDatos\Infrastructure\BaseDAO.cs:línea 68
   en CapaDatos.Services.EmailQueueService.<ObtenerSiguienteAsync>d__5.MoveNext() en C:\AOCR\AOCR\AOCR05-01-2026\AOCR1\AOCR\CapaDatos\Services\EmailQueueService.cs:línea 136
--- Fin del seguimiento de la pila de la ubicación anterior donde se produjo la excepción ---
   en System.Runtime.ExceptionServices.ExceptionDispatchInfo.Throw()
   en System.Runtime.CompilerServices.TaskAwaiter.HandleNonSuccessAndDebuggerNotification(Task task)
   en System.Runtime.CompilerServices.TaskAwaiter`1.GetResult()
   en CapaDatos.Services.EmailQueueProcessor.<ProcessQueueAsync>d__10.MoveNext() en C:\AOCR\AOCR\AOCR05-01-2026\AOCR1\AOCR\CapaDatos\Services\EmailQueueService.cs:línea 332
2026-01-31 14:35:33.660 | ERROR | CID:N/A | ERR:EMAIL_QUEUE_ERROR | Error de configuración de base de datos.
    Exception: DataAccessException
    StackTrace:    en CapaDatos.Infrastructure.BaseDAO.ExecuteWithConnection[T](Func`2 action) en C:\AOCR\AOCR\AOCR05-01-2026\AOCR1\AOCR\CapaDatos\Infrastructure\BaseDAO.cs:línea 68
   en CapaDatos.Services.EmailQueueService.<ObtenerSiguienteAsync>d__5.MoveNext() en C:\AOCR\AOCR\AOCR05-01-2026\AOCR1\AOCR\CapaDatos\Services\EmailQueueService.cs:línea 136
--- Fin del seguimiento de la pila de la ubicación anterior donde se produjo la excepción ---
   en System.Runtime.ExceptionServices.ExceptionDispatchInfo.Throw()
   en System.Runtime.CompilerServices.TaskAwaiter.HandleNonSuccessAndDebuggerNotification(Task task)
   en System.Runtime.CompilerServices.TaskAwaiter`1.GetResult()
   en CapaDatos.Services.EmailQueueProcessor.<ProcessQueueAsync>d__10.MoveNext() en C:\AOCR\AOCR\AOCR05-01-2026\AOCR1\AOCR\CapaDatos\Services\EmailQueueService.cs:línea 332
2026-01-31 14:36:03.705 | ERROR | CID:N/A | ERR:EMAIL_QUEUE_ERROR | Error de configuración de base de datos.
    Exception: DataAccessException
    StackTrace:    en CapaDatos.Infrastructure.BaseDAO.ExecuteWithConnection[T](Func`2 action) en C:\AOCR\AOCR\AOCR05-01-2026\AOCR1\AOCR\CapaDatos\Infrastructure\BaseDAO.cs:línea 68
   en CapaDatos.Services.EmailQueueService.<ObtenerSiguienteAsync>d__5.MoveNext() en C:\AOCR\AOCR\AOCR05-01-2026\AOCR1\AOCR\CapaDatos\Services\EmailQueueService.cs:línea 136
--- Fin del seguimiento de la pila de la ubicación anterior donde se produjo la excepción ---
   en System.Runtime.ExceptionServices.ExceptionDispatchInfo.Throw()
   en System.Runtime.CompilerServices.TaskAwaiter.HandleNonSuccessAndDebuggerNotification(Task task)
   en System.Runtime.CompilerServices.TaskAwaiter`1.GetResult()
   en CapaDatos.Services.EmailQueueProcessor.<ProcessQueueAsync>d__10.MoveNext() en C:\AOCR\AOCR\AOCR05-01-2026\AOCR1\AOCR\CapaDatos\Services\EmailQueueService.cs:línea 332
2026-01-31 14:36:33.771 | ERROR | CID:N/A | ERR:EMAIL_QUEUE_ERROR | Error de configuración de base de datos.
    Exception: DataAccessException
    StackTrace:    en CapaDatos.Infrastructure.BaseDAO.ExecuteWithConnection[T](Func`2 action) en C:\AOCR\AOCR\AOCR05-01-2026\AOCR1\AOCR\CapaDatos\Infrastructure\BaseDAO.cs:línea 68
   en CapaDatos.Services.EmailQueueService.<ObtenerSiguienteAsync>d__5.MoveNext() en C:\AOCR\AOCR\AOCR05-01-2026\AOCR1\AOCR\CapaDatos\Services\EmailQueueService.cs:línea 136
--- Fin del seguimiento de la pila de la ubicación anterior donde se produjo la excepción ---
   en System.Runtime.ExceptionServices.ExceptionDispatchInfo.Throw()
   en System.Runtime.CompilerServices.TaskAwaiter.HandleNonSuccessAndDebuggerNotification(Task task)
   en System.Runtime.CompilerServices.TaskAwaiter`1.GetResult()
   en CapaDatos.Services.EmailQueueProcessor.<ProcessQueueAsync>d__10.MoveNext() en C:\AOCR\AOCR\AOCR05-01-2026\AOCR1\AOCR\CapaDatos\Services\EmailQueueService.cs:línea 332
2026-01-31 14:37:03.827 | ERROR | CID:N/A | ERR:EMAIL_QUEUE_ERROR | Error de configuración de base de datos.
    Exception: DataAccessException
    StackTrace:    en CapaDatos.Infrastructure.BaseDAO.ExecuteWithConnection[T](Func`2 action) en C:\AOCR\AOCR\AOCR05-01-2026\AOCR1\AOCR\CapaDatos\Infrastructure\BaseDAO.cs:línea 68
   en CapaDatos.Services.EmailQueueService.<ObtenerSiguienteAsync>d__5.MoveNext() en C:\AOCR\AOCR\AOCR05-01-2026\AOCR1\AOCR\CapaDatos\Services\EmailQueueService.cs:línea 136
--- Fin del seguimiento de la pila de la ubicación anterior donde se produjo la excepción ---
   en System.Runtime.ExceptionServices.ExceptionDispatchInfo.Throw()
   en System.Runtime.CompilerServices.TaskAwaiter.HandleNonSuccessAndDebuggerNotification(Task task)
   en System.Runtime.CompilerServices.TaskAwaiter`1.GetResult()
   en CapaDatos.Services.EmailQueueProcessor.<ProcessQueueAsync>d__10.MoveNext() en C:\AOCR\AOCR\AOCR05-01-2026\AOCR1\AOCR\CapaDatos\Services\EmailQueueService.cs:línea 332
2026-01-31 14:37:33.877 | ERROR | CID:N/A | ERR:EMAIL_QUEUE_ERROR | Error de configuración de base de datos.
    Exception: DataAccessException
    StackTrace:    en CapaDatos.Infrastructure.BaseDAO.ExecuteWithConnection[T](Func`2 action) en C:\AOCR\AOCR\AOCR05-01-2026\AOCR1\AOCR\CapaDatos\Infrastructure\BaseDAO.cs:línea 68
   en CapaDatos.Services.EmailQueueService.<ObtenerSiguienteAsync>d__5.MoveNext() en C:\AOCR\AOCR\AOCR05-01-2026\AOCR1\AOCR\CapaDatos\Services\EmailQueueService.cs:línea 136
--- Fin del seguimiento de la pila de la ubicación anterior donde se produjo la excepción ---
   en System.Runtime.ExceptionServices.ExceptionDispatchInfo.Throw()
   en System.Runtime.CompilerServices.TaskAwaiter.HandleNonSuccessAndDebuggerNotification(Task task)
   en System.Runtime.CompilerServices.TaskAwaiter`1.GetResult()
   en CapaDatos.Services.EmailQueueProcessor.<ProcessQueueAsync>d__10.MoveNext() en C:\AOCR\AOCR\AOCR05-01-2026\AOCR1\AOCR\CapaDatos\Services\EmailQueueService.cs:línea 332
2026-01-31 14:38:03.924 | ERROR | CID:N/A | ERR:EMAIL_QUEUE_ERROR | Error de configuración de base de datos.
    Exception: DataAccessException
    StackTrace:    en CapaDatos.Infrastructure.BaseDAO.ExecuteWithConnection[T](Func`2 action) en C:\AOCR\AOCR\AOCR05-01-2026\AOCR1\AOCR\CapaDatos\Infrastructure\BaseDAO.cs:línea 68
   en CapaDatos.Services.EmailQueueService.<ObtenerSiguienteAsync>d__5.MoveNext() en C:\AOCR\AOCR\AOCR05-01-2026\AOCR1\AOCR\CapaDatos\Services\EmailQueueService.cs:línea 136
--- Fin del seguimiento de la pila de la ubicación anterior donde se produjo la excepción ---
   en System.Runtime.ExceptionServices.ExceptionDispatchInfo.Throw()
   en System.Runtime.CompilerServices.TaskAwaiter.HandleNonSuccessAndDebuggerNotification(Task task)
   en System.Runtime.CompilerServices.TaskAwaiter`1.GetResult()
   en CapaDatos.Services.EmailQueueProcessor.<ProcessQueueAsync>d__10.MoveNext() en C:\AOCR\AOCR\AOCR05-01-2026\AOCR1\AOCR\CapaDatos\Services\EmailQueueService.cs:línea 332
2026-01-31 14:38:33.978 | ERROR | CID:N/A | ERR:EMAIL_QUEUE_ERROR | Error de configuración de base de datos.
    Exception: DataAccessException
    StackTrace:    en CapaDatos.Infrastructure.BaseDAO.ExecuteWithConnection[T](Func`2 action) en C:\AOCR\AOCR\AOCR05-01-2026\AOCR1\AOCR\CapaDatos\Infrastructure\BaseDAO.cs:línea 68
   en CapaDatos.Services.EmailQueueService.<ObtenerSiguienteAsync>d__5.MoveNext() en C:\AOCR\AOCR\AOCR05-01-2026\AOCR1\AOCR\CapaDatos\Services\EmailQueueService.cs:línea 136
--- Fin del seguimiento de la pila de la ubicación anterior donde se produjo la excepción ---
   en System.Runtime.ExceptionServices.ExceptionDispatchInfo.Throw()
   en System.Runtime.CompilerServices.TaskAwaiter.HandleNonSuccessAndDebuggerNotification(Task task)
   en System.Runtime.CompilerServices.TaskAwaiter`1.GetResult()
   en CapaDatos.Services.EmailQueueProcessor.<ProcessQueueAsync>d__10.MoveNext() en C:\AOCR\AOCR\AOCR05-01-2026\AOCR1\AOCR\CapaDatos\Services\EmailQueueService.cs:línea 332
2026-01-31 14:39:04.024 | ERROR | CID:N/A | ERR:EMAIL_QUEUE_ERROR | Error de configuración de base de datos.
    Exception: DataAccessException
    StackTrace:    en CapaDatos.Infrastructure.BaseDAO.ExecuteWithConnection[T](Func`2 action) en C:\AOCR\AOCR\AOCR05-01-2026\AOCR1\AOCR\CapaDatos\Infrastructure\BaseDAO.cs:línea 68
   en CapaDatos.Services.EmailQueueService.<ObtenerSiguienteAsync>d__5.MoveNext() en C:\AOCR\AOCR\AOCR05-01-2026\AOCR1\AOCR\CapaDatos\Services\EmailQueueService.cs:línea 136
--- Fin del seguimiento de la pila de la ubicación anterior donde se produjo la excepción ---
   en System.Runtime.ExceptionServices.ExceptionDispatchInfo.Throw()
   en System.Runtime.CompilerServices.TaskAwaiter.HandleNonSuccessAndDebuggerNotification(Task task)
   en System.Runtime.CompilerServices.TaskAwaiter`1.GetResult()
   en CapaDatos.Services.EmailQueueProcessor.<ProcessQueueAsync>d__10.MoveNext() en C:\AOCR\AOCR\AOCR05-01-2026\AOCR1\AOCR\CapaDatos\Services\EmailQueueService.cs:línea 332
2026-01-31 14:39:34.079 | ERROR | CID:N/A | ERR:EMAIL_QUEUE_ERROR | Error de configuración de base de datos.
    Exception: DataAccessException
    StackTrace:    en CapaDatos.Infrastructure.BaseDAO.ExecuteWithConnection[T](Func`2 action) en C:\AOCR\AOCR\AOCR05-01-2026\AOCR1\AOCR\CapaDatos\Infrastructure\BaseDAO.cs:línea 68
   en CapaDatos.Services.EmailQueueService.<ObtenerSiguienteAsync>d__5.MoveNext() en C:\AOCR\AOCR\AOCR05-01-2026\AOCR1\AOCR\CapaDatos\Services\EmailQueueService.cs:línea 136
--- Fin del seguimiento de la pila de la ubicación anterior donde se produjo la excepción ---
   en System.Runtime.ExceptionServices.ExceptionDispatchInfo.Throw()
   en System.Runtime.CompilerServices.TaskAwaiter.HandleNonSuccessAndDebuggerNotification(Task task)
   en System.Runtime.CompilerServices.TaskAwaiter`1.GetResult()
   en CapaDatos.Services.EmailQueueProcessor.<ProcessQueueAsync>d__10.MoveNext() en C:\AOCR\AOCR\AOCR05-01-2026\AOCR1\AOCR\CapaDatos\Services\EmailQueueService.cs:línea 332
2026-01-31 14:40:04.136 | ERROR | CID:N/A | ERR:EMAIL_QUEUE_ERROR | Error de configuración de base de datos.
    Exception: DataAccessException
    StackTrace:    en CapaDatos.Infrastructure.BaseDAO.ExecuteWithConnection[T](Func`2 action) en C:\AOCR\AOCR\AOCR05-01-2026\AOCR1\AOCR\CapaDatos\Infrastructure\BaseDAO.cs:línea 68
   en CapaDatos.Services.EmailQueueService.<ObtenerSiguienteAsync>d__5.MoveNext() en C:\AOCR\AOCR\AOCR05-01-2026\AOCR1\AOCR\CapaDatos\Services\EmailQueueService.cs:línea 136
--- Fin del seguimiento de la pila de la ubicación anterior donde se produjo la excepción ---
   en System.Runtime.ExceptionServices.ExceptionDispatchInfo.Throw()
   en System.Runtime.CompilerServices.TaskAwaiter.HandleNonSuccessAndDebuggerNotification(Task task)
   en System.Runtime.CompilerServices.TaskAwaiter`1.GetResult()
   en CapaDatos.Services.EmailQueueProcessor.<ProcessQueueAsync>d__10.MoveNext() en C:\AOCR\AOCR\AOCR05-01-2026\AOCR1\AOCR\CapaDatos\Services\EmailQueueService.cs:línea 332
2026-01-31 14:40:34.201 | ERROR | CID:N/A | ERR:EMAIL_QUEUE_ERROR | Error de configuración de base de datos.
    Exception: DataAccessException
    StackTrace:    en CapaDatos.Infrastructure.BaseDAO.ExecuteWithConnection[T](Func`2 action) en C:\AOCR\AOCR\AOCR05-01-2026\AOCR1\AOCR\CapaDatos\Infrastructure\BaseDAO.cs:línea 68
   en CapaDatos.Services.EmailQueueService.<ObtenerSiguienteAsync>d__5.MoveNext() en C:\AOCR\AOCR\AOCR05-01-2026\AOCR1\AOCR\CapaDatos\Services\EmailQueueService.cs:línea 136
--- Fin del seguimiento de la pila de la ubicación anterior donde se produjo la excepción ---
   en System.Runtime.ExceptionServices.ExceptionDispatchInfo.Throw()
   en System.Runtime.CompilerServices.TaskAwaiter.HandleNonSuccessAndDebuggerNotification(Task task)
   en System.Runtime.CompilerServices.TaskAwaiter`1.GetResult()
   en CapaDatos.Services.EmailQueueProcessor.<ProcessQueueAsync>d__10.MoveNext() en C:\AOCR\AOCR\AOCR05-01-2026\AOCR1\AOCR\CapaDatos\Services\EmailQueueService.cs:línea 332
2026-01-31 14:41:04.242 | ERROR | CID:N/A | ERR:EMAIL_QUEUE_ERROR | Error de configuración de base de datos.
    Exception: DataAccessException
    StackTrace:    en CapaDatos.Infrastructure.BaseDAO.ExecuteWithConnection[T](Func`2 action) en C:\AOCR\AOCR\AOCR05-01-2026\AOCR1\AOCR\CapaDatos\Infrastructure\BaseDAO.cs:línea 68
   en CapaDatos.Services.EmailQueueService.<ObtenerSiguienteAsync>d__5.MoveNext() en C:\AOCR\AOCR\AOCR05-01-2026\AOCR1\AOCR\CapaDatos\Services\EmailQueueService.cs:línea 136
--- Fin del seguimiento de la pila de la ubicación anterior donde se produjo la excepción ---
   en System.Runtime.ExceptionServices.ExceptionDispatchInfo.Throw()
   en System.Runtime.CompilerServices.TaskAwaiter.HandleNonSuccessAndDebuggerNotification(Task task)
   en System.Runtime.CompilerServices.TaskAwaiter`1.GetResult()
   en CapaDatos.Services.EmailQueueProcessor.<ProcessQueueAsync>d__10.MoveNext() en C:\AOCR\AOCR\AOCR05-01-2026\AOCR1\AOCR\CapaDatos\Services\EmailQueueService.cs:línea 332
2026-01-31 14:41:34.312 | ERROR | CID:N/A | ERR:EMAIL_QUEUE_ERROR | Error de configuración de base de datos.
    Exception: DataAccessException
    StackTrace:    en CapaDatos.Infrastructure.BaseDAO.ExecuteWithConnection[T](Func`2 action) en C:\AOCR\AOCR\AOCR05-01-2026\AOCR1\AOCR\CapaDatos\Infrastructure\BaseDAO.cs:línea 68
   en CapaDatos.Services.EmailQueueService.<ObtenerSiguienteAsync>d__5.MoveNext() en C:\AOCR\AOCR\AOCR05-01-2026\AOCR1\AOCR\CapaDatos\Services\EmailQueueService.cs:línea 136
--- Fin del seguimiento de la pila de la ubicación anterior donde se produjo la excepción ---
   en System.Runtime.ExceptionServices.ExceptionDispatchInfo.Throw()
   en System.Runtime.CompilerServices.TaskAwaiter.HandleNonSuccessAndDebuggerNotification(Task task)
   en System.Runtime.CompilerServices.TaskAwaiter`1.GetResult()
   en CapaDatos.Services.EmailQueueProcessor.<ProcessQueueAsync>d__10.MoveNext() en C:\AOCR\AOCR\AOCR05-01-2026\AOCR1\AOCR\CapaDatos\Services\EmailQueueService.cs:línea 332
2026-01-31 14:42:04.374 | ERROR | CID:N/A | ERR:EMAIL_QUEUE_ERROR | Error de configuración de base de datos.
    Exception: DataAccessException
    StackTrace:    en CapaDatos.Infrastructure.BaseDAO.ExecuteWithConnection[T](Func`2 action) en C:\AOCR\AOCR\AOCR05-01-2026\AOCR1\AOCR\CapaDatos\Infrastructure\BaseDAO.cs:línea 68
   en CapaDatos.Services.EmailQueueService.<ObtenerSiguienteAsync>d__5.MoveNext() en C:\AOCR\AOCR\AOCR05-01-2026\AOCR1\AOCR\CapaDatos\Services\EmailQueueService.cs:línea 136
--- Fin del seguimiento de la pila de la ubicación anterior donde se produjo la excepción ---
   en System.Runtime.ExceptionServices.ExceptionDispatchInfo.Throw()
   en System.Runtime.CompilerServices.TaskAwaiter.HandleNonSuccessAndDebuggerNotification(Task task)
   en System.Runtime.CompilerServices.TaskAwaiter`1.GetResult()
   en CapaDatos.Services.EmailQueueProcessor.<ProcessQueueAsync>d__10.MoveNext() en C:\AOCR\AOCR\AOCR05-01-2026\AOCR1\AOCR\CapaDatos\Services\EmailQueueService.cs:línea 332
2026-01-31 14:42:34.425 | ERROR | CID:N/A | ERR:EMAIL_QUEUE_ERROR | Error de configuración de base de datos.
    Exception: DataAccessException
    StackTrace:    en CapaDatos.Infrastructure.BaseDAO.ExecuteWithConnection[T](Func`2 action) en C:\AOCR\AOCR\AOCR05-01-2026\AOCR1\AOCR\CapaDatos\Infrastructure\BaseDAO.cs:línea 68
   en CapaDatos.Services.EmailQueueService.<ObtenerSiguienteAsync>d__5.MoveNext() en C:\AOCR\AOCR\AOCR05-01-2026\AOCR1\AOCR\CapaDatos\Services\EmailQueueService.cs:línea 136
--- Fin del seguimiento de la pila de la ubicación anterior donde se produjo la excepción ---
   en System.Runtime.ExceptionServices.ExceptionDispatchInfo.Throw()
   en System.Runtime.CompilerServices.TaskAwaiter.HandleNonSuccessAndDebuggerNotification(Task task)
   en System.Runtime.CompilerServices.TaskAwaiter`1.GetResult()
   en CapaDatos.Services.EmailQueueProcessor.<ProcessQueueAsync>d__10.MoveNext() en C:\AOCR\AOCR\AOCR05-01-2026\AOCR1\AOCR\CapaDatos\Services\EmailQueueService.cs:línea 332
2026-01-31 14:43:04.472 | ERROR | CID:N/A | ERR:EMAIL_QUEUE_ERROR | Error de configuración de base de datos.
    Exception: DataAccessException
    StackTrace:    en CapaDatos.Infrastructure.BaseDAO.ExecuteWithConnection[T](Func`2 action) en C:\AOCR\AOCR\AOCR05-01-2026\AOCR1\AOCR\CapaDatos\Infrastructure\BaseDAO.cs:línea 68
   en CapaDatos.Services.EmailQueueService.<ObtenerSiguienteAsync>d__5.MoveNext() en C:\AOCR\AOCR\AOCR05-01-2026\AOCR1\AOCR\CapaDatos\Services\EmailQueueService.cs:línea 136
--- Fin del seguimiento de la pila de la ubicación anterior donde se produjo la excepción ---
   en System.Runtime.ExceptionServices.ExceptionDispatchInfo.Throw()
   en System.Runtime.CompilerServices.TaskAwaiter.HandleNonSuccessAndDebuggerNotification(Task task)
   en System.Runtime.CompilerServices.TaskAwaiter`1.GetResult()
   en CapaDatos.Services.EmailQueueProcessor.<ProcessQueueAsync>d__10.MoveNext() en C:\AOCR\AOCR\AOCR05-01-2026\AOCR1\AOCR\CapaDatos\Services\EmailQueueService.cs:línea 332
2026-01-31 14:43:34.517 | ERROR | CID:N/A | ERR:EMAIL_QUEUE_ERROR | Error de configuración de base de datos.
    Exception: DataAccessException
    StackTrace:    en CapaDatos.Infrastructure.BaseDAO.ExecuteWithConnection[T](Func`2 action) en C:\AOCR\AOCR\AOCR05-01-2026\AOCR1\AOCR\CapaDatos\Infrastructure\BaseDAO.cs:línea 68
   en CapaDatos.Services.EmailQueueService.<ObtenerSiguienteAsync>d__5.MoveNext() en C:\AOCR\AOCR\AOCR05-01-2026\AOCR1\AOCR\CapaDatos\Services\EmailQueueService.cs:línea 136
--- Fin del seguimiento de la pila de la ubicación anterior donde se produjo la excepción ---
   en System.Runtime.ExceptionServices.ExceptionDispatchInfo.Throw()
   en System.Runtime.CompilerServices.TaskAwaiter.HandleNonSuccessAndDebuggerNotification(Task task)
   en System.Runtime.CompilerServices.TaskAwaiter`1.GetResult()
   en CapaDatos.Services.EmailQueueProcessor.<ProcessQueueAsync>d__10.MoveNext() en C:\AOCR\AOCR\AOCR05-01-2026\AOCR1\AOCR\CapaDatos\Services\EmailQueueService.cs:línea 332
2026-01-31 14:44:04.569 | ERROR | CID:N/A | ERR:EMAIL_QUEUE_ERROR | Error de configuración de base de datos.
    Exception: DataAccessException
    StackTrace:    en CapaDatos.Infrastructure.BaseDAO.ExecuteWithConnection[T](Func`2 action) en C:\AOCR\AOCR\AOCR05-01-2026\AOCR1\AOCR\CapaDatos\Infrastructure\BaseDAO.cs:línea 68
   en CapaDatos.Services.EmailQueueService.<ObtenerSiguienteAsync>d__5.MoveNext() en C:\AOCR\AOCR\AOCR05-01-2026\AOCR1\AOCR\CapaDatos\Services\EmailQueueService.cs:línea 136
--- Fin del seguimiento de la pila de la ubicación anterior donde se produjo la excepción ---
   en System.Runtime.ExceptionServices.ExceptionDispatchInfo.Throw()
   en System.Runtime.CompilerServices.TaskAwaiter.HandleNonSuccessAndDebuggerNotification(Task task)
   en System.Runtime.CompilerServices.TaskAwaiter`1.GetResult()
   en CapaDatos.Services.EmailQueueProcessor.<ProcessQueueAsync>d__10.MoveNext() en C:\AOCR\AOCR\AOCR05-01-2026\AOCR1\AOCR\CapaDatos\Services\EmailQueueService.cs:línea 332
2026-01-31 14:44:34.613 | ERROR | CID:N/A | ERR:EMAIL_QUEUE_ERROR | Error de configuración de base de datos.
    Exception: DataAccessException
    StackTrace:    en CapaDatos.Infrastructure.BaseDAO.ExecuteWithConnection[T](Func`2 action) en C:\AOCR\AOCR\AOCR05-01-2026\AOCR1\AOCR\CapaDatos\Infrastructure\BaseDAO.cs:línea 68
   en CapaDatos.Services.EmailQueueService.<ObtenerSiguienteAsync>d__5.MoveNext() en C:\AOCR\AOCR\AOCR05-01-2026\AOCR1\AOCR\CapaDatos\Services\EmailQueueService.cs:línea 136
--- Fin del seguimiento de la pila de la ubicación anterior donde se produjo la excepción ---
   en System.Runtime.ExceptionServices.ExceptionDispatchInfo.Throw()
   en System.Runtime.CompilerServices.TaskAwaiter.HandleNonSuccessAndDebuggerNotification(Task task)
   en System.Runtime.CompilerServices.TaskAwaiter`1.GetResult()
   en CapaDatos.Services.EmailQueueProcessor.<ProcessQueueAsync>d__10.MoveNext() en C:\AOCR\AOCR\AOCR05-01-2026\AOCR1\AOCR\CapaDatos\Services\EmailQueueService.cs:línea 332
2026-01-31 14:45:04.656 | ERROR | CID:N/A | ERR:EMAIL_QUEUE_ERROR | Error de configuración de base de datos.
    Exception: DataAccessException
    StackTrace:    en CapaDatos.Infrastructure.BaseDAO.ExecuteWithConnection[T](Func`2 action) en C:\AOCR\AOCR\AOCR05-01-2026\AOCR1\AOCR\CapaDatos\Infrastructure\BaseDAO.cs:línea 68
   en CapaDatos.Services.EmailQueueService.<ObtenerSiguienteAsync>d__5.MoveNext() en C:\AOCR\AOCR\AOCR05-01-2026\AOCR1\AOCR\CapaDatos\Services\EmailQueueService.cs:línea 136
--- Fin del seguimiento de la pila de la ubicación anterior donde se produjo la excepción ---
   en System.Runtime.ExceptionServices.ExceptionDispatchInfo.Throw()
   en System.Runtime.CompilerServices.TaskAwaiter.HandleNonSuccessAndDebuggerNotification(Task task)
   en System.Runtime.CompilerServices.TaskAwaiter`1.GetResult()
   en CapaDatos.Services.EmailQueueProcessor.<ProcessQueueAsync>d__10.MoveNext() en C:\AOCR\AOCR\AOCR05-01-2026\AOCR1\AOCR\CapaDatos\Services\EmailQueueService.cs:línea 332
2026-01-31 14:45:34.711 | ERROR | CID:N/A | ERR:EMAIL_QUEUE_ERROR | Error de configuración de base de datos.
    Exception: DataAccessException
    StackTrace:    en CapaDatos.Infrastructure.BaseDAO.ExecuteWithConnection[T](Func`2 action) en C:\AOCR\AOCR\AOCR05-01-2026\AOCR1\AOCR\CapaDatos\Infrastructure\BaseDAO.cs:línea 68
   en CapaDatos.Services.EmailQueueService.<ObtenerSiguienteAsync>d__5.MoveNext() en C:\AOCR\AOCR\AOCR05-01-2026\AOCR1\AOCR\CapaDatos\Services\EmailQueueService.cs:línea 136
--- Fin del seguimiento de la pila de la ubicación anterior donde se produjo la excepción ---
   en System.Runtime.ExceptionServices.ExceptionDispatchInfo.Throw()
   en System.Runtime.CompilerServices.TaskAwaiter.HandleNonSuccessAndDebuggerNotification(Task task)
   en System.Runtime.CompilerServices.TaskAwaiter`1.GetResult()
   en CapaDatos.Services.EmailQueueProcessor.<ProcessQueueAsync>d__10.MoveNext() en C:\AOCR\AOCR\AOCR05-01-2026\AOCR1\AOCR\CapaDatos\Services\EmailQueueService.cs:línea 332
2026-01-31 14:46:04.769 | ERROR | CID:N/A | ERR:EMAIL_QUEUE_ERROR | Error de configuración de base de datos.
    Exception: DataAccessException
    StackTrace:    en CapaDatos.Infrastructure.BaseDAO.ExecuteWithConnection[T](Func`2 action) en C:\AOCR\AOCR\AOCR05-01-2026\AOCR1\AOCR\CapaDatos\Infrastructure\BaseDAO.cs:línea 68
   en CapaDatos.Services.EmailQueueService.<ObtenerSiguienteAsync>d__5.MoveNext() en C:\AOCR\AOCR\AOCR05-01-2026\AOCR1\AOCR\CapaDatos\Services\EmailQueueService.cs:línea 136
--- Fin del seguimiento de la pila de la ubicación anterior donde se produjo la excepción ---
   en System.Runtime.ExceptionServices.ExceptionDispatchInfo.Throw()
   en System.Runtime.CompilerServices.TaskAwaiter.HandleNonSuccessAndDebuggerNotification(Task task)
   en System.Runtime.CompilerServices.TaskAwaiter`1.GetResult()
   en CapaDatos.Services.EmailQueueProcessor.<ProcessQueueAsync>d__10.MoveNext() en C:\AOCR\AOCR\AOCR05-01-2026\AOCR1\AOCR\CapaDatos\Services\EmailQueueService.cs:línea 332
2026-01-31 14:46:34.820 | ERROR | CID:N/A | ERR:EMAIL_QUEUE_ERROR | Error de configuración de base de datos.
    Exception: DataAccessException
    StackTrace:    en CapaDatos.Infrastructure.BaseDAO.ExecuteWithConnection[T](Func`2 action) en C:\AOCR\AOCR\AOCR05-01-2026\AOCR1\AOCR\CapaDatos\Infrastructure\BaseDAO.cs:línea 68
   en CapaDatos.Services.EmailQueueService.<ObtenerSiguienteAsync>d__5.MoveNext() en C:\AOCR\AOCR\AOCR05-01-2026\AOCR1\AOCR\CapaDatos\Services\EmailQueueService.cs:línea 136
--- Fin del seguimiento de la pila de la ubicación anterior donde se produjo la excepción ---
   en System.Runtime.ExceptionServices.ExceptionDispatchInfo.Throw()
   en System.Runtime.CompilerServices.TaskAwaiter.HandleNonSuccessAndDebuggerNotification(Task task)
   en System.Runtime.CompilerServices.TaskAwaiter`1.GetResult()
   en CapaDatos.Services.EmailQueueProcessor.<ProcessQueueAsync>d__10.MoveNext() en C:\AOCR\AOCR\AOCR05-01-2026\AOCR1\AOCR\CapaDatos\Services\EmailQueueService.cs:línea 332
2026-01-31 14:47:05.087 | ERROR | CID:N/A | ERR:EMAIL_QUEUE_ERROR | Error de configuración de base de datos.
    Exception: DataAccessException
    StackTrace:    en CapaDatos.Infrastructure.BaseDAO.ExecuteWithConnection[T](Func`2 action) en C:\AOCR\AOCR\AOCR05-01-2026\AOCR1\AOCR\CapaDatos\Infrastructure\BaseDAO.cs:línea 68
   en CapaDatos.Services.EmailQueueService.<ObtenerSiguienteAsync>d__5.MoveNext() en C:\AOCR\AOCR\AOCR05-01-2026\AOCR1\AOCR\CapaDatos\Services\EmailQueueService.cs:línea 136
--- Fin del seguimiento de la pila de la ubicación anterior donde se produjo la excepción ---
   en System.Runtime.ExceptionServices.ExceptionDispatchInfo.Throw()
   en System.Runtime.CompilerServices.TaskAwaiter.HandleNonSuccessAndDebuggerNotification(Task task)
   en System.Runtime.CompilerServices.TaskAwaiter`1.GetResult()
   en CapaDatos.Services.EmailQueueProcessor.<ProcessQueueAsync>d__10.MoveNext() en C:\AOCR\AOCR\AOCR05-01-2026\AOCR1\AOCR\CapaDatos\Services\EmailQueueService.cs:línea 332
2026-01-31 14:47:35.146 | ERROR | CID:N/A | ERR:EMAIL_QUEUE_ERROR | Error de configuración de base de datos.
    Exception: DataAccessException
    StackTrace:    en CapaDatos.Infrastructure.BaseDAO.ExecuteWithConnection[T](Func`2 action) en C:\AOCR\AOCR\AOCR05-01-2026\AOCR1\AOCR\CapaDatos\Infrastructure\BaseDAO.cs:línea 68
   en CapaDatos.Services.EmailQueueService.<ObtenerSiguienteAsync>d__5.MoveNext() en C:\AOCR\AOCR\AOCR05-01-2026\AOCR1\AOCR\CapaDatos\Services\EmailQueueService.cs:línea 136
--- Fin del seguimiento de la pila de la ubicación anterior donde se produjo la excepción ---
   en System.Runtime.ExceptionServices.ExceptionDispatchInfo.Throw()
   en System.Runtime.CompilerServices.TaskAwaiter.HandleNonSuccessAndDebuggerNotification(Task task)
   en System.Runtime.CompilerServices.TaskAwaiter`1.GetResult()
   en CapaDatos.Services.EmailQueueProcessor.<ProcessQueueAsync>d__10.MoveNext() en C:\AOCR\AOCR\AOCR05-01-2026\AOCR1\AOCR\CapaDatos\Services\EmailQueueService.cs:línea 332
2026-01-31 14:48:05.205 | ERROR | CID:N/A | ERR:EMAIL_QUEUE_ERROR | Error de configuración de base de datos.
    Exception: DataAccessException
    StackTrace:    en CapaDatos.Infrastructure.BaseDAO.ExecuteWithConnection[T](Func`2 action) en C:\AOCR\AOCR\AOCR05-01-2026\AOCR1\AOCR\CapaDatos\Infrastructure\BaseDAO.cs:línea 68
   en CapaDatos.Services.EmailQueueService.<ObtenerSiguienteAsync>d__5.MoveNext() en C:\AOCR\AOCR\AOCR05-01-2026\AOCR1\AOCR\CapaDatos\Services\EmailQueueService.cs:línea 136
--- Fin del seguimiento de la pila de la ubicación anterior donde se produjo la excepción ---
   en System.Runtime.ExceptionServices.ExceptionDispatchInfo.Throw()
   en System.Runtime.CompilerServices.TaskAwaiter.HandleNonSuccessAndDebuggerNotification(Task task)
   en System.Runtime.CompilerServices.TaskAwaiter`1.GetResult()
   en CapaDatos.Services.EmailQueueProcessor.<ProcessQueueAsync>d__10.MoveNext() en C:\AOCR\AOCR\AOCR05-01-2026\AOCR1\AOCR\CapaDatos\Services\EmailQueueService.cs:línea 332
2026-01-31 14:48:35.254 | ERROR | CID:N/A | ERR:EMAIL_QUEUE_ERROR | Error de configuración de base de datos.
    Exception: DataAccessException
    StackTrace:    en CapaDatos.Infrastructure.BaseDAO.ExecuteWithConnection[T](Func`2 action) en C:\AOCR\AOCR\AOCR05-01-2026\AOCR1\AOCR\CapaDatos\Infrastructure\BaseDAO.cs:línea 68
   en CapaDatos.Services.EmailQueueService.<ObtenerSiguienteAsync>d__5.MoveNext() en C:\AOCR\AOCR\AOCR05-01-2026\AOCR1\AOCR\CapaDatos\Services\EmailQueueService.cs:línea 136
--- Fin del seguimiento de la pila de la ubicación anterior donde se produjo la excepción ---
   en System.Runtime.ExceptionServices.ExceptionDispatchInfo.Throw()
   en System.Runtime.CompilerServices.TaskAwaiter.HandleNonSuccessAndDebuggerNotification(Task task)
   en System.Runtime.CompilerServices.TaskAwaiter`1.GetResult()
   en CapaDatos.Services.EmailQueueProcessor.<ProcessQueueAsync>d__10.MoveNext() en C:\AOCR\AOCR\AOCR05-01-2026\AOCR1\AOCR\CapaDatos\Services\EmailQueueService.cs:línea 332
2026-01-31 14:49:05.311 | ERROR | CID:N/A | ERR:EMAIL_QUEUE_ERROR | Error de configuración de base de datos.
    Exception: DataAccessException
    StackTrace:    en CapaDatos.Infrastructure.BaseDAO.ExecuteWithConnection[T](Func`2 action) en C:\AOCR\AOCR\AOCR05-01-2026\AOCR1\AOCR\CapaDatos\Infrastructure\BaseDAO.cs:línea 68
   en CapaDatos.Services.EmailQueueService.<ObtenerSiguienteAsync>d__5.MoveNext() en C:\AOCR\AOCR\AOCR05-01-2026\AOCR1\AOCR\CapaDatos\Services\EmailQueueService.cs:línea 136
--- Fin del seguimiento de la pila de la ubicación anterior donde se produjo la excepción ---
   en System.Runtime.ExceptionServices.ExceptionDispatchInfo.Throw()
   en System.Runtime.CompilerServices.TaskAwaiter.HandleNonSuccessAndDebuggerNotification(Task task)
   en System.Runtime.CompilerServices.TaskAwaiter`1.GetResult()
   en CapaDatos.Services.EmailQueueProcessor.<ProcessQueueAsync>d__10.MoveNext() en C:\AOCR\AOCR\AOCR05-01-2026\AOCR1\AOCR\CapaDatos\Services\EmailQueueService.cs:línea 332
2026-01-31 14:49:35.357 | ERROR | CID:N/A | ERR:EMAIL_QUEUE_ERROR | Error de configuración de base de datos.
    Exception: DataAccessException
    StackTrace:    en CapaDatos.Infrastructure.BaseDAO.ExecuteWithConnection[T](Func`2 action) en C:\AOCR\AOCR\AOCR05-01-2026\AOCR1\AOCR\CapaDatos\Infrastructure\BaseDAO.cs:línea 68
   en CapaDatos.Services.EmailQueueService.<ObtenerSiguienteAsync>d__5.MoveNext() en C:\AOCR\AOCR\AOCR05-01-2026\AOCR1\AOCR\CapaDatos\Services\EmailQueueService.cs:línea 136
--- Fin del seguimiento de la pila de la ubicación anterior donde se produjo la excepción ---
   en System.Runtime.ExceptionServices.ExceptionDispatchInfo.Throw()
   en System.Runtime.CompilerServices.TaskAwaiter.HandleNonSuccessAndDebuggerNotification(Task task)
   en System.Runtime.CompilerServices.TaskAwaiter`1.GetResult()
   en CapaDatos.Services.EmailQueueProcessor.<ProcessQueueAsync>d__10.MoveNext() en C:\AOCR\AOCR\AOCR05-01-2026\AOCR1\AOCR\CapaDatos\Services\EmailQueueService.cs:línea 332
2026-01-31 14:50:05.406 | ERROR | CID:N/A | ERR:EMAIL_QUEUE_ERROR | Error de configuración de base de datos.
    Exception: DataAccessException
    StackTrace:    en CapaDatos.Infrastructure.BaseDAO.ExecuteWithConnection[T](Func`2 action) en C:\AOCR\AOCR\AOCR05-01-2026\AOCR1\AOCR\CapaDatos\Infrastructure\BaseDAO.cs:línea 68
   en CapaDatos.Services.EmailQueueService.<ObtenerSiguienteAsync>d__5.MoveNext() en C:\AOCR\AOCR\AOCR05-01-2026\AOCR1\AOCR\CapaDatos\Services\EmailQueueService.cs:línea 136
--- Fin del seguimiento de la pila de la ubicación anterior donde se produjo la excepción ---
   en System.Runtime.ExceptionServices.ExceptionDispatchInfo.Throw()
   en System.Runtime.CompilerServices.TaskAwaiter.HandleNonSuccessAndDebuggerNotification(Task task)
   en System.Runtime.CompilerServices.TaskAwaiter`1.GetResult()
   en CapaDatos.Services.EmailQueueProcessor.<ProcessQueueAsync>d__10.MoveNext() en C:\AOCR\AOCR\AOCR05-01-2026\AOCR1\AOCR\CapaDatos\Services\EmailQueueService.cs:línea 332
2026-01-31 14:50:35.456 | ERROR | CID:N/A | ERR:EMAIL_QUEUE_ERROR | Error de configuración de base de datos.
    Exception: DataAccessException
    StackTrace:    en CapaDatos.Infrastructure.BaseDAO.ExecuteWithConnection[T](Func`2 action) en C:\AOCR\AOCR\AOCR05-01-2026\AOCR1\AOCR\CapaDatos\Infrastructure\BaseDAO.cs:línea 68
   en CapaDatos.Services.EmailQueueService.<ObtenerSiguienteAsync>d__5.MoveNext() en C:\AOCR\AOCR\AOCR05-01-2026\AOCR1\AOCR\CapaDatos\Services\EmailQueueService.cs:línea 136
--- Fin del seguimiento de la pila de la ubicación anterior donde se produjo la excepción ---
   en System.Runtime.ExceptionServices.ExceptionDispatchInfo.Throw()
   en System.Runtime.CompilerServices.TaskAwaiter.HandleNonSuccessAndDebuggerNotification(Task task)
   en System.Runtime.CompilerServices.TaskAwaiter`1.GetResult()
   en CapaDatos.Services.EmailQueueProcessor.<ProcessQueueAsync>d__10.MoveNext() en C:\AOCR\AOCR\AOCR05-01-2026\AOCR1\AOCR\CapaDatos\Services\EmailQueueService.cs:línea 332
2026-01-31 14:51:05.503 | ERROR | CID:N/A | ERR:EMAIL_QUEUE_ERROR | Error de configuración de base de datos.
    Exception: DataAccessException
    StackTrace:    en CapaDatos.Infrastructure.BaseDAO.ExecuteWithConnection[T](Func`2 action) en C:\AOCR\AOCR\AOCR05-01-2026\AOCR1\AOCR\CapaDatos\Infrastructure\BaseDAO.cs:línea 68
   en CapaDatos.Services.EmailQueueService.<ObtenerSiguienteAsync>d__5.MoveNext() en C:\AOCR\AOCR\AOCR05-01-2026\AOCR1\AOCR\CapaDatos\Services\EmailQueueService.cs:línea 136
--- Fin del seguimiento de la pila de la ubicación anterior donde se produjo la excepción ---
   en System.Runtime.ExceptionServices.ExceptionDispatchInfo.Throw()
   en System.Runtime.CompilerServices.TaskAwaiter.HandleNonSuccessAndDebuggerNotification(Task task)
   en System.Runtime.CompilerServices.TaskAwaiter`1.GetResult()
   en CapaDatos.Services.EmailQueueProcessor.<ProcessQueueAsync>d__10.MoveNext() en C:\AOCR\AOCR\AOCR05-01-2026\AOCR1\AOCR\CapaDatos\Services\EmailQueueService.cs:línea 332
2026-01-31 14:51:35.546 | ERROR | CID:N/A | ERR:EMAIL_QUEUE_ERROR | Error de configuración de base de datos.
    Exception: DataAccessException
    StackTrace:    en CapaDatos.Infrastructure.BaseDAO.ExecuteWithConnection[T](Func`2 action) en C:\AOCR\AOCR\AOCR05-01-2026\AOCR1\AOCR\CapaDatos\Infrastructure\BaseDAO.cs:línea 68
   en CapaDatos.Services.EmailQueueService.<ObtenerSiguienteAsync>d__5.MoveNext() en C:\AOCR\AOCR\AOCR05-01-2026\AOCR1\AOCR\CapaDatos\Services\EmailQueueService.cs:línea 136
--- Fin del seguimiento de la pila de la ubicación anterior donde se produjo la excepción ---
   en System.Runtime.ExceptionServices.ExceptionDispatchInfo.Throw()
   en System.Runtime.CompilerServices.TaskAwaiter.HandleNonSuccessAndDebuggerNotification(Task task)
   en System.Runtime.CompilerServices.TaskAwaiter`1.GetResult()
   en CapaDatos.Services.EmailQueueProcessor.<ProcessQueueAsync>d__10.MoveNext() en C:\AOCR\AOCR\AOCR05-01-2026\AOCR1\AOCR\CapaDatos\Services\EmailQueueService.cs:línea 332
2026-01-31 14:52:05.604 | ERROR | CID:N/A | ERR:EMAIL_QUEUE_ERROR | Error de configuración de base de datos.
    Exception: DataAccessException
    StackTrace:    en CapaDatos.Infrastructure.BaseDAO.ExecuteWithConnection[T](Func`2 action) en C:\AOCR\AOCR\AOCR05-01-2026\AOCR1\AOCR\CapaDatos\Infrastructure\BaseDAO.cs:línea 68
   en CapaDatos.Services.EmailQueueService.<ObtenerSiguienteAsync>d__5.MoveNext() en C:\AOCR\AOCR\AOCR05-01-2026\AOCR1\AOCR\CapaDatos\Services\EmailQueueService.cs:línea 136
--- Fin del seguimiento de la pila de la ubicación anterior donde se produjo la excepción ---
   en System.Runtime.ExceptionServices.ExceptionDispatchInfo.Throw()
   en System.Runtime.CompilerServices.TaskAwaiter.HandleNonSuccessAndDebuggerNotification(Task task)
   en System.Runtime.CompilerServices.TaskAwaiter`1.GetResult()
   en CapaDatos.Services.EmailQueueProcessor.<ProcessQueueAsync>d__10.MoveNext() en C:\AOCR\AOCR\AOCR05-01-2026\AOCR1\AOCR\CapaDatos\Services\EmailQueueService.cs:línea 332
2026-01-31 14:52:35.654 | ERROR | CID:N/A | ERR:EMAIL_QUEUE_ERROR | Error de configuración de base de datos.
    Exception: DataAccessException
    StackTrace:    en CapaDatos.Infrastructure.BaseDAO.ExecuteWithConnection[T](Func`2 action) en C:\AOCR\AOCR\AOCR05-01-2026\AOCR1\AOCR\CapaDatos\Infrastructure\BaseDAO.cs:línea 68
   en CapaDatos.Services.EmailQueueService.<ObtenerSiguienteAsync>d__5.MoveNext() en C:\AOCR\AOCR\AOCR05-01-2026\AOCR1\AOCR\CapaDatos\Services\EmailQueueService.cs:línea 136
--- Fin del seguimiento de la pila de la ubicación anterior donde se produjo la excepción ---
   en System.Runtime.ExceptionServices.ExceptionDispatchInfo.Throw()
   en System.Runtime.CompilerServices.TaskAwaiter.HandleNonSuccessAndDebuggerNotification(Task task)
   en System.Runtime.CompilerServices.TaskAwaiter`1.GetResult()
   en CapaDatos.Services.EmailQueueProcessor.<ProcessQueueAsync>d__10.MoveNext() en C:\AOCR\AOCR\AOCR05-01-2026\AOCR1\AOCR\CapaDatos\Services\EmailQueueService.cs:línea 332
2026-01-31 14:53:05.709 | ERROR | CID:N/A | ERR:EMAIL_QUEUE_ERROR | Error de configuración de base de datos.
    Exception: DataAccessException
    StackTrace:    en CapaDatos.Infrastructure.BaseDAO.ExecuteWithConnection[T](Func`2 action) en C:\AOCR\AOCR\AOCR05-01-2026\AOCR1\AOCR\CapaDatos\Infrastructure\BaseDAO.cs:línea 68
   en CapaDatos.Services.EmailQueueService.<ObtenerSiguienteAsync>d__5.MoveNext() en C:\AOCR\AOCR\AOCR05-01-2026\AOCR1\AOCR\CapaDatos\Services\EmailQueueService.cs:línea 136
--- Fin del seguimiento de la pila de la ubicación anterior donde se produjo la excepción ---
   en System.Runtime.ExceptionServices.ExceptionDispatchInfo.Throw()
   en System.Runtime.CompilerServices.TaskAwaiter.HandleNonSuccessAndDebuggerNotification(Task task)
   en System.Runtime.CompilerServices.TaskAwaiter`1.GetResult()
   en CapaDatos.Services.EmailQueueProcessor.<ProcessQueueAsync>d__10.MoveNext() en C:\AOCR\AOCR\AOCR05-01-2026\AOCR1\AOCR\CapaDatos\Services\EmailQueueService.cs:línea 332
2026-01-31 14:53:35.755 | ERROR | CID:N/A | ERR:EMAIL_QUEUE_ERROR | Error de configuración de base de datos.
    Exception: DataAccessException
    StackTrace:    en CapaDatos.Infrastructure.BaseDAO.ExecuteWithConnection[T](Func`2 action) en C:\AOCR\AOCR\AOCR05-01-2026\AOCR1\AOCR\CapaDatos\Infrastructure\BaseDAO.cs:línea 68
   en CapaDatos.Services.EmailQueueService.<ObtenerSiguienteAsync>d__5.MoveNext() en C:\AOCR\AOCR\AOCR05-01-2026\AOCR1\AOCR\CapaDatos\Services\EmailQueueService.cs:línea 136
--- Fin del seguimiento de la pila de la ubicación anterior donde se produjo la excepción ---
   en System.Runtime.ExceptionServices.ExceptionDispatchInfo.Throw()
   en System.Runtime.CompilerServices.TaskAwaiter.HandleNonSuccessAndDebuggerNotification(Task task)
   en System.Runtime.CompilerServices.TaskAwaiter`1.GetResult()
   en CapaDatos.Services.EmailQueueProcessor.<ProcessQueueAsync>d__10.MoveNext() en C:\AOCR\AOCR\AOCR05-01-2026\AOCR1\AOCR\CapaDatos\Services\EmailQueueService.cs:línea 332
2026-01-31 14:54:05.820 | ERROR | CID:N/A | ERR:EMAIL_QUEUE_ERROR | Error de configuración de base de datos.
    Exception: DataAccessException
    StackTrace:    en CapaDatos.Infrastructure.BaseDAO.ExecuteWithConnection[T](Func`2 action) en C:\AOCR\AOCR\AOCR05-01-2026\AOCR1\AOCR\CapaDatos\Infrastructure\BaseDAO.cs:línea 68
   en CapaDatos.Services.EmailQueueService.<ObtenerSiguienteAsync>d__5.MoveNext() en C:\AOCR\AOCR\AOCR05-01-2026\AOCR1\AOCR\CapaDatos\Services\EmailQueueService.cs:línea 136
--- Fin del seguimiento de la pila de la ubicación anterior donde se produjo la excepción ---
   en System.Runtime.ExceptionServices.ExceptionDispatchInfo.Throw()
   en System.Runtime.CompilerServices.TaskAwaiter.HandleNonSuccessAndDebuggerNotification(Task task)
   en System.Runtime.CompilerServices.TaskAwaiter`1.GetResult()
   en CapaDatos.Services.EmailQueueProcessor.<ProcessQueueAsync>d__10.MoveNext() en C:\AOCR\AOCR\AOCR05-01-2026\AOCR1\AOCR\CapaDatos\Services\EmailQueueService.cs:línea 332
2026-01-31 14:54:35.867 | ERROR | CID:N/A | ERR:EMAIL_QUEUE_ERROR | Error de configuración de base de datos.
    Exception: DataAccessException
    StackTrace:    en CapaDatos.Infrastructure.BaseDAO.ExecuteWithConnection[T](Func`2 action) en C:\AOCR\AOCR\AOCR05-01-2026\AOCR1\AOCR\CapaDatos\Infrastructure\BaseDAO.cs:línea 68
   en CapaDatos.Services.EmailQueueService.<ObtenerSiguienteAsync>d__5.MoveNext() en C:\AOCR\AOCR\AOCR05-01-2026\AOCR1\AOCR\CapaDatos\Services\EmailQueueService.cs:línea 136
--- Fin del seguimiento de la pila de la ubicación anterior donde se produjo la excepción ---
   en System.Runtime.ExceptionServices.ExceptionDispatchInfo.Throw()
   en System.Runtime.CompilerServices.TaskAwaiter.HandleNonSuccessAndDebuggerNotification(Task task)
   en System.Runtime.CompilerServices.TaskAwaiter`1.GetResult()
   en CapaDatos.Services.EmailQueueProcessor.<ProcessQueueAsync>d__10.MoveNext() en C:\AOCR\AOCR\AOCR05-01-2026\AOCR1\AOCR\CapaDatos\Services\EmailQueueService.cs:línea 332
2026-01-31 14:55:05.916 | ERROR | CID:N/A | ERR:EMAIL_QUEUE_ERROR | Error de configuración de base de datos.
    Exception: DataAccessException
    StackTrace:    en CapaDatos.Infrastructure.BaseDAO.ExecuteWithConnection[T](Func`2 action) en C:\AOCR\AOCR\AOCR05-01-2026\AOCR1\AOCR\CapaDatos\Infrastructure\BaseDAO.cs:línea 68
   en CapaDatos.Services.EmailQueueService.<ObtenerSiguienteAsync>d__5.MoveNext() en C:\AOCR\AOCR\AOCR05-01-2026\AOCR1\AOCR\CapaDatos\Services\EmailQueueService.cs:línea 136
--- Fin del seguimiento de la pila de la ubicación anterior donde se produjo la excepción ---
   en System.Runtime.ExceptionServices.ExceptionDispatchInfo.Throw()
   en System.Runtime.CompilerServices.TaskAwaiter.HandleNonSuccessAndDebuggerNotification(Task task)
   en System.Runtime.CompilerServices.TaskAwaiter`1.GetResult()
   en CapaDatos.Services.EmailQueueProcessor.<ProcessQueueAsync>d__10.MoveNext() en C:\AOCR\AOCR\AOCR05-01-2026\AOCR1\AOCR\CapaDatos\Services\EmailQueueService.cs:línea 332
2026-01-31 14:55:35.968 | ERROR | CID:N/A | ERR:EMAIL_QUEUE_ERROR | Error de configuración de base de datos.
    Exception: DataAccessException
    StackTrace:    en CapaDatos.Infrastructure.BaseDAO.ExecuteWithConnection[T](Func`2 action) en C:\AOCR\AOCR\AOCR05-01-2026\AOCR1\AOCR\CapaDatos\Infrastructure\BaseDAO.cs:línea 68
   en CapaDatos.Services.EmailQueueService.<ObtenerSiguienteAsync>d__5.MoveNext() en C:\AOCR\AOCR\AOCR05-01-2026\AOCR1\AOCR\CapaDatos\Services\EmailQueueService.cs:línea 136
--- Fin del seguimiento de la pila de la ubicación anterior donde se produjo la excepción ---
   en System.Runtime.ExceptionServices.ExceptionDispatchInfo.Throw()
   en System.Runtime.CompilerServices.TaskAwaiter.HandleNonSuccessAndDebuggerNotification(Task task)
   en System.Runtime.CompilerServices.TaskAwaiter`1.GetResult()
   en CapaDatos.Services.EmailQueueProcessor.<ProcessQueueAsync>d__10.MoveNext() en C:\AOCR\AOCR\AOCR05-01-2026\AOCR1\AOCR\CapaDatos\Services\EmailQueueService.cs:línea 332
2026-01-31 14:56:06.025 | ERROR | CID:N/A | ERR:EMAIL_QUEUE_ERROR | Error de configuración de base de datos.
    Exception: DataAccessException
    StackTrace:    en CapaDatos.Infrastructure.BaseDAO.ExecuteWithConnection[T](Func`2 action) en C:\AOCR\AOCR\AOCR05-01-2026\AOCR1\AOCR\CapaDatos\Infrastructure\BaseDAO.cs:línea 68
   en CapaDatos.Services.EmailQueueService.<ObtenerSiguienteAsync>d__5.MoveNext() en C:\AOCR\AOCR\AOCR05-01-2026\AOCR1\AOCR\CapaDatos\Services\EmailQueueService.cs:línea 136
--- Fin del seguimiento de la pila de la ubicación anterior donde se produjo la excepción ---
   en System.Runtime.ExceptionServices.ExceptionDispatchInfo.Throw()
   en System.Runtime.CompilerServices.TaskAwaiter.HandleNonSuccessAndDebuggerNotification(Task task)
   en System.Runtime.CompilerServices.TaskAwaiter`1.GetResult()
   en CapaDatos.Services.EmailQueueProcessor.<ProcessQueueAsync>d__10.MoveNext() en C:\AOCR\AOCR\AOCR05-01-2026\AOCR1\AOCR\CapaDatos\Services\EmailQueueService.cs:línea 332
2026-01-31 14:56:36.071 | ERROR | CID:N/A | ERR:EMAIL_QUEUE_ERROR | Error de configuración de base de datos.
    Exception: DataAccessException
    StackTrace:    en CapaDatos.Infrastructure.BaseDAO.ExecuteWithConnection[T](Func`2 action) en C:\AOCR\AOCR\AOCR05-01-2026\AOCR1\AOCR\CapaDatos\Infrastructure\BaseDAO.cs:línea 68
   en CapaDatos.Services.EmailQueueService.<ObtenerSiguienteAsync>d__5.MoveNext() en C:\AOCR\AOCR\AOCR05-01-2026\AOCR1\AOCR\CapaDatos\Services\EmailQueueService.cs:línea 136
--- Fin del seguimiento de la pila de la ubicación anterior donde se produjo la excepción ---
   en System.Runtime.ExceptionServices.ExceptionDispatchInfo.Throw()
   en System.Runtime.CompilerServices.TaskAwaiter.HandleNonSuccessAndDebuggerNotification(Task task)
   en System.Runtime.CompilerServices.TaskAwaiter`1.GetResult()
   en CapaDatos.Services.EmailQueueProcessor.<ProcessQueueAsync>d__10.MoveNext() en C:\AOCR\AOCR\AOCR05-01-2026\AOCR1\AOCR\CapaDatos\Services\EmailQueueService.cs:línea 332
2026-01-31 14:57:06.122 | ERROR | CID:N/A | ERR:EMAIL_QUEUE_ERROR | Error de configuración de base de datos.
    Exception: DataAccessException
    StackTrace:    en CapaDatos.Infrastructure.BaseDAO.ExecuteWithConnection[T](Func`2 action) en C:\AOCR\AOCR\AOCR05-01-2026\AOCR1\AOCR\CapaDatos\Infrastructure\BaseDAO.cs:línea 68
   en CapaDatos.Services.EmailQueueService.<ObtenerSiguienteAsync>d__5.MoveNext() en C:\AOCR\AOCR\AOCR05-01-2026\AOCR1\AOCR\CapaDatos\Services\EmailQueueService.cs:línea 136
--- Fin del seguimiento de la pila de la ubicación anterior donde se produjo la excepción ---
   en System.Runtime.ExceptionServices.ExceptionDispatchInfo.Throw()
   en System.Runtime.CompilerServices.TaskAwaiter.HandleNonSuccessAndDebuggerNotification(Task task)
   en System.Runtime.CompilerServices.TaskAwaiter`1.GetResult()
   en CapaDatos.Services.EmailQueueProcessor.<ProcessQueueAsync>d__10.MoveNext() en C:\AOCR\AOCR\AOCR05-01-2026\AOCR1\AOCR\CapaDatos\Services\EmailQueueService.cs:línea 332
2026-01-31 14:57:36.171 | ERROR | CID:N/A | ERR:EMAIL_QUEUE_ERROR | Error de configuración de base de datos.
    Exception: DataAccessException
    StackTrace:    en CapaDatos.Infrastructure.BaseDAO.ExecuteWithConnection[T](Func`2 action) en C:\AOCR\AOCR\AOCR05-01-2026\AOCR1\AOCR\CapaDatos\Infrastructure\BaseDAO.cs:línea 68
   en CapaDatos.Services.EmailQueueService.<ObtenerSiguienteAsync>d__5.MoveNext() en C:\AOCR\AOCR\AOCR05-01-2026\AOCR1\AOCR\CapaDatos\Services\EmailQueueService.cs:línea 136
--- Fin del seguimiento de la pila de la ubicación anterior donde se produjo la excepción ---
   en System.Runtime.ExceptionServices.ExceptionDispatchInfo.Throw()
   en System.Runtime.CompilerServices.TaskAwaiter.HandleNonSuccessAndDebuggerNotification(Task task)
   en System.Runtime.CompilerServices.TaskAwaiter`1.GetResult()
   en CapaDatos.Services.EmailQueueProcessor.<ProcessQueueAsync>d__10.MoveNext() en C:\AOCR\AOCR\AOCR05-01-2026\AOCR1\AOCR\CapaDatos\Services\EmailQueueService.cs:línea 332
2026-01-31 14:58:06.216 | ERROR | CID:N/A | ERR:EMAIL_QUEUE_ERROR | Error de configuración de base de datos.
    Exception: DataAccessException
    StackTrace:    en CapaDatos.Infrastructure.BaseDAO.ExecuteWithConnection[T](Func`2 action) en C:\AOCR\AOCR\AOCR05-01-2026\AOCR1\AOCR\CapaDatos\Infrastructure\BaseDAO.cs:línea 68
   en CapaDatos.Services.EmailQueueService.<ObtenerSiguienteAsync>d__5.MoveNext() en C:\AOCR\AOCR\AOCR05-01-2026\AOCR1\AOCR\CapaDatos\Services\EmailQueueService.cs:línea 136
--- Fin del seguimiento de la pila de la ubicación anterior donde se produjo la excepción ---
   en System.Runtime.ExceptionServices.ExceptionDispatchInfo.Throw()
   en System.Runtime.CompilerServices.TaskAwaiter.HandleNonSuccessAndDebuggerNotification(Task task)
   en System.Runtime.CompilerServices.TaskAwaiter`1.GetResult()
   en CapaDatos.Services.EmailQueueProcessor.<ProcessQueueAsync>d__10.MoveNext() en C:\AOCR\AOCR\AOCR05-01-2026\AOCR1\AOCR\CapaDatos\Services\EmailQueueService.cs:línea 332
2026-01-31 14:58:36.272 | ERROR | CID:N/A | ERR:EMAIL_QUEUE_ERROR | Error de configuración de base de datos.
    Exception: DataAccessException
    StackTrace:    en CapaDatos.Infrastructure.BaseDAO.ExecuteWithConnection[T](Func`2 action) en C:\AOCR\AOCR\AOCR05-01-2026\AOCR1\AOCR\CapaDatos\Infrastructure\BaseDAO.cs:línea 68
   en CapaDatos.Services.EmailQueueService.<ObtenerSiguienteAsync>d__5.MoveNext() en C:\AOCR\AOCR\AOCR05-01-2026\AOCR1\AOCR\CapaDatos\Services\EmailQueueService.cs:línea 136
--- Fin del seguimiento de la pila de la ubicación anterior donde se produjo la excepción ---
   en System.Runtime.ExceptionServices.ExceptionDispatchInfo.Throw()
   en System.Runtime.CompilerServices.TaskAwaiter.HandleNonSuccessAndDebuggerNotification(Task task)
   en System.Runtime.CompilerServices.TaskAwaiter`1.GetResult()
   en CapaDatos.Services.EmailQueueProcessor.<ProcessQueueAsync>d__10.MoveNext() en C:\AOCR\AOCR\AOCR05-01-2026\AOCR1\AOCR\CapaDatos\Services\EmailQueueService.cs:línea 332
2026-01-31 14:59:06.338 | ERROR | CID:N/A | ERR:EMAIL_QUEUE_ERROR | Error de configuración de base de datos.
    Exception: DataAccessException
    StackTrace:    en CapaDatos.Infrastructure.BaseDAO.ExecuteWithConnection[T](Func`2 action) en C:\AOCR\AOCR\AOCR05-01-2026\AOCR1\AOCR\CapaDatos\Infrastructure\BaseDAO.cs:línea 68
   en CapaDatos.Services.EmailQueueService.<ObtenerSiguienteAsync>d__5.MoveNext() en C:\AOCR\AOCR\AOCR05-01-2026\AOCR1\AOCR\CapaDatos\Services\EmailQueueService.cs:línea 136
--- Fin del seguimiento de la pila de la ubicación anterior donde se produjo la excepción ---
   en System.Runtime.ExceptionServices.ExceptionDispatchInfo.Throw()
   en System.Runtime.CompilerServices.TaskAwaiter.HandleNonSuccessAndDebuggerNotification(Task task)
   en System.Runtime.CompilerServices.TaskAwaiter`1.GetResult()
   en CapaDatos.Services.EmailQueueProcessor.<ProcessQueueAsync>d__10.MoveNext() en C:\AOCR\AOCR\AOCR05-01-2026\AOCR1\AOCR\CapaDatos\Services\EmailQueueService.cs:línea 332
2026-01-31 14:59:36.388 | ERROR | CID:N/A | ERR:EMAIL_QUEUE_ERROR | Error de configuración de base de datos.
    Exception: DataAccessException
    StackTrace:    en CapaDatos.Infrastructure.BaseDAO.ExecuteWithConnection[T](Func`2 action) en C:\AOCR\AOCR\AOCR05-01-2026\AOCR1\AOCR\CapaDatos\Infrastructure\BaseDAO.cs:línea 68
   en CapaDatos.Services.EmailQueueService.<ObtenerSiguienteAsync>d__5.MoveNext() en C:\AOCR\AOCR\AOCR05-01-2026\AOCR1\AOCR\CapaDatos\Services\EmailQueueService.cs:línea 136
--- Fin del seguimiento de la pila de la ubicación anterior donde se produjo la excepción ---
   en System.Runtime.ExceptionServices.ExceptionDispatchInfo.Throw()
   en System.Runtime.CompilerServices.TaskAwaiter.HandleNonSuccessAndDebuggerNotification(Task task)
   en System.Runtime.CompilerServices.TaskAwaiter`1.GetResult()
   en CapaDatos.Services.EmailQueueProcessor.<ProcessQueueAsync>d__10.MoveNext() en C:\AOCR\AOCR\AOCR05-01-2026\AOCR1\AOCR\CapaDatos\Services\EmailQueueService.cs:línea 332
2026-01-31 15:00:06.433 | ERROR | CID:N/A | ERR:EMAIL_QUEUE_ERROR | Error de configuración de base de datos.
    Exception: DataAccessException
    StackTrace:    en CapaDatos.Infrastructure.BaseDAO.ExecuteWithConnection[T](Func`2 action) en C:\AOCR\AOCR\AOCR05-01-2026\AOCR1\AOCR\CapaDatos\Infrastructure\BaseDAO.cs:línea 68
   en CapaDatos.Services.EmailQueueService.<ObtenerSiguienteAsync>d__5.MoveNext() en C:\AOCR\AOCR\AOCR05-01-2026\AOCR1\AOCR\CapaDatos\Services\EmailQueueService.cs:línea 136
--- Fin del seguimiento de la pila de la ubicación anterior donde se produjo la excepción ---
   en System.Runtime.ExceptionServices.ExceptionDispatchInfo.Throw()
   en System.Runtime.CompilerServices.TaskAwaiter.HandleNonSuccessAndDebuggerNotification(Task task)
   en System.Runtime.CompilerServices.TaskAwaiter`1.GetResult()
   en CapaDatos.Services.EmailQueueProcessor.<ProcessQueueAsync>d__10.MoveNext() en C:\AOCR\AOCR\AOCR05-01-2026\AOCR1\AOCR\CapaDatos\Services\EmailQueueService.cs:línea 332
2026-01-31 15:00:36.490 | ERROR | CID:N/A | ERR:EMAIL_QUEUE_ERROR | Error de configuración de base de datos.
    Exception: DataAccessException
    StackTrace:    en CapaDatos.Infrastructure.BaseDAO.ExecuteWithConnection[T](Func`2 action) en C:\AOCR\AOCR\AOCR05-01-2026\AOCR1\AOCR\CapaDatos\Infrastructure\BaseDAO.cs:línea 68
   en CapaDatos.Services.EmailQueueService.<ObtenerSiguienteAsync>d__5.MoveNext() en C:\AOCR\AOCR\AOCR05-01-2026\AOCR1\AOCR\CapaDatos\Services\EmailQueueService.cs:línea 136
--- Fin del seguimiento de la pila de la ubicación anterior donde se produjo la excepción ---
   en System.Runtime.ExceptionServices.ExceptionDispatchInfo.Throw()
   en System.Runtime.CompilerServices.TaskAwaiter.HandleNonSuccessAndDebuggerNotification(Task task)
   en System.Runtime.CompilerServices.TaskAwaiter`1.GetResult()
   en CapaDatos.Services.EmailQueueProcessor.<ProcessQueueAsync>d__10.MoveNext() en C:\AOCR\AOCR\AOCR05-01-2026\AOCR1\AOCR\CapaDatos\Services\EmailQueueService.cs:línea 332
2026-01-31 15:01:06.542 | ERROR | CID:N/A | ERR:EMAIL_QUEUE_ERROR | Error de configuración de base de datos.
    Exception: DataAccessException
    StackTrace:    en CapaDatos.Infrastructure.BaseDAO.ExecuteWithConnection[T](Func`2 action) en C:\AOCR\AOCR\AOCR05-01-2026\AOCR1\AOCR\CapaDatos\Infrastructure\BaseDAO.cs:línea 68
   en CapaDatos.Services.EmailQueueService.<ObtenerSiguienteAsync>d__5.MoveNext() en C:\AOCR\AOCR\AOCR05-01-2026\AOCR1\AOCR\CapaDatos\Services\EmailQueueService.cs:línea 136
--- Fin del seguimiento de la pila de la ubicación anterior donde se produjo la excepción ---
   en System.Runtime.ExceptionServices.ExceptionDispatchInfo.Throw()
   en System.Runtime.CompilerServices.TaskAwaiter.HandleNonSuccessAndDebuggerNotification(Task task)
   en System.Runtime.CompilerServices.TaskAwaiter`1.GetResult()
   en CapaDatos.Services.EmailQueueProcessor.<ProcessQueueAsync>d__10.MoveNext() en C:\AOCR\AOCR\AOCR05-01-2026\AOCR1\AOCR\CapaDatos\Services\EmailQueueService.cs:línea 332
2026-01-31 15:01:36.594 | ERROR | CID:N/A | ERR:EMAIL_QUEUE_ERROR | Error de configuración de base de datos.
    Exception: DataAccessException
    StackTrace:    en CapaDatos.Infrastructure.BaseDAO.ExecuteWithConnection[T](Func`2 action) en C:\AOCR\AOCR\AOCR05-01-2026\AOCR1\AOCR\CapaDatos\Infrastructure\BaseDAO.cs:línea 68
   en CapaDatos.Services.EmailQueueService.<ObtenerSiguienteAsync>d__5.MoveNext() en C:\AOCR\AOCR\AOCR05-01-2026\AOCR1\AOCR\CapaDatos\Services\EmailQueueService.cs:línea 136
--- Fin del seguimiento de la pila de la ubicación anterior donde se produjo la excepción ---
   en System.Runtime.ExceptionServices.ExceptionDispatchInfo.Throw()
   en System.Runtime.CompilerServices.TaskAwaiter.HandleNonSuccessAndDebuggerNotification(Task task)
   en System.Runtime.CompilerServices.TaskAwaiter`1.GetResult()
   en CapaDatos.Services.EmailQueueProcessor.<ProcessQueueAsync>d__10.MoveNext() en C:\AOCR\AOCR\AOCR05-01-2026\AOCR1\AOCR\CapaDatos\Services\EmailQueueService.cs:línea 332
2026-01-31 15:02:06.663 | ERROR | CID:N/A | ERR:EMAIL_QUEUE_ERROR | Error de configuración de base de datos.
    Exception: DataAccessException
    StackTrace:    en CapaDatos.Infrastructure.BaseDAO.ExecuteWithConnection[T](Func`2 action) en C:\AOCR\AOCR\AOCR05-01-2026\AOCR1\AOCR\CapaDatos\Infrastructure\BaseDAO.cs:línea 68
   en CapaDatos.Services.EmailQueueService.<ObtenerSiguienteAsync>d__5.MoveNext() en C:\AOCR\AOCR\AOCR05-01-2026\AOCR1\AOCR\CapaDatos\Services\EmailQueueService.cs:línea 136
--- Fin del seguimiento de la pila de la ubicación anterior donde se produjo la excepción ---
   en System.Runtime.ExceptionServices.ExceptionDispatchInfo.Throw()
   en System.Runtime.CompilerServices.TaskAwaiter.HandleNonSuccessAndDebuggerNotification(Task task)
   en System.Runtime.CompilerServices.TaskAwaiter`1.GetResult()
   en CapaDatos.Services.EmailQueueProcessor.<ProcessQueueAsync>d__10.MoveNext() en C:\AOCR\AOCR\AOCR05-01-2026\AOCR1\AOCR\CapaDatos\Services\EmailQueueService.cs:línea 332
2026-01-31 15:02:36.712 | ERROR | CID:N/A | ERR:EMAIL_QUEUE_ERROR | Error de configuración de base de datos.
    Exception: DataAccessException
    StackTrace:    en CapaDatos.Infrastructure.BaseDAO.ExecuteWithConnection[T](Func`2 action) en C:\AOCR\AOCR\AOCR05-01-2026\AOCR1\AOCR\CapaDatos\Infrastructure\BaseDAO.cs:línea 68
   en CapaDatos.Services.EmailQueueService.<ObtenerSiguienteAsync>d__5.MoveNext() en C:\AOCR\AOCR\AOCR05-01-2026\AOCR1\AOCR\CapaDatos\Services\EmailQueueService.cs:línea 136
--- Fin del seguimiento de la pila de la ubicación anterior donde se produjo la excepción ---
   en System.Runtime.ExceptionServices.ExceptionDispatchInfo.Throw()
   en System.Runtime.CompilerServices.TaskAwaiter.HandleNonSuccessAndDebuggerNotification(Task task)
   en System.Runtime.CompilerServices.TaskAwaiter`1.GetResult()
   en CapaDatos.Services.EmailQueueProcessor.<ProcessQueueAsync>d__10.MoveNext() en C:\AOCR\AOCR\AOCR05-01-2026\AOCR1\AOCR\CapaDatos\Services\EmailQueueService.cs:línea 332
2026-01-31 15:03:06.765 | ERROR | CID:N/A | ERR:EMAIL_QUEUE_ERROR | Error de configuración de base de datos.
    Exception: DataAccessException
    StackTrace:    en CapaDatos.Infrastructure.BaseDAO.ExecuteWithConnection[T](Func`2 action) en C:\AOCR\AOCR\AOCR05-01-2026\AOCR1\AOCR\CapaDatos\Infrastructure\BaseDAO.cs:línea 68
   en CapaDatos.Services.EmailQueueService.<ObtenerSiguienteAsync>d__5.MoveNext() en C:\AOCR\AOCR\AOCR05-01-2026\AOCR1\AOCR\CapaDatos\Services\EmailQueueService.cs:línea 136
--- Fin del seguimiento de la pila de la ubicación anterior donde se produjo la excepción ---
   en System.Runtime.ExceptionServices.ExceptionDispatchInfo.Throw()
   en System.Runtime.CompilerServices.TaskAwaiter.HandleNonSuccessAndDebuggerNotification(Task task)
   en System.Runtime.CompilerServices.TaskAwaiter`1.GetResult()
   en CapaDatos.Services.EmailQueueProcessor.<ProcessQueueAsync>d__10.MoveNext() en C:\AOCR\AOCR\AOCR05-01-2026\AOCR1\AOCR\CapaDatos\Services\EmailQueueService.cs:línea 332
2026-01-31 15:03:36.829 | ERROR | CID:N/A | ERR:EMAIL_QUEUE_ERROR | Error de configuración de base de datos.
    Exception: DataAccessException
    StackTrace:    en CapaDatos.Infrastructure.BaseDAO.ExecuteWithConnection[T](Func`2 action) en C:\AOCR\AOCR\AOCR05-01-2026\AOCR1\AOCR\CapaDatos\Infrastructure\BaseDAO.cs:línea 68
   en CapaDatos.Services.EmailQueueService.<ObtenerSiguienteAsync>d__5.MoveNext() en C:\AOCR\AOCR\AOCR05-01-2026\AOCR1\AOCR\CapaDatos\Services\EmailQueueService.cs:línea 136
--- Fin del seguimiento de la pila de la ubicación anterior donde se produjo la excepción ---
   en System.Runtime.ExceptionServices.ExceptionDispatchInfo.Throw()
   en System.Runtime.CompilerServices.TaskAwaiter.HandleNonSuccessAndDebuggerNotification(Task task)
   en System.Runtime.CompilerServices.TaskAwaiter`1.GetResult()
   en CapaDatos.Services.EmailQueueProcessor.<ProcessQueueAsync>d__10.MoveNext() en C:\AOCR\AOCR\AOCR05-01-2026\AOCR1\AOCR\CapaDatos\Services\EmailQueueService.cs:línea 332
2026-01-31 15:04:06.884 | ERROR | CID:N/A | ERR:EMAIL_QUEUE_ERROR | Error de configuración de base de datos.
    Exception: DataAccessException
    StackTrace:    en CapaDatos.Infrastructure.BaseDAO.ExecuteWithConnection[T](Func`2 action) en C:\AOCR\AOCR\AOCR05-01-2026\AOCR1\AOCR\CapaDatos\Infrastructure\BaseDAO.cs:línea 68
   en CapaDatos.Services.EmailQueueService.<ObtenerSiguienteAsync>d__5.MoveNext() en C:\AOCR\AOCR\AOCR05-01-2026\AOCR1\AOCR\CapaDatos\Services\EmailQueueService.cs:línea 136
--- Fin del seguimiento de la pila de la ubicación anterior donde se produjo la excepción ---
   en System.Runtime.ExceptionServices.ExceptionDispatchInfo.Throw()
   en System.Runtime.CompilerServices.TaskAwaiter.HandleNonSuccessAndDebuggerNotification(Task task)
   en System.Runtime.CompilerServices.TaskAwaiter`1.GetResult()
   en CapaDatos.Services.EmailQueueProcessor.<ProcessQueueAsync>d__10.MoveNext() en C:\AOCR\AOCR\AOCR05-01-2026\AOCR1\AOCR\CapaDatos\Services\EmailQueueService.cs:línea 332
2026-01-31 15:04:36.941 | ERROR | CID:N/A | ERR:EMAIL_QUEUE_ERROR | Error de configuración de base de datos.
    Exception: DataAccessException
    StackTrace:    en CapaDatos.Infrastructure.BaseDAO.ExecuteWithConnection[T](Func`2 action) en C:\AOCR\AOCR\AOCR05-01-2026\AOCR1\AOCR\CapaDatos\Infrastructure\BaseDAO.cs:línea 68
   en CapaDatos.Services.EmailQueueService.<ObtenerSiguienteAsync>d__5.MoveNext() en C:\AOCR\AOCR\AOCR05-01-2026\AOCR1\AOCR\CapaDatos\Services\EmailQueueService.cs:línea 136
--- Fin del seguimiento de la pila de la ubicación anterior donde se produjo la excepción ---
   en System.Runtime.ExceptionServices.ExceptionDispatchInfo.Throw()
   en System.Runtime.CompilerServices.TaskAwaiter.HandleNonSuccessAndDebuggerNotification(Task task)
   en System.Runtime.CompilerServices.TaskAwaiter`1.GetResult()
   en CapaDatos.Services.EmailQueueProcessor.<ProcessQueueAsync>d__10.MoveNext() en C:\AOCR\AOCR\AOCR05-01-2026\AOCR1\AOCR\CapaDatos\Services\EmailQueueService.cs:línea 332
2026-01-31 15:05:07.014 | ERROR | CID:N/A | ERR:EMAIL_QUEUE_ERROR | Error de configuración de base de datos.
    Exception: DataAccessException
    StackTrace:    en CapaDatos.Infrastructure.BaseDAO.ExecuteWithConnection[T](Func`2 action) en C:\AOCR\AOCR\AOCR05-01-2026\AOCR1\AOCR\CapaDatos\Infrastructure\BaseDAO.cs:línea 68
   en CapaDatos.Services.EmailQueueService.<ObtenerSiguienteAsync>d__5.MoveNext() en C:\AOCR\AOCR\AOCR05-01-2026\AOCR1\AOCR\CapaDatos\Services\EmailQueueService.cs:línea 136
--- Fin del seguimiento de la pila de la ubicación anterior donde se produjo la excepción ---
   en System.Runtime.ExceptionServices.ExceptionDispatchInfo.Throw()
   en System.Runtime.CompilerServices.TaskAwaiter.HandleNonSuccessAndDebuggerNotification(Task task)
   en System.Runtime.CompilerServices.TaskAwaiter`1.GetResult()
   en CapaDatos.Services.EmailQueueProcessor.<ProcessQueueAsync>d__10.MoveNext() en C:\AOCR\AOCR\AOCR05-01-2026\AOCR1\AOCR\CapaDatos\Services\EmailQueueService.cs:línea 332
2026-01-31 15:05:37.065 | ERROR | CID:N/A | ERR:EMAIL_QUEUE_ERROR | Error de configuración de base de datos.
    Exception: DataAccessException
    StackTrace:    en CapaDatos.Infrastructure.BaseDAO.ExecuteWithConnection[T](Func`2 action) en C:\AOCR\AOCR\AOCR05-01-2026\AOCR1\AOCR\CapaDatos\Infrastructure\BaseDAO.cs:línea 68
   en CapaDatos.Services.EmailQueueService.<ObtenerSiguienteAsync>d__5.MoveNext() en C:\AOCR\AOCR\AOCR05-01-2026\AOCR1\AOCR\CapaDatos\Services\EmailQueueService.cs:línea 136
--- Fin del seguimiento de la pila de la ubicación anterior donde se produjo la excepción ---
   en System.Runtime.ExceptionServices.ExceptionDispatchInfo.Throw()
   en System.Runtime.CompilerServices.TaskAwaiter.HandleNonSuccessAndDebuggerNotification(Task task)
   en System.Runtime.CompilerServices.TaskAwaiter`1.GetResult()
   en CapaDatos.Services.EmailQueueProcessor.<ProcessQueueAsync>d__10.MoveNext() en C:\AOCR\AOCR\AOCR05-01-2026\AOCR1\AOCR\CapaDatos\Services\EmailQueueService.cs:línea 332
2026-01-31 15:06:07.114 | ERROR | CID:N/A | ERR:EMAIL_QUEUE_ERROR | Error de configuración de base de datos.
    Exception: DataAccessException
    StackTrace:    en CapaDatos.Infrastructure.BaseDAO.ExecuteWithConnection[T](Func`2 action) en C:\AOCR\AOCR\AOCR05-01-2026\AOCR1\AOCR\CapaDatos\Infrastructure\BaseDAO.cs:línea 68
   en CapaDatos.Services.EmailQueueService.<ObtenerSiguienteAsync>d__5.MoveNext() en C:\AOCR\AOCR\AOCR05-01-2026\AOCR1\AOCR\CapaDatos\Services\EmailQueueService.cs:línea 136
--- Fin del seguimiento de la pila de la ubicación anterior donde se produjo la excepción ---
   en System.Runtime.ExceptionServices.ExceptionDispatchInfo.Throw()
   en System.Runtime.CompilerServices.TaskAwaiter.HandleNonSuccessAndDebuggerNotification(Task task)
   en System.Runtime.CompilerServices.TaskAwaiter`1.GetResult()
   en CapaDatos.Services.EmailQueueProcessor.<ProcessQueueAsync>d__10.MoveNext() en C:\AOCR\AOCR\AOCR05-01-2026\AOCR1\AOCR\CapaDatos\Services\EmailQueueService.cs:línea 332
2026-01-31 15:06:37.158 | ERROR | CID:N/A | ERR:EMAIL_QUEUE_ERROR | Error de configuración de base de datos.
    Exception: DataAccessException
    StackTrace:    en CapaDatos.Infrastructure.BaseDAO.ExecuteWithConnection[T](Func`2 action) en C:\AOCR\AOCR\AOCR05-01-2026\AOCR1\AOCR\CapaDatos\Infrastructure\BaseDAO.cs:línea 68
   en CapaDatos.Services.EmailQueueService.<ObtenerSiguienteAsync>d__5.MoveNext() en C:\AOCR\AOCR\AOCR05-01-2026\AOCR1\AOCR\CapaDatos\Services\EmailQueueService.cs:línea 136
--- Fin del seguimiento de la pila de la ubicación anterior donde se produjo la excepción ---
   en System.Runtime.ExceptionServices.ExceptionDispatchInfo.Throw()
   en System.Runtime.CompilerServices.TaskAwaiter.HandleNonSuccessAndDebuggerNotification(Task task)
   en System.Runtime.CompilerServices.TaskAwaiter`1.GetResult()
   en CapaDatos.Services.EmailQueueProcessor.<ProcessQueueAsync>d__10.MoveNext() en C:\AOCR\AOCR\AOCR05-01-2026\AOCR1\AOCR\CapaDatos\Services\EmailQueueService.cs:línea 332
2026-01-31 15:07:07.213 | ERROR | CID:N/A | ERR:EMAIL_QUEUE_ERROR | Error de configuración de base de datos.
    Exception: DataAccessException
    StackTrace:    en CapaDatos.Infrastructure.BaseDAO.ExecuteWithConnection[T](Func`2 action) en C:\AOCR\AOCR\AOCR05-01-2026\AOCR1\AOCR\CapaDatos\Infrastructure\BaseDAO.cs:línea 68
   en CapaDatos.Services.EmailQueueService.<ObtenerSiguienteAsync>d__5.MoveNext() en C:\AOCR\AOCR\AOCR05-01-2026\AOCR1\AOCR\CapaDatos\Services\EmailQueueService.cs:línea 136
--- Fin del seguimiento de la pila de la ubicación anterior donde se produjo la excepción ---
   en System.Runtime.ExceptionServices.ExceptionDispatchInfo.Throw()
   en System.Runtime.CompilerServices.TaskAwaiter.HandleNonSuccessAndDebuggerNotification(Task task)
   en System.Runtime.CompilerServices.TaskAwaiter`1.GetResult()
   en CapaDatos.Services.EmailQueueProcessor.<ProcessQueueAsync>d__10.MoveNext() en C:\AOCR\AOCR\AOCR05-01-2026\AOCR1\AOCR\CapaDatos\Services\EmailQueueService.cs:línea 332
2026-01-31 15:07:37.267 | ERROR | CID:N/A | ERR:EMAIL_QUEUE_ERROR | Error de configuración de base de datos.
    Exception: DataAccessException
    StackTrace:    en CapaDatos.Infrastructure.BaseDAO.ExecuteWithConnection[T](Func`2 action) en C:\AOCR\AOCR\AOCR05-01-2026\AOCR1\AOCR\CapaDatos\Infrastructure\BaseDAO.cs:línea 68
   en CapaDatos.Services.EmailQueueService.<ObtenerSiguienteAsync>d__5.MoveNext() en C:\AOCR\AOCR\AOCR05-01-2026\AOCR1\AOCR\CapaDatos\Services\EmailQueueService.cs:línea 136
--- Fin del seguimiento de la pila de la ubicación anterior donde se produjo la excepción ---
   en System.Runtime.ExceptionServices.ExceptionDispatchInfo.Throw()
   en System.Runtime.CompilerServices.TaskAwaiter.HandleNonSuccessAndDebuggerNotification(Task task)
   en System.Runtime.CompilerServices.TaskAwaiter`1.GetResult()
   en CapaDatos.Services.EmailQueueProcessor.<ProcessQueueAsync>d__10.MoveNext() en C:\AOCR\AOCR\AOCR05-01-2026\AOCR1\AOCR\CapaDatos\Services\EmailQueueService.cs:línea 332
2026-01-31 15:08:07.324 | ERROR | CID:N/A | ERR:EMAIL_QUEUE_ERROR | Error de configuración de base de datos.
    Exception: DataAccessException
    StackTrace:    en CapaDatos.Infrastructure.BaseDAO.ExecuteWithConnection[T](Func`2 action) en C:\AOCR\AOCR\AOCR05-01-2026\AOCR1\AOCR\CapaDatos\Infrastructure\BaseDAO.cs:línea 68
   en CapaDatos.Services.EmailQueueService.<ObtenerSiguienteAsync>d__5.MoveNext() en C:\AOCR\AOCR\AOCR05-01-2026\AOCR1\AOCR\CapaDatos\Services\EmailQueueService.cs:línea 136
--- Fin del seguimiento de la pila de la ubicación anterior donde se produjo la excepción ---
   en System.Runtime.ExceptionServices.ExceptionDispatchInfo.Throw()
   en System.Runtime.CompilerServices.TaskAwaiter.HandleNonSuccessAndDebuggerNotification(Task task)
   en System.Runtime.CompilerServices.TaskAwaiter`1.GetResult()
   en CapaDatos.Services.EmailQueueProcessor.<ProcessQueueAsync>d__10.MoveNext() en C:\AOCR\AOCR\AOCR05-01-2026\AOCR1\AOCR\CapaDatos\Services\EmailQueueService.cs:línea 332
2026-01-31 15:08:37.379 | ERROR | CID:N/A | ERR:EMAIL_QUEUE_ERROR | Error de configuración de base de datos.
    Exception: DataAccessException
    StackTrace:    en CapaDatos.Infrastructure.BaseDAO.ExecuteWithConnection[T](Func`2 action) en C:\AOCR\AOCR\AOCR05-01-2026\AOCR1\AOCR\CapaDatos\Infrastructure\BaseDAO.cs:línea 68
   en CapaDatos.Services.EmailQueueService.<ObtenerSiguienteAsync>d__5.MoveNext() en C:\AOCR\AOCR\AOCR05-01-2026\AOCR1\AOCR\CapaDatos\Services\EmailQueueService.cs:línea 136
--- Fin del seguimiento de la pila de la ubicación anterior donde se produjo la excepción ---
   en System.Runtime.ExceptionServices.ExceptionDispatchInfo.Throw()
   en System.Runtime.CompilerServices.TaskAwaiter.HandleNonSuccessAndDebuggerNotification(Task task)
   en System.Runtime.CompilerServices.TaskAwaiter`1.GetResult()
   en CapaDatos.Services.EmailQueueProcessor.<ProcessQueueAsync>d__10.MoveNext() en C:\AOCR\AOCR\AOCR05-01-2026\AOCR1\AOCR\CapaDatos\Services\EmailQueueService.cs:línea 332
2026-01-31 15:09:07.424 | ERROR | CID:N/A | ERR:EMAIL_QUEUE_ERROR | Error de configuración de base de datos.
    Exception: DataAccessException
    StackTrace:    en CapaDatos.Infrastructure.BaseDAO.ExecuteWithConnection[T](Func`2 action) en C:\AOCR\AOCR\AOCR05-01-2026\AOCR1\AOCR\CapaDatos\Infrastructure\BaseDAO.cs:línea 68
   en CapaDatos.Services.EmailQueueService.<ObtenerSiguienteAsync>d__5.MoveNext() en C:\AOCR\AOCR\AOCR05-01-2026\AOCR1\AOCR\CapaDatos\Services\EmailQueueService.cs:línea 136
--- Fin del seguimiento de la pila de la ubicación anterior donde se produjo la excepción ---
   en System.Runtime.ExceptionServices.ExceptionDispatchInfo.Throw()
   en System.Runtime.CompilerServices.TaskAwaiter.HandleNonSuccessAndDebuggerNotification(Task task)
   en System.Runtime.CompilerServices.TaskAwaiter`1.GetResult()
   en CapaDatos.Services.EmailQueueProcessor.<ProcessQueueAsync>d__10.MoveNext() en C:\AOCR\AOCR\AOCR05-01-2026\AOCR1\AOCR\CapaDatos\Services\EmailQueueService.cs:línea 332
2026-01-31 16:54:20.176 | INFO  | CID:N/A | Iniciando procesador de cola de correos
2026-01-31 16:54:20.767 | ERROR | CID:N/A | ERR:EMAIL_QUEUE_ERROR | Error de configuración de base de datos.
    Exception: DataAccessException
    StackTrace:    en CapaDatos.Infrastructure.BaseDAO.ExecuteWithConnection[T](Func`2 action) en C:\AOCR\AOCR\AOCR05-01-2026\AOCR1\AOCR\CapaDatos\Infrastructure\BaseDAO.cs:línea 68
   en CapaDatos.Services.EmailQueueService.<ObtenerSiguienteAsync>d__5.MoveNext() en C:\AOCR\AOCR\AOCR05-01-2026\AOCR1\AOCR\CapaDatos\Services\EmailQueueService.cs:línea 136
--- Fin del seguimiento de la pila de la ubicación anterior donde se produjo la excepción ---
   en System.Runtime.ExceptionServices.ExceptionDispatchInfo.Throw()
   en System.Runtime.CompilerServices.TaskAwaiter.HandleNonSuccessAndDebuggerNotification(Task task)
   en System.Runtime.CompilerServices.TaskAwaiter`1.GetResult()
   en CapaDatos.Services.EmailQueueProcessor.<ProcessQueueAsync>d__10.MoveNext() en C:\AOCR\AOCR\AOCR05-01-2026\AOCR1\AOCR\CapaDatos\Services\EmailQueueService.cs:línea 332
2026-01-31 16:54:28.256 | INFO  | CID:659fb0c97dbe | Account/Login | Iniciando acción: Account/Login
2026-01-31 16:54:28.633 | INFO  | CID:659fb0c97dbe | Account/Login | Acción completada: Account/Login
2026-01-31 18:56:18.957 | INFO  | CID:N/A | Iniciando procesador de cola de correos
2026-01-31 18:56:19.477 | ERROR | CID:N/A | ERR:EMAIL_QUEUE_ERROR | Error de configuración de base de datos.
    Exception: DataAccessException
    StackTrace:    en CapaDatos.Infrastructure.BaseDAO.ExecuteWithConnection[T](Func`2 action) en C:\AOCR\AOCR\AOCR05-01-2026\AOCR1\AOCR\CapaDatos\Infrastructure\BaseDAO.cs:línea 68
   en CapaDatos.Services.EmailQueueService.<ObtenerSiguienteAsync>d__5.MoveNext() en C:\AOCR\AOCR\AOCR05-01-2026\AOCR1\AOCR\CapaDatos\Services\EmailQueueService.cs:línea 136
--- Fin del seguimiento de la pila de la ubicación anterior donde se produjo la excepción ---
   en System.Runtime.ExceptionServices.ExceptionDispatchInfo.Throw()
   en System.Runtime.CompilerServices.TaskAwaiter.HandleNonSuccessAndDebuggerNotification(Task task)
   en System.Runtime.CompilerServices.TaskAwaiter`1.GetResult()
   en CapaDatos.Services.EmailQueueProcessor.<ProcessQueueAsync>d__10.MoveNext() en C:\AOCR\AOCR\AOCR05-01-2026\AOCR1\AOCR\CapaDatos\Services\EmailQueueService.cs:línea 332
2026-01-31 18:56:25.810 | INFO  | CID:ac2ffb9330f4 | Account/Login | Iniciando acción: Account/Login
2026-01-31 18:56:26.135 | INFO  | CID:ac2ffb9330f4 | Account/Login | Acción completada: Account/Login
2026-01-31 18:56:49.579 | ERROR | CID:N/A | ERR:EMAIL_QUEUE_ERROR | Error de configuración de base de datos.
    Exception: DataAccessException
    StackTrace:    en CapaDatos.Infrastructure.BaseDAO.ExecuteWithConnection[T](Func`2 action) en C:\AOCR\AOCR\AOCR05-01-2026\AOCR1\AOCR\CapaDatos\Infrastructure\BaseDAO.cs:línea 68
   en CapaDatos.Services.EmailQueueService.<ObtenerSiguienteAsync>d__5.MoveNext() en C:\AOCR\AOCR\AOCR05-01-2026\AOCR1\AOCR\CapaDatos\Services\EmailQueueService.cs:línea 136
--- Fin del seguimiento de la pila de la ubicación anterior donde se produjo la excepción ---
   en System.Runtime.ExceptionServices.ExceptionDispatchInfo.Throw()
   en System.Runtime.CompilerServices.TaskAwaiter.HandleNonSuccessAndDebuggerNotification(Task task)
   en System.Runtime.CompilerServices.TaskAwaiter`1.GetResult()
   en CapaDatos.Services.EmailQueueProcessor.<ProcessQueueAsync>d__10.MoveNext() en C:\AOCR\AOCR\AOCR05-01-2026\AOCR1\AOCR\CapaDatos\Services\EmailQueueService.cs:línea 332
2026-01-31 18:57:19.635 | ERROR | CID:N/A | ERR:EMAIL_QUEUE_ERROR | Error de configuración de base de datos.
    Exception: DataAccessException
    StackTrace:    en CapaDatos.Infrastructure.BaseDAO.ExecuteWithConnection[T](Func`2 action) en C:\AOCR\AOCR\AOCR05-01-2026\AOCR1\AOCR\CapaDatos\Infrastructure\BaseDAO.cs:línea 68
   en CapaDatos.Services.EmailQueueService.<ObtenerSiguienteAsync>d__5.MoveNext() en C:\AOCR\AOCR\AOCR05-01-2026\AOCR1\AOCR\CapaDatos\Services\EmailQueueService.cs:línea 136
--- Fin del seguimiento de la pila de la ubicación anterior donde se produjo la excepción ---
   en System.Runtime.ExceptionServices.ExceptionDispatchInfo.Throw()
   en System.Runtime.CompilerServices.TaskAwaiter.HandleNonSuccessAndDebuggerNotification(Task task)
   en System.Runtime.CompilerServices.TaskAwaiter`1.GetResult()
   en CapaDatos.Services.EmailQueueProcessor.<ProcessQueueAsync>d__10.MoveNext() en C:\AOCR\AOCR\AOCR05-01-2026\AOCR1\AOCR\CapaDatos\Services\EmailQueueService.cs:línea 332
2026-01-31 18:57:29.049 | INFO  | CID:7b3c727f06a5 | USR:USU_ADMIN | OrdenRecaudacion/Nueva | Iniciando acción: OrdenRecaudacion/Nueva
2026-01-31 18:57:29.741 | INFO  | CID:7b3c727f06a5 | USR:USU_ADMIN | OrdenRecaudacion/Nueva | Acción completada: OrdenRecaudacion/Nueva
2026-01-31 18:57:49.694 | ERROR | CID:N/A | ERR:EMAIL_QUEUE_ERROR | Error de configuración de base de datos.
    Exception: DataAccessException
    StackTrace:    en CapaDatos.Infrastructure.BaseDAO.ExecuteWithConnection[T](Func`2 action) en C:\AOCR\AOCR\AOCR05-01-2026\AOCR1\AOCR\CapaDatos\Infrastructure\BaseDAO.cs:línea 68
   en CapaDatos.Services.EmailQueueService.<ObtenerSiguienteAsync>d__5.MoveNext() en C:\AOCR\AOCR\AOCR05-01-2026\AOCR1\AOCR\CapaDatos\Services\EmailQueueService.cs:línea 136
--- Fin del seguimiento de la pila de la ubicación anterior donde se produjo la excepción ---
   en System.Runtime.ExceptionServices.ExceptionDispatchInfo.Throw()
   en System.Runtime.CompilerServices.TaskAwaiter.HandleNonSuccessAndDebuggerNotification(Task task)
   en System.Runtime.CompilerServices.TaskAwaiter`1.GetResult()
   en CapaDatos.Services.EmailQueueProcessor.<ProcessQueueAsync>d__10.MoveNext() en C:\AOCR\AOCR\AOCR05-01-2026\AOCR1\AOCR\CapaDatos\Services\EmailQueueService.cs:línea 332
2026-01-31 19:20:39.937 | INFO  | CID:N/A | Iniciando procesador de cola de correos
2026-01-31 19:20:40.485 | ERROR | CID:N/A | ERR:EMAIL_QUEUE_ERROR | Error de configuración de base de datos.
    Exception: DataAccessException
    StackTrace:    en CapaDatos.Infrastructure.BaseDAO.ExecuteWithConnection[T](Func`2 action) en C:\AOCR\AOCR\AOCR05-01-2026\AOCR1\AOCR\CapaDatos\Infrastructure\BaseDAO.cs:línea 68
   en CapaDatos.Services.EmailQueueService.<ObtenerSiguienteAsync>d__5.MoveNext() en C:\AOCR\AOCR\AOCR05-01-2026\AOCR1\AOCR\CapaDatos\Services\EmailQueueService.cs:línea 136
--- Fin del seguimiento de la pila de la ubicación anterior donde se produjo la excepción ---
   en System.Runtime.ExceptionServices.ExceptionDispatchInfo.Throw()
   en System.Runtime.CompilerServices.TaskAwaiter.HandleNonSuccessAndDebuggerNotification(Task task)
   en System.Runtime.CompilerServices.TaskAwaiter`1.GetResult()
   en CapaDatos.Services.EmailQueueProcessor.<ProcessQueueAsync>d__10.MoveNext() en C:\AOCR\AOCR\AOCR05-01-2026\AOCR1\AOCR\CapaDatos\Services\EmailQueueService.cs:línea 332
2026-01-31 19:20:46.577 | INFO  | CID:eb4ca365b520 | Account/Login | Iniciando acción: Account/Login
2026-01-31 19:20:46.898 | INFO  | CID:eb4ca365b520 | Account/Login | Acción completada: Account/Login
2026-01-31 19:24:10.386 | INFO  | CID:N/A | Iniciando procesador de cola de correos
2026-01-31 19:24:11.172 | ERROR | CID:N/A | ERR:EMAIL_QUEUE_ERROR | Error de configuración de base de datos.
    Exception: DataAccessException
    StackTrace:    en CapaDatos.Infrastructure.BaseDAO.ExecuteWithConnection[T](Func`2 action) en C:\AOCR\AOCR\AOCR05-01-2026\AOCR1\AOCR\CapaDatos\Infrastructure\BaseDAO.cs:línea 68
   en CapaDatos.Services.EmailQueueService.<ObtenerSiguienteAsync>d__5.MoveNext() en C:\AOCR\AOCR\AOCR05-01-2026\AOCR1\AOCR\CapaDatos\Services\EmailQueueService.cs:línea 136
--- Fin del seguimiento de la pila de la ubicación anterior donde se produjo la excepción ---
   en System.Runtime.ExceptionServices.ExceptionDispatchInfo.Throw()
   en System.Runtime.CompilerServices.TaskAwaiter.HandleNonSuccessAndDebuggerNotification(Task task)
   en System.Runtime.CompilerServices.TaskAwaiter`1.GetResult()
   en CapaDatos.Services.EmailQueueProcessor.<ProcessQueueAsync>d__10.MoveNext() en C:\AOCR\AOCR\AOCR05-01-2026\AOCR1\AOCR\CapaDatos\Services\EmailQueueService.cs:línea 332
2026-01-31 19:24:28.710 | INFO  | CID:7de9c4f6619c | Account/Login | Iniciando acción: Account/Login
2026-01-31 19:24:29.030 | INFO  | CID:7de9c4f6619c | Account/Login | Acción completada: Account/Login
2026-01-31 19:24:39.214 | ERROR | CID:eff306780443 | USR:USU_ADMIN | OrdenRecaudacion/Obligatoria | ERR:INTERNAL_ERROR | Palabra clave "if" inesperada después del carácter "@". Una vez dentro del código, no es necesario añadir prefijos a las construcciones, como "if" con "@".

    Exception: HttpParseException
    StackTrace:    en System.Web.WebPages.Razor.RazorBuildProvider.EnsureGeneratedCode()
   en System.Web.WebPages.Razor.RazorBuildProvider.get_CodeCompilerType()
   en System.Web.Compilation.BuildProvider.GetCompilerTypeFromBuildProvider(BuildProvider buildProvider)
   en System.Web.Compilation.BuildProvidersCompiler.ProcessBuildProviders()
   en System.Web.Compilation.BuildProvidersCompiler.PerformBuild()
   en System.Web.Compilation.BuildManager.CompileWebFile(VirtualPath virtualPath)
   en System.Web.Compilation.BuildManager.GetVPathBuildResultInternal(VirtualPath virtualPath, Boolean noBuild, Boolean allowCrossApp, Boolean allowBuildInPrecompile, Boolean throwIfNotFound, Boolean ensureIsUpToDate)
   en System.Web.Compilation.BuildManager.GetVPathBuildResultWithNoAssert(HttpContext context, VirtualPath virtualPath, Boolean noBuild, Boolean allowCrossApp, Boolean allowBuildInPrecompile, Boolean throwIfNotFound, Boolean ensureIsUpToDate)
   en System.Web.Compilation.BuildManager.GetVirtualPathObjectFactory(VirtualPath virtualPath, HttpContext context, Boolean allowCrossApp, Boolean throwIfNotFound)
   en System.Web.Compilation.BuildManager.GetCompiledType(VirtualPath virtualPath)
   en System.Web.Mvc.BuildManagerCompiledView.Render(ViewContext viewContext, TextWriter writer)
   en System.Web.Mvc.ViewResultBase.ExecuteResult(ControllerContext context)
   en System.Web.Mvc.ControllerActionInvoker.InvokeActionResultFilterRecursive(IList`1 filters, Int32 filterIndex, ResultExecutingContext preContext, ControllerContext controllerContext, ActionResult actionResult)
   en System.Web.Mvc.ControllerActionInvoker.InvokeActionResultFilterRecursive(IList`1 filters, Int32 filterIndex, ResultExecutingContext preContext, ControllerContext controllerContext, ActionResult actionResult)
   en System.Web.Mvc.ControllerActionInvoker.InvokeActionResultFilterRecursive(IList`1 filters, Int32 filterIndex, ResultExecutingContext preContext, ControllerContext controllerContext, ActionResult actionResult)
   en System.Web.Mvc.ControllerActionInvoker.InvokeActionResultFilterRecursive(IList`1 filters, Int32 filterIndex, ResultExecutingContext preContext, ControllerContext controllerContext, ActionResult actionResult)
   en System.Web.Mvc.ControllerActionInvoker.InvokeActionResultWithFilters(ControllerContext controllerContext, IList`1 filters, ActionResult actionResult)
   en System.Web.Mvc.Async.AsyncControllerActionInvoker.<>c__DisplayClass3_1.<BeginInvokeAction>b__1(IAsyncResult asyncResult)
2026-01-31 19:24:41.233 | ERROR | CID:N/A | ERR:EMAIL_QUEUE_ERROR | Error de configuración de base de datos.
    Exception: DataAccessException
    StackTrace:    en CapaDatos.Infrastructure.BaseDAO.ExecuteWithConnection[T](Func`2 action) en C:\AOCR\AOCR\AOCR05-01-2026\AOCR1\AOCR\CapaDatos\Infrastructure\BaseDAO.cs:línea 68
   en CapaDatos.Services.EmailQueueService.<ObtenerSiguienteAsync>d__5.MoveNext() en C:\AOCR\AOCR\AOCR05-01-2026\AOCR1\AOCR\CapaDatos\Services\EmailQueueService.cs:línea 136
--- Fin del seguimiento de la pila de la ubicación anterior donde se produjo la excepción ---
   en System.Runtime.ExceptionServices.ExceptionDispatchInfo.Throw()
   en System.Runtime.CompilerServices.TaskAwaiter.HandleNonSuccessAndDebuggerNotification(Task task)
   en System.Runtime.CompilerServices.TaskAwaiter`1.GetResult()
   en CapaDatos.Services.EmailQueueProcessor.<ProcessQueueAsync>d__10.MoveNext() en C:\AOCR\AOCR\AOCR05-01-2026\AOCR1\AOCR\CapaDatos\Services\EmailQueueService.cs:línea 332
2026-01-31 19:25:11.303 | ERROR | CID:N/A | ERR:EMAIL_QUEUE_ERROR | Error de configuración de base de datos.
    Exception: DataAccessException
    StackTrace:    en CapaDatos.Infrastructure.BaseDAO.ExecuteWithConnection[T](Func`2 action) en C:\AOCR\AOCR\AOCR05-01-2026\AOCR1\AOCR\CapaDatos\Infrastructure\BaseDAO.cs:línea 68
   en CapaDatos.Services.EmailQueueService.<ObtenerSiguienteAsync>d__5.MoveNext() en C:\AOCR\AOCR\AOCR05-01-2026\AOCR1\AOCR\CapaDatos\Services\EmailQueueService.cs:línea 136
--- Fin del seguimiento de la pila de la ubicación anterior donde se produjo la excepción ---
   en System.Runtime.ExceptionServices.ExceptionDispatchInfo.Throw()
   en System.Runtime.CompilerServices.TaskAwaiter.HandleNonSuccessAndDebuggerNotification(Task task)
   en System.Runtime.CompilerServices.TaskAwaiter`1.GetResult()
   en CapaDatos.Services.EmailQueueProcessor.<ProcessQueueAsync>d__10.MoveNext() en C:\AOCR\AOCR\AOCR05-01-2026\AOCR1\AOCR\CapaDatos\Services\EmailQueueService.cs:línea 332
2026-01-31 19:25:41.378 | ERROR | CID:N/A | ERR:EMAIL_QUEUE_ERROR | Error de configuración de base de datos.
    Exception: DataAccessException
    StackTrace:    en CapaDatos.Infrastructure.BaseDAO.ExecuteWithConnection[T](Func`2 action) en C:\AOCR\AOCR\AOCR05-01-2026\AOCR1\AOCR\CapaDatos\Infrastructure\BaseDAO.cs:línea 68
   en CapaDatos.Services.EmailQueueService.<ObtenerSiguienteAsync>d__5.MoveNext() en C:\AOCR\AOCR\AOCR05-01-2026\AOCR1\AOCR\CapaDatos\Services\EmailQueueService.cs:línea 136
--- Fin del seguimiento de la pila de la ubicación anterior donde se produjo la excepción ---
   en System.Runtime.ExceptionServices.ExceptionDispatchInfo.Throw()
   en System.Runtime.CompilerServices.TaskAwaiter.HandleNonSuccessAndDebuggerNotification(Task task)
   en System.Runtime.CompilerServices.TaskAwaiter`1.GetResult()
   en CapaDatos.Services.EmailQueueProcessor.<ProcessQueueAsync>d__10.MoveNext() en C:\AOCR\AOCR\AOCR05-01-2026\AOCR1\AOCR\CapaDatos\Services\EmailQueueService.cs:línea 332
2026-01-31 19:26:11.436 | ERROR | CID:N/A | ERR:EMAIL_QUEUE_ERROR | Error de configuración de base de datos.
    Exception: DataAccessException
    StackTrace:    en CapaDatos.Infrastructure.BaseDAO.ExecuteWithConnection[T](Func`2 action) en C:\AOCR\AOCR\AOCR05-01-2026\AOCR1\AOCR\CapaDatos\Infrastructure\BaseDAO.cs:línea 68
   en CapaDatos.Services.EmailQueueService.<ObtenerSiguienteAsync>d__5.MoveNext() en C:\AOCR\AOCR\AOCR05-01-2026\AOCR1\AOCR\CapaDatos\Services\EmailQueueService.cs:línea 136
--- Fin del seguimiento de la pila de la ubicación anterior donde se produjo la excepción ---
   en System.Runtime.ExceptionServices.ExceptionDispatchInfo.Throw()
   en System.Runtime.CompilerServices.TaskAwaiter.HandleNonSuccessAndDebuggerNotification(Task task)
   en System.Runtime.CompilerServices.TaskAwaiter`1.GetResult()
   en CapaDatos.Services.EmailQueueProcessor.<ProcessQueueAsync>d__10.MoveNext() en C:\AOCR\AOCR\AOCR05-01-2026\AOCR1\AOCR\CapaDatos\Services\EmailQueueService.cs:línea 332
2026-01-31 19:26:41.488 | ERROR | CID:N/A | ERR:EMAIL_QUEUE_ERROR | Error de configuración de base de datos.
    Exception: DataAccessException
    StackTrace:    en CapaDatos.Infrastructure.BaseDAO.ExecuteWithConnection[T](Func`2 action) en C:\AOCR\AOCR\AOCR05-01-2026\AOCR1\AOCR\CapaDatos\Infrastructure\BaseDAO.cs:línea 68
   en CapaDatos.Services.EmailQueueService.<ObtenerSiguienteAsync>d__5.MoveNext() en C:\AOCR\AOCR\AOCR05-01-2026\AOCR1\AOCR\CapaDatos\Services\EmailQueueService.cs:línea 136
--- Fin del seguimiento de la pila de la ubicación anterior donde se produjo la excepción ---
   en System.Runtime.ExceptionServices.ExceptionDispatchInfo.Throw()
   en System.Runtime.CompilerServices.TaskAwaiter.HandleNonSuccessAndDebuggerNotification(Task task)
   en System.Runtime.CompilerServices.TaskAwaiter`1.GetResult()
   en CapaDatos.Services.EmailQueueProcessor.<ProcessQueueAsync>d__10.MoveNext() en C:\AOCR\AOCR\AOCR05-01-2026\AOCR1\AOCR\CapaDatos\Services\EmailQueueService.cs:línea 332
2026-01-31 19:27:11.535 | ERROR | CID:N/A | ERR:EMAIL_QUEUE_ERROR | Error de configuración de base de datos.
    Exception: DataAccessException
    StackTrace:    en CapaDatos.Infrastructure.BaseDAO.ExecuteWithConnection[T](Func`2 action) en C:\AOCR\AOCR\AOCR05-01-2026\AOCR1\AOCR\CapaDatos\Infrastructure\BaseDAO.cs:línea 68
   en CapaDatos.Services.EmailQueueService.<ObtenerSiguienteAsync>d__5.MoveNext() en C:\AOCR\AOCR\AOCR05-01-2026\AOCR1\AOCR\CapaDatos\Services\EmailQueueService.cs:línea 136
--- Fin del seguimiento de la pila de la ubicación anterior donde se produjo la excepción ---
   en System.Runtime.ExceptionServices.ExceptionDispatchInfo.Throw()
   en System.Runtime.CompilerServices.TaskAwaiter.HandleNonSuccessAndDebuggerNotification(Task task)
   en System.Runtime.CompilerServices.TaskAwaiter`1.GetResult()
   en CapaDatos.Services.EmailQueueProcessor.<ProcessQueueAsync>d__10.MoveNext() en C:\AOCR\AOCR\AOCR05-01-2026\AOCR1\AOCR\CapaDatos\Services\EmailQueueService.cs:línea 332
2026-01-31 19:27:41.577 | ERROR | CID:N/A | ERR:EMAIL_QUEUE_ERROR | Error de configuración de base de datos.
    Exception: DataAccessException
    StackTrace:    en CapaDatos.Infrastructure.BaseDAO.ExecuteWithConnection[T](Func`2 action) en C:\AOCR\AOCR\AOCR05-01-2026\AOCR1\AOCR\CapaDatos\Infrastructure\BaseDAO.cs:línea 68
   en CapaDatos.Services.EmailQueueService.<ObtenerSiguienteAsync>d__5.MoveNext() en C:\AOCR\AOCR\AOCR05-01-2026\AOCR1\AOCR\CapaDatos\Services\EmailQueueService.cs:línea 136
--- Fin del seguimiento de la pila de la ubicación anterior donde se produjo la excepción ---
   en System.Runtime.ExceptionServices.ExceptionDispatchInfo.Throw()
   en System.Runtime.CompilerServices.TaskAwaiter.HandleNonSuccessAndDebuggerNotification(Task task)
   en System.Runtime.CompilerServices.TaskAwaiter`1.GetResult()
   en CapaDatos.Services.EmailQueueProcessor.<ProcessQueueAsync>d__10.MoveNext() en C:\AOCR\AOCR\AOCR05-01-2026\AOCR1\AOCR\CapaDatos\Services\EmailQueueService.cs:línea 332
2026-01-31 19:28:11.646 | ERROR | CID:N/A | ERR:EMAIL_QUEUE_ERROR | Error de configuración de base de datos.
    Exception: DataAccessException
    StackTrace:    en CapaDatos.Infrastructure.BaseDAO.ExecuteWithConnection[T](Func`2 action) en C:\AOCR\AOCR\AOCR05-01-2026\AOCR1\AOCR\CapaDatos\Infrastructure\BaseDAO.cs:línea 68
   en CapaDatos.Services.EmailQueueService.<ObtenerSiguienteAsync>d__5.MoveNext() en C:\AOCR\AOCR\AOCR05-01-2026\AOCR1\AOCR\CapaDatos\Services\EmailQueueService.cs:línea 136
--- Fin del seguimiento de la pila de la ubicación anterior donde se produjo la excepción ---
   en System.Runtime.ExceptionServices.ExceptionDispatchInfo.Throw()
   en System.Runtime.CompilerServices.TaskAwaiter.HandleNonSuccessAndDebuggerNotification(Task task)
   en System.Runtime.CompilerServices.TaskAwaiter`1.GetResult()
   en CapaDatos.Services.EmailQueueProcessor.<ProcessQueueAsync>d__10.MoveNext() en C:\AOCR\AOCR\AOCR05-01-2026\AOCR1\AOCR\CapaDatos\Services\EmailQueueService.cs:línea 332
2026-01-31 19:28:41.689 | ERROR | CID:N/A | ERR:EMAIL_QUEUE_ERROR | Error de configuración de base de datos.
    Exception: DataAccessException
    StackTrace:    en CapaDatos.Infrastructure.BaseDAO.ExecuteWithConnection[T](Func`2 action) en C:\AOCR\AOCR\AOCR05-01-2026\AOCR1\AOCR\CapaDatos\Infrastructure\BaseDAO.cs:línea 68
   en CapaDatos.Services.EmailQueueService.<ObtenerSiguienteAsync>d__5.MoveNext() en C:\AOCR\AOCR\AOCR05-01-2026\AOCR1\AOCR\CapaDatos\Services\EmailQueueService.cs:línea 136
--- Fin del seguimiento de la pila de la ubicación anterior donde se produjo la excepción ---
   en System.Runtime.ExceptionServices.ExceptionDispatchInfo.Throw()
   en System.Runtime.CompilerServices.TaskAwaiter.HandleNonSuccessAndDebuggerNotification(Task task)
   en System.Runtime.CompilerServices.TaskAwaiter`1.GetResult()
   en CapaDatos.Services.EmailQueueProcessor.<ProcessQueueAsync>d__10.MoveNext() en C:\AOCR\AOCR\AOCR05-01-2026\AOCR1\AOCR\CapaDatos\Services\EmailQueueService.cs:línea 332
2026-01-31 19:29:11.740 | ERROR | CID:N/A | ERR:EMAIL_QUEUE_ERROR | Error de configuración de base de datos.
    Exception: DataAccessException
    StackTrace:    en CapaDatos.Infrastructure.BaseDAO.ExecuteWithConnection[T](Func`2 action) en C:\AOCR\AOCR\AOCR05-01-2026\AOCR1\AOCR\CapaDatos\Infrastructure\BaseDAO.cs:línea 68
   en CapaDatos.Services.EmailQueueService.<ObtenerSiguienteAsync>d__5.MoveNext() en C:\AOCR\AOCR\AOCR05-01-2026\AOCR1\AOCR\CapaDatos\Services\EmailQueueService.cs:línea 136
--- Fin del seguimiento de la pila de la ubicación anterior donde se produjo la excepción ---
   en System.Runtime.ExceptionServices.ExceptionDispatchInfo.Throw()
   en System.Runtime.CompilerServices.TaskAwaiter.HandleNonSuccessAndDebuggerNotification(Task task)
   en System.Runtime.CompilerServices.TaskAwaiter`1.GetResult()
   en CapaDatos.Services.EmailQueueProcessor.<ProcessQueueAsync>d__10.MoveNext() en C:\AOCR\AOCR\AOCR05-01-2026\AOCR1\AOCR\CapaDatos\Services\EmailQueueService.cs:línea 332
2026-01-31 19:29:41.801 | ERROR | CID:N/A | ERR:EMAIL_QUEUE_ERROR | Error de configuración de base de datos.
    Exception: DataAccessException
    StackTrace:    en CapaDatos.Infrastructure.BaseDAO.ExecuteWithConnection[T](Func`2 action) en C:\AOCR\AOCR\AOCR05-01-2026\AOCR1\AOCR\CapaDatos\Infrastructure\BaseDAO.cs:línea 68
   en CapaDatos.Services.EmailQueueService.<ObtenerSiguienteAsync>d__5.MoveNext() en C:\AOCR\AOCR\AOCR05-01-2026\AOCR1\AOCR\CapaDatos\Services\EmailQueueService.cs:línea 136
--- Fin del seguimiento de la pila de la ubicación anterior donde se produjo la excepción ---
   en System.Runtime.ExceptionServices.ExceptionDispatchInfo.Throw()
   en System.Runtime.CompilerServices.TaskAwaiter.HandleNonSuccessAndDebuggerNotification(Task task)
   en System.Runtime.CompilerServices.TaskAwaiter`1.GetResult()
   en CapaDatos.Services.EmailQueueProcessor.<ProcessQueueAsync>d__10.MoveNext() en C:\AOCR\AOCR\AOCR05-01-2026\AOCR1\AOCR\CapaDatos\Services\EmailQueueService.cs:línea 332
2026-01-31 19:30:11.850 | ERROR | CID:N/A | ERR:EMAIL_QUEUE_ERROR | Error de configuración de base de datos.
    Exception: DataAccessException
    StackTrace:    en CapaDatos.Infrastructure.BaseDAO.ExecuteWithConnection[T](Func`2 action) en C:\AOCR\AOCR\AOCR05-01-2026\AOCR1\AOCR\CapaDatos\Infrastructure\BaseDAO.cs:línea 68
   en CapaDatos.Services.EmailQueueService.<ObtenerSiguienteAsync>d__5.MoveNext() en C:\AOCR\AOCR\AOCR05-01-2026\AOCR1\AOCR\CapaDatos\Services\EmailQueueService.cs:línea 136
--- Fin del seguimiento de la pila de la ubicación anterior donde se produjo la excepción ---
   en System.Runtime.ExceptionServices.ExceptionDispatchInfo.Throw()
   en System.Runtime.CompilerServices.TaskAwaiter.HandleNonSuccessAndDebuggerNotification(Task task)
   en System.Runtime.CompilerServices.TaskAwaiter`1.GetResult()
   en CapaDatos.Services.EmailQueueProcessor.<ProcessQueueAsync>d__10.MoveNext() en C:\AOCR\AOCR\AOCR05-01-2026\AOCR1\AOCR\CapaDatos\Services\EmailQueueService.cs:línea 332
2026-01-31 19:30:41.914 | ERROR | CID:N/A | ERR:EMAIL_QUEUE_ERROR | Error de configuración de base de datos.
    Exception: DataAccessException
    StackTrace:    en CapaDatos.Infrastructure.BaseDAO.ExecuteWithConnection[T](Func`2 action) en C:\AOCR\AOCR\AOCR05-01-2026\AOCR1\AOCR\CapaDatos\Infrastructure\BaseDAO.cs:línea 68
   en CapaDatos.Services.EmailQueueService.<ObtenerSiguienteAsync>d__5.MoveNext() en C:\AOCR\AOCR\AOCR05-01-2026\AOCR1\AOCR\CapaDatos\Services\EmailQueueService.cs:línea 136
--- Fin del seguimiento de la pila de la ubicación anterior donde se produjo la excepción ---
   en System.Runtime.ExceptionServices.ExceptionDispatchInfo.Throw()
   en System.Runtime.CompilerServices.TaskAwaiter.HandleNonSuccessAndDebuggerNotification(Task task)
   en System.Runtime.CompilerServices.TaskAwaiter`1.GetResult()
   en CapaDatos.Services.EmailQueueProcessor.<ProcessQueueAsync>d__10.MoveNext() en C:\AOCR\AOCR\AOCR05-01-2026\AOCR1\AOCR\CapaDatos\Services\EmailQueueService.cs:línea 332
2026-01-31 19:31:11.976 | ERROR | CID:N/A | ERR:EMAIL_QUEUE_ERROR | Error de configuración de base de datos.
    Exception: DataAccessException
    StackTrace:    en CapaDatos.Infrastructure.BaseDAO.ExecuteWithConnection[T](Func`2 action) en C:\AOCR\AOCR\AOCR05-01-2026\AOCR1\AOCR\CapaDatos\Infrastructure\BaseDAO.cs:línea 68
   en CapaDatos.Services.EmailQueueService.<ObtenerSiguienteAsync>d__5.MoveNext() en C:\AOCR\AOCR\AOCR05-01-2026\AOCR1\AOCR\CapaDatos\Services\EmailQueueService.cs:línea 136
--- Fin del seguimiento de la pila de la ubicación anterior donde se produjo la excepción ---
   en System.Runtime.ExceptionServices.ExceptionDispatchInfo.Throw()
   en System.Runtime.CompilerServices.TaskAwaiter.HandleNonSuccessAndDebuggerNotification(Task task)
   en System.Runtime.CompilerServices.TaskAwaiter`1.GetResult()
   en CapaDatos.Services.EmailQueueProcessor.<ProcessQueueAsync>d__10.MoveNext() en C:\AOCR\AOCR\AOCR05-01-2026\AOCR1\AOCR\CapaDatos\Services\EmailQueueService.cs:línea 332
2026-01-31 19:31:42.025 | ERROR | CID:N/A | ERR:EMAIL_QUEUE_ERROR | Error de configuración de base de datos.
    Exception: DataAccessException
    StackTrace:    en CapaDatos.Infrastructure.BaseDAO.ExecuteWithConnection[T](Func`2 action) en C:\AOCR\AOCR\AOCR05-01-2026\AOCR1\AOCR\CapaDatos\Infrastructure\BaseDAO.cs:línea 68
   en CapaDatos.Services.EmailQueueService.<ObtenerSiguienteAsync>d__5.MoveNext() en C:\AOCR\AOCR\AOCR05-01-2026\AOCR1\AOCR\CapaDatos\Services\EmailQueueService.cs:línea 136
--- Fin del seguimiento de la pila de la ubicación anterior donde se produjo la excepción ---
   en System.Runtime.ExceptionServices.ExceptionDispatchInfo.Throw()
   en System.Runtime.CompilerServices.TaskAwaiter.HandleNonSuccessAndDebuggerNotification(Task task)
   en System.Runtime.CompilerServices.TaskAwaiter`1.GetResult()
   en CapaDatos.Services.EmailQueueProcessor.<ProcessQueueAsync>d__10.MoveNext() en C:\AOCR\AOCR\AOCR05-01-2026\AOCR1\AOCR\CapaDatos\Services\EmailQueueService.cs:línea 332
2026-01-31 19:32:00.383 | INFO  | CID:fab894b942a3 | USR:USU_ADMIN | OrdenRecaudacion/Nueva | Iniciando acción: OrdenRecaudacion/Nueva
2026-01-31 19:32:01.188 | INFO  | CID:fab894b942a3 | USR:USU_ADMIN | OrdenRecaudacion/Nueva | Acción completada: OrdenRecaudacion/Nueva
2026-01-31 19:32:12.094 | ERROR | CID:N/A | ERR:EMAIL_QUEUE_ERROR | Error de configuración de base de datos.
    Exception: DataAccessException
    StackTrace:    en CapaDatos.Infrastructure.BaseDAO.ExecuteWithConnection[T](Func`2 action) en C:\AOCR\AOCR\AOCR05-01-2026\AOCR1\AOCR\CapaDatos\Infrastructure\BaseDAO.cs:línea 68
   en CapaDatos.Services.EmailQueueService.<ObtenerSiguienteAsync>d__5.MoveNext() en C:\AOCR\AOCR\AOCR05-01-2026\AOCR1\AOCR\CapaDatos\Services\EmailQueueService.cs:línea 136
--- Fin del seguimiento de la pila de la ubicación anterior donde se produjo la excepción ---
   en System.Runtime.ExceptionServices.ExceptionDispatchInfo.Throw()
   en System.Runtime.CompilerServices.TaskAwaiter.HandleNonSuccessAndDebuggerNotification(Task task)
   en System.Runtime.CompilerServices.TaskAwaiter`1.GetResult()
   en CapaDatos.Services.EmailQueueProcessor.<ProcessQueueAsync>d__10.MoveNext() en C:\AOCR\AOCR\AOCR05-01-2026\AOCR1\AOCR\CapaDatos\Services\EmailQueueService.cs:línea 332
2026-01-31 19:32:42.147 | ERROR | CID:N/A | ERR:EMAIL_QUEUE_ERROR | Error de configuración de base de datos.
    Exception: DataAccessException
    StackTrace:    en CapaDatos.Infrastructure.BaseDAO.ExecuteWithConnection[T](Func`2 action) en C:\AOCR\AOCR\AOCR05-01-2026\AOCR1\AOCR\CapaDatos\Infrastructure\BaseDAO.cs:línea 68
   en CapaDatos.Services.EmailQueueService.<ObtenerSiguienteAsync>d__5.MoveNext() en C:\AOCR\AOCR\AOCR05-01-2026\AOCR1\AOCR\CapaDatos\Services\EmailQueueService.cs:línea 136
--- Fin del seguimiento de la pila de la ubicación anterior donde se produjo la excepción ---
   en System.Runtime.ExceptionServices.ExceptionDispatchInfo.Throw()
   en System.Runtime.CompilerServices.TaskAwaiter.HandleNonSuccessAndDebuggerNotification(Task task)
   en System.Runtime.CompilerServices.TaskAwaiter`1.GetResult()
   en CapaDatos.Services.EmailQueueProcessor.<ProcessQueueAsync>d__10.MoveNext() en C:\AOCR\AOCR\AOCR05-01-2026\AOCR1\AOCR\CapaDatos\Services\EmailQueueService.cs:línea 332
2026-01-31 19:33:12.199 | ERROR | CID:N/A | ERR:EMAIL_QUEUE_ERROR | Error de configuración de base de datos.
    Exception: DataAccessException
    StackTrace:    en CapaDatos.Infrastructure.BaseDAO.ExecuteWithConnection[T](Func`2 action) en C:\AOCR\AOCR\AOCR05-01-2026\AOCR1\AOCR\CapaDatos\Infrastructure\BaseDAO.cs:línea 68
   en CapaDatos.Services.EmailQueueService.<ObtenerSiguienteAsync>d__5.MoveNext() en C:\AOCR\AOCR\AOCR05-01-2026\AOCR1\AOCR\CapaDatos\Services\EmailQueueService.cs:línea 136
--- Fin del seguimiento de la pila de la ubicación anterior donde se produjo la excepción ---
   en System.Runtime.ExceptionServices.ExceptionDispatchInfo.Throw()
   en System.Runtime.CompilerServices.TaskAwaiter.HandleNonSuccessAndDebuggerNotification(Task task)
   en System.Runtime.CompilerServices.TaskAwaiter`1.GetResult()
   en CapaDatos.Services.EmailQueueProcessor.<ProcessQueueAsync>d__10.MoveNext() en C:\AOCR\AOCR\AOCR05-01-2026\AOCR1\AOCR\CapaDatos\Services\EmailQueueService.cs:línea 332
2026-01-31 19:33:15.912 | INFO  | CID:936d4aa01800 | USR:USU_ADMIN | OrdenRecaudacion/Nueva | Iniciando acción: OrdenRecaudacion/Nueva
2026-01-31 19:33:16.522 | INFO  | CID:936d4aa01800 | USR:USU_ADMIN | OrdenRecaudacion/Nueva | Acción completada: OrdenRecaudacion/Nueva
2026-01-31 19:33:42.268 | ERROR | CID:N/A | ERR:EMAIL_QUEUE_ERROR | Error de configuración de base de datos.
    Exception: DataAccessException
    StackTrace:    en CapaDatos.Infrastructure.BaseDAO.ExecuteWithConnection[T](Func`2 action) en C:\AOCR\AOCR\AOCR05-01-2026\AOCR1\AOCR\CapaDatos\Infrastructure\BaseDAO.cs:línea 68
   en CapaDatos.Services.EmailQueueService.<ObtenerSiguienteAsync>d__5.MoveNext() en C:\AOCR\AOCR\AOCR05-01-2026\AOCR1\AOCR\CapaDatos\Services\EmailQueueService.cs:línea 136
--- Fin del seguimiento de la pila de la ubicación anterior donde se produjo la excepción ---
   en System.Runtime.ExceptionServices.ExceptionDispatchInfo.Throw()
   en System.Runtime.CompilerServices.TaskAwaiter.HandleNonSuccessAndDebuggerNotification(Task task)
   en System.Runtime.CompilerServices.TaskAwaiter`1.GetResult()
   en CapaDatos.Services.EmailQueueProcessor.<ProcessQueueAsync>d__10.MoveNext() en C:\AOCR\AOCR\AOCR05-01-2026\AOCR1\AOCR\CapaDatos\Services\EmailQueueService.cs:línea 332
2026-01-31 19:42:48.779 | INFO  | CID:N/A | Iniciando procesador de cola de correos
2026-01-31 19:42:49.329 | ERROR | CID:N/A | ERR:EMAIL_QUEUE_ERROR | Error de configuración de base de datos.
    Exception: DataAccessException
    StackTrace:    en CapaDatos.Infrastructure.BaseDAO.ExecuteWithConnection[T](Func`2 action) en C:\AOCR\AOCR\AOCR05-01-2026\AOCR1\AOCR\CapaDatos\Infrastructure\BaseDAO.cs:línea 68
   en CapaDatos.Services.EmailQueueService.<ObtenerSiguienteAsync>d__5.MoveNext() en C:\AOCR\AOCR\AOCR05-01-2026\AOCR1\AOCR\CapaDatos\Services\EmailQueueService.cs:línea 136
--- Fin del seguimiento de la pila de la ubicación anterior donde se produjo la excepción ---
   en System.Runtime.ExceptionServices.ExceptionDispatchInfo.Throw()
   en System.Runtime.CompilerServices.TaskAwaiter.HandleNonSuccessAndDebuggerNotification(Task task)
   en System.Runtime.CompilerServices.TaskAwaiter`1.GetResult()
   en CapaDatos.Services.EmailQueueProcessor.<ProcessQueueAsync>d__10.MoveNext() en C:\AOCR\AOCR\AOCR05-01-2026\AOCR1\AOCR\CapaDatos\Services\EmailQueueService.cs:línea 332
2026-01-31 19:42:58.898 | INFO  | CID:b424097edf31 | Account/Login | Iniciando acción: Account/Login
2026-01-31 19:42:59.450 | INFO  | CID:b424097edf31 | Account/Login | Acción completada: Account/Login
2026-01-31 19:43:19.400 | ERROR | CID:N/A | ERR:EMAIL_QUEUE_ERROR | Error de configuración de base de datos.
    Exception: DataAccessException
    StackTrace:    en CapaDatos.Infrastructure.BaseDAO.ExecuteWithConnection[T](Func`2 action) en C:\AOCR\AOCR\AOCR05-01-2026\AOCR1\AOCR\CapaDatos\Infrastructure\BaseDAO.cs:línea 68
   en CapaDatos.Services.EmailQueueService.<ObtenerSiguienteAsync>d__5.MoveNext() en C:\AOCR\AOCR\AOCR05-01-2026\AOCR1\AOCR\CapaDatos\Services\EmailQueueService.cs:línea 136
--- Fin del seguimiento de la pila de la ubicación anterior donde se produjo la excepción ---
   en System.Runtime.ExceptionServices.ExceptionDispatchInfo.Throw()
   en System.Runtime.CompilerServices.TaskAwaiter.HandleNonSuccessAndDebuggerNotification(Task task)
   en System.Runtime.CompilerServices.TaskAwaiter`1.GetResult()
   en CapaDatos.Services.EmailQueueProcessor.<ProcessQueueAsync>d__10.MoveNext() en C:\AOCR\AOCR\AOCR05-01-2026\AOCR1\AOCR\CapaDatos\Services\EmailQueueService.cs:línea 332
2026-01-31 19:43:24.486 | ERROR | CID:70e64eb550e8 | USR:USU_ADMIN | OrdenRecaudacion/Nueva | ERR:BAD_REQUEST | El elemento de modelo pasado al diccionario es de tipo 'CapaDatos.Entidades.OrdenRecaudacion', pero este diccionario requiere un elemento de modelo de tipo 'CapaPresentacion.Models.OrdenRecaudacionNuevaVM'.
    Exception: InvalidOperationException
    StackTrace:    en System.Web.Mvc.ViewDataDictionary`1.SetModel(Object value)
   en System.Web.Mvc.ViewDataDictionary..ctor(ViewDataDictionary dictionary)
   en System.Web.Mvc.WebViewPage`1.SetViewData(ViewDataDictionary viewData)
   en System.Web.Mvc.RazorView.RenderView(ViewContext viewContext, TextWriter writer, Object instance)
   en System.Web.Mvc.ViewResultBase.ExecuteResult(ControllerContext context)
   en System.Web.Mvc.ControllerActionInvoker.InvokeActionResultFilterRecursive(IList`1 filters, Int32 filterIndex, ResultExecutingContext preContext, ControllerContext controllerContext, ActionResult actionResult)
   en System.Web.Mvc.ControllerActionInvoker.InvokeActionResultFilterRecursive(IList`1 filters, Int32 filterIndex, ResultExecutingContext preContext, ControllerContext controllerContext, ActionResult actionResult)
   en System.Web.Mvc.ControllerActionInvoker.InvokeActionResultFilterRecursive(IList`1 filters, Int32 filterIndex, ResultExecutingContext preContext, ControllerContext controllerContext, ActionResult actionResult)
   en System.Web.Mvc.ControllerActionInvoker.InvokeActionResultFilterRecursive(IList`1 filters, Int32 filterIndex, ResultExecutingContext preContext, ControllerContext controllerContext, ActionResult actionResult)
   en System.Web.Mvc.ControllerActionInvoker.InvokeActionResultWithFilters(ControllerContext controllerContext, IList`1 filters, ActionResult actionResult)
   en System.Web.Mvc.Async.AsyncControllerActionInvoker.<>c__DisplayClass3_1.<BeginInvokeAction>b__1(IAsyncResult asyncResult)
2026-01-31 19:43:49.444 | ERROR | CID:N/A | ERR:EMAIL_QUEUE_ERROR | Error de configuración de base de datos.
    Exception: DataAccessException
    StackTrace:    en CapaDatos.Infrastructure.BaseDAO.ExecuteWithConnection[T](Func`2 action) en C:\AOCR\AOCR\AOCR05-01-2026\AOCR1\AOCR\CapaDatos\Infrastructure\BaseDAO.cs:línea 68
   en CapaDatos.Services.EmailQueueService.<ObtenerSiguienteAsync>d__5.MoveNext() en C:\AOCR\AOCR\AOCR05-01-2026\AOCR1\AOCR\CapaDatos\Services\EmailQueueService.cs:línea 136
--- Fin del seguimiento de la pila de la ubicación anterior donde se produjo la excepción ---
   en System.Runtime.ExceptionServices.ExceptionDispatchInfo.Throw()
   en System.Runtime.CompilerServices.TaskAwaiter.HandleNonSuccessAndDebuggerNotification(Task task)
   en System.Runtime.CompilerServices.TaskAwaiter`1.GetResult()
   en CapaDatos.Services.EmailQueueProcessor.<ProcessQueueAsync>d__10.MoveNext() en C:\AOCR\AOCR\AOCR05-01-2026\AOCR1\AOCR\CapaDatos\Services\EmailQueueService.cs:línea 332
2026-01-31 19:44:19.510 | ERROR | CID:N/A | ERR:EMAIL_QUEUE_ERROR | Error de configuración de base de datos.
    Exception: DataAccessException
    StackTrace:    en CapaDatos.Infrastructure.BaseDAO.ExecuteWithConnection[T](Func`2 action) en C:\AOCR\AOCR\AOCR05-01-2026\AOCR1\AOCR\CapaDatos\Infrastructure\BaseDAO.cs:línea 68
   en CapaDatos.Services.EmailQueueService.<ObtenerSiguienteAsync>d__5.MoveNext() en C:\AOCR\AOCR\AOCR05-01-2026\AOCR1\AOCR\CapaDatos\Services\EmailQueueService.cs:línea 136
--- Fin del seguimiento de la pila de la ubicación anterior donde se produjo la excepción ---
   en System.Runtime.ExceptionServices.ExceptionDispatchInfo.Throw()
   en System.Runtime.CompilerServices.TaskAwaiter.HandleNonSuccessAndDebuggerNotification(Task task)
   en System.Runtime.CompilerServices.TaskAwaiter`1.GetResult()
   en CapaDatos.Services.EmailQueueProcessor.<ProcessQueueAsync>d__10.MoveNext() en C:\AOCR\AOCR\AOCR05-01-2026\AOCR1\AOCR\CapaDatos\Services\EmailQueueService.cs:línea 332
2026-01-31 19:44:49.570 | ERROR | CID:N/A | ERR:EMAIL_QUEUE_ERROR | Error de configuración de base de datos.
    Exception: DataAccessException
    StackTrace:    en CapaDatos.Infrastructure.BaseDAO.ExecuteWithConnection[T](Func`2 action) en C:\AOCR\AOCR\AOCR05-01-2026\AOCR1\AOCR\CapaDatos\Infrastructure\BaseDAO.cs:línea 68
   en CapaDatos.Services.EmailQueueService.<ObtenerSiguienteAsync>d__5.MoveNext() en C:\AOCR\AOCR\AOCR05-01-2026\AOCR1\AOCR\CapaDatos\Services\EmailQueueService.cs:línea 136
--- Fin del seguimiento de la pila de la ubicación anterior donde se produjo la excepción ---
   en System.Runtime.ExceptionServices.ExceptionDispatchInfo.Throw()
   en System.Runtime.CompilerServices.TaskAwaiter.HandleNonSuccessAndDebuggerNotification(Task task)
   en System.Runtime.CompilerServices.TaskAwaiter`1.GetResult()
   en CapaDatos.Services.EmailQueueProcessor.<ProcessQueueAsync>d__10.MoveNext() en C:\AOCR\AOCR\AOCR05-01-2026\AOCR1\AOCR\CapaDatos\Services\EmailQueueService.cs:línea 332
2026-01-31 19:45:19.625 | ERROR | CID:N/A | ERR:EMAIL_QUEUE_ERROR | Error de configuración de base de datos.
    Exception: DataAccessException
    StackTrace:    en CapaDatos.Infrastructure.BaseDAO.ExecuteWithConnection[T](Func`2 action) en C:\AOCR\AOCR\AOCR05-01-2026\AOCR1\AOCR\CapaDatos\Infrastructure\BaseDAO.cs:línea 68
   en CapaDatos.Services.EmailQueueService.<ObtenerSiguienteAsync>d__5.MoveNext() en C:\AOCR\AOCR\AOCR05-01-2026\AOCR1\AOCR\CapaDatos\Services\EmailQueueService.cs:línea 136
--- Fin del seguimiento de la pila de la ubicación anterior donde se produjo la excepción ---
   en System.Runtime.ExceptionServices.ExceptionDispatchInfo.Throw()
   en System.Runtime.CompilerServices.TaskAwaiter.HandleNonSuccessAndDebuggerNotification(Task task)
   en System.Runtime.CompilerServices.TaskAwaiter`1.GetResult()
   en CapaDatos.Services.EmailQueueProcessor.<ProcessQueueAsync>d__10.MoveNext() en C:\AOCR\AOCR\AOCR05-01-2026\AOCR1\AOCR\CapaDatos\Services\EmailQueueService.cs:línea 332
2026-01-31 19:45:49.684 | ERROR | CID:N/A | ERR:EMAIL_QUEUE_ERROR | Error de configuración de base de datos.
    Exception: DataAccessException
    StackTrace:    en CapaDatos.Infrastructure.BaseDAO.ExecuteWithConnection[T](Func`2 action) en C:\AOCR\AOCR\AOCR05-01-2026\AOCR1\AOCR\CapaDatos\Infrastructure\BaseDAO.cs:línea 68
   en CapaDatos.Services.EmailQueueService.<ObtenerSiguienteAsync>d__5.MoveNext() en C:\AOCR\AOCR\AOCR05-01-2026\AOCR1\AOCR\CapaDatos\Services\EmailQueueService.cs:línea 136
--- Fin del seguimiento de la pila de la ubicación anterior donde se produjo la excepción ---
   en System.Runtime.ExceptionServices.ExceptionDispatchInfo.Throw()
   en System.Runtime.CompilerServices.TaskAwaiter.HandleNonSuccessAndDebuggerNotification(Task task)
   en System.Runtime.CompilerServices.TaskAwaiter`1.GetResult()
   en CapaDatos.Services.EmailQueueProcessor.<ProcessQueueAsync>d__10.MoveNext() en C:\AOCR\AOCR\AOCR05-01-2026\AOCR1\AOCR\CapaDatos\Services\EmailQueueService.cs:línea 332
2026-01-31 19:46:19.737 | ERROR | CID:N/A | ERR:EMAIL_QUEUE_ERROR | Error de configuración de base de datos.
    Exception: DataAccessException
    StackTrace:    en CapaDatos.Infrastructure.BaseDAO.ExecuteWithConnection[T](Func`2 action) en C:\AOCR\AOCR\AOCR05-01-2026\AOCR1\AOCR\CapaDatos\Infrastructure\BaseDAO.cs:línea 68
   en CapaDatos.Services.EmailQueueService.<ObtenerSiguienteAsync>d__5.MoveNext() en C:\AOCR\AOCR\AOCR05-01-2026\AOCR1\AOCR\CapaDatos\Services\EmailQueueService.cs:línea 136
--- Fin del seguimiento de la pila de la ubicación anterior donde se produjo la excepción ---
   en System.Runtime.ExceptionServices.ExceptionDispatchInfo.Throw()
   en System.Runtime.CompilerServices.TaskAwaiter.HandleNonSuccessAndDebuggerNotification(Task task)
   en System.Runtime.CompilerServices.TaskAwaiter`1.GetResult()
   en CapaDatos.Services.EmailQueueProcessor.<ProcessQueueAsync>d__10.MoveNext() en C:\AOCR\AOCR\AOCR05-01-2026\AOCR1\AOCR\CapaDatos\Services\EmailQueueService.cs:línea 332
2026-01-31 19:46:49.788 | ERROR | CID:N/A | ERR:EMAIL_QUEUE_ERROR | Error de configuración de base de datos.
    Exception: DataAccessException
    StackTrace:    en CapaDatos.Infrastructure.BaseDAO.ExecuteWithConnection[T](Func`2 action) en C:\AOCR\AOCR\AOCR05-01-2026\AOCR1\AOCR\CapaDatos\Infrastructure\BaseDAO.cs:línea 68
   en CapaDatos.Services.EmailQueueService.<ObtenerSiguienteAsync>d__5.MoveNext() en C:\AOCR\AOCR\AOCR05-01-2026\AOCR1\AOCR\CapaDatos\Services\EmailQueueService.cs:línea 136
--- Fin del seguimiento de la pila de la ubicación anterior donde se produjo la excepción ---
   en System.Runtime.ExceptionServices.ExceptionDispatchInfo.Throw()
   en System.Runtime.CompilerServices.TaskAwaiter.HandleNonSuccessAndDebuggerNotification(Task task)
   en System.Runtime.CompilerServices.TaskAwaiter`1.GetResult()
   en CapaDatos.Services.EmailQueueProcessor.<ProcessQueueAsync>d__10.MoveNext() en C:\AOCR\AOCR\AOCR05-01-2026\AOCR1\AOCR\CapaDatos\Services\EmailQueueService.cs:línea 332
2026-01-31 19:47:19.838 | ERROR | CID:N/A | ERR:EMAIL_QUEUE_ERROR | Error de configuración de base de datos.
    Exception: DataAccessException
    StackTrace:    en CapaDatos.Infrastructure.BaseDAO.ExecuteWithConnection[T](Func`2 action) en C:\AOCR\AOCR\AOCR05-01-2026\AOCR1\AOCR\CapaDatos\Infrastructure\BaseDAO.cs:línea 68
   en CapaDatos.Services.EmailQueueService.<ObtenerSiguienteAsync>d__5.MoveNext() en C:\AOCR\AOCR\AOCR05-01-2026\AOCR1\AOCR\CapaDatos\Services\EmailQueueService.cs:línea 136
--- Fin del seguimiento de la pila de la ubicación anterior donde se produjo la excepción ---
   en System.Runtime.ExceptionServices.ExceptionDispatchInfo.Throw()
   en System.Runtime.CompilerServices.TaskAwaiter.HandleNonSuccessAndDebuggerNotification(Task task)
   en System.Runtime.CompilerServices.TaskAwaiter`1.GetResult()
   en CapaDatos.Services.EmailQueueProcessor.<ProcessQueueAsync>d__10.MoveNext() en C:\AOCR\AOCR\AOCR05-01-2026\AOCR1\AOCR\CapaDatos\Services\EmailQueueService.cs:línea 332
2026-01-31 19:47:49.894 | ERROR | CID:N/A | ERR:EMAIL_QUEUE_ERROR | Error de configuración de base de datos.
    Exception: DataAccessException
    StackTrace:    en CapaDatos.Infrastructure.BaseDAO.ExecuteWithConnection[T](Func`2 action) en C:\AOCR\AOCR\AOCR05-01-2026\AOCR1\AOCR\CapaDatos\Infrastructure\BaseDAO.cs:línea 68
   en CapaDatos.Services.EmailQueueService.<ObtenerSiguienteAsync>d__5.MoveNext() en C:\AOCR\AOCR\AOCR05-01-2026\AOCR1\AOCR\CapaDatos\Services\EmailQueueService.cs:línea 136
--- Fin del seguimiento de la pila de la ubicación anterior donde se produjo la excepción ---
   en System.Runtime.ExceptionServices.ExceptionDispatchInfo.Throw()
   en System.Runtime.CompilerServices.TaskAwaiter.HandleNonSuccessAndDebuggerNotification(Task task)
   en System.Runtime.CompilerServices.TaskAwaiter`1.GetResult()
   en CapaDatos.Services.EmailQueueProcessor.<ProcessQueueAsync>d__10.MoveNext() en C:\AOCR\AOCR\AOCR05-01-2026\AOCR1\AOCR\CapaDatos\Services\EmailQueueService.cs:línea 332
2026-01-31 19:48:19.951 | ERROR | CID:N/A | ERR:EMAIL_QUEUE_ERROR | Error de configuración de base de datos.
    Exception: DataAccessException
    StackTrace:    en CapaDatos.Infrastructure.BaseDAO.ExecuteWithConnection[T](Func`2 action) en C:\AOCR\AOCR\AOCR05-01-2026\AOCR1\AOCR\CapaDatos\Infrastructure\BaseDAO.cs:línea 68
   en CapaDatos.Services.EmailQueueService.<ObtenerSiguienteAsync>d__5.MoveNext() en C:\AOCR\AOCR\AOCR05-01-2026\AOCR1\AOCR\CapaDatos\Services\EmailQueueService.cs:línea 136
--- Fin del seguimiento de la pila de la ubicación anterior donde se produjo la excepción ---
   en System.Runtime.ExceptionServices.ExceptionDispatchInfo.Throw()
   en System.Runtime.CompilerServices.TaskAwaiter.HandleNonSuccessAndDebuggerNotification(Task task)
   en System.Runtime.CompilerServices.TaskAwaiter`1.GetResult()
   en CapaDatos.Services.EmailQueueProcessor.<ProcessQueueAsync>d__10.MoveNext() en C:\AOCR\AOCR\AOCR05-01-2026\AOCR1\AOCR\CapaDatos\Services\EmailQueueService.cs:línea 332
2026-01-31 19:48:50.000 | ERROR | CID:N/A | ERR:EMAIL_QUEUE_ERROR | Error de configuración de base de datos.
    Exception: DataAccessException
    StackTrace:    en CapaDatos.Infrastructure.BaseDAO.ExecuteWithConnection[T](Func`2 action) en C:\AOCR\AOCR\AOCR05-01-2026\AOCR1\AOCR\CapaDatos\Infrastructure\BaseDAO.cs:línea 68
   en CapaDatos.Services.EmailQueueService.<ObtenerSiguienteAsync>d__5.MoveNext() en C:\AOCR\AOCR\AOCR05-01-2026\AOCR1\AOCR\CapaDatos\Services\EmailQueueService.cs:línea 136
--- Fin del seguimiento de la pila de la ubicación anterior donde se produjo la excepción ---
   en System.Runtime.ExceptionServices.ExceptionDispatchInfo.Throw()
   en System.Runtime.CompilerServices.TaskAwaiter.HandleNonSuccessAndDebuggerNotification(Task task)
   en System.Runtime.CompilerServices.TaskAwaiter`1.GetResult()
   en CapaDatos.Services.EmailQueueProcessor.<ProcessQueueAsync>d__10.MoveNext() en C:\AOCR\AOCR\AOCR05-01-2026\AOCR1\AOCR\CapaDatos\Services\EmailQueueService.cs:línea 332
2026-01-31 19:49:20.055 | ERROR | CID:N/A | ERR:EMAIL_QUEUE_ERROR | Error de configuración de base de datos.
    Exception: DataAccessException
    StackTrace:    en CapaDatos.Infrastructure.BaseDAO.ExecuteWithConnection[T](Func`2 action) en C:\AOCR\AOCR\AOCR05-01-2026\AOCR1\AOCR\CapaDatos\Infrastructure\BaseDAO.cs:línea 68
   en CapaDatos.Services.EmailQueueService.<ObtenerSiguienteAsync>d__5.MoveNext() en C:\AOCR\AOCR\AOCR05-01-2026\AOCR1\AOCR\CapaDatos\Services\EmailQueueService.cs:línea 136
--- Fin del seguimiento de la pila de la ubicación anterior donde se produjo la excepción ---
   en System.Runtime.ExceptionServices.ExceptionDispatchInfo.Throw()
   en System.Runtime.CompilerServices.TaskAwaiter.HandleNonSuccessAndDebuggerNotification(Task task)
   en System.Runtime.CompilerServices.TaskAwaiter`1.GetResult()
   en CapaDatos.Services.EmailQueueProcessor.<ProcessQueueAsync>d__10.MoveNext() en C:\AOCR\AOCR\AOCR05-01-2026\AOCR1\AOCR\CapaDatos\Services\EmailQueueService.cs:línea 332
2026-01-31 19:49:50.112 | ERROR | CID:N/A | ERR:EMAIL_QUEUE_ERROR | Error de configuración de base de datos.
    Exception: DataAccessException
    StackTrace:    en CapaDatos.Infrastructure.BaseDAO.ExecuteWithConnection[T](Func`2 action) en C:\AOCR\AOCR\AOCR05-01-2026\AOCR1\AOCR\CapaDatos\Infrastructure\BaseDAO.cs:línea 68
   en CapaDatos.Services.EmailQueueService.<ObtenerSiguienteAsync>d__5.MoveNext() en C:\AOCR\AOCR\AOCR05-01-2026\AOCR1\AOCR\CapaDatos\Services\EmailQueueService.cs:línea 136
--- Fin del seguimiento de la pila de la ubicación anterior donde se produjo la excepción ---
   en System.Runtime.ExceptionServices.ExceptionDispatchInfo.Throw()
   en System.Runtime.CompilerServices.TaskAwaiter.HandleNonSuccessAndDebuggerNotification(Task task)
   en System.Runtime.CompilerServices.TaskAwaiter`1.GetResult()
   en CapaDatos.Services.EmailQueueProcessor.<ProcessQueueAsync>d__10.MoveNext() en C:\AOCR\AOCR\AOCR05-01-2026\AOCR1\AOCR\CapaDatos\Services\EmailQueueService.cs:línea 332
2026-01-31 19:50:20.170 | ERROR | CID:N/A | ERR:EMAIL_QUEUE_ERROR | Error de configuración de base de datos.
    Exception: DataAccessException
    StackTrace:    en CapaDatos.Infrastructure.BaseDAO.ExecuteWithConnection[T](Func`2 action) en C:\AOCR\AOCR\AOCR05-01-2026\AOCR1\AOCR\CapaDatos\Infrastructure\BaseDAO.cs:línea 68
   en CapaDatos.Services.EmailQueueService.<ObtenerSiguienteAsync>d__5.MoveNext() en C:\AOCR\AOCR\AOCR05-01-2026\AOCR1\AOCR\CapaDatos\Services\EmailQueueService.cs:línea 136
--- Fin del seguimiento de la pila de la ubicación anterior donde se produjo la excepción ---
   en System.Runtime.ExceptionServices.ExceptionDispatchInfo.Throw()
   en System.Runtime.CompilerServices.TaskAwaiter.HandleNonSuccessAndDebuggerNotification(Task task)
   en System.Runtime.CompilerServices.TaskAwaiter`1.GetResult()
   en CapaDatos.Services.EmailQueueProcessor.<ProcessQueueAsync>d__10.MoveNext() en C:\AOCR\AOCR\AOCR05-01-2026\AOCR1\AOCR\CapaDatos\Services\EmailQueueService.cs:línea 332
2026-01-31 19:50:50.229 | ERROR | CID:N/A | ERR:EMAIL_QUEUE_ERROR | Error de configuración de base de datos.
    Exception: DataAccessException
    StackTrace:    en CapaDatos.Infrastructure.BaseDAO.ExecuteWithConnection[T](Func`2 action) en C:\AOCR\AOCR\AOCR05-01-2026\AOCR1\AOCR\CapaDatos\Infrastructure\BaseDAO.cs:línea 68
   en CapaDatos.Services.EmailQueueService.<ObtenerSiguienteAsync>d__5.MoveNext() en C:\AOCR\AOCR\AOCR05-01-2026\AOCR1\AOCR\CapaDatos\Services\EmailQueueService.cs:línea 136
--- Fin del seguimiento de la pila de la ubicación anterior donde se produjo la excepción ---
   en System.Runtime.ExceptionServices.ExceptionDispatchInfo.Throw()
   en System.Runtime.CompilerServices.TaskAwaiter.HandleNonSuccessAndDebuggerNotification(Task task)
   en System.Runtime.CompilerServices.TaskAwaiter`1.GetResult()
   en CapaDatos.Services.EmailQueueProcessor.<ProcessQueueAsync>d__10.MoveNext() en C:\AOCR\AOCR\AOCR05-01-2026\AOCR1\AOCR\CapaDatos\Services\EmailQueueService.cs:línea 332
2026-01-31 19:51:20.279 | ERROR | CID:N/A | ERR:EMAIL_QUEUE_ERROR | Error de configuración de base de datos.
    Exception: DataAccessException
    StackTrace:    en CapaDatos.Infrastructure.BaseDAO.ExecuteWithConnection[T](Func`2 action) en C:\AOCR\AOCR\AOCR05-01-2026\AOCR1\AOCR\CapaDatos\Infrastructure\BaseDAO.cs:línea 68
   en CapaDatos.Services.EmailQueueService.<ObtenerSiguienteAsync>d__5.MoveNext() en C:\AOCR\AOCR\AOCR05-01-2026\AOCR1\AOCR\CapaDatos\Services\EmailQueueService.cs:línea 136
--- Fin del seguimiento de la pila de la ubicación anterior donde se produjo la excepción ---
   en System.Runtime.ExceptionServices.ExceptionDispatchInfo.Throw()
   en System.Runtime.CompilerServices.TaskAwaiter.HandleNonSuccessAndDebuggerNotification(Task task)
   en System.Runtime.CompilerServices.TaskAwaiter`1.GetResult()
   en CapaDatos.Services.EmailQueueProcessor.<ProcessQueueAsync>d__10.MoveNext() en C:\AOCR\AOCR\AOCR05-01-2026\AOCR1\AOCR\CapaDatos\Services\EmailQueueService.cs:línea 332
2026-01-31 19:51:50.344 | ERROR | CID:N/A | ERR:EMAIL_QUEUE_ERROR | Error de configuración de base de datos.
    Exception: DataAccessException
    StackTrace:    en CapaDatos.Infrastructure.BaseDAO.ExecuteWithConnection[T](Func`2 action) en C:\AOCR\AOCR\AOCR05-01-2026\AOCR1\AOCR\CapaDatos\Infrastructure\BaseDAO.cs:línea 68
   en CapaDatos.Services.EmailQueueService.<ObtenerSiguienteAsync>d__5.MoveNext() en C:\AOCR\AOCR\AOCR05-01-2026\AOCR1\AOCR\CapaDatos\Services\EmailQueueService.cs:línea 136
--- Fin del seguimiento de la pila de la ubicación anterior donde se produjo la excepción ---
   en System.Runtime.ExceptionServices.ExceptionDispatchInfo.Throw()
   en System.Runtime.CompilerServices.TaskAwaiter.HandleNonSuccessAndDebuggerNotification(Task task)
   en System.Runtime.CompilerServices.TaskAwaiter`1.GetResult()
   en CapaDatos.Services.EmailQueueProcessor.<ProcessQueueAsync>d__10.MoveNext() en C:\AOCR\AOCR\AOCR05-01-2026\AOCR1\AOCR\CapaDatos\Services\EmailQueueService.cs:línea 332
2026-01-31 19:52:20.396 | ERROR | CID:N/A | ERR:EMAIL_QUEUE_ERROR | Error de configuración de base de datos.
    Exception: DataAccessException
    StackTrace:    en CapaDatos.Infrastructure.BaseDAO.ExecuteWithConnection[T](Func`2 action) en C:\AOCR\AOCR\AOCR05-01-2026\AOCR1\AOCR\CapaDatos\Infrastructure\BaseDAO.cs:línea 68
   en CapaDatos.Services.EmailQueueService.<ObtenerSiguienteAsync>d__5.MoveNext() en C:\AOCR\AOCR\AOCR05-01-2026\AOCR1\AOCR\CapaDatos\Services\EmailQueueService.cs:línea 136
--- Fin del seguimiento de la pila de la ubicación anterior donde se produjo la excepción ---
   en System.Runtime.ExceptionServices.ExceptionDispatchInfo.Throw()
   en System.Runtime.CompilerServices.TaskAwaiter.HandleNonSuccessAndDebuggerNotification(Task task)
   en System.Runtime.CompilerServices.TaskAwaiter`1.GetResult()
   en CapaDatos.Services.EmailQueueProcessor.<ProcessQueueAsync>d__10.MoveNext() en C:\AOCR\AOCR\AOCR05-01-2026\AOCR1\AOCR\CapaDatos\Services\EmailQueueService.cs:línea 332
2026-01-31 19:52:50.459 | ERROR | CID:N/A | ERR:EMAIL_QUEUE_ERROR | Error de configuración de base de datos.
    Exception: DataAccessException
    StackTrace:    en CapaDatos.Infrastructure.BaseDAO.ExecuteWithConnection[T](Func`2 action) en C:\AOCR\AOCR\AOCR05-01-2026\AOCR1\AOCR\CapaDatos\Infrastructure\BaseDAO.cs:línea 68
   en CapaDatos.Services.EmailQueueService.<ObtenerSiguienteAsync>d__5.MoveNext() en C:\AOCR\AOCR\AOCR05-01-2026\AOCR1\AOCR\CapaDatos\Services\EmailQueueService.cs:línea 136
--- Fin del seguimiento de la pila de la ubicación anterior donde se produjo la excepción ---
   en System.Runtime.ExceptionServices.ExceptionDispatchInfo.Throw()
   en System.Runtime.CompilerServices.TaskAwaiter.HandleNonSuccessAndDebuggerNotification(Task task)
   en System.Runtime.CompilerServices.TaskAwaiter`1.GetResult()
   en CapaDatos.Services.EmailQueueProcessor.<ProcessQueueAsync>d__10.MoveNext() en C:\AOCR\AOCR\AOCR05-01-2026\AOCR1\AOCR\CapaDatos\Services\EmailQueueService.cs:línea 332
2026-01-31 19:53:20.516 | ERROR | CID:N/A | ERR:EMAIL_QUEUE_ERROR | Error de configuración de base de datos.
    Exception: DataAccessException
    StackTrace:    en CapaDatos.Infrastructure.BaseDAO.ExecuteWithConnection[T](Func`2 action) en C:\AOCR\AOCR\AOCR05-01-2026\AOCR1\AOCR\CapaDatos\Infrastructure\BaseDAO.cs:línea 68
   en CapaDatos.Services.EmailQueueService.<ObtenerSiguienteAsync>d__5.MoveNext() en C:\AOCR\AOCR\AOCR05-01-2026\AOCR1\AOCR\CapaDatos\Services\EmailQueueService.cs:línea 136
--- Fin del seguimiento de la pila de la ubicación anterior donde se produjo la excepción ---
   en System.Runtime.ExceptionServices.ExceptionDispatchInfo.Throw()
   en System.Runtime.CompilerServices.TaskAwaiter.HandleNonSuccessAndDebuggerNotification(Task task)
   en System.Runtime.CompilerServices.TaskAwaiter`1.GetResult()
   en CapaDatos.Services.EmailQueueProcessor.<ProcessQueueAsync>d__10.MoveNext() en C:\AOCR\AOCR\AOCR05-01-2026\AOCR1\AOCR\CapaDatos\Services\EmailQueueService.cs:línea 332
2026-01-31 19:53:50.571 | ERROR | CID:N/A | ERR:EMAIL_QUEUE_ERROR | Error de configuración de base de datos.
    Exception: DataAccessException
    StackTrace:    en CapaDatos.Infrastructure.BaseDAO.ExecuteWithConnection[T](Func`2 action) en C:\AOCR\AOCR\AOCR05-01-2026\AOCR1\AOCR\CapaDatos\Infrastructure\BaseDAO.cs:línea 68
   en CapaDatos.Services.EmailQueueService.<ObtenerSiguienteAsync>d__5.MoveNext() en C:\AOCR\AOCR\AOCR05-01-2026\AOCR1\AOCR\CapaDatos\Services\EmailQueueService.cs:línea 136
--- Fin del seguimiento de la pila de la ubicación anterior donde se produjo la excepción ---
   en System.Runtime.ExceptionServices.ExceptionDispatchInfo.Throw()
   en System.Runtime.CompilerServices.TaskAwaiter.HandleNonSuccessAndDebuggerNotification(Task task)
   en System.Runtime.CompilerServices.TaskAwaiter`1.GetResult()
   en CapaDatos.Services.EmailQueueProcessor.<ProcessQueueAsync>d__10.MoveNext() en C:\AOCR\AOCR\AOCR05-01-2026\AOCR1\AOCR\CapaDatos\Services\EmailQueueService.cs:línea 332
2026-01-31 19:54:20.629 | ERROR | CID:N/A | ERR:EMAIL_QUEUE_ERROR | Error de configuración de base de datos.
    Exception: DataAccessException
    StackTrace:    en CapaDatos.Infrastructure.BaseDAO.ExecuteWithConnection[T](Func`2 action) en C:\AOCR\AOCR\AOCR05-01-2026\AOCR1\AOCR\CapaDatos\Infrastructure\BaseDAO.cs:línea 68
   en CapaDatos.Services.EmailQueueService.<ObtenerSiguienteAsync>d__5.MoveNext() en C:\AOCR\AOCR\AOCR05-01-2026\AOCR1\AOCR\CapaDatos\Services\EmailQueueService.cs:línea 136
--- Fin del seguimiento de la pila de la ubicación anterior donde se produjo la excepción ---
   en System.Runtime.ExceptionServices.ExceptionDispatchInfo.Throw()
   en System.Runtime.CompilerServices.TaskAwaiter.HandleNonSuccessAndDebuggerNotification(Task task)
   en System.Runtime.CompilerServices.TaskAwaiter`1.GetResult()
   en CapaDatos.Services.EmailQueueProcessor.<ProcessQueueAsync>d__10.MoveNext() en C:\AOCR\AOCR\AOCR05-01-2026\AOCR1\AOCR\CapaDatos\Services\EmailQueueService.cs:línea 332
2026-01-31 19:54:50.691 | ERROR | CID:N/A | ERR:EMAIL_QUEUE_ERROR | Error de configuración de base de datos.
    Exception: DataAccessException
    StackTrace:    en CapaDatos.Infrastructure.BaseDAO.ExecuteWithConnection[T](Func`2 action) en C:\AOCR\AOCR\AOCR05-01-2026\AOCR1\AOCR\CapaDatos\Infrastructure\BaseDAO.cs:línea 68
   en CapaDatos.Services.EmailQueueService.<ObtenerSiguienteAsync>d__5.MoveNext() en C:\AOCR\AOCR\AOCR05-01-2026\AOCR1\AOCR\CapaDatos\Services\EmailQueueService.cs:línea 136
--- Fin del seguimiento de la pila de la ubicación anterior donde se produjo la excepción ---
   en System.Runtime.ExceptionServices.ExceptionDispatchInfo.Throw()
   en System.Runtime.CompilerServices.TaskAwaiter.HandleNonSuccessAndDebuggerNotification(Task task)
   en System.Runtime.CompilerServices.TaskAwaiter`1.GetResult()
   en CapaDatos.Services.EmailQueueProcessor.<ProcessQueueAsync>d__10.MoveNext() en C:\AOCR\AOCR\AOCR05-01-2026\AOCR1\AOCR\CapaDatos\Services\EmailQueueService.cs:línea 332
2026-01-31 19:55:20.733 | ERROR | CID:N/A | ERR:EMAIL_QUEUE_ERROR | Error de configuración de base de datos.
    Exception: DataAccessException
    StackTrace:    en CapaDatos.Infrastructure.BaseDAO.ExecuteWithConnection[T](Func`2 action) en C:\AOCR\AOCR\AOCR05-01-2026\AOCR1\AOCR\CapaDatos\Infrastructure\BaseDAO.cs:línea 68
   en CapaDatos.Services.EmailQueueService.<ObtenerSiguienteAsync>d__5.MoveNext() en C:\AOCR\AOCR\AOCR05-01-2026\AOCR1\AOCR\CapaDatos\Services\EmailQueueService.cs:línea 136
--- Fin del seguimiento de la pila de la ubicación anterior donde se produjo la excepción ---
   en System.Runtime.ExceptionServices.ExceptionDispatchInfo.Throw()
   en System.Runtime.CompilerServices.TaskAwaiter.HandleNonSuccessAndDebuggerNotification(Task task)
   en System.Runtime.CompilerServices.TaskAwaiter`1.GetResult()
   en CapaDatos.Services.EmailQueueProcessor.<ProcessQueueAsync>d__10.MoveNext() en C:\AOCR\AOCR\AOCR05-01-2026\AOCR1\AOCR\CapaDatos\Services\EmailQueueService.cs:línea 332
2026-01-31 19:55:50.786 | ERROR | CID:N/A | ERR:EMAIL_QUEUE_ERROR | Error de configuración de base de datos.
    Exception: DataAccessException
    StackTrace:    en CapaDatos.Infrastructure.BaseDAO.ExecuteWithConnection[T](Func`2 action) en C:\AOCR\AOCR\AOCR05-01-2026\AOCR1\AOCR\CapaDatos\Infrastructure\BaseDAO.cs:línea 68
   en CapaDatos.Services.EmailQueueService.<ObtenerSiguienteAsync>d__5.MoveNext() en C:\AOCR\AOCR\AOCR05-01-2026\AOCR1\AOCR\CapaDatos\Services\EmailQueueService.cs:línea 136
--- Fin del seguimiento de la pila de la ubicación anterior donde se produjo la excepción ---
   en System.Runtime.ExceptionServices.ExceptionDispatchInfo.Throw()
   en System.Runtime.CompilerServices.TaskAwaiter.HandleNonSuccessAndDebuggerNotification(Task task)
   en System.Runtime.CompilerServices.TaskAwaiter`1.GetResult()
   en CapaDatos.Services.EmailQueueProcessor.<ProcessQueueAsync>d__10.MoveNext() en C:\AOCR\AOCR\AOCR05-01-2026\AOCR1\AOCR\CapaDatos\Services\EmailQueueService.cs:línea 332
2026-01-31 19:56:20.858 | ERROR | CID:N/A | ERR:EMAIL_QUEUE_ERROR | Error de configuración de base de datos.
    Exception: DataAccessException
    StackTrace:    en CapaDatos.Infrastructure.BaseDAO.ExecuteWithConnection[T](Func`2 action) en C:\AOCR\AOCR\AOCR05-01-2026\AOCR1\AOCR\CapaDatos\Infrastructure\BaseDAO.cs:línea 68
   en CapaDatos.Services.EmailQueueService.<ObtenerSiguienteAsync>d__5.MoveNext() en C:\AOCR\AOCR\AOCR05-01-2026\AOCR1\AOCR\CapaDatos\Services\EmailQueueService.cs:línea 136
--- Fin del seguimiento de la pila de la ubicación anterior donde se produjo la excepción ---
   en System.Runtime.ExceptionServices.ExceptionDispatchInfo.Throw()
   en System.Runtime.CompilerServices.TaskAwaiter.HandleNonSuccessAndDebuggerNotification(Task task)
   en System.Runtime.CompilerServices.TaskAwaiter`1.GetResult()
   en CapaDatos.Services.EmailQueueProcessor.<ProcessQueueAsync>d__10.MoveNext() en C:\AOCR\AOCR\AOCR05-01-2026\AOCR1\AOCR\CapaDatos\Services\EmailQueueService.cs:línea 332
2026-01-31 19:56:50.912 | ERROR | CID:N/A | ERR:EMAIL_QUEUE_ERROR | Error de configuración de base de datos.
    Exception: DataAccessException
    StackTrace:    en CapaDatos.Infrastructure.BaseDAO.ExecuteWithConnection[T](Func`2 action) en C:\AOCR\AOCR\AOCR05-01-2026\AOCR1\AOCR\CapaDatos\Infrastructure\BaseDAO.cs:línea 68
   en CapaDatos.Services.EmailQueueService.<ObtenerSiguienteAsync>d__5.MoveNext() en C:\AOCR\AOCR\AOCR05-01-2026\AOCR1\AOCR\CapaDatos\Services\EmailQueueService.cs:línea 136
--- Fin del seguimiento de la pila de la ubicación anterior donde se produjo la excepción ---
   en System.Runtime.ExceptionServices.ExceptionDispatchInfo.Throw()
   en System.Runtime.CompilerServices.TaskAwaiter.HandleNonSuccessAndDebuggerNotification(Task task)
   en System.Runtime.CompilerServices.TaskAwaiter`1.GetResult()
   en CapaDatos.Services.EmailQueueProcessor.<ProcessQueueAsync>d__10.MoveNext() en C:\AOCR\AOCR\AOCR05-01-2026\AOCR1\AOCR\CapaDatos\Services\EmailQueueService.cs:línea 332
2026-01-31 19:57:20.975 | ERROR | CID:N/A | ERR:EMAIL_QUEUE_ERROR | Error de configuración de base de datos.
    Exception: DataAccessException
    StackTrace:    en CapaDatos.Infrastructure.BaseDAO.ExecuteWithConnection[T](Func`2 action) en C:\AOCR\AOCR\AOCR05-01-2026\AOCR1\AOCR\CapaDatos\Infrastructure\BaseDAO.cs:línea 68
   en CapaDatos.Services.EmailQueueService.<ObtenerSiguienteAsync>d__5.MoveNext() en C:\AOCR\AOCR\AOCR05-01-2026\AOCR1\AOCR\CapaDatos\Services\EmailQueueService.cs:línea 136
--- Fin del seguimiento de la pila de la ubicación anterior donde se produjo la excepción ---
   en System.Runtime.ExceptionServices.ExceptionDispatchInfo.Throw()
   en System.Runtime.CompilerServices.TaskAwaiter.HandleNonSuccessAndDebuggerNotification(Task task)
   en System.Runtime.CompilerServices.TaskAwaiter`1.GetResult()
   en CapaDatos.Services.EmailQueueProcessor.<ProcessQueueAsync>d__10.MoveNext() en C:\AOCR\AOCR\AOCR05-01-2026\AOCR1\AOCR\CapaDatos\Services\EmailQueueService.cs:línea 332
2026-01-31 19:57:51.020 | ERROR | CID:N/A | ERR:EMAIL_QUEUE_ERROR | Error de configuración de base de datos.
    Exception: DataAccessException
    StackTrace:    en CapaDatos.Infrastructure.BaseDAO.ExecuteWithConnection[T](Func`2 action) en C:\AOCR\AOCR\AOCR05-01-2026\AOCR1\AOCR\CapaDatos\Infrastructure\BaseDAO.cs:línea 68
   en CapaDatos.Services.EmailQueueService.<ObtenerSiguienteAsync>d__5.MoveNext() en C:\AOCR\AOCR\AOCR05-01-2026\AOCR1\AOCR\CapaDatos\Services\EmailQueueService.cs:línea 136
--- Fin del seguimiento de la pila de la ubicación anterior donde se produjo la excepción ---
   en System.Runtime.ExceptionServices.ExceptionDispatchInfo.Throw()
   en System.Runtime.CompilerServices.TaskAwaiter.HandleNonSuccessAndDebuggerNotification(Task task)
   en System.Runtime.CompilerServices.TaskAwaiter`1.GetResult()
   en CapaDatos.Services.EmailQueueProcessor.<ProcessQueueAsync>d__10.MoveNext() en C:\AOCR\AOCR\AOCR05-01-2026\AOCR1\AOCR\CapaDatos\Services\EmailQueueService.cs:línea 332
2026-01-31 19:58:21.073 | ERROR | CID:N/A | ERR:EMAIL_QUEUE_ERROR | Error de configuración de base de datos.
    Exception: DataAccessException
    StackTrace:    en CapaDatos.Infrastructure.BaseDAO.ExecuteWithConnection[T](Func`2 action) en C:\AOCR\AOCR\AOCR05-01-2026\AOCR1\AOCR\CapaDatos\Infrastructure\BaseDAO.cs:línea 68
   en CapaDatos.Services.EmailQueueService.<ObtenerSiguienteAsync>d__5.MoveNext() en C:\AOCR\AOCR\AOCR05-01-2026\AOCR1\AOCR\CapaDatos\Services\EmailQueueService.cs:línea 136
--- Fin del seguimiento de la pila de la ubicación anterior donde se produjo la excepción ---
   en System.Runtime.ExceptionServices.ExceptionDispatchInfo.Throw()
   en System.Runtime.CompilerServices.TaskAwaiter.HandleNonSuccessAndDebuggerNotification(Task task)
   en System.Runtime.CompilerServices.TaskAwaiter`1.GetResult()
   en CapaDatos.Services.EmailQueueProcessor.<ProcessQueueAsync>d__10.MoveNext() en C:\AOCR\AOCR\AOCR05-01-2026\AOCR1\AOCR\CapaDatos\Services\EmailQueueService.cs:línea 332
2026-01-31 19:58:51.160 | ERROR | CID:N/A | ERR:EMAIL_QUEUE_ERROR | Error de configuración de base de datos.
    Exception: DataAccessException
    StackTrace:    en CapaDatos.Infrastructure.BaseDAO.ExecuteWithConnection[T](Func`2 action) en C:\AOCR\AOCR\AOCR05-01-2026\AOCR1\AOCR\CapaDatos\Infrastructure\BaseDAO.cs:línea 68
   en CapaDatos.Services.EmailQueueService.<ObtenerSiguienteAsync>d__5.MoveNext() en C:\AOCR\AOCR\AOCR05-01-2026\AOCR1\AOCR\CapaDatos\Services\EmailQueueService.cs:línea 136
--- Fin del seguimiento de la pila de la ubicación anterior donde se produjo la excepción ---
   en System.Runtime.ExceptionServices.ExceptionDispatchInfo.Throw()
   en System.Runtime.CompilerServices.TaskAwaiter.HandleNonSuccessAndDebuggerNotification(Task task)
   en System.Runtime.CompilerServices.TaskAwaiter`1.GetResult()
   en CapaDatos.Services.EmailQueueProcessor.<ProcessQueueAsync>d__10.MoveNext() en C:\AOCR\AOCR\AOCR05-01-2026\AOCR1\AOCR\CapaDatos\Services\EmailQueueService.cs:línea 332
2026-01-31 19:59:21.202 | ERROR | CID:N/A | ERR:EMAIL_QUEUE_ERROR | Error de configuración de base de datos.
    Exception: DataAccessException
    StackTrace:    en CapaDatos.Infrastructure.BaseDAO.ExecuteWithConnection[T](Func`2 action) en C:\AOCR\AOCR\AOCR05-01-2026\AOCR1\AOCR\CapaDatos\Infrastructure\BaseDAO.cs:línea 68
   en CapaDatos.Services.EmailQueueService.<ObtenerSiguienteAsync>d__5.MoveNext() en C:\AOCR\AOCR\AOCR05-01-2026\AOCR1\AOCR\CapaDatos\Services\EmailQueueService.cs:línea 136
--- Fin del seguimiento de la pila de la ubicación anterior donde se produjo la excepción ---
   en System.Runtime.ExceptionServices.ExceptionDispatchInfo.Throw()
   en System.Runtime.CompilerServices.TaskAwaiter.HandleNonSuccessAndDebuggerNotification(Task task)
   en System.Runtime.CompilerServices.TaskAwaiter`1.GetResult()
   en CapaDatos.Services.EmailQueueProcessor.<ProcessQueueAsync>d__10.MoveNext() en C:\AOCR\AOCR\AOCR05-01-2026\AOCR1\AOCR\CapaDatos\Services\EmailQueueService.cs:línea 332
2026-01-31 19:59:51.243 | ERROR | CID:N/A | ERR:EMAIL_QUEUE_ERROR | Error de configuración de base de datos.
    Exception: DataAccessException
    StackTrace:    en CapaDatos.Infrastructure.BaseDAO.ExecuteWithConnection[T](Func`2 action) en C:\AOCR\AOCR\AOCR05-01-2026\AOCR1\AOCR\CapaDatos\Infrastructure\BaseDAO.cs:línea 68
   en CapaDatos.Services.EmailQueueService.<ObtenerSiguienteAsync>d__5.MoveNext() en C:\AOCR\AOCR\AOCR05-01-2026\AOCR1\AOCR\CapaDatos\Services\EmailQueueService.cs:línea 136
--- Fin del seguimiento de la pila de la ubicación anterior donde se produjo la excepción ---
   en System.Runtime.ExceptionServices.ExceptionDispatchInfo.Throw()
   en System.Runtime.CompilerServices.TaskAwaiter.HandleNonSuccessAndDebuggerNotification(Task task)
   en System.Runtime.CompilerServices.TaskAwaiter`1.GetResult()
   en CapaDatos.Services.EmailQueueProcessor.<ProcessQueueAsync>d__10.MoveNext() en C:\AOCR\AOCR\AOCR05-01-2026\AOCR1\AOCR\CapaDatos\Services\EmailQueueService.cs:línea 332
2026-01-31 20:00:21.295 | ERROR | CID:N/A | ERR:EMAIL_QUEUE_ERROR | Error de configuración de base de datos.
    Exception: DataAccessException
    StackTrace:    en CapaDatos.Infrastructure.BaseDAO.ExecuteWithConnection[T](Func`2 action) en C:\AOCR\AOCR\AOCR05-01-2026\AOCR1\AOCR\CapaDatos\Infrastructure\BaseDAO.cs:línea 68
   en CapaDatos.Services.EmailQueueService.<ObtenerSiguienteAsync>d__5.MoveNext() en C:\AOCR\AOCR\AOCR05-01-2026\AOCR1\AOCR\CapaDatos\Services\EmailQueueService.cs:línea 136
--- Fin del seguimiento de la pila de la ubicación anterior donde se produjo la excepción ---
   en System.Runtime.ExceptionServices.ExceptionDispatchInfo.Throw()
   en System.Runtime.CompilerServices.TaskAwaiter.HandleNonSuccessAndDebuggerNotification(Task task)
   en System.Runtime.CompilerServices.TaskAwaiter`1.GetResult()
   en CapaDatos.Services.EmailQueueProcessor.<ProcessQueueAsync>d__10.MoveNext() en C:\AOCR\AOCR\AOCR05-01-2026\AOCR1\AOCR\CapaDatos\Services\EmailQueueService.cs:línea 332
2026-01-31 20:00:51.357 | ERROR | CID:N/A | ERR:EMAIL_QUEUE_ERROR | Error de configuración de base de datos.
    Exception: DataAccessException
    StackTrace:    en CapaDatos.Infrastructure.BaseDAO.ExecuteWithConnection[T](Func`2 action) en C:\AOCR\AOCR\AOCR05-01-2026\AOCR1\AOCR\CapaDatos\Infrastructure\BaseDAO.cs:línea 68
   en CapaDatos.Services.EmailQueueService.<ObtenerSiguienteAsync>d__5.MoveNext() en C:\AOCR\AOCR\AOCR05-01-2026\AOCR1\AOCR\CapaDatos\Services\EmailQueueService.cs:línea 136
--- Fin del seguimiento de la pila de la ubicación anterior donde se produjo la excepción ---
   en System.Runtime.ExceptionServices.ExceptionDispatchInfo.Throw()
   en System.Runtime.CompilerServices.TaskAwaiter.HandleNonSuccessAndDebuggerNotification(Task task)
   en System.Runtime.CompilerServices.TaskAwaiter`1.GetResult()
   en CapaDatos.Services.EmailQueueProcessor.<ProcessQueueAsync>d__10.MoveNext() en C:\AOCR\AOCR\AOCR05-01-2026\AOCR1\AOCR\CapaDatos\Services\EmailQueueService.cs:línea 332
2026-01-31 20:01:21.415 | ERROR | CID:N/A | ERR:EMAIL_QUEUE_ERROR | Error de configuración de base de datos.
    Exception: DataAccessException
    StackTrace:    en CapaDatos.Infrastructure.BaseDAO.ExecuteWithConnection[T](Func`2 action) en C:\AOCR\AOCR\AOCR05-01-2026\AOCR1\AOCR\CapaDatos\Infrastructure\BaseDAO.cs:línea 68
   en CapaDatos.Services.EmailQueueService.<ObtenerSiguienteAsync>d__5.MoveNext() en C:\AOCR\AOCR\AOCR05-01-2026\AOCR1\AOCR\CapaDatos\Services\EmailQueueService.cs:línea 136
--- Fin del seguimiento de la pila de la ubicación anterior donde se produjo la excepción ---
   en System.Runtime.ExceptionServices.ExceptionDispatchInfo.Throw()
   en System.Runtime.CompilerServices.TaskAwaiter.HandleNonSuccessAndDebuggerNotification(Task task)
   en System.Runtime.CompilerServices.TaskAwaiter`1.GetResult()
   en CapaDatos.Services.EmailQueueProcessor.<ProcessQueueAsync>d__10.MoveNext() en C:\AOCR\AOCR\AOCR05-01-2026\AOCR1\AOCR\CapaDatos\Services\EmailQueueService.cs:línea 332
2026-01-31 20:01:51.483 | ERROR | CID:N/A | ERR:EMAIL_QUEUE_ERROR | Error de configuración de base de datos.
    Exception: DataAccessException
    StackTrace:    en CapaDatos.Infrastructure.BaseDAO.ExecuteWithConnection[T](Func`2 action) en C:\AOCR\AOCR\AOCR05-01-2026\AOCR1\AOCR\CapaDatos\Infrastructure\BaseDAO.cs:línea 68
   en CapaDatos.Services.EmailQueueService.<ObtenerSiguienteAsync>d__5.MoveNext() en C:\AOCR\AOCR\AOCR05-01-2026\AOCR1\AOCR\CapaDatos\Services\EmailQueueService.cs:línea 136
--- Fin del seguimiento de la pila de la ubicación anterior donde se produjo la excepción ---
   en System.Runtime.ExceptionServices.ExceptionDispatchInfo.Throw()
   en System.Runtime.CompilerServices.TaskAwaiter.HandleNonSuccessAndDebuggerNotification(Task task)
   en System.Runtime.CompilerServices.TaskAwaiter`1.GetResult()
   en CapaDatos.Services.EmailQueueProcessor.<ProcessQueueAsync>d__10.MoveNext() en C:\AOCR\AOCR\AOCR05-01-2026\AOCR1\AOCR\CapaDatos\Services\EmailQueueService.cs:línea 332
2026-01-31 20:02:21.538 | ERROR | CID:N/A | ERR:EMAIL_QUEUE_ERROR | Error de configuración de base de datos.
    Exception: DataAccessException
    StackTrace:    en CapaDatos.Infrastructure.BaseDAO.ExecuteWithConnection[T](Func`2 action) en C:\AOCR\AOCR\AOCR05-01-2026\AOCR1\AOCR\CapaDatos\Infrastructure\BaseDAO.cs:línea 68
   en CapaDatos.Services.EmailQueueService.<ObtenerSiguienteAsync>d__5.MoveNext() en C:\AOCR\AOCR\AOCR05-01-2026\AOCR1\AOCR\CapaDatos\Services\EmailQueueService.cs:línea 136
--- Fin del seguimiento de la pila de la ubicación anterior donde se produjo la excepción ---
   en System.Runtime.ExceptionServices.ExceptionDispatchInfo.Throw()
   en System.Runtime.CompilerServices.TaskAwaiter.HandleNonSuccessAndDebuggerNotification(Task task)
   en System.Runtime.CompilerServices.TaskAwaiter`1.GetResult()
   en CapaDatos.Services.EmailQueueProcessor.<ProcessQueueAsync>d__10.MoveNext() en C:\AOCR\AOCR\AOCR05-01-2026\AOCR1\AOCR\CapaDatos\Services\EmailQueueService.cs:línea 332
2026-01-31 20:02:51.617 | ERROR | CID:N/A | ERR:EMAIL_QUEUE_ERROR | Error de configuración de base de datos.
    Exception: DataAccessException
    StackTrace:    en CapaDatos.Infrastructure.BaseDAO.ExecuteWithConnection[T](Func`2 action) en C:\AOCR\AOCR\AOCR05-01-2026\AOCR1\AOCR\CapaDatos\Infrastructure\BaseDAO.cs:línea 68
   en CapaDatos.Services.EmailQueueService.<ObtenerSiguienteAsync>d__5.MoveNext() en C:\AOCR\AOCR\AOCR05-01-2026\AOCR1\AOCR\CapaDatos\Services\EmailQueueService.cs:línea 136
--- Fin del seguimiento de la pila de la ubicación anterior donde se produjo la excepción ---
   en System.Runtime.ExceptionServices.ExceptionDispatchInfo.Throw()
   en System.Runtime.CompilerServices.TaskAwaiter.HandleNonSuccessAndDebuggerNotification(Task task)
   en System.Runtime.CompilerServices.TaskAwaiter`1.GetResult()
   en CapaDatos.Services.EmailQueueProcessor.<ProcessQueueAsync>d__10.MoveNext() en C:\AOCR\AOCR\AOCR05-01-2026\AOCR1\AOCR\CapaDatos\Services\EmailQueueService.cs:línea 332
2026-01-31 20:03:21.670 | ERROR | CID:N/A | ERR:EMAIL_QUEUE_ERROR | Error de configuración de base de datos.
    Exception: DataAccessException
    StackTrace:    en CapaDatos.Infrastructure.BaseDAO.ExecuteWithConnection[T](Func`2 action) en C:\AOCR\AOCR\AOCR05-01-2026\AOCR1\AOCR\CapaDatos\Infrastructure\BaseDAO.cs:línea 68
   en CapaDatos.Services.EmailQueueService.<ObtenerSiguienteAsync>d__5.MoveNext() en C:\AOCR\AOCR\AOCR05-01-2026\AOCR1\AOCR\CapaDatos\Services\EmailQueueService.cs:línea 136
--- Fin del seguimiento de la pila de la ubicación anterior donde se produjo la excepción ---
   en System.Runtime.ExceptionServices.ExceptionDispatchInfo.Throw()
   en System.Runtime.CompilerServices.TaskAwaiter.HandleNonSuccessAndDebuggerNotification(Task task)
   en System.Runtime.CompilerServices.TaskAwaiter`1.GetResult()
   en CapaDatos.Services.EmailQueueProcessor.<ProcessQueueAsync>d__10.MoveNext() en C:\AOCR\AOCR\AOCR05-01-2026\AOCR1\AOCR\CapaDatos\Services\EmailQueueService.cs:línea 332
2026-01-31 20:03:51.728 | ERROR | CID:N/A | ERR:EMAIL_QUEUE_ERROR | Error de configuración de base de datos.
    Exception: DataAccessException
    StackTrace:    en CapaDatos.Infrastructure.BaseDAO.ExecuteWithConnection[T](Func`2 action) en C:\AOCR\AOCR\AOCR05-01-2026\AOCR1\AOCR\CapaDatos\Infrastructure\BaseDAO.cs:línea 68
   en CapaDatos.Services.EmailQueueService.<ObtenerSiguienteAsync>d__5.MoveNext() en C:\AOCR\AOCR\AOCR05-01-2026\AOCR1\AOCR\CapaDatos\Services\EmailQueueService.cs:línea 136
--- Fin del seguimiento de la pila de la ubicación anterior donde se produjo la excepción ---
   en System.Runtime.ExceptionServices.ExceptionDispatchInfo.Throw()
   en System.Runtime.CompilerServices.TaskAwaiter.HandleNonSuccessAndDebuggerNotification(Task task)
   en System.Runtime.CompilerServices.TaskAwaiter`1.GetResult()
   en CapaDatos.Services.EmailQueueProcessor.<ProcessQueueAsync>d__10.MoveNext() en C:\AOCR\AOCR\AOCR05-01-2026\AOCR1\AOCR\CapaDatos\Services\EmailQueueService.cs:línea 332
2026-01-31 20:04:21.772 | ERROR | CID:N/A | ERR:EMAIL_QUEUE_ERROR | Error de configuración de base de datos.
    Exception: DataAccessException
    StackTrace:    en CapaDatos.Infrastructure.BaseDAO.ExecuteWithConnection[T](Func`2 action) en C:\AOCR\AOCR\AOCR05-01-2026\AOCR1\AOCR\CapaDatos\Infrastructure\BaseDAO.cs:línea 68
   en CapaDatos.Services.EmailQueueService.<ObtenerSiguienteAsync>d__5.MoveNext() en C:\AOCR\AOCR\AOCR05-01-2026\AOCR1\AOCR\CapaDatos\Services\EmailQueueService.cs:línea 136
--- Fin del seguimiento de la pila de la ubicación anterior donde se produjo la excepción ---
   en System.Runtime.ExceptionServices.ExceptionDispatchInfo.Throw()
   en System.Runtime.CompilerServices.TaskAwaiter.HandleNonSuccessAndDebuggerNotification(Task task)
   en System.Runtime.CompilerServices.TaskAwaiter`1.GetResult()
   en CapaDatos.Services.EmailQueueProcessor.<ProcessQueueAsync>d__10.MoveNext() en C:\AOCR\AOCR\AOCR05-01-2026\AOCR1\AOCR\CapaDatos\Services\EmailQueueService.cs:línea 332
2026-01-31 20:04:51.827 | ERROR | CID:N/A | ERR:EMAIL_QUEUE_ERROR | Error de configuración de base de datos.
    Exception: DataAccessException
    StackTrace:    en CapaDatos.Infrastructure.BaseDAO.ExecuteWithConnection[T](Func`2 action) en C:\AOCR\AOCR\AOCR05-01-2026\AOCR1\AOCR\CapaDatos\Infrastructure\BaseDAO.cs:línea 68
   en CapaDatos.Services.EmailQueueService.<ObtenerSiguienteAsync>d__5.MoveNext() en C:\AOCR\AOCR\AOCR05-01-2026\AOCR1\AOCR\CapaDatos\Services\EmailQueueService.cs:línea 136
--- Fin del seguimiento de la pila de la ubicación anterior donde se produjo la excepción ---
   en System.Runtime.ExceptionServices.ExceptionDispatchInfo.Throw()
   en System.Runtime.CompilerServices.TaskAwaiter.HandleNonSuccessAndDebuggerNotification(Task task)
   en System.Runtime.CompilerServices.TaskAwaiter`1.GetResult()
   en CapaDatos.Services.EmailQueueProcessor.<ProcessQueueAsync>d__10.MoveNext() en C:\AOCR\AOCR\AOCR05-01-2026\AOCR1\AOCR\CapaDatos\Services\EmailQueueService.cs:línea 332
2026-01-31 20:05:21.889 | ERROR | CID:N/A | ERR:EMAIL_QUEUE_ERROR | Error de configuración de base de datos.
    Exception: DataAccessException
    StackTrace:    en CapaDatos.Infrastructure.BaseDAO.ExecuteWithConnection[T](Func`2 action) en C:\AOCR\AOCR\AOCR05-01-2026\AOCR1\AOCR\CapaDatos\Infrastructure\BaseDAO.cs:línea 68
   en CapaDatos.Services.EmailQueueService.<ObtenerSiguienteAsync>d__5.MoveNext() en C:\AOCR\AOCR\AOCR05-01-2026\AOCR1\AOCR\CapaDatos\Services\EmailQueueService.cs:línea 136
--- Fin del seguimiento de la pila de la ubicación anterior donde se produjo la excepción ---
   en System.Runtime.ExceptionServices.ExceptionDispatchInfo.Throw()
   en System.Runtime.CompilerServices.TaskAwaiter.HandleNonSuccessAndDebuggerNotification(Task task)
   en System.Runtime.CompilerServices.TaskAwaiter`1.GetResult()
   en CapaDatos.Services.EmailQueueProcessor.<ProcessQueueAsync>d__10.MoveNext() en C:\AOCR\AOCR\AOCR05-01-2026\AOCR1\AOCR\CapaDatos\Services\EmailQueueService.cs:línea 332
2026-01-31 20:05:51.943 | ERROR | CID:N/A | ERR:EMAIL_QUEUE_ERROR | Error de configuración de base de datos.
    Exception: DataAccessException
    StackTrace:    en CapaDatos.Infrastructure.BaseDAO.ExecuteWithConnection[T](Func`2 action) en C:\AOCR\AOCR\AOCR05-01-2026\AOCR1\AOCR\CapaDatos\Infrastructure\BaseDAO.cs:línea 68
   en CapaDatos.Services.EmailQueueService.<ObtenerSiguienteAsync>d__5.MoveNext() en C:\AOCR\AOCR\AOCR05-01-2026\AOCR1\AOCR\CapaDatos\Services\EmailQueueService.cs:línea 136
--- Fin del seguimiento de la pila de la ubicación anterior donde se produjo la excepción ---
   en System.Runtime.ExceptionServices.ExceptionDispatchInfo.Throw()
   en System.Runtime.CompilerServices.TaskAwaiter.HandleNonSuccessAndDebuggerNotification(Task task)
   en System.Runtime.CompilerServices.TaskAwaiter`1.GetResult()
   en CapaDatos.Services.EmailQueueProcessor.<ProcessQueueAsync>d__10.MoveNext() en C:\AOCR\AOCR\AOCR05-01-2026\AOCR1\AOCR\CapaDatos\Services\EmailQueueService.cs:línea 332
2026-01-31 20:06:21.997 | ERROR | CID:N/A | ERR:EMAIL_QUEUE_ERROR | Error de configuración de base de datos.
    Exception: DataAccessException
    StackTrace:    en CapaDatos.Infrastructure.BaseDAO.ExecuteWithConnection[T](Func`2 action) en C:\AOCR\AOCR\AOCR05-01-2026\AOCR1\AOCR\CapaDatos\Infrastructure\BaseDAO.cs:línea 68
   en CapaDatos.Services.EmailQueueService.<ObtenerSiguienteAsync>d__5.MoveNext() en C:\AOCR\AOCR\AOCR05-01-2026\AOCR1\AOCR\CapaDatos\Services\EmailQueueService.cs:línea 136
--- Fin del seguimiento de la pila de la ubicación anterior donde se produjo la excepción ---
   en System.Runtime.ExceptionServices.ExceptionDispatchInfo.Throw()
   en System.Runtime.CompilerServices.TaskAwaiter.HandleNonSuccessAndDebuggerNotification(Task task)
   en System.Runtime.CompilerServices.TaskAwaiter`1.GetResult()
   en CapaDatos.Services.EmailQueueProcessor.<ProcessQueueAsync>d__10.MoveNext() en C:\AOCR\AOCR\AOCR05-01-2026\AOCR1\AOCR\CapaDatos\Services\EmailQueueService.cs:línea 332
2026-01-31 20:06:52.053 | ERROR | CID:N/A | ERR:EMAIL_QUEUE_ERROR | Error de configuración de base de datos.
    Exception: DataAccessException
    StackTrace:    en CapaDatos.Infrastructure.BaseDAO.ExecuteWithConnection[T](Func`2 action) en C:\AOCR\AOCR\AOCR05-01-2026\AOCR1\AOCR\CapaDatos\Infrastructure\BaseDAO.cs:línea 68
   en CapaDatos.Services.EmailQueueService.<ObtenerSiguienteAsync>d__5.MoveNext() en C:\AOCR\AOCR\AOCR05-01-2026\AOCR1\AOCR\CapaDatos\Services\EmailQueueService.cs:línea 136
--- Fin del seguimiento de la pila de la ubicación anterior donde se produjo la excepción ---
   en System.Runtime.ExceptionServices.ExceptionDispatchInfo.Throw()
   en System.Runtime.CompilerServices.TaskAwaiter.HandleNonSuccessAndDebuggerNotification(Task task)
   en System.Runtime.CompilerServices.TaskAwaiter`1.GetResult()
   en CapaDatos.Services.EmailQueueProcessor.<ProcessQueueAsync>d__10.MoveNext() en C:\AOCR\AOCR\AOCR05-01-2026\AOCR1\AOCR\CapaDatos\Services\EmailQueueService.cs:línea 332
2026-01-31 20:07:22.102 | ERROR | CID:N/A | ERR:EMAIL_QUEUE_ERROR | Error de configuración de base de datos.
    Exception: DataAccessException
    StackTrace:    en CapaDatos.Infrastructure.BaseDAO.ExecuteWithConnection[T](Func`2 action) en C:\AOCR\AOCR\AOCR05-01-2026\AOCR1\AOCR\CapaDatos\Infrastructure\BaseDAO.cs:línea 68
   en CapaDatos.Services.EmailQueueService.<ObtenerSiguienteAsync>d__5.MoveNext() en C:\AOCR\AOCR\AOCR05-01-2026\AOCR1\AOCR\CapaDatos\Services\EmailQueueService.cs:línea 136
--- Fin del seguimiento de la pila de la ubicación anterior donde se produjo la excepción ---
   en System.Runtime.ExceptionServices.ExceptionDispatchInfo.Throw()
   en System.Runtime.CompilerServices.TaskAwaiter.HandleNonSuccessAndDebuggerNotification(Task task)
   en System.Runtime.CompilerServices.TaskAwaiter`1.GetResult()
   en CapaDatos.Services.EmailQueueProcessor.<ProcessQueueAsync>d__10.MoveNext() en C:\AOCR\AOCR\AOCR05-01-2026\AOCR1\AOCR\CapaDatos\Services\EmailQueueService.cs:línea 332
2026-01-31 20:07:52.159 | ERROR | CID:N/A | ERR:EMAIL_QUEUE_ERROR | Error de configuración de base de datos.
    Exception: DataAccessException
    StackTrace:    en CapaDatos.Infrastructure.BaseDAO.ExecuteWithConnection[T](Func`2 action) en C:\AOCR\AOCR\AOCR05-01-2026\AOCR1\AOCR\CapaDatos\Infrastructure\BaseDAO.cs:línea 68
   en CapaDatos.Services.EmailQueueService.<ObtenerSiguienteAsync>d__5.MoveNext() en C:\AOCR\AOCR\AOCR05-01-2026\AOCR1\AOCR\CapaDatos\Services\EmailQueueService.cs:línea 136
--- Fin del seguimiento de la pila de la ubicación anterior donde se produjo la excepción ---
   en System.Runtime.ExceptionServices.ExceptionDispatchInfo.Throw()
   en System.Runtime.CompilerServices.TaskAwaiter.HandleNonSuccessAndDebuggerNotification(Task task)
   en System.Runtime.CompilerServices.TaskAwaiter`1.GetResult()
   en CapaDatos.Services.EmailQueueProcessor.<ProcessQueueAsync>d__10.MoveNext() en C:\AOCR\AOCR\AOCR05-01-2026\AOCR1\AOCR\CapaDatos\Services\EmailQueueService.cs:línea 332
2026-01-31 20:08:22.213 | ERROR | CID:N/A | ERR:EMAIL_QUEUE_ERROR | Error de configuración de base de datos.
    Exception: DataAccessException
    StackTrace:    en CapaDatos.Infrastructure.BaseDAO.ExecuteWithConnection[T](Func`2 action) en C:\AOCR\AOCR\AOCR05-01-2026\AOCR1\AOCR\CapaDatos\Infrastructure\BaseDAO.cs:línea 68
   en CapaDatos.Services.EmailQueueService.<ObtenerSiguienteAsync>d__5.MoveNext() en C:\AOCR\AOCR\AOCR05-01-2026\AOCR1\AOCR\CapaDatos\Services\EmailQueueService.cs:línea 136
--- Fin del seguimiento de la pila de la ubicación anterior donde se produjo la excepción ---
   en System.Runtime.ExceptionServices.ExceptionDispatchInfo.Throw()
   en System.Runtime.CompilerServices.TaskAwaiter.HandleNonSuccessAndDebuggerNotification(Task task)
   en System.Runtime.CompilerServices.TaskAwaiter`1.GetResult()
   en CapaDatos.Services.EmailQueueProcessor.<ProcessQueueAsync>d__10.MoveNext() en C:\AOCR\AOCR\AOCR05-01-2026\AOCR1\AOCR\CapaDatos\Services\EmailQueueService.cs:línea 332
2026-01-31 20:08:52.270 | ERROR | CID:N/A | ERR:EMAIL_QUEUE_ERROR | Error de configuración de base de datos.
    Exception: DataAccessException
    StackTrace:    en CapaDatos.Infrastructure.BaseDAO.ExecuteWithConnection[T](Func`2 action) en C:\AOCR\AOCR\AOCR05-01-2026\AOCR1\AOCR\CapaDatos\Infrastructure\BaseDAO.cs:línea 68
   en CapaDatos.Services.EmailQueueService.<ObtenerSiguienteAsync>d__5.MoveNext() en C:\AOCR\AOCR\AOCR05-01-2026\AOCR1\AOCR\CapaDatos\Services\EmailQueueService.cs:línea 136
--- Fin del seguimiento de la pila de la ubicación anterior donde se produjo la excepción ---
   en System.Runtime.ExceptionServices.ExceptionDispatchInfo.Throw()
   en System.Runtime.CompilerServices.TaskAwaiter.HandleNonSuccessAndDebuggerNotification(Task task)
   en System.Runtime.CompilerServices.TaskAwaiter`1.GetResult()
   en CapaDatos.Services.EmailQueueProcessor.<ProcessQueueAsync>d__10.MoveNext() en C:\AOCR\AOCR\AOCR05-01-2026\AOCR1\AOCR\CapaDatos\Services\EmailQueueService.cs:línea 332
2026-01-31 20:08:58.068 | INFO  | CID:fa5588987c5c | Account/Login | Iniciando acción: Account/Login
2026-01-31 20:08:58.139 | INFO  | CID:fa5588987c5c | Account/Login | Acción completada: Account/Login
2026-01-31 20:09:02.665 | ERROR | CID:d09d958e2213 | USR:USU_ADMIN | OrdenRecaudacion/Nueva | ERR:BAD_REQUEST | El elemento de modelo pasado al diccionario es de tipo 'CapaDatos.Entidades.OrdenRecaudacion', pero este diccionario requiere un elemento de modelo de tipo 'CapaPresentacion.Models.OrdenRecaudacionNuevaVM'.
    Exception: InvalidOperationException
    StackTrace:    en System.Web.Mvc.ViewDataDictionary`1.SetModel(Object value)
   en System.Web.Mvc.ViewDataDictionary..ctor(ViewDataDictionary dictionary)
   en System.Web.Mvc.WebViewPage`1.SetViewData(ViewDataDictionary viewData)
   en System.Web.Mvc.RazorView.RenderView(ViewContext viewContext, TextWriter writer, Object instance)
   en System.Web.Mvc.ViewResultBase.ExecuteResult(ControllerContext context)
   en System.Web.Mvc.ControllerActionInvoker.InvokeActionResultFilterRecursive(IList`1 filters, Int32 filterIndex, ResultExecutingContext preContext, ControllerContext controllerContext, ActionResult actionResult)
   en System.Web.Mvc.ControllerActionInvoker.InvokeActionResultFilterRecursive(IList`1 filters, Int32 filterIndex, ResultExecutingContext preContext, ControllerContext controllerContext, ActionResult actionResult)
   en System.Web.Mvc.ControllerActionInvoker.InvokeActionResultFilterRecursive(IList`1 filters, Int32 filterIndex, ResultExecutingContext preContext, ControllerContext controllerContext, ActionResult actionResult)
   en System.Web.Mvc.ControllerActionInvoker.InvokeActionResultFilterRecursive(IList`1 filters, Int32 filterIndex, ResultExecutingContext preContext, ControllerContext controllerContext, ActionResult actionResult)
   en System.Web.Mvc.ControllerActionInvoker.InvokeActionResultWithFilters(ControllerContext controllerContext, IList`1 filters, ActionResult actionResult)
   en System.Web.Mvc.Async.AsyncControllerActionInvoker.<>c__DisplayClass3_1.<BeginInvokeAction>b__1(IAsyncResult asyncResult)
2026-01-31 20:09:09.661 | ERROR | CID:9695e9c4801e | USR:USU_ADMIN | OrdenRecaudacion/Nueva | ERR:BAD_REQUEST | El elemento de modelo pasado al diccionario es de tipo 'CapaDatos.Entidades.OrdenRecaudacion', pero este diccionario requiere un elemento de modelo de tipo 'CapaPresentacion.Models.OrdenRecaudacionNuevaVM'.
    Exception: InvalidOperationException
    StackTrace:    en System.Web.Mvc.ViewDataDictionary`1.SetModel(Object value)
   en System.Web.Mvc.ViewDataDictionary..ctor(ViewDataDictionary dictionary)
   en System.Web.Mvc.WebViewPage`1.SetViewData(ViewDataDictionary viewData)
   en System.Web.Mvc.RazorView.RenderView(ViewContext viewContext, TextWriter writer, Object instance)
   en System.Web.Mvc.ViewResultBase.ExecuteResult(ControllerContext context)
   en System.Web.Mvc.ControllerActionInvoker.InvokeActionResultFilterRecursive(IList`1 filters, Int32 filterIndex, ResultExecutingContext preContext, ControllerContext controllerContext, ActionResult actionResult)
   en System.Web.Mvc.ControllerActionInvoker.InvokeActionResultFilterRecursive(IList`1 filters, Int32 filterIndex, ResultExecutingContext preContext, ControllerContext controllerContext, ActionResult actionResult)
   en System.Web.Mvc.ControllerActionInvoker.InvokeActionResultFilterRecursive(IList`1 filters, Int32 filterIndex, ResultExecutingContext preContext, ControllerContext controllerContext, ActionResult actionResult)
   en System.Web.Mvc.ControllerActionInvoker.InvokeActionResultFilterRecursive(IList`1 filters, Int32 filterIndex, ResultExecutingContext preContext, ControllerContext controllerContext, ActionResult actionResult)
   en System.Web.Mvc.ControllerActionInvoker.InvokeActionResultWithFilters(ControllerContext controllerContext, IList`1 filters, ActionResult actionResult)
   en System.Web.Mvc.Async.AsyncControllerActionInvoker.<>c__DisplayClass3_1.<BeginInvokeAction>b__1(IAsyncResult asyncResult)
2026-01-31 20:09:22.315 | ERROR | CID:N/A | ERR:EMAIL_QUEUE_ERROR | Error de configuración de base de datos.
    Exception: DataAccessException
    StackTrace:    en CapaDatos.Infrastructure.BaseDAO.ExecuteWithConnection[T](Func`2 action) en C:\AOCR\AOCR\AOCR05-01-2026\AOCR1\AOCR\CapaDatos\Infrastructure\BaseDAO.cs:línea 68
   en CapaDatos.Services.EmailQueueService.<ObtenerSiguienteAsync>d__5.MoveNext() en C:\AOCR\AOCR\AOCR05-01-2026\AOCR1\AOCR\CapaDatos\Services\EmailQueueService.cs:línea 136
--- Fin del seguimiento de la pila de la ubicación anterior donde se produjo la excepción ---
   en System.Runtime.ExceptionServices.ExceptionDispatchInfo.Throw()
   en System.Runtime.CompilerServices.TaskAwaiter.HandleNonSuccessAndDebuggerNotification(Task task)
   en System.Runtime.CompilerServices.TaskAwaiter`1.GetResult()
   en CapaDatos.Services.EmailQueueProcessor.<ProcessQueueAsync>d__10.MoveNext() en C:\AOCR\AOCR\AOCR05-01-2026\AOCR1\AOCR\CapaDatos\Services\EmailQueueService.cs:línea 332
2026-01-31 20:09:52.358 | ERROR | CID:N/A | ERR:EMAIL_QUEUE_ERROR | Error de configuración de base de datos.
    Exception: DataAccessException
    StackTrace:    en CapaDatos.Infrastructure.BaseDAO.ExecuteWithConnection[T](Func`2 action) en C:\AOCR\AOCR\AOCR05-01-2026\AOCR1\AOCR\CapaDatos\Infrastructure\BaseDAO.cs:línea 68
   en CapaDatos.Services.EmailQueueService.<ObtenerSiguienteAsync>d__5.MoveNext() en C:\AOCR\AOCR\AOCR05-01-2026\AOCR1\AOCR\CapaDatos\Services\EmailQueueService.cs:línea 136
--- Fin del seguimiento de la pila de la ubicación anterior donde se produjo la excepción ---
   en System.Runtime.ExceptionServices.ExceptionDispatchInfo.Throw()
   en System.Runtime.CompilerServices.TaskAwaiter.HandleNonSuccessAndDebuggerNotification(Task task)
   en System.Runtime.CompilerServices.TaskAwaiter`1.GetResult()
   en CapaDatos.Services.EmailQueueProcessor.<ProcessQueueAsync>d__10.MoveNext() en C:\AOCR\AOCR\AOCR05-01-2026\AOCR1\AOCR\CapaDatos\Services\EmailQueueService.cs:línea 332
2026-01-31 20:10:22.410 | ERROR | CID:N/A | ERR:EMAIL_QUEUE_ERROR | Error de configuración de base de datos.
    Exception: DataAccessException
    StackTrace:    en CapaDatos.Infrastructure.BaseDAO.ExecuteWithConnection[T](Func`2 action) en C:\AOCR\AOCR\AOCR05-01-2026\AOCR1\AOCR\CapaDatos\Infrastructure\BaseDAO.cs:línea 68
   en CapaDatos.Services.EmailQueueService.<ObtenerSiguienteAsync>d__5.MoveNext() en C:\AOCR\AOCR\AOCR05-01-2026\AOCR1\AOCR\CapaDatos\Services\EmailQueueService.cs:línea 136
--- Fin del seguimiento de la pila de la ubicación anterior donde se produjo la excepción ---
   en System.Runtime.ExceptionServices.ExceptionDispatchInfo.Throw()
   en System.Runtime.CompilerServices.TaskAwaiter.HandleNonSuccessAndDebuggerNotification(Task task)
   en System.Runtime.CompilerServices.TaskAwaiter`1.GetResult()
   en CapaDatos.Services.EmailQueueProcessor.<ProcessQueueAsync>d__10.MoveNext() en C:\AOCR\AOCR\AOCR05-01-2026\AOCR1\AOCR\CapaDatos\Services\EmailQueueService.cs:línea 332
2026-01-31 20:10:52.463 | ERROR | CID:N/A | ERR:EMAIL_QUEUE_ERROR | Error de configuración de base de datos.
    Exception: DataAccessException
    StackTrace:    en CapaDatos.Infrastructure.BaseDAO.ExecuteWithConnection[T](Func`2 action) en C:\AOCR\AOCR\AOCR05-01-2026\AOCR1\AOCR\CapaDatos\Infrastructure\BaseDAO.cs:línea 68
   en CapaDatos.Services.EmailQueueService.<ObtenerSiguienteAsync>d__5.MoveNext() en C:\AOCR\AOCR\AOCR05-01-2026\AOCR1\AOCR\CapaDatos\Services\EmailQueueService.cs:línea 136
--- Fin del seguimiento de la pila de la ubicación anterior donde se produjo la excepción ---
   en System.Runtime.ExceptionServices.ExceptionDispatchInfo.Throw()
   en System.Runtime.CompilerServices.TaskAwaiter.HandleNonSuccessAndDebuggerNotification(Task task)
   en System.Runtime.CompilerServices.TaskAwaiter`1.GetResult()
   en CapaDatos.Services.EmailQueueProcessor.<ProcessQueueAsync>d__10.MoveNext() en C:\AOCR\AOCR\AOCR05-01-2026\AOCR1\AOCR\CapaDatos\Services\EmailQueueService.cs:línea 332
2026-01-31 20:11:22.508 | ERROR | CID:N/A | ERR:EMAIL_QUEUE_ERROR | Error de configuración de base de datos.
    Exception: DataAccessException
    StackTrace:    en CapaDatos.Infrastructure.BaseDAO.ExecuteWithConnection[T](Func`2 action) en C:\AOCR\AOCR\AOCR05-01-2026\AOCR1\AOCR\CapaDatos\Infrastructure\BaseDAO.cs:línea 68
   en CapaDatos.Services.EmailQueueService.<ObtenerSiguienteAsync>d__5.MoveNext() en C:\AOCR\AOCR\AOCR05-01-2026\AOCR1\AOCR\CapaDatos\Services\EmailQueueService.cs:línea 136
--- Fin del seguimiento de la pila de la ubicación anterior donde se produjo la excepción ---
   en System.Runtime.ExceptionServices.ExceptionDispatchInfo.Throw()
   en System.Runtime.CompilerServices.TaskAwaiter.HandleNonSuccessAndDebuggerNotification(Task task)
   en System.Runtime.CompilerServices.TaskAwaiter`1.GetResult()
   en CapaDatos.Services.EmailQueueProcessor.<ProcessQueueAsync>d__10.MoveNext() en C:\AOCR\AOCR\AOCR05-01-2026\AOCR1\AOCR\CapaDatos\Services\EmailQueueService.cs:línea 332
2026-01-31 20:11:52.571 | ERROR | CID:N/A | ERR:EMAIL_QUEUE_ERROR | Error de configuración de base de datos.
    Exception: DataAccessException
    StackTrace:    en CapaDatos.Infrastructure.BaseDAO.ExecuteWithConnection[T](Func`2 action) en C:\AOCR\AOCR\AOCR05-01-2026\AOCR1\AOCR\CapaDatos\Infrastructure\BaseDAO.cs:línea 68
   en CapaDatos.Services.EmailQueueService.<ObtenerSiguienteAsync>d__5.MoveNext() en C:\AOCR\AOCR\AOCR05-01-2026\AOCR1\AOCR\CapaDatos\Services\EmailQueueService.cs:línea 136
--- Fin del seguimiento de la pila de la ubicación anterior donde se produjo la excepción ---
   en System.Runtime.ExceptionServices.ExceptionDispatchInfo.Throw()
   en System.Runtime.CompilerServices.TaskAwaiter.HandleNonSuccessAndDebuggerNotification(Task task)
   en System.Runtime.CompilerServices.TaskAwaiter`1.GetResult()
   en CapaDatos.Services.EmailQueueProcessor.<ProcessQueueAsync>d__10.MoveNext() en C:\AOCR\AOCR\AOCR05-01-2026\AOCR1\AOCR\CapaDatos\Services\EmailQueueService.cs:línea 332
2026-01-31 20:12:22.628 | ERROR | CID:N/A | ERR:EMAIL_QUEUE_ERROR | Error de configuración de base de datos.
    Exception: DataAccessException
    StackTrace:    en CapaDatos.Infrastructure.BaseDAO.ExecuteWithConnection[T](Func`2 action) en C:\AOCR\AOCR\AOCR05-01-2026\AOCR1\AOCR\CapaDatos\Infrastructure\BaseDAO.cs:línea 68
   en CapaDatos.Services.EmailQueueService.<ObtenerSiguienteAsync>d__5.MoveNext() en C:\AOCR\AOCR\AOCR05-01-2026\AOCR1\AOCR\CapaDatos\Services\EmailQueueService.cs:línea 136
--- Fin del seguimiento de la pila de la ubicación anterior donde se produjo la excepción ---
   en System.Runtime.ExceptionServices.ExceptionDispatchInfo.Throw()
   en System.Runtime.CompilerServices.TaskAwaiter.HandleNonSuccessAndDebuggerNotification(Task task)
   en System.Runtime.CompilerServices.TaskAwaiter`1.GetResult()
   en CapaDatos.Services.EmailQueueProcessor.<ProcessQueueAsync>d__10.MoveNext() en C:\AOCR\AOCR\AOCR05-01-2026\AOCR1\AOCR\CapaDatos\Services\EmailQueueService.cs:línea 332
2026-01-31 20:12:52.683 | ERROR | CID:N/A | ERR:EMAIL_QUEUE_ERROR | Error de configuración de base de datos.
    Exception: DataAccessException
    StackTrace:    en CapaDatos.Infrastructure.BaseDAO.ExecuteWithConnection[T](Func`2 action) en C:\AOCR\AOCR\AOCR05-01-2026\AOCR1\AOCR\CapaDatos\Infrastructure\BaseDAO.cs:línea 68
   en CapaDatos.Services.EmailQueueService.<ObtenerSiguienteAsync>d__5.MoveNext() en C:\AOCR\AOCR\AOCR05-01-2026\AOCR1\AOCR\CapaDatos\Services\EmailQueueService.cs:línea 136
--- Fin del seguimiento de la pila de la ubicación anterior donde se produjo la excepción ---
   en System.Runtime.ExceptionServices.ExceptionDispatchInfo.Throw()
   en System.Runtime.CompilerServices.TaskAwaiter.HandleNonSuccessAndDebuggerNotification(Task task)
   en System.Runtime.CompilerServices.TaskAwaiter`1.GetResult()
   en CapaDatos.Services.EmailQueueProcessor.<ProcessQueueAsync>d__10.MoveNext() en C:\AOCR\AOCR\AOCR05-01-2026\AOCR1\AOCR\CapaDatos\Services\EmailQueueService.cs:línea 332
2026-01-31 20:13:22.747 | ERROR | CID:N/A | ERR:EMAIL_QUEUE_ERROR | Error de configuración de base de datos.
    Exception: DataAccessException
    StackTrace:    en CapaDatos.Infrastructure.BaseDAO.ExecuteWithConnection[T](Func`2 action) en C:\AOCR\AOCR\AOCR05-01-2026\AOCR1\AOCR\CapaDatos\Infrastructure\BaseDAO.cs:línea 68
   en CapaDatos.Services.EmailQueueService.<ObtenerSiguienteAsync>d__5.MoveNext() en C:\AOCR\AOCR\AOCR05-01-2026\AOCR1\AOCR\CapaDatos\Services\EmailQueueService.cs:línea 136
--- Fin del seguimiento de la pila de la ubicación anterior donde se produjo la excepción ---
   en System.Runtime.ExceptionServices.ExceptionDispatchInfo.Throw()
   en System.Runtime.CompilerServices.TaskAwaiter.HandleNonSuccessAndDebuggerNotification(Task task)
   en System.Runtime.CompilerServices.TaskAwaiter`1.GetResult()
   en CapaDatos.Services.EmailQueueProcessor.<ProcessQueueAsync>d__10.MoveNext() en C:\AOCR\AOCR\AOCR05-01-2026\AOCR1\AOCR\CapaDatos\Services\EmailQueueService.cs:línea 332
2026-01-31 20:13:52.804 | ERROR | CID:N/A | ERR:EMAIL_QUEUE_ERROR | Error de configuración de base de datos.
    Exception: DataAccessException
    StackTrace:    en CapaDatos.Infrastructure.BaseDAO.ExecuteWithConnection[T](Func`2 action) en C:\AOCR\AOCR\AOCR05-01-2026\AOCR1\AOCR\CapaDatos\Infrastructure\BaseDAO.cs:línea 68
   en CapaDatos.Services.EmailQueueService.<ObtenerSiguienteAsync>d__5.MoveNext() en C:\AOCR\AOCR\AOCR05-01-2026\AOCR1\AOCR\CapaDatos\Services\EmailQueueService.cs:línea 136
--- Fin del seguimiento de la pila de la ubicación anterior donde se produjo la excepción ---
   en System.Runtime.ExceptionServices.ExceptionDispatchInfo.Throw()
   en System.Runtime.CompilerServices.TaskAwaiter.HandleNonSuccessAndDebuggerNotification(Task task)
   en System.Runtime.CompilerServices.TaskAwaiter`1.GetResult()
   en CapaDatos.Services.EmailQueueProcessor.<ProcessQueueAsync>d__10.MoveNext() en C:\AOCR\AOCR\AOCR05-01-2026\AOCR1\AOCR\CapaDatos\Services\EmailQueueService.cs:línea 332
2026-01-31 20:14:22.850 | ERROR | CID:N/A | ERR:EMAIL_QUEUE_ERROR | Error de configuración de base de datos.
    Exception: DataAccessException
    StackTrace:    en CapaDatos.Infrastructure.BaseDAO.ExecuteWithConnection[T](Func`2 action) en C:\AOCR\AOCR\AOCR05-01-2026\AOCR1\AOCR\CapaDatos\Infrastructure\BaseDAO.cs:línea 68
   en CapaDatos.Services.EmailQueueService.<ObtenerSiguienteAsync>d__5.MoveNext() en C:\AOCR\AOCR\AOCR05-01-2026\AOCR1\AOCR\CapaDatos\Services\EmailQueueService.cs:línea 136
--- Fin del seguimiento de la pila de la ubicación anterior donde se produjo la excepción ---
   en System.Runtime.ExceptionServices.ExceptionDispatchInfo.Throw()
   en System.Runtime.CompilerServices.TaskAwaiter.HandleNonSuccessAndDebuggerNotification(Task task)
   en System.Runtime.CompilerServices.TaskAwaiter`1.GetResult()
   en CapaDatos.Services.EmailQueueProcessor.<ProcessQueueAsync>d__10.MoveNext() en C:\AOCR\AOCR\AOCR05-01-2026\AOCR1\AOCR\CapaDatos\Services\EmailQueueService.cs:línea 332
2026-01-31 20:14:52.923 | ERROR | CID:N/A | ERR:EMAIL_QUEUE_ERROR | Error de configuración de base de datos.
    Exception: DataAccessException
    StackTrace:    en CapaDatos.Infrastructure.BaseDAO.ExecuteWithConnection[T](Func`2 action) en C:\AOCR\AOCR\AOCR05-01-2026\AOCR1\AOCR\CapaDatos\Infrastructure\BaseDAO.cs:línea 68
   en CapaDatos.Services.EmailQueueService.<ObtenerSiguienteAsync>d__5.MoveNext() en C:\AOCR\AOCR\AOCR05-01-2026\AOCR1\AOCR\CapaDatos\Services\EmailQueueService.cs:línea 136
--- Fin del seguimiento de la pila de la ubicación anterior donde se produjo la excepción ---
   en System.Runtime.ExceptionServices.ExceptionDispatchInfo.Throw()
   en System.Runtime.CompilerServices.TaskAwaiter.HandleNonSuccessAndDebuggerNotification(Task task)
   en System.Runtime.CompilerServices.TaskAwaiter`1.GetResult()
   en CapaDatos.Services.EmailQueueProcessor.<ProcessQueueAsync>d__10.MoveNext() en C:\AOCR\AOCR\AOCR05-01-2026\AOCR1\AOCR\CapaDatos\Services\EmailQueueService.cs:línea 332
2026-01-31 20:15:22.973 | ERROR | CID:N/A | ERR:EMAIL_QUEUE_ERROR | Error de configuración de base de datos.
    Exception: DataAccessException
    StackTrace:    en CapaDatos.Infrastructure.BaseDAO.ExecuteWithConnection[T](Func`2 action) en C:\AOCR\AOCR\AOCR05-01-2026\AOCR1\AOCR\CapaDatos\Infrastructure\BaseDAO.cs:línea 68
   en CapaDatos.Services.EmailQueueService.<ObtenerSiguienteAsync>d__5.MoveNext() en C:\AOCR\AOCR\AOCR05-01-2026\AOCR1\AOCR\CapaDatos\Services\EmailQueueService.cs:línea 136
--- Fin del seguimiento de la pila de la ubicación anterior donde se produjo la excepción ---
   en System.Runtime.ExceptionServices.ExceptionDispatchInfo.Throw()
   en System.Runtime.CompilerServices.TaskAwaiter.HandleNonSuccessAndDebuggerNotification(Task task)
   en System.Runtime.CompilerServices.TaskAwaiter`1.GetResult()
   en CapaDatos.Services.EmailQueueProcessor.<ProcessQueueAsync>d__10.MoveNext() en C:\AOCR\AOCR\AOCR05-01-2026\AOCR1\AOCR\CapaDatos\Services\EmailQueueService.cs:línea 332
2026-01-31 20:15:53.029 | ERROR | CID:N/A | ERR:EMAIL_QUEUE_ERROR | Error de configuración de base de datos.
    Exception: DataAccessException
    StackTrace:    en CapaDatos.Infrastructure.BaseDAO.ExecuteWithConnection[T](Func`2 action) en C:\AOCR\AOCR\AOCR05-01-2026\AOCR1\AOCR\CapaDatos\Infrastructure\BaseDAO.cs:línea 68
   en CapaDatos.Services.EmailQueueService.<ObtenerSiguienteAsync>d__5.MoveNext() en C:\AOCR\AOCR\AOCR05-01-2026\AOCR1\AOCR\CapaDatos\Services\EmailQueueService.cs:línea 136
--- Fin del seguimiento de la pila de la ubicación anterior donde se produjo la excepción ---
   en System.Runtime.ExceptionServices.ExceptionDispatchInfo.Throw()
   en System.Runtime.CompilerServices.TaskAwaiter.HandleNonSuccessAndDebuggerNotification(Task task)
   en System.Runtime.CompilerServices.TaskAwaiter`1.GetResult()
   en CapaDatos.Services.EmailQueueProcessor.<ProcessQueueAsync>d__10.MoveNext() en C:\AOCR\AOCR\AOCR05-01-2026\AOCR1\AOCR\CapaDatos\Services\EmailQueueService.cs:línea 332
2026-01-31 20:16:23.100 | ERROR | CID:N/A | ERR:EMAIL_QUEUE_ERROR | Error de configuración de base de datos.
    Exception: DataAccessException
    StackTrace:    en CapaDatos.Infrastructure.BaseDAO.ExecuteWithConnection[T](Func`2 action) en C:\AOCR\AOCR\AOCR05-01-2026\AOCR1\AOCR\CapaDatos\Infrastructure\BaseDAO.cs:línea 68
   en CapaDatos.Services.EmailQueueService.<ObtenerSiguienteAsync>d__5.MoveNext() en C:\AOCR\AOCR\AOCR05-01-2026\AOCR1\AOCR\CapaDatos\Services\EmailQueueService.cs:línea 136
--- Fin del seguimiento de la pila de la ubicación anterior donde se produjo la excepción ---
   en System.Runtime.ExceptionServices.ExceptionDispatchInfo.Throw()
   en System.Runtime.CompilerServices.TaskAwaiter.HandleNonSuccessAndDebuggerNotification(Task task)
   en System.Runtime.CompilerServices.TaskAwaiter`1.GetResult()
   en CapaDatos.Services.EmailQueueProcessor.<ProcessQueueAsync>d__10.MoveNext() en C:\AOCR\AOCR\AOCR05-01-2026\AOCR1\AOCR\CapaDatos\Services\EmailQueueService.cs:línea 332
2026-01-31 20:16:53.146 | ERROR | CID:N/A | ERR:EMAIL_QUEUE_ERROR | Error de configuración de base de datos.
    Exception: DataAccessException
    StackTrace:    en CapaDatos.Infrastructure.BaseDAO.ExecuteWithConnection[T](Func`2 action) en C:\AOCR\AOCR\AOCR05-01-2026\AOCR1\AOCR\CapaDatos\Infrastructure\BaseDAO.cs:línea 68
   en CapaDatos.Services.EmailQueueService.<ObtenerSiguienteAsync>d__5.MoveNext() en C:\AOCR\AOCR\AOCR05-01-2026\AOCR1\AOCR\CapaDatos\Services\EmailQueueService.cs:línea 136
--- Fin del seguimiento de la pila de la ubicación anterior donde se produjo la excepción ---
   en System.Runtime.ExceptionServices.ExceptionDispatchInfo.Throw()
   en System.Runtime.CompilerServices.TaskAwaiter.HandleNonSuccessAndDebuggerNotification(Task task)
   en System.Runtime.CompilerServices.TaskAwaiter`1.GetResult()
   en CapaDatos.Services.EmailQueueProcessor.<ProcessQueueAsync>d__10.MoveNext() en C:\AOCR\AOCR\AOCR05-01-2026\AOCR1\AOCR\CapaDatos\Services\EmailQueueService.cs:línea 332
2026-01-31 20:17:23.196 | ERROR | CID:N/A | ERR:EMAIL_QUEUE_ERROR | Error de configuración de base de datos.
    Exception: DataAccessException
    StackTrace:    en CapaDatos.Infrastructure.BaseDAO.ExecuteWithConnection[T](Func`2 action) en C:\AOCR\AOCR\AOCR05-01-2026\AOCR1\AOCR\CapaDatos\Infrastructure\BaseDAO.cs:línea 68
   en CapaDatos.Services.EmailQueueService.<ObtenerSiguienteAsync>d__5.MoveNext() en C:\AOCR\AOCR\AOCR05-01-2026\AOCR1\AOCR\CapaDatos\Services\EmailQueueService.cs:línea 136
--- Fin del seguimiento de la pila de la ubicación anterior donde se produjo la excepción ---
   en System.Runtime.ExceptionServices.ExceptionDispatchInfo.Throw()
   en System.Runtime.CompilerServices.TaskAwaiter.HandleNonSuccessAndDebuggerNotification(Task task)
   en System.Runtime.CompilerServices.TaskAwaiter`1.GetResult()
   en CapaDatos.Services.EmailQueueProcessor.<ProcessQueueAsync>d__10.MoveNext() en C:\AOCR\AOCR\AOCR05-01-2026\AOCR1\AOCR\CapaDatos\Services\EmailQueueService.cs:línea 332
2026-01-31 20:17:53.266 | ERROR | CID:N/A | ERR:EMAIL_QUEUE_ERROR | Error de configuración de base de datos.
    Exception: DataAccessException
    StackTrace:    en CapaDatos.Infrastructure.BaseDAO.ExecuteWithConnection[T](Func`2 action) en C:\AOCR\AOCR\AOCR05-01-2026\AOCR1\AOCR\CapaDatos\Infrastructure\BaseDAO.cs:línea 68
   en CapaDatos.Services.EmailQueueService.<ObtenerSiguienteAsync>d__5.MoveNext() en C:\AOCR\AOCR\AOCR05-01-2026\AOCR1\AOCR\CapaDatos\Services\EmailQueueService.cs:línea 136
--- Fin del seguimiento de la pila de la ubicación anterior donde se produjo la excepción ---
   en System.Runtime.ExceptionServices.ExceptionDispatchInfo.Throw()
   en System.Runtime.CompilerServices.TaskAwaiter.HandleNonSuccessAndDebuggerNotification(Task task)
   en System.Runtime.CompilerServices.TaskAwaiter`1.GetResult()
   en CapaDatos.Services.EmailQueueProcessor.<ProcessQueueAsync>d__10.MoveNext() en C:\AOCR\AOCR\AOCR05-01-2026\AOCR1\AOCR\CapaDatos\Services\EmailQueueService.cs:línea 332
2026-01-31 20:18:23.316 | ERROR | CID:N/A | ERR:EMAIL_QUEUE_ERROR | Error de configuración de base de datos.
    Exception: DataAccessException
    StackTrace:    en CapaDatos.Infrastructure.BaseDAO.ExecuteWithConnection[T](Func`2 action) en C:\AOCR\AOCR\AOCR05-01-2026\AOCR1\AOCR\CapaDatos\Infrastructure\BaseDAO.cs:línea 68
   en CapaDatos.Services.EmailQueueService.<ObtenerSiguienteAsync>d__5.MoveNext() en C:\AOCR\AOCR\AOCR05-01-2026\AOCR1\AOCR\CapaDatos\Services\EmailQueueService.cs:línea 136
--- Fin del seguimiento de la pila de la ubicación anterior donde se produjo la excepción ---
   en System.Runtime.ExceptionServices.ExceptionDispatchInfo.Throw()
   en System.Runtime.CompilerServices.TaskAwaiter.HandleNonSuccessAndDebuggerNotification(Task task)
   en System.Runtime.CompilerServices.TaskAwaiter`1.GetResult()
   en CapaDatos.Services.EmailQueueProcessor.<ProcessQueueAsync>d__10.MoveNext() en C:\AOCR\AOCR\AOCR05-01-2026\AOCR1\AOCR\CapaDatos\Services\EmailQueueService.cs:línea 332
2026-01-31 20:18:53.367 | ERROR | CID:N/A | ERR:EMAIL_QUEUE_ERROR | Error de configuración de base de datos.
    Exception: DataAccessException
    StackTrace:    en CapaDatos.Infrastructure.BaseDAO.ExecuteWithConnection[T](Func`2 action) en C:\AOCR\AOCR\AOCR05-01-2026\AOCR1\AOCR\CapaDatos\Infrastructure\BaseDAO.cs:línea 68
   en CapaDatos.Services.EmailQueueService.<ObtenerSiguienteAsync>d__5.MoveNext() en C:\AOCR\AOCR\AOCR05-01-2026\AOCR1\AOCR\CapaDatos\Services\EmailQueueService.cs:línea 136
--- Fin del seguimiento de la pila de la ubicación anterior donde se produjo la excepción ---
   en System.Runtime.ExceptionServices.ExceptionDispatchInfo.Throw()
   en System.Runtime.CompilerServices.TaskAwaiter.HandleNonSuccessAndDebuggerNotification(Task task)
   en System.Runtime.CompilerServices.TaskAwaiter`1.GetResult()
   en CapaDatos.Services.EmailQueueProcessor.<ProcessQueueAsync>d__10.MoveNext() en C:\AOCR\AOCR\AOCR05-01-2026\AOCR1\AOCR\CapaDatos\Services\EmailQueueService.cs:línea 332
2026-01-31 20:19:23.412 | ERROR | CID:N/A | ERR:EMAIL_QUEUE_ERROR | Error de configuración de base de datos.
    Exception: DataAccessException
    StackTrace:    en CapaDatos.Infrastructure.BaseDAO.ExecuteWithConnection[T](Func`2 action) en C:\AOCR\AOCR\AOCR05-01-2026\AOCR1\AOCR\CapaDatos\Infrastructure\BaseDAO.cs:línea 68
   en CapaDatos.Services.EmailQueueService.<ObtenerSiguienteAsync>d__5.MoveNext() en C:\AOCR\AOCR\AOCR05-01-2026\AOCR1\AOCR\CapaDatos\Services\EmailQueueService.cs:línea 136
--- Fin del seguimiento de la pila de la ubicación anterior donde se produjo la excepción ---
   en System.Runtime.ExceptionServices.ExceptionDispatchInfo.Throw()
   en System.Runtime.CompilerServices.TaskAwaiter.HandleNonSuccessAndDebuggerNotification(Task task)
   en System.Runtime.CompilerServices.TaskAwaiter`1.GetResult()
   en CapaDatos.Services.EmailQueueProcessor.<ProcessQueueAsync>d__10.MoveNext() en C:\AOCR\AOCR\AOCR05-01-2026\AOCR1\AOCR\CapaDatos\Services\EmailQueueService.cs:línea 332
2026-01-31 20:19:53.468 | ERROR | CID:N/A | ERR:EMAIL_QUEUE_ERROR | Error de configuración de base de datos.
    Exception: DataAccessException
    StackTrace:    en CapaDatos.Infrastructure.BaseDAO.ExecuteWithConnection[T](Func`2 action) en C:\AOCR\AOCR\AOCR05-01-2026\AOCR1\AOCR\CapaDatos\Infrastructure\BaseDAO.cs:línea 68
   en CapaDatos.Services.EmailQueueService.<ObtenerSiguienteAsync>d__5.MoveNext() en C:\AOCR\AOCR\AOCR05-01-2026\AOCR1\AOCR\CapaDatos\Services\EmailQueueService.cs:línea 136
--- Fin del seguimiento de la pila de la ubicación anterior donde se produjo la excepción ---
   en System.Runtime.ExceptionServices.ExceptionDispatchInfo.Throw()
   en System.Runtime.CompilerServices.TaskAwaiter.HandleNonSuccessAndDebuggerNotification(Task task)
   en System.Runtime.CompilerServices.TaskAwaiter`1.GetResult()
   en CapaDatos.Services.EmailQueueProcessor.<ProcessQueueAsync>d__10.MoveNext() en C:\AOCR\AOCR\AOCR05-01-2026\AOCR1\AOCR\CapaDatos\Services\EmailQueueService.cs:línea 332
2026-01-31 20:20:23.546 | ERROR | CID:N/A | ERR:EMAIL_QUEUE_ERROR | Error de configuración de base de datos.
    Exception: DataAccessException
    StackTrace:    en CapaDatos.Infrastructure.BaseDAO.ExecuteWithConnection[T](Func`2 action) en C:\AOCR\AOCR\AOCR05-01-2026\AOCR1\AOCR\CapaDatos\Infrastructure\BaseDAO.cs:línea 68
   en CapaDatos.Services.EmailQueueService.<ObtenerSiguienteAsync>d__5.MoveNext() en C:\AOCR\AOCR\AOCR05-01-2026\AOCR1\AOCR\CapaDatos\Services\EmailQueueService.cs:línea 136
--- Fin del seguimiento de la pila de la ubicación anterior donde se produjo la excepción ---
   en System.Runtime.ExceptionServices.ExceptionDispatchInfo.Throw()
   en System.Runtime.CompilerServices.TaskAwaiter.HandleNonSuccessAndDebuggerNotification(Task task)
   en System.Runtime.CompilerServices.TaskAwaiter`1.GetResult()
   en CapaDatos.Services.EmailQueueProcessor.<ProcessQueueAsync>d__10.MoveNext() en C:\AOCR\AOCR\AOCR05-01-2026\AOCR1\AOCR\CapaDatos\Services\EmailQueueService.cs:línea 332
2026-01-31 20:20:53.609 | ERROR | CID:N/A | ERR:EMAIL_QUEUE_ERROR | Error de configuración de base de datos.
    Exception: DataAccessException
    StackTrace:    en CapaDatos.Infrastructure.BaseDAO.ExecuteWithConnection[T](Func`2 action) en C:\AOCR\AOCR\AOCR05-01-2026\AOCR1\AOCR\CapaDatos\Infrastructure\BaseDAO.cs:línea 68
   en CapaDatos.Services.EmailQueueService.<ObtenerSiguienteAsync>d__5.MoveNext() en C:\AOCR\AOCR\AOCR05-01-2026\AOCR1\AOCR\CapaDatos\Services\EmailQueueService.cs:línea 136
--- Fin del seguimiento de la pila de la ubicación anterior donde se produjo la excepción ---
   en System.Runtime.ExceptionServices.ExceptionDispatchInfo.Throw()
   en System.Runtime.CompilerServices.TaskAwaiter.HandleNonSuccessAndDebuggerNotification(Task task)
   en System.Runtime.CompilerServices.TaskAwaiter`1.GetResult()
   en CapaDatos.Services.EmailQueueProcessor.<ProcessQueueAsync>d__10.MoveNext() en C:\AOCR\AOCR\AOCR05-01-2026\AOCR1\AOCR\CapaDatos\Services\EmailQueueService.cs:línea 332
2026-01-31 20:21:23.684 | ERROR | CID:N/A | ERR:EMAIL_QUEUE_ERROR | Error de configuración de base de datos.
    Exception: DataAccessException
    StackTrace:    en CapaDatos.Infrastructure.BaseDAO.ExecuteWithConnection[T](Func`2 action) en C:\AOCR\AOCR\AOCR05-01-2026\AOCR1\AOCR\CapaDatos\Infrastructure\BaseDAO.cs:línea 68
   en CapaDatos.Services.EmailQueueService.<ObtenerSiguienteAsync>d__5.MoveNext() en C:\AOCR\AOCR\AOCR05-01-2026\AOCR1\AOCR\CapaDatos\Services\EmailQueueService.cs:línea 136
--- Fin del seguimiento de la pila de la ubicación anterior donde se produjo la excepción ---
   en System.Runtime.ExceptionServices.ExceptionDispatchInfo.Throw()
   en System.Runtime.CompilerServices.TaskAwaiter.HandleNonSuccessAndDebuggerNotification(Task task)
   en System.Runtime.CompilerServices.TaskAwaiter`1.GetResult()
   en CapaDatos.Services.EmailQueueProcessor.<ProcessQueueAsync>d__10.MoveNext() en C:\AOCR\AOCR\AOCR05-01-2026\AOCR1\AOCR\CapaDatos\Services\EmailQueueService.cs:línea 332
2026-01-31 20:21:53.744 | ERROR | CID:N/A | ERR:EMAIL_QUEUE_ERROR | Error de configuración de base de datos.
    Exception: DataAccessException
    StackTrace:    en CapaDatos.Infrastructure.BaseDAO.ExecuteWithConnection[T](Func`2 action) en C:\AOCR\AOCR\AOCR05-01-2026\AOCR1\AOCR\CapaDatos\Infrastructure\BaseDAO.cs:línea 68
   en CapaDatos.Services.EmailQueueService.<ObtenerSiguienteAsync>d__5.MoveNext() en C:\AOCR\AOCR\AOCR05-01-2026\AOCR1\AOCR\CapaDatos\Services\EmailQueueService.cs:línea 136
--- Fin del seguimiento de la pila de la ubicación anterior donde se produjo la excepción ---
   en System.Runtime.ExceptionServices.ExceptionDispatchInfo.Throw()
   en System.Runtime.CompilerServices.TaskAwaiter.HandleNonSuccessAndDebuggerNotification(Task task)
   en System.Runtime.CompilerServices.TaskAwaiter`1.GetResult()
   en CapaDatos.Services.EmailQueueProcessor.<ProcessQueueAsync>d__10.MoveNext() en C:\AOCR\AOCR\AOCR05-01-2026\AOCR1\AOCR\CapaDatos\Services\EmailQueueService.cs:línea 332
2026-01-31 20:22:23.814 | ERROR | CID:N/A | ERR:EMAIL_QUEUE_ERROR | Error de configuración de base de datos.
    Exception: DataAccessException
    StackTrace:    en CapaDatos.Infrastructure.BaseDAO.ExecuteWithConnection[T](Func`2 action) en C:\AOCR\AOCR\AOCR05-01-2026\AOCR1\AOCR\CapaDatos\Infrastructure\BaseDAO.cs:línea 68
   en CapaDatos.Services.EmailQueueService.<ObtenerSiguienteAsync>d__5.MoveNext() en C:\AOCR\AOCR\AOCR05-01-2026\AOCR1\AOCR\CapaDatos\Services\EmailQueueService.cs:línea 136
--- Fin del seguimiento de la pila de la ubicación anterior donde se produjo la excepción ---
   en System.Runtime.ExceptionServices.ExceptionDispatchInfo.Throw()
   en System.Runtime.CompilerServices.TaskAwaiter.HandleNonSuccessAndDebuggerNotification(Task task)
   en System.Runtime.CompilerServices.TaskAwaiter`1.GetResult()
   en CapaDatos.Services.EmailQueueProcessor.<ProcessQueueAsync>d__10.MoveNext() en C:\AOCR\AOCR\AOCR05-01-2026\AOCR1\AOCR\CapaDatos\Services\EmailQueueService.cs:línea 332
2026-01-31 20:22:53.869 | ERROR | CID:N/A | ERR:EMAIL_QUEUE_ERROR | Error de configuración de base de datos.
    Exception: DataAccessException
    StackTrace:    en CapaDatos.Infrastructure.BaseDAO.ExecuteWithConnection[T](Func`2 action) en C:\AOCR\AOCR\AOCR05-01-2026\AOCR1\AOCR\CapaDatos\Infrastructure\BaseDAO.cs:línea 68
   en CapaDatos.Services.EmailQueueService.<ObtenerSiguienteAsync>d__5.MoveNext() en C:\AOCR\AOCR\AOCR05-01-2026\AOCR1\AOCR\CapaDatos\Services\EmailQueueService.cs:línea 136
--- Fin del seguimiento de la pila de la ubicación anterior donde se produjo la excepción ---
   en System.Runtime.ExceptionServices.ExceptionDispatchInfo.Throw()
   en System.Runtime.CompilerServices.TaskAwaiter.HandleNonSuccessAndDebuggerNotification(Task task)
   en System.Runtime.CompilerServices.TaskAwaiter`1.GetResult()
   en CapaDatos.Services.EmailQueueProcessor.<ProcessQueueAsync>d__10.MoveNext() en C:\AOCR\AOCR\AOCR05-01-2026\AOCR1\AOCR\CapaDatos\Services\EmailQueueService.cs:línea 332
2026-01-31 20:23:23.930 | ERROR | CID:N/A | ERR:EMAIL_QUEUE_ERROR | Error de configuración de base de datos.
    Exception: DataAccessException
    StackTrace:    en CapaDatos.Infrastructure.BaseDAO.ExecuteWithConnection[T](Func`2 action) en C:\AOCR\AOCR\AOCR05-01-2026\AOCR1\AOCR\CapaDatos\Infrastructure\BaseDAO.cs:línea 68
   en CapaDatos.Services.EmailQueueService.<ObtenerSiguienteAsync>d__5.MoveNext() en C:\AOCR\AOCR\AOCR05-01-2026\AOCR1\AOCR\CapaDatos\Services\EmailQueueService.cs:línea 136
--- Fin del seguimiento de la pila de la ubicación anterior donde se produjo la excepción ---
   en System.Runtime.ExceptionServices.ExceptionDispatchInfo.Throw()
   en System.Runtime.CompilerServices.TaskAwaiter.HandleNonSuccessAndDebuggerNotification(Task task)
   en System.Runtime.CompilerServices.TaskAwaiter`1.GetResult()
   en CapaDatos.Services.EmailQueueProcessor.<ProcessQueueAsync>d__10.MoveNext() en C:\AOCR\AOCR\AOCR05-01-2026\AOCR1\AOCR\CapaDatos\Services\EmailQueueService.cs:línea 332
2026-01-31 20:23:53.982 | ERROR | CID:N/A | ERR:EMAIL_QUEUE_ERROR | Error de configuración de base de datos.
    Exception: DataAccessException
    StackTrace:    en CapaDatos.Infrastructure.BaseDAO.ExecuteWithConnection[T](Func`2 action) en C:\AOCR\AOCR\AOCR05-01-2026\AOCR1\AOCR\CapaDatos\Infrastructure\BaseDAO.cs:línea 68
   en CapaDatos.Services.EmailQueueService.<ObtenerSiguienteAsync>d__5.MoveNext() en C:\AOCR\AOCR\AOCR05-01-2026\AOCR1\AOCR\CapaDatos\Services\EmailQueueService.cs:línea 136
--- Fin del seguimiento de la pila de la ubicación anterior donde se produjo la excepción ---
   en System.Runtime.ExceptionServices.ExceptionDispatchInfo.Throw()
   en System.Runtime.CompilerServices.TaskAwaiter.HandleNonSuccessAndDebuggerNotification(Task task)
   en System.Runtime.CompilerServices.TaskAwaiter`1.GetResult()
   en CapaDatos.Services.EmailQueueProcessor.<ProcessQueueAsync>d__10.MoveNext() en C:\AOCR\AOCR\AOCR05-01-2026\AOCR1\AOCR\CapaDatos\Services\EmailQueueService.cs:línea 332
2026-01-31 20:24:24.061 | ERROR | CID:N/A | ERR:EMAIL_QUEUE_ERROR | Error de configuración de base de datos.
    Exception: DataAccessException
    StackTrace:    en CapaDatos.Infrastructure.BaseDAO.ExecuteWithConnection[T](Func`2 action) en C:\AOCR\AOCR\AOCR05-01-2026\AOCR1\AOCR\CapaDatos\Infrastructure\BaseDAO.cs:línea 68
   en CapaDatos.Services.EmailQueueService.<ObtenerSiguienteAsync>d__5.MoveNext() en C:\AOCR\AOCR\AOCR05-01-2026\AOCR1\AOCR\CapaDatos\Services\EmailQueueService.cs:línea 136
--- Fin del seguimiento de la pila de la ubicación anterior donde se produjo la excepción ---
   en System.Runtime.ExceptionServices.ExceptionDispatchInfo.Throw()
   en System.Runtime.CompilerServices.TaskAwaiter.HandleNonSuccessAndDebuggerNotification(Task task)
   en System.Runtime.CompilerServices.TaskAwaiter`1.GetResult()
   en CapaDatos.Services.EmailQueueProcessor.<ProcessQueueAsync>d__10.MoveNext() en C:\AOCR\AOCR\AOCR05-01-2026\AOCR1\AOCR\CapaDatos\Services\EmailQueueService.cs:línea 332
2026-01-31 20:24:54.143 | ERROR | CID:N/A | ERR:EMAIL_QUEUE_ERROR | Error de configuración de base de datos.
    Exception: DataAccessException
    StackTrace:    en CapaDatos.Infrastructure.BaseDAO.ExecuteWithConnection[T](Func`2 action) en C:\AOCR\AOCR\AOCR05-01-2026\AOCR1\AOCR\CapaDatos\Infrastructure\BaseDAO.cs:línea 68
   en CapaDatos.Services.EmailQueueService.<ObtenerSiguienteAsync>d__5.MoveNext() en C:\AOCR\AOCR\AOCR05-01-2026\AOCR1\AOCR\CapaDatos\Services\EmailQueueService.cs:línea 136
--- Fin del seguimiento de la pila de la ubicación anterior donde se produjo la excepción ---
   en System.Runtime.ExceptionServices.ExceptionDispatchInfo.Throw()
   en System.Runtime.CompilerServices.TaskAwaiter.HandleNonSuccessAndDebuggerNotification(Task task)
   en System.Runtime.CompilerServices.TaskAwaiter`1.GetResult()
   en CapaDatos.Services.EmailQueueProcessor.<ProcessQueueAsync>d__10.MoveNext() en C:\AOCR\AOCR\AOCR05-01-2026\AOCR1\AOCR\CapaDatos\Services\EmailQueueService.cs:línea 332
2026-01-31 20:25:24.191 | ERROR | CID:N/A | ERR:EMAIL_QUEUE_ERROR | Error de configuración de base de datos.
    Exception: DataAccessException
    StackTrace:    en CapaDatos.Infrastructure.BaseDAO.ExecuteWithConnection[T](Func`2 action) en C:\AOCR\AOCR\AOCR05-01-2026\AOCR1\AOCR\CapaDatos\Infrastructure\BaseDAO.cs:línea 68
   en CapaDatos.Services.EmailQueueService.<ObtenerSiguienteAsync>d__5.MoveNext() en C:\AOCR\AOCR\AOCR05-01-2026\AOCR1\AOCR\CapaDatos\Services\EmailQueueService.cs:línea 136
--- Fin del seguimiento de la pila de la ubicación anterior donde se produjo la excepción ---
   en System.Runtime.ExceptionServices.ExceptionDispatchInfo.Throw()
   en System.Runtime.CompilerServices.TaskAwaiter.HandleNonSuccessAndDebuggerNotification(Task task)
   en System.Runtime.CompilerServices.TaskAwaiter`1.GetResult()
   en CapaDatos.Services.EmailQueueProcessor.<ProcessQueueAsync>d__10.MoveNext() en C:\AOCR\AOCR\AOCR05-01-2026\AOCR1\AOCR\CapaDatos\Services\EmailQueueService.cs:línea 332
2026-01-31 20:25:54.243 | ERROR | CID:N/A | ERR:EMAIL_QUEUE_ERROR | Error de configuración de base de datos.
    Exception: DataAccessException
    StackTrace:    en CapaDatos.Infrastructure.BaseDAO.ExecuteWithConnection[T](Func`2 action) en C:\AOCR\AOCR\AOCR05-01-2026\AOCR1\AOCR\CapaDatos\Infrastructure\BaseDAO.cs:línea 68
   en CapaDatos.Services.EmailQueueService.<ObtenerSiguienteAsync>d__5.MoveNext() en C:\AOCR\AOCR\AOCR05-01-2026\AOCR1\AOCR\CapaDatos\Services\EmailQueueService.cs:línea 136
--- Fin del seguimiento de la pila de la ubicación anterior donde se produjo la excepción ---
   en System.Runtime.ExceptionServices.ExceptionDispatchInfo.Throw()
   en System.Runtime.CompilerServices.TaskAwaiter.HandleNonSuccessAndDebuggerNotification(Task task)
   en System.Runtime.CompilerServices.TaskAwaiter`1.GetResult()
   en CapaDatos.Services.EmailQueueProcessor.<ProcessQueueAsync>d__10.MoveNext() en C:\AOCR\AOCR\AOCR05-01-2026\AOCR1\AOCR\CapaDatos\Services\EmailQueueService.cs:línea 332
2026-01-31 20:26:24.304 | ERROR | CID:N/A | ERR:EMAIL_QUEUE_ERROR | Error de configuración de base de datos.
    Exception: DataAccessException
    StackTrace:    en CapaDatos.Infrastructure.BaseDAO.ExecuteWithConnection[T](Func`2 action) en C:\AOCR\AOCR\AOCR05-01-2026\AOCR1\AOCR\CapaDatos\Infrastructure\BaseDAO.cs:línea 68
   en CapaDatos.Services.EmailQueueService.<ObtenerSiguienteAsync>d__5.MoveNext() en C:\AOCR\AOCR\AOCR05-01-2026\AOCR1\AOCR\CapaDatos\Services\EmailQueueService.cs:línea 136
--- Fin del seguimiento de la pila de la ubicación anterior donde se produjo la excepción ---
   en System.Runtime.ExceptionServices.ExceptionDispatchInfo.Throw()
   en System.Runtime.CompilerServices.TaskAwaiter.HandleNonSuccessAndDebuggerNotification(Task task)
   en System.Runtime.CompilerServices.TaskAwaiter`1.GetResult()
   en CapaDatos.Services.EmailQueueProcessor.<ProcessQueueAsync>d__10.MoveNext() en C:\AOCR\AOCR\AOCR05-01-2026\AOCR1\AOCR\CapaDatos\Services\EmailQueueService.cs:línea 332
2026-01-31 20:26:54.366 | ERROR | CID:N/A | ERR:EMAIL_QUEUE_ERROR | Error de configuración de base de datos.
    Exception: DataAccessException
    StackTrace:    en CapaDatos.Infrastructure.BaseDAO.ExecuteWithConnection[T](Func`2 action) en C:\AOCR\AOCR\AOCR05-01-2026\AOCR1\AOCR\CapaDatos\Infrastructure\BaseDAO.cs:línea 68
   en CapaDatos.Services.EmailQueueService.<ObtenerSiguienteAsync>d__5.MoveNext() en C:\AOCR\AOCR\AOCR05-01-2026\AOCR1\AOCR\CapaDatos\Services\EmailQueueService.cs:línea 136
--- Fin del seguimiento de la pila de la ubicación anterior donde se produjo la excepción ---
   en System.Runtime.ExceptionServices.ExceptionDispatchInfo.Throw()
   en System.Runtime.CompilerServices.TaskAwaiter.HandleNonSuccessAndDebuggerNotification(Task task)
   en System.Runtime.CompilerServices.TaskAwaiter`1.GetResult()
   en CapaDatos.Services.EmailQueueProcessor.<ProcessQueueAsync>d__10.MoveNext() en C:\AOCR\AOCR\AOCR05-01-2026\AOCR1\AOCR\CapaDatos\Services\EmailQueueService.cs:línea 332
2026-01-31 20:27:24.413 | ERROR | CID:N/A | ERR:EMAIL_QUEUE_ERROR | Error de configuración de base de datos.
    Exception: DataAccessException
    StackTrace:    en CapaDatos.Infrastructure.BaseDAO.ExecuteWithConnection[T](Func`2 action) en C:\AOCR\AOCR\AOCR05-01-2026\AOCR1\AOCR\CapaDatos\Infrastructure\BaseDAO.cs:línea 68
   en CapaDatos.Services.EmailQueueService.<ObtenerSiguienteAsync>d__5.MoveNext() en C:\AOCR\AOCR\AOCR05-01-2026\AOCR1\AOCR\CapaDatos\Services\EmailQueueService.cs:línea 136
--- Fin del seguimiento de la pila de la ubicación anterior donde se produjo la excepción ---
   en System.Runtime.ExceptionServices.ExceptionDispatchInfo.Throw()
   en System.Runtime.CompilerServices.TaskAwaiter.HandleNonSuccessAndDebuggerNotification(Task task)
   en System.Runtime.CompilerServices.TaskAwaiter`1.GetResult()
   en CapaDatos.Services.EmailQueueProcessor.<ProcessQueueAsync>d__10.MoveNext() en C:\AOCR\AOCR\AOCR05-01-2026\AOCR1\AOCR\CapaDatos\Services\EmailQueueService.cs:línea 332
2026-01-31 20:27:54.466 | ERROR | CID:N/A | ERR:EMAIL_QUEUE_ERROR | Error de configuración de base de datos.
    Exception: DataAccessException
    StackTrace:    en CapaDatos.Infrastructure.BaseDAO.ExecuteWithConnection[T](Func`2 action) en C:\AOCR\AOCR\AOCR05-01-2026\AOCR1\AOCR\CapaDatos\Infrastructure\BaseDAO.cs:línea 68
   en CapaDatos.Services.EmailQueueService.<ObtenerSiguienteAsync>d__5.MoveNext() en C:\AOCR\AOCR\AOCR05-01-2026\AOCR1\AOCR\CapaDatos\Services\EmailQueueService.cs:línea 136
--- Fin del seguimiento de la pila de la ubicación anterior donde se produjo la excepción ---
   en System.Runtime.ExceptionServices.ExceptionDispatchInfo.Throw()
   en System.Runtime.CompilerServices.TaskAwaiter.HandleNonSuccessAndDebuggerNotification(Task task)
   en System.Runtime.CompilerServices.TaskAwaiter`1.GetResult()
   en CapaDatos.Services.EmailQueueProcessor.<ProcessQueueAsync>d__10.MoveNext() en C:\AOCR\AOCR\AOCR05-01-2026\AOCR1\AOCR\CapaDatos\Services\EmailQueueService.cs:línea 332
2026-01-31 20:28:24.516 | ERROR | CID:N/A | ERR:EMAIL_QUEUE_ERROR | Error de configuración de base de datos.
    Exception: DataAccessException
    StackTrace:    en CapaDatos.Infrastructure.BaseDAO.ExecuteWithConnection[T](Func`2 action) en C:\AOCR\AOCR\AOCR05-01-2026\AOCR1\AOCR\CapaDatos\Infrastructure\BaseDAO.cs:línea 68
   en CapaDatos.Services.EmailQueueService.<ObtenerSiguienteAsync>d__5.MoveNext() en C:\AOCR\AOCR\AOCR05-01-2026\AOCR1\AOCR\CapaDatos\Services\EmailQueueService.cs:línea 136
--- Fin del seguimiento de la pila de la ubicación anterior donde se produjo la excepción ---
   en System.Runtime.ExceptionServices.ExceptionDispatchInfo.Throw()
   en System.Runtime.CompilerServices.TaskAwaiter.HandleNonSuccessAndDebuggerNotification(Task task)
   en System.Runtime.CompilerServices.TaskAwaiter`1.GetResult()
   en CapaDatos.Services.EmailQueueProcessor.<ProcessQueueAsync>d__10.MoveNext() en C:\AOCR\AOCR\AOCR05-01-2026\AOCR1\AOCR\CapaDatos\Services\EmailQueueService.cs:línea 332
2026-01-31 20:28:54.573 | ERROR | CID:N/A | ERR:EMAIL_QUEUE_ERROR | Error de configuración de base de datos.
    Exception: DataAccessException
    StackTrace:    en CapaDatos.Infrastructure.BaseDAO.ExecuteWithConnection[T](Func`2 action) en C:\AOCR\AOCR\AOCR05-01-2026\AOCR1\AOCR\CapaDatos\Infrastructure\BaseDAO.cs:línea 68
   en CapaDatos.Services.EmailQueueService.<ObtenerSiguienteAsync>d__5.MoveNext() en C:\AOCR\AOCR\AOCR05-01-2026\AOCR1\AOCR\CapaDatos\Services\EmailQueueService.cs:línea 136
--- Fin del seguimiento de la pila de la ubicación anterior donde se produjo la excepción ---
   en System.Runtime.ExceptionServices.ExceptionDispatchInfo.Throw()
   en System.Runtime.CompilerServices.TaskAwaiter.HandleNonSuccessAndDebuggerNotification(Task task)
   en System.Runtime.CompilerServices.TaskAwaiter`1.GetResult()
   en CapaDatos.Services.EmailQueueProcessor.<ProcessQueueAsync>d__10.MoveNext() en C:\AOCR\AOCR\AOCR05-01-2026\AOCR1\AOCR\CapaDatos\Services\EmailQueueService.cs:línea 332
2026-01-31 20:29:24.632 | ERROR | CID:N/A | ERR:EMAIL_QUEUE_ERROR | Error de configuración de base de datos.
    Exception: DataAccessException
    StackTrace:    en CapaDatos.Infrastructure.BaseDAO.ExecuteWithConnection[T](Func`2 action) en C:\AOCR\AOCR\AOCR05-01-2026\AOCR1\AOCR\CapaDatos\Infrastructure\BaseDAO.cs:línea 68
   en CapaDatos.Services.EmailQueueService.<ObtenerSiguienteAsync>d__5.MoveNext() en C:\AOCR\AOCR\AOCR05-01-2026\AOCR1\AOCR\CapaDatos\Services\EmailQueueService.cs:línea 136
--- Fin del seguimiento de la pila de la ubicación anterior donde se produjo la excepción ---
   en System.Runtime.ExceptionServices.ExceptionDispatchInfo.Throw()
   en System.Runtime.CompilerServices.TaskAwaiter.HandleNonSuccessAndDebuggerNotification(Task task)
   en System.Runtime.CompilerServices.TaskAwaiter`1.GetResult()
   en CapaDatos.Services.EmailQueueProcessor.<ProcessQueueAsync>d__10.MoveNext() en C:\AOCR\AOCR\AOCR05-01-2026\AOCR1\AOCR\CapaDatos\Services\EmailQueueService.cs:línea 332
2026-01-31 20:29:54.689 | ERROR | CID:N/A | ERR:EMAIL_QUEUE_ERROR | Error de configuración de base de datos.
    Exception: DataAccessException
    StackTrace:    en CapaDatos.Infrastructure.BaseDAO.ExecuteWithConnection[T](Func`2 action) en C:\AOCR\AOCR\AOCR05-01-2026\AOCR1\AOCR\CapaDatos\Infrastructure\BaseDAO.cs:línea 68
   en CapaDatos.Services.EmailQueueService.<ObtenerSiguienteAsync>d__5.MoveNext() en C:\AOCR\AOCR\AOCR05-01-2026\AOCR1\AOCR\CapaDatos\Services\EmailQueueService.cs:línea 136
--- Fin del seguimiento de la pila de la ubicación anterior donde se produjo la excepción ---
   en System.Runtime.ExceptionServices.ExceptionDispatchInfo.Throw()
   en System.Runtime.CompilerServices.TaskAwaiter.HandleNonSuccessAndDebuggerNotification(Task task)
   en System.Runtime.CompilerServices.TaskAwaiter`1.GetResult()
   en CapaDatos.Services.EmailQueueProcessor.<ProcessQueueAsync>d__10.MoveNext() en C:\AOCR\AOCR\AOCR05-01-2026\AOCR1\AOCR\CapaDatos\Services\EmailQueueService.cs:línea 332
2026-01-31 20:30:24.750 | ERROR | CID:N/A | ERR:EMAIL_QUEUE_ERROR | Error de configuración de base de datos.
    Exception: DataAccessException
    StackTrace:    en CapaDatos.Infrastructure.BaseDAO.ExecuteWithConnection[T](Func`2 action) en C:\AOCR\AOCR\AOCR05-01-2026\AOCR1\AOCR\CapaDatos\Infrastructure\BaseDAO.cs:línea 68
   en CapaDatos.Services.EmailQueueService.<ObtenerSiguienteAsync>d__5.MoveNext() en C:\AOCR\AOCR\AOCR05-01-2026\AOCR1\AOCR\CapaDatos\Services\EmailQueueService.cs:línea 136
--- Fin del seguimiento de la pila de la ubicación anterior donde se produjo la excepción ---
   en System.Runtime.ExceptionServices.ExceptionDispatchInfo.Throw()
   en System.Runtime.CompilerServices.TaskAwaiter.HandleNonSuccessAndDebuggerNotification(Task task)
   en System.Runtime.CompilerServices.TaskAwaiter`1.GetResult()
   en CapaDatos.Services.EmailQueueProcessor.<ProcessQueueAsync>d__10.MoveNext() en C:\AOCR\AOCR\AOCR05-01-2026\AOCR1\AOCR\CapaDatos\Services\EmailQueueService.cs:línea 332
2026-01-31 20:30:54.811 | ERROR | CID:N/A | ERR:EMAIL_QUEUE_ERROR | Error de configuración de base de datos.
    Exception: DataAccessException
    StackTrace:    en CapaDatos.Infrastructure.BaseDAO.ExecuteWithConnection[T](Func`2 action) en C:\AOCR\AOCR\AOCR05-01-2026\AOCR1\AOCR\CapaDatos\Infrastructure\BaseDAO.cs:línea 68
   en CapaDatos.Services.EmailQueueService.<ObtenerSiguienteAsync>d__5.MoveNext() en C:\AOCR\AOCR\AOCR05-01-2026\AOCR1\AOCR\CapaDatos\Services\EmailQueueService.cs:línea 136
--- Fin del seguimiento de la pila de la ubicación anterior donde se produjo la excepción ---
   en System.Runtime.ExceptionServices.ExceptionDispatchInfo.Throw()
   en System.Runtime.CompilerServices.TaskAwaiter.HandleNonSuccessAndDebuggerNotification(Task task)
   en System.Runtime.CompilerServices.TaskAwaiter`1.GetResult()
   en CapaDatos.Services.EmailQueueProcessor.<ProcessQueueAsync>d__10.MoveNext() en C:\AOCR\AOCR\AOCR05-01-2026\AOCR1\AOCR\CapaDatos\Services\EmailQueueService.cs:línea 332
2026-01-31 20:31:24.865 | ERROR | CID:N/A | ERR:EMAIL_QUEUE_ERROR | Error de configuración de base de datos.
    Exception: DataAccessException
    StackTrace:    en CapaDatos.Infrastructure.BaseDAO.ExecuteWithConnection[T](Func`2 action) en C:\AOCR\AOCR\AOCR05-01-2026\AOCR1\AOCR\CapaDatos\Infrastructure\BaseDAO.cs:línea 68
   en CapaDatos.Services.EmailQueueService.<ObtenerSiguienteAsync>d__5.MoveNext() en C:\AOCR\AOCR\AOCR05-01-2026\AOCR1\AOCR\CapaDatos\Services\EmailQueueService.cs:línea 136
--- Fin del seguimiento de la pila de la ubicación anterior donde se produjo la excepción ---
   en System.Runtime.ExceptionServices.ExceptionDispatchInfo.Throw()
   en System.Runtime.CompilerServices.TaskAwaiter.HandleNonSuccessAndDebuggerNotification(Task task)
   en System.Runtime.CompilerServices.TaskAwaiter`1.GetResult()
   en CapaDatos.Services.EmailQueueProcessor.<ProcessQueueAsync>d__10.MoveNext() en C:\AOCR\AOCR\AOCR05-01-2026\AOCR1\AOCR\CapaDatos\Services\EmailQueueService.cs:línea 332
2026-01-31 20:31:54.918 | ERROR | CID:N/A | ERR:EMAIL_QUEUE_ERROR | Error de configuración de base de datos.
    Exception: DataAccessException
    StackTrace:    en CapaDatos.Infrastructure.BaseDAO.ExecuteWithConnection[T](Func`2 action) en C:\AOCR\AOCR\AOCR05-01-2026\AOCR1\AOCR\CapaDatos\Infrastructure\BaseDAO.cs:línea 68
   en CapaDatos.Services.EmailQueueService.<ObtenerSiguienteAsync>d__5.MoveNext() en C:\AOCR\AOCR\AOCR05-01-2026\AOCR1\AOCR\CapaDatos\Services\EmailQueueService.cs:línea 136
--- Fin del seguimiento de la pila de la ubicación anterior donde se produjo la excepción ---
   en System.Runtime.ExceptionServices.ExceptionDispatchInfo.Throw()
   en System.Runtime.CompilerServices.TaskAwaiter.HandleNonSuccessAndDebuggerNotification(Task task)
   en System.Runtime.CompilerServices.TaskAwaiter`1.GetResult()
   en CapaDatos.Services.EmailQueueProcessor.<ProcessQueueAsync>d__10.MoveNext() en C:\AOCR\AOCR\AOCR05-01-2026\AOCR1\AOCR\CapaDatos\Services\EmailQueueService.cs:línea 332
2026-01-31 20:32:24.969 | ERROR | CID:N/A | ERR:EMAIL_QUEUE_ERROR | Error de configuración de base de datos.
    Exception: DataAccessException
    StackTrace:    en CapaDatos.Infrastructure.BaseDAO.ExecuteWithConnection[T](Func`2 action) en C:\AOCR\AOCR\AOCR05-01-2026\AOCR1\AOCR\CapaDatos\Infrastructure\BaseDAO.cs:línea 68
   en CapaDatos.Services.EmailQueueService.<ObtenerSiguienteAsync>d__5.MoveNext() en C:\AOCR\AOCR\AOCR05-01-2026\AOCR1\AOCR\CapaDatos\Services\EmailQueueService.cs:línea 136
--- Fin del seguimiento de la pila de la ubicación anterior donde se produjo la excepción ---
   en System.Runtime.ExceptionServices.ExceptionDispatchInfo.Throw()
   en System.Runtime.CompilerServices.TaskAwaiter.HandleNonSuccessAndDebuggerNotification(Task task)
   en System.Runtime.CompilerServices.TaskAwaiter`1.GetResult()
   en CapaDatos.Services.EmailQueueProcessor.<ProcessQueueAsync>d__10.MoveNext() en C:\AOCR\AOCR\AOCR05-01-2026\AOCR1\AOCR\CapaDatos\Services\EmailQueueService.cs:línea 332
2026-01-31 20:32:55.016 | ERROR | CID:N/A | ERR:EMAIL_QUEUE_ERROR | Error de configuración de base de datos.
    Exception: DataAccessException
    StackTrace:    en CapaDatos.Infrastructure.BaseDAO.ExecuteWithConnection[T](Func`2 action) en C:\AOCR\AOCR\AOCR05-01-2026\AOCR1\AOCR\CapaDatos\Infrastructure\BaseDAO.cs:línea 68
   en CapaDatos.Services.EmailQueueService.<ObtenerSiguienteAsync>d__5.MoveNext() en C:\AOCR\AOCR\AOCR05-01-2026\AOCR1\AOCR\CapaDatos\Services\EmailQueueService.cs:línea 136
--- Fin del seguimiento de la pila de la ubicación anterior donde se produjo la excepción ---
   en System.Runtime.ExceptionServices.ExceptionDispatchInfo.Throw()
   en System.Runtime.CompilerServices.TaskAwaiter.HandleNonSuccessAndDebuggerNotification(Task task)
   en System.Runtime.CompilerServices.TaskAwaiter`1.GetResult()
   en CapaDatos.Services.EmailQueueProcessor.<ProcessQueueAsync>d__10.MoveNext() en C:\AOCR\AOCR\AOCR05-01-2026\AOCR1\AOCR\CapaDatos\Services\EmailQueueService.cs:línea 332
2026-01-31 20:33:25.070 | ERROR | CID:N/A | ERR:EMAIL_QUEUE_ERROR | Error de configuración de base de datos.
    Exception: DataAccessException
    StackTrace:    en CapaDatos.Infrastructure.BaseDAO.ExecuteWithConnection[T](Func`2 action) en C:\AOCR\AOCR\AOCR05-01-2026\AOCR1\AOCR\CapaDatos\Infrastructure\BaseDAO.cs:línea 68
   en CapaDatos.Services.EmailQueueService.<ObtenerSiguienteAsync>d__5.MoveNext() en C:\AOCR\AOCR\AOCR05-01-2026\AOCR1\AOCR\CapaDatos\Services\EmailQueueService.cs:línea 136
--- Fin del seguimiento de la pila de la ubicación anterior donde se produjo la excepción ---
   en System.Runtime.ExceptionServices.ExceptionDispatchInfo.Throw()
   en System.Runtime.CompilerServices.TaskAwaiter.HandleNonSuccessAndDebuggerNotification(Task task)
   en System.Runtime.CompilerServices.TaskAwaiter`1.GetResult()
   en CapaDatos.Services.EmailQueueProcessor.<ProcessQueueAsync>d__10.MoveNext() en C:\AOCR\AOCR\AOCR05-01-2026\AOCR1\AOCR\CapaDatos\Services\EmailQueueService.cs:línea 332
2026-01-31 20:33:55.123 | ERROR | CID:N/A | ERR:EMAIL_QUEUE_ERROR | Error de configuración de base de datos.
    Exception: DataAccessException
    StackTrace:    en CapaDatos.Infrastructure.BaseDAO.ExecuteWithConnection[T](Func`2 action) en C:\AOCR\AOCR\AOCR05-01-2026\AOCR1\AOCR\CapaDatos\Infrastructure\BaseDAO.cs:línea 68
   en CapaDatos.Services.EmailQueueService.<ObtenerSiguienteAsync>d__5.MoveNext() en C:\AOCR\AOCR\AOCR05-01-2026\AOCR1\AOCR\CapaDatos\Services\EmailQueueService.cs:línea 136
--- Fin del seguimiento de la pila de la ubicación anterior donde se produjo la excepción ---
   en System.Runtime.ExceptionServices.ExceptionDispatchInfo.Throw()
   en System.Runtime.CompilerServices.TaskAwaiter.HandleNonSuccessAndDebuggerNotification(Task task)
   en System.Runtime.CompilerServices.TaskAwaiter`1.GetResult()
   en CapaDatos.Services.EmailQueueProcessor.<ProcessQueueAsync>d__10.MoveNext() en C:\AOCR\AOCR\AOCR05-01-2026\AOCR1\AOCR\CapaDatos\Services\EmailQueueService.cs:línea 332
2026-01-31 20:34:25.192 | ERROR | CID:N/A | ERR:EMAIL_QUEUE_ERROR | Error de configuración de base de datos.
    Exception: DataAccessException
    StackTrace:    en CapaDatos.Infrastructure.BaseDAO.ExecuteWithConnection[T](Func`2 action) en C:\AOCR\AOCR\AOCR05-01-2026\AOCR1\AOCR\CapaDatos\Infrastructure\BaseDAO.cs:línea 68
   en CapaDatos.Services.EmailQueueService.<ObtenerSiguienteAsync>d__5.MoveNext() en C:\AOCR\AOCR\AOCR05-01-2026\AOCR1\AOCR\CapaDatos\Services\EmailQueueService.cs:línea 136
--- Fin del seguimiento de la pila de la ubicación anterior donde se produjo la excepción ---
   en System.Runtime.ExceptionServices.ExceptionDispatchInfo.Throw()
   en System.Runtime.CompilerServices.TaskAwaiter.HandleNonSuccessAndDebuggerNotification(Task task)
   en System.Runtime.CompilerServices.TaskAwaiter`1.GetResult()
   en CapaDatos.Services.EmailQueueProcessor.<ProcessQueueAsync>d__10.MoveNext() en C:\AOCR\AOCR\AOCR05-01-2026\AOCR1\AOCR\CapaDatos\Services\EmailQueueService.cs:línea 332
2026-01-31 20:34:55.254 | ERROR | CID:N/A | ERR:EMAIL_QUEUE_ERROR | Error de configuración de base de datos.
    Exception: DataAccessException
    StackTrace:    en CapaDatos.Infrastructure.BaseDAO.ExecuteWithConnection[T](Func`2 action) en C:\AOCR\AOCR\AOCR05-01-2026\AOCR1\AOCR\CapaDatos\Infrastructure\BaseDAO.cs:línea 68
   en CapaDatos.Services.EmailQueueService.<ObtenerSiguienteAsync>d__5.MoveNext() en C:\AOCR\AOCR\AOCR05-01-2026\AOCR1\AOCR\CapaDatos\Services\EmailQueueService.cs:línea 136
--- Fin del seguimiento de la pila de la ubicación anterior donde se produjo la excepción ---
   en System.Runtime.ExceptionServices.ExceptionDispatchInfo.Throw()
   en System.Runtime.CompilerServices.TaskAwaiter.HandleNonSuccessAndDebuggerNotification(Task task)
   en System.Runtime.CompilerServices.TaskAwaiter`1.GetResult()
   en CapaDatos.Services.EmailQueueProcessor.<ProcessQueueAsync>d__10.MoveNext() en C:\AOCR\AOCR\AOCR05-01-2026\AOCR1\AOCR\CapaDatos\Services\EmailQueueService.cs:línea 332
2026-01-31 20:35:25.318 | ERROR | CID:N/A | ERR:EMAIL_QUEUE_ERROR | Error de configuración de base de datos.
    Exception: DataAccessException
    StackTrace:    en CapaDatos.Infrastructure.BaseDAO.ExecuteWithConnection[T](Func`2 action) en C:\AOCR\AOCR\AOCR05-01-2026\AOCR1\AOCR\CapaDatos\Infrastructure\BaseDAO.cs:línea 68
   en CapaDatos.Services.EmailQueueService.<ObtenerSiguienteAsync>d__5.MoveNext() en C:\AOCR\AOCR\AOCR05-01-2026\AOCR1\AOCR\CapaDatos\Services\EmailQueueService.cs:línea 136
--- Fin del seguimiento de la pila de la ubicación anterior donde se produjo la excepción ---
   en System.Runtime.ExceptionServices.ExceptionDispatchInfo.Throw()
   en System.Runtime.CompilerServices.TaskAwaiter.HandleNonSuccessAndDebuggerNotification(Task task)
   en System.Runtime.CompilerServices.TaskAwaiter`1.GetResult()
   en CapaDatos.Services.EmailQueueProcessor.<ProcessQueueAsync>d__10.MoveNext() en C:\AOCR\AOCR\AOCR05-01-2026\AOCR1\AOCR\CapaDatos\Services\EmailQueueService.cs:línea 332
2026-01-31 20:35:55.370 | ERROR | CID:N/A | ERR:EMAIL_QUEUE_ERROR | Error de configuración de base de datos.
    Exception: DataAccessException
    StackTrace:    en CapaDatos.Infrastructure.BaseDAO.ExecuteWithConnection[T](Func`2 action) en C:\AOCR\AOCR\AOCR05-01-2026\AOCR1\AOCR\CapaDatos\Infrastructure\BaseDAO.cs:línea 68
   en CapaDatos.Services.EmailQueueService.<ObtenerSiguienteAsync>d__5.MoveNext() en C:\AOCR\AOCR\AOCR05-01-2026\AOCR1\AOCR\CapaDatos\Services\EmailQueueService.cs:línea 136
--- Fin del seguimiento de la pila de la ubicación anterior donde se produjo la excepción ---
   en System.Runtime.ExceptionServices.ExceptionDispatchInfo.Throw()
   en System.Runtime.CompilerServices.TaskAwaiter.HandleNonSuccessAndDebuggerNotification(Task task)
   en System.Runtime.CompilerServices.TaskAwaiter`1.GetResult()
   en CapaDatos.Services.EmailQueueProcessor.<ProcessQueueAsync>d__10.MoveNext() en C:\AOCR\AOCR\AOCR05-01-2026\AOCR1\AOCR\CapaDatos\Services\EmailQueueService.cs:línea 332
2026-01-31 20:36:25.434 | ERROR | CID:N/A | ERR:EMAIL_QUEUE_ERROR | Error de configuración de base de datos.
    Exception: DataAccessException
    StackTrace:    en CapaDatos.Infrastructure.BaseDAO.ExecuteWithConnection[T](Func`2 action) en C:\AOCR\AOCR\AOCR05-01-2026\AOCR1\AOCR\CapaDatos\Infrastructure\BaseDAO.cs:línea 68
   en CapaDatos.Services.EmailQueueService.<ObtenerSiguienteAsync>d__5.MoveNext() en C:\AOCR\AOCR\AOCR05-01-2026\AOCR1\AOCR\CapaDatos\Services\EmailQueueService.cs:línea 136
--- Fin del seguimiento de la pila de la ubicación anterior donde se produjo la excepción ---
   en System.Runtime.ExceptionServices.ExceptionDispatchInfo.Throw()
   en System.Runtime.CompilerServices.TaskAwaiter.HandleNonSuccessAndDebuggerNotification(Task task)
   en System.Runtime.CompilerServices.TaskAwaiter`1.GetResult()
   en CapaDatos.Services.EmailQueueProcessor.<ProcessQueueAsync>d__10.MoveNext() en C:\AOCR\AOCR\AOCR05-01-2026\AOCR1\AOCR\CapaDatos\Services\EmailQueueService.cs:línea 332
2026-01-31 20:36:55.494 | ERROR | CID:N/A | ERR:EMAIL_QUEUE_ERROR | Error de configuración de base de datos.
    Exception: DataAccessException
    StackTrace:    en CapaDatos.Infrastructure.BaseDAO.ExecuteWithConnection[T](Func`2 action) en C:\AOCR\AOCR\AOCR05-01-2026\AOCR1\AOCR\CapaDatos\Infrastructure\BaseDAO.cs:línea 68
   en CapaDatos.Services.EmailQueueService.<ObtenerSiguienteAsync>d__5.MoveNext() en C:\AOCR\AOCR\AOCR05-01-2026\AOCR1\AOCR\CapaDatos\Services\EmailQueueService.cs:línea 136
--- Fin del seguimiento de la pila de la ubicación anterior donde se produjo la excepción ---
   en System.Runtime.ExceptionServices.ExceptionDispatchInfo.Throw()
   en System.Runtime.CompilerServices.TaskAwaiter.HandleNonSuccessAndDebuggerNotification(Task task)
   en System.Runtime.CompilerServices.TaskAwaiter`1.GetResult()
   en CapaDatos.Services.EmailQueueProcessor.<ProcessQueueAsync>d__10.MoveNext() en C:\AOCR\AOCR\AOCR05-01-2026\AOCR1\AOCR\CapaDatos\Services\EmailQueueService.cs:línea 332
2026-01-31 20:37:25.550 | ERROR | CID:N/A | ERR:EMAIL_QUEUE_ERROR | Error de configuración de base de datos.
    Exception: DataAccessException
    StackTrace:    en CapaDatos.Infrastructure.BaseDAO.ExecuteWithConnection[T](Func`2 action) en C:\AOCR\AOCR\AOCR05-01-2026\AOCR1\AOCR\CapaDatos\Infrastructure\BaseDAO.cs:línea 68
   en CapaDatos.Services.EmailQueueService.<ObtenerSiguienteAsync>d__5.MoveNext() en C:\AOCR\AOCR\AOCR05-01-2026\AOCR1\AOCR\CapaDatos\Services\EmailQueueService.cs:línea 136
--- Fin del seguimiento de la pila de la ubicación anterior donde se produjo la excepción ---
   en System.Runtime.ExceptionServices.ExceptionDispatchInfo.Throw()
   en System.Runtime.CompilerServices.TaskAwaiter.HandleNonSuccessAndDebuggerNotification(Task task)
   en System.Runtime.CompilerServices.TaskAwaiter`1.GetResult()
   en CapaDatos.Services.EmailQueueProcessor.<ProcessQueueAsync>d__10.MoveNext() en C:\AOCR\AOCR\AOCR05-01-2026\AOCR1\AOCR\CapaDatos\Services\EmailQueueService.cs:línea 332
2026-01-31 20:37:55.593 | ERROR | CID:N/A | ERR:EMAIL_QUEUE_ERROR | Error de configuración de base de datos.
    Exception: DataAccessException
    StackTrace:    en CapaDatos.Infrastructure.BaseDAO.ExecuteWithConnection[T](Func`2 action) en C:\AOCR\AOCR\AOCR05-01-2026\AOCR1\AOCR\CapaDatos\Infrastructure\BaseDAO.cs:línea 68
   en CapaDatos.Services.EmailQueueService.<ObtenerSiguienteAsync>d__5.MoveNext() en C:\AOCR\AOCR\AOCR05-01-2026\AOCR1\AOCR\CapaDatos\Services\EmailQueueService.cs:línea 136
--- Fin del seguimiento de la pila de la ubicación anterior donde se produjo la excepción ---
   en System.Runtime.ExceptionServices.ExceptionDispatchInfo.Throw()
   en System.Runtime.CompilerServices.TaskAwaiter.HandleNonSuccessAndDebuggerNotification(Task task)
   en System.Runtime.CompilerServices.TaskAwaiter`1.GetResult()
   en CapaDatos.Services.EmailQueueProcessor.<ProcessQueueAsync>d__10.MoveNext() en C:\AOCR\AOCR\AOCR05-01-2026\AOCR1\AOCR\CapaDatos\Services\EmailQueueService.cs:línea 332
2026-01-31 20:38:25.645 | ERROR | CID:N/A | ERR:EMAIL_QUEUE_ERROR | Error de configuración de base de datos.
    Exception: DataAccessException
    StackTrace:    en CapaDatos.Infrastructure.BaseDAO.ExecuteWithConnection[T](Func`2 action) en C:\AOCR\AOCR\AOCR05-01-2026\AOCR1\AOCR\CapaDatos\Infrastructure\BaseDAO.cs:línea 68
   en CapaDatos.Services.EmailQueueService.<ObtenerSiguienteAsync>d__5.MoveNext() en C:\AOCR\AOCR\AOCR05-01-2026\AOCR1\AOCR\CapaDatos\Services\EmailQueueService.cs:línea 136
--- Fin del seguimiento de la pila de la ubicación anterior donde se produjo la excepción ---
   en System.Runtime.ExceptionServices.ExceptionDispatchInfo.Throw()
   en System.Runtime.CompilerServices.TaskAwaiter.HandleNonSuccessAndDebuggerNotification(Task task)
   en System.Runtime.CompilerServices.TaskAwaiter`1.GetResult()
   en CapaDatos.Services.EmailQueueProcessor.<ProcessQueueAsync>d__10.MoveNext() en C:\AOCR\AOCR\AOCR05-01-2026\AOCR1\AOCR\CapaDatos\Services\EmailQueueService.cs:línea 332
2026-01-31 20:38:55.700 | ERROR | CID:N/A | ERR:EMAIL_QUEUE_ERROR | Error de configuración de base de datos.
    Exception: DataAccessException
    StackTrace:    en CapaDatos.Infrastructure.BaseDAO.ExecuteWithConnection[T](Func`2 action) en C:\AOCR\AOCR\AOCR05-01-2026\AOCR1\AOCR\CapaDatos\Infrastructure\BaseDAO.cs:línea 68
   en CapaDatos.Services.EmailQueueService.<ObtenerSiguienteAsync>d__5.MoveNext() en C:\AOCR\AOCR\AOCR05-01-2026\AOCR1\AOCR\CapaDatos\Services\EmailQueueService.cs:línea 136
--- Fin del seguimiento de la pila de la ubicación anterior donde se produjo la excepción ---
   en System.Runtime.ExceptionServices.ExceptionDispatchInfo.Throw()
   en System.Runtime.CompilerServices.TaskAwaiter.HandleNonSuccessAndDebuggerNotification(Task task)
   en System.Runtime.CompilerServices.TaskAwaiter`1.GetResult()
   en CapaDatos.Services.EmailQueueProcessor.<ProcessQueueAsync>d__10.MoveNext() en C:\AOCR\AOCR\AOCR05-01-2026\AOCR1\AOCR\CapaDatos\Services\EmailQueueService.cs:línea 332
2026-01-31 20:39:25.763 | ERROR | CID:N/A | ERR:EMAIL_QUEUE_ERROR | Error de configuración de base de datos.
    Exception: DataAccessException
    StackTrace:    en CapaDatos.Infrastructure.BaseDAO.ExecuteWithConnection[T](Func`2 action) en C:\AOCR\AOCR\AOCR05-01-2026\AOCR1\AOCR\CapaDatos\Infrastructure\BaseDAO.cs:línea 68
   en CapaDatos.Services.EmailQueueService.<ObtenerSiguienteAsync>d__5.MoveNext() en C:\AOCR\AOCR\AOCR05-01-2026\AOCR1\AOCR\CapaDatos\Services\EmailQueueService.cs:línea 136
--- Fin del seguimiento de la pila de la ubicación anterior donde se produjo la excepción ---
   en System.Runtime.ExceptionServices.ExceptionDispatchInfo.Throw()
   en System.Runtime.CompilerServices.TaskAwaiter.HandleNonSuccessAndDebuggerNotification(Task task)
   en System.Runtime.CompilerServices.TaskAwaiter`1.GetResult()
   en CapaDatos.Services.EmailQueueProcessor.<ProcessQueueAsync>d__10.MoveNext() en C:\AOCR\AOCR\AOCR05-01-2026\AOCR1\AOCR\CapaDatos\Services\EmailQueueService.cs:línea 332
2026-01-31 20:39:55.817 | ERROR | CID:N/A | ERR:EMAIL_QUEUE_ERROR | Error de configuración de base de datos.
    Exception: DataAccessException
    StackTrace:    en CapaDatos.Infrastructure.BaseDAO.ExecuteWithConnection[T](Func`2 action) en C:\AOCR\AOCR\AOCR05-01-2026\AOCR1\AOCR\CapaDatos\Infrastructure\BaseDAO.cs:línea 68
   en CapaDatos.Services.EmailQueueService.<ObtenerSiguienteAsync>d__5.MoveNext() en C:\AOCR\AOCR\AOCR05-01-2026\AOCR1\AOCR\CapaDatos\Services\EmailQueueService.cs:línea 136
--- Fin del seguimiento de la pila de la ubicación anterior donde se produjo la excepción ---
   en System.Runtime.ExceptionServices.ExceptionDispatchInfo.Throw()
   en System.Runtime.CompilerServices.TaskAwaiter.HandleNonSuccessAndDebuggerNotification(Task task)
   en System.Runtime.CompilerServices.TaskAwaiter`1.GetResult()
   en CapaDatos.Services.EmailQueueProcessor.<ProcessQueueAsync>d__10.MoveNext() en C:\AOCR\AOCR\AOCR05-01-2026\AOCR1\AOCR\CapaDatos\Services\EmailQueueService.cs:línea 332
2026-01-31 20:40:25.867 | ERROR | CID:N/A | ERR:EMAIL_QUEUE_ERROR | Error de configuración de base de datos.
    Exception: DataAccessException
    StackTrace:    en CapaDatos.Infrastructure.BaseDAO.ExecuteWithConnection[T](Func`2 action) en C:\AOCR\AOCR\AOCR05-01-2026\AOCR1\AOCR\CapaDatos\Infrastructure\BaseDAO.cs:línea 68
   en CapaDatos.Services.EmailQueueService.<ObtenerSiguienteAsync>d__5.MoveNext() en C:\AOCR\AOCR\AOCR05-01-2026\AOCR1\AOCR\CapaDatos\Services\EmailQueueService.cs:línea 136
--- Fin del seguimiento de la pila de la ubicación anterior donde se produjo la excepción ---
   en System.Runtime.ExceptionServices.ExceptionDispatchInfo.Throw()
   en System.Runtime.CompilerServices.TaskAwaiter.HandleNonSuccessAndDebuggerNotification(Task task)
   en System.Runtime.CompilerServices.TaskAwaiter`1.GetResult()
   en CapaDatos.Services.EmailQueueProcessor.<ProcessQueueAsync>d__10.MoveNext() en C:\AOCR\AOCR\AOCR05-01-2026\AOCR1\AOCR\CapaDatos\Services\EmailQueueService.cs:línea 332
2026-01-31 20:41:05.212 | INFO  | CID:N/A | Iniciando procesador de cola de correos
2026-01-31 20:41:05.776 | ERROR | CID:N/A | ERR:EMAIL_QUEUE_ERROR | Error de configuración de base de datos.
    Exception: DataAccessException
    StackTrace:    en CapaDatos.Infrastructure.BaseDAO.ExecuteWithConnection[T](Func`2 action) en C:\AOCR\AOCR\AOCR05-01-2026\AOCR1\AOCR\CapaDatos\Infrastructure\BaseDAO.cs:línea 68
   en CapaDatos.Services.EmailQueueService.<ObtenerSiguienteAsync>d__5.MoveNext() en C:\AOCR\AOCR\AOCR05-01-2026\AOCR1\AOCR\CapaDatos\Services\EmailQueueService.cs:línea 136
--- Fin del seguimiento de la pila de la ubicación anterior donde se produjo la excepción ---
   en System.Runtime.ExceptionServices.ExceptionDispatchInfo.Throw()
   en System.Runtime.CompilerServices.TaskAwaiter.HandleNonSuccessAndDebuggerNotification(Task task)
   en System.Runtime.CompilerServices.TaskAwaiter`1.GetResult()
   en CapaDatos.Services.EmailQueueProcessor.<ProcessQueueAsync>d__10.MoveNext() en C:\AOCR\AOCR\AOCR05-01-2026\AOCR1\AOCR\CapaDatos\Services\EmailQueueService.cs:línea 332
2026-01-31 20:41:25.740 | INFO  | CID:048995e6fa57 | USR:USU_ADMIN | Account/Login | Iniciando acción: Account/Login
2026-01-31 20:41:26.039 | INFO  | CID:048995e6fa57 | USR:USU_ADMIN | Account/Login | Acción completada: Account/Login
2026-01-31 20:41:34.362 | ERROR | CID:861a461ee42e | USR:USU_ADMIN | OrdenRecaudacion/Nueva | ERR:BAD_REQUEST | El elemento de modelo pasado al diccionario es de tipo 'CapaDatos.Entidades.OrdenRecaudacion', pero este diccionario requiere un elemento de modelo de tipo 'CapaPresentacion.Models.OrdenRecaudacionNuevaVM'.
    Exception: InvalidOperationException
    StackTrace:    en System.Web.Mvc.ViewDataDictionary`1.SetModel(Object value)
   en System.Web.Mvc.ViewDataDictionary..ctor(ViewDataDictionary dictionary)
   en System.Web.Mvc.WebViewPage`1.SetViewData(ViewDataDictionary viewData)
   en System.Web.Mvc.RazorView.RenderView(ViewContext viewContext, TextWriter writer, Object instance)
   en System.Web.Mvc.ViewResultBase.ExecuteResult(ControllerContext context)
   en System.Web.Mvc.ControllerActionInvoker.InvokeActionResultFilterRecursive(IList`1 filters, Int32 filterIndex, ResultExecutingContext preContext, ControllerContext controllerContext, ActionResult actionResult)
   en System.Web.Mvc.ControllerActionInvoker.InvokeActionResultFilterRecursive(IList`1 filters, Int32 filterIndex, ResultExecutingContext preContext, ControllerContext controllerContext, ActionResult actionResult)
   en System.Web.Mvc.ControllerActionInvoker.InvokeActionResultFilterRecursive(IList`1 filters, Int32 filterIndex, ResultExecutingContext preContext, ControllerContext controllerContext, ActionResult actionResult)
   en System.Web.Mvc.ControllerActionInvoker.InvokeActionResultFilterRecursive(IList`1 filters, Int32 filterIndex, ResultExecutingContext preContext, ControllerContext controllerContext, ActionResult actionResult)
   en System.Web.Mvc.ControllerActionInvoker.InvokeActionResultWithFilters(ControllerContext controllerContext, IList`1 filters, ActionResult actionResult)
   en System.Web.Mvc.Async.AsyncControllerActionInvoker.<>c__DisplayClass3_1.<BeginInvokeAction>b__1(IAsyncResult asyncResult)
2026-01-31 20:41:35.856 | ERROR | CID:N/A | ERR:EMAIL_QUEUE_ERROR | Error de configuración de base de datos.
    Exception: DataAccessException
    StackTrace:    en CapaDatos.Infrastructure.BaseDAO.ExecuteWithConnection[T](Func`2 action) en C:\AOCR\AOCR\AOCR05-01-2026\AOCR1\AOCR\CapaDatos\Infrastructure\BaseDAO.cs:línea 68
   en CapaDatos.Services.EmailQueueService.<ObtenerSiguienteAsync>d__5.MoveNext() en C:\AOCR\AOCR\AOCR05-01-2026\AOCR1\AOCR\CapaDatos\Services\EmailQueueService.cs:línea 136
--- Fin del seguimiento de la pila de la ubicación anterior donde se produjo la excepción ---
   en System.Runtime.ExceptionServices.ExceptionDispatchInfo.Throw()
   en System.Runtime.CompilerServices.TaskAwaiter.HandleNonSuccessAndDebuggerNotification(Task task)
   en System.Runtime.CompilerServices.TaskAwaiter`1.GetResult()
   en CapaDatos.Services.EmailQueueProcessor.<ProcessQueueAsync>d__10.MoveNext() en C:\AOCR\AOCR\AOCR05-01-2026\AOCR1\AOCR\CapaDatos\Services\EmailQueueService.cs:línea 332
2026-01-31 20:42:05.920 | ERROR | CID:N/A | ERR:EMAIL_QUEUE_ERROR | Error de configuración de base de datos.
    Exception: DataAccessException
    StackTrace:    en CapaDatos.Infrastructure.BaseDAO.ExecuteWithConnection[T](Func`2 action) en C:\AOCR\AOCR\AOCR05-01-2026\AOCR1\AOCR\CapaDatos\Infrastructure\BaseDAO.cs:línea 68
   en CapaDatos.Services.EmailQueueService.<ObtenerSiguienteAsync>d__5.MoveNext() en C:\AOCR\AOCR\AOCR05-01-2026\AOCR1\AOCR\CapaDatos\Services\EmailQueueService.cs:línea 136
--- Fin del seguimiento de la pila de la ubicación anterior donde se produjo la excepción ---
   en System.Runtime.ExceptionServices.ExceptionDispatchInfo.Throw()
   en System.Runtime.CompilerServices.TaskAwaiter.HandleNonSuccessAndDebuggerNotification(Task task)
   en System.Runtime.CompilerServices.TaskAwaiter`1.GetResult()
   en CapaDatos.Services.EmailQueueProcessor.<ProcessQueueAsync>d__10.MoveNext() en C:\AOCR\AOCR\AOCR05-01-2026\AOCR1\AOCR\CapaDatos\Services\EmailQueueService.cs:línea 332
2026-01-31 20:42:36.013 | ERROR | CID:N/A | ERR:EMAIL_QUEUE_ERROR | Error de configuración de base de datos.
    Exception: DataAccessException
    StackTrace:    en CapaDatos.Infrastructure.BaseDAO.ExecuteWithConnection[T](Func`2 action) en C:\AOCR\AOCR\AOCR05-01-2026\AOCR1\AOCR\CapaDatos\Infrastructure\BaseDAO.cs:línea 68
   en CapaDatos.Services.EmailQueueService.<ObtenerSiguienteAsync>d__5.MoveNext() en C:\AOCR\AOCR\AOCR05-01-2026\AOCR1\AOCR\CapaDatos\Services\EmailQueueService.cs:línea 136
--- Fin del seguimiento de la pila de la ubicación anterior donde se produjo la excepción ---
   en System.Runtime.ExceptionServices.ExceptionDispatchInfo.Throw()
   en System.Runtime.CompilerServices.TaskAwaiter.HandleNonSuccessAndDebuggerNotification(Task task)
   en System.Runtime.CompilerServices.TaskAwaiter`1.GetResult()
   en CapaDatos.Services.EmailQueueProcessor.<ProcessQueueAsync>d__10.MoveNext() en C:\AOCR\AOCR\AOCR05-01-2026\AOCR1\AOCR\CapaDatos\Services\EmailQueueService.cs:línea 332
2026-01-31 20:43:06.063 | ERROR | CID:N/A | ERR:EMAIL_QUEUE_ERROR | Error de configuración de base de datos.
    Exception: DataAccessException
    StackTrace:    en CapaDatos.Infrastructure.BaseDAO.ExecuteWithConnection[T](Func`2 action) en C:\AOCR\AOCR\AOCR05-01-2026\AOCR1\AOCR\CapaDatos\Infrastructure\BaseDAO.cs:línea 68
   en CapaDatos.Services.EmailQueueService.<ObtenerSiguienteAsync>d__5.MoveNext() en C:\AOCR\AOCR\AOCR05-01-2026\AOCR1\AOCR\CapaDatos\Services\EmailQueueService.cs:línea 136
--- Fin del seguimiento de la pila de la ubicación anterior donde se produjo la excepción ---
   en System.Runtime.ExceptionServices.ExceptionDispatchInfo.Throw()
   en System.Runtime.CompilerServices.TaskAwaiter.HandleNonSuccessAndDebuggerNotification(Task task)
   en System.Runtime.CompilerServices.TaskAwaiter`1.GetResult()
   en CapaDatos.Services.EmailQueueProcessor.<ProcessQueueAsync>d__10.MoveNext() en C:\AOCR\AOCR\AOCR05-01-2026\AOCR1\AOCR\CapaDatos\Services\EmailQueueService.cs:línea 332
2026-01-31 20:43:28.490 | INFO  | CID:N/A | Deteniendo procesador de cola de correos
2026-01-31 20:43:28.529 | INFO  | CID:N/A | Procesador de cola detenido correctamente
2026-01-31 20:43:28.530 | INFO  | CID:N/A | Deteniendo procesador de cola de correos
2026-01-31 20:43:28.546 | INFO  | CID:N/A | Procesador de cola detenido correctamente
2026-01-31 21:07:55.649 | INFO  | CID:N/A | Iniciando procesador de cola de correos
2026-01-31 21:07:56.893 | ERROR | CID:N/A | ERR:EMAIL_QUEUE_ERROR | Error de configuración de base de datos.
    Exception: DataAccessException
    StackTrace:    en CapaDatos.Infrastructure.BaseDAO.ExecuteWithConnection[T](Func`2 action) en C:\AOCR\AOCR\AOCR05-01-2026\AOCR1\AOCR\CapaDatos\Infrastructure\BaseDAO.cs:línea 68
   en CapaDatos.Services.EmailQueueService.<ObtenerSiguienteAsync>d__5.MoveNext() en C:\AOCR\AOCR\AOCR05-01-2026\AOCR1\AOCR\CapaDatos\Services\EmailQueueService.cs:línea 136
--- Fin del seguimiento de la pila de la ubicación anterior donde se produjo la excepción ---
   en System.Runtime.ExceptionServices.ExceptionDispatchInfo.Throw()
   en System.Runtime.CompilerServices.TaskAwaiter.HandleNonSuccessAndDebuggerNotification(Task task)
   en System.Runtime.CompilerServices.TaskAwaiter`1.GetResult()
   en CapaDatos.Services.EmailQueueProcessor.<ProcessQueueAsync>d__10.MoveNext() en C:\AOCR\AOCR\AOCR05-01-2026\AOCR1\AOCR\CapaDatos\Services\EmailQueueService.cs:línea 332
2026-01-31 21:08:12.142 | INFO  | CID:47270d4a172f | USR:USU_ADMIN | Account/Login | Iniciando acción: Account/Login
2026-01-31 21:08:12.448 | INFO  | CID:47270d4a172f | USR:USU_ADMIN | Account/Login | Acción completada: Account/Login
2026-01-31 21:08:20.887 | ERROR | CID:b4cbd5bae59e | USR:USU_ADMIN | OrdenRecaudacion/Nueva | ERR:BAD_REQUEST | El elemento de modelo pasado al diccionario es de tipo 'CapaDatos.Entidades.OrdenRecaudacion', pero este diccionario requiere un elemento de modelo de tipo 'CapaPresentacion.Models.OrdenRecaudacionNuevaVM'.
    Exception: InvalidOperationException
    StackTrace:    en System.Web.Mvc.ViewDataDictionary`1.SetModel(Object value)
   en System.Web.Mvc.ViewDataDictionary..ctor(ViewDataDictionary dictionary)
   en System.Web.Mvc.WebViewPage`1.SetViewData(ViewDataDictionary viewData)
   en System.Web.Mvc.RazorView.RenderView(ViewContext viewContext, TextWriter writer, Object instance)
   en System.Web.Mvc.ViewResultBase.ExecuteResult(ControllerContext context)
   en System.Web.Mvc.ControllerActionInvoker.InvokeActionResultFilterRecursive(IList`1 filters, Int32 filterIndex, ResultExecutingContext preContext, ControllerContext controllerContext, ActionResult actionResult)
   en System.Web.Mvc.ControllerActionInvoker.InvokeActionResultFilterRecursive(IList`1 filters, Int32 filterIndex, ResultExecutingContext preContext, ControllerContext controllerContext, ActionResult actionResult)
   en System.Web.Mvc.ControllerActionInvoker.InvokeActionResultFilterRecursive(IList`1 filters, Int32 filterIndex, ResultExecutingContext preContext, ControllerContext controllerContext, ActionResult actionResult)
   en System.Web.Mvc.ControllerActionInvoker.InvokeActionResultFilterRecursive(IList`1 filters, Int32 filterIndex, ResultExecutingContext preContext, ControllerContext controllerContext, ActionResult actionResult)
   en System.Web.Mvc.ControllerActionInvoker.InvokeActionResultWithFilters(ControllerContext controllerContext, IList`1 filters, ActionResult actionResult)
   en System.Web.Mvc.Async.AsyncControllerActionInvoker.<>c__DisplayClass3_1.<BeginInvokeAction>b__1(IAsyncResult asyncResult)
2026-01-31 21:08:26.965 | ERROR | CID:N/A | ERR:EMAIL_QUEUE_ERROR | Error de configuración de base de datos.
    Exception: DataAccessException
    StackTrace:    en CapaDatos.Infrastructure.BaseDAO.ExecuteWithConnection[T](Func`2 action) en C:\AOCR\AOCR\AOCR05-01-2026\AOCR1\AOCR\CapaDatos\Infrastructure\BaseDAO.cs:línea 68
   en CapaDatos.Services.EmailQueueService.<ObtenerSiguienteAsync>d__5.MoveNext() en C:\AOCR\AOCR\AOCR05-01-2026\AOCR1\AOCR\CapaDatos\Services\EmailQueueService.cs:línea 136
--- Fin del seguimiento de la pila de la ubicación anterior donde se produjo la excepción ---
   en System.Runtime.ExceptionServices.ExceptionDispatchInfo.Throw()
   en System.Runtime.CompilerServices.TaskAwaiter.HandleNonSuccessAndDebuggerNotification(Task task)
   en System.Runtime.CompilerServices.TaskAwaiter`1.GetResult()
   en CapaDatos.Services.EmailQueueProcessor.<ProcessQueueAsync>d__10.MoveNext() en C:\AOCR\AOCR\AOCR05-01-2026\AOCR1\AOCR\CapaDatos\Services\EmailQueueService.cs:línea 332
2026-01-31 21:08:57.031 | ERROR | CID:N/A | ERR:EMAIL_QUEUE_ERROR | Error de configuración de base de datos.
    Exception: DataAccessException
    StackTrace:    en CapaDatos.Infrastructure.BaseDAO.ExecuteWithConnection[T](Func`2 action) en C:\AOCR\AOCR\AOCR05-01-2026\AOCR1\AOCR\CapaDatos\Infrastructure\BaseDAO.cs:línea 68
   en CapaDatos.Services.EmailQueueService.<ObtenerSiguienteAsync>d__5.MoveNext() en C:\AOCR\AOCR\AOCR05-01-2026\AOCR1\AOCR\CapaDatos\Services\EmailQueueService.cs:línea 136
--- Fin del seguimiento de la pila de la ubicación anterior donde se produjo la excepción ---
   en System.Runtime.ExceptionServices.ExceptionDispatchInfo.Throw()
   en System.Runtime.CompilerServices.TaskAwaiter.HandleNonSuccessAndDebuggerNotification(Task task)
   en System.Runtime.CompilerServices.TaskAwaiter`1.GetResult()
   en CapaDatos.Services.EmailQueueProcessor.<ProcessQueueAsync>d__10.MoveNext() en C:\AOCR\AOCR\AOCR05-01-2026\AOCR1\AOCR\CapaDatos\Services\EmailQueueService.cs:línea 332
2026-01-31 21:09:27.081 | ERROR | CID:N/A | ERR:EMAIL_QUEUE_ERROR | Error de configuración de base de datos.
    Exception: DataAccessException
    StackTrace:    en CapaDatos.Infrastructure.BaseDAO.ExecuteWithConnection[T](Func`2 action) en C:\AOCR\AOCR\AOCR05-01-2026\AOCR1\AOCR\CapaDatos\Infrastructure\BaseDAO.cs:línea 68
   en CapaDatos.Services.EmailQueueService.<ObtenerSiguienteAsync>d__5.MoveNext() en C:\AOCR\AOCR\AOCR05-01-2026\AOCR1\AOCR\CapaDatos\Services\EmailQueueService.cs:línea 136
--- Fin del seguimiento de la pila de la ubicación anterior donde se produjo la excepción ---
   en System.Runtime.ExceptionServices.ExceptionDispatchInfo.Throw()
   en System.Runtime.CompilerServices.TaskAwaiter.HandleNonSuccessAndDebuggerNotification(Task task)
   en System.Runtime.CompilerServices.TaskAwaiter`1.GetResult()
   en CapaDatos.Services.EmailQueueProcessor.<ProcessQueueAsync>d__10.MoveNext() en C:\AOCR\AOCR\AOCR05-01-2026\AOCR1\AOCR\CapaDatos\Services\EmailQueueService.cs:línea 332
2026-01-31 21:09:57.126 | ERROR | CID:N/A | ERR:EMAIL_QUEUE_ERROR | Error de configuración de base de datos.
    Exception: DataAccessException
    StackTrace:    en CapaDatos.Infrastructure.BaseDAO.ExecuteWithConnection[T](Func`2 action) en C:\AOCR\AOCR\AOCR05-01-2026\AOCR1\AOCR\CapaDatos\Infrastructure\BaseDAO.cs:línea 68
   en CapaDatos.Services.EmailQueueService.<ObtenerSiguienteAsync>d__5.MoveNext() en C:\AOCR\AOCR\AOCR05-01-2026\AOCR1\AOCR\CapaDatos\Services\EmailQueueService.cs:línea 136
--- Fin del seguimiento de la pila de la ubicación anterior donde se produjo la excepción ---
   en System.Runtime.ExceptionServices.ExceptionDispatchInfo.Throw()
   en System.Runtime.CompilerServices.TaskAwaiter.HandleNonSuccessAndDebuggerNotification(Task task)
   en System.Runtime.CompilerServices.TaskAwaiter`1.GetResult()
   en CapaDatos.Services.EmailQueueProcessor.<ProcessQueueAsync>d__10.MoveNext() en C:\AOCR\AOCR\AOCR05-01-2026\AOCR1\AOCR\CapaDatos\Services\EmailQueueService.cs:línea 332
2026-01-31 21:10:27.168 | ERROR | CID:N/A | ERR:EMAIL_QUEUE_ERROR | Error de configuración de base de datos.
    Exception: DataAccessException
    StackTrace:    en CapaDatos.Infrastructure.BaseDAO.ExecuteWithConnection[T](Func`2 action) en C:\AOCR\AOCR\AOCR05-01-2026\AOCR1\AOCR\CapaDatos\Infrastructure\BaseDAO.cs:línea 68
   en CapaDatos.Services.EmailQueueService.<ObtenerSiguienteAsync>d__5.MoveNext() en C:\AOCR\AOCR\AOCR05-01-2026\AOCR1\AOCR\CapaDatos\Services\EmailQueueService.cs:línea 136
--- Fin del seguimiento de la pila de la ubicación anterior donde se produjo la excepción ---
   en System.Runtime.ExceptionServices.ExceptionDispatchInfo.Throw()
   en System.Runtime.CompilerServices.TaskAwaiter.HandleNonSuccessAndDebuggerNotification(Task task)
   en System.Runtime.CompilerServices.TaskAwaiter`1.GetResult()
   en CapaDatos.Services.EmailQueueProcessor.<ProcessQueueAsync>d__10.MoveNext() en C:\AOCR\AOCR\AOCR05-01-2026\AOCR1\AOCR\CapaDatos\Services\EmailQueueService.cs:línea 332
2026-01-31 21:10:57.224 | ERROR | CID:N/A | ERR:EMAIL_QUEUE_ERROR | Error de configuración de base de datos.
    Exception: DataAccessException
    StackTrace:    en CapaDatos.Infrastructure.BaseDAO.ExecuteWithConnection[T](Func`2 action) en C:\AOCR\AOCR\AOCR05-01-2026\AOCR1\AOCR\CapaDatos\Infrastructure\BaseDAO.cs:línea 68
   en CapaDatos.Services.EmailQueueService.<ObtenerSiguienteAsync>d__5.MoveNext() en C:\AOCR\AOCR\AOCR05-01-2026\AOCR1\AOCR\CapaDatos\Services\EmailQueueService.cs:línea 136
--- Fin del seguimiento de la pila de la ubicación anterior donde se produjo la excepción ---
   en System.Runtime.ExceptionServices.ExceptionDispatchInfo.Throw()
   en System.Runtime.CompilerServices.TaskAwaiter.HandleNonSuccessAndDebuggerNotification(Task task)
   en System.Runtime.CompilerServices.TaskAwaiter`1.GetResult()
   en CapaDatos.Services.EmailQueueProcessor.<ProcessQueueAsync>d__10.MoveNext() en C:\AOCR\AOCR\AOCR05-01-2026\AOCR1\AOCR\CapaDatos\Services\EmailQueueService.cs:línea 332
2026-01-31 21:11:27.262 | ERROR | CID:N/A | ERR:EMAIL_QUEUE_ERROR | Error de configuración de base de datos.
    Exception: DataAccessException
    StackTrace:    en CapaDatos.Infrastructure.BaseDAO.ExecuteWithConnection[T](Func`2 action) en C:\AOCR\AOCR\AOCR05-01-2026\AOCR1\AOCR\CapaDatos\Infrastructure\BaseDAO.cs:línea 68
   en CapaDatos.Services.EmailQueueService.<ObtenerSiguienteAsync>d__5.MoveNext() en C:\AOCR\AOCR\AOCR05-01-2026\AOCR1\AOCR\CapaDatos\Services\EmailQueueService.cs:línea 136
--- Fin del seguimiento de la pila de la ubicación anterior donde se produjo la excepción ---
   en System.Runtime.ExceptionServices.ExceptionDispatchInfo.Throw()
   en System.Runtime.CompilerServices.TaskAwaiter.HandleNonSuccessAndDebuggerNotification(Task task)
   en System.Runtime.CompilerServices.TaskAwaiter`1.GetResult()
   en CapaDatos.Services.EmailQueueProcessor.<ProcessQueueAsync>d__10.MoveNext() en C:\AOCR\AOCR\AOCR05-01-2026\AOCR1\AOCR\CapaDatos\Services\EmailQueueService.cs:línea 332
2026-01-31 21:11:57.309 | ERROR | CID:N/A | ERR:EMAIL_QUEUE_ERROR | Error de configuración de base de datos.
    Exception: DataAccessException
    StackTrace:    en CapaDatos.Infrastructure.BaseDAO.ExecuteWithConnection[T](Func`2 action) en C:\AOCR\AOCR\AOCR05-01-2026\AOCR1\AOCR\CapaDatos\Infrastructure\BaseDAO.cs:línea 68
   en CapaDatos.Services.EmailQueueService.<ObtenerSiguienteAsync>d__5.MoveNext() en C:\AOCR\AOCR\AOCR05-01-2026\AOCR1\AOCR\CapaDatos\Services\EmailQueueService.cs:línea 136
--- Fin del seguimiento de la pila de la ubicación anterior donde se produjo la excepción ---
   en System.Runtime.ExceptionServices.ExceptionDispatchInfo.Throw()
   en System.Runtime.CompilerServices.TaskAwaiter.HandleNonSuccessAndDebuggerNotification(Task task)
   en System.Runtime.CompilerServices.TaskAwaiter`1.GetResult()
   en CapaDatos.Services.EmailQueueProcessor.<ProcessQueueAsync>d__10.MoveNext() en C:\AOCR\AOCR\AOCR05-01-2026\AOCR1\AOCR\CapaDatos\Services\EmailQueueService.cs:línea 332
2026-01-31 21:12:27.371 | ERROR | CID:N/A | ERR:EMAIL_QUEUE_ERROR | Error de configuración de base de datos.
    Exception: DataAccessException
    StackTrace:    en CapaDatos.Infrastructure.BaseDAO.ExecuteWithConnection[T](Func`2 action) en C:\AOCR\AOCR\AOCR05-01-2026\AOCR1\AOCR\CapaDatos\Infrastructure\BaseDAO.cs:línea 68
   en CapaDatos.Services.EmailQueueService.<ObtenerSiguienteAsync>d__5.MoveNext() en C:\AOCR\AOCR\AOCR05-01-2026\AOCR1\AOCR\CapaDatos\Services\EmailQueueService.cs:línea 136
--- Fin del seguimiento de la pila de la ubicación anterior donde se produjo la excepción ---
   en System.Runtime.ExceptionServices.ExceptionDispatchInfo.Throw()
   en System.Runtime.CompilerServices.TaskAwaiter.HandleNonSuccessAndDebuggerNotification(Task task)
   en System.Runtime.CompilerServices.TaskAwaiter`1.GetResult()
   en CapaDatos.Services.EmailQueueProcessor.<ProcessQueueAsync>d__10.MoveNext() en C:\AOCR\AOCR\AOCR05-01-2026\AOCR1\AOCR\CapaDatos\Services\EmailQueueService.cs:línea 332
2026-01-31 21:12:57.433 | ERROR | CID:N/A | ERR:EMAIL_QUEUE_ERROR | Error de configuración de base de datos.
    Exception: DataAccessException
    StackTrace:    en CapaDatos.Infrastructure.BaseDAO.ExecuteWithConnection[T](Func`2 action) en C:\AOCR\AOCR\AOCR05-01-2026\AOCR1\AOCR\CapaDatos\Infrastructure\BaseDAO.cs:línea 68
   en CapaDatos.Services.EmailQueueService.<ObtenerSiguienteAsync>d__5.MoveNext() en C:\AOCR\AOCR\AOCR05-01-2026\AOCR1\AOCR\CapaDatos\Services\EmailQueueService.cs:línea 136
--- Fin del seguimiento de la pila de la ubicación anterior donde se produjo la excepción ---
   en System.Runtime.ExceptionServices.ExceptionDispatchInfo.Throw()
   en System.Runtime.CompilerServices.TaskAwaiter.HandleNonSuccessAndDebuggerNotification(Task task)
   en System.Runtime.CompilerServices.TaskAwaiter`1.GetResult()
   en CapaDatos.Services.EmailQueueProcessor.<ProcessQueueAsync>d__10.MoveNext() en C:\AOCR\AOCR\AOCR05-01-2026\AOCR1\AOCR\CapaDatos\Services\EmailQueueService.cs:línea 332
2026-01-31 21:13:27.474 | ERROR | CID:N/A | ERR:EMAIL_QUEUE_ERROR | Error de configuración de base de datos.
    Exception: DataAccessException
    StackTrace:    en CapaDatos.Infrastructure.BaseDAO.ExecuteWithConnection[T](Func`2 action) en C:\AOCR\AOCR\AOCR05-01-2026\AOCR1\AOCR\CapaDatos\Infrastructure\BaseDAO.cs:línea 68
   en CapaDatos.Services.EmailQueueService.<ObtenerSiguienteAsync>d__5.MoveNext() en C:\AOCR\AOCR\AOCR05-01-2026\AOCR1\AOCR\CapaDatos\Services\EmailQueueService.cs:línea 136
--- Fin del seguimiento de la pila de la ubicación anterior donde se produjo la excepción ---
   en System.Runtime.ExceptionServices.ExceptionDispatchInfo.Throw()
   en System.Runtime.CompilerServices.TaskAwaiter.HandleNonSuccessAndDebuggerNotification(Task task)
   en System.Runtime.CompilerServices.TaskAwaiter`1.GetResult()
   en CapaDatos.Services.EmailQueueProcessor.<ProcessQueueAsync>d__10.MoveNext() en C:\AOCR\AOCR\AOCR05-01-2026\AOCR1\AOCR\CapaDatos\Services\EmailQueueService.cs:línea 332
2026-01-31 21:13:57.513 | ERROR | CID:N/A | ERR:EMAIL_QUEUE_ERROR | Error de configuración de base de datos.
    Exception: DataAccessException
    StackTrace:    en CapaDatos.Infrastructure.BaseDAO.ExecuteWithConnection[T](Func`2 action) en C:\AOCR\AOCR\AOCR05-01-2026\AOCR1\AOCR\CapaDatos\Infrastructure\BaseDAO.cs:línea 68
   en CapaDatos.Services.EmailQueueService.<ObtenerSiguienteAsync>d__5.MoveNext() en C:\AOCR\AOCR\AOCR05-01-2026\AOCR1\AOCR\CapaDatos\Services\EmailQueueService.cs:línea 136
--- Fin del seguimiento de la pila de la ubicación anterior donde se produjo la excepción ---
   en System.Runtime.ExceptionServices.ExceptionDispatchInfo.Throw()
   en System.Runtime.CompilerServices.TaskAwaiter.HandleNonSuccessAndDebuggerNotification(Task task)
   en System.Runtime.CompilerServices.TaskAwaiter`1.GetResult()
   en CapaDatos.Services.EmailQueueProcessor.<ProcessQueueAsync>d__10.MoveNext() en C:\AOCR\AOCR\AOCR05-01-2026\AOCR1\AOCR\CapaDatos\Services\EmailQueueService.cs:línea 332
2026-01-31 21:14:27.549 | ERROR | CID:N/A | ERR:EMAIL_QUEUE_ERROR | Error de configuración de base de datos.
    Exception: DataAccessException
    StackTrace:    en CapaDatos.Infrastructure.BaseDAO.ExecuteWithConnection[T](Func`2 action) en C:\AOCR\AOCR\AOCR05-01-2026\AOCR1\AOCR\CapaDatos\Infrastructure\BaseDAO.cs:línea 68
   en CapaDatos.Services.EmailQueueService.<ObtenerSiguienteAsync>d__5.MoveNext() en C:\AOCR\AOCR\AOCR05-01-2026\AOCR1\AOCR\CapaDatos\Services\EmailQueueService.cs:línea 136
--- Fin del seguimiento de la pila de la ubicación anterior donde se produjo la excepción ---
   en System.Runtime.ExceptionServices.ExceptionDispatchInfo.Throw()
   en System.Runtime.CompilerServices.TaskAwaiter.HandleNonSuccessAndDebuggerNotification(Task task)
   en System.Runtime.CompilerServices.TaskAwaiter`1.GetResult()
   en CapaDatos.Services.EmailQueueProcessor.<ProcessQueueAsync>d__10.MoveNext() en C:\AOCR\AOCR\AOCR05-01-2026\AOCR1\AOCR\CapaDatos\Services\EmailQueueService.cs:línea 332
2026-01-31 21:14:57.606 | ERROR | CID:N/A | ERR:EMAIL_QUEUE_ERROR | Error de configuración de base de datos.
    Exception: DataAccessException
    StackTrace:    en CapaDatos.Infrastructure.BaseDAO.ExecuteWithConnection[T](Func`2 action) en C:\AOCR\AOCR\AOCR05-01-2026\AOCR1\AOCR\CapaDatos\Infrastructure\BaseDAO.cs:línea 68
   en CapaDatos.Services.EmailQueueService.<ObtenerSiguienteAsync>d__5.MoveNext() en C:\AOCR\AOCR\AOCR05-01-2026\AOCR1\AOCR\CapaDatos\Services\EmailQueueService.cs:línea 136
--- Fin del seguimiento de la pila de la ubicación anterior donde se produjo la excepción ---
   en System.Runtime.ExceptionServices.ExceptionDispatchInfo.Throw()
   en System.Runtime.CompilerServices.TaskAwaiter.HandleNonSuccessAndDebuggerNotification(Task task)
   en System.Runtime.CompilerServices.TaskAwaiter`1.GetResult()
   en CapaDatos.Services.EmailQueueProcessor.<ProcessQueueAsync>d__10.MoveNext() en C:\AOCR\AOCR\AOCR05-01-2026\AOCR1\AOCR\CapaDatos\Services\EmailQueueService.cs:línea 332
2026-01-31 21:15:27.652 | ERROR | CID:N/A | ERR:EMAIL_QUEUE_ERROR | Error de configuración de base de datos.
    Exception: DataAccessException
    StackTrace:    en CapaDatos.Infrastructure.BaseDAO.ExecuteWithConnection[T](Func`2 action) en C:\AOCR\AOCR\AOCR05-01-2026\AOCR1\AOCR\CapaDatos\Infrastructure\BaseDAO.cs:línea 68
   en CapaDatos.Services.EmailQueueService.<ObtenerSiguienteAsync>d__5.MoveNext() en C:\AOCR\AOCR\AOCR05-01-2026\AOCR1\AOCR\CapaDatos\Services\EmailQueueService.cs:línea 136
--- Fin del seguimiento de la pila de la ubicación anterior donde se produjo la excepción ---
   en System.Runtime.ExceptionServices.ExceptionDispatchInfo.Throw()
   en System.Runtime.CompilerServices.TaskAwaiter.HandleNonSuccessAndDebuggerNotification(Task task)
   en System.Runtime.CompilerServices.TaskAwaiter`1.GetResult()
   en CapaDatos.Services.EmailQueueProcessor.<ProcessQueueAsync>d__10.MoveNext() en C:\AOCR\AOCR\AOCR05-01-2026\AOCR1\AOCR\CapaDatos\Services\EmailQueueService.cs:línea 332
2026-01-31 21:15:57.694 | ERROR | CID:N/A | ERR:EMAIL_QUEUE_ERROR | Error de configuración de base de datos.
    Exception: DataAccessException
    StackTrace:    en CapaDatos.Infrastructure.BaseDAO.ExecuteWithConnection[T](Func`2 action) en C:\AOCR\AOCR\AOCR05-01-2026\AOCR1\AOCR\CapaDatos\Infrastructure\BaseDAO.cs:línea 68
   en CapaDatos.Services.EmailQueueService.<ObtenerSiguienteAsync>d__5.MoveNext() en C:\AOCR\AOCR\AOCR05-01-2026\AOCR1\AOCR\CapaDatos\Services\EmailQueueService.cs:línea 136
--- Fin del seguimiento de la pila de la ubicación anterior donde se produjo la excepción ---
   en System.Runtime.ExceptionServices.ExceptionDispatchInfo.Throw()
   en System.Runtime.CompilerServices.TaskAwaiter.HandleNonSuccessAndDebuggerNotification(Task task)
   en System.Runtime.CompilerServices.TaskAwaiter`1.GetResult()
   en CapaDatos.Services.EmailQueueProcessor.<ProcessQueueAsync>d__10.MoveNext() en C:\AOCR\AOCR\AOCR05-01-2026\AOCR1\AOCR\CapaDatos\Services\EmailQueueService.cs:línea 332
2026-01-31 21:16:27.730 | ERROR | CID:N/A | ERR:EMAIL_QUEUE_ERROR | Error de configuración de base de datos.
    Exception: DataAccessException
    StackTrace:    en CapaDatos.Infrastructure.BaseDAO.ExecuteWithConnection[T](Func`2 action) en C:\AOCR\AOCR\AOCR05-01-2026\AOCR1\AOCR\CapaDatos\Infrastructure\BaseDAO.cs:línea 68
   en CapaDatos.Services.EmailQueueService.<ObtenerSiguienteAsync>d__5.MoveNext() en C:\AOCR\AOCR\AOCR05-01-2026\AOCR1\AOCR\CapaDatos\Services\EmailQueueService.cs:línea 136
--- Fin del seguimiento de la pila de la ubicación anterior donde se produjo la excepción ---
   en System.Runtime.ExceptionServices.ExceptionDispatchInfo.Throw()
   en System.Runtime.CompilerServices.TaskAwaiter.HandleNonSuccessAndDebuggerNotification(Task task)
   en System.Runtime.CompilerServices.TaskAwaiter`1.GetResult()
   en CapaDatos.Services.EmailQueueProcessor.<ProcessQueueAsync>d__10.MoveNext() en C:\AOCR\AOCR\AOCR05-01-2026\AOCR1\AOCR\CapaDatos\Services\EmailQueueService.cs:línea 332
2026-01-31 21:16:57.781 | ERROR | CID:N/A | ERR:EMAIL_QUEUE_ERROR | Error de configuración de base de datos.
    Exception: DataAccessException
    StackTrace:    en CapaDatos.Infrastructure.BaseDAO.ExecuteWithConnection[T](Func`2 action) en C:\AOCR\AOCR\AOCR05-01-2026\AOCR1\AOCR\CapaDatos\Infrastructure\BaseDAO.cs:línea 68
   en CapaDatos.Services.EmailQueueService.<ObtenerSiguienteAsync>d__5.MoveNext() en C:\AOCR\AOCR\AOCR05-01-2026\AOCR1\AOCR\CapaDatos\Services\EmailQueueService.cs:línea 136
--- Fin del seguimiento de la pila de la ubicación anterior donde se produjo la excepción ---
   en System.Runtime.ExceptionServices.ExceptionDispatchInfo.Throw()
   en System.Runtime.CompilerServices.TaskAwaiter.HandleNonSuccessAndDebuggerNotification(Task task)
   en System.Runtime.CompilerServices.TaskAwaiter`1.GetResult()
   en CapaDatos.Services.EmailQueueProcessor.<ProcessQueueAsync>d__10.MoveNext() en C:\AOCR\AOCR\AOCR05-01-2026\AOCR1\AOCR\CapaDatos\Services\EmailQueueService.cs:línea 332
2026-01-31 21:17:27.824 | ERROR | CID:N/A | ERR:EMAIL_QUEUE_ERROR | Error de configuración de base de datos.
    Exception: DataAccessException
    StackTrace:    en CapaDatos.Infrastructure.BaseDAO.ExecuteWithConnection[T](Func`2 action) en C:\AOCR\AOCR\AOCR05-01-2026\AOCR1\AOCR\CapaDatos\Infrastructure\BaseDAO.cs:línea 68
   en CapaDatos.Services.EmailQueueService.<ObtenerSiguienteAsync>d__5.MoveNext() en C:\AOCR\AOCR\AOCR05-01-2026\AOCR1\AOCR\CapaDatos\Services\EmailQueueService.cs:línea 136
--- Fin del seguimiento de la pila de la ubicación anterior donde se produjo la excepción ---
   en System.Runtime.ExceptionServices.ExceptionDispatchInfo.Throw()
   en System.Runtime.CompilerServices.TaskAwaiter.HandleNonSuccessAndDebuggerNotification(Task task)
   en System.Runtime.CompilerServices.TaskAwaiter`1.GetResult()
   en CapaDatos.Services.EmailQueueProcessor.<ProcessQueueAsync>d__10.MoveNext() en C:\AOCR\AOCR\AOCR05-01-2026\AOCR1\AOCR\CapaDatos\Services\EmailQueueService.cs:línea 332
2026-01-31 21:17:57.856 | ERROR | CID:N/A | ERR:EMAIL_QUEUE_ERROR | Error de configuración de base de datos.
    Exception: DataAccessException
    StackTrace:    en CapaDatos.Infrastructure.BaseDAO.ExecuteWithConnection[T](Func`2 action) en C:\AOCR\AOCR\AOCR05-01-2026\AOCR1\AOCR\CapaDatos\Infrastructure\BaseDAO.cs:línea 68
   en CapaDatos.Services.EmailQueueService.<ObtenerSiguienteAsync>d__5.MoveNext() en C:\AOCR\AOCR\AOCR05-01-2026\AOCR1\AOCR\CapaDatos\Services\EmailQueueService.cs:línea 136
--- Fin del seguimiento de la pila de la ubicación anterior donde se produjo la excepción ---
   en System.Runtime.ExceptionServices.ExceptionDispatchInfo.Throw()
   en System.Runtime.CompilerServices.TaskAwaiter.HandleNonSuccessAndDebuggerNotification(Task task)
   en System.Runtime.CompilerServices.TaskAwaiter`1.GetResult()
   en CapaDatos.Services.EmailQueueProcessor.<ProcessQueueAsync>d__10.MoveNext() en C:\AOCR\AOCR\AOCR05-01-2026\AOCR1\AOCR\CapaDatos\Services\EmailQueueService.cs:línea 332
2026-01-31 21:18:27.903 | ERROR | CID:N/A | ERR:EMAIL_QUEUE_ERROR | Error de configuración de base de datos.
    Exception: DataAccessException
    StackTrace:    en CapaDatos.Infrastructure.BaseDAO.ExecuteWithConnection[T](Func`2 action) en C:\AOCR\AOCR\AOCR05-01-2026\AOCR1\AOCR\CapaDatos\Infrastructure\BaseDAO.cs:línea 68
   en CapaDatos.Services.EmailQueueService.<ObtenerSiguienteAsync>d__5.MoveNext() en C:\AOCR\AOCR\AOCR05-01-2026\AOCR1\AOCR\CapaDatos\Services\EmailQueueService.cs:línea 136
--- Fin del seguimiento de la pila de la ubicación anterior donde se produjo la excepción ---
   en System.Runtime.ExceptionServices.ExceptionDispatchInfo.Throw()
   en System.Runtime.CompilerServices.TaskAwaiter.HandleNonSuccessAndDebuggerNotification(Task task)
   en System.Runtime.CompilerServices.TaskAwaiter`1.GetResult()
   en CapaDatos.Services.EmailQueueProcessor.<ProcessQueueAsync>d__10.MoveNext() en C:\AOCR\AOCR\AOCR05-01-2026\AOCR1\AOCR\CapaDatos\Services\EmailQueueService.cs:línea 332
2026-01-31 21:18:57.974 | ERROR | CID:N/A | ERR:EMAIL_QUEUE_ERROR | Error de configuración de base de datos.
    Exception: DataAccessException
    StackTrace:    en CapaDatos.Infrastructure.BaseDAO.ExecuteWithConnection[T](Func`2 action) en C:\AOCR\AOCR\AOCR05-01-2026\AOCR1\AOCR\CapaDatos\Infrastructure\BaseDAO.cs:línea 68
   en CapaDatos.Services.EmailQueueService.<ObtenerSiguienteAsync>d__5.MoveNext() en C:\AOCR\AOCR\AOCR05-01-2026\AOCR1\AOCR\CapaDatos\Services\EmailQueueService.cs:línea 136
--- Fin del seguimiento de la pila de la ubicación anterior donde se produjo la excepción ---
   en System.Runtime.ExceptionServices.ExceptionDispatchInfo.Throw()
   en System.Runtime.CompilerServices.TaskAwaiter.HandleNonSuccessAndDebuggerNotification(Task task)
   en System.Runtime.CompilerServices.TaskAwaiter`1.GetResult()
   en CapaDatos.Services.EmailQueueProcessor.<ProcessQueueAsync>d__10.MoveNext() en C:\AOCR\AOCR\AOCR05-01-2026\AOCR1\AOCR\CapaDatos\Services\EmailQueueService.cs:línea 332
2026-01-31 21:19:28.012 | ERROR | CID:N/A | ERR:EMAIL_QUEUE_ERROR | Error de configuración de base de datos.
    Exception: DataAccessException
    StackTrace:    en CapaDatos.Infrastructure.BaseDAO.ExecuteWithConnection[T](Func`2 action) en C:\AOCR\AOCR\AOCR05-01-2026\AOCR1\AOCR\CapaDatos\Infrastructure\BaseDAO.cs:línea 68
   en CapaDatos.Services.EmailQueueService.<ObtenerSiguienteAsync>d__5.MoveNext() en C:\AOCR\AOCR\AOCR05-01-2026\AOCR1\AOCR\CapaDatos\Services\EmailQueueService.cs:línea 136
--- Fin del seguimiento de la pila de la ubicación anterior donde se produjo la excepción ---
   en System.Runtime.ExceptionServices.ExceptionDispatchInfo.Throw()
   en System.Runtime.CompilerServices.TaskAwaiter.HandleNonSuccessAndDebuggerNotification(Task task)
   en System.Runtime.CompilerServices.TaskAwaiter`1.GetResult()
   en CapaDatos.Services.EmailQueueProcessor.<ProcessQueueAsync>d__10.MoveNext() en C:\AOCR\AOCR\AOCR05-01-2026\AOCR1\AOCR\CapaDatos\Services\EmailQueueService.cs:línea 332
2026-01-31 21:19:58.058 | ERROR | CID:N/A | ERR:EMAIL_QUEUE_ERROR | Error de configuración de base de datos.
    Exception: DataAccessException
    StackTrace:    en CapaDatos.Infrastructure.BaseDAO.ExecuteWithConnection[T](Func`2 action) en C:\AOCR\AOCR\AOCR05-01-2026\AOCR1\AOCR\CapaDatos\Infrastructure\BaseDAO.cs:línea 68
   en CapaDatos.Services.EmailQueueService.<ObtenerSiguienteAsync>d__5.MoveNext() en C:\AOCR\AOCR\AOCR05-01-2026\AOCR1\AOCR\CapaDatos\Services\EmailQueueService.cs:línea 136
--- Fin del seguimiento de la pila de la ubicación anterior donde se produjo la excepción ---
   en System.Runtime.ExceptionServices.ExceptionDispatchInfo.Throw()
   en System.Runtime.CompilerServices.TaskAwaiter.HandleNonSuccessAndDebuggerNotification(Task task)
   en System.Runtime.CompilerServices.TaskAwaiter`1.GetResult()
   en CapaDatos.Services.EmailQueueProcessor.<ProcessQueueAsync>d__10.MoveNext() en C:\AOCR\AOCR\AOCR05-01-2026\AOCR1\AOCR\CapaDatos\Services\EmailQueueService.cs:línea 332
2026-01-31 21:20:28.097 | ERROR | CID:N/A | ERR:EMAIL_QUEUE_ERROR | Error de configuración de base de datos.
    Exception: DataAccessException
    StackTrace:    en CapaDatos.Infrastructure.BaseDAO.ExecuteWithConnection[T](Func`2 action) en C:\AOCR\AOCR\AOCR05-01-2026\AOCR1\AOCR\CapaDatos\Infrastructure\BaseDAO.cs:línea 68
   en CapaDatos.Services.EmailQueueService.<ObtenerSiguienteAsync>d__5.MoveNext() en C:\AOCR\AOCR\AOCR05-01-2026\AOCR1\AOCR\CapaDatos\Services\EmailQueueService.cs:línea 136
--- Fin del seguimiento de la pila de la ubicación anterior donde se produjo la excepción ---
   en System.Runtime.ExceptionServices.ExceptionDispatchInfo.Throw()
   en System.Runtime.CompilerServices.TaskAwaiter.HandleNonSuccessAndDebuggerNotification(Task task)
   en System.Runtime.CompilerServices.TaskAwaiter`1.GetResult()
   en CapaDatos.Services.EmailQueueProcessor.<ProcessQueueAsync>d__10.MoveNext() en C:\AOCR\AOCR\AOCR05-01-2026\AOCR1\AOCR\CapaDatos\Services\EmailQueueService.cs:línea 332
2026-01-31 21:20:58.137 | ERROR | CID:N/A | ERR:EMAIL_QUEUE_ERROR | Error de configuración de base de datos.
    Exception: DataAccessException
    StackTrace:    en CapaDatos.Infrastructure.BaseDAO.ExecuteWithConnection[T](Func`2 action) en C:\AOCR\AOCR\AOCR05-01-2026\AOCR1\AOCR\CapaDatos\Infrastructure\BaseDAO.cs:línea 68
   en CapaDatos.Services.EmailQueueService.<ObtenerSiguienteAsync>d__5.MoveNext() en C:\AOCR\AOCR\AOCR05-01-2026\AOCR1\AOCR\CapaDatos\Services\EmailQueueService.cs:línea 136
--- Fin del seguimiento de la pila de la ubicación anterior donde se produjo la excepción ---
   en System.Runtime.ExceptionServices.ExceptionDispatchInfo.Throw()
   en System.Runtime.CompilerServices.TaskAwaiter.HandleNonSuccessAndDebuggerNotification(Task task)
   en System.Runtime.CompilerServices.TaskAwaiter`1.GetResult()
   en CapaDatos.Services.EmailQueueProcessor.<ProcessQueueAsync>d__10.MoveNext() en C:\AOCR\AOCR\AOCR05-01-2026\AOCR1\AOCR\CapaDatos\Services\EmailQueueService.cs:línea 332
2026-01-31 21:21:28.194 | ERROR | CID:N/A | ERR:EMAIL_QUEUE_ERROR | Error de configuración de base de datos.
    Exception: DataAccessException
    StackTrace:    en CapaDatos.Infrastructure.BaseDAO.ExecuteWithConnection[T](Func`2 action) en C:\AOCR\AOCR\AOCR05-01-2026\AOCR1\AOCR\CapaDatos\Infrastructure\BaseDAO.cs:línea 68
   en CapaDatos.Services.EmailQueueService.<ObtenerSiguienteAsync>d__5.MoveNext() en C:\AOCR\AOCR\AOCR05-01-2026\AOCR1\AOCR\CapaDatos\Services\EmailQueueService.cs:línea 136
--- Fin del seguimiento de la pila de la ubicación anterior donde se produjo la excepción ---
   en System.Runtime.ExceptionServices.ExceptionDispatchInfo.Throw()
   en System.Runtime.CompilerServices.TaskAwaiter.HandleNonSuccessAndDebuggerNotification(Task task)
   en System.Runtime.CompilerServices.TaskAwaiter`1.GetResult()
   en CapaDatos.Services.EmailQueueProcessor.<ProcessQueueAsync>d__10.MoveNext() en C:\AOCR\AOCR\AOCR05-01-2026\AOCR1\AOCR\CapaDatos\Services\EmailQueueService.cs:línea 332
2026-01-31 21:21:58.231 | ERROR | CID:N/A | ERR:EMAIL_QUEUE_ERROR | Error de configuración de base de datos.
    Exception: DataAccessException
    StackTrace:    en CapaDatos.Infrastructure.BaseDAO.ExecuteWithConnection[T](Func`2 action) en C:\AOCR\AOCR\AOCR05-01-2026\AOCR1\AOCR\CapaDatos\Infrastructure\BaseDAO.cs:línea 68
   en CapaDatos.Services.EmailQueueService.<ObtenerSiguienteAsync>d__5.MoveNext() en C:\AOCR\AOCR\AOCR05-01-2026\AOCR1\AOCR\CapaDatos\Services\EmailQueueService.cs:línea 136
--- Fin del seguimiento de la pila de la ubicación anterior donde se produjo la excepción ---
   en System.Runtime.ExceptionServices.ExceptionDispatchInfo.Throw()
   en System.Runtime.CompilerServices.TaskAwaiter.HandleNonSuccessAndDebuggerNotification(Task task)
   en System.Runtime.CompilerServices.TaskAwaiter`1.GetResult()
   en CapaDatos.Services.EmailQueueProcessor.<ProcessQueueAsync>d__10.MoveNext() en C:\AOCR\AOCR\AOCR05-01-2026\AOCR1\AOCR\CapaDatos\Services\EmailQueueService.cs:línea 332
2026-01-31 21:22:28.285 | ERROR | CID:N/A | ERR:EMAIL_QUEUE_ERROR | Error de configuración de base de datos.
    Exception: DataAccessException
    StackTrace:    en CapaDatos.Infrastructure.BaseDAO.ExecuteWithConnection[T](Func`2 action) en C:\AOCR\AOCR\AOCR05-01-2026\AOCR1\AOCR\CapaDatos\Infrastructure\BaseDAO.cs:línea 68
   en CapaDatos.Services.EmailQueueService.<ObtenerSiguienteAsync>d__5.MoveNext() en C:\AOCR\AOCR\AOCR05-01-2026\AOCR1\AOCR\CapaDatos\Services\EmailQueueService.cs:línea 136
--- Fin del seguimiento de la pila de la ubicación anterior donde se produjo la excepción ---
   en System.Runtime.ExceptionServices.ExceptionDispatchInfo.Throw()
   en System.Runtime.CompilerServices.TaskAwaiter.HandleNonSuccessAndDebuggerNotification(Task task)
   en System.Runtime.CompilerServices.TaskAwaiter`1.GetResult()
   en CapaDatos.Services.EmailQueueProcessor.<ProcessQueueAsync>d__10.MoveNext() en C:\AOCR\AOCR\AOCR05-01-2026\AOCR1\AOCR\CapaDatos\Services\EmailQueueService.cs:línea 332
2026-01-31 21:22:58.324 | ERROR | CID:N/A | ERR:EMAIL_QUEUE_ERROR | Error de configuración de base de datos.
    Exception: DataAccessException
    StackTrace:    en CapaDatos.Infrastructure.BaseDAO.ExecuteWithConnection[T](Func`2 action) en C:\AOCR\AOCR\AOCR05-01-2026\AOCR1\AOCR\CapaDatos\Infrastructure\BaseDAO.cs:línea 68
   en CapaDatos.Services.EmailQueueService.<ObtenerSiguienteAsync>d__5.MoveNext() en C:\AOCR\AOCR\AOCR05-01-2026\AOCR1\AOCR\CapaDatos\Services\EmailQueueService.cs:línea 136
--- Fin del seguimiento de la pila de la ubicación anterior donde se produjo la excepción ---
   en System.Runtime.ExceptionServices.ExceptionDispatchInfo.Throw()
   en System.Runtime.CompilerServices.TaskAwaiter.HandleNonSuccessAndDebuggerNotification(Task task)
   en System.Runtime.CompilerServices.TaskAwaiter`1.GetResult()
   en CapaDatos.Services.EmailQueueProcessor.<ProcessQueueAsync>d__10.MoveNext() en C:\AOCR\AOCR\AOCR05-01-2026\AOCR1\AOCR\CapaDatos\Services\EmailQueueService.cs:línea 332
2026-01-31 21:23:28.363 | ERROR | CID:N/A | ERR:EMAIL_QUEUE_ERROR | Error de configuración de base de datos.
    Exception: DataAccessException
    StackTrace:    en CapaDatos.Infrastructure.BaseDAO.ExecuteWithConnection[T](Func`2 action) en C:\AOCR\AOCR\AOCR05-01-2026\AOCR1\AOCR\CapaDatos\Infrastructure\BaseDAO.cs:línea 68
   en CapaDatos.Services.EmailQueueService.<ObtenerSiguienteAsync>d__5.MoveNext() en C:\AOCR\AOCR\AOCR05-01-2026\AOCR1\AOCR\CapaDatos\Services\EmailQueueService.cs:línea 136
--- Fin del seguimiento de la pila de la ubicación anterior donde se produjo la excepción ---
   en System.Runtime.ExceptionServices.ExceptionDispatchInfo.Throw()
   en System.Runtime.CompilerServices.TaskAwaiter.HandleNonSuccessAndDebuggerNotification(Task task)
   en System.Runtime.CompilerServices.TaskAwaiter`1.GetResult()
   en CapaDatos.Services.EmailQueueProcessor.<ProcessQueueAsync>d__10.MoveNext() en C:\AOCR\AOCR\AOCR05-01-2026\AOCR1\AOCR\CapaDatos\Services\EmailQueueService.cs:línea 332
2026-01-31 21:23:58.402 | ERROR | CID:N/A | ERR:EMAIL_QUEUE_ERROR | Error de configuración de base de datos.
    Exception: DataAccessException
    StackTrace:    en CapaDatos.Infrastructure.BaseDAO.ExecuteWithConnection[T](Func`2 action) en C:\AOCR\AOCR\AOCR05-01-2026\AOCR1\AOCR\CapaDatos\Infrastructure\BaseDAO.cs:línea 68
   en CapaDatos.Services.EmailQueueService.<ObtenerSiguienteAsync>d__5.MoveNext() en C:\AOCR\AOCR\AOCR05-01-2026\AOCR1\AOCR\CapaDatos\Services\EmailQueueService.cs:línea 136
--- Fin del seguimiento de la pila de la ubicación anterior donde se produjo la excepción ---
   en System.Runtime.ExceptionServices.ExceptionDispatchInfo.Throw()
   en System.Runtime.CompilerServices.TaskAwaiter.HandleNonSuccessAndDebuggerNotification(Task task)
   en System.Runtime.CompilerServices.TaskAwaiter`1.GetResult()
   en CapaDatos.Services.EmailQueueProcessor.<ProcessQueueAsync>d__10.MoveNext() en C:\AOCR\AOCR\AOCR05-01-2026\AOCR1\AOCR\CapaDatos\Services\EmailQueueService.cs:línea 332
2026-01-31 21:24:28.457 | ERROR | CID:N/A | ERR:EMAIL_QUEUE_ERROR | Error de configuración de base de datos.
    Exception: DataAccessException
    StackTrace:    en CapaDatos.Infrastructure.BaseDAO.ExecuteWithConnection[T](Func`2 action) en C:\AOCR\AOCR\AOCR05-01-2026\AOCR1\AOCR\CapaDatos\Infrastructure\BaseDAO.cs:línea 68
   en CapaDatos.Services.EmailQueueService.<ObtenerSiguienteAsync>d__5.MoveNext() en C:\AOCR\AOCR\AOCR05-01-2026\AOCR1\AOCR\CapaDatos\Services\EmailQueueService.cs:línea 136
--- Fin del seguimiento de la pila de la ubicación anterior donde se produjo la excepción ---
   en System.Runtime.ExceptionServices.ExceptionDispatchInfo.Throw()
   en System.Runtime.CompilerServices.TaskAwaiter.HandleNonSuccessAndDebuggerNotification(Task task)
   en System.Runtime.CompilerServices.TaskAwaiter`1.GetResult()
   en CapaDatos.Services.EmailQueueProcessor.<ProcessQueueAsync>d__10.MoveNext() en C:\AOCR\AOCR\AOCR05-01-2026\AOCR1\AOCR\CapaDatos\Services\EmailQueueService.cs:línea 332
2026-01-31 21:24:58.496 | ERROR | CID:N/A | ERR:EMAIL_QUEUE_ERROR | Error de configuración de base de datos.
    Exception: DataAccessException
    StackTrace:    en CapaDatos.Infrastructure.BaseDAO.ExecuteWithConnection[T](Func`2 action) en C:\AOCR\AOCR\AOCR05-01-2026\AOCR1\AOCR\CapaDatos\Infrastructure\BaseDAO.cs:línea 68
   en CapaDatos.Services.EmailQueueService.<ObtenerSiguienteAsync>d__5.MoveNext() en C:\AOCR\AOCR\AOCR05-01-2026\AOCR1\AOCR\CapaDatos\Services\EmailQueueService.cs:línea 136
--- Fin del seguimiento de la pila de la ubicación anterior donde se produjo la excepción ---
   en System.Runtime.ExceptionServices.ExceptionDispatchInfo.Throw()
   en System.Runtime.CompilerServices.TaskAwaiter.HandleNonSuccessAndDebuggerNotification(Task task)
   en System.Runtime.CompilerServices.TaskAwaiter`1.GetResult()
   en CapaDatos.Services.EmailQueueProcessor.<ProcessQueueAsync>d__10.MoveNext() en C:\AOCR\AOCR\AOCR05-01-2026\AOCR1\AOCR\CapaDatos\Services\EmailQueueService.cs:línea 332
2026-01-31 21:25:28.542 | ERROR | CID:N/A | ERR:EMAIL_QUEUE_ERROR | Error de configuración de base de datos.
    Exception: DataAccessException
    StackTrace:    en CapaDatos.Infrastructure.BaseDAO.ExecuteWithConnection[T](Func`2 action) en C:\AOCR\AOCR\AOCR05-01-2026\AOCR1\AOCR\CapaDatos\Infrastructure\BaseDAO.cs:línea 68
   en CapaDatos.Services.EmailQueueService.<ObtenerSiguienteAsync>d__5.MoveNext() en C:\AOCR\AOCR\AOCR05-01-2026\AOCR1\AOCR\CapaDatos\Services\EmailQueueService.cs:línea 136
--- Fin del seguimiento de la pila de la ubicación anterior donde se produjo la excepción ---
   en System.Runtime.ExceptionServices.ExceptionDispatchInfo.Throw()
   en System.Runtime.CompilerServices.TaskAwaiter.HandleNonSuccessAndDebuggerNotification(Task task)
   en System.Runtime.CompilerServices.TaskAwaiter`1.GetResult()
   en CapaDatos.Services.EmailQueueProcessor.<ProcessQueueAsync>d__10.MoveNext() en C:\AOCR\AOCR\AOCR05-01-2026\AOCR1\AOCR\CapaDatos\Services\EmailQueueService.cs:línea 332
2026-01-31 21:25:58.599 | ERROR | CID:N/A | ERR:EMAIL_QUEUE_ERROR | Error de configuración de base de datos.
    Exception: DataAccessException
    StackTrace:    en CapaDatos.Infrastructure.BaseDAO.ExecuteWithConnection[T](Func`2 action) en C:\AOCR\AOCR\AOCR05-01-2026\AOCR1\AOCR\CapaDatos\Infrastructure\BaseDAO.cs:línea 68
   en CapaDatos.Services.EmailQueueService.<ObtenerSiguienteAsync>d__5.MoveNext() en C:\AOCR\AOCR\AOCR05-01-2026\AOCR1\AOCR\CapaDatos\Services\EmailQueueService.cs:línea 136
--- Fin del seguimiento de la pila de la ubicación anterior donde se produjo la excepción ---
   en System.Runtime.ExceptionServices.ExceptionDispatchInfo.Throw()
   en System.Runtime.CompilerServices.TaskAwaiter.HandleNonSuccessAndDebuggerNotification(Task task)
   en System.Runtime.CompilerServices.TaskAwaiter`1.GetResult()
   en CapaDatos.Services.EmailQueueProcessor.<ProcessQueueAsync>d__10.MoveNext() en C:\AOCR\AOCR\AOCR05-01-2026\AOCR1\AOCR\CapaDatos\Services\EmailQueueService.cs:línea 332
2026-01-31 21:26:28.652 | ERROR | CID:N/A | ERR:EMAIL_QUEUE_ERROR | Error de configuración de base de datos.
    Exception: DataAccessException
    StackTrace:    en CapaDatos.Infrastructure.BaseDAO.ExecuteWithConnection[T](Func`2 action) en C:\AOCR\AOCR\AOCR05-01-2026\AOCR1\AOCR\CapaDatos\Infrastructure\BaseDAO.cs:línea 68
   en CapaDatos.Services.EmailQueueService.<ObtenerSiguienteAsync>d__5.MoveNext() en C:\AOCR\AOCR\AOCR05-01-2026\AOCR1\AOCR\CapaDatos\Services\EmailQueueService.cs:línea 136
--- Fin del seguimiento de la pila de la ubicación anterior donde se produjo la excepción ---
   en System.Runtime.ExceptionServices.ExceptionDispatchInfo.Throw()
   en System.Runtime.CompilerServices.TaskAwaiter.HandleNonSuccessAndDebuggerNotification(Task task)
   en System.Runtime.CompilerServices.TaskAwaiter`1.GetResult()
   en CapaDatos.Services.EmailQueueProcessor.<ProcessQueueAsync>d__10.MoveNext() en C:\AOCR\AOCR\AOCR05-01-2026\AOCR1\AOCR\CapaDatos\Services\EmailQueueService.cs:línea 332
2026-01-31 21:26:58.707 | ERROR | CID:N/A | ERR:EMAIL_QUEUE_ERROR | Error de configuración de base de datos.
    Exception: DataAccessException
    StackTrace:    en CapaDatos.Infrastructure.BaseDAO.ExecuteWithConnection[T](Func`2 action) en C:\AOCR\AOCR\AOCR05-01-2026\AOCR1\AOCR\CapaDatos\Infrastructure\BaseDAO.cs:línea 68
   en CapaDatos.Services.EmailQueueService.<ObtenerSiguienteAsync>d__5.MoveNext() en C:\AOCR\AOCR\AOCR05-01-2026\AOCR1\AOCR\CapaDatos\Services\EmailQueueService.cs:línea 136
--- Fin del seguimiento de la pila de la ubicación anterior donde se produjo la excepción ---
   en System.Runtime.ExceptionServices.ExceptionDispatchInfo.Throw()
   en System.Runtime.CompilerServices.TaskAwaiter.HandleNonSuccessAndDebuggerNotification(Task task)
   en System.Runtime.CompilerServices.TaskAwaiter`1.GetResult()
   en CapaDatos.Services.EmailQueueProcessor.<ProcessQueueAsync>d__10.MoveNext() en C:\AOCR\AOCR\AOCR05-01-2026\AOCR1\AOCR\CapaDatos\Services\EmailQueueService.cs:línea 332
2026-01-31 21:27:28.745 | ERROR | CID:N/A | ERR:EMAIL_QUEUE_ERROR | Error de configuración de base de datos.
    Exception: DataAccessException
    StackTrace:    en CapaDatos.Infrastructure.BaseDAO.ExecuteWithConnection[T](Func`2 action) en C:\AOCR\AOCR\AOCR05-01-2026\AOCR1\AOCR\CapaDatos\Infrastructure\BaseDAO.cs:línea 68
   en CapaDatos.Services.EmailQueueService.<ObtenerSiguienteAsync>d__5.MoveNext() en C:\AOCR\AOCR\AOCR05-01-2026\AOCR1\AOCR\CapaDatos\Services\EmailQueueService.cs:línea 136
--- Fin del seguimiento de la pila de la ubicación anterior donde se produjo la excepción ---
   en System.Runtime.ExceptionServices.ExceptionDispatchInfo.Throw()
   en System.Runtime.CompilerServices.TaskAwaiter.HandleNonSuccessAndDebuggerNotification(Task task)
   en System.Runtime.CompilerServices.TaskAwaiter`1.GetResult()
   en CapaDatos.Services.EmailQueueProcessor.<ProcessQueueAsync>d__10.MoveNext() en C:\AOCR\AOCR\AOCR05-01-2026\AOCR1\AOCR\CapaDatos\Services\EmailQueueService.cs:línea 332
2026-01-31 21:27:58.793 | ERROR | CID:N/A | ERR:EMAIL_QUEUE_ERROR | Error de configuración de base de datos.
    Exception: DataAccessException
    StackTrace:    en CapaDatos.Infrastructure.BaseDAO.ExecuteWithConnection[T](Func`2 action) en C:\AOCR\AOCR\AOCR05-01-2026\AOCR1\AOCR\CapaDatos\Infrastructure\BaseDAO.cs:línea 68
   en CapaDatos.Services.EmailQueueService.<ObtenerSiguienteAsync>d__5.MoveNext() en C:\AOCR\AOCR\AOCR05-01-2026\AOCR1\AOCR\CapaDatos\Services\EmailQueueService.cs:línea 136
--- Fin del seguimiento de la pila de la ubicación anterior donde se produjo la excepción ---
   en System.Runtime.ExceptionServices.ExceptionDispatchInfo.Throw()
   en System.Runtime.CompilerServices.TaskAwaiter.HandleNonSuccessAndDebuggerNotification(Task task)
   en System.Runtime.CompilerServices.TaskAwaiter`1.GetResult()
   en CapaDatos.Services.EmailQueueProcessor.<ProcessQueueAsync>d__10.MoveNext() en C:\AOCR\AOCR\AOCR05-01-2026\AOCR1\AOCR\CapaDatos\Services\EmailQueueService.cs:línea 332
2026-01-31 21:28:28.836 | ERROR | CID:N/A | ERR:EMAIL_QUEUE_ERROR | Error de configuración de base de datos.
    Exception: DataAccessException
    StackTrace:    en CapaDatos.Infrastructure.BaseDAO.ExecuteWithConnection[T](Func`2 action) en C:\AOCR\AOCR\AOCR05-01-2026\AOCR1\AOCR\CapaDatos\Infrastructure\BaseDAO.cs:línea 68
   en CapaDatos.Services.EmailQueueService.<ObtenerSiguienteAsync>d__5.MoveNext() en C:\AOCR\AOCR\AOCR05-01-2026\AOCR1\AOCR\CapaDatos\Services\EmailQueueService.cs:línea 136
--- Fin del seguimiento de la pila de la ubicación anterior donde se produjo la excepción ---
   en System.Runtime.ExceptionServices.ExceptionDispatchInfo.Throw()
   en System.Runtime.CompilerServices.TaskAwaiter.HandleNonSuccessAndDebuggerNotification(Task task)
   en System.Runtime.CompilerServices.TaskAwaiter`1.GetResult()
   en CapaDatos.Services.EmailQueueProcessor.<ProcessQueueAsync>d__10.MoveNext() en C:\AOCR\AOCR\AOCR05-01-2026\AOCR1\AOCR\CapaDatos\Services\EmailQueueService.cs:línea 332
2026-01-31 21:28:58.897 | ERROR | CID:N/A | ERR:EMAIL_QUEUE_ERROR | Error de configuración de base de datos.
    Exception: DataAccessException
    StackTrace:    en CapaDatos.Infrastructure.BaseDAO.ExecuteWithConnection[T](Func`2 action) en C:\AOCR\AOCR\AOCR05-01-2026\AOCR1\AOCR\CapaDatos\Infrastructure\BaseDAO.cs:línea 68
   en CapaDatos.Services.EmailQueueService.<ObtenerSiguienteAsync>d__5.MoveNext() en C:\AOCR\AOCR\AOCR05-01-2026\AOCR1\AOCR\CapaDatos\Services\EmailQueueService.cs:línea 136
--- Fin del seguimiento de la pila de la ubicación anterior donde se produjo la excepción ---
   en System.Runtime.ExceptionServices.ExceptionDispatchInfo.Throw()
   en System.Runtime.CompilerServices.TaskAwaiter.HandleNonSuccessAndDebuggerNotification(Task task)
   en System.Runtime.CompilerServices.TaskAwaiter`1.GetResult()
   en CapaDatos.Services.EmailQueueProcessor.<ProcessQueueAsync>d__10.MoveNext() en C:\AOCR\AOCR\AOCR05-01-2026\AOCR1\AOCR\CapaDatos\Services\EmailQueueService.cs:línea 332
2026-01-31 21:29:28.934 | ERROR | CID:N/A | ERR:EMAIL_QUEUE_ERROR | Error de configuración de base de datos.
    Exception: DataAccessException
    StackTrace:    en CapaDatos.Infrastructure.BaseDAO.ExecuteWithConnection[T](Func`2 action) en C:\AOCR\AOCR\AOCR05-01-2026\AOCR1\AOCR\CapaDatos\Infrastructure\BaseDAO.cs:línea 68
   en CapaDatos.Services.EmailQueueService.<ObtenerSiguienteAsync>d__5.MoveNext() en C:\AOCR\AOCR\AOCR05-01-2026\AOCR1\AOCR\CapaDatos\Services\EmailQueueService.cs:línea 136
--- Fin del seguimiento de la pila de la ubicación anterior donde se produjo la excepción ---
   en System.Runtime.ExceptionServices.ExceptionDispatchInfo.Throw()
   en System.Runtime.CompilerServices.TaskAwaiter.HandleNonSuccessAndDebuggerNotification(Task task)
   en System.Runtime.CompilerServices.TaskAwaiter`1.GetResult()
   en CapaDatos.Services.EmailQueueProcessor.<ProcessQueueAsync>d__10.MoveNext() en C:\AOCR\AOCR\AOCR05-01-2026\AOCR1\AOCR\CapaDatos\Services\EmailQueueService.cs:línea 332
2026-01-31 21:29:58.980 | ERROR | CID:N/A | ERR:EMAIL_QUEUE_ERROR | Error de configuración de base de datos.
    Exception: DataAccessException
    StackTrace:    en CapaDatos.Infrastructure.BaseDAO.ExecuteWithConnection[T](Func`2 action) en C:\AOCR\AOCR\AOCR05-01-2026\AOCR1\AOCR\CapaDatos\Infrastructure\BaseDAO.cs:línea 68
   en CapaDatos.Services.EmailQueueService.<ObtenerSiguienteAsync>d__5.MoveNext() en C:\AOCR\AOCR\AOCR05-01-2026\AOCR1\AOCR\CapaDatos\Services\EmailQueueService.cs:línea 136
--- Fin del seguimiento de la pila de la ubicación anterior donde se produjo la excepción ---
   en System.Runtime.ExceptionServices.ExceptionDispatchInfo.Throw()
   en System.Runtime.CompilerServices.TaskAwaiter.HandleNonSuccessAndDebuggerNotification(Task task)
   en System.Runtime.CompilerServices.TaskAwaiter`1.GetResult()
   en CapaDatos.Services.EmailQueueProcessor.<ProcessQueueAsync>d__10.MoveNext() en C:\AOCR\AOCR\AOCR05-01-2026\AOCR1\AOCR\CapaDatos\Services\EmailQueueService.cs:línea 332
2026-01-31 21:30:29.034 | ERROR | CID:N/A | ERR:EMAIL_QUEUE_ERROR | Error de configuración de base de datos.
    Exception: DataAccessException
    StackTrace:    en CapaDatos.Infrastructure.BaseDAO.ExecuteWithConnection[T](Func`2 action) en C:\AOCR\AOCR\AOCR05-01-2026\AOCR1\AOCR\CapaDatos\Infrastructure\BaseDAO.cs:línea 68
   en CapaDatos.Services.EmailQueueService.<ObtenerSiguienteAsync>d__5.MoveNext() en C:\AOCR\AOCR\AOCR05-01-2026\AOCR1\AOCR\CapaDatos\Services\EmailQueueService.cs:línea 136
--- Fin del seguimiento de la pila de la ubicación anterior donde se produjo la excepción ---
   en System.Runtime.ExceptionServices.ExceptionDispatchInfo.Throw()
   en System.Runtime.CompilerServices.TaskAwaiter.HandleNonSuccessAndDebuggerNotification(Task task)
   en System.Runtime.CompilerServices.TaskAwaiter`1.GetResult()
   en CapaDatos.Services.EmailQueueProcessor.<ProcessQueueAsync>d__10.MoveNext() en C:\AOCR\AOCR\AOCR05-01-2026\AOCR1\AOCR\CapaDatos\Services\EmailQueueService.cs:línea 332
2026-01-31 21:30:59.075 | ERROR | CID:N/A | ERR:EMAIL_QUEUE_ERROR | Error de configuración de base de datos.
    Exception: DataAccessException
    StackTrace:    en CapaDatos.Infrastructure.BaseDAO.ExecuteWithConnection[T](Func`2 action) en C:\AOCR\AOCR\AOCR05-01-2026\AOCR1\AOCR\CapaDatos\Infrastructure\BaseDAO.cs:línea 68
   en CapaDatos.Services.EmailQueueService.<ObtenerSiguienteAsync>d__5.MoveNext() en C:\AOCR\AOCR\AOCR05-01-2026\AOCR1\AOCR\CapaDatos\Services\EmailQueueService.cs:línea 136
--- Fin del seguimiento de la pila de la ubicación anterior donde se produjo la excepción ---
   en System.Runtime.ExceptionServices.ExceptionDispatchInfo.Throw()
   en System.Runtime.CompilerServices.TaskAwaiter.HandleNonSuccessAndDebuggerNotification(Task task)
   en System.Runtime.CompilerServices.TaskAwaiter`1.GetResult()
   en CapaDatos.Services.EmailQueueProcessor.<ProcessQueueAsync>d__10.MoveNext() en C:\AOCR\AOCR\AOCR05-01-2026\AOCR1\AOCR\CapaDatos\Services\EmailQueueService.cs:línea 332
2026-01-31 21:31:29.121 | ERROR | CID:N/A | ERR:EMAIL_QUEUE_ERROR | Error de configuración de base de datos.
    Exception: DataAccessException
    StackTrace:    en CapaDatos.Infrastructure.BaseDAO.ExecuteWithConnection[T](Func`2 action) en C:\AOCR\AOCR\AOCR05-01-2026\AOCR1\AOCR\CapaDatos\Infrastructure\BaseDAO.cs:línea 68
   en CapaDatos.Services.EmailQueueService.<ObtenerSiguienteAsync>d__5.MoveNext() en C:\AOCR\AOCR\AOCR05-01-2026\AOCR1\AOCR\CapaDatos\Services\EmailQueueService.cs:línea 136
--- Fin del seguimiento de la pila de la ubicación anterior donde se produjo la excepción ---
   en System.Runtime.ExceptionServices.ExceptionDispatchInfo.Throw()
   en System.Runtime.CompilerServices.TaskAwaiter.HandleNonSuccessAndDebuggerNotification(Task task)
   en System.Runtime.CompilerServices.TaskAwaiter`1.GetResult()
   en CapaDatos.Services.EmailQueueProcessor.<ProcessQueueAsync>d__10.MoveNext() en C:\AOCR\AOCR\AOCR05-01-2026\AOCR1\AOCR\CapaDatos\Services\EmailQueueService.cs:línea 332
2026-01-31 21:31:59.169 | ERROR | CID:N/A | ERR:EMAIL_QUEUE_ERROR | Error de configuración de base de datos.
    Exception: DataAccessException
    StackTrace:    en CapaDatos.Infrastructure.BaseDAO.ExecuteWithConnection[T](Func`2 action) en C:\AOCR\AOCR\AOCR05-01-2026\AOCR1\AOCR\CapaDatos\Infrastructure\BaseDAO.cs:línea 68
   en CapaDatos.Services.EmailQueueService.<ObtenerSiguienteAsync>d__5.MoveNext() en C:\AOCR\AOCR\AOCR05-01-2026\AOCR1\AOCR\CapaDatos\Services\EmailQueueService.cs:línea 136
--- Fin del seguimiento de la pila de la ubicación anterior donde se produjo la excepción ---
   en System.Runtime.ExceptionServices.ExceptionDispatchInfo.Throw()
   en System.Runtime.CompilerServices.TaskAwaiter.HandleNonSuccessAndDebuggerNotification(Task task)
   en System.Runtime.CompilerServices.TaskAwaiter`1.GetResult()
   en CapaDatos.Services.EmailQueueProcessor.<ProcessQueueAsync>d__10.MoveNext() en C:\AOCR\AOCR\AOCR05-01-2026\AOCR1\AOCR\CapaDatos\Services\EmailQueueService.cs:línea 332
2026-01-31 21:32:29.243 | ERROR | CID:N/A | ERR:EMAIL_QUEUE_ERROR | Error de configuración de base de datos.
    Exception: DataAccessException
    StackTrace:    en CapaDatos.Infrastructure.BaseDAO.ExecuteWithConnection[T](Func`2 action) en C:\AOCR\AOCR\AOCR05-01-2026\AOCR1\AOCR\CapaDatos\Infrastructure\BaseDAO.cs:línea 68
   en CapaDatos.Services.EmailQueueService.<ObtenerSiguienteAsync>d__5.MoveNext() en C:\AOCR\AOCR\AOCR05-01-2026\AOCR1\AOCR\CapaDatos\Services\EmailQueueService.cs:línea 136
--- Fin del seguimiento de la pila de la ubicación anterior donde se produjo la excepción ---
   en System.Runtime.ExceptionServices.ExceptionDispatchInfo.Throw()
   en System.Runtime.CompilerServices.TaskAwaiter.HandleNonSuccessAndDebuggerNotification(Task task)
   en System.Runtime.CompilerServices.TaskAwaiter`1.GetResult()
   en CapaDatos.Services.EmailQueueProcessor.<ProcessQueueAsync>d__10.MoveNext() en C:\AOCR\AOCR\AOCR05-01-2026\AOCR1\AOCR\CapaDatos\Services\EmailQueueService.cs:línea 332
2026-01-31 21:32:59.309 | ERROR | CID:N/A | ERR:EMAIL_QUEUE_ERROR | Error de configuración de base de datos.
    Exception: DataAccessException
    StackTrace:    en CapaDatos.Infrastructure.BaseDAO.ExecuteWithConnection[T](Func`2 action) en C:\AOCR\AOCR\AOCR05-01-2026\AOCR1\AOCR\CapaDatos\Infrastructure\BaseDAO.cs:línea 68
   en CapaDatos.Services.EmailQueueService.<ObtenerSiguienteAsync>d__5.MoveNext() en C:\AOCR\AOCR\AOCR05-01-2026\AOCR1\AOCR\CapaDatos\Services\EmailQueueService.cs:línea 136
--- Fin del seguimiento de la pila de la ubicación anterior donde se produjo la excepción ---
   en System.Runtime.ExceptionServices.ExceptionDispatchInfo.Throw()
   en System.Runtime.CompilerServices.TaskAwaiter.HandleNonSuccessAndDebuggerNotification(Task task)
   en System.Runtime.CompilerServices.TaskAwaiter`1.GetResult()
   en CapaDatos.Services.EmailQueueProcessor.<ProcessQueueAsync>d__10.MoveNext() en C:\AOCR\AOCR\AOCR05-01-2026\AOCR1\AOCR\CapaDatos\Services\EmailQueueService.cs:línea 332
2026-01-31 21:33:29.356 | ERROR | CID:N/A | ERR:EMAIL_QUEUE_ERROR | Error de configuración de base de datos.
    Exception: DataAccessException
    StackTrace:    en CapaDatos.Infrastructure.BaseDAO.ExecuteWithConnection[T](Func`2 action) en C:\AOCR\AOCR\AOCR05-01-2026\AOCR1\AOCR\CapaDatos\Infrastructure\BaseDAO.cs:línea 68
   en CapaDatos.Services.EmailQueueService.<ObtenerSiguienteAsync>d__5.MoveNext() en C:\AOCR\AOCR\AOCR05-01-2026\AOCR1\AOCR\CapaDatos\Services\EmailQueueService.cs:línea 136
--- Fin del seguimiento de la pila de la ubicación anterior donde se produjo la excepción ---
   en System.Runtime.ExceptionServices.ExceptionDispatchInfo.Throw()
   en System.Runtime.CompilerServices.TaskAwaiter.HandleNonSuccessAndDebuggerNotification(Task task)
   en System.Runtime.CompilerServices.TaskAwaiter`1.GetResult()
   en CapaDatos.Services.EmailQueueProcessor.<ProcessQueueAsync>d__10.MoveNext() en C:\AOCR\AOCR\AOCR05-01-2026\AOCR1\AOCR\CapaDatos\Services\EmailQueueService.cs:línea 332
2026-01-31 21:33:59.402 | ERROR | CID:N/A | ERR:EMAIL_QUEUE_ERROR | Error de configuración de base de datos.
    Exception: DataAccessException
    StackTrace:    en CapaDatos.Infrastructure.BaseDAO.ExecuteWithConnection[T](Func`2 action) en C:\AOCR\AOCR\AOCR05-01-2026\AOCR1\AOCR\CapaDatos\Infrastructure\BaseDAO.cs:línea 68
   en CapaDatos.Services.EmailQueueService.<ObtenerSiguienteAsync>d__5.MoveNext() en C:\AOCR\AOCR\AOCR05-01-2026\AOCR1\AOCR\CapaDatos\Services\EmailQueueService.cs:línea 136
--- Fin del seguimiento de la pila de la ubicación anterior donde se produjo la excepción ---
   en System.Runtime.ExceptionServices.ExceptionDispatchInfo.Throw()
   en System.Runtime.CompilerServices.TaskAwaiter.HandleNonSuccessAndDebuggerNotification(Task task)
   en System.Runtime.CompilerServices.TaskAwaiter`1.GetResult()
   en CapaDatos.Services.EmailQueueProcessor.<ProcessQueueAsync>d__10.MoveNext() en C:\AOCR\AOCR\AOCR05-01-2026\AOCR1\AOCR\CapaDatos\Services\EmailQueueService.cs:línea 332
2026-01-31 21:34:29.464 | ERROR | CID:N/A | ERR:EMAIL_QUEUE_ERROR | Error de configuración de base de datos.
    Exception: DataAccessException
    StackTrace:    en CapaDatos.Infrastructure.BaseDAO.ExecuteWithConnection[T](Func`2 action) en C:\AOCR\AOCR\AOCR05-01-2026\AOCR1\AOCR\CapaDatos\Infrastructure\BaseDAO.cs:línea 68
   en CapaDatos.Services.EmailQueueService.<ObtenerSiguienteAsync>d__5.MoveNext() en C:\AOCR\AOCR\AOCR05-01-2026\AOCR1\AOCR\CapaDatos\Services\EmailQueueService.cs:línea 136
--- Fin del seguimiento de la pila de la ubicación anterior donde se produjo la excepción ---
   en System.Runtime.ExceptionServices.ExceptionDispatchInfo.Throw()
   en System.Runtime.CompilerServices.TaskAwaiter.HandleNonSuccessAndDebuggerNotification(Task task)
   en System.Runtime.CompilerServices.TaskAwaiter`1.GetResult()
   en CapaDatos.Services.EmailQueueProcessor.<ProcessQueueAsync>d__10.MoveNext() en C:\AOCR\AOCR\AOCR05-01-2026\AOCR1\AOCR\CapaDatos\Services\EmailQueueService.cs:línea 332
2026-01-31 21:34:59.505 | ERROR | CID:N/A | ERR:EMAIL_QUEUE_ERROR | Error de configuración de base de datos.
    Exception: DataAccessException
    StackTrace:    en CapaDatos.Infrastructure.BaseDAO.ExecuteWithConnection[T](Func`2 action) en C:\AOCR\AOCR\AOCR05-01-2026\AOCR1\AOCR\CapaDatos\Infrastructure\BaseDAO.cs:línea 68
   en CapaDatos.Services.EmailQueueService.<ObtenerSiguienteAsync>d__5.MoveNext() en C:\AOCR\AOCR\AOCR05-01-2026\AOCR1\AOCR\CapaDatos\Services\EmailQueueService.cs:línea 136
--- Fin del seguimiento de la pila de la ubicación anterior donde se produjo la excepción ---
   en System.Runtime.ExceptionServices.ExceptionDispatchInfo.Throw()
   en System.Runtime.CompilerServices.TaskAwaiter.HandleNonSuccessAndDebuggerNotification(Task task)
   en System.Runtime.CompilerServices.TaskAwaiter`1.GetResult()
   en CapaDatos.Services.EmailQueueProcessor.<ProcessQueueAsync>d__10.MoveNext() en C:\AOCR\AOCR\AOCR05-01-2026\AOCR1\AOCR\CapaDatos\Services\EmailQueueService.cs:línea 332
2026-01-31 21:35:29.550 | ERROR | CID:N/A | ERR:EMAIL_QUEUE_ERROR | Error de configuración de base de datos.
    Exception: DataAccessException
    StackTrace:    en CapaDatos.Infrastructure.BaseDAO.ExecuteWithConnection[T](Func`2 action) en C:\AOCR\AOCR\AOCR05-01-2026\AOCR1\AOCR\CapaDatos\Infrastructure\BaseDAO.cs:línea 68
   en CapaDatos.Services.EmailQueueService.<ObtenerSiguienteAsync>d__5.MoveNext() en C:\AOCR\AOCR\AOCR05-01-2026\AOCR1\AOCR\CapaDatos\Services\EmailQueueService.cs:línea 136
--- Fin del seguimiento de la pila de la ubicación anterior donde se produjo la excepción ---
   en System.Runtime.ExceptionServices.ExceptionDispatchInfo.Throw()
   en System.Runtime.CompilerServices.TaskAwaiter.HandleNonSuccessAndDebuggerNotification(Task task)
   en System.Runtime.CompilerServices.TaskAwaiter`1.GetResult()
   en CapaDatos.Services.EmailQueueProcessor.<ProcessQueueAsync>d__10.MoveNext() en C:\AOCR\AOCR\AOCR05-01-2026\AOCR1\AOCR\CapaDatos\Services\EmailQueueService.cs:línea 332
2026-01-31 21:35:59.598 | ERROR | CID:N/A | ERR:EMAIL_QUEUE_ERROR | Error de configuración de base de datos.
    Exception: DataAccessException
    StackTrace:    en CapaDatos.Infrastructure.BaseDAO.ExecuteWithConnection[T](Func`2 action) en C:\AOCR\AOCR\AOCR05-01-2026\AOCR1\AOCR\CapaDatos\Infrastructure\BaseDAO.cs:línea 68
   en CapaDatos.Services.EmailQueueService.<ObtenerSiguienteAsync>d__5.MoveNext() en C:\AOCR\AOCR\AOCR05-01-2026\AOCR1\AOCR\CapaDatos\Services\EmailQueueService.cs:línea 136
--- Fin del seguimiento de la pila de la ubicación anterior donde se produjo la excepción ---
   en System.Runtime.ExceptionServices.ExceptionDispatchInfo.Throw()
   en System.Runtime.CompilerServices.TaskAwaiter.HandleNonSuccessAndDebuggerNotification(Task task)
   en System.Runtime.CompilerServices.TaskAwaiter`1.GetResult()
   en CapaDatos.Services.EmailQueueProcessor.<ProcessQueueAsync>d__10.MoveNext() en C:\AOCR\AOCR\AOCR05-01-2026\AOCR1\AOCR\CapaDatos\Services\EmailQueueService.cs:línea 332
2026-01-31 21:36:29.636 | ERROR | CID:N/A | ERR:EMAIL_QUEUE_ERROR | Error de configuración de base de datos.
    Exception: DataAccessException
    StackTrace:    en CapaDatos.Infrastructure.BaseDAO.ExecuteWithConnection[T](Func`2 action) en C:\AOCR\AOCR\AOCR05-01-2026\AOCR1\AOCR\CapaDatos\Infrastructure\BaseDAO.cs:línea 68
   en CapaDatos.Services.EmailQueueService.<ObtenerSiguienteAsync>d__5.MoveNext() en C:\AOCR\AOCR\AOCR05-01-2026\AOCR1\AOCR\CapaDatos\Services\EmailQueueService.cs:línea 136
--- Fin del seguimiento de la pila de la ubicación anterior donde se produjo la excepción ---
   en System.Runtime.ExceptionServices.ExceptionDispatchInfo.Throw()
   en System.Runtime.CompilerServices.TaskAwaiter.HandleNonSuccessAndDebuggerNotification(Task task)
   en System.Runtime.CompilerServices.TaskAwaiter`1.GetResult()
   en CapaDatos.Services.EmailQueueProcessor.<ProcessQueueAsync>d__10.MoveNext() en C:\AOCR\AOCR\AOCR05-01-2026\AOCR1\AOCR\CapaDatos\Services\EmailQueueService.cs:línea 332
2026-01-31 21:36:59.692 | ERROR | CID:N/A | ERR:EMAIL_QUEUE_ERROR | Error de configuración de base de datos.
    Exception: DataAccessException
    StackTrace:    en CapaDatos.Infrastructure.BaseDAO.ExecuteWithConnection[T](Func`2 action) en C:\AOCR\AOCR\AOCR05-01-2026\AOCR1\AOCR\CapaDatos\Infrastructure\BaseDAO.cs:línea 68
   en CapaDatos.Services.EmailQueueService.<ObtenerSiguienteAsync>d__5.MoveNext() en C:\AOCR\AOCR\AOCR05-01-2026\AOCR1\AOCR\CapaDatos\Services\EmailQueueService.cs:línea 136
--- Fin del seguimiento de la pila de la ubicación anterior donde se produjo la excepción ---
   en System.Runtime.ExceptionServices.ExceptionDispatchInfo.Throw()
   en System.Runtime.CompilerServices.TaskAwaiter.HandleNonSuccessAndDebuggerNotification(Task task)
   en System.Runtime.CompilerServices.TaskAwaiter`1.GetResult()
   en CapaDatos.Services.EmailQueueProcessor.<ProcessQueueAsync>d__10.MoveNext() en C:\AOCR\AOCR\AOCR05-01-2026\AOCR1\AOCR\CapaDatos\Services\EmailQueueService.cs:línea 332
2026-01-31 21:37:29.731 | ERROR | CID:N/A | ERR:EMAIL_QUEUE_ERROR | Error de configuración de base de datos.
    Exception: DataAccessException
    StackTrace:    en CapaDatos.Infrastructure.BaseDAO.ExecuteWithConnection[T](Func`2 action) en C:\AOCR\AOCR\AOCR05-01-2026\AOCR1\AOCR\CapaDatos\Infrastructure\BaseDAO.cs:línea 68
   en CapaDatos.Services.EmailQueueService.<ObtenerSiguienteAsync>d__5.MoveNext() en C:\AOCR\AOCR\AOCR05-01-2026\AOCR1\AOCR\CapaDatos\Services\EmailQueueService.cs:línea 136
--- Fin del seguimiento de la pila de la ubicación anterior donde se produjo la excepción ---
   en System.Runtime.ExceptionServices.ExceptionDispatchInfo.Throw()
   en System.Runtime.CompilerServices.TaskAwaiter.HandleNonSuccessAndDebuggerNotification(Task task)
   en System.Runtime.CompilerServices.TaskAwaiter`1.GetResult()
   en CapaDatos.Services.EmailQueueProcessor.<ProcessQueueAsync>d__10.MoveNext() en C:\AOCR\AOCR\AOCR05-01-2026\AOCR1\AOCR\CapaDatos\Services\EmailQueueService.cs:línea 332
2026-01-31 21:37:59.778 | ERROR | CID:N/A | ERR:EMAIL_QUEUE_ERROR | Error de configuración de base de datos.
    Exception: DataAccessException
    StackTrace:    en CapaDatos.Infrastructure.BaseDAO.ExecuteWithConnection[T](Func`2 action) en C:\AOCR\AOCR\AOCR05-01-2026\AOCR1\AOCR\CapaDatos\Infrastructure\BaseDAO.cs:línea 68
   en CapaDatos.Services.EmailQueueService.<ObtenerSiguienteAsync>d__5.MoveNext() en C:\AOCR\AOCR\AOCR05-01-2026\AOCR1\AOCR\CapaDatos\Services\EmailQueueService.cs:línea 136
--- Fin del seguimiento de la pila de la ubicación anterior donde se produjo la excepción ---
   en System.Runtime.ExceptionServices.ExceptionDispatchInfo.Throw()
   en System.Runtime.CompilerServices.TaskAwaiter.HandleNonSuccessAndDebuggerNotification(Task task)
   en System.Runtime.CompilerServices.TaskAwaiter`1.GetResult()
   en CapaDatos.Services.EmailQueueProcessor.<ProcessQueueAsync>d__10.MoveNext() en C:\AOCR\AOCR\AOCR05-01-2026\AOCR1\AOCR\CapaDatos\Services\EmailQueueService.cs:línea 332
2026-01-31 21:38:29.824 | ERROR | CID:N/A | ERR:EMAIL_QUEUE_ERROR | Error de configuración de base de datos.
    Exception: DataAccessException
    StackTrace:    en CapaDatos.Infrastructure.BaseDAO.ExecuteWithConnection[T](Func`2 action) en C:\AOCR\AOCR\AOCR05-01-2026\AOCR1\AOCR\CapaDatos\Infrastructure\BaseDAO.cs:línea 68
   en CapaDatos.Services.EmailQueueService.<ObtenerSiguienteAsync>d__5.MoveNext() en C:\AOCR\AOCR\AOCR05-01-2026\AOCR1\AOCR\CapaDatos\Services\EmailQueueService.cs:línea 136
--- Fin del seguimiento de la pila de la ubicación anterior donde se produjo la excepción ---
   en System.Runtime.ExceptionServices.ExceptionDispatchInfo.Throw()
   en System.Runtime.CompilerServices.TaskAwaiter.HandleNonSuccessAndDebuggerNotification(Task task)
   en System.Runtime.CompilerServices.TaskAwaiter`1.GetResult()
   en CapaDatos.Services.EmailQueueProcessor.<ProcessQueueAsync>d__10.MoveNext() en C:\AOCR\AOCR\AOCR05-01-2026\AOCR1\AOCR\CapaDatos\Services\EmailQueueService.cs:línea 332
2026-01-31 21:38:59.855 | ERROR | CID:N/A | ERR:EMAIL_QUEUE_ERROR | Error de configuración de base de datos.
    Exception: DataAccessException
    StackTrace:    en CapaDatos.Infrastructure.BaseDAO.ExecuteWithConnection[T](Func`2 action) en C:\AOCR\AOCR\AOCR05-01-2026\AOCR1\AOCR\CapaDatos\Infrastructure\BaseDAO.cs:línea 68
   en CapaDatos.Services.EmailQueueService.<ObtenerSiguienteAsync>d__5.MoveNext() en C:\AOCR\AOCR\AOCR05-01-2026\AOCR1\AOCR\CapaDatos\Services\EmailQueueService.cs:línea 136
--- Fin del seguimiento de la pila de la ubicación anterior donde se produjo la excepción ---
   en System.Runtime.ExceptionServices.ExceptionDispatchInfo.Throw()
   en System.Runtime.CompilerServices.TaskAwaiter.HandleNonSuccessAndDebuggerNotification(Task task)
   en System.Runtime.CompilerServices.TaskAwaiter`1.GetResult()
   en CapaDatos.Services.EmailQueueProcessor.<ProcessQueueAsync>d__10.MoveNext() en C:\AOCR\AOCR\AOCR05-01-2026\AOCR1\AOCR\CapaDatos\Services\EmailQueueService.cs:línea 332
2026-01-31 21:39:29.922 | ERROR | CID:N/A | ERR:EMAIL_QUEUE_ERROR | Error de configuración de base de datos.
    Exception: DataAccessException
    StackTrace:    en CapaDatos.Infrastructure.BaseDAO.ExecuteWithConnection[T](Func`2 action) en C:\AOCR\AOCR\AOCR05-01-2026\AOCR1\AOCR\CapaDatos\Infrastructure\BaseDAO.cs:línea 68
   en CapaDatos.Services.EmailQueueService.<ObtenerSiguienteAsync>d__5.MoveNext() en C:\AOCR\AOCR\AOCR05-01-2026\AOCR1\AOCR\CapaDatos\Services\EmailQueueService.cs:línea 136
--- Fin del seguimiento de la pila de la ubicación anterior donde se produjo la excepción ---
   en System.Runtime.ExceptionServices.ExceptionDispatchInfo.Throw()
   en System.Runtime.CompilerServices.TaskAwaiter.HandleNonSuccessAndDebuggerNotification(Task task)
   en System.Runtime.CompilerServices.TaskAwaiter`1.GetResult()
   en CapaDatos.Services.EmailQueueProcessor.<ProcessQueueAsync>d__10.MoveNext() en C:\AOCR\AOCR\AOCR05-01-2026\AOCR1\AOCR\CapaDatos\Services\EmailQueueService.cs:línea 332
2026-01-31 21:39:59.964 | ERROR | CID:N/A | ERR:EMAIL_QUEUE_ERROR | Error de configuración de base de datos.
    Exception: DataAccessException
    StackTrace:    en CapaDatos.Infrastructure.BaseDAO.ExecuteWithConnection[T](Func`2 action) en C:\AOCR\AOCR\AOCR05-01-2026\AOCR1\AOCR\CapaDatos\Infrastructure\BaseDAO.cs:línea 68
   en CapaDatos.Services.EmailQueueService.<ObtenerSiguienteAsync>d__5.MoveNext() en C:\AOCR\AOCR\AOCR05-01-2026\AOCR1\AOCR\CapaDatos\Services\EmailQueueService.cs:línea 136
--- Fin del seguimiento de la pila de la ubicación anterior donde se produjo la excepción ---
   en System.Runtime.ExceptionServices.ExceptionDispatchInfo.Throw()
   en System.Runtime.CompilerServices.TaskAwaiter.HandleNonSuccessAndDebuggerNotification(Task task)
   en System.Runtime.CompilerServices.TaskAwaiter`1.GetResult()
   en CapaDatos.Services.EmailQueueProcessor.<ProcessQueueAsync>d__10.MoveNext() en C:\AOCR\AOCR\AOCR05-01-2026\AOCR1\AOCR\CapaDatos\Services\EmailQueueService.cs:línea 332
2026-01-31 21:40:30.004 | ERROR | CID:N/A | ERR:EMAIL_QUEUE_ERROR | Error de configuración de base de datos.
    Exception: DataAccessException
    StackTrace:    en CapaDatos.Infrastructure.BaseDAO.ExecuteWithConnection[T](Func`2 action) en C:\AOCR\AOCR\AOCR05-01-2026\AOCR1\AOCR\CapaDatos\Infrastructure\BaseDAO.cs:línea 68
   en CapaDatos.Services.EmailQueueService.<ObtenerSiguienteAsync>d__5.MoveNext() en C:\AOCR\AOCR\AOCR05-01-2026\AOCR1\AOCR\CapaDatos\Services\EmailQueueService.cs:línea 136
--- Fin del seguimiento de la pila de la ubicación anterior donde se produjo la excepción ---
   en System.Runtime.ExceptionServices.ExceptionDispatchInfo.Throw()
   en System.Runtime.CompilerServices.TaskAwaiter.HandleNonSuccessAndDebuggerNotification(Task task)
   en System.Runtime.CompilerServices.TaskAwaiter`1.GetResult()
   en CapaDatos.Services.EmailQueueProcessor.<ProcessQueueAsync>d__10.MoveNext() en C:\AOCR\AOCR\AOCR05-01-2026\AOCR1\AOCR\CapaDatos\Services\EmailQueueService.cs:línea 332
2026-01-31 21:41:00.044 | ERROR | CID:N/A | ERR:EMAIL_QUEUE_ERROR | Error de configuración de base de datos.
    Exception: DataAccessException
    StackTrace:    en CapaDatos.Infrastructure.BaseDAO.ExecuteWithConnection[T](Func`2 action) en C:\AOCR\AOCR\AOCR05-01-2026\AOCR1\AOCR\CapaDatos\Infrastructure\BaseDAO.cs:línea 68
   en CapaDatos.Services.EmailQueueService.<ObtenerSiguienteAsync>d__5.MoveNext() en C:\AOCR\AOCR\AOCR05-01-2026\AOCR1\AOCR\CapaDatos\Services\EmailQueueService.cs:línea 136
--- Fin del seguimiento de la pila de la ubicación anterior donde se produjo la excepción ---
   en System.Runtime.ExceptionServices.ExceptionDispatchInfo.Throw()
   en System.Runtime.CompilerServices.TaskAwaiter.HandleNonSuccessAndDebuggerNotification(Task task)
   en System.Runtime.CompilerServices.TaskAwaiter`1.GetResult()
   en CapaDatos.Services.EmailQueueProcessor.<ProcessQueueAsync>d__10.MoveNext() en C:\AOCR\AOCR\AOCR05-01-2026\AOCR1\AOCR\CapaDatos\Services\EmailQueueService.cs:línea 332
2026-01-31 21:41:30.102 | ERROR | CID:N/A | ERR:EMAIL_QUEUE_ERROR | Error de configuración de base de datos.
    Exception: DataAccessException
    StackTrace:    en CapaDatos.Infrastructure.BaseDAO.ExecuteWithConnection[T](Func`2 action) en C:\AOCR\AOCR\AOCR05-01-2026\AOCR1\AOCR\CapaDatos\Infrastructure\BaseDAO.cs:línea 68
   en CapaDatos.Services.EmailQueueService.<ObtenerSiguienteAsync>d__5.MoveNext() en C:\AOCR\AOCR\AOCR05-01-2026\AOCR1\AOCR\CapaDatos\Services\EmailQueueService.cs:línea 136
--- Fin del seguimiento de la pila de la ubicación anterior donde se produjo la excepción ---
   en System.Runtime.ExceptionServices.ExceptionDispatchInfo.Throw()
   en System.Runtime.CompilerServices.TaskAwaiter.HandleNonSuccessAndDebuggerNotification(Task task)
   en System.Runtime.CompilerServices.TaskAwaiter`1.GetResult()
   en CapaDatos.Services.EmailQueueProcessor.<ProcessQueueAsync>d__10.MoveNext() en C:\AOCR\AOCR\AOCR05-01-2026\AOCR1\AOCR\CapaDatos\Services\EmailQueueService.cs:línea 332
2026-01-31 21:42:00.162 | ERROR | CID:N/A | ERR:EMAIL_QUEUE_ERROR | Error de configuración de base de datos.
    Exception: DataAccessException
    StackTrace:    en CapaDatos.Infrastructure.BaseDAO.ExecuteWithConnection[T](Func`2 action) en C:\AOCR\AOCR\AOCR05-01-2026\AOCR1\AOCR\CapaDatos\Infrastructure\BaseDAO.cs:línea 68
   en CapaDatos.Services.EmailQueueService.<ObtenerSiguienteAsync>d__5.MoveNext() en C:\AOCR\AOCR\AOCR05-01-2026\AOCR1\AOCR\CapaDatos\Services\EmailQueueService.cs:línea 136
--- Fin del seguimiento de la pila de la ubicación anterior donde se produjo la excepción ---
   en System.Runtime.ExceptionServices.ExceptionDispatchInfo.Throw()
   en System.Runtime.CompilerServices.TaskAwaiter.HandleNonSuccessAndDebuggerNotification(Task task)
   en System.Runtime.CompilerServices.TaskAwaiter`1.GetResult()
   en CapaDatos.Services.EmailQueueProcessor.<ProcessQueueAsync>d__10.MoveNext() en C:\AOCR\AOCR\AOCR05-01-2026\AOCR1\AOCR\CapaDatos\Services\EmailQueueService.cs:línea 332
2026-01-31 21:42:30.199 | ERROR | CID:N/A | ERR:EMAIL_QUEUE_ERROR | Error de configuración de base de datos.
    Exception: DataAccessException
    StackTrace:    en CapaDatos.Infrastructure.BaseDAO.ExecuteWithConnection[T](Func`2 action) en C:\AOCR\AOCR\AOCR05-01-2026\AOCR1\AOCR\CapaDatos\Infrastructure\BaseDAO.cs:línea 68
   en CapaDatos.Services.EmailQueueService.<ObtenerSiguienteAsync>d__5.MoveNext() en C:\AOCR\AOCR\AOCR05-01-2026\AOCR1\AOCR\CapaDatos\Services\EmailQueueService.cs:línea 136
--- Fin del seguimiento de la pila de la ubicación anterior donde se produjo la excepción ---
   en System.Runtime.ExceptionServices.ExceptionDispatchInfo.Throw()
   en System.Runtime.CompilerServices.TaskAwaiter.HandleNonSuccessAndDebuggerNotification(Task task)
   en System.Runtime.CompilerServices.TaskAwaiter`1.GetResult()
   en CapaDatos.Services.EmailQueueProcessor.<ProcessQueueAsync>d__10.MoveNext() en C:\AOCR\AOCR\AOCR05-01-2026\AOCR1\AOCR\CapaDatos\Services\EmailQueueService.cs:línea 332
2026-01-31 21:43:00.246 | ERROR | CID:N/A | ERR:EMAIL_QUEUE_ERROR | Error de configuración de base de datos.
    Exception: DataAccessException
    StackTrace:    en CapaDatos.Infrastructure.BaseDAO.ExecuteWithConnection[T](Func`2 action) en C:\AOCR\AOCR\AOCR05-01-2026\AOCR1\AOCR\CapaDatos\Infrastructure\BaseDAO.cs:línea 68
   en CapaDatos.Services.EmailQueueService.<ObtenerSiguienteAsync>d__5.MoveNext() en C:\AOCR\AOCR\AOCR05-01-2026\AOCR1\AOCR\CapaDatos\Services\EmailQueueService.cs:línea 136
--- Fin del seguimiento de la pila de la ubicación anterior donde se produjo la excepción ---
   en System.Runtime.ExceptionServices.ExceptionDispatchInfo.Throw()
   en System.Runtime.CompilerServices.TaskAwaiter.HandleNonSuccessAndDebuggerNotification(Task task)
   en System.Runtime.CompilerServices.TaskAwaiter`1.GetResult()
   en CapaDatos.Services.EmailQueueProcessor.<ProcessQueueAsync>d__10.MoveNext() en C:\AOCR\AOCR\AOCR05-01-2026\AOCR1\AOCR\CapaDatos\Services\EmailQueueService.cs:línea 332
2026-01-31 21:43:30.299 | ERROR | CID:N/A | ERR:EMAIL_QUEUE_ERROR | Error de configuración de base de datos.
    Exception: DataAccessException
    StackTrace:    en CapaDatos.Infrastructure.BaseDAO.ExecuteWithConnection[T](Func`2 action) en C:\AOCR\AOCR\AOCR05-01-2026\AOCR1\AOCR\CapaDatos\Infrastructure\BaseDAO.cs:línea 68
   en CapaDatos.Services.EmailQueueService.<ObtenerSiguienteAsync>d__5.MoveNext() en C:\AOCR\AOCR\AOCR05-01-2026\AOCR1\AOCR\CapaDatos\Services\EmailQueueService.cs:línea 136
--- Fin del seguimiento de la pila de la ubicación anterior donde se produjo la excepción ---
   en System.Runtime.ExceptionServices.ExceptionDispatchInfo.Throw()
   en System.Runtime.CompilerServices.TaskAwaiter.HandleNonSuccessAndDebuggerNotification(Task task)
   en System.Runtime.CompilerServices.TaskAwaiter`1.GetResult()
   en CapaDatos.Services.EmailQueueProcessor.<ProcessQueueAsync>d__10.MoveNext() en C:\AOCR\AOCR\AOCR05-01-2026\AOCR1\AOCR\CapaDatos\Services\EmailQueueService.cs:línea 332
2026-01-31 21:44:00.349 | ERROR | CID:N/A | ERR:EMAIL_QUEUE_ERROR | Error de configuración de base de datos.
    Exception: DataAccessException
    StackTrace:    en CapaDatos.Infrastructure.BaseDAO.ExecuteWithConnection[T](Func`2 action) en C:\AOCR\AOCR\AOCR05-01-2026\AOCR1\AOCR\CapaDatos\Infrastructure\BaseDAO.cs:línea 68
   en CapaDatos.Services.EmailQueueService.<ObtenerSiguienteAsync>d__5.MoveNext() en C:\AOCR\AOCR\AOCR05-01-2026\AOCR1\AOCR\CapaDatos\Services\EmailQueueService.cs:línea 136
--- Fin del seguimiento de la pila de la ubicación anterior donde se produjo la excepción ---
   en System.Runtime.ExceptionServices.ExceptionDispatchInfo.Throw()
   en System.Runtime.CompilerServices.TaskAwaiter.HandleNonSuccessAndDebuggerNotification(Task task)
   en System.Runtime.CompilerServices.TaskAwaiter`1.GetResult()
   en CapaDatos.Services.EmailQueueProcessor.<ProcessQueueAsync>d__10.MoveNext() en C:\AOCR\AOCR\AOCR05-01-2026\AOCR1\AOCR\CapaDatos\Services\EmailQueueService.cs:línea 332
2026-01-31 21:44:30.395 | ERROR | CID:N/A | ERR:EMAIL_QUEUE_ERROR | Error de configuración de base de datos.
    Exception: DataAccessException
    StackTrace:    en CapaDatos.Infrastructure.BaseDAO.ExecuteWithConnection[T](Func`2 action) en C:\AOCR\AOCR\AOCR05-01-2026\AOCR1\AOCR\CapaDatos\Infrastructure\BaseDAO.cs:línea 68
   en CapaDatos.Services.EmailQueueService.<ObtenerSiguienteAsync>d__5.MoveNext() en C:\AOCR\AOCR\AOCR05-01-2026\AOCR1\AOCR\CapaDatos\Services\EmailQueueService.cs:línea 136
--- Fin del seguimiento de la pila de la ubicación anterior donde se produjo la excepción ---
   en System.Runtime.ExceptionServices.ExceptionDispatchInfo.Throw()
   en System.Runtime.CompilerServices.TaskAwaiter.HandleNonSuccessAndDebuggerNotification(Task task)
   en System.Runtime.CompilerServices.TaskAwaiter`1.GetResult()
   en CapaDatos.Services.EmailQueueProcessor.<ProcessQueueAsync>d__10.MoveNext() en C:\AOCR\AOCR\AOCR05-01-2026\AOCR1\AOCR\CapaDatos\Services\EmailQueueService.cs:línea 332
2026-01-31 21:45:00.434 | ERROR | CID:N/A | ERR:EMAIL_QUEUE_ERROR | Error de configuración de base de datos.
    Exception: DataAccessException
    StackTrace:    en CapaDatos.Infrastructure.BaseDAO.ExecuteWithConnection[T](Func`2 action) en C:\AOCR\AOCR\AOCR05-01-2026\AOCR1\AOCR\CapaDatos\Infrastructure\BaseDAO.cs:línea 68
   en CapaDatos.Services.EmailQueueService.<ObtenerSiguienteAsync>d__5.MoveNext() en C:\AOCR\AOCR\AOCR05-01-2026\AOCR1\AOCR\CapaDatos\Services\EmailQueueService.cs:línea 136
--- Fin del seguimiento de la pila de la ubicación anterior donde se produjo la excepción ---
   en System.Runtime.ExceptionServices.ExceptionDispatchInfo.Throw()
   en System.Runtime.CompilerServices.TaskAwaiter.HandleNonSuccessAndDebuggerNotification(Task task)
   en System.Runtime.CompilerServices.TaskAwaiter`1.GetResult()
   en CapaDatos.Services.EmailQueueProcessor.<ProcessQueueAsync>d__10.MoveNext() en C:\AOCR\AOCR\AOCR05-01-2026\AOCR1\AOCR\CapaDatos\Services\EmailQueueService.cs:línea 332
2026-01-31 21:45:30.480 | ERROR | CID:N/A | ERR:EMAIL_QUEUE_ERROR | Error de configuración de base de datos.
    Exception: DataAccessException
    StackTrace:    en CapaDatos.Infrastructure.BaseDAO.ExecuteWithConnection[T](Func`2 action) en C:\AOCR\AOCR\AOCR05-01-2026\AOCR1\AOCR\CapaDatos\Infrastructure\BaseDAO.cs:línea 68
   en CapaDatos.Services.EmailQueueService.<ObtenerSiguienteAsync>d__5.MoveNext() en C:\AOCR\AOCR\AOCR05-01-2026\AOCR1\AOCR\CapaDatos\Services\EmailQueueService.cs:línea 136
--- Fin del seguimiento de la pila de la ubicación anterior donde se produjo la excepción ---
   en System.Runtime.ExceptionServices.ExceptionDispatchInfo.Throw()
   en System.Runtime.CompilerServices.TaskAwaiter.HandleNonSuccessAndDebuggerNotification(Task task)
   en System.Runtime.CompilerServices.TaskAwaiter`1.GetResult()
   en CapaDatos.Services.EmailQueueProcessor.<ProcessQueueAsync>d__10.MoveNext() en C:\AOCR\AOCR\AOCR05-01-2026\AOCR1\AOCR\CapaDatos\Services\EmailQueueService.cs:línea 332
2026-01-31 21:46:00.528 | ERROR | CID:N/A | ERR:EMAIL_QUEUE_ERROR | Error de configuración de base de datos.
    Exception: DataAccessException
    StackTrace:    en CapaDatos.Infrastructure.BaseDAO.ExecuteWithConnection[T](Func`2 action) en C:\AOCR\AOCR\AOCR05-01-2026\AOCR1\AOCR\CapaDatos\Infrastructure\BaseDAO.cs:línea 68
   en CapaDatos.Services.EmailQueueService.<ObtenerSiguienteAsync>d__5.MoveNext() en C:\AOCR\AOCR\AOCR05-01-2026\AOCR1\AOCR\CapaDatos\Services\EmailQueueService.cs:línea 136
--- Fin del seguimiento de la pila de la ubicación anterior donde se produjo la excepción ---
   en System.Runtime.ExceptionServices.ExceptionDispatchInfo.Throw()
   en System.Runtime.CompilerServices.TaskAwaiter.HandleNonSuccessAndDebuggerNotification(Task task)
   en System.Runtime.CompilerServices.TaskAwaiter`1.GetResult()
   en CapaDatos.Services.EmailQueueProcessor.<ProcessQueueAsync>d__10.MoveNext() en C:\AOCR\AOCR\AOCR05-01-2026\AOCR1\AOCR\CapaDatos\Services\EmailQueueService.cs:línea 332
2026-01-31 21:46:30.583 | ERROR | CID:N/A | ERR:EMAIL_QUEUE_ERROR | Error de configuración de base de datos.
    Exception: DataAccessException
    StackTrace:    en CapaDatos.Infrastructure.BaseDAO.ExecuteWithConnection[T](Func`2 action) en C:\AOCR\AOCR\AOCR05-01-2026\AOCR1\AOCR\CapaDatos\Infrastructure\BaseDAO.cs:línea 68
   en CapaDatos.Services.EmailQueueService.<ObtenerSiguienteAsync>d__5.MoveNext() en C:\AOCR\AOCR\AOCR05-01-2026\AOCR1\AOCR\CapaDatos\Services\EmailQueueService.cs:línea 136
--- Fin del seguimiento de la pila de la ubicación anterior donde se produjo la excepción ---
   en System.Runtime.ExceptionServices.ExceptionDispatchInfo.Throw()
   en System.Runtime.CompilerServices.TaskAwaiter.HandleNonSuccessAndDebuggerNotification(Task task)
   en System.Runtime.CompilerServices.TaskAwaiter`1.GetResult()
   en CapaDatos.Services.EmailQueueProcessor.<ProcessQueueAsync>d__10.MoveNext() en C:\AOCR\AOCR\AOCR05-01-2026\AOCR1\AOCR\CapaDatos\Services\EmailQueueService.cs:línea 332
2026-01-31 21:47:00.622 | ERROR | CID:N/A | ERR:EMAIL_QUEUE_ERROR | Error de configuración de base de datos.
    Exception: DataAccessException
    StackTrace:    en CapaDatos.Infrastructure.BaseDAO.ExecuteWithConnection[T](Func`2 action) en C:\AOCR\AOCR\AOCR05-01-2026\AOCR1\AOCR\CapaDatos\Infrastructure\BaseDAO.cs:línea 68
   en CapaDatos.Services.EmailQueueService.<ObtenerSiguienteAsync>d__5.MoveNext() en C:\AOCR\AOCR\AOCR05-01-2026\AOCR1\AOCR\CapaDatos\Services\EmailQueueService.cs:línea 136
--- Fin del seguimiento de la pila de la ubicación anterior donde se produjo la excepción ---
   en System.Runtime.ExceptionServices.ExceptionDispatchInfo.Throw()
   en System.Runtime.CompilerServices.TaskAwaiter.HandleNonSuccessAndDebuggerNotification(Task task)
   en System.Runtime.CompilerServices.TaskAwaiter`1.GetResult()
   en CapaDatos.Services.EmailQueueProcessor.<ProcessQueueAsync>d__10.MoveNext() en C:\AOCR\AOCR\AOCR05-01-2026\AOCR1\AOCR\CapaDatos\Services\EmailQueueService.cs:línea 332
2026-01-31 21:47:30.669 | ERROR | CID:N/A | ERR:EMAIL_QUEUE_ERROR | Error de configuración de base de datos.
    Exception: DataAccessException
    StackTrace:    en CapaDatos.Infrastructure.BaseDAO.ExecuteWithConnection[T](Func`2 action) en C:\AOCR\AOCR\AOCR05-01-2026\AOCR1\AOCR\CapaDatos\Infrastructure\BaseDAO.cs:línea 68
   en CapaDatos.Services.EmailQueueService.<ObtenerSiguienteAsync>d__5.MoveNext() en C:\AOCR\AOCR\AOCR05-01-2026\AOCR1\AOCR\CapaDatos\Services\EmailQueueService.cs:línea 136
--- Fin del seguimiento de la pila de la ubicación anterior donde se produjo la excepción ---
   en System.Runtime.ExceptionServices.ExceptionDispatchInfo.Throw()
   en System.Runtime.CompilerServices.TaskAwaiter.HandleNonSuccessAndDebuggerNotification(Task task)
   en System.Runtime.CompilerServices.TaskAwaiter`1.GetResult()
   en CapaDatos.Services.EmailQueueProcessor.<ProcessQueueAsync>d__10.MoveNext() en C:\AOCR\AOCR\AOCR05-01-2026\AOCR1\AOCR\CapaDatos\Services\EmailQueueService.cs:línea 332
2026-01-31 21:48:00.739 | ERROR | CID:N/A | ERR:EMAIL_QUEUE_ERROR | Error de configuración de base de datos.
    Exception: DataAccessException
    StackTrace:    en CapaDatos.Infrastructure.BaseDAO.ExecuteWithConnection[T](Func`2 action) en C:\AOCR\AOCR\AOCR05-01-2026\AOCR1\AOCR\CapaDatos\Infrastructure\BaseDAO.cs:línea 68
   en CapaDatos.Services.EmailQueueService.<ObtenerSiguienteAsync>d__5.MoveNext() en C:\AOCR\AOCR\AOCR05-01-2026\AOCR1\AOCR\CapaDatos\Services\EmailQueueService.cs:línea 136
--- Fin del seguimiento de la pila de la ubicación anterior donde se produjo la excepción ---
   en System.Runtime.ExceptionServices.ExceptionDispatchInfo.Throw()
   en System.Runtime.CompilerServices.TaskAwaiter.HandleNonSuccessAndDebuggerNotification(Task task)
   en System.Runtime.CompilerServices.TaskAwaiter`1.GetResult()
   en CapaDatos.Services.EmailQueueProcessor.<ProcessQueueAsync>d__10.MoveNext() en C:\AOCR\AOCR\AOCR05-01-2026\AOCR1\AOCR\CapaDatos\Services\EmailQueueService.cs:línea 332
2026-01-31 21:48:30.789 | ERROR | CID:N/A | ERR:EMAIL_QUEUE_ERROR | Error de configuración de base de datos.
    Exception: DataAccessException
    StackTrace:    en CapaDatos.Infrastructure.BaseDAO.ExecuteWithConnection[T](Func`2 action) en C:\AOCR\AOCR\AOCR05-01-2026\AOCR1\AOCR\CapaDatos\Infrastructure\BaseDAO.cs:línea 68
   en CapaDatos.Services.EmailQueueService.<ObtenerSiguienteAsync>d__5.MoveNext() en C:\AOCR\AOCR\AOCR05-01-2026\AOCR1\AOCR\CapaDatos\Services\EmailQueueService.cs:línea 136
--- Fin del seguimiento de la pila de la ubicación anterior donde se produjo la excepción ---
   en System.Runtime.ExceptionServices.ExceptionDispatchInfo.Throw()
   en System.Runtime.CompilerServices.TaskAwaiter.HandleNonSuccessAndDebuggerNotification(Task task)
   en System.Runtime.CompilerServices.TaskAwaiter`1.GetResult()
   en CapaDatos.Services.EmailQueueProcessor.<ProcessQueueAsync>d__10.MoveNext() en C:\AOCR\AOCR\AOCR05-01-2026\AOCR1\AOCR\CapaDatos\Services\EmailQueueService.cs:línea 332
2026-01-31 21:49:00.825 | ERROR | CID:N/A | ERR:EMAIL_QUEUE_ERROR | Error de configuración de base de datos.
    Exception: DataAccessException
    StackTrace:    en CapaDatos.Infrastructure.BaseDAO.ExecuteWithConnection[T](Func`2 action) en C:\AOCR\AOCR\AOCR05-01-2026\AOCR1\AOCR\CapaDatos\Infrastructure\BaseDAO.cs:línea 68
   en CapaDatos.Services.EmailQueueService.<ObtenerSiguienteAsync>d__5.MoveNext() en C:\AOCR\AOCR\AOCR05-01-2026\AOCR1\AOCR\CapaDatos\Services\EmailQueueService.cs:línea 136
--- Fin del seguimiento de la pila de la ubicación anterior donde se produjo la excepción ---
   en System.Runtime.ExceptionServices.ExceptionDispatchInfo.Throw()
   en System.Runtime.CompilerServices.TaskAwaiter.HandleNonSuccessAndDebuggerNotification(Task task)
   en System.Runtime.CompilerServices.TaskAwaiter`1.GetResult()
   en CapaDatos.Services.EmailQueueProcessor.<ProcessQueueAsync>d__10.MoveNext() en C:\AOCR\AOCR\AOCR05-01-2026\AOCR1\AOCR\CapaDatos\Services\EmailQueueService.cs:línea 332
2026-01-31 21:49:30.885 | ERROR | CID:N/A | ERR:EMAIL_QUEUE_ERROR | Error de configuración de base de datos.
    Exception: DataAccessException
    StackTrace:    en CapaDatos.Infrastructure.BaseDAO.ExecuteWithConnection[T](Func`2 action) en C:\AOCR\AOCR\AOCR05-01-2026\AOCR1\AOCR\CapaDatos\Infrastructure\BaseDAO.cs:línea 68
   en CapaDatos.Services.EmailQueueService.<ObtenerSiguienteAsync>d__5.MoveNext() en C:\AOCR\AOCR\AOCR05-01-2026\AOCR1\AOCR\CapaDatos\Services\EmailQueueService.cs:línea 136
--- Fin del seguimiento de la pila de la ubicación anterior donde se produjo la excepción ---
   en System.Runtime.ExceptionServices.ExceptionDispatchInfo.Throw()
   en System.Runtime.CompilerServices.TaskAwaiter.HandleNonSuccessAndDebuggerNotification(Task task)
   en System.Runtime.CompilerServices.TaskAwaiter`1.GetResult()
   en CapaDatos.Services.EmailQueueProcessor.<ProcessQueueAsync>d__10.MoveNext() en C:\AOCR\AOCR\AOCR05-01-2026\AOCR1\AOCR\CapaDatos\Services\EmailQueueService.cs:línea 332
2026-01-31 21:50:00.926 | ERROR | CID:N/A | ERR:EMAIL_QUEUE_ERROR | Error de configuración de base de datos.
    Exception: DataAccessException
    StackTrace:    en CapaDatos.Infrastructure.BaseDAO.ExecuteWithConnection[T](Func`2 action) en C:\AOCR\AOCR\AOCR05-01-2026\AOCR1\AOCR\CapaDatos\Infrastructure\BaseDAO.cs:línea 68
   en CapaDatos.Services.EmailQueueService.<ObtenerSiguienteAsync>d__5.MoveNext() en C:\AOCR\AOCR\AOCR05-01-2026\AOCR1\AOCR\CapaDatos\Services\EmailQueueService.cs:línea 136
--- Fin del seguimiento de la pila de la ubicación anterior donde se produjo la excepción ---
   en System.Runtime.ExceptionServices.ExceptionDispatchInfo.Throw()
   en System.Runtime.CompilerServices.TaskAwaiter.HandleNonSuccessAndDebuggerNotification(Task task)
   en System.Runtime.CompilerServices.TaskAwaiter`1.GetResult()
   en CapaDatos.Services.EmailQueueProcessor.<ProcessQueueAsync>d__10.MoveNext() en C:\AOCR\AOCR\AOCR05-01-2026\AOCR1\AOCR\CapaDatos\Services\EmailQueueService.cs:línea 332
2026-01-31 21:50:30.979 | ERROR | CID:N/A | ERR:EMAIL_QUEUE_ERROR | Error de configuración de base de datos.
    Exception: DataAccessException
    StackTrace:    en CapaDatos.Infrastructure.BaseDAO.ExecuteWithConnection[T](Func`2 action) en C:\AOCR\AOCR\AOCR05-01-2026\AOCR1\AOCR\CapaDatos\Infrastructure\BaseDAO.cs:línea 68
   en CapaDatos.Services.EmailQueueService.<ObtenerSiguienteAsync>d__5.MoveNext() en C:\AOCR\AOCR\AOCR05-01-2026\AOCR1\AOCR\CapaDatos\Services\EmailQueueService.cs:línea 136
--- Fin del seguimiento de la pila de la ubicación anterior donde se produjo la excepción ---
   en System.Runtime.ExceptionServices.ExceptionDispatchInfo.Throw()
   en System.Runtime.CompilerServices.TaskAwaiter.HandleNonSuccessAndDebuggerNotification(Task task)
   en System.Runtime.CompilerServices.TaskAwaiter`1.GetResult()
   en CapaDatos.Services.EmailQueueProcessor.<ProcessQueueAsync>d__10.MoveNext() en C:\AOCR\AOCR\AOCR05-01-2026\AOCR1\AOCR\CapaDatos\Services\EmailQueueService.cs:línea 332
2026-01-31 21:51:01.028 | ERROR | CID:N/A | ERR:EMAIL_QUEUE_ERROR | Error de configuración de base de datos.
    Exception: DataAccessException
    StackTrace:    en CapaDatos.Infrastructure.BaseDAO.ExecuteWithConnection[T](Func`2 action) en C:\AOCR\AOCR\AOCR05-01-2026\AOCR1\AOCR\CapaDatos\Infrastructure\BaseDAO.cs:línea 68
   en CapaDatos.Services.EmailQueueService.<ObtenerSiguienteAsync>d__5.MoveNext() en C:\AOCR\AOCR\AOCR05-01-2026\AOCR1\AOCR\CapaDatos\Services\EmailQueueService.cs:línea 136
--- Fin del seguimiento de la pila de la ubicación anterior donde se produjo la excepción ---
   en System.Runtime.ExceptionServices.ExceptionDispatchInfo.Throw()
   en System.Runtime.CompilerServices.TaskAwaiter.HandleNonSuccessAndDebuggerNotification(Task task)
   en System.Runtime.CompilerServices.TaskAwaiter`1.GetResult()
   en CapaDatos.Services.EmailQueueProcessor.<ProcessQueueAsync>d__10.MoveNext() en C:\AOCR\AOCR\AOCR05-01-2026\AOCR1\AOCR\CapaDatos\Services\EmailQueueService.cs:línea 332
2026-01-31 21:51:31.074 | ERROR | CID:N/A | ERR:EMAIL_QUEUE_ERROR | Error de configuración de base de datos.
    Exception: DataAccessException
    StackTrace:    en CapaDatos.Infrastructure.BaseDAO.ExecuteWithConnection[T](Func`2 action) en C:\AOCR\AOCR\AOCR05-01-2026\AOCR1\AOCR\CapaDatos\Infrastructure\BaseDAO.cs:línea 68
   en CapaDatos.Services.EmailQueueService.<ObtenerSiguienteAsync>d__5.MoveNext() en C:\AOCR\AOCR\AOCR05-01-2026\AOCR1\AOCR\CapaDatos\Services\EmailQueueService.cs:línea 136
--- Fin del seguimiento de la pila de la ubicación anterior donde se produjo la excepción ---
   en System.Runtime.ExceptionServices.ExceptionDispatchInfo.Throw()
   en System.Runtime.CompilerServices.TaskAwaiter.HandleNonSuccessAndDebuggerNotification(Task task)
   en System.Runtime.CompilerServices.TaskAwaiter`1.GetResult()
   en CapaDatos.Services.EmailQueueProcessor.<ProcessQueueAsync>d__10.MoveNext() en C:\AOCR\AOCR\AOCR05-01-2026\AOCR1\AOCR\CapaDatos\Services\EmailQueueService.cs:línea 332
2026-01-31 21:52:01.116 | ERROR | CID:N/A | ERR:EMAIL_QUEUE_ERROR | Error de configuración de base de datos.
    Exception: DataAccessException
    StackTrace:    en CapaDatos.Infrastructure.BaseDAO.ExecuteWithConnection[T](Func`2 action) en C:\AOCR\AOCR\AOCR05-01-2026\AOCR1\AOCR\CapaDatos\Infrastructure\BaseDAO.cs:línea 68
   en CapaDatos.Services.EmailQueueService.<ObtenerSiguienteAsync>d__5.MoveNext() en C:\AOCR\AOCR\AOCR05-01-2026\AOCR1\AOCR\CapaDatos\Services\EmailQueueService.cs:línea 136
--- Fin del seguimiento de la pila de la ubicación anterior donde se produjo la excepción ---
   en System.Runtime.ExceptionServices.ExceptionDispatchInfo.Throw()
   en System.Runtime.CompilerServices.TaskAwaiter.HandleNonSuccessAndDebuggerNotification(Task task)
   en System.Runtime.CompilerServices.TaskAwaiter`1.GetResult()
   en CapaDatos.Services.EmailQueueProcessor.<ProcessQueueAsync>d__10.MoveNext() en C:\AOCR\AOCR\AOCR05-01-2026\AOCR1\AOCR\CapaDatos\Services\EmailQueueService.cs:línea 332
2026-01-31 21:52:31.161 | ERROR | CID:N/A | ERR:EMAIL_QUEUE_ERROR | Error de configuración de base de datos.
    Exception: DataAccessException
    StackTrace:    en CapaDatos.Infrastructure.BaseDAO.ExecuteWithConnection[T](Func`2 action) en C:\AOCR\AOCR\AOCR05-01-2026\AOCR1\AOCR\CapaDatos\Infrastructure\BaseDAO.cs:línea 68
   en CapaDatos.Services.EmailQueueService.<ObtenerSiguienteAsync>d__5.MoveNext() en C:\AOCR\AOCR\AOCR05-01-2026\AOCR1\AOCR\CapaDatos\Services\EmailQueueService.cs:línea 136
--- Fin del seguimiento de la pila de la ubicación anterior donde se produjo la excepción ---
   en System.Runtime.ExceptionServices.ExceptionDispatchInfo.Throw()
   en System.Runtime.CompilerServices.TaskAwaiter.HandleNonSuccessAndDebuggerNotification(Task task)
   en System.Runtime.CompilerServices.TaskAwaiter`1.GetResult()
   en CapaDatos.Services.EmailQueueProcessor.<ProcessQueueAsync>d__10.MoveNext() en C:\AOCR\AOCR\AOCR05-01-2026\AOCR1\AOCR\CapaDatos\Services\EmailQueueService.cs:línea 332
2026-01-31 21:53:01.200 | ERROR | CID:N/A | ERR:EMAIL_QUEUE_ERROR | Error de configuración de base de datos.
    Exception: DataAccessException
    StackTrace:    en CapaDatos.Infrastructure.BaseDAO.ExecuteWithConnection[T](Func`2 action) en C:\AOCR\AOCR\AOCR05-01-2026\AOCR1\AOCR\CapaDatos\Infrastructure\BaseDAO.cs:línea 68
   en CapaDatos.Services.EmailQueueService.<ObtenerSiguienteAsync>d__5.MoveNext() en C:\AOCR\AOCR\AOCR05-01-2026\AOCR1\AOCR\CapaDatos\Services\EmailQueueService.cs:línea 136
--- Fin del seguimiento de la pila de la ubicación anterior donde se produjo la excepción ---
   en System.Runtime.ExceptionServices.ExceptionDispatchInfo.Throw()
   en System.Runtime.CompilerServices.TaskAwaiter.HandleNonSuccessAndDebuggerNotification(Task task)
   en System.Runtime.CompilerServices.TaskAwaiter`1.GetResult()
   en CapaDatos.Services.EmailQueueProcessor.<ProcessQueueAsync>d__10.MoveNext() en C:\AOCR\AOCR\AOCR05-01-2026\AOCR1\AOCR\CapaDatos\Services\EmailQueueService.cs:línea 332
2026-01-31 21:53:31.262 | ERROR | CID:N/A | ERR:EMAIL_QUEUE_ERROR | Error de configuración de base de datos.
    Exception: DataAccessException
    StackTrace:    en CapaDatos.Infrastructure.BaseDAO.ExecuteWithConnection[T](Func`2 action) en C:\AOCR\AOCR\AOCR05-01-2026\AOCR1\AOCR\CapaDatos\Infrastructure\BaseDAO.cs:línea 68
   en CapaDatos.Services.EmailQueueService.<ObtenerSiguienteAsync>d__5.MoveNext() en C:\AOCR\AOCR\AOCR05-01-2026\AOCR1\AOCR\CapaDatos\Services\EmailQueueService.cs:línea 136
--- Fin del seguimiento de la pila de la ubicación anterior donde se produjo la excepción ---
   en System.Runtime.ExceptionServices.ExceptionDispatchInfo.Throw()
   en System.Runtime.CompilerServices.TaskAwaiter.HandleNonSuccessAndDebuggerNotification(Task task)
   en System.Runtime.CompilerServices.TaskAwaiter`1.GetResult()
   en CapaDatos.Services.EmailQueueProcessor.<ProcessQueueAsync>d__10.MoveNext() en C:\AOCR\AOCR\AOCR05-01-2026\AOCR1\AOCR\CapaDatos\Services\EmailQueueService.cs:línea 332
2026-01-31 21:54:01.324 | ERROR | CID:N/A | ERR:EMAIL_QUEUE_ERROR | Error de configuración de base de datos.
    Exception: DataAccessException
    StackTrace:    en CapaDatos.Infrastructure.BaseDAO.ExecuteWithConnection[T](Func`2 action) en C:\AOCR\AOCR\AOCR05-01-2026\AOCR1\AOCR\CapaDatos\Infrastructure\BaseDAO.cs:línea 68
   en CapaDatos.Services.EmailQueueService.<ObtenerSiguienteAsync>d__5.MoveNext() en C:\AOCR\AOCR\AOCR05-01-2026\AOCR1\AOCR\CapaDatos\Services\EmailQueueService.cs:línea 136
--- Fin del seguimiento de la pila de la ubicación anterior donde se produjo la excepción ---
   en System.Runtime.ExceptionServices.ExceptionDispatchInfo.Throw()
   en System.Runtime.CompilerServices.TaskAwaiter.HandleNonSuccessAndDebuggerNotification(Task task)
   en System.Runtime.CompilerServices.TaskAwaiter`1.GetResult()
   en CapaDatos.Services.EmailQueueProcessor.<ProcessQueueAsync>d__10.MoveNext() en C:\AOCR\AOCR\AOCR05-01-2026\AOCR1\AOCR\CapaDatos\Services\EmailQueueService.cs:línea 332
2026-01-31 21:54:31.371 | ERROR | CID:N/A | ERR:EMAIL_QUEUE_ERROR | Error de configuración de base de datos.
    Exception: DataAccessException
    StackTrace:    en CapaDatos.Infrastructure.BaseDAO.ExecuteWithConnection[T](Func`2 action) en C:\AOCR\AOCR\AOCR05-01-2026\AOCR1\AOCR\CapaDatos\Infrastructure\BaseDAO.cs:línea 68
   en CapaDatos.Services.EmailQueueService.<ObtenerSiguienteAsync>d__5.MoveNext() en C:\AOCR\AOCR\AOCR05-01-2026\AOCR1\AOCR\CapaDatos\Services\EmailQueueService.cs:línea 136
--- Fin del seguimiento de la pila de la ubicación anterior donde se produjo la excepción ---
   en System.Runtime.ExceptionServices.ExceptionDispatchInfo.Throw()
   en System.Runtime.CompilerServices.TaskAwaiter.HandleNonSuccessAndDebuggerNotification(Task task)
   en System.Runtime.CompilerServices.TaskAwaiter`1.GetResult()
   en CapaDatos.Services.EmailQueueProcessor.<ProcessQueueAsync>d__10.MoveNext() en C:\AOCR\AOCR\AOCR05-01-2026\AOCR1\AOCR\CapaDatos\Services\EmailQueueService.cs:línea 332
2026-01-31 21:55:01.417 | ERROR | CID:N/A | ERR:EMAIL_QUEUE_ERROR | Error de configuración de base de datos.
    Exception: DataAccessException
    StackTrace:    en CapaDatos.Infrastructure.BaseDAO.ExecuteWithConnection[T](Func`2 action) en C:\AOCR\AOCR\AOCR05-01-2026\AOCR1\AOCR\CapaDatos\Infrastructure\BaseDAO.cs:línea 68
   en CapaDatos.Services.EmailQueueService.<ObtenerSiguienteAsync>d__5.MoveNext() en C:\AOCR\AOCR\AOCR05-01-2026\AOCR1\AOCR\CapaDatos\Services\EmailQueueService.cs:línea 136
--- Fin del seguimiento de la pila de la ubicación anterior donde se produjo la excepción ---
   en System.Runtime.ExceptionServices.ExceptionDispatchInfo.Throw()
   en System.Runtime.CompilerServices.TaskAwaiter.HandleNonSuccessAndDebuggerNotification(Task task)
   en System.Runtime.CompilerServices.TaskAwaiter`1.GetResult()
   en CapaDatos.Services.EmailQueueProcessor.<ProcessQueueAsync>d__10.MoveNext() en C:\AOCR\AOCR\AOCR05-01-2026\AOCR1\AOCR\CapaDatos\Services\EmailQueueService.cs:línea 332
2026-01-31 21:55:31.461 | ERROR | CID:N/A | ERR:EMAIL_QUEUE_ERROR | Error de configuración de base de datos.
    Exception: DataAccessException
    StackTrace:    en CapaDatos.Infrastructure.BaseDAO.ExecuteWithConnection[T](Func`2 action) en C:\AOCR\AOCR\AOCR05-01-2026\AOCR1\AOCR\CapaDatos\Infrastructure\BaseDAO.cs:línea 68
   en CapaDatos.Services.EmailQueueService.<ObtenerSiguienteAsync>d__5.MoveNext() en C:\AOCR\AOCR\AOCR05-01-2026\AOCR1\AOCR\CapaDatos\Services\EmailQueueService.cs:línea 136
--- Fin del seguimiento de la pila de la ubicación anterior donde se produjo la excepción ---
   en System.Runtime.ExceptionServices.ExceptionDispatchInfo.Throw()
   en System.Runtime.CompilerServices.TaskAwaiter.HandleNonSuccessAndDebuggerNotification(Task task)
   en System.Runtime.CompilerServices.TaskAwaiter`1.GetResult()
   en CapaDatos.Services.EmailQueueProcessor.<ProcessQueueAsync>d__10.MoveNext() en C:\AOCR\AOCR\AOCR05-01-2026\AOCR1\AOCR\CapaDatos\Services\EmailQueueService.cs:línea 332
2026-01-31 21:56:01.503 | ERROR | CID:N/A | ERR:EMAIL_QUEUE_ERROR | Error de configuración de base de datos.
    Exception: DataAccessException
    StackTrace:    en CapaDatos.Infrastructure.BaseDAO.ExecuteWithConnection[T](Func`2 action) en C:\AOCR\AOCR\AOCR05-01-2026\AOCR1\AOCR\CapaDatos\Infrastructure\BaseDAO.cs:línea 68
   en CapaDatos.Services.EmailQueueService.<ObtenerSiguienteAsync>d__5.MoveNext() en C:\AOCR\AOCR\AOCR05-01-2026\AOCR1\AOCR\CapaDatos\Services\EmailQueueService.cs:línea 136
--- Fin del seguimiento de la pila de la ubicación anterior donde se produjo la excepción ---
   en System.Runtime.ExceptionServices.ExceptionDispatchInfo.Throw()
   en System.Runtime.CompilerServices.TaskAwaiter.HandleNonSuccessAndDebuggerNotification(Task task)
   en System.Runtime.CompilerServices.TaskAwaiter`1.GetResult()
   en CapaDatos.Services.EmailQueueProcessor.<ProcessQueueAsync>d__10.MoveNext() en C:\AOCR\AOCR\AOCR05-01-2026\AOCR1\AOCR\CapaDatos\Services\EmailQueueService.cs:línea 332
2026-01-31 21:56:31.542 | ERROR | CID:N/A | ERR:EMAIL_QUEUE_ERROR | Error de configuración de base de datos.
    Exception: DataAccessException
    StackTrace:    en CapaDatos.Infrastructure.BaseDAO.ExecuteWithConnection[T](Func`2 action) en C:\AOCR\AOCR\AOCR05-01-2026\AOCR1\AOCR\CapaDatos\Infrastructure\BaseDAO.cs:línea 68
   en CapaDatos.Services.EmailQueueService.<ObtenerSiguienteAsync>d__5.MoveNext() en C:\AOCR\AOCR\AOCR05-01-2026\AOCR1\AOCR\CapaDatos\Services\EmailQueueService.cs:línea 136
--- Fin del seguimiento de la pila de la ubicación anterior donde se produjo la excepción ---
   en System.Runtime.ExceptionServices.ExceptionDispatchInfo.Throw()
   en System.Runtime.CompilerServices.TaskAwaiter.HandleNonSuccessAndDebuggerNotification(Task task)
   en System.Runtime.CompilerServices.TaskAwaiter`1.GetResult()
   en CapaDatos.Services.EmailQueueProcessor.<ProcessQueueAsync>d__10.MoveNext() en C:\AOCR\AOCR\AOCR05-01-2026\AOCR1\AOCR\CapaDatos\Services\EmailQueueService.cs:línea 332
2026-01-31 21:57:01.603 | ERROR | CID:N/A | ERR:EMAIL_QUEUE_ERROR | Error de configuración de base de datos.
    Exception: DataAccessException
    StackTrace:    en CapaDatos.Infrastructure.BaseDAO.ExecuteWithConnection[T](Func`2 action) en C:\AOCR\AOCR\AOCR05-01-2026\AOCR1\AOCR\CapaDatos\Infrastructure\BaseDAO.cs:línea 68
   en CapaDatos.Services.EmailQueueService.<ObtenerSiguienteAsync>d__5.MoveNext() en C:\AOCR\AOCR\AOCR05-01-2026\AOCR1\AOCR\CapaDatos\Services\EmailQueueService.cs:línea 136
--- Fin del seguimiento de la pila de la ubicación anterior donde se produjo la excepción ---
   en System.Runtime.ExceptionServices.ExceptionDispatchInfo.Throw()
   en System.Runtime.CompilerServices.TaskAwaiter.HandleNonSuccessAndDebuggerNotification(Task task)
   en System.Runtime.CompilerServices.TaskAwaiter`1.GetResult()
   en CapaDatos.Services.EmailQueueProcessor.<ProcessQueueAsync>d__10.MoveNext() en C:\AOCR\AOCR\AOCR05-01-2026\AOCR1\AOCR\CapaDatos\Services\EmailQueueService.cs:línea 332
2026-01-31 21:57:31.637 | ERROR | CID:N/A | ERR:EMAIL_QUEUE_ERROR | Error de configuración de base de datos.
    Exception: DataAccessException
    StackTrace:    en CapaDatos.Infrastructure.BaseDAO.ExecuteWithConnection[T](Func`2 action) en C:\AOCR\AOCR\AOCR05-01-2026\AOCR1\AOCR\CapaDatos\Infrastructure\BaseDAO.cs:línea 68
   en CapaDatos.Services.EmailQueueService.<ObtenerSiguienteAsync>d__5.MoveNext() en C:\AOCR\AOCR\AOCR05-01-2026\AOCR1\AOCR\CapaDatos\Services\EmailQueueService.cs:línea 136
--- Fin del seguimiento de la pila de la ubicación anterior donde se produjo la excepción ---
   en System.Runtime.ExceptionServices.ExceptionDispatchInfo.Throw()
   en System.Runtime.CompilerServices.TaskAwaiter.HandleNonSuccessAndDebuggerNotification(Task task)
   en System.Runtime.CompilerServices.TaskAwaiter`1.GetResult()
   en CapaDatos.Services.EmailQueueProcessor.<ProcessQueueAsync>d__10.MoveNext() en C:\AOCR\AOCR\AOCR05-01-2026\AOCR1\AOCR\CapaDatos\Services\EmailQueueService.cs:línea 332
2026-01-31 21:58:01.715 | ERROR | CID:N/A | ERR:EMAIL_QUEUE_ERROR | Error de configuración de base de datos.
    Exception: DataAccessException
    StackTrace:    en CapaDatos.Infrastructure.BaseDAO.ExecuteWithConnection[T](Func`2 action) en C:\AOCR\AOCR\AOCR05-01-2026\AOCR1\AOCR\CapaDatos\Infrastructure\BaseDAO.cs:línea 68
   en CapaDatos.Services.EmailQueueService.<ObtenerSiguienteAsync>d__5.MoveNext() en C:\AOCR\AOCR\AOCR05-01-2026\AOCR1\AOCR\CapaDatos\Services\EmailQueueService.cs:línea 136
--- Fin del seguimiento de la pila de la ubicación anterior donde se produjo la excepción ---
   en System.Runtime.ExceptionServices.ExceptionDispatchInfo.Throw()
   en System.Runtime.CompilerServices.TaskAwaiter.HandleNonSuccessAndDebuggerNotification(Task task)
   en System.Runtime.CompilerServices.TaskAwaiter`1.GetResult()
   en CapaDatos.Services.EmailQueueProcessor.<ProcessQueueAsync>d__10.MoveNext() en C:\AOCR\AOCR\AOCR05-01-2026\AOCR1\AOCR\CapaDatos\Services\EmailQueueService.cs:línea 332
2026-01-31 21:58:31.762 | ERROR | CID:N/A | ERR:EMAIL_QUEUE_ERROR | Error de configuración de base de datos.
    Exception: DataAccessException
    StackTrace:    en CapaDatos.Infrastructure.BaseDAO.ExecuteWithConnection[T](Func`2 action) en C:\AOCR\AOCR\AOCR05-01-2026\AOCR1\AOCR\CapaDatos\Infrastructure\BaseDAO.cs:línea 68
   en CapaDatos.Services.EmailQueueService.<ObtenerSiguienteAsync>d__5.MoveNext() en C:\AOCR\AOCR\AOCR05-01-2026\AOCR1\AOCR\CapaDatos\Services\EmailQueueService.cs:línea 136
--- Fin del seguimiento de la pila de la ubicación anterior donde se produjo la excepción ---
   en System.Runtime.ExceptionServices.ExceptionDispatchInfo.Throw()
   en System.Runtime.CompilerServices.TaskAwaiter.HandleNonSuccessAndDebuggerNotification(Task task)
   en System.Runtime.CompilerServices.TaskAwaiter`1.GetResult()
   en CapaDatos.Services.EmailQueueProcessor.<ProcessQueueAsync>d__10.MoveNext() en C:\AOCR\AOCR\AOCR05-01-2026\AOCR1\AOCR\CapaDatos\Services\EmailQueueService.cs:línea 332
2026-01-31 21:59:01.808 | ERROR | CID:N/A | ERR:EMAIL_QUEUE_ERROR | Error de configuración de base de datos.
    Exception: DataAccessException
    StackTrace:    en CapaDatos.Infrastructure.BaseDAO.ExecuteWithConnection[T](Func`2 action) en C:\AOCR\AOCR\AOCR05-01-2026\AOCR1\AOCR\CapaDatos\Infrastructure\BaseDAO.cs:línea 68
   en CapaDatos.Services.EmailQueueService.<ObtenerSiguienteAsync>d__5.MoveNext() en C:\AOCR\AOCR\AOCR05-01-2026\AOCR1\AOCR\CapaDatos\Services\EmailQueueService.cs:línea 136
--- Fin del seguimiento de la pila de la ubicación anterior donde se produjo la excepción ---
   en System.Runtime.ExceptionServices.ExceptionDispatchInfo.Throw()
   en System.Runtime.CompilerServices.TaskAwaiter.HandleNonSuccessAndDebuggerNotification(Task task)
   en System.Runtime.CompilerServices.TaskAwaiter`1.GetResult()
   en CapaDatos.Services.EmailQueueProcessor.<ProcessQueueAsync>d__10.MoveNext() en C:\AOCR\AOCR\AOCR05-01-2026\AOCR1\AOCR\CapaDatos\Services\EmailQueueService.cs:línea 332
2026-01-31 21:59:31.848 | ERROR | CID:N/A | ERR:EMAIL_QUEUE_ERROR | Error de configuración de base de datos.
    Exception: DataAccessException
    StackTrace:    en CapaDatos.Infrastructure.BaseDAO.ExecuteWithConnection[T](Func`2 action) en C:\AOCR\AOCR\AOCR05-01-2026\AOCR1\AOCR\CapaDatos\Infrastructure\BaseDAO.cs:línea 68
   en CapaDatos.Services.EmailQueueService.<ObtenerSiguienteAsync>d__5.MoveNext() en C:\AOCR\AOCR\AOCR05-01-2026\AOCR1\AOCR\CapaDatos\Services\EmailQueueService.cs:línea 136
--- Fin del seguimiento de la pila de la ubicación anterior donde se produjo la excepción ---
   en System.Runtime.ExceptionServices.ExceptionDispatchInfo.Throw()
   en System.Runtime.CompilerServices.TaskAwaiter.HandleNonSuccessAndDebuggerNotification(Task task)
   en System.Runtime.CompilerServices.TaskAwaiter`1.GetResult()
   en CapaDatos.Services.EmailQueueProcessor.<ProcessQueueAsync>d__10.MoveNext() en C:\AOCR\AOCR\AOCR05-01-2026\AOCR1\AOCR\CapaDatos\Services\EmailQueueService.cs:línea 332
2026-01-31 22:00:01.895 | ERROR | CID:N/A | ERR:EMAIL_QUEUE_ERROR | Error de configuración de base de datos.
    Exception: DataAccessException
    StackTrace:    en CapaDatos.Infrastructure.BaseDAO.ExecuteWithConnection[T](Func`2 action) en C:\AOCR\AOCR\AOCR05-01-2026\AOCR1\AOCR\CapaDatos\Infrastructure\BaseDAO.cs:línea 68
   en CapaDatos.Services.EmailQueueService.<ObtenerSiguienteAsync>d__5.MoveNext() en C:\AOCR\AOCR\AOCR05-01-2026\AOCR1\AOCR\CapaDatos\Services\EmailQueueService.cs:línea 136
--- Fin del seguimiento de la pila de la ubicación anterior donde se produjo la excepción ---
   en System.Runtime.ExceptionServices.ExceptionDispatchInfo.Throw()
   en System.Runtime.CompilerServices.TaskAwaiter.HandleNonSuccessAndDebuggerNotification(Task task)
   en System.Runtime.CompilerServices.TaskAwaiter`1.GetResult()
   en CapaDatos.Services.EmailQueueProcessor.<ProcessQueueAsync>d__10.MoveNext() en C:\AOCR\AOCR\AOCR05-01-2026\AOCR1\AOCR\CapaDatos\Services\EmailQueueService.cs:línea 332
2026-01-31 22:00:31.940 | ERROR | CID:N/A | ERR:EMAIL_QUEUE_ERROR | Error de configuración de base de datos.
    Exception: DataAccessException
    StackTrace:    en CapaDatos.Infrastructure.BaseDAO.ExecuteWithConnection[T](Func`2 action) en C:\AOCR\AOCR\AOCR05-01-2026\AOCR1\AOCR\CapaDatos\Infrastructure\BaseDAO.cs:línea 68
   en CapaDatos.Services.EmailQueueService.<ObtenerSiguienteAsync>d__5.MoveNext() en C:\AOCR\AOCR\AOCR05-01-2026\AOCR1\AOCR\CapaDatos\Services\EmailQueueService.cs:línea 136
--- Fin del seguimiento de la pila de la ubicación anterior donde se produjo la excepción ---
   en System.Runtime.ExceptionServices.ExceptionDispatchInfo.Throw()
   en System.Runtime.CompilerServices.TaskAwaiter.HandleNonSuccessAndDebuggerNotification(Task task)
   en System.Runtime.CompilerServices.TaskAwaiter`1.GetResult()
   en CapaDatos.Services.EmailQueueProcessor.<ProcessQueueAsync>d__10.MoveNext() en C:\AOCR\AOCR\AOCR05-01-2026\AOCR1\AOCR\CapaDatos\Services\EmailQueueService.cs:línea 332
2026-01-31 22:01:01.980 | ERROR | CID:N/A | ERR:EMAIL_QUEUE_ERROR | Error de configuración de base de datos.
    Exception: DataAccessException
    StackTrace:    en CapaDatos.Infrastructure.BaseDAO.ExecuteWithConnection[T](Func`2 action) en C:\AOCR\AOCR\AOCR05-01-2026\AOCR1\AOCR\CapaDatos\Infrastructure\BaseDAO.cs:línea 68
   en CapaDatos.Services.EmailQueueService.<ObtenerSiguienteAsync>d__5.MoveNext() en C:\AOCR\AOCR\AOCR05-01-2026\AOCR1\AOCR\CapaDatos\Services\EmailQueueService.cs:línea 136
--- Fin del seguimiento de la pila de la ubicación anterior donde se produjo la excepción ---
   en System.Runtime.ExceptionServices.ExceptionDispatchInfo.Throw()
   en System.Runtime.CompilerServices.TaskAwaiter.HandleNonSuccessAndDebuggerNotification(Task task)
   en System.Runtime.CompilerServices.TaskAwaiter`1.GetResult()
   en CapaDatos.Services.EmailQueueProcessor.<ProcessQueueAsync>d__10.MoveNext() en C:\AOCR\AOCR\AOCR05-01-2026\AOCR1\AOCR\CapaDatos\Services\EmailQueueService.cs:línea 332
2026-01-31 22:01:32.027 | ERROR | CID:N/A | ERR:EMAIL_QUEUE_ERROR | Error de configuración de base de datos.
    Exception: DataAccessException
    StackTrace:    en CapaDatos.Infrastructure.BaseDAO.ExecuteWithConnection[T](Func`2 action) en C:\AOCR\AOCR\AOCR05-01-2026\AOCR1\AOCR\CapaDatos\Infrastructure\BaseDAO.cs:línea 68
   en CapaDatos.Services.EmailQueueService.<ObtenerSiguienteAsync>d__5.MoveNext() en C:\AOCR\AOCR\AOCR05-01-2026\AOCR1\AOCR\CapaDatos\Services\EmailQueueService.cs:línea 136
--- Fin del seguimiento de la pila de la ubicación anterior donde se produjo la excepción ---
   en System.Runtime.ExceptionServices.ExceptionDispatchInfo.Throw()
   en System.Runtime.CompilerServices.TaskAwaiter.HandleNonSuccessAndDebuggerNotification(Task task)
   en System.Runtime.CompilerServices.TaskAwaiter`1.GetResult()
   en CapaDatos.Services.EmailQueueProcessor.<ProcessQueueAsync>d__10.MoveNext() en C:\AOCR\AOCR\AOCR05-01-2026\AOCR1\AOCR\CapaDatos\Services\EmailQueueService.cs:línea 332
2026-01-31 22:02:02.074 | ERROR | CID:N/A | ERR:EMAIL_QUEUE_ERROR | Error de configuración de base de datos.
    Exception: DataAccessException
    StackTrace:    en CapaDatos.Infrastructure.BaseDAO.ExecuteWithConnection[T](Func`2 action) en C:\AOCR\AOCR\AOCR05-01-2026\AOCR1\AOCR\CapaDatos\Infrastructure\BaseDAO.cs:línea 68
   en CapaDatos.Services.EmailQueueService.<ObtenerSiguienteAsync>d__5.MoveNext() en C:\AOCR\AOCR\AOCR05-01-2026\AOCR1\AOCR\CapaDatos\Services\EmailQueueService.cs:línea 136
--- Fin del seguimiento de la pila de la ubicación anterior donde se produjo la excepción ---
   en System.Runtime.ExceptionServices.ExceptionDispatchInfo.Throw()
   en System.Runtime.CompilerServices.TaskAwaiter.HandleNonSuccessAndDebuggerNotification(Task task)
   en System.Runtime.CompilerServices.TaskAwaiter`1.GetResult()
   en CapaDatos.Services.EmailQueueProcessor.<ProcessQueueAsync>d__10.MoveNext() en C:\AOCR\AOCR\AOCR05-01-2026\AOCR1\AOCR\CapaDatos\Services\EmailQueueService.cs:línea 332
2026-01-31 22:02:32.121 | ERROR | CID:N/A | ERR:EMAIL_QUEUE_ERROR | Error de configuración de base de datos.
    Exception: DataAccessException
    StackTrace:    en CapaDatos.Infrastructure.BaseDAO.ExecuteWithConnection[T](Func`2 action) en C:\AOCR\AOCR\AOCR05-01-2026\AOCR1\AOCR\CapaDatos\Infrastructure\BaseDAO.cs:línea 68
   en CapaDatos.Services.EmailQueueService.<ObtenerSiguienteAsync>d__5.MoveNext() en C:\AOCR\AOCR\AOCR05-01-2026\AOCR1\AOCR\CapaDatos\Services\EmailQueueService.cs:línea 136
--- Fin del seguimiento de la pila de la ubicación anterior donde se produjo la excepción ---
   en System.Runtime.ExceptionServices.ExceptionDispatchInfo.Throw()
   en System.Runtime.CompilerServices.TaskAwaiter.HandleNonSuccessAndDebuggerNotification(Task task)
   en System.Runtime.CompilerServices.TaskAwaiter`1.GetResult()
   en CapaDatos.Services.EmailQueueProcessor.<ProcessQueueAsync>d__10.MoveNext() en C:\AOCR\AOCR\AOCR05-01-2026\AOCR1\AOCR\CapaDatos\Services\EmailQueueService.cs:línea 332
2026-01-31 22:03:02.161 | ERROR | CID:N/A | ERR:EMAIL_QUEUE_ERROR | Error de configuración de base de datos.
    Exception: DataAccessException
    StackTrace:    en CapaDatos.Infrastructure.BaseDAO.ExecuteWithConnection[T](Func`2 action) en C:\AOCR\AOCR\AOCR05-01-2026\AOCR1\AOCR\CapaDatos\Infrastructure\BaseDAO.cs:línea 68
   en CapaDatos.Services.EmailQueueService.<ObtenerSiguienteAsync>d__5.MoveNext() en C:\AOCR\AOCR\AOCR05-01-2026\AOCR1\AOCR\CapaDatos\Services\EmailQueueService.cs:línea 136
--- Fin del seguimiento de la pila de la ubicación anterior donde se produjo la excepción ---
   en System.Runtime.ExceptionServices.ExceptionDispatchInfo.Throw()
   en System.Runtime.CompilerServices.TaskAwaiter.HandleNonSuccessAndDebuggerNotification(Task task)
   en System.Runtime.CompilerServices.TaskAwaiter`1.GetResult()
   en CapaDatos.Services.EmailQueueProcessor.<ProcessQueueAsync>d__10.MoveNext() en C:\AOCR\AOCR\AOCR05-01-2026\AOCR1\AOCR\CapaDatos\Services\EmailQueueService.cs:línea 332
2026-01-31 22:03:32.199 | ERROR | CID:N/A | ERR:EMAIL_QUEUE_ERROR | Error de configuración de base de datos.
    Exception: DataAccessException
    StackTrace:    en CapaDatos.Infrastructure.BaseDAO.ExecuteWithConnection[T](Func`2 action) en C:\AOCR\AOCR\AOCR05-01-2026\AOCR1\AOCR\CapaDatos\Infrastructure\BaseDAO.cs:línea 68
   en CapaDatos.Services.EmailQueueService.<ObtenerSiguienteAsync>d__5.MoveNext() en C:\AOCR\AOCR\AOCR05-01-2026\AOCR1\AOCR\CapaDatos\Services\EmailQueueService.cs:línea 136
--- Fin del seguimiento de la pila de la ubicación anterior donde se produjo la excepción ---
   en System.Runtime.ExceptionServices.ExceptionDispatchInfo.Throw()
   en System.Runtime.CompilerServices.TaskAwaiter.HandleNonSuccessAndDebuggerNotification(Task task)
   en System.Runtime.CompilerServices.TaskAwaiter`1.GetResult()
   en CapaDatos.Services.EmailQueueProcessor.<ProcessQueueAsync>d__10.MoveNext() en C:\AOCR\AOCR\AOCR05-01-2026\AOCR1\AOCR\CapaDatos\Services\EmailQueueService.cs:línea 332
2026-01-31 22:04:02.243 | ERROR | CID:N/A | ERR:EMAIL_QUEUE_ERROR | Error de configuración de base de datos.
    Exception: DataAccessException
    StackTrace:    en CapaDatos.Infrastructure.BaseDAO.ExecuteWithConnection[T](Func`2 action) en C:\AOCR\AOCR\AOCR05-01-2026\AOCR1\AOCR\CapaDatos\Infrastructure\BaseDAO.cs:línea 68
   en CapaDatos.Services.EmailQueueService.<ObtenerSiguienteAsync>d__5.MoveNext() en C:\AOCR\AOCR\AOCR05-01-2026\AOCR1\AOCR\CapaDatos\Services\EmailQueueService.cs:línea 136
--- Fin del seguimiento de la pila de la ubicación anterior donde se produjo la excepción ---
   en System.Runtime.ExceptionServices.ExceptionDispatchInfo.Throw()
   en System.Runtime.CompilerServices.TaskAwaiter.HandleNonSuccessAndDebuggerNotification(Task task)
   en System.Runtime.CompilerServices.TaskAwaiter`1.GetResult()
   en CapaDatos.Services.EmailQueueProcessor.<ProcessQueueAsync>d__10.MoveNext() en C:\AOCR\AOCR\AOCR05-01-2026\AOCR1\AOCR\CapaDatos\Services\EmailQueueService.cs:línea 332
2026-01-31 22:04:32.278 | ERROR | CID:N/A | ERR:EMAIL_QUEUE_ERROR | Error de configuración de base de datos.
    Exception: DataAccessException
    StackTrace:    en CapaDatos.Infrastructure.BaseDAO.ExecuteWithConnection[T](Func`2 action) en C:\AOCR\AOCR\AOCR05-01-2026\AOCR1\AOCR\CapaDatos\Infrastructure\BaseDAO.cs:línea 68
   en CapaDatos.Services.EmailQueueService.<ObtenerSiguienteAsync>d__5.MoveNext() en C:\AOCR\AOCR\AOCR05-01-2026\AOCR1\AOCR\CapaDatos\Services\EmailQueueService.cs:línea 136
--- Fin del seguimiento de la pila de la ubicación anterior donde se produjo la excepción ---
   en System.Runtime.ExceptionServices.ExceptionDispatchInfo.Throw()
   en System.Runtime.CompilerServices.TaskAwaiter.HandleNonSuccessAndDebuggerNotification(Task task)
   en System.Runtime.CompilerServices.TaskAwaiter`1.GetResult()
   en CapaDatos.Services.EmailQueueProcessor.<ProcessQueueAsync>d__10.MoveNext() en C:\AOCR\AOCR\AOCR05-01-2026\AOCR1\AOCR\CapaDatos\Services\EmailQueueService.cs:línea 332
2026-01-31 22:05:02.333 | ERROR | CID:N/A | ERR:EMAIL_QUEUE_ERROR | Error de configuración de base de datos.
    Exception: DataAccessException
    StackTrace:    en CapaDatos.Infrastructure.BaseDAO.ExecuteWithConnection[T](Func`2 action) en C:\AOCR\AOCR\AOCR05-01-2026\AOCR1\AOCR\CapaDatos\Infrastructure\BaseDAO.cs:línea 68
   en CapaDatos.Services.EmailQueueService.<ObtenerSiguienteAsync>d__5.MoveNext() en C:\AOCR\AOCR\AOCR05-01-2026\AOCR1\AOCR\CapaDatos\Services\EmailQueueService.cs:línea 136
--- Fin del seguimiento de la pila de la ubicación anterior donde se produjo la excepción ---
   en System.Runtime.ExceptionServices.ExceptionDispatchInfo.Throw()
   en System.Runtime.CompilerServices.TaskAwaiter.HandleNonSuccessAndDebuggerNotification(Task task)
   en System.Runtime.CompilerServices.TaskAwaiter`1.GetResult()
   en CapaDatos.Services.EmailQueueProcessor.<ProcessQueueAsync>d__10.MoveNext() en C:\AOCR\AOCR\AOCR05-01-2026\AOCR1\AOCR\CapaDatos\Services\EmailQueueService.cs:línea 332
2026-01-31 22:05:32.366 | ERROR | CID:N/A | ERR:EMAIL_QUEUE_ERROR | Error de configuración de base de datos.
    Exception: DataAccessException
    StackTrace:    en CapaDatos.Infrastructure.BaseDAO.ExecuteWithConnection[T](Func`2 action) en C:\AOCR\AOCR\AOCR05-01-2026\AOCR1\AOCR\CapaDatos\Infrastructure\BaseDAO.cs:línea 68
   en CapaDatos.Services.EmailQueueService.<ObtenerSiguienteAsync>d__5.MoveNext() en C:\AOCR\AOCR\AOCR05-01-2026\AOCR1\AOCR\CapaDatos\Services\EmailQueueService.cs:línea 136
--- Fin del seguimiento de la pila de la ubicación anterior donde se produjo la excepción ---
   en System.Runtime.ExceptionServices.ExceptionDispatchInfo.Throw()
   en System.Runtime.CompilerServices.TaskAwaiter.HandleNonSuccessAndDebuggerNotification(Task task)
   en System.Runtime.CompilerServices.TaskAwaiter`1.GetResult()
   en CapaDatos.Services.EmailQueueProcessor.<ProcessQueueAsync>d__10.MoveNext() en C:\AOCR\AOCR\AOCR05-01-2026\AOCR1\AOCR\CapaDatos\Services\EmailQueueService.cs:línea 332
2026-01-31 22:06:02.428 | ERROR | CID:N/A | ERR:EMAIL_QUEUE_ERROR | Error de configuración de base de datos.
    Exception: DataAccessException
    StackTrace:    en CapaDatos.Infrastructure.BaseDAO.ExecuteWithConnection[T](Func`2 action) en C:\AOCR\AOCR\AOCR05-01-2026\AOCR1\AOCR\CapaDatos\Infrastructure\BaseDAO.cs:línea 68
   en CapaDatos.Services.EmailQueueService.<ObtenerSiguienteAsync>d__5.MoveNext() en C:\AOCR\AOCR\AOCR05-01-2026\AOCR1\AOCR\CapaDatos\Services\EmailQueueService.cs:línea 136
--- Fin del seguimiento de la pila de la ubicación anterior donde se produjo la excepción ---
   en System.Runtime.ExceptionServices.ExceptionDispatchInfo.Throw()
   en System.Runtime.CompilerServices.TaskAwaiter.HandleNonSuccessAndDebuggerNotification(Task task)
   en System.Runtime.CompilerServices.TaskAwaiter`1.GetResult()
   en CapaDatos.Services.EmailQueueProcessor.<ProcessQueueAsync>d__10.MoveNext() en C:\AOCR\AOCR\AOCR05-01-2026\AOCR1\AOCR\CapaDatos\Services\EmailQueueService.cs:línea 332
2026-01-31 22:06:32.466 | ERROR | CID:N/A | ERR:EMAIL_QUEUE_ERROR | Error de configuración de base de datos.
    Exception: DataAccessException
    StackTrace:    en CapaDatos.Infrastructure.BaseDAO.ExecuteWithConnection[T](Func`2 action) en C:\AOCR\AOCR\AOCR05-01-2026\AOCR1\AOCR\CapaDatos\Infrastructure\BaseDAO.cs:línea 68
   en CapaDatos.Services.EmailQueueService.<ObtenerSiguienteAsync>d__5.MoveNext() en C:\AOCR\AOCR\AOCR05-01-2026\AOCR1\AOCR\CapaDatos\Services\EmailQueueService.cs:línea 136
--- Fin del seguimiento de la pila de la ubicación anterior donde se produjo la excepción ---
   en System.Runtime.ExceptionServices.ExceptionDispatchInfo.Throw()
   en System.Runtime.CompilerServices.TaskAwaiter.HandleNonSuccessAndDebuggerNotification(Task task)
   en System.Runtime.CompilerServices.TaskAwaiter`1.GetResult()
   en CapaDatos.Services.EmailQueueProcessor.<ProcessQueueAsync>d__10.MoveNext() en C:\AOCR\AOCR\AOCR05-01-2026\AOCR1\AOCR\CapaDatos\Services\EmailQueueService.cs:línea 332
2026-01-31 22:07:02.527 | ERROR | CID:N/A | ERR:EMAIL_QUEUE_ERROR | Error de configuración de base de datos.
    Exception: DataAccessException
    StackTrace:    en CapaDatos.Infrastructure.BaseDAO.ExecuteWithConnection[T](Func`2 action) en C:\AOCR\AOCR\AOCR05-01-2026\AOCR1\AOCR\CapaDatos\Infrastructure\BaseDAO.cs:línea 68
   en CapaDatos.Services.EmailQueueService.<ObtenerSiguienteAsync>d__5.MoveNext() en C:\AOCR\AOCR\AOCR05-01-2026\AOCR1\AOCR\CapaDatos\Services\EmailQueueService.cs:línea 136
--- Fin del seguimiento de la pila de la ubicación anterior donde se produjo la excepción ---
   en System.Runtime.ExceptionServices.ExceptionDispatchInfo.Throw()
   en System.Runtime.CompilerServices.TaskAwaiter.HandleNonSuccessAndDebuggerNotification(Task task)
   en System.Runtime.CompilerServices.TaskAwaiter`1.GetResult()
   en CapaDatos.Services.EmailQueueProcessor.<ProcessQueueAsync>d__10.MoveNext() en C:\AOCR\AOCR\AOCR05-01-2026\AOCR1\AOCR\CapaDatos\Services\EmailQueueService.cs:línea 332
2026-01-31 22:07:32.575 | ERROR | CID:N/A | ERR:EMAIL_QUEUE_ERROR | Error de configuración de base de datos.
    Exception: DataAccessException
    StackTrace:    en CapaDatos.Infrastructure.BaseDAO.ExecuteWithConnection[T](Func`2 action) en C:\AOCR\AOCR\AOCR05-01-2026\AOCR1\AOCR\CapaDatos\Infrastructure\BaseDAO.cs:línea 68
   en CapaDatos.Services.EmailQueueService.<ObtenerSiguienteAsync>d__5.MoveNext() en C:\AOCR\AOCR\AOCR05-01-2026\AOCR1\AOCR\CapaDatos\Services\EmailQueueService.cs:línea 136
--- Fin del seguimiento de la pila de la ubicación anterior donde se produjo la excepción ---
   en System.Runtime.ExceptionServices.ExceptionDispatchInfo.Throw()
   en System.Runtime.CompilerServices.TaskAwaiter.HandleNonSuccessAndDebuggerNotification(Task task)
   en System.Runtime.CompilerServices.TaskAwaiter`1.GetResult()
   en CapaDatos.Services.EmailQueueProcessor.<ProcessQueueAsync>d__10.MoveNext() en C:\AOCR\AOCR\AOCR05-01-2026\AOCR1\AOCR\CapaDatos\Services\EmailQueueService.cs:línea 332
2026-01-31 22:08:02.613 | ERROR | CID:N/A | ERR:EMAIL_QUEUE_ERROR | Error de configuración de base de datos.
    Exception: DataAccessException
    StackTrace:    en CapaDatos.Infrastructure.BaseDAO.ExecuteWithConnection[T](Func`2 action) en C:\AOCR\AOCR\AOCR05-01-2026\AOCR1\AOCR\CapaDatos\Infrastructure\BaseDAO.cs:línea 68
   en CapaDatos.Services.EmailQueueService.<ObtenerSiguienteAsync>d__5.MoveNext() en C:\AOCR\AOCR\AOCR05-01-2026\AOCR1\AOCR\CapaDatos\Services\EmailQueueService.cs:línea 136
--- Fin del seguimiento de la pila de la ubicación anterior donde se produjo la excepción ---
   en System.Runtime.ExceptionServices.ExceptionDispatchInfo.Throw()
   en System.Runtime.CompilerServices.TaskAwaiter.HandleNonSuccessAndDebuggerNotification(Task task)
   en System.Runtime.CompilerServices.TaskAwaiter`1.GetResult()
   en CapaDatos.Services.EmailQueueProcessor.<ProcessQueueAsync>d__10.MoveNext() en C:\AOCR\AOCR\AOCR05-01-2026\AOCR1\AOCR\CapaDatos\Services\EmailQueueService.cs:línea 332
2026-01-31 22:08:32.653 | ERROR | CID:N/A | ERR:EMAIL_QUEUE_ERROR | Error de configuración de base de datos.
    Exception: DataAccessException
    StackTrace:    en CapaDatos.Infrastructure.BaseDAO.ExecuteWithConnection[T](Func`2 action) en C:\AOCR\AOCR\AOCR05-01-2026\AOCR1\AOCR\CapaDatos\Infrastructure\BaseDAO.cs:línea 68
   en CapaDatos.Services.EmailQueueService.<ObtenerSiguienteAsync>d__5.MoveNext() en C:\AOCR\AOCR\AOCR05-01-2026\AOCR1\AOCR\CapaDatos\Services\EmailQueueService.cs:línea 136
--- Fin del seguimiento de la pila de la ubicación anterior donde se produjo la excepción ---
   en System.Runtime.ExceptionServices.ExceptionDispatchInfo.Throw()
   en System.Runtime.CompilerServices.TaskAwaiter.HandleNonSuccessAndDebuggerNotification(Task task)
   en System.Runtime.CompilerServices.TaskAwaiter`1.GetResult()
   en CapaDatos.Services.EmailQueueProcessor.<ProcessQueueAsync>d__10.MoveNext() en C:\AOCR\AOCR\AOCR05-01-2026\AOCR1\AOCR\CapaDatos\Services\EmailQueueService.cs:línea 332
2026-01-31 22:09:02.718 | ERROR | CID:N/A | ERR:EMAIL_QUEUE_ERROR | Error de configuración de base de datos.
    Exception: DataAccessException
    StackTrace:    en CapaDatos.Infrastructure.BaseDAO.ExecuteWithConnection[T](Func`2 action) en C:\AOCR\AOCR\AOCR05-01-2026\AOCR1\AOCR\CapaDatos\Infrastructure\BaseDAO.cs:línea 68
   en CapaDatos.Services.EmailQueueService.<ObtenerSiguienteAsync>d__5.MoveNext() en C:\AOCR\AOCR\AOCR05-01-2026\AOCR1\AOCR\CapaDatos\Services\EmailQueueService.cs:línea 136
--- Fin del seguimiento de la pila de la ubicación anterior donde se produjo la excepción ---
   en System.Runtime.ExceptionServices.ExceptionDispatchInfo.Throw()
   en System.Runtime.CompilerServices.TaskAwaiter.HandleNonSuccessAndDebuggerNotification(Task task)
   en System.Runtime.CompilerServices.TaskAwaiter`1.GetResult()
   en CapaDatos.Services.EmailQueueProcessor.<ProcessQueueAsync>d__10.MoveNext() en C:\AOCR\AOCR\AOCR05-01-2026\AOCR1\AOCR\CapaDatos\Services\EmailQueueService.cs:línea 332
2026-01-31 22:09:32.762 | ERROR | CID:N/A | ERR:EMAIL_QUEUE_ERROR | Error de configuración de base de datos.
    Exception: DataAccessException
    StackTrace:    en CapaDatos.Infrastructure.BaseDAO.ExecuteWithConnection[T](Func`2 action) en C:\AOCR\AOCR\AOCR05-01-2026\AOCR1\AOCR\CapaDatos\Infrastructure\BaseDAO.cs:línea 68
   en CapaDatos.Services.EmailQueueService.<ObtenerSiguienteAsync>d__5.MoveNext() en C:\AOCR\AOCR\AOCR05-01-2026\AOCR1\AOCR\CapaDatos\Services\EmailQueueService.cs:línea 136
--- Fin del seguimiento de la pila de la ubicación anterior donde se produjo la excepción ---
   en System.Runtime.ExceptionServices.ExceptionDispatchInfo.Throw()
   en System.Runtime.CompilerServices.TaskAwaiter.HandleNonSuccessAndDebuggerNotification(Task task)
   en System.Runtime.CompilerServices.TaskAwaiter`1.GetResult()
   en CapaDatos.Services.EmailQueueProcessor.<ProcessQueueAsync>d__10.MoveNext() en C:\AOCR\AOCR\AOCR05-01-2026\AOCR1\AOCR\CapaDatos\Services\EmailQueueService.cs:línea 332
2026-01-31 22:10:02.809 | ERROR | CID:N/A | ERR:EMAIL_QUEUE_ERROR | Error de configuración de base de datos.
    Exception: DataAccessException
    StackTrace:    en CapaDatos.Infrastructure.BaseDAO.ExecuteWithConnection[T](Func`2 action) en C:\AOCR\AOCR\AOCR05-01-2026\AOCR1\AOCR\CapaDatos\Infrastructure\BaseDAO.cs:línea 68
   en CapaDatos.Services.EmailQueueService.<ObtenerSiguienteAsync>d__5.MoveNext() en C:\AOCR\AOCR\AOCR05-01-2026\AOCR1\AOCR\CapaDatos\Services\EmailQueueService.cs:línea 136
--- Fin del seguimiento de la pila de la ubicación anterior donde se produjo la excepción ---
   en System.Runtime.ExceptionServices.ExceptionDispatchInfo.Throw()
   en System.Runtime.CompilerServices.TaskAwaiter.HandleNonSuccessAndDebuggerNotification(Task task)
   en System.Runtime.CompilerServices.TaskAwaiter`1.GetResult()
   en CapaDatos.Services.EmailQueueProcessor.<ProcessQueueAsync>d__10.MoveNext() en C:\AOCR\AOCR\AOCR05-01-2026\AOCR1\AOCR\CapaDatos\Services\EmailQueueService.cs:línea 332
2026-01-31 22:10:32.856 | ERROR | CID:N/A | ERR:EMAIL_QUEUE_ERROR | Error de configuración de base de datos.
    Exception: DataAccessException
    StackTrace:    en CapaDatos.Infrastructure.BaseDAO.ExecuteWithConnection[T](Func`2 action) en C:\AOCR\AOCR\AOCR05-01-2026\AOCR1\AOCR\CapaDatos\Infrastructure\BaseDAO.cs:línea 68
   en CapaDatos.Services.EmailQueueService.<ObtenerSiguienteAsync>d__5.MoveNext() en C:\AOCR\AOCR\AOCR05-01-2026\AOCR1\AOCR\CapaDatos\Services\EmailQueueService.cs:línea 136
--- Fin del seguimiento de la pila de la ubicación anterior donde se produjo la excepción ---
   en System.Runtime.ExceptionServices.ExceptionDispatchInfo.Throw()
   en System.Runtime.CompilerServices.TaskAwaiter.HandleNonSuccessAndDebuggerNotification(Task task)
   en System.Runtime.CompilerServices.TaskAwaiter`1.GetResult()
   en CapaDatos.Services.EmailQueueProcessor.<ProcessQueueAsync>d__10.MoveNext() en C:\AOCR\AOCR\AOCR05-01-2026\AOCR1\AOCR\CapaDatos\Services\EmailQueueService.cs:línea 332
2026-01-31 22:11:02.893 | ERROR | CID:N/A | ERR:EMAIL_QUEUE_ERROR | Error de configuración de base de datos.
    Exception: DataAccessException
    StackTrace:    en CapaDatos.Infrastructure.BaseDAO.ExecuteWithConnection[T](Func`2 action) en C:\AOCR\AOCR\AOCR05-01-2026\AOCR1\AOCR\CapaDatos\Infrastructure\BaseDAO.cs:línea 68
   en CapaDatos.Services.EmailQueueService.<ObtenerSiguienteAsync>d__5.MoveNext() en C:\AOCR\AOCR\AOCR05-01-2026\AOCR1\AOCR\CapaDatos\Services\EmailQueueService.cs:línea 136
--- Fin del seguimiento de la pila de la ubicación anterior donde se produjo la excepción ---
   en System.Runtime.ExceptionServices.ExceptionDispatchInfo.Throw()
   en System.Runtime.CompilerServices.TaskAwaiter.HandleNonSuccessAndDebuggerNotification(Task task)
   en System.Runtime.CompilerServices.TaskAwaiter`1.GetResult()
   en CapaDatos.Services.EmailQueueProcessor.<ProcessQueueAsync>d__10.MoveNext() en C:\AOCR\AOCR\AOCR05-01-2026\AOCR1\AOCR\CapaDatos\Services\EmailQueueService.cs:línea 332
2026-01-31 22:11:32.950 | ERROR | CID:N/A | ERR:EMAIL_QUEUE_ERROR | Error de configuración de base de datos.
    Exception: DataAccessException
    StackTrace:    en CapaDatos.Infrastructure.BaseDAO.ExecuteWithConnection[T](Func`2 action) en C:\AOCR\AOCR\AOCR05-01-2026\AOCR1\AOCR\CapaDatos\Infrastructure\BaseDAO.cs:línea 68
   en CapaDatos.Services.EmailQueueService.<ObtenerSiguienteAsync>d__5.MoveNext() en C:\AOCR\AOCR\AOCR05-01-2026\AOCR1\AOCR\CapaDatos\Services\EmailQueueService.cs:línea 136
--- Fin del seguimiento de la pila de la ubicación anterior donde se produjo la excepción ---
   en System.Runtime.ExceptionServices.ExceptionDispatchInfo.Throw()
   en System.Runtime.CompilerServices.TaskAwaiter.HandleNonSuccessAndDebuggerNotification(Task task)
   en System.Runtime.CompilerServices.TaskAwaiter`1.GetResult()
   en CapaDatos.Services.EmailQueueProcessor.<ProcessQueueAsync>d__10.MoveNext() en C:\AOCR\AOCR\AOCR05-01-2026\AOCR1\AOCR\CapaDatos\Services\EmailQueueService.cs:línea 332
2026-01-31 22:12:03.011 | ERROR | CID:N/A | ERR:EMAIL_QUEUE_ERROR | Error de configuración de base de datos.
    Exception: DataAccessException
    StackTrace:    en CapaDatos.Infrastructure.BaseDAO.ExecuteWithConnection[T](Func`2 action) en C:\AOCR\AOCR\AOCR05-01-2026\AOCR1\AOCR\CapaDatos\Infrastructure\BaseDAO.cs:línea 68
   en CapaDatos.Services.EmailQueueService.<ObtenerSiguienteAsync>d__5.MoveNext() en C:\AOCR\AOCR\AOCR05-01-2026\AOCR1\AOCR\CapaDatos\Services\EmailQueueService.cs:línea 136
--- Fin del seguimiento de la pila de la ubicación anterior donde se produjo la excepción ---
   en System.Runtime.ExceptionServices.ExceptionDispatchInfo.Throw()
   en System.Runtime.CompilerServices.TaskAwaiter.HandleNonSuccessAndDebuggerNotification(Task task)
   en System.Runtime.CompilerServices.TaskAwaiter`1.GetResult()
   en CapaDatos.Services.EmailQueueProcessor.<ProcessQueueAsync>d__10.MoveNext() en C:\AOCR\AOCR\AOCR05-01-2026\AOCR1\AOCR\CapaDatos\Services\EmailQueueService.cs:línea 332
2026-01-31 22:12:33.075 | ERROR | CID:N/A | ERR:EMAIL_QUEUE_ERROR | Error de configuración de base de datos.
    Exception: DataAccessException
    StackTrace:    en CapaDatos.Infrastructure.BaseDAO.ExecuteWithConnection[T](Func`2 action) en C:\AOCR\AOCR\AOCR05-01-2026\AOCR1\AOCR\CapaDatos\Infrastructure\BaseDAO.cs:línea 68
   en CapaDatos.Services.EmailQueueService.<ObtenerSiguienteAsync>d__5.MoveNext() en C:\AOCR\AOCR\AOCR05-01-2026\AOCR1\AOCR\CapaDatos\Services\EmailQueueService.cs:línea 136
--- Fin del seguimiento de la pila de la ubicación anterior donde se produjo la excepción ---
   en System.Runtime.ExceptionServices.ExceptionDispatchInfo.Throw()
   en System.Runtime.CompilerServices.TaskAwaiter.HandleNonSuccessAndDebuggerNotification(Task task)
   en System.Runtime.CompilerServices.TaskAwaiter`1.GetResult()
   en CapaDatos.Services.EmailQueueProcessor.<ProcessQueueAsync>d__10.MoveNext() en C:\AOCR\AOCR\AOCR05-01-2026\AOCR1\AOCR\CapaDatos\Services\EmailQueueService.cs:línea 332
2026-01-31 22:13:03.112 | ERROR | CID:N/A | ERR:EMAIL_QUEUE_ERROR | Error de configuración de base de datos.
    Exception: DataAccessException
    StackTrace:    en CapaDatos.Infrastructure.BaseDAO.ExecuteWithConnection[T](Func`2 action) en C:\AOCR\AOCR\AOCR05-01-2026\AOCR1\AOCR\CapaDatos\Infrastructure\BaseDAO.cs:línea 68
   en CapaDatos.Services.EmailQueueService.<ObtenerSiguienteAsync>d__5.MoveNext() en C:\AOCR\AOCR\AOCR05-01-2026\AOCR1\AOCR\CapaDatos\Services\EmailQueueService.cs:línea 136
--- Fin del seguimiento de la pila de la ubicación anterior donde se produjo la excepción ---
   en System.Runtime.ExceptionServices.ExceptionDispatchInfo.Throw()
   en System.Runtime.CompilerServices.TaskAwaiter.HandleNonSuccessAndDebuggerNotification(Task task)
   en System.Runtime.CompilerServices.TaskAwaiter`1.GetResult()
   en CapaDatos.Services.EmailQueueProcessor.<ProcessQueueAsync>d__10.MoveNext() en C:\AOCR\AOCR\AOCR05-01-2026\AOCR1\AOCR\CapaDatos\Services\EmailQueueService.cs:línea 332
2026-01-31 22:13:33.169 | ERROR | CID:N/A | ERR:EMAIL_QUEUE_ERROR | Error de configuración de base de datos.
    Exception: DataAccessException
    StackTrace:    en CapaDatos.Infrastructure.BaseDAO.ExecuteWithConnection[T](Func`2 action) en C:\AOCR\AOCR\AOCR05-01-2026\AOCR1\AOCR\CapaDatos\Infrastructure\BaseDAO.cs:línea 68
   en CapaDatos.Services.EmailQueueService.<ObtenerSiguienteAsync>d__5.MoveNext() en C:\AOCR\AOCR\AOCR05-01-2026\AOCR1\AOCR\CapaDatos\Services\EmailQueueService.cs:línea 136
--- Fin del seguimiento de la pila de la ubicación anterior donde se produjo la excepción ---
   en System.Runtime.ExceptionServices.ExceptionDispatchInfo.Throw()
   en System.Runtime.CompilerServices.TaskAwaiter.HandleNonSuccessAndDebuggerNotification(Task task)
   en System.Runtime.CompilerServices.TaskAwaiter`1.GetResult()
   en CapaDatos.Services.EmailQueueProcessor.<ProcessQueueAsync>d__10.MoveNext() en C:\AOCR\AOCR\AOCR05-01-2026\AOCR1\AOCR\CapaDatos\Services\EmailQueueService.cs:línea 332
2026-01-31 22:14:03.226 | ERROR | CID:N/A | ERR:EMAIL_QUEUE_ERROR | Error de configuración de base de datos.
    Exception: DataAccessException
    StackTrace:    en CapaDatos.Infrastructure.BaseDAO.ExecuteWithConnection[T](Func`2 action) en C:\AOCR\AOCR\AOCR05-01-2026\AOCR1\AOCR\CapaDatos\Infrastructure\BaseDAO.cs:línea 68
   en CapaDatos.Services.EmailQueueService.<ObtenerSiguienteAsync>d__5.MoveNext() en C:\AOCR\AOCR\AOCR05-01-2026\AOCR1\AOCR\CapaDatos\Services\EmailQueueService.cs:línea 136
--- Fin del seguimiento de la pila de la ubicación anterior donde se produjo la excepción ---
   en System.Runtime.ExceptionServices.ExceptionDispatchInfo.Throw()
   en System.Runtime.CompilerServices.TaskAwaiter.HandleNonSuccessAndDebuggerNotification(Task task)
   en System.Runtime.CompilerServices.TaskAwaiter`1.GetResult()
   en CapaDatos.Services.EmailQueueProcessor.<ProcessQueueAsync>d__10.MoveNext() en C:\AOCR\AOCR\AOCR05-01-2026\AOCR1\AOCR\CapaDatos\Services\EmailQueueService.cs:línea 332
2026-01-31 22:14:33.261 | ERROR | CID:N/A | ERR:EMAIL_QUEUE_ERROR | Error de configuración de base de datos.
    Exception: DataAccessException
    StackTrace:    en CapaDatos.Infrastructure.BaseDAO.ExecuteWithConnection[T](Func`2 action) en C:\AOCR\AOCR\AOCR05-01-2026\AOCR1\AOCR\CapaDatos\Infrastructure\BaseDAO.cs:línea 68
   en CapaDatos.Services.EmailQueueService.<ObtenerSiguienteAsync>d__5.MoveNext() en C:\AOCR\AOCR\AOCR05-01-2026\AOCR1\AOCR\CapaDatos\Services\EmailQueueService.cs:línea 136
--- Fin del seguimiento de la pila de la ubicación anterior donde se produjo la excepción ---
   en System.Runtime.ExceptionServices.ExceptionDispatchInfo.Throw()
   en System.Runtime.CompilerServices.TaskAwaiter.HandleNonSuccessAndDebuggerNotification(Task task)
   en System.Runtime.CompilerServices.TaskAwaiter`1.GetResult()
   en CapaDatos.Services.EmailQueueProcessor.<ProcessQueueAsync>d__10.MoveNext() en C:\AOCR\AOCR\AOCR05-01-2026\AOCR1\AOCR\CapaDatos\Services\EmailQueueService.cs:línea 332
2026-01-31 22:15:03.309 | ERROR | CID:N/A | ERR:EMAIL_QUEUE_ERROR | Error de configuración de base de datos.
    Exception: DataAccessException
    StackTrace:    en CapaDatos.Infrastructure.BaseDAO.ExecuteWithConnection[T](Func`2 action) en C:\AOCR\AOCR\AOCR05-01-2026\AOCR1\AOCR\CapaDatos\Infrastructure\BaseDAO.cs:línea 68
   en CapaDatos.Services.EmailQueueService.<ObtenerSiguienteAsync>d__5.MoveNext() en C:\AOCR\AOCR\AOCR05-01-2026\AOCR1\AOCR\CapaDatos\Services\EmailQueueService.cs:línea 136
--- Fin del seguimiento de la pila de la ubicación anterior donde se produjo la excepción ---
   en System.Runtime.ExceptionServices.ExceptionDispatchInfo.Throw()
   en System.Runtime.CompilerServices.TaskAwaiter.HandleNonSuccessAndDebuggerNotification(Task task)
   en System.Runtime.CompilerServices.TaskAwaiter`1.GetResult()
   en CapaDatos.Services.EmailQueueProcessor.<ProcessQueueAsync>d__10.MoveNext() en C:\AOCR\AOCR\AOCR05-01-2026\AOCR1\AOCR\CapaDatos\Services\EmailQueueService.cs:línea 332
2026-01-31 22:15:33.355 | ERROR | CID:N/A | ERR:EMAIL_QUEUE_ERROR | Error de configuración de base de datos.
    Exception: DataAccessException
    StackTrace:    en CapaDatos.Infrastructure.BaseDAO.ExecuteWithConnection[T](Func`2 action) en C:\AOCR\AOCR\AOCR05-01-2026\AOCR1\AOCR\CapaDatos\Infrastructure\BaseDAO.cs:línea 68
   en CapaDatos.Services.EmailQueueService.<ObtenerSiguienteAsync>d__5.MoveNext() en C:\AOCR\AOCR\AOCR05-01-2026\AOCR1\AOCR\CapaDatos\Services\EmailQueueService.cs:línea 136
--- Fin del seguimiento de la pila de la ubicación anterior donde se produjo la excepción ---
   en System.Runtime.ExceptionServices.ExceptionDispatchInfo.Throw()
   en System.Runtime.CompilerServices.TaskAwaiter.HandleNonSuccessAndDebuggerNotification(Task task)
   en System.Runtime.CompilerServices.TaskAwaiter`1.GetResult()
   en CapaDatos.Services.EmailQueueProcessor.<ProcessQueueAsync>d__10.MoveNext() en C:\AOCR\AOCR\AOCR05-01-2026\AOCR1\AOCR\CapaDatos\Services\EmailQueueService.cs:línea 332
2026-01-31 22:16:03.387 | ERROR | CID:N/A | ERR:EMAIL_QUEUE_ERROR | Error de configuración de base de datos.
    Exception: DataAccessException
    StackTrace:    en CapaDatos.Infrastructure.BaseDAO.ExecuteWithConnection[T](Func`2 action) en C:\AOCR\AOCR\AOCR05-01-2026\AOCR1\AOCR\CapaDatos\Infrastructure\BaseDAO.cs:línea 68
   en CapaDatos.Services.EmailQueueService.<ObtenerSiguienteAsync>d__5.MoveNext() en C:\AOCR\AOCR\AOCR05-01-2026\AOCR1\AOCR\CapaDatos\Services\EmailQueueService.cs:línea 136
--- Fin del seguimiento de la pila de la ubicación anterior donde se produjo la excepción ---
   en System.Runtime.ExceptionServices.ExceptionDispatchInfo.Throw()
   en System.Runtime.CompilerServices.TaskAwaiter.HandleNonSuccessAndDebuggerNotification(Task task)
   en System.Runtime.CompilerServices.TaskAwaiter`1.GetResult()
   en CapaDatos.Services.EmailQueueProcessor.<ProcessQueueAsync>d__10.MoveNext() en C:\AOCR\AOCR\AOCR05-01-2026\AOCR1\AOCR\CapaDatos\Services\EmailQueueService.cs:línea 332
2026-01-31 22:16:33.441 | ERROR | CID:N/A | ERR:EMAIL_QUEUE_ERROR | Error de configuración de base de datos.
    Exception: DataAccessException
    StackTrace:    en CapaDatos.Infrastructure.BaseDAO.ExecuteWithConnection[T](Func`2 action) en C:\AOCR\AOCR\AOCR05-01-2026\AOCR1\AOCR\CapaDatos\Infrastructure\BaseDAO.cs:línea 68
   en CapaDatos.Services.EmailQueueService.<ObtenerSiguienteAsync>d__5.MoveNext() en C:\AOCR\AOCR\AOCR05-01-2026\AOCR1\AOCR\CapaDatos\Services\EmailQueueService.cs:línea 136
--- Fin del seguimiento de la pila de la ubicación anterior donde se produjo la excepción ---
   en System.Runtime.ExceptionServices.ExceptionDispatchInfo.Throw()
   en System.Runtime.CompilerServices.TaskAwaiter.HandleNonSuccessAndDebuggerNotification(Task task)
   en System.Runtime.CompilerServices.TaskAwaiter`1.GetResult()
   en CapaDatos.Services.EmailQueueProcessor.<ProcessQueueAsync>d__10.MoveNext() en C:\AOCR\AOCR\AOCR05-01-2026\AOCR1\AOCR\CapaDatos\Services\EmailQueueService.cs:línea 332
2026-01-31 22:17:03.481 | ERROR | CID:N/A | ERR:EMAIL_QUEUE_ERROR | Error de configuración de base de datos.
    Exception: DataAccessException
    StackTrace:    en CapaDatos.Infrastructure.BaseDAO.ExecuteWithConnection[T](Func`2 action) en C:\AOCR\AOCR\AOCR05-01-2026\AOCR1\AOCR\CapaDatos\Infrastructure\BaseDAO.cs:línea 68
   en CapaDatos.Services.EmailQueueService.<ObtenerSiguienteAsync>d__5.MoveNext() en C:\AOCR\AOCR\AOCR05-01-2026\AOCR1\AOCR\CapaDatos\Services\EmailQueueService.cs:línea 136
--- Fin del seguimiento de la pila de la ubicación anterior donde se produjo la excepción ---
   en System.Runtime.ExceptionServices.ExceptionDispatchInfo.Throw()
   en System.Runtime.CompilerServices.TaskAwaiter.HandleNonSuccessAndDebuggerNotification(Task task)
   en System.Runtime.CompilerServices.TaskAwaiter`1.GetResult()
   en CapaDatos.Services.EmailQueueProcessor.<ProcessQueueAsync>d__10.MoveNext() en C:\AOCR\AOCR\AOCR05-01-2026\AOCR1\AOCR\CapaDatos\Services\EmailQueueService.cs:línea 332
2026-01-31 22:17:33.539 | ERROR | CID:N/A | ERR:EMAIL_QUEUE_ERROR | Error de configuración de base de datos.
    Exception: DataAccessException
    StackTrace:    en CapaDatos.Infrastructure.BaseDAO.ExecuteWithConnection[T](Func`2 action) en C:\AOCR\AOCR\AOCR05-01-2026\AOCR1\AOCR\CapaDatos\Infrastructure\BaseDAO.cs:línea 68
   en CapaDatos.Services.EmailQueueService.<ObtenerSiguienteAsync>d__5.MoveNext() en C:\AOCR\AOCR\AOCR05-01-2026\AOCR1\AOCR\CapaDatos\Services\EmailQueueService.cs:línea 136
--- Fin del seguimiento de la pila de la ubicación anterior donde se produjo la excepción ---
   en System.Runtime.ExceptionServices.ExceptionDispatchInfo.Throw()
   en System.Runtime.CompilerServices.TaskAwaiter.HandleNonSuccessAndDebuggerNotification(Task task)
   en System.Runtime.CompilerServices.TaskAwaiter`1.GetResult()
   en CapaDatos.Services.EmailQueueProcessor.<ProcessQueueAsync>d__10.MoveNext() en C:\AOCR\AOCR\AOCR05-01-2026\AOCR1\AOCR\CapaDatos\Services\EmailQueueService.cs:línea 332
2026-01-31 22:18:03.585 | ERROR | CID:N/A | ERR:EMAIL_QUEUE_ERROR | Error de configuración de base de datos.
    Exception: DataAccessException
    StackTrace:    en CapaDatos.Infrastructure.BaseDAO.ExecuteWithConnection[T](Func`2 action) en C:\AOCR\AOCR\AOCR05-01-2026\AOCR1\AOCR\CapaDatos\Infrastructure\BaseDAO.cs:línea 68
   en CapaDatos.Services.EmailQueueService.<ObtenerSiguienteAsync>d__5.MoveNext() en C:\AOCR\AOCR\AOCR05-01-2026\AOCR1\AOCR\CapaDatos\Services\EmailQueueService.cs:línea 136
--- Fin del seguimiento de la pila de la ubicación anterior donde se produjo la excepción ---
   en System.Runtime.ExceptionServices.ExceptionDispatchInfo.Throw()
   en System.Runtime.CompilerServices.TaskAwaiter.HandleNonSuccessAndDebuggerNotification(Task task)
   en System.Runtime.CompilerServices.TaskAwaiter`1.GetResult()
   en CapaDatos.Services.EmailQueueProcessor.<ProcessQueueAsync>d__10.MoveNext() en C:\AOCR\AOCR\AOCR05-01-2026\AOCR1\AOCR\CapaDatos\Services\EmailQueueService.cs:línea 332
2026-01-31 22:18:33.621 | ERROR | CID:N/A | ERR:EMAIL_QUEUE_ERROR | Error de configuración de base de datos.
    Exception: DataAccessException
    StackTrace:    en CapaDatos.Infrastructure.BaseDAO.ExecuteWithConnection[T](Func`2 action) en C:\AOCR\AOCR\AOCR05-01-2026\AOCR1\AOCR\CapaDatos\Infrastructure\BaseDAO.cs:línea 68
   en CapaDatos.Services.EmailQueueService.<ObtenerSiguienteAsync>d__5.MoveNext() en C:\AOCR\AOCR\AOCR05-01-2026\AOCR1\AOCR\CapaDatos\Services\EmailQueueService.cs:línea 136
--- Fin del seguimiento de la pila de la ubicación anterior donde se produjo la excepción ---
   en System.Runtime.ExceptionServices.ExceptionDispatchInfo.Throw()
   en System.Runtime.CompilerServices.TaskAwaiter.HandleNonSuccessAndDebuggerNotification(Task task)
   en System.Runtime.CompilerServices.TaskAwaiter`1.GetResult()
   en CapaDatos.Services.EmailQueueProcessor.<ProcessQueueAsync>d__10.MoveNext() en C:\AOCR\AOCR\AOCR05-01-2026\AOCR1\AOCR\CapaDatos\Services\EmailQueueService.cs:línea 332
2026-01-31 22:19:03.668 | ERROR | CID:N/A | ERR:EMAIL_QUEUE_ERROR | Error de configuración de base de datos.
    Exception: DataAccessException
    StackTrace:    en CapaDatos.Infrastructure.BaseDAO.ExecuteWithConnection[T](Func`2 action) en C:\AOCR\AOCR\AOCR05-01-2026\AOCR1\AOCR\CapaDatos\Infrastructure\BaseDAO.cs:línea 68
   en CapaDatos.Services.EmailQueueService.<ObtenerSiguienteAsync>d__5.MoveNext() en C:\AOCR\AOCR\AOCR05-01-2026\AOCR1\AOCR\CapaDatos\Services\EmailQueueService.cs:línea 136
--- Fin del seguimiento de la pila de la ubicación anterior donde se produjo la excepción ---
   en System.Runtime.ExceptionServices.ExceptionDispatchInfo.Throw()
   en System.Runtime.CompilerServices.TaskAwaiter.HandleNonSuccessAndDebuggerNotification(Task task)
   en System.Runtime.CompilerServices.TaskAwaiter`1.GetResult()
   en CapaDatos.Services.EmailQueueProcessor.<ProcessQueueAsync>d__10.MoveNext() en C:\AOCR\AOCR\AOCR05-01-2026\AOCR1\AOCR\CapaDatos\Services\EmailQueueService.cs:línea 332
2026-01-31 22:19:33.700 | ERROR | CID:N/A | ERR:EMAIL_QUEUE_ERROR | Error de configuración de base de datos.
    Exception: DataAccessException
    StackTrace:    en CapaDatos.Infrastructure.BaseDAO.ExecuteWithConnection[T](Func`2 action) en C:\AOCR\AOCR\AOCR05-01-2026\AOCR1\AOCR\CapaDatos\Infrastructure\BaseDAO.cs:línea 68
   en CapaDatos.Services.EmailQueueService.<ObtenerSiguienteAsync>d__5.MoveNext() en C:\AOCR\AOCR\AOCR05-01-2026\AOCR1\AOCR\CapaDatos\Services\EmailQueueService.cs:línea 136
--- Fin del seguimiento de la pila de la ubicación anterior donde se produjo la excepción ---
   en System.Runtime.ExceptionServices.ExceptionDispatchInfo.Throw()
   en System.Runtime.CompilerServices.TaskAwaiter.HandleNonSuccessAndDebuggerNotification(Task task)
   en System.Runtime.CompilerServices.TaskAwaiter`1.GetResult()
   en CapaDatos.Services.EmailQueueProcessor.<ProcessQueueAsync>d__10.MoveNext() en C:\AOCR\AOCR\AOCR05-01-2026\AOCR1\AOCR\CapaDatos\Services\EmailQueueService.cs:línea 332
2026-01-31 22:20:03.746 | ERROR | CID:N/A | ERR:EMAIL_QUEUE_ERROR | Error de configuración de base de datos.
    Exception: DataAccessException
    StackTrace:    en CapaDatos.Infrastructure.BaseDAO.ExecuteWithConnection[T](Func`2 action) en C:\AOCR\AOCR\AOCR05-01-2026\AOCR1\AOCR\CapaDatos\Infrastructure\BaseDAO.cs:línea 68
   en CapaDatos.Services.EmailQueueService.<ObtenerSiguienteAsync>d__5.MoveNext() en C:\AOCR\AOCR\AOCR05-01-2026\AOCR1\AOCR\CapaDatos\Services\EmailQueueService.cs:línea 136
--- Fin del seguimiento de la pila de la ubicación anterior donde se produjo la excepción ---
   en System.Runtime.ExceptionServices.ExceptionDispatchInfo.Throw()
   en System.Runtime.CompilerServices.TaskAwaiter.HandleNonSuccessAndDebuggerNotification(Task task)
   en System.Runtime.CompilerServices.TaskAwaiter`1.GetResult()
   en CapaDatos.Services.EmailQueueProcessor.<ProcessQueueAsync>d__10.MoveNext() en C:\AOCR\AOCR\AOCR05-01-2026\AOCR1\AOCR\CapaDatos\Services\EmailQueueService.cs:línea 332
2026-01-31 22:20:33.777 | ERROR | CID:N/A | ERR:EMAIL_QUEUE_ERROR | Error de configuración de base de datos.
    Exception: DataAccessException
    StackTrace:    en CapaDatos.Infrastructure.BaseDAO.ExecuteWithConnection[T](Func`2 action) en C:\AOCR\AOCR\AOCR05-01-2026\AOCR1\AOCR\CapaDatos\Infrastructure\BaseDAO.cs:línea 68
   en CapaDatos.Services.EmailQueueService.<ObtenerSiguienteAsync>d__5.MoveNext() en C:\AOCR\AOCR\AOCR05-01-2026\AOCR1\AOCR\CapaDatos\Services\EmailQueueService.cs:línea 136
--- Fin del seguimiento de la pila de la ubicación anterior donde se produjo la excepción ---
   en System.Runtime.ExceptionServices.ExceptionDispatchInfo.Throw()
   en System.Runtime.CompilerServices.TaskAwaiter.HandleNonSuccessAndDebuggerNotification(Task task)
   en System.Runtime.CompilerServices.TaskAwaiter`1.GetResult()
   en CapaDatos.Services.EmailQueueProcessor.<ProcessQueueAsync>d__10.MoveNext() en C:\AOCR\AOCR\AOCR05-01-2026\AOCR1\AOCR\CapaDatos\Services\EmailQueueService.cs:línea 332
2026-01-31 22:21:03.824 | ERROR | CID:N/A | ERR:EMAIL_QUEUE_ERROR | Error de configuración de base de datos.
    Exception: DataAccessException
    StackTrace:    en CapaDatos.Infrastructure.BaseDAO.ExecuteWithConnection[T](Func`2 action) en C:\AOCR\AOCR\AOCR05-01-2026\AOCR1\AOCR\CapaDatos\Infrastructure\BaseDAO.cs:línea 68
   en CapaDatos.Services.EmailQueueService.<ObtenerSiguienteAsync>d__5.MoveNext() en C:\AOCR\AOCR\AOCR05-01-2026\AOCR1\AOCR\CapaDatos\Services\EmailQueueService.cs:línea 136
--- Fin del seguimiento de la pila de la ubicación anterior donde se produjo la excepción ---
   en System.Runtime.ExceptionServices.ExceptionDispatchInfo.Throw()
   en System.Runtime.CompilerServices.TaskAwaiter.HandleNonSuccessAndDebuggerNotification(Task task)
   en System.Runtime.CompilerServices.TaskAwaiter`1.GetResult()
   en CapaDatos.Services.EmailQueueProcessor.<ProcessQueueAsync>d__10.MoveNext() en C:\AOCR\AOCR\AOCR05-01-2026\AOCR1\AOCR\CapaDatos\Services\EmailQueueService.cs:línea 332
2026-01-31 22:21:33.855 | ERROR | CID:N/A | ERR:EMAIL_QUEUE_ERROR | Error de configuración de base de datos.
    Exception: DataAccessException
    StackTrace:    en CapaDatos.Infrastructure.BaseDAO.ExecuteWithConnection[T](Func`2 action) en C:\AOCR\AOCR\AOCR05-01-2026\AOCR1\AOCR\CapaDatos\Infrastructure\BaseDAO.cs:línea 68
   en CapaDatos.Services.EmailQueueService.<ObtenerSiguienteAsync>d__5.MoveNext() en C:\AOCR\AOCR\AOCR05-01-2026\AOCR1\AOCR\CapaDatos\Services\EmailQueueService.cs:línea 136
--- Fin del seguimiento de la pila de la ubicación anterior donde se produjo la excepción ---
   en System.Runtime.ExceptionServices.ExceptionDispatchInfo.Throw()
   en System.Runtime.CompilerServices.TaskAwaiter.HandleNonSuccessAndDebuggerNotification(Task task)
   en System.Runtime.CompilerServices.TaskAwaiter`1.GetResult()
   en CapaDatos.Services.EmailQueueProcessor.<ProcessQueueAsync>d__10.MoveNext() en C:\AOCR\AOCR\AOCR05-01-2026\AOCR1\AOCR\CapaDatos\Services\EmailQueueService.cs:línea 332
2026-01-31 22:22:03.886 | ERROR | CID:N/A | ERR:EMAIL_QUEUE_ERROR | Error de configuración de base de datos.
    Exception: DataAccessException
    StackTrace:    en CapaDatos.Infrastructure.BaseDAO.ExecuteWithConnection[T](Func`2 action) en C:\AOCR\AOCR\AOCR05-01-2026\AOCR1\AOCR\CapaDatos\Infrastructure\BaseDAO.cs:línea 68
   en CapaDatos.Services.EmailQueueService.<ObtenerSiguienteAsync>d__5.MoveNext() en C:\AOCR\AOCR\AOCR05-01-2026\AOCR1\AOCR\CapaDatos\Services\EmailQueueService.cs:línea 136
--- Fin del seguimiento de la pila de la ubicación anterior donde se produjo la excepción ---
   en System.Runtime.ExceptionServices.ExceptionDispatchInfo.Throw()
   en System.Runtime.CompilerServices.TaskAwaiter.HandleNonSuccessAndDebuggerNotification(Task task)
   en System.Runtime.CompilerServices.TaskAwaiter`1.GetResult()
   en CapaDatos.Services.EmailQueueProcessor.<ProcessQueueAsync>d__10.MoveNext() en C:\AOCR\AOCR\AOCR05-01-2026\AOCR1\AOCR\CapaDatos\Services\EmailQueueService.cs:línea 332
2026-01-31 22:22:33.932 | ERROR | CID:N/A | ERR:EMAIL_QUEUE_ERROR | Error de configuración de base de datos.
    Exception: DataAccessException
    StackTrace:    en CapaDatos.Infrastructure.BaseDAO.ExecuteWithConnection[T](Func`2 action) en C:\AOCR\AOCR\AOCR05-01-2026\AOCR1\AOCR\CapaDatos\Infrastructure\BaseDAO.cs:línea 68
   en CapaDatos.Services.EmailQueueService.<ObtenerSiguienteAsync>d__5.MoveNext() en C:\AOCR\AOCR\AOCR05-01-2026\AOCR1\AOCR\CapaDatos\Services\EmailQueueService.cs:línea 136
--- Fin del seguimiento de la pila de la ubicación anterior donde se produjo la excepción ---
   en System.Runtime.ExceptionServices.ExceptionDispatchInfo.Throw()
   en System.Runtime.CompilerServices.TaskAwaiter.HandleNonSuccessAndDebuggerNotification(Task task)
   en System.Runtime.CompilerServices.TaskAwaiter`1.GetResult()
   en CapaDatos.Services.EmailQueueProcessor.<ProcessQueueAsync>d__10.MoveNext() en C:\AOCR\AOCR\AOCR05-01-2026\AOCR1\AOCR\CapaDatos\Services\EmailQueueService.cs:línea 332
2026-01-31 22:23:03.980 | ERROR | CID:N/A | ERR:EMAIL_QUEUE_ERROR | Error de configuración de base de datos.
    Exception: DataAccessException
    StackTrace:    en CapaDatos.Infrastructure.BaseDAO.ExecuteWithConnection[T](Func`2 action) en C:\AOCR\AOCR\AOCR05-01-2026\AOCR1\AOCR\CapaDatos\Infrastructure\BaseDAO.cs:línea 68
   en CapaDatos.Services.EmailQueueService.<ObtenerSiguienteAsync>d__5.MoveNext() en C:\AOCR\AOCR\AOCR05-01-2026\AOCR1\AOCR\CapaDatos\Services\EmailQueueService.cs:línea 136
--- Fin del seguimiento de la pila de la ubicación anterior donde se produjo la excepción ---
   en System.Runtime.ExceptionServices.ExceptionDispatchInfo.Throw()
   en System.Runtime.CompilerServices.TaskAwaiter.HandleNonSuccessAndDebuggerNotification(Task task)
   en System.Runtime.CompilerServices.TaskAwaiter`1.GetResult()
   en CapaDatos.Services.EmailQueueProcessor.<ProcessQueueAsync>d__10.MoveNext() en C:\AOCR\AOCR\AOCR05-01-2026\AOCR1\AOCR\CapaDatos\Services\EmailQueueService.cs:línea 332
2026-01-31 22:23:34.026 | ERROR | CID:N/A | ERR:EMAIL_QUEUE_ERROR | Error de configuración de base de datos.
    Exception: DataAccessException
    StackTrace:    en CapaDatos.Infrastructure.BaseDAO.ExecuteWithConnection[T](Func`2 action) en C:\AOCR\AOCR\AOCR05-01-2026\AOCR1\AOCR\CapaDatos\Infrastructure\BaseDAO.cs:línea 68
   en CapaDatos.Services.EmailQueueService.<ObtenerSiguienteAsync>d__5.MoveNext() en C:\AOCR\AOCR\AOCR05-01-2026\AOCR1\AOCR\CapaDatos\Services\EmailQueueService.cs:línea 136
--- Fin del seguimiento de la pila de la ubicación anterior donde se produjo la excepción ---
   en System.Runtime.ExceptionServices.ExceptionDispatchInfo.Throw()
   en System.Runtime.CompilerServices.TaskAwaiter.HandleNonSuccessAndDebuggerNotification(Task task)
   en System.Runtime.CompilerServices.TaskAwaiter`1.GetResult()
   en CapaDatos.Services.EmailQueueProcessor.<ProcessQueueAsync>d__10.MoveNext() en C:\AOCR\AOCR\AOCR05-01-2026\AOCR1\AOCR\CapaDatos\Services\EmailQueueService.cs:línea 332
2026-01-31 22:24:04.105 | ERROR | CID:N/A | ERR:EMAIL_QUEUE_ERROR | Error de configuración de base de datos.
    Exception: DataAccessException
    StackTrace:    en CapaDatos.Infrastructure.BaseDAO.ExecuteWithConnection[T](Func`2 action) en C:\AOCR\AOCR\AOCR05-01-2026\AOCR1\AOCR\CapaDatos\Infrastructure\BaseDAO.cs:línea 68
   en CapaDatos.Services.EmailQueueService.<ObtenerSiguienteAsync>d__5.MoveNext() en C:\AOCR\AOCR\AOCR05-01-2026\AOCR1\AOCR\CapaDatos\Services\EmailQueueService.cs:línea 136
--- Fin del seguimiento de la pila de la ubicación anterior donde se produjo la excepción ---
   en System.Runtime.ExceptionServices.ExceptionDispatchInfo.Throw()
   en System.Runtime.CompilerServices.TaskAwaiter.HandleNonSuccessAndDebuggerNotification(Task task)
   en System.Runtime.CompilerServices.TaskAwaiter`1.GetResult()
   en CapaDatos.Services.EmailQueueProcessor.<ProcessQueueAsync>d__10.MoveNext() en C:\AOCR\AOCR\AOCR05-01-2026\AOCR1\AOCR\CapaDatos\Services\EmailQueueService.cs:línea 332
2026-01-31 22:24:34.168 | ERROR | CID:N/A | ERR:EMAIL_QUEUE_ERROR | Error de configuración de base de datos.
    Exception: DataAccessException
    StackTrace:    en CapaDatos.Infrastructure.BaseDAO.ExecuteWithConnection[T](Func`2 action) en C:\AOCR\AOCR\AOCR05-01-2026\AOCR1\AOCR\CapaDatos\Infrastructure\BaseDAO.cs:línea 68
   en CapaDatos.Services.EmailQueueService.<ObtenerSiguienteAsync>d__5.MoveNext() en C:\AOCR\AOCR\AOCR05-01-2026\AOCR1\AOCR\CapaDatos\Services\EmailQueueService.cs:línea 136
--- Fin del seguimiento de la pila de la ubicación anterior donde se produjo la excepción ---
   en System.Runtime.ExceptionServices.ExceptionDispatchInfo.Throw()
   en System.Runtime.CompilerServices.TaskAwaiter.HandleNonSuccessAndDebuggerNotification(Task task)
   en System.Runtime.CompilerServices.TaskAwaiter`1.GetResult()
   en CapaDatos.Services.EmailQueueProcessor.<ProcessQueueAsync>d__10.MoveNext() en C:\AOCR\AOCR\AOCR05-01-2026\AOCR1\AOCR\CapaDatos\Services\EmailQueueService.cs:línea 332
2026-01-31 22:25:04.224 | ERROR | CID:N/A | ERR:EMAIL_QUEUE_ERROR | Error de configuración de base de datos.
    Exception: DataAccessException
    StackTrace:    en CapaDatos.Infrastructure.BaseDAO.ExecuteWithConnection[T](Func`2 action) en C:\AOCR\AOCR\AOCR05-01-2026\AOCR1\AOCR\CapaDatos\Infrastructure\BaseDAO.cs:línea 68
   en CapaDatos.Services.EmailQueueService.<ObtenerSiguienteAsync>d__5.MoveNext() en C:\AOCR\AOCR\AOCR05-01-2026\AOCR1\AOCR\CapaDatos\Services\EmailQueueService.cs:línea 136
--- Fin del seguimiento de la pila de la ubicación anterior donde se produjo la excepción ---
   en System.Runtime.ExceptionServices.ExceptionDispatchInfo.Throw()
   en System.Runtime.CompilerServices.TaskAwaiter.HandleNonSuccessAndDebuggerNotification(Task task)
   en System.Runtime.CompilerServices.TaskAwaiter`1.GetResult()
   en CapaDatos.Services.EmailQueueProcessor.<ProcessQueueAsync>d__10.MoveNext() en C:\AOCR\AOCR\AOCR05-01-2026\AOCR1\AOCR\CapaDatos\Services\EmailQueueService.cs:línea 332
2026-01-31 22:25:34.273 | ERROR | CID:N/A | ERR:EMAIL_QUEUE_ERROR | Error de configuración de base de datos.
    Exception: DataAccessException
    StackTrace:    en CapaDatos.Infrastructure.BaseDAO.ExecuteWithConnection[T](Func`2 action) en C:\AOCR\AOCR\AOCR05-01-2026\AOCR1\AOCR\CapaDatos\Infrastructure\BaseDAO.cs:línea 68
   en CapaDatos.Services.EmailQueueService.<ObtenerSiguienteAsync>d__5.MoveNext() en C:\AOCR\AOCR\AOCR05-01-2026\AOCR1\AOCR\CapaDatos\Services\EmailQueueService.cs:línea 136
--- Fin del seguimiento de la pila de la ubicación anterior donde se produjo la excepción ---
   en System.Runtime.ExceptionServices.ExceptionDispatchInfo.Throw()
   en System.Runtime.CompilerServices.TaskAwaiter.HandleNonSuccessAndDebuggerNotification(Task task)
   en System.Runtime.CompilerServices.TaskAwaiter`1.GetResult()
   en CapaDatos.Services.EmailQueueProcessor.<ProcessQueueAsync>d__10.MoveNext() en C:\AOCR\AOCR\AOCR05-01-2026\AOCR1\AOCR\CapaDatos\Services\EmailQueueService.cs:línea 332
2026-01-31 22:26:04.310 | ERROR | CID:N/A | ERR:EMAIL_QUEUE_ERROR | Error de configuración de base de datos.
    Exception: DataAccessException
    StackTrace:    en CapaDatos.Infrastructure.BaseDAO.ExecuteWithConnection[T](Func`2 action) en C:\AOCR\AOCR\AOCR05-01-2026\AOCR1\AOCR\CapaDatos\Infrastructure\BaseDAO.cs:línea 68
   en CapaDatos.Services.EmailQueueService.<ObtenerSiguienteAsync>d__5.MoveNext() en C:\AOCR\AOCR\AOCR05-01-2026\AOCR1\AOCR\CapaDatos\Services\EmailQueueService.cs:línea 136
--- Fin del seguimiento de la pila de la ubicación anterior donde se produjo la excepción ---
   en System.Runtime.ExceptionServices.ExceptionDispatchInfo.Throw()
   en System.Runtime.CompilerServices.TaskAwaiter.HandleNonSuccessAndDebuggerNotification(Task task)
   en System.Runtime.CompilerServices.TaskAwaiter`1.GetResult()
   en CapaDatos.Services.EmailQueueProcessor.<ProcessQueueAsync>d__10.MoveNext() en C:\AOCR\AOCR\AOCR05-01-2026\AOCR1\AOCR\CapaDatos\Services\EmailQueueService.cs:línea 332
2026-01-31 22:26:34.355 | ERROR | CID:N/A | ERR:EMAIL_QUEUE_ERROR | Error de configuración de base de datos.
    Exception: DataAccessException
    StackTrace:    en CapaDatos.Infrastructure.BaseDAO.ExecuteWithConnection[T](Func`2 action) en C:\AOCR\AOCR\AOCR05-01-2026\AOCR1\AOCR\CapaDatos\Infrastructure\BaseDAO.cs:línea 68
   en CapaDatos.Services.EmailQueueService.<ObtenerSiguienteAsync>d__5.MoveNext() en C:\AOCR\AOCR\AOCR05-01-2026\AOCR1\AOCR\CapaDatos\Services\EmailQueueService.cs:línea 136
--- Fin del seguimiento de la pila de la ubicación anterior donde se produjo la excepción ---
   en System.Runtime.ExceptionServices.ExceptionDispatchInfo.Throw()
   en System.Runtime.CompilerServices.TaskAwaiter.HandleNonSuccessAndDebuggerNotification(Task task)
   en System.Runtime.CompilerServices.TaskAwaiter`1.GetResult()
   en CapaDatos.Services.EmailQueueProcessor.<ProcessQueueAsync>d__10.MoveNext() en C:\AOCR\AOCR\AOCR05-01-2026\AOCR1\AOCR\CapaDatos\Services\EmailQueueService.cs:línea 332
2026-01-31 22:27:04.418 | ERROR | CID:N/A | ERR:EMAIL_QUEUE_ERROR | Error de configuración de base de datos.
    Exception: DataAccessException
    StackTrace:    en CapaDatos.Infrastructure.BaseDAO.ExecuteWithConnection[T](Func`2 action) en C:\AOCR\AOCR\AOCR05-01-2026\AOCR1\AOCR\CapaDatos\Infrastructure\BaseDAO.cs:línea 68
   en CapaDatos.Services.EmailQueueService.<ObtenerSiguienteAsync>d__5.MoveNext() en C:\AOCR\AOCR\AOCR05-01-2026\AOCR1\AOCR\CapaDatos\Services\EmailQueueService.cs:línea 136
--- Fin del seguimiento de la pila de la ubicación anterior donde se produjo la excepción ---
   en System.Runtime.ExceptionServices.ExceptionDispatchInfo.Throw()
   en System.Runtime.CompilerServices.TaskAwaiter.HandleNonSuccessAndDebuggerNotification(Task task)
   en System.Runtime.CompilerServices.TaskAwaiter`1.GetResult()
   en CapaDatos.Services.EmailQueueProcessor.<ProcessQueueAsync>d__10.MoveNext() en C:\AOCR\AOCR\AOCR05-01-2026\AOCR1\AOCR\CapaDatos\Services\EmailQueueService.cs:línea 332
2026-01-31 22:27:34.481 | ERROR | CID:N/A | ERR:EMAIL_QUEUE_ERROR | Error de configuración de base de datos.
    Exception: DataAccessException
    StackTrace:    en CapaDatos.Infrastructure.BaseDAO.ExecuteWithConnection[T](Func`2 action) en C:\AOCR\AOCR\AOCR05-01-2026\AOCR1\AOCR\CapaDatos\Infrastructure\BaseDAO.cs:línea 68
   en CapaDatos.Services.EmailQueueService.<ObtenerSiguienteAsync>d__5.MoveNext() en C:\AOCR\AOCR\AOCR05-01-2026\AOCR1\AOCR\CapaDatos\Services\EmailQueueService.cs:línea 136
--- Fin del seguimiento de la pila de la ubicación anterior donde se produjo la excepción ---
   en System.Runtime.ExceptionServices.ExceptionDispatchInfo.Throw()
   en System.Runtime.CompilerServices.TaskAwaiter.HandleNonSuccessAndDebuggerNotification(Task task)
   en System.Runtime.CompilerServices.TaskAwaiter`1.GetResult()
   en CapaDatos.Services.EmailQueueProcessor.<ProcessQueueAsync>d__10.MoveNext() en C:\AOCR\AOCR\AOCR05-01-2026\AOCR1\AOCR\CapaDatos\Services\EmailQueueService.cs:línea 332
2026-01-31 22:28:04.534 | ERROR | CID:N/A | ERR:EMAIL_QUEUE_ERROR | Error de configuración de base de datos.
    Exception: DataAccessException
    StackTrace:    en CapaDatos.Infrastructure.BaseDAO.ExecuteWithConnection[T](Func`2 action) en C:\AOCR\AOCR\AOCR05-01-2026\AOCR1\AOCR\CapaDatos\Infrastructure\BaseDAO.cs:línea 68
   en CapaDatos.Services.EmailQueueService.<ObtenerSiguienteAsync>d__5.MoveNext() en C:\AOCR\AOCR\AOCR05-01-2026\AOCR1\AOCR\CapaDatos\Services\EmailQueueService.cs:línea 136
--- Fin del seguimiento de la pila de la ubicación anterior donde se produjo la excepción ---
   en System.Runtime.ExceptionServices.ExceptionDispatchInfo.Throw()
   en System.Runtime.CompilerServices.TaskAwaiter.HandleNonSuccessAndDebuggerNotification(Task task)
   en System.Runtime.CompilerServices.TaskAwaiter`1.GetResult()
   en CapaDatos.Services.EmailQueueProcessor.<ProcessQueueAsync>d__10.MoveNext() en C:\AOCR\AOCR\AOCR05-01-2026\AOCR1\AOCR\CapaDatos\Services\EmailQueueService.cs:línea 332
2026-01-31 22:28:34.575 | ERROR | CID:N/A | ERR:EMAIL_QUEUE_ERROR | Error de configuración de base de datos.
    Exception: DataAccessException
    StackTrace:    en CapaDatos.Infrastructure.BaseDAO.ExecuteWithConnection[T](Func`2 action) en C:\AOCR\AOCR\AOCR05-01-2026\AOCR1\AOCR\CapaDatos\Infrastructure\BaseDAO.cs:línea 68
   en CapaDatos.Services.EmailQueueService.<ObtenerSiguienteAsync>d__5.MoveNext() en C:\AOCR\AOCR\AOCR05-01-2026\AOCR1\AOCR\CapaDatos\Services\EmailQueueService.cs:línea 136
--- Fin del seguimiento de la pila de la ubicación anterior donde se produjo la excepción ---
   en System.Runtime.ExceptionServices.ExceptionDispatchInfo.Throw()
   en System.Runtime.CompilerServices.TaskAwaiter.HandleNonSuccessAndDebuggerNotification(Task task)
   en System.Runtime.CompilerServices.TaskAwaiter`1.GetResult()
   en CapaDatos.Services.EmailQueueProcessor.<ProcessQueueAsync>d__10.MoveNext() en C:\AOCR\AOCR\AOCR05-01-2026\AOCR1\AOCR\CapaDatos\Services\EmailQueueService.cs:línea 332
2026-01-31 22:29:04.633 | ERROR | CID:N/A | ERR:EMAIL_QUEUE_ERROR | Error de configuración de base de datos.
    Exception: DataAccessException
    StackTrace:    en CapaDatos.Infrastructure.BaseDAO.ExecuteWithConnection[T](Func`2 action) en C:\AOCR\AOCR\AOCR05-01-2026\AOCR1\AOCR\CapaDatos\Infrastructure\BaseDAO.cs:línea 68
   en CapaDatos.Services.EmailQueueService.<ObtenerSiguienteAsync>d__5.MoveNext() en C:\AOCR\AOCR\AOCR05-01-2026\AOCR1\AOCR\CapaDatos\Services\EmailQueueService.cs:línea 136
--- Fin del seguimiento de la pila de la ubicación anterior donde se produjo la excepción ---
   en System.Runtime.ExceptionServices.ExceptionDispatchInfo.Throw()
   en System.Runtime.CompilerServices.TaskAwaiter.HandleNonSuccessAndDebuggerNotification(Task task)
   en System.Runtime.CompilerServices.TaskAwaiter`1.GetResult()
   en CapaDatos.Services.EmailQueueProcessor.<ProcessQueueAsync>d__10.MoveNext() en C:\AOCR\AOCR\AOCR05-01-2026\AOCR1\AOCR\CapaDatos\Services\EmailQueueService.cs:línea 332
2026-01-31 22:29:34.689 | ERROR | CID:N/A | ERR:EMAIL_QUEUE_ERROR | Error de configuración de base de datos.
    Exception: DataAccessException
    StackTrace:    en CapaDatos.Infrastructure.BaseDAO.ExecuteWithConnection[T](Func`2 action) en C:\AOCR\AOCR\AOCR05-01-2026\AOCR1\AOCR\CapaDatos\Infrastructure\BaseDAO.cs:línea 68
   en CapaDatos.Services.EmailQueueService.<ObtenerSiguienteAsync>d__5.MoveNext() en C:\AOCR\AOCR\AOCR05-01-2026\AOCR1\AOCR\CapaDatos\Services\EmailQueueService.cs:línea 136
--- Fin del seguimiento de la pila de la ubicación anterior donde se produjo la excepción ---
   en System.Runtime.ExceptionServices.ExceptionDispatchInfo.Throw()
   en System.Runtime.CompilerServices.TaskAwaiter.HandleNonSuccessAndDebuggerNotification(Task task)
   en System.Runtime.CompilerServices.TaskAwaiter`1.GetResult()
   en CapaDatos.Services.EmailQueueProcessor.<ProcessQueueAsync>d__10.MoveNext() en C:\AOCR\AOCR\AOCR05-01-2026\AOCR1\AOCR\CapaDatos\Services\EmailQueueService.cs:línea 332
2026-01-31 22:30:04.744 | ERROR | CID:N/A | ERR:EMAIL_QUEUE_ERROR | Error de configuración de base de datos.
    Exception: DataAccessException
    StackTrace:    en CapaDatos.Infrastructure.BaseDAO.ExecuteWithConnection[T](Func`2 action) en C:\AOCR\AOCR\AOCR05-01-2026\AOCR1\AOCR\CapaDatos\Infrastructure\BaseDAO.cs:línea 68
   en CapaDatos.Services.EmailQueueService.<ObtenerSiguienteAsync>d__5.MoveNext() en C:\AOCR\AOCR\AOCR05-01-2026\AOCR1\AOCR\CapaDatos\Services\EmailQueueService.cs:línea 136
--- Fin del seguimiento de la pila de la ubicación anterior donde se produjo la excepción ---
   en System.Runtime.ExceptionServices.ExceptionDispatchInfo.Throw()
   en System.Runtime.CompilerServices.TaskAwaiter.HandleNonSuccessAndDebuggerNotification(Task task)
   en System.Runtime.CompilerServices.TaskAwaiter`1.GetResult()
   en CapaDatos.Services.EmailQueueProcessor.<ProcessQueueAsync>d__10.MoveNext() en C:\AOCR\AOCR\AOCR05-01-2026\AOCR1\AOCR\CapaDatos\Services\EmailQueueService.cs:línea 332
2026-01-31 22:30:34.793 | ERROR | CID:N/A | ERR:EMAIL_QUEUE_ERROR | Error de configuración de base de datos.
    Exception: DataAccessException
    StackTrace:    en CapaDatos.Infrastructure.BaseDAO.ExecuteWithConnection[T](Func`2 action) en C:\AOCR\AOCR\AOCR05-01-2026\AOCR1\AOCR\CapaDatos\Infrastructure\BaseDAO.cs:línea 68
   en CapaDatos.Services.EmailQueueService.<ObtenerSiguienteAsync>d__5.MoveNext() en C:\AOCR\AOCR\AOCR05-01-2026\AOCR1\AOCR\CapaDatos\Services\EmailQueueService.cs:línea 136
--- Fin del seguimiento de la pila de la ubicación anterior donde se produjo la excepción ---
   en System.Runtime.ExceptionServices.ExceptionDispatchInfo.Throw()
   en System.Runtime.CompilerServices.TaskAwaiter.HandleNonSuccessAndDebuggerNotification(Task task)
   en System.Runtime.CompilerServices.TaskAwaiter`1.GetResult()
   en CapaDatos.Services.EmailQueueProcessor.<ProcessQueueAsync>d__10.MoveNext() en C:\AOCR\AOCR\AOCR05-01-2026\AOCR1\AOCR\CapaDatos\Services\EmailQueueService.cs:línea 332
2026-01-31 22:31:04.839 | ERROR | CID:N/A | ERR:EMAIL_QUEUE_ERROR | Error de configuración de base de datos.
    Exception: DataAccessException
    StackTrace:    en CapaDatos.Infrastructure.BaseDAO.ExecuteWithConnection[T](Func`2 action) en C:\AOCR\AOCR\AOCR05-01-2026\AOCR1\AOCR\CapaDatos\Infrastructure\BaseDAO.cs:línea 68
   en CapaDatos.Services.EmailQueueService.<ObtenerSiguienteAsync>d__5.MoveNext() en C:\AOCR\AOCR\AOCR05-01-2026\AOCR1\AOCR\CapaDatos\Services\EmailQueueService.cs:línea 136
--- Fin del seguimiento de la pila de la ubicación anterior donde se produjo la excepción ---
   en System.Runtime.ExceptionServices.ExceptionDispatchInfo.Throw()
   en System.Runtime.CompilerServices.TaskAwaiter.HandleNonSuccessAndDebuggerNotification(Task task)
   en System.Runtime.CompilerServices.TaskAwaiter`1.GetResult()
   en CapaDatos.Services.EmailQueueProcessor.<ProcessQueueAsync>d__10.MoveNext() en C:\AOCR\AOCR\AOCR05-01-2026\AOCR1\AOCR\CapaDatos\Services\EmailQueueService.cs:línea 332
2026-01-31 22:31:34.887 | ERROR | CID:N/A | ERR:EMAIL_QUEUE_ERROR | Error de configuración de base de datos.
    Exception: DataAccessException
    StackTrace:    en CapaDatos.Infrastructure.BaseDAO.ExecuteWithConnection[T](Func`2 action) en C:\AOCR\AOCR\AOCR05-01-2026\AOCR1\AOCR\CapaDatos\Infrastructure\BaseDAO.cs:línea 68
   en CapaDatos.Services.EmailQueueService.<ObtenerSiguienteAsync>d__5.MoveNext() en C:\AOCR\AOCR\AOCR05-01-2026\AOCR1\AOCR\CapaDatos\Services\EmailQueueService.cs:línea 136
--- Fin del seguimiento de la pila de la ubicación anterior donde se produjo la excepción ---
   en System.Runtime.ExceptionServices.ExceptionDispatchInfo.Throw()
   en System.Runtime.CompilerServices.TaskAwaiter.HandleNonSuccessAndDebuggerNotification(Task task)
   en System.Runtime.CompilerServices.TaskAwaiter`1.GetResult()
   en CapaDatos.Services.EmailQueueProcessor.<ProcessQueueAsync>d__10.MoveNext() en C:\AOCR\AOCR\AOCR05-01-2026\AOCR1\AOCR\CapaDatos\Services\EmailQueueService.cs:línea 332
2026-01-31 22:32:04.940 | ERROR | CID:N/A | ERR:EMAIL_QUEUE_ERROR | Error de configuración de base de datos.
    Exception: DataAccessException
    StackTrace:    en CapaDatos.Infrastructure.BaseDAO.ExecuteWithConnection[T](Func`2 action) en C:\AOCR\AOCR\AOCR05-01-2026\AOCR1\AOCR\CapaDatos\Infrastructure\BaseDAO.cs:línea 68
   en CapaDatos.Services.EmailQueueService.<ObtenerSiguienteAsync>d__5.MoveNext() en C:\AOCR\AOCR\AOCR05-01-2026\AOCR1\AOCR\CapaDatos\Services\EmailQueueService.cs:línea 136
--- Fin del seguimiento de la pila de la ubicación anterior donde se produjo la excepción ---
   en System.Runtime.ExceptionServices.ExceptionDispatchInfo.Throw()
   en System.Runtime.CompilerServices.TaskAwaiter.HandleNonSuccessAndDebuggerNotification(Task task)
   en System.Runtime.CompilerServices.TaskAwaiter`1.GetResult()
   en CapaDatos.Services.EmailQueueProcessor.<ProcessQueueAsync>d__10.MoveNext() en C:\AOCR\AOCR\AOCR05-01-2026\AOCR1\AOCR\CapaDatos\Services\EmailQueueService.cs:línea 332
2026-01-31 22:32:34.998 | ERROR | CID:N/A | ERR:EMAIL_QUEUE_ERROR | Error de configuración de base de datos.
    Exception: DataAccessException
    StackTrace:    en CapaDatos.Infrastructure.BaseDAO.ExecuteWithConnection[T](Func`2 action) en C:\AOCR\AOCR\AOCR05-01-2026\AOCR1\AOCR\CapaDatos\Infrastructure\BaseDAO.cs:línea 68
   en CapaDatos.Services.EmailQueueService.<ObtenerSiguienteAsync>d__5.MoveNext() en C:\AOCR\AOCR\AOCR05-01-2026\AOCR1\AOCR\CapaDatos\Services\EmailQueueService.cs:línea 136
--- Fin del seguimiento de la pila de la ubicación anterior donde se produjo la excepción ---
   en System.Runtime.ExceptionServices.ExceptionDispatchInfo.Throw()
   en System.Runtime.CompilerServices.TaskAwaiter.HandleNonSuccessAndDebuggerNotification(Task task)
   en System.Runtime.CompilerServices.TaskAwaiter`1.GetResult()
   en CapaDatos.Services.EmailQueueProcessor.<ProcessQueueAsync>d__10.MoveNext() en C:\AOCR\AOCR\AOCR05-01-2026\AOCR1\AOCR\CapaDatos\Services\EmailQueueService.cs:línea 332
2026-01-31 22:33:05.073 | ERROR | CID:N/A | ERR:EMAIL_QUEUE_ERROR | Error de configuración de base de datos.
    Exception: DataAccessException
    StackTrace:    en CapaDatos.Infrastructure.BaseDAO.ExecuteWithConnection[T](Func`2 action) en C:\AOCR\AOCR\AOCR05-01-2026\AOCR1\AOCR\CapaDatos\Infrastructure\BaseDAO.cs:línea 68
   en CapaDatos.Services.EmailQueueService.<ObtenerSiguienteAsync>d__5.MoveNext() en C:\AOCR\AOCR\AOCR05-01-2026\AOCR1\AOCR\CapaDatos\Services\EmailQueueService.cs:línea 136
--- Fin del seguimiento de la pila de la ubicación anterior donde se produjo la excepción ---
   en System.Runtime.ExceptionServices.ExceptionDispatchInfo.Throw()
   en System.Runtime.CompilerServices.TaskAwaiter.HandleNonSuccessAndDebuggerNotification(Task task)
   en System.Runtime.CompilerServices.TaskAwaiter`1.GetResult()
   en CapaDatos.Services.EmailQueueProcessor.<ProcessQueueAsync>d__10.MoveNext() en C:\AOCR\AOCR\AOCR05-01-2026\AOCR1\AOCR\CapaDatos\Services\EmailQueueService.cs:línea 332
2026-01-31 22:33:35.131 | ERROR | CID:N/A | ERR:EMAIL_QUEUE_ERROR | Error de configuración de base de datos.
    Exception: DataAccessException
    StackTrace:    en CapaDatos.Infrastructure.BaseDAO.ExecuteWithConnection[T](Func`2 action) en C:\AOCR\AOCR\AOCR05-01-2026\AOCR1\AOCR\CapaDatos\Infrastructure\BaseDAO.cs:línea 68
   en CapaDatos.Services.EmailQueueService.<ObtenerSiguienteAsync>d__5.MoveNext() en C:\AOCR\AOCR\AOCR05-01-2026\AOCR1\AOCR\CapaDatos\Services\EmailQueueService.cs:línea 136
--- Fin del seguimiento de la pila de la ubicación anterior donde se produjo la excepción ---
   en System.Runtime.ExceptionServices.ExceptionDispatchInfo.Throw()
   en System.Runtime.CompilerServices.TaskAwaiter.HandleNonSuccessAndDebuggerNotification(Task task)
   en System.Runtime.CompilerServices.TaskAwaiter`1.GetResult()
   en CapaDatos.Services.EmailQueueProcessor.<ProcessQueueAsync>d__10.MoveNext() en C:\AOCR\AOCR\AOCR05-01-2026\AOCR1\AOCR\CapaDatos\Services\EmailQueueService.cs:línea 332
2026-01-31 22:34:05.168 | ERROR | CID:N/A | ERR:EMAIL_QUEUE_ERROR | Error de configuración de base de datos.
    Exception: DataAccessException
    StackTrace:    en CapaDatos.Infrastructure.BaseDAO.ExecuteWithConnection[T](Func`2 action) en C:\AOCR\AOCR\AOCR05-01-2026\AOCR1\AOCR\CapaDatos\Infrastructure\BaseDAO.cs:línea 68
   en CapaDatos.Services.EmailQueueService.<ObtenerSiguienteAsync>d__5.MoveNext() en C:\AOCR\AOCR\AOCR05-01-2026\AOCR1\AOCR\CapaDatos\Services\EmailQueueService.cs:línea 136
--- Fin del seguimiento de la pila de la ubicación anterior donde se produjo la excepción ---
   en System.Runtime.ExceptionServices.ExceptionDispatchInfo.Throw()
   en System.Runtime.CompilerServices.TaskAwaiter.HandleNonSuccessAndDebuggerNotification(Task task)
   en System.Runtime.CompilerServices.TaskAwaiter`1.GetResult()
   en CapaDatos.Services.EmailQueueProcessor.<ProcessQueueAsync>d__10.MoveNext() en C:\AOCR\AOCR\AOCR05-01-2026\AOCR1\AOCR\CapaDatos\Services\EmailQueueService.cs:línea 332
2026-01-31 22:34:35.203 | ERROR | CID:N/A | ERR:EMAIL_QUEUE_ERROR | Error de configuración de base de datos.
    Exception: DataAccessException
    StackTrace:    en CapaDatos.Infrastructure.BaseDAO.ExecuteWithConnection[T](Func`2 action) en C:\AOCR\AOCR\AOCR05-01-2026\AOCR1\AOCR\CapaDatos\Infrastructure\BaseDAO.cs:línea 68
   en CapaDatos.Services.EmailQueueService.<ObtenerSiguienteAsync>d__5.MoveNext() en C:\AOCR\AOCR\AOCR05-01-2026\AOCR1\AOCR\CapaDatos\Services\EmailQueueService.cs:línea 136
--- Fin del seguimiento de la pila de la ubicación anterior donde se produjo la excepción ---
   en System.Runtime.ExceptionServices.ExceptionDispatchInfo.Throw()
   en System.Runtime.CompilerServices.TaskAwaiter.HandleNonSuccessAndDebuggerNotification(Task task)
   en System.Runtime.CompilerServices.TaskAwaiter`1.GetResult()
   en CapaDatos.Services.EmailQueueProcessor.<ProcessQueueAsync>d__10.MoveNext() en C:\AOCR\AOCR\AOCR05-01-2026\AOCR1\AOCR\CapaDatos\Services\EmailQueueService.cs:línea 332
2026-01-31 22:35:05.246 | ERROR | CID:N/A | ERR:EMAIL_QUEUE_ERROR | Error de configuración de base de datos.
    Exception: DataAccessException
    StackTrace:    en CapaDatos.Infrastructure.BaseDAO.ExecuteWithConnection[T](Func`2 action) en C:\AOCR\AOCR\AOCR05-01-2026\AOCR1\AOCR\CapaDatos\Infrastructure\BaseDAO.cs:línea 68
   en CapaDatos.Services.EmailQueueService.<ObtenerSiguienteAsync>d__5.MoveNext() en C:\AOCR\AOCR\AOCR05-01-2026\AOCR1\AOCR\CapaDatos\Services\EmailQueueService.cs:línea 136
--- Fin del seguimiento de la pila de la ubicación anterior donde se produjo la excepción ---
   en System.Runtime.ExceptionServices.ExceptionDispatchInfo.Throw()
   en System.Runtime.CompilerServices.TaskAwaiter.HandleNonSuccessAndDebuggerNotification(Task task)
   en System.Runtime.CompilerServices.TaskAwaiter`1.GetResult()
   en CapaDatos.Services.EmailQueueProcessor.<ProcessQueueAsync>d__10.MoveNext() en C:\AOCR\AOCR\AOCR05-01-2026\AOCR1\AOCR\CapaDatos\Services\EmailQueueService.cs:línea 332
2026-01-31 22:35:35.293 | ERROR | CID:N/A | ERR:EMAIL_QUEUE_ERROR | Error de configuración de base de datos.
    Exception: DataAccessException
    StackTrace:    en CapaDatos.Infrastructure.BaseDAO.ExecuteWithConnection[T](Func`2 action) en C:\AOCR\AOCR\AOCR05-01-2026\AOCR1\AOCR\CapaDatos\Infrastructure\BaseDAO.cs:línea 68
   en CapaDatos.Services.EmailQueueService.<ObtenerSiguienteAsync>d__5.MoveNext() en C:\AOCR\AOCR\AOCR05-01-2026\AOCR1\AOCR\CapaDatos\Services\EmailQueueService.cs:línea 136
--- Fin del seguimiento de la pila de la ubicación anterior donde se produjo la excepción ---
   en System.Runtime.ExceptionServices.ExceptionDispatchInfo.Throw()
   en System.Runtime.CompilerServices.TaskAwaiter.HandleNonSuccessAndDebuggerNotification(Task task)
   en System.Runtime.CompilerServices.TaskAwaiter`1.GetResult()
   en CapaDatos.Services.EmailQueueProcessor.<ProcessQueueAsync>d__10.MoveNext() en C:\AOCR\AOCR\AOCR05-01-2026\AOCR1\AOCR\CapaDatos\Services\EmailQueueService.cs:línea 332
2026-01-31 22:36:05.340 | ERROR | CID:N/A | ERR:EMAIL_QUEUE_ERROR | Error de configuración de base de datos.
    Exception: DataAccessException
    StackTrace:    en CapaDatos.Infrastructure.BaseDAO.ExecuteWithConnection[T](Func`2 action) en C:\AOCR\AOCR\AOCR05-01-2026\AOCR1\AOCR\CapaDatos\Infrastructure\BaseDAO.cs:línea 68
   en CapaDatos.Services.EmailQueueService.<ObtenerSiguienteAsync>d__5.MoveNext() en C:\AOCR\AOCR\AOCR05-01-2026\AOCR1\AOCR\CapaDatos\Services\EmailQueueService.cs:línea 136
--- Fin del seguimiento de la pila de la ubicación anterior donde se produjo la excepción ---
   en System.Runtime.ExceptionServices.ExceptionDispatchInfo.Throw()
   en System.Runtime.CompilerServices.TaskAwaiter.HandleNonSuccessAndDebuggerNotification(Task task)
   en System.Runtime.CompilerServices.TaskAwaiter`1.GetResult()
   en CapaDatos.Services.EmailQueueProcessor.<ProcessQueueAsync>d__10.MoveNext() en C:\AOCR\AOCR\AOCR05-01-2026\AOCR1\AOCR\CapaDatos\Services\EmailQueueService.cs:línea 332
2026-01-31 22:36:35.403 | ERROR | CID:N/A | ERR:EMAIL_QUEUE_ERROR | Error de configuración de base de datos.
    Exception: DataAccessException
    StackTrace:    en CapaDatos.Infrastructure.BaseDAO.ExecuteWithConnection[T](Func`2 action) en C:\AOCR\AOCR\AOCR05-01-2026\AOCR1\AOCR\CapaDatos\Infrastructure\BaseDAO.cs:línea 68
   en CapaDatos.Services.EmailQueueService.<ObtenerSiguienteAsync>d__5.MoveNext() en C:\AOCR\AOCR\AOCR05-01-2026\AOCR1\AOCR\CapaDatos\Services\EmailQueueService.cs:línea 136
--- Fin del seguimiento de la pila de la ubicación anterior donde se produjo la excepción ---
   en System.Runtime.ExceptionServices.ExceptionDispatchInfo.Throw()
   en System.Runtime.CompilerServices.TaskAwaiter.HandleNonSuccessAndDebuggerNotification(Task task)
   en System.Runtime.CompilerServices.TaskAwaiter`1.GetResult()
   en CapaDatos.Services.EmailQueueProcessor.<ProcessQueueAsync>d__10.MoveNext() en C:\AOCR\AOCR\AOCR05-01-2026\AOCR1\AOCR\CapaDatos\Services\EmailQueueService.cs:línea 332
2026-01-31 22:37:05.462 | ERROR | CID:N/A | ERR:EMAIL_QUEUE_ERROR | Error de configuración de base de datos.
    Exception: DataAccessException
    StackTrace:    en CapaDatos.Infrastructure.BaseDAO.ExecuteWithConnection[T](Func`2 action) en C:\AOCR\AOCR\AOCR05-01-2026\AOCR1\AOCR\CapaDatos\Infrastructure\BaseDAO.cs:línea 68
   en CapaDatos.Services.EmailQueueService.<ObtenerSiguienteAsync>d__5.MoveNext() en C:\AOCR\AOCR\AOCR05-01-2026\AOCR1\AOCR\CapaDatos\Services\EmailQueueService.cs:línea 136
--- Fin del seguimiento de la pila de la ubicación anterior donde se produjo la excepción ---
   en System.Runtime.ExceptionServices.ExceptionDispatchInfo.Throw()
   en System.Runtime.CompilerServices.TaskAwaiter.HandleNonSuccessAndDebuggerNotification(Task task)
   en System.Runtime.CompilerServices.TaskAwaiter`1.GetResult()
   en CapaDatos.Services.EmailQueueProcessor.<ProcessQueueAsync>d__10.MoveNext() en C:\AOCR\AOCR\AOCR05-01-2026\AOCR1\AOCR\CapaDatos\Services\EmailQueueService.cs:línea 332
2026-01-31 22:37:35.527 | ERROR | CID:N/A | ERR:EMAIL_QUEUE_ERROR | Error de configuración de base de datos.
    Exception: DataAccessException
    StackTrace:    en CapaDatos.Infrastructure.BaseDAO.ExecuteWithConnection[T](Func`2 action) en C:\AOCR\AOCR\AOCR05-01-2026\AOCR1\AOCR\CapaDatos\Infrastructure\BaseDAO.cs:línea 68
   en CapaDatos.Services.EmailQueueService.<ObtenerSiguienteAsync>d__5.MoveNext() en C:\AOCR\AOCR\AOCR05-01-2026\AOCR1\AOCR\CapaDatos\Services\EmailQueueService.cs:línea 136
--- Fin del seguimiento de la pila de la ubicación anterior donde se produjo la excepción ---
   en System.Runtime.ExceptionServices.ExceptionDispatchInfo.Throw()
   en System.Runtime.CompilerServices.TaskAwaiter.HandleNonSuccessAndDebuggerNotification(Task task)
   en System.Runtime.CompilerServices.TaskAwaiter`1.GetResult()
   en CapaDatos.Services.EmailQueueProcessor.<ProcessQueueAsync>d__10.MoveNext() en C:\AOCR\AOCR\AOCR05-01-2026\AOCR1\AOCR\CapaDatos\Services\EmailQueueService.cs:línea 332
2026-01-31 22:38:05.574 | ERROR | CID:N/A | ERR:EMAIL_QUEUE_ERROR | Error de configuración de base de datos.
    Exception: DataAccessException
    StackTrace:    en CapaDatos.Infrastructure.BaseDAO.ExecuteWithConnection[T](Func`2 action) en C:\AOCR\AOCR\AOCR05-01-2026\AOCR1\AOCR\CapaDatos\Infrastructure\BaseDAO.cs:línea 68
   en CapaDatos.Services.EmailQueueService.<ObtenerSiguienteAsync>d__5.MoveNext() en C:\AOCR\AOCR\AOCR05-01-2026\AOCR1\AOCR\CapaDatos\Services\EmailQueueService.cs:línea 136
--- Fin del seguimiento de la pila de la ubicación anterior donde se produjo la excepción ---
   en System.Runtime.ExceptionServices.ExceptionDispatchInfo.Throw()
   en System.Runtime.CompilerServices.TaskAwaiter.HandleNonSuccessAndDebuggerNotification(Task task)
   en System.Runtime.CompilerServices.TaskAwaiter`1.GetResult()
   en CapaDatos.Services.EmailQueueProcessor.<ProcessQueueAsync>d__10.MoveNext() en C:\AOCR\AOCR\AOCR05-01-2026\AOCR1\AOCR\CapaDatos\Services\EmailQueueService.cs:línea 332
2026-01-31 22:38:35.630 | ERROR | CID:N/A | ERR:EMAIL_QUEUE_ERROR | Error de configuración de base de datos.
    Exception: DataAccessException
    StackTrace:    en CapaDatos.Infrastructure.BaseDAO.ExecuteWithConnection[T](Func`2 action) en C:\AOCR\AOCR\AOCR05-01-2026\AOCR1\AOCR\CapaDatos\Infrastructure\BaseDAO.cs:línea 68
   en CapaDatos.Services.EmailQueueService.<ObtenerSiguienteAsync>d__5.MoveNext() en C:\AOCR\AOCR\AOCR05-01-2026\AOCR1\AOCR\CapaDatos\Services\EmailQueueService.cs:línea 136
--- Fin del seguimiento de la pila de la ubicación anterior donde se produjo la excepción ---
   en System.Runtime.ExceptionServices.ExceptionDispatchInfo.Throw()
   en System.Runtime.CompilerServices.TaskAwaiter.HandleNonSuccessAndDebuggerNotification(Task task)
   en System.Runtime.CompilerServices.TaskAwaiter`1.GetResult()
   en CapaDatos.Services.EmailQueueProcessor.<ProcessQueueAsync>d__10.MoveNext() en C:\AOCR\AOCR\AOCR05-01-2026\AOCR1\AOCR\CapaDatos\Services\EmailQueueService.cs:línea 332
2026-01-31 22:39:05.668 | ERROR | CID:N/A | ERR:EMAIL_QUEUE_ERROR | Error de configuración de base de datos.
    Exception: DataAccessException
    StackTrace:    en CapaDatos.Infrastructure.BaseDAO.ExecuteWithConnection[T](Func`2 action) en C:\AOCR\AOCR\AOCR05-01-2026\AOCR1\AOCR\CapaDatos\Infrastructure\BaseDAO.cs:línea 68
   en CapaDatos.Services.EmailQueueService.<ObtenerSiguienteAsync>d__5.MoveNext() en C:\AOCR\AOCR\AOCR05-01-2026\AOCR1\AOCR\CapaDatos\Services\EmailQueueService.cs:línea 136
--- Fin del seguimiento de la pila de la ubicación anterior donde se produjo la excepción ---
   en System.Runtime.ExceptionServices.ExceptionDispatchInfo.Throw()
   en System.Runtime.CompilerServices.TaskAwaiter.HandleNonSuccessAndDebuggerNotification(Task task)
   en System.Runtime.CompilerServices.TaskAwaiter`1.GetResult()
   en CapaDatos.Services.EmailQueueProcessor.<ProcessQueueAsync>d__10.MoveNext() en C:\AOCR\AOCR\AOCR05-01-2026\AOCR1\AOCR\CapaDatos\Services\EmailQueueService.cs:línea 332
2026-01-31 22:39:35.721 | ERROR | CID:N/A | ERR:EMAIL_QUEUE_ERROR | Error de configuración de base de datos.
    Exception: DataAccessException
    StackTrace:    en CapaDatos.Infrastructure.BaseDAO.ExecuteWithConnection[T](Func`2 action) en C:\AOCR\AOCR\AOCR05-01-2026\AOCR1\AOCR\CapaDatos\Infrastructure\BaseDAO.cs:línea 68
   en CapaDatos.Services.EmailQueueService.<ObtenerSiguienteAsync>d__5.MoveNext() en C:\AOCR\AOCR\AOCR05-01-2026\AOCR1\AOCR\CapaDatos\Services\EmailQueueService.cs:línea 136
--- Fin del seguimiento de la pila de la ubicación anterior donde se produjo la excepción ---
   en System.Runtime.ExceptionServices.ExceptionDispatchInfo.Throw()
   en System.Runtime.CompilerServices.TaskAwaiter.HandleNonSuccessAndDebuggerNotification(Task task)
   en System.Runtime.CompilerServices.TaskAwaiter`1.GetResult()
   en CapaDatos.Services.EmailQueueProcessor.<ProcessQueueAsync>d__10.MoveNext() en C:\AOCR\AOCR\AOCR05-01-2026\AOCR1\AOCR\CapaDatos\Services\EmailQueueService.cs:línea 332
2026-01-31 22:40:05.759 | ERROR | CID:N/A | ERR:EMAIL_QUEUE_ERROR | Error de configuración de base de datos.
    Exception: DataAccessException
    StackTrace:    en CapaDatos.Infrastructure.BaseDAO.ExecuteWithConnection[T](Func`2 action) en C:\AOCR\AOCR\AOCR05-01-2026\AOCR1\AOCR\CapaDatos\Infrastructure\BaseDAO.cs:línea 68
   en CapaDatos.Services.EmailQueueService.<ObtenerSiguienteAsync>d__5.MoveNext() en C:\AOCR\AOCR\AOCR05-01-2026\AOCR1\AOCR\CapaDatos\Services\EmailQueueService.cs:línea 136
--- Fin del seguimiento de la pila de la ubicación anterior donde se produjo la excepción ---
   en System.Runtime.ExceptionServices.ExceptionDispatchInfo.Throw()
   en System.Runtime.CompilerServices.TaskAwaiter.HandleNonSuccessAndDebuggerNotification(Task task)
   en System.Runtime.CompilerServices.TaskAwaiter`1.GetResult()
   en CapaDatos.Services.EmailQueueProcessor.<ProcessQueueAsync>d__10.MoveNext() en C:\AOCR\AOCR\AOCR05-01-2026\AOCR1\AOCR\CapaDatos\Services\EmailQueueService.cs:línea 332
2026-01-31 22:40:35.794 | ERROR | CID:N/A | ERR:EMAIL_QUEUE_ERROR | Error de configuración de base de datos.
    Exception: DataAccessException
    StackTrace:    en CapaDatos.Infrastructure.BaseDAO.ExecuteWithConnection[T](Func`2 action) en C:\AOCR\AOCR\AOCR05-01-2026\AOCR1\AOCR\CapaDatos\Infrastructure\BaseDAO.cs:línea 68
   en CapaDatos.Services.EmailQueueService.<ObtenerSiguienteAsync>d__5.MoveNext() en C:\AOCR\AOCR\AOCR05-01-2026\AOCR1\AOCR\CapaDatos\Services\EmailQueueService.cs:línea 136
--- Fin del seguimiento de la pila de la ubicación anterior donde se produjo la excepción ---
   en System.Runtime.ExceptionServices.ExceptionDispatchInfo.Throw()
   en System.Runtime.CompilerServices.TaskAwaiter.HandleNonSuccessAndDebuggerNotification(Task task)
   en System.Runtime.CompilerServices.TaskAwaiter`1.GetResult()
   en CapaDatos.Services.EmailQueueProcessor.<ProcessQueueAsync>d__10.MoveNext() en C:\AOCR\AOCR\AOCR05-01-2026\AOCR1\AOCR\CapaDatos\Services\EmailQueueService.cs:línea 332
2026-01-31 22:41:05.856 | ERROR | CID:N/A | ERR:EMAIL_QUEUE_ERROR | Error de configuración de base de datos.
    Exception: DataAccessException
    StackTrace:    en CapaDatos.Infrastructure.BaseDAO.ExecuteWithConnection[T](Func`2 action) en C:\AOCR\AOCR\AOCR05-01-2026\AOCR1\AOCR\CapaDatos\Infrastructure\BaseDAO.cs:línea 68
   en CapaDatos.Services.EmailQueueService.<ObtenerSiguienteAsync>d__5.MoveNext() en C:\AOCR\AOCR\AOCR05-01-2026\AOCR1\AOCR\CapaDatos\Services\EmailQueueService.cs:línea 136
--- Fin del seguimiento de la pila de la ubicación anterior donde se produjo la excepción ---
   en System.Runtime.ExceptionServices.ExceptionDispatchInfo.Throw()
   en System.Runtime.CompilerServices.TaskAwaiter.HandleNonSuccessAndDebuggerNotification(Task task)
   en System.Runtime.CompilerServices.TaskAwaiter`1.GetResult()
   en CapaDatos.Services.EmailQueueProcessor.<ProcessQueueAsync>d__10.MoveNext() en C:\AOCR\AOCR\AOCR05-01-2026\AOCR1\AOCR\CapaDatos\Services\EmailQueueService.cs:línea 332
2026-01-31 22:41:35.911 | ERROR | CID:N/A | ERR:EMAIL_QUEUE_ERROR | Error de configuración de base de datos.
    Exception: DataAccessException
    StackTrace:    en CapaDatos.Infrastructure.BaseDAO.ExecuteWithConnection[T](Func`2 action) en C:\AOCR\AOCR\AOCR05-01-2026\AOCR1\AOCR\CapaDatos\Infrastructure\BaseDAO.cs:línea 68
   en CapaDatos.Services.EmailQueueService.<ObtenerSiguienteAsync>d__5.MoveNext() en C:\AOCR\AOCR\AOCR05-01-2026\AOCR1\AOCR\CapaDatos\Services\EmailQueueService.cs:línea 136
--- Fin del seguimiento de la pila de la ubicación anterior donde se produjo la excepción ---
   en System.Runtime.ExceptionServices.ExceptionDispatchInfo.Throw()
   en System.Runtime.CompilerServices.TaskAwaiter.HandleNonSuccessAndDebuggerNotification(Task task)
   en System.Runtime.CompilerServices.TaskAwaiter`1.GetResult()
   en CapaDatos.Services.EmailQueueProcessor.<ProcessQueueAsync>d__10.MoveNext() en C:\AOCR\AOCR\AOCR05-01-2026\AOCR1\AOCR\CapaDatos\Services\EmailQueueService.cs:línea 332
2026-01-31 22:42:05.959 | ERROR | CID:N/A | ERR:EMAIL_QUEUE_ERROR | Error de configuración de base de datos.
    Exception: DataAccessException
    StackTrace:    en CapaDatos.Infrastructure.BaseDAO.ExecuteWithConnection[T](Func`2 action) en C:\AOCR\AOCR\AOCR05-01-2026\AOCR1\AOCR\CapaDatos\Infrastructure\BaseDAO.cs:línea 68
   en CapaDatos.Services.EmailQueueService.<ObtenerSiguienteAsync>d__5.MoveNext() en C:\AOCR\AOCR\AOCR05-01-2026\AOCR1\AOCR\CapaDatos\Services\EmailQueueService.cs:línea 136
--- Fin del seguimiento de la pila de la ubicación anterior donde se produjo la excepción ---
   en System.Runtime.ExceptionServices.ExceptionDispatchInfo.Throw()
   en System.Runtime.CompilerServices.TaskAwaiter.HandleNonSuccessAndDebuggerNotification(Task task)
   en System.Runtime.CompilerServices.TaskAwaiter`1.GetResult()
   en CapaDatos.Services.EmailQueueProcessor.<ProcessQueueAsync>d__10.MoveNext() en C:\AOCR\AOCR\AOCR05-01-2026\AOCR1\AOCR\CapaDatos\Services\EmailQueueService.cs:línea 332
2026-01-31 22:42:36.011 | ERROR | CID:N/A | ERR:EMAIL_QUEUE_ERROR | Error de configuración de base de datos.
    Exception: DataAccessException
    StackTrace:    en CapaDatos.Infrastructure.BaseDAO.ExecuteWithConnection[T](Func`2 action) en C:\AOCR\AOCR\AOCR05-01-2026\AOCR1\AOCR\CapaDatos\Infrastructure\BaseDAO.cs:línea 68
   en CapaDatos.Services.EmailQueueService.<ObtenerSiguienteAsync>d__5.MoveNext() en C:\AOCR\AOCR\AOCR05-01-2026\AOCR1\AOCR\CapaDatos\Services\EmailQueueService.cs:línea 136
--- Fin del seguimiento de la pila de la ubicación anterior donde se produjo la excepción ---
   en System.Runtime.ExceptionServices.ExceptionDispatchInfo.Throw()
   en System.Runtime.CompilerServices.TaskAwaiter.HandleNonSuccessAndDebuggerNotification(Task task)
   en System.Runtime.CompilerServices.TaskAwaiter`1.GetResult()
   en CapaDatos.Services.EmailQueueProcessor.<ProcessQueueAsync>d__10.MoveNext() en C:\AOCR\AOCR\AOCR05-01-2026\AOCR1\AOCR\CapaDatos\Services\EmailQueueService.cs:línea 332
2026-01-31 22:43:06.073 | ERROR | CID:N/A | ERR:EMAIL_QUEUE_ERROR | Error de configuración de base de datos.
    Exception: DataAccessException
    StackTrace:    en CapaDatos.Infrastructure.BaseDAO.ExecuteWithConnection[T](Func`2 action) en C:\AOCR\AOCR\AOCR05-01-2026\AOCR1\AOCR\CapaDatos\Infrastructure\BaseDAO.cs:línea 68
   en CapaDatos.Services.EmailQueueService.<ObtenerSiguienteAsync>d__5.MoveNext() en C:\AOCR\AOCR\AOCR05-01-2026\AOCR1\AOCR\CapaDatos\Services\EmailQueueService.cs:línea 136
--- Fin del seguimiento de la pila de la ubicación anterior donde se produjo la excepción ---
   en System.Runtime.ExceptionServices.ExceptionDispatchInfo.Throw()
   en System.Runtime.CompilerServices.TaskAwaiter.HandleNonSuccessAndDebuggerNotification(Task task)
   en System.Runtime.CompilerServices.TaskAwaiter`1.GetResult()
   en CapaDatos.Services.EmailQueueProcessor.<ProcessQueueAsync>d__10.MoveNext() en C:\AOCR\AOCR\AOCR05-01-2026\AOCR1\AOCR\CapaDatos\Services\EmailQueueService.cs:línea 332
2026-01-31 22:43:36.121 | ERROR | CID:N/A | ERR:EMAIL_QUEUE_ERROR | Error de configuración de base de datos.
    Exception: DataAccessException
    StackTrace:    en CapaDatos.Infrastructure.BaseDAO.ExecuteWithConnection[T](Func`2 action) en C:\AOCR\AOCR\AOCR05-01-2026\AOCR1\AOCR\CapaDatos\Infrastructure\BaseDAO.cs:línea 68
   en CapaDatos.Services.EmailQueueService.<ObtenerSiguienteAsync>d__5.MoveNext() en C:\AOCR\AOCR\AOCR05-01-2026\AOCR1\AOCR\CapaDatos\Services\EmailQueueService.cs:línea 136
--- Fin del seguimiento de la pila de la ubicación anterior donde se produjo la excepción ---
   en System.Runtime.ExceptionServices.ExceptionDispatchInfo.Throw()
   en System.Runtime.CompilerServices.TaskAwaiter.HandleNonSuccessAndDebuggerNotification(Task task)
   en System.Runtime.CompilerServices.TaskAwaiter`1.GetResult()
   en CapaDatos.Services.EmailQueueProcessor.<ProcessQueueAsync>d__10.MoveNext() en C:\AOCR\AOCR\AOCR05-01-2026\AOCR1\AOCR\CapaDatos\Services\EmailQueueService.cs:línea 332
2026-01-31 22:44:06.177 | ERROR | CID:N/A | ERR:EMAIL_QUEUE_ERROR | Error de configuración de base de datos.
    Exception: DataAccessException
    StackTrace:    en CapaDatos.Infrastructure.BaseDAO.ExecuteWithConnection[T](Func`2 action) en C:\AOCR\AOCR\AOCR05-01-2026\AOCR1\AOCR\CapaDatos\Infrastructure\BaseDAO.cs:línea 68
   en CapaDatos.Services.EmailQueueService.<ObtenerSiguienteAsync>d__5.MoveNext() en C:\AOCR\AOCR\AOCR05-01-2026\AOCR1\AOCR\CapaDatos\Services\EmailQueueService.cs:línea 136
--- Fin del seguimiento de la pila de la ubicación anterior donde se produjo la excepción ---
   en System.Runtime.ExceptionServices.ExceptionDispatchInfo.Throw()
   en System.Runtime.CompilerServices.TaskAwaiter.HandleNonSuccessAndDebuggerNotification(Task task)
   en System.Runtime.CompilerServices.TaskAwaiter`1.GetResult()
   en CapaDatos.Services.EmailQueueProcessor.<ProcessQueueAsync>d__10.MoveNext() en C:\AOCR\AOCR\AOCR05-01-2026\AOCR1\AOCR\CapaDatos\Services\EmailQueueService.cs:línea 332
2026-01-31 22:44:36.223 | ERROR | CID:N/A | ERR:EMAIL_QUEUE_ERROR | Error de configuración de base de datos.
    Exception: DataAccessException
    StackTrace:    en CapaDatos.Infrastructure.BaseDAO.ExecuteWithConnection[T](Func`2 action) en C:\AOCR\AOCR\AOCR05-01-2026\AOCR1\AOCR\CapaDatos\Infrastructure\BaseDAO.cs:línea 68
   en CapaDatos.Services.EmailQueueService.<ObtenerSiguienteAsync>d__5.MoveNext() en C:\AOCR\AOCR\AOCR05-01-2026\AOCR1\AOCR\CapaDatos\Services\EmailQueueService.cs:línea 136
--- Fin del seguimiento de la pila de la ubicación anterior donde se produjo la excepción ---
   en System.Runtime.ExceptionServices.ExceptionDispatchInfo.Throw()
   en System.Runtime.CompilerServices.TaskAwaiter.HandleNonSuccessAndDebuggerNotification(Task task)
   en System.Runtime.CompilerServices.TaskAwaiter`1.GetResult()
   en CapaDatos.Services.EmailQueueProcessor.<ProcessQueueAsync>d__10.MoveNext() en C:\AOCR\AOCR\AOCR05-01-2026\AOCR1\AOCR\CapaDatos\Services\EmailQueueService.cs:línea 332
2026-01-31 22:45:06.261 | ERROR | CID:N/A | ERR:EMAIL_QUEUE_ERROR | Error de configuración de base de datos.
    Exception: DataAccessException
    StackTrace:    en CapaDatos.Infrastructure.BaseDAO.ExecuteWithConnection[T](Func`2 action) en C:\AOCR\AOCR\AOCR05-01-2026\AOCR1\AOCR\CapaDatos\Infrastructure\BaseDAO.cs:línea 68
   en CapaDatos.Services.EmailQueueService.<ObtenerSiguienteAsync>d__5.MoveNext() en C:\AOCR\AOCR\AOCR05-01-2026\AOCR1\AOCR\CapaDatos\Services\EmailQueueService.cs:línea 136
--- Fin del seguimiento de la pila de la ubicación anterior donde se produjo la excepción ---
   en System.Runtime.ExceptionServices.ExceptionDispatchInfo.Throw()
   en System.Runtime.CompilerServices.TaskAwaiter.HandleNonSuccessAndDebuggerNotification(Task task)
   en System.Runtime.CompilerServices.TaskAwaiter`1.GetResult()
   en CapaDatos.Services.EmailQueueProcessor.<ProcessQueueAsync>d__10.MoveNext() en C:\AOCR\AOCR\AOCR05-01-2026\AOCR1\AOCR\CapaDatos\Services\EmailQueueService.cs:línea 332
2026-01-31 22:45:36.293 | ERROR | CID:N/A | ERR:EMAIL_QUEUE_ERROR | Error de configuración de base de datos.
    Exception: DataAccessException
    StackTrace:    en CapaDatos.Infrastructure.BaseDAO.ExecuteWithConnection[T](Func`2 action) en C:\AOCR\AOCR\AOCR05-01-2026\AOCR1\AOCR\CapaDatos\Infrastructure\BaseDAO.cs:línea 68
   en CapaDatos.Services.EmailQueueService.<ObtenerSiguienteAsync>d__5.MoveNext() en C:\AOCR\AOCR\AOCR05-01-2026\AOCR1\AOCR\CapaDatos\Services\EmailQueueService.cs:línea 136
--- Fin del seguimiento de la pila de la ubicación anterior donde se produjo la excepción ---
   en System.Runtime.ExceptionServices.ExceptionDispatchInfo.Throw()
   en System.Runtime.CompilerServices.TaskAwaiter.HandleNonSuccessAndDebuggerNotification(Task task)
   en System.Runtime.CompilerServices.TaskAwaiter`1.GetResult()
   en CapaDatos.Services.EmailQueueProcessor.<ProcessQueueAsync>d__10.MoveNext() en C:\AOCR\AOCR\AOCR05-01-2026\AOCR1\AOCR\CapaDatos\Services\EmailQueueService.cs:línea 332
2026-01-31 22:46:06.340 | ERROR | CID:N/A | ERR:EMAIL_QUEUE_ERROR | Error de configuración de base de datos.
    Exception: DataAccessException
    StackTrace:    en CapaDatos.Infrastructure.BaseDAO.ExecuteWithConnection[T](Func`2 action) en C:\AOCR\AOCR\AOCR05-01-2026\AOCR1\AOCR\CapaDatos\Infrastructure\BaseDAO.cs:línea 68
   en CapaDatos.Services.EmailQueueService.<ObtenerSiguienteAsync>d__5.MoveNext() en C:\AOCR\AOCR\AOCR05-01-2026\AOCR1\AOCR\CapaDatos\Services\EmailQueueService.cs:línea 136
--- Fin del seguimiento de la pila de la ubicación anterior donde se produjo la excepción ---
   en System.Runtime.ExceptionServices.ExceptionDispatchInfo.Throw()
   en System.Runtime.CompilerServices.TaskAwaiter.HandleNonSuccessAndDebuggerNotification(Task task)
   en System.Runtime.CompilerServices.TaskAwaiter`1.GetResult()
   en CapaDatos.Services.EmailQueueProcessor.<ProcessQueueAsync>d__10.MoveNext() en C:\AOCR\AOCR\AOCR05-01-2026\AOCR1\AOCR\CapaDatos\Services\EmailQueueService.cs:línea 332
2026-01-31 22:46:36.407 | ERROR | CID:N/A | ERR:EMAIL_QUEUE_ERROR | Error de configuración de base de datos.
    Exception: DataAccessException
    StackTrace:    en CapaDatos.Infrastructure.BaseDAO.ExecuteWithConnection[T](Func`2 action) en C:\AOCR\AOCR\AOCR05-01-2026\AOCR1\AOCR\CapaDatos\Infrastructure\BaseDAO.cs:línea 68
   en CapaDatos.Services.EmailQueueService.<ObtenerSiguienteAsync>d__5.MoveNext() en C:\AOCR\AOCR\AOCR05-01-2026\AOCR1\AOCR\CapaDatos\Services\EmailQueueService.cs:línea 136
--- Fin del seguimiento de la pila de la ubicación anterior donde se produjo la excepción ---
   en System.Runtime.ExceptionServices.ExceptionDispatchInfo.Throw()
   en System.Runtime.CompilerServices.TaskAwaiter.HandleNonSuccessAndDebuggerNotification(Task task)
   en System.Runtime.CompilerServices.TaskAwaiter`1.GetResult()
   en CapaDatos.Services.EmailQueueProcessor.<ProcessQueueAsync>d__10.MoveNext() en C:\AOCR\AOCR\AOCR05-01-2026\AOCR1\AOCR\CapaDatos\Services\EmailQueueService.cs:línea 332
2026-01-31 22:47:06.466 | ERROR | CID:N/A | ERR:EMAIL_QUEUE_ERROR | Error de configuración de base de datos.
    Exception: DataAccessException
    StackTrace:    en CapaDatos.Infrastructure.BaseDAO.ExecuteWithConnection[T](Func`2 action) en C:\AOCR\AOCR\AOCR05-01-2026\AOCR1\AOCR\CapaDatos\Infrastructure\BaseDAO.cs:línea 68
   en CapaDatos.Services.EmailQueueService.<ObtenerSiguienteAsync>d__5.MoveNext() en C:\AOCR\AOCR\AOCR05-01-2026\AOCR1\AOCR\CapaDatos\Services\EmailQueueService.cs:línea 136
--- Fin del seguimiento de la pila de la ubicación anterior donde se produjo la excepción ---
   en System.Runtime.ExceptionServices.ExceptionDispatchInfo.Throw()
   en System.Runtime.CompilerServices.TaskAwaiter.HandleNonSuccessAndDebuggerNotification(Task task)
   en System.Runtime.CompilerServices.TaskAwaiter`1.GetResult()
   en CapaDatos.Services.EmailQueueProcessor.<ProcessQueueAsync>d__10.MoveNext() en C:\AOCR\AOCR\AOCR05-01-2026\AOCR1\AOCR\CapaDatos\Services\EmailQueueService.cs:línea 332
2026-01-31 22:47:36.524 | ERROR | CID:N/A | ERR:EMAIL_QUEUE_ERROR | Error de configuración de base de datos.
    Exception: DataAccessException
    StackTrace:    en CapaDatos.Infrastructure.BaseDAO.ExecuteWithConnection[T](Func`2 action) en C:\AOCR\AOCR\AOCR05-01-2026\AOCR1\AOCR\CapaDatos\Infrastructure\BaseDAO.cs:línea 68
   en CapaDatos.Services.EmailQueueService.<ObtenerSiguienteAsync>d__5.MoveNext() en C:\AOCR\AOCR\AOCR05-01-2026\AOCR1\AOCR\CapaDatos\Services\EmailQueueService.cs:línea 136
--- Fin del seguimiento de la pila de la ubicación anterior donde se produjo la excepción ---
   en System.Runtime.ExceptionServices.ExceptionDispatchInfo.Throw()
   en System.Runtime.CompilerServices.TaskAwaiter.HandleNonSuccessAndDebuggerNotification(Task task)
   en System.Runtime.CompilerServices.TaskAwaiter`1.GetResult()
   en CapaDatos.Services.EmailQueueProcessor.<ProcessQueueAsync>d__10.MoveNext() en C:\AOCR\AOCR\AOCR05-01-2026\AOCR1\AOCR\CapaDatos\Services\EmailQueueService.cs:línea 332
2026-01-31 22:48:06.591 | ERROR | CID:N/A | ERR:EMAIL_QUEUE_ERROR | Error de configuración de base de datos.
    Exception: DataAccessException
    StackTrace:    en CapaDatos.Infrastructure.BaseDAO.ExecuteWithConnection[T](Func`2 action) en C:\AOCR\AOCR\AOCR05-01-2026\AOCR1\AOCR\CapaDatos\Infrastructure\BaseDAO.cs:línea 68
   en CapaDatos.Services.EmailQueueService.<ObtenerSiguienteAsync>d__5.MoveNext() en C:\AOCR\AOCR\AOCR05-01-2026\AOCR1\AOCR\CapaDatos\Services\EmailQueueService.cs:línea 136
--- Fin del seguimiento de la pila de la ubicación anterior donde se produjo la excepción ---
   en System.Runtime.ExceptionServices.ExceptionDispatchInfo.Throw()
   en System.Runtime.CompilerServices.TaskAwaiter.HandleNonSuccessAndDebuggerNotification(Task task)
   en System.Runtime.CompilerServices.TaskAwaiter`1.GetResult()
   en CapaDatos.Services.EmailQueueProcessor.<ProcessQueueAsync>d__10.MoveNext() en C:\AOCR\AOCR\AOCR05-01-2026\AOCR1\AOCR\CapaDatos\Services\EmailQueueService.cs:línea 332
2026-01-31 22:48:36.644 | ERROR | CID:N/A | ERR:EMAIL_QUEUE_ERROR | Error de configuración de base de datos.
    Exception: DataAccessException
    StackTrace:    en CapaDatos.Infrastructure.BaseDAO.ExecuteWithConnection[T](Func`2 action) en C:\AOCR\AOCR\AOCR05-01-2026\AOCR1\AOCR\CapaDatos\Infrastructure\BaseDAO.cs:línea 68
   en CapaDatos.Services.EmailQueueService.<ObtenerSiguienteAsync>d__5.MoveNext() en C:\AOCR\AOCR\AOCR05-01-2026\AOCR1\AOCR\CapaDatos\Services\EmailQueueService.cs:línea 136
--- Fin del seguimiento de la pila de la ubicación anterior donde se produjo la excepción ---
   en System.Runtime.ExceptionServices.ExceptionDispatchInfo.Throw()
   en System.Runtime.CompilerServices.TaskAwaiter.HandleNonSuccessAndDebuggerNotification(Task task)
   en System.Runtime.CompilerServices.TaskAwaiter`1.GetResult()
   en CapaDatos.Services.EmailQueueProcessor.<ProcessQueueAsync>d__10.MoveNext() en C:\AOCR\AOCR\AOCR05-01-2026\AOCR1\AOCR\CapaDatos\Services\EmailQueueService.cs:línea 332
2026-01-31 22:49:06.699 | ERROR | CID:N/A | ERR:EMAIL_QUEUE_ERROR | Error de configuración de base de datos.
    Exception: DataAccessException
    StackTrace:    en CapaDatos.Infrastructure.BaseDAO.ExecuteWithConnection[T](Func`2 action) en C:\AOCR\AOCR\AOCR05-01-2026\AOCR1\AOCR\CapaDatos\Infrastructure\BaseDAO.cs:línea 68
   en CapaDatos.Services.EmailQueueService.<ObtenerSiguienteAsync>d__5.MoveNext() en C:\AOCR\AOCR\AOCR05-01-2026\AOCR1\AOCR\CapaDatos\Services\EmailQueueService.cs:línea 136
--- Fin del seguimiento de la pila de la ubicación anterior donde se produjo la excepción ---
   en System.Runtime.ExceptionServices.ExceptionDispatchInfo.Throw()
   en System.Runtime.CompilerServices.TaskAwaiter.HandleNonSuccessAndDebuggerNotification(Task task)
   en System.Runtime.CompilerServices.TaskAwaiter`1.GetResult()
   en CapaDatos.Services.EmailQueueProcessor.<ProcessQueueAsync>d__10.MoveNext() en C:\AOCR\AOCR\AOCR05-01-2026\AOCR1\AOCR\CapaDatos\Services\EmailQueueService.cs:línea 332
2026-01-31 22:49:36.744 | ERROR | CID:N/A | ERR:EMAIL_QUEUE_ERROR | Error de configuración de base de datos.
    Exception: DataAccessException
    StackTrace:    en CapaDatos.Infrastructure.BaseDAO.ExecuteWithConnection[T](Func`2 action) en C:\AOCR\AOCR\AOCR05-01-2026\AOCR1\AOCR\CapaDatos\Infrastructure\BaseDAO.cs:línea 68
   en CapaDatos.Services.EmailQueueService.<ObtenerSiguienteAsync>d__5.MoveNext() en C:\AOCR\AOCR\AOCR05-01-2026\AOCR1\AOCR\CapaDatos\Services\EmailQueueService.cs:línea 136
--- Fin del seguimiento de la pila de la ubicación anterior donde se produjo la excepción ---
   en System.Runtime.ExceptionServices.ExceptionDispatchInfo.Throw()
   en System.Runtime.CompilerServices.TaskAwaiter.HandleNonSuccessAndDebuggerNotification(Task task)
   en System.Runtime.CompilerServices.TaskAwaiter`1.GetResult()
   en CapaDatos.Services.EmailQueueProcessor.<ProcessQueueAsync>d__10.MoveNext() en C:\AOCR\AOCR\AOCR05-01-2026\AOCR1\AOCR\CapaDatos\Services\EmailQueueService.cs:línea 332
2026-01-31 22:50:06.807 | ERROR | CID:N/A | ERR:EMAIL_QUEUE_ERROR | Error de configuración de base de datos.
    Exception: DataAccessException
    StackTrace:    en CapaDatos.Infrastructure.BaseDAO.ExecuteWithConnection[T](Func`2 action) en C:\AOCR\AOCR\AOCR05-01-2026\AOCR1\AOCR\CapaDatos\Infrastructure\BaseDAO.cs:línea 68
   en CapaDatos.Services.EmailQueueService.<ObtenerSiguienteAsync>d__5.MoveNext() en C:\AOCR\AOCR\AOCR05-01-2026\AOCR1\AOCR\CapaDatos\Services\EmailQueueService.cs:línea 136
--- Fin del seguimiento de la pila de la ubicación anterior donde se produjo la excepción ---
   en System.Runtime.ExceptionServices.ExceptionDispatchInfo.Throw()
   en System.Runtime.CompilerServices.TaskAwaiter.HandleNonSuccessAndDebuggerNotification(Task task)
   en System.Runtime.CompilerServices.TaskAwaiter`1.GetResult()
   en CapaDatos.Services.EmailQueueProcessor.<ProcessQueueAsync>d__10.MoveNext() en C:\AOCR\AOCR\AOCR05-01-2026\AOCR1\AOCR\CapaDatos\Services\EmailQueueService.cs:línea 332
2026-01-31 22:50:36.881 | ERROR | CID:N/A | ERR:EMAIL_QUEUE_ERROR | Error de configuración de base de datos.
    Exception: DataAccessException
    StackTrace:    en CapaDatos.Infrastructure.BaseDAO.ExecuteWithConnection[T](Func`2 action) en C:\AOCR\AOCR\AOCR05-01-2026\AOCR1\AOCR\CapaDatos\Infrastructure\BaseDAO.cs:línea 68
   en CapaDatos.Services.EmailQueueService.<ObtenerSiguienteAsync>d__5.MoveNext() en C:\AOCR\AOCR\AOCR05-01-2026\AOCR1\AOCR\CapaDatos\Services\EmailQueueService.cs:línea 136
--- Fin del seguimiento de la pila de la ubicación anterior donde se produjo la excepción ---
   en System.Runtime.ExceptionServices.ExceptionDispatchInfo.Throw()
   en System.Runtime.CompilerServices.TaskAwaiter.HandleNonSuccessAndDebuggerNotification(Task task)
   en System.Runtime.CompilerServices.TaskAwaiter`1.GetResult()
   en CapaDatos.Services.EmailQueueProcessor.<ProcessQueueAsync>d__10.MoveNext() en C:\AOCR\AOCR\AOCR05-01-2026\AOCR1\AOCR\CapaDatos\Services\EmailQueueService.cs:línea 332
2026-01-31 22:51:06.918 | ERROR | CID:N/A | ERR:EMAIL_QUEUE_ERROR | Error de configuración de base de datos.
    Exception: DataAccessException
    StackTrace:    en CapaDatos.Infrastructure.BaseDAO.ExecuteWithConnection[T](Func`2 action) en C:\AOCR\AOCR\AOCR05-01-2026\AOCR1\AOCR\CapaDatos\Infrastructure\BaseDAO.cs:línea 68
   en CapaDatos.Services.EmailQueueService.<ObtenerSiguienteAsync>d__5.MoveNext() en C:\AOCR\AOCR\AOCR05-01-2026\AOCR1\AOCR\CapaDatos\Services\EmailQueueService.cs:línea 136
--- Fin del seguimiento de la pila de la ubicación anterior donde se produjo la excepción ---
   en System.Runtime.ExceptionServices.ExceptionDispatchInfo.Throw()
   en System.Runtime.CompilerServices.TaskAwaiter.HandleNonSuccessAndDebuggerNotification(Task task)
   en System.Runtime.CompilerServices.TaskAwaiter`1.GetResult()
   en CapaDatos.Services.EmailQueueProcessor.<ProcessQueueAsync>d__10.MoveNext() en C:\AOCR\AOCR\AOCR05-01-2026\AOCR1\AOCR\CapaDatos\Services\EmailQueueService.cs:línea 332
2026-01-31 22:51:36.965 | ERROR | CID:N/A | ERR:EMAIL_QUEUE_ERROR | Error de configuración de base de datos.
    Exception: DataAccessException
    StackTrace:    en CapaDatos.Infrastructure.BaseDAO.ExecuteWithConnection[T](Func`2 action) en C:\AOCR\AOCR\AOCR05-01-2026\AOCR1\AOCR\CapaDatos\Infrastructure\BaseDAO.cs:línea 68
   en CapaDatos.Services.EmailQueueService.<ObtenerSiguienteAsync>d__5.MoveNext() en C:\AOCR\AOCR\AOCR05-01-2026\AOCR1\AOCR\CapaDatos\Services\EmailQueueService.cs:línea 136
--- Fin del seguimiento de la pila de la ubicación anterior donde se produjo la excepción ---
   en System.Runtime.ExceptionServices.ExceptionDispatchInfo.Throw()
   en System.Runtime.CompilerServices.TaskAwaiter.HandleNonSuccessAndDebuggerNotification(Task task)
   en System.Runtime.CompilerServices.TaskAwaiter`1.GetResult()
   en CapaDatos.Services.EmailQueueProcessor.<ProcessQueueAsync>d__10.MoveNext() en C:\AOCR\AOCR\AOCR05-01-2026\AOCR1\AOCR\CapaDatos\Services\EmailQueueService.cs:línea 332
2026-01-31 22:52:07.012 | ERROR | CID:N/A | ERR:EMAIL_QUEUE_ERROR | Error de configuración de base de datos.
    Exception: DataAccessException
    StackTrace:    en CapaDatos.Infrastructure.BaseDAO.ExecuteWithConnection[T](Func`2 action) en C:\AOCR\AOCR\AOCR05-01-2026\AOCR1\AOCR\CapaDatos\Infrastructure\BaseDAO.cs:línea 68
   en CapaDatos.Services.EmailQueueService.<ObtenerSiguienteAsync>d__5.MoveNext() en C:\AOCR\AOCR\AOCR05-01-2026\AOCR1\AOCR\CapaDatos\Services\EmailQueueService.cs:línea 136
--- Fin del seguimiento de la pila de la ubicación anterior donde se produjo la excepción ---
   en System.Runtime.ExceptionServices.ExceptionDispatchInfo.Throw()
   en System.Runtime.CompilerServices.TaskAwaiter.HandleNonSuccessAndDebuggerNotification(Task task)
   en System.Runtime.CompilerServices.TaskAwaiter`1.GetResult()
   en CapaDatos.Services.EmailQueueProcessor.<ProcessQueueAsync>d__10.MoveNext() en C:\AOCR\AOCR\AOCR05-01-2026\AOCR1\AOCR\CapaDatos\Services\EmailQueueService.cs:línea 332
2026-01-31 22:52:37.058 | ERROR | CID:N/A | ERR:EMAIL_QUEUE_ERROR | Error de configuración de base de datos.
    Exception: DataAccessException
    StackTrace:    en CapaDatos.Infrastructure.BaseDAO.ExecuteWithConnection[T](Func`2 action) en C:\AOCR\AOCR\AOCR05-01-2026\AOCR1\AOCR\CapaDatos\Infrastructure\BaseDAO.cs:línea 68
   en CapaDatos.Services.EmailQueueService.<ObtenerSiguienteAsync>d__5.MoveNext() en C:\AOCR\AOCR\AOCR05-01-2026\AOCR1\AOCR\CapaDatos\Services\EmailQueueService.cs:línea 136
--- Fin del seguimiento de la pila de la ubicación anterior donde se produjo la excepción ---
   en System.Runtime.ExceptionServices.ExceptionDispatchInfo.Throw()
   en System.Runtime.CompilerServices.TaskAwaiter.HandleNonSuccessAndDebuggerNotification(Task task)
   en System.Runtime.CompilerServices.TaskAwaiter`1.GetResult()
   en CapaDatos.Services.EmailQueueProcessor.<ProcessQueueAsync>d__10.MoveNext() en C:\AOCR\AOCR\AOCR05-01-2026\AOCR1\AOCR\CapaDatos\Services\EmailQueueService.cs:línea 332
2026-01-31 22:53:07.106 | ERROR | CID:N/A | ERR:EMAIL_QUEUE_ERROR | Error de configuración de base de datos.
    Exception: DataAccessException
    StackTrace:    en CapaDatos.Infrastructure.BaseDAO.ExecuteWithConnection[T](Func`2 action) en C:\AOCR\AOCR\AOCR05-01-2026\AOCR1\AOCR\CapaDatos\Infrastructure\BaseDAO.cs:línea 68
   en CapaDatos.Services.EmailQueueService.<ObtenerSiguienteAsync>d__5.MoveNext() en C:\AOCR\AOCR\AOCR05-01-2026\AOCR1\AOCR\CapaDatos\Services\EmailQueueService.cs:línea 136
--- Fin del seguimiento de la pila de la ubicación anterior donde se produjo la excepción ---
   en System.Runtime.ExceptionServices.ExceptionDispatchInfo.Throw()
   en System.Runtime.CompilerServices.TaskAwaiter.HandleNonSuccessAndDebuggerNotification(Task task)
   en System.Runtime.CompilerServices.TaskAwaiter`1.GetResult()
   en CapaDatos.Services.EmailQueueProcessor.<ProcessQueueAsync>d__10.MoveNext() en C:\AOCR\AOCR\AOCR05-01-2026\AOCR1\AOCR\CapaDatos\Services\EmailQueueService.cs:línea 332
2026-01-31 22:53:37.153 | ERROR | CID:N/A | ERR:EMAIL_QUEUE_ERROR | Error de configuración de base de datos.
    Exception: DataAccessException
    StackTrace:    en CapaDatos.Infrastructure.BaseDAO.ExecuteWithConnection[T](Func`2 action) en C:\AOCR\AOCR\AOCR05-01-2026\AOCR1\AOCR\CapaDatos\Infrastructure\BaseDAO.cs:línea 68
   en CapaDatos.Services.EmailQueueService.<ObtenerSiguienteAsync>d__5.MoveNext() en C:\AOCR\AOCR\AOCR05-01-2026\AOCR1\AOCR\CapaDatos\Services\EmailQueueService.cs:línea 136
--- Fin del seguimiento de la pila de la ubicación anterior donde se produjo la excepción ---
   en System.Runtime.ExceptionServices.ExceptionDispatchInfo.Throw()
   en System.Runtime.CompilerServices.TaskAwaiter.HandleNonSuccessAndDebuggerNotification(Task task)
   en System.Runtime.CompilerServices.TaskAwaiter`1.GetResult()
   en CapaDatos.Services.EmailQueueProcessor.<ProcessQueueAsync>d__10.MoveNext() en C:\AOCR\AOCR\AOCR05-01-2026\AOCR1\AOCR\CapaDatos\Services\EmailQueueService.cs:línea 332
2026-01-31 22:54:07.209 | ERROR | CID:N/A | ERR:EMAIL_QUEUE_ERROR | Error de configuración de base de datos.
    Exception: DataAccessException
    StackTrace:    en CapaDatos.Infrastructure.BaseDAO.ExecuteWithConnection[T](Func`2 action) en C:\AOCR\AOCR\AOCR05-01-2026\AOCR1\AOCR\CapaDatos\Infrastructure\BaseDAO.cs:línea 68
   en CapaDatos.Services.EmailQueueService.<ObtenerSiguienteAsync>d__5.MoveNext() en C:\AOCR\AOCR\AOCR05-01-2026\AOCR1\AOCR\CapaDatos\Services\EmailQueueService.cs:línea 136
--- Fin del seguimiento de la pila de la ubicación anterior donde se produjo la excepción ---
   en System.Runtime.ExceptionServices.ExceptionDispatchInfo.Throw()
   en System.Runtime.CompilerServices.TaskAwaiter.HandleNonSuccessAndDebuggerNotification(Task task)
   en System.Runtime.CompilerServices.TaskAwaiter`1.GetResult()
   en CapaDatos.Services.EmailQueueProcessor.<ProcessQueueAsync>d__10.MoveNext() en C:\AOCR\AOCR\AOCR05-01-2026\AOCR1\AOCR\CapaDatos\Services\EmailQueueService.cs:línea 332
2026-01-31 22:54:37.262 | ERROR | CID:N/A | ERR:EMAIL_QUEUE_ERROR | Error de configuración de base de datos.
    Exception: DataAccessException
    StackTrace:    en CapaDatos.Infrastructure.BaseDAO.ExecuteWithConnection[T](Func`2 action) en C:\AOCR\AOCR\AOCR05-01-2026\AOCR1\AOCR\CapaDatos\Infrastructure\BaseDAO.cs:línea 68
   en CapaDatos.Services.EmailQueueService.<ObtenerSiguienteAsync>d__5.MoveNext() en C:\AOCR\AOCR\AOCR05-01-2026\AOCR1\AOCR\CapaDatos\Services\EmailQueueService.cs:línea 136
--- Fin del seguimiento de la pila de la ubicación anterior donde se produjo la excepción ---
   en System.Runtime.ExceptionServices.ExceptionDispatchInfo.Throw()
   en System.Runtime.CompilerServices.TaskAwaiter.HandleNonSuccessAndDebuggerNotification(Task task)
   en System.Runtime.CompilerServices.TaskAwaiter`1.GetResult()
   en CapaDatos.Services.EmailQueueProcessor.<ProcessQueueAsync>d__10.MoveNext() en C:\AOCR\AOCR\AOCR05-01-2026\AOCR1\AOCR\CapaDatos\Services\EmailQueueService.cs:línea 332
2026-01-31 22:55:07.293 | ERROR | CID:N/A | ERR:EMAIL_QUEUE_ERROR | Error de configuración de base de datos.
    Exception: DataAccessException
    StackTrace:    en CapaDatos.Infrastructure.BaseDAO.ExecuteWithConnection[T](Func`2 action) en C:\AOCR\AOCR\AOCR05-01-2026\AOCR1\AOCR\CapaDatos\Infrastructure\BaseDAO.cs:línea 68
   en CapaDatos.Services.EmailQueueService.<ObtenerSiguienteAsync>d__5.MoveNext() en C:\AOCR\AOCR\AOCR05-01-2026\AOCR1\AOCR\CapaDatos\Services\EmailQueueService.cs:línea 136
--- Fin del seguimiento de la pila de la ubicación anterior donde se produjo la excepción ---
   en System.Runtime.ExceptionServices.ExceptionDispatchInfo.Throw()
   en System.Runtime.CompilerServices.TaskAwaiter.HandleNonSuccessAndDebuggerNotification(Task task)
   en System.Runtime.CompilerServices.TaskAwaiter`1.GetResult()
   en CapaDatos.Services.EmailQueueProcessor.<ProcessQueueAsync>d__10.MoveNext() en C:\AOCR\AOCR\AOCR05-01-2026\AOCR1\AOCR\CapaDatos\Services\EmailQueueService.cs:línea 332
2026-01-31 22:55:37.339 | ERROR | CID:N/A | ERR:EMAIL_QUEUE_ERROR | Error de configuración de base de datos.
    Exception: DataAccessException
    StackTrace:    en CapaDatos.Infrastructure.BaseDAO.ExecuteWithConnection[T](Func`2 action) en C:\AOCR\AOCR\AOCR05-01-2026\AOCR1\AOCR\CapaDatos\Infrastructure\BaseDAO.cs:línea 68
   en CapaDatos.Services.EmailQueueService.<ObtenerSiguienteAsync>d__5.MoveNext() en C:\AOCR\AOCR\AOCR05-01-2026\AOCR1\AOCR\CapaDatos\Services\EmailQueueService.cs:línea 136
--- Fin del seguimiento de la pila de la ubicación anterior donde se produjo la excepción ---
   en System.Runtime.ExceptionServices.ExceptionDispatchInfo.Throw()
   en System.Runtime.CompilerServices.TaskAwaiter.HandleNonSuccessAndDebuggerNotification(Task task)
   en System.Runtime.CompilerServices.TaskAwaiter`1.GetResult()
   en CapaDatos.Services.EmailQueueProcessor.<ProcessQueueAsync>d__10.MoveNext() en C:\AOCR\AOCR\AOCR05-01-2026\AOCR1\AOCR\CapaDatos\Services\EmailQueueService.cs:línea 332
2026-01-31 22:56:07.396 | ERROR | CID:N/A | ERR:EMAIL_QUEUE_ERROR | Error de configuración de base de datos.
    Exception: DataAccessException
    StackTrace:    en CapaDatos.Infrastructure.BaseDAO.ExecuteWithConnection[T](Func`2 action) en C:\AOCR\AOCR\AOCR05-01-2026\AOCR1\AOCR\CapaDatos\Infrastructure\BaseDAO.cs:línea 68
   en CapaDatos.Services.EmailQueueService.<ObtenerSiguienteAsync>d__5.MoveNext() en C:\AOCR\AOCR\AOCR05-01-2026\AOCR1\AOCR\CapaDatos\Services\EmailQueueService.cs:línea 136
--- Fin del seguimiento de la pila de la ubicación anterior donde se produjo la excepción ---
   en System.Runtime.ExceptionServices.ExceptionDispatchInfo.Throw()
   en System.Runtime.CompilerServices.TaskAwaiter.HandleNonSuccessAndDebuggerNotification(Task task)
   en System.Runtime.CompilerServices.TaskAwaiter`1.GetResult()
   en CapaDatos.Services.EmailQueueProcessor.<ProcessQueueAsync>d__10.MoveNext() en C:\AOCR\AOCR\AOCR05-01-2026\AOCR1\AOCR\CapaDatos\Services\EmailQueueService.cs:línea 332
2026-01-31 22:56:37.463 | ERROR | CID:N/A | ERR:EMAIL_QUEUE_ERROR | Error de configuración de base de datos.
    Exception: DataAccessException
    StackTrace:    en CapaDatos.Infrastructure.BaseDAO.ExecuteWithConnection[T](Func`2 action) en C:\AOCR\AOCR\AOCR05-01-2026\AOCR1\AOCR\CapaDatos\Infrastructure\BaseDAO.cs:línea 68
   en CapaDatos.Services.EmailQueueService.<ObtenerSiguienteAsync>d__5.MoveNext() en C:\AOCR\AOCR\AOCR05-01-2026\AOCR1\AOCR\CapaDatos\Services\EmailQueueService.cs:línea 136
--- Fin del seguimiento de la pila de la ubicación anterior donde se produjo la excepción ---
   en System.Runtime.ExceptionServices.ExceptionDispatchInfo.Throw()
   en System.Runtime.CompilerServices.TaskAwaiter.HandleNonSuccessAndDebuggerNotification(Task task)
   en System.Runtime.CompilerServices.TaskAwaiter`1.GetResult()
   en CapaDatos.Services.EmailQueueProcessor.<ProcessQueueAsync>d__10.MoveNext() en C:\AOCR\AOCR\AOCR05-01-2026\AOCR1\AOCR\CapaDatos\Services\EmailQueueService.cs:línea 332
2026-01-31 22:57:07.527 | ERROR | CID:N/A | ERR:EMAIL_QUEUE_ERROR | Error de configuración de base de datos.
    Exception: DataAccessException
    StackTrace:    en CapaDatos.Infrastructure.BaseDAO.ExecuteWithConnection[T](Func`2 action) en C:\AOCR\AOCR\AOCR05-01-2026\AOCR1\AOCR\CapaDatos\Infrastructure\BaseDAO.cs:línea 68
   en CapaDatos.Services.EmailQueueService.<ObtenerSiguienteAsync>d__5.MoveNext() en C:\AOCR\AOCR\AOCR05-01-2026\AOCR1\AOCR\CapaDatos\Services\EmailQueueService.cs:línea 136
--- Fin del seguimiento de la pila de la ubicación anterior donde se produjo la excepción ---
   en System.Runtime.ExceptionServices.ExceptionDispatchInfo.Throw()
   en System.Runtime.CompilerServices.TaskAwaiter.HandleNonSuccessAndDebuggerNotification(Task task)
   en System.Runtime.CompilerServices.TaskAwaiter`1.GetResult()
   en CapaDatos.Services.EmailQueueProcessor.<ProcessQueueAsync>d__10.MoveNext() en C:\AOCR\AOCR\AOCR05-01-2026\AOCR1\AOCR\CapaDatos\Services\EmailQueueService.cs:línea 332
2026-01-31 22:57:37.590 | ERROR | CID:N/A | ERR:EMAIL_QUEUE_ERROR | Error de configuración de base de datos.
    Exception: DataAccessException
    StackTrace:    en CapaDatos.Infrastructure.BaseDAO.ExecuteWithConnection[T](Func`2 action) en C:\AOCR\AOCR\AOCR05-01-2026\AOCR1\AOCR\CapaDatos\Infrastructure\BaseDAO.cs:línea 68
   en CapaDatos.Services.EmailQueueService.<ObtenerSiguienteAsync>d__5.MoveNext() en C:\AOCR\AOCR\AOCR05-01-2026\AOCR1\AOCR\CapaDatos\Services\EmailQueueService.cs:línea 136
--- Fin del seguimiento de la pila de la ubicación anterior donde se produjo la excepción ---
   en System.Runtime.ExceptionServices.ExceptionDispatchInfo.Throw()
   en System.Runtime.CompilerServices.TaskAwaiter.HandleNonSuccessAndDebuggerNotification(Task task)
   en System.Runtime.CompilerServices.TaskAwaiter`1.GetResult()
   en CapaDatos.Services.EmailQueueProcessor.<ProcessQueueAsync>d__10.MoveNext() en C:\AOCR\AOCR\AOCR05-01-2026\AOCR1\AOCR\CapaDatos\Services\EmailQueueService.cs:línea 332
2026-01-31 22:58:07.621 | ERROR | CID:N/A | ERR:EMAIL_QUEUE_ERROR | Error de configuración de base de datos.
    Exception: DataAccessException
    StackTrace:    en CapaDatos.Infrastructure.BaseDAO.ExecuteWithConnection[T](Func`2 action) en C:\AOCR\AOCR\AOCR05-01-2026\AOCR1\AOCR\CapaDatos\Infrastructure\BaseDAO.cs:línea 68
   en CapaDatos.Services.EmailQueueService.<ObtenerSiguienteAsync>d__5.MoveNext() en C:\AOCR\AOCR\AOCR05-01-2026\AOCR1\AOCR\CapaDatos\Services\EmailQueueService.cs:línea 136
--- Fin del seguimiento de la pila de la ubicación anterior donde se produjo la excepción ---
   en System.Runtime.ExceptionServices.ExceptionDispatchInfo.Throw()
   en System.Runtime.CompilerServices.TaskAwaiter.HandleNonSuccessAndDebuggerNotification(Task task)
   en System.Runtime.CompilerServices.TaskAwaiter`1.GetResult()
   en CapaDatos.Services.EmailQueueProcessor.<ProcessQueueAsync>d__10.MoveNext() en C:\AOCR\AOCR\AOCR05-01-2026\AOCR1\AOCR\CapaDatos\Services\EmailQueueService.cs:línea 332
2026-01-31 22:58:37.668 | ERROR | CID:N/A | ERR:EMAIL_QUEUE_ERROR | Error de configuración de base de datos.
    Exception: DataAccessException
    StackTrace:    en CapaDatos.Infrastructure.BaseDAO.ExecuteWithConnection[T](Func`2 action) en C:\AOCR\AOCR\AOCR05-01-2026\AOCR1\AOCR\CapaDatos\Infrastructure\BaseDAO.cs:línea 68
   en CapaDatos.Services.EmailQueueService.<ObtenerSiguienteAsync>d__5.MoveNext() en C:\AOCR\AOCR\AOCR05-01-2026\AOCR1\AOCR\CapaDatos\Services\EmailQueueService.cs:línea 136
--- Fin del seguimiento de la pila de la ubicación anterior donde se produjo la excepción ---
   en System.Runtime.ExceptionServices.ExceptionDispatchInfo.Throw()
   en System.Runtime.CompilerServices.TaskAwaiter.HandleNonSuccessAndDebuggerNotification(Task task)
   en System.Runtime.CompilerServices.TaskAwaiter`1.GetResult()
   en CapaDatos.Services.EmailQueueProcessor.<ProcessQueueAsync>d__10.MoveNext() en C:\AOCR\AOCR\AOCR05-01-2026\AOCR1\AOCR\CapaDatos\Services\EmailQueueService.cs:línea 332
2026-01-31 22:59:07.721 | ERROR | CID:N/A | ERR:EMAIL_QUEUE_ERROR | Error de configuración de base de datos.
    Exception: DataAccessException
    StackTrace:    en CapaDatos.Infrastructure.BaseDAO.ExecuteWithConnection[T](Func`2 action) en C:\AOCR\AOCR\AOCR05-01-2026\AOCR1\AOCR\CapaDatos\Infrastructure\BaseDAO.cs:línea 68
   en CapaDatos.Services.EmailQueueService.<ObtenerSiguienteAsync>d__5.MoveNext() en C:\AOCR\AOCR\AOCR05-01-2026\AOCR1\AOCR\CapaDatos\Services\EmailQueueService.cs:línea 136
--- Fin del seguimiento de la pila de la ubicación anterior donde se produjo la excepción ---
   en System.Runtime.ExceptionServices.ExceptionDispatchInfo.Throw()
   en System.Runtime.CompilerServices.TaskAwaiter.HandleNonSuccessAndDebuggerNotification(Task task)
   en System.Runtime.CompilerServices.TaskAwaiter`1.GetResult()
   en CapaDatos.Services.EmailQueueProcessor.<ProcessQueueAsync>d__10.MoveNext() en C:\AOCR\AOCR\AOCR05-01-2026\AOCR1\AOCR\CapaDatos\Services\EmailQueueService.cs:línea 332
2026-01-31 22:59:37.762 | ERROR | CID:N/A | ERR:EMAIL_QUEUE_ERROR | Error de configuración de base de datos.
    Exception: DataAccessException
    StackTrace:    en CapaDatos.Infrastructure.BaseDAO.ExecuteWithConnection[T](Func`2 action) en C:\AOCR\AOCR\AOCR05-01-2026\AOCR1\AOCR\CapaDatos\Infrastructure\BaseDAO.cs:línea 68
   en CapaDatos.Services.EmailQueueService.<ObtenerSiguienteAsync>d__5.MoveNext() en C:\AOCR\AOCR\AOCR05-01-2026\AOCR1\AOCR\CapaDatos\Services\EmailQueueService.cs:línea 136
--- Fin del seguimiento de la pila de la ubicación anterior donde se produjo la excepción ---
   en System.Runtime.ExceptionServices.ExceptionDispatchInfo.Throw()
   en System.Runtime.CompilerServices.TaskAwaiter.HandleNonSuccessAndDebuggerNotification(Task task)
   en System.Runtime.CompilerServices.TaskAwaiter`1.GetResult()
   en CapaDatos.Services.EmailQueueProcessor.<ProcessQueueAsync>d__10.MoveNext() en C:\AOCR\AOCR\AOCR05-01-2026\AOCR1\AOCR\CapaDatos\Services\EmailQueueService.cs:línea 332
2026-01-31 23:00:07.825 | ERROR | CID:N/A | ERR:EMAIL_QUEUE_ERROR | Error de configuración de base de datos.
    Exception: DataAccessException
    StackTrace:    en CapaDatos.Infrastructure.BaseDAO.ExecuteWithConnection[T](Func`2 action) en C:\AOCR\AOCR\AOCR05-01-2026\AOCR1\AOCR\CapaDatos\Infrastructure\BaseDAO.cs:línea 68
   en CapaDatos.Services.EmailQueueService.<ObtenerSiguienteAsync>d__5.MoveNext() en C:\AOCR\AOCR\AOCR05-01-2026\AOCR1\AOCR\CapaDatos\Services\EmailQueueService.cs:línea 136
--- Fin del seguimiento de la pila de la ubicación anterior donde se produjo la excepción ---
   en System.Runtime.ExceptionServices.ExceptionDispatchInfo.Throw()
   en System.Runtime.CompilerServices.TaskAwaiter.HandleNonSuccessAndDebuggerNotification(Task task)
   en System.Runtime.CompilerServices.TaskAwaiter`1.GetResult()
   en CapaDatos.Services.EmailQueueProcessor.<ProcessQueueAsync>d__10.MoveNext() en C:\AOCR\AOCR\AOCR05-01-2026\AOCR1\AOCR\CapaDatos\Services\EmailQueueService.cs:línea 332
2026-01-31 23:00:37.881 | ERROR | CID:N/A | ERR:EMAIL_QUEUE_ERROR | Error de configuración de base de datos.
    Exception: DataAccessException
    StackTrace:    en CapaDatos.Infrastructure.BaseDAO.ExecuteWithConnection[T](Func`2 action) en C:\AOCR\AOCR\AOCR05-01-2026\AOCR1\AOCR\CapaDatos\Infrastructure\BaseDAO.cs:línea 68
   en CapaDatos.Services.EmailQueueService.<ObtenerSiguienteAsync>d__5.MoveNext() en C:\AOCR\AOCR\AOCR05-01-2026\AOCR1\AOCR\CapaDatos\Services\EmailQueueService.cs:línea 136
--- Fin del seguimiento de la pila de la ubicación anterior donde se produjo la excepción ---
   en System.Runtime.ExceptionServices.ExceptionDispatchInfo.Throw()
   en System.Runtime.CompilerServices.TaskAwaiter.HandleNonSuccessAndDebuggerNotification(Task task)
   en System.Runtime.CompilerServices.TaskAwaiter`1.GetResult()
   en CapaDatos.Services.EmailQueueProcessor.<ProcessQueueAsync>d__10.MoveNext() en C:\AOCR\AOCR\AOCR05-01-2026\AOCR1\AOCR\CapaDatos\Services\EmailQueueService.cs:línea 332
2026-01-31 23:01:07.928 | ERROR | CID:N/A | ERR:EMAIL_QUEUE_ERROR | Error de configuración de base de datos.
    Exception: DataAccessException
    StackTrace:    en CapaDatos.Infrastructure.BaseDAO.ExecuteWithConnection[T](Func`2 action) en C:\AOCR\AOCR\AOCR05-01-2026\AOCR1\AOCR\CapaDatos\Infrastructure\BaseDAO.cs:línea 68
   en CapaDatos.Services.EmailQueueService.<ObtenerSiguienteAsync>d__5.MoveNext() en C:\AOCR\AOCR\AOCR05-01-2026\AOCR1\AOCR\CapaDatos\Services\EmailQueueService.cs:línea 136
--- Fin del seguimiento de la pila de la ubicación anterior donde se produjo la excepción ---
   en System.Runtime.ExceptionServices.ExceptionDispatchInfo.Throw()
   en System.Runtime.CompilerServices.TaskAwaiter.HandleNonSuccessAndDebuggerNotification(Task task)
   en System.Runtime.CompilerServices.TaskAwaiter`1.GetResult()
   en CapaDatos.Services.EmailQueueProcessor.<ProcessQueueAsync>d__10.MoveNext() en C:\AOCR\AOCR\AOCR05-01-2026\AOCR1\AOCR\CapaDatos\Services\EmailQueueService.cs:línea 332
2026-01-31 23:01:37.964 | ERROR | CID:N/A | ERR:EMAIL_QUEUE_ERROR | Error de configuración de base de datos.
    Exception: DataAccessException
    StackTrace:    en CapaDatos.Infrastructure.BaseDAO.ExecuteWithConnection[T](Func`2 action) en C:\AOCR\AOCR\AOCR05-01-2026\AOCR1\AOCR\CapaDatos\Infrastructure\BaseDAO.cs:línea 68
   en CapaDatos.Services.EmailQueueService.<ObtenerSiguienteAsync>d__5.MoveNext() en C:\AOCR\AOCR\AOCR05-01-2026\AOCR1\AOCR\CapaDatos\Services\EmailQueueService.cs:línea 136
--- Fin del seguimiento de la pila de la ubicación anterior donde se produjo la excepción ---
   en System.Runtime.ExceptionServices.ExceptionDispatchInfo.Throw()
   en System.Runtime.CompilerServices.TaskAwaiter.HandleNonSuccessAndDebuggerNotification(Task task)
   en System.Runtime.CompilerServices.TaskAwaiter`1.GetResult()
   en CapaDatos.Services.EmailQueueProcessor.<ProcessQueueAsync>d__10.MoveNext() en C:\AOCR\AOCR\AOCR05-01-2026\AOCR1\AOCR\CapaDatos\Services\EmailQueueService.cs:línea 332
2026-01-31 23:02:08.013 | ERROR | CID:N/A | ERR:EMAIL_QUEUE_ERROR | Error de configuración de base de datos.
    Exception: DataAccessException
    StackTrace:    en CapaDatos.Infrastructure.BaseDAO.ExecuteWithConnection[T](Func`2 action) en C:\AOCR\AOCR\AOCR05-01-2026\AOCR1\AOCR\CapaDatos\Infrastructure\BaseDAO.cs:línea 68
   en CapaDatos.Services.EmailQueueService.<ObtenerSiguienteAsync>d__5.MoveNext() en C:\AOCR\AOCR\AOCR05-01-2026\AOCR1\AOCR\CapaDatos\Services\EmailQueueService.cs:línea 136
--- Fin del seguimiento de la pila de la ubicación anterior donde se produjo la excepción ---
   en System.Runtime.ExceptionServices.ExceptionDispatchInfo.Throw()
   en System.Runtime.CompilerServices.TaskAwaiter.HandleNonSuccessAndDebuggerNotification(Task task)
   en System.Runtime.CompilerServices.TaskAwaiter`1.GetResult()
   en CapaDatos.Services.EmailQueueProcessor.<ProcessQueueAsync>d__10.MoveNext() en C:\AOCR\AOCR\AOCR05-01-2026\AOCR1\AOCR\CapaDatos\Services\EmailQueueService.cs:línea 332
2026-01-31 23:02:38.068 | ERROR | CID:N/A | ERR:EMAIL_QUEUE_ERROR | Error de configuración de base de datos.
    Exception: DataAccessException
    StackTrace:    en CapaDatos.Infrastructure.BaseDAO.ExecuteWithConnection[T](Func`2 action) en C:\AOCR\AOCR\AOCR05-01-2026\AOCR1\AOCR\CapaDatos\Infrastructure\BaseDAO.cs:línea 68
   en CapaDatos.Services.EmailQueueService.<ObtenerSiguienteAsync>d__5.MoveNext() en C:\AOCR\AOCR\AOCR05-01-2026\AOCR1\AOCR\CapaDatos\Services\EmailQueueService.cs:línea 136
--- Fin del seguimiento de la pila de la ubicación anterior donde se produjo la excepción ---
   en System.Runtime.ExceptionServices.ExceptionDispatchInfo.Throw()
   en System.Runtime.CompilerServices.TaskAwaiter.HandleNonSuccessAndDebuggerNotification(Task task)
   en System.Runtime.CompilerServices.TaskAwaiter`1.GetResult()
   en CapaDatos.Services.EmailQueueProcessor.<ProcessQueueAsync>d__10.MoveNext() en C:\AOCR\AOCR\AOCR05-01-2026\AOCR1\AOCR\CapaDatos\Services\EmailQueueService.cs:línea 332
2026-01-31 23:03:08.122 | ERROR | CID:N/A | ERR:EMAIL_QUEUE_ERROR | Error de configuración de base de datos.
    Exception: DataAccessException
    StackTrace:    en CapaDatos.Infrastructure.BaseDAO.ExecuteWithConnection[T](Func`2 action) en C:\AOCR\AOCR\AOCR05-01-2026\AOCR1\AOCR\CapaDatos\Infrastructure\BaseDAO.cs:línea 68
   en CapaDatos.Services.EmailQueueService.<ObtenerSiguienteAsync>d__5.MoveNext() en C:\AOCR\AOCR\AOCR05-01-2026\AOCR1\AOCR\CapaDatos\Services\EmailQueueService.cs:línea 136
--- Fin del seguimiento de la pila de la ubicación anterior donde se produjo la excepción ---
   en System.Runtime.ExceptionServices.ExceptionDispatchInfo.Throw()
   en System.Runtime.CompilerServices.TaskAwaiter.HandleNonSuccessAndDebuggerNotification(Task task)
   en System.Runtime.CompilerServices.TaskAwaiter`1.GetResult()
   en CapaDatos.Services.EmailQueueProcessor.<ProcessQueueAsync>d__10.MoveNext() en C:\AOCR\AOCR\AOCR05-01-2026\AOCR1\AOCR\CapaDatos\Services\EmailQueueService.cs:línea 332
2026-01-31 23:03:38.182 | ERROR | CID:N/A | ERR:EMAIL_QUEUE_ERROR | Error de configuración de base de datos.
    Exception: DataAccessException
    StackTrace:    en CapaDatos.Infrastructure.BaseDAO.ExecuteWithConnection[T](Func`2 action) en C:\AOCR\AOCR\AOCR05-01-2026\AOCR1\AOCR\CapaDatos\Infrastructure\BaseDAO.cs:línea 68
   en CapaDatos.Services.EmailQueueService.<ObtenerSiguienteAsync>d__5.MoveNext() en C:\AOCR\AOCR\AOCR05-01-2026\AOCR1\AOCR\CapaDatos\Services\EmailQueueService.cs:línea 136
--- Fin del seguimiento de la pila de la ubicación anterior donde se produjo la excepción ---
   en System.Runtime.ExceptionServices.ExceptionDispatchInfo.Throw()
   en System.Runtime.CompilerServices.TaskAwaiter.HandleNonSuccessAndDebuggerNotification(Task task)
   en System.Runtime.CompilerServices.TaskAwaiter`1.GetResult()
   en CapaDatos.Services.EmailQueueProcessor.<ProcessQueueAsync>d__10.MoveNext() en C:\AOCR\AOCR\AOCR05-01-2026\AOCR1\AOCR\CapaDatos\Services\EmailQueueService.cs:línea 332
2026-01-31 23:04:08.231 | ERROR | CID:N/A | ERR:EMAIL_QUEUE_ERROR | Error de configuración de base de datos.
    Exception: DataAccessException
    StackTrace:    en CapaDatos.Infrastructure.BaseDAO.ExecuteWithConnection[T](Func`2 action) en C:\AOCR\AOCR\AOCR05-01-2026\AOCR1\AOCR\CapaDatos\Infrastructure\BaseDAO.cs:línea 68
   en CapaDatos.Services.EmailQueueService.<ObtenerSiguienteAsync>d__5.MoveNext() en C:\AOCR\AOCR\AOCR05-01-2026\AOCR1\AOCR\CapaDatos\Services\EmailQueueService.cs:línea 136
--- Fin del seguimiento de la pila de la ubicación anterior donde se produjo la excepción ---
   en System.Runtime.ExceptionServices.ExceptionDispatchInfo.Throw()
   en System.Runtime.CompilerServices.TaskAwaiter.HandleNonSuccessAndDebuggerNotification(Task task)
   en System.Runtime.CompilerServices.TaskAwaiter`1.GetResult()
   en CapaDatos.Services.EmailQueueProcessor.<ProcessQueueAsync>d__10.MoveNext() en C:\AOCR\AOCR\AOCR05-01-2026\AOCR1\AOCR\CapaDatos\Services\EmailQueueService.cs:línea 332
2026-01-31 23:04:38.302 | ERROR | CID:N/A | ERR:EMAIL_QUEUE_ERROR | Error de configuración de base de datos.
    Exception: DataAccessException
    StackTrace:    en CapaDatos.Infrastructure.BaseDAO.ExecuteWithConnection[T](Func`2 action) en C:\AOCR\AOCR\AOCR05-01-2026\AOCR1\AOCR\CapaDatos\Infrastructure\BaseDAO.cs:línea 68
   en CapaDatos.Services.EmailQueueService.<ObtenerSiguienteAsync>d__5.MoveNext() en C:\AOCR\AOCR\AOCR05-01-2026\AOCR1\AOCR\CapaDatos\Services\EmailQueueService.cs:línea 136
--- Fin del seguimiento de la pila de la ubicación anterior donde se produjo la excepción ---
   en System.Runtime.ExceptionServices.ExceptionDispatchInfo.Throw()
   en System.Runtime.CompilerServices.TaskAwaiter.HandleNonSuccessAndDebuggerNotification(Task task)
   en System.Runtime.CompilerServices.TaskAwaiter`1.GetResult()
   en CapaDatos.Services.EmailQueueProcessor.<ProcessQueueAsync>d__10.MoveNext() en C:\AOCR\AOCR\AOCR05-01-2026\AOCR1\AOCR\CapaDatos\Services\EmailQueueService.cs:línea 332
2026-01-31 23:05:08.355 | ERROR | CID:N/A | ERR:EMAIL_QUEUE_ERROR | Error de configuración de base de datos.
    Exception: DataAccessException
    StackTrace:    en CapaDatos.Infrastructure.BaseDAO.ExecuteWithConnection[T](Func`2 action) en C:\AOCR\AOCR\AOCR05-01-2026\AOCR1\AOCR\CapaDatos\Infrastructure\BaseDAO.cs:línea 68
   en CapaDatos.Services.EmailQueueService.<ObtenerSiguienteAsync>d__5.MoveNext() en C:\AOCR\AOCR\AOCR05-01-2026\AOCR1\AOCR\CapaDatos\Services\EmailQueueService.cs:línea 136
--- Fin del seguimiento de la pila de la ubicación anterior donde se produjo la excepción ---
   en System.Runtime.ExceptionServices.ExceptionDispatchInfo.Throw()
   en System.Runtime.CompilerServices.TaskAwaiter.HandleNonSuccessAndDebuggerNotification(Task task)
   en System.Runtime.CompilerServices.TaskAwaiter`1.GetResult()
   en CapaDatos.Services.EmailQueueProcessor.<ProcessQueueAsync>d__10.MoveNext() en C:\AOCR\AOCR\AOCR05-01-2026\AOCR1\AOCR\CapaDatos\Services\EmailQueueService.cs:línea 332
2026-01-31 23:05:38.387 | ERROR | CID:N/A | ERR:EMAIL_QUEUE_ERROR | Error de configuración de base de datos.
    Exception: DataAccessException
    StackTrace:    en CapaDatos.Infrastructure.BaseDAO.ExecuteWithConnection[T](Func`2 action) en C:\AOCR\AOCR\AOCR05-01-2026\AOCR1\AOCR\CapaDatos\Infrastructure\BaseDAO.cs:línea 68
   en CapaDatos.Services.EmailQueueService.<ObtenerSiguienteAsync>d__5.MoveNext() en C:\AOCR\AOCR\AOCR05-01-2026\AOCR1\AOCR\CapaDatos\Services\EmailQueueService.cs:línea 136
--- Fin del seguimiento de la pila de la ubicación anterior donde se produjo la excepción ---
   en System.Runtime.ExceptionServices.ExceptionDispatchInfo.Throw()
   en System.Runtime.CompilerServices.TaskAwaiter.HandleNonSuccessAndDebuggerNotification(Task task)
   en System.Runtime.CompilerServices.TaskAwaiter`1.GetResult()
   en CapaDatos.Services.EmailQueueProcessor.<ProcessQueueAsync>d__10.MoveNext() en C:\AOCR\AOCR\AOCR05-01-2026\AOCR1\AOCR\CapaDatos\Services\EmailQueueService.cs:línea 332
2026-01-31 23:06:08.438 | ERROR | CID:N/A | ERR:EMAIL_QUEUE_ERROR | Error de configuración de base de datos.
    Exception: DataAccessException
    StackTrace:    en CapaDatos.Infrastructure.BaseDAO.ExecuteWithConnection[T](Func`2 action) en C:\AOCR\AOCR\AOCR05-01-2026\AOCR1\AOCR\CapaDatos\Infrastructure\BaseDAO.cs:línea 68
   en CapaDatos.Services.EmailQueueService.<ObtenerSiguienteAsync>d__5.MoveNext() en C:\AOCR\AOCR\AOCR05-01-2026\AOCR1\AOCR\CapaDatos\Services\EmailQueueService.cs:línea 136
--- Fin del seguimiento de la pila de la ubicación anterior donde se produjo la excepción ---
   en System.Runtime.ExceptionServices.ExceptionDispatchInfo.Throw()
   en System.Runtime.CompilerServices.TaskAwaiter.HandleNonSuccessAndDebuggerNotification(Task task)
   en System.Runtime.CompilerServices.TaskAwaiter`1.GetResult()
   en CapaDatos.Services.EmailQueueProcessor.<ProcessQueueAsync>d__10.MoveNext() en C:\AOCR\AOCR\AOCR05-01-2026\AOCR1\AOCR\CapaDatos\Services\EmailQueueService.cs:línea 332
2026-01-31 23:06:38.496 | ERROR | CID:N/A | ERR:EMAIL_QUEUE_ERROR | Error de configuración de base de datos.
    Exception: DataAccessException
    StackTrace:    en CapaDatos.Infrastructure.BaseDAO.ExecuteWithConnection[T](Func`2 action) en C:\AOCR\AOCR\AOCR05-01-2026\AOCR1\AOCR\CapaDatos\Infrastructure\BaseDAO.cs:línea 68
   en CapaDatos.Services.EmailQueueService.<ObtenerSiguienteAsync>d__5.MoveNext() en C:\AOCR\AOCR\AOCR05-01-2026\AOCR1\AOCR\CapaDatos\Services\EmailQueueService.cs:línea 136
--- Fin del seguimiento de la pila de la ubicación anterior donde se produjo la excepción ---
   en System.Runtime.ExceptionServices.ExceptionDispatchInfo.Throw()
   en System.Runtime.CompilerServices.TaskAwaiter.HandleNonSuccessAndDebuggerNotification(Task task)
   en System.Runtime.CompilerServices.TaskAwaiter`1.GetResult()
   en CapaDatos.Services.EmailQueueProcessor.<ProcessQueueAsync>d__10.MoveNext() en C:\AOCR\AOCR\AOCR05-01-2026\AOCR1\AOCR\CapaDatos\Services\EmailQueueService.cs:línea 332
2026-01-31 23:07:08.543 | ERROR | CID:N/A | ERR:EMAIL_QUEUE_ERROR | Error de configuración de base de datos.
    Exception: DataAccessException
    StackTrace:    en CapaDatos.Infrastructure.BaseDAO.ExecuteWithConnection[T](Func`2 action) en C:\AOCR\AOCR\AOCR05-01-2026\AOCR1\AOCR\CapaDatos\Infrastructure\BaseDAO.cs:línea 68
   en CapaDatos.Services.EmailQueueService.<ObtenerSiguienteAsync>d__5.MoveNext() en C:\AOCR\AOCR\AOCR05-01-2026\AOCR1\AOCR\CapaDatos\Services\EmailQueueService.cs:línea 136
--- Fin del seguimiento de la pila de la ubicación anterior donde se produjo la excepción ---
   en System.Runtime.ExceptionServices.ExceptionDispatchInfo.Throw()
   en System.Runtime.CompilerServices.TaskAwaiter.HandleNonSuccessAndDebuggerNotification(Task task)
   en System.Runtime.CompilerServices.TaskAwaiter`1.GetResult()
   en CapaDatos.Services.EmailQueueProcessor.<ProcessQueueAsync>d__10.MoveNext() en C:\AOCR\AOCR\AOCR05-01-2026\AOCR1\AOCR\CapaDatos\Services\EmailQueueService.cs:línea 332
2026-01-31 23:07:38.574 | ERROR | CID:N/A | ERR:EMAIL_QUEUE_ERROR | Error de configuración de base de datos.
    Exception: DataAccessException
    StackTrace:    en CapaDatos.Infrastructure.BaseDAO.ExecuteWithConnection[T](Func`2 action) en C:\AOCR\AOCR\AOCR05-01-2026\AOCR1\AOCR\CapaDatos\Infrastructure\BaseDAO.cs:línea 68
   en CapaDatos.Services.EmailQueueService.<ObtenerSiguienteAsync>d__5.MoveNext() en C:\AOCR\AOCR\AOCR05-01-2026\AOCR1\AOCR\CapaDatos\Services\EmailQueueService.cs:línea 136
--- Fin del seguimiento de la pila de la ubicación anterior donde se produjo la excepción ---
   en System.Runtime.ExceptionServices.ExceptionDispatchInfo.Throw()
   en System.Runtime.CompilerServices.TaskAwaiter.HandleNonSuccessAndDebuggerNotification(Task task)
   en System.Runtime.CompilerServices.TaskAwaiter`1.GetResult()
   en CapaDatos.Services.EmailQueueProcessor.<ProcessQueueAsync>d__10.MoveNext() en C:\AOCR\AOCR\AOCR05-01-2026\AOCR1\AOCR\CapaDatos\Services\EmailQueueService.cs:línea 332
2026-01-31 23:08:08.622 | ERROR | CID:N/A | ERR:EMAIL_QUEUE_ERROR | Error de configuración de base de datos.
    Exception: DataAccessException
    StackTrace:    en CapaDatos.Infrastructure.BaseDAO.ExecuteWithConnection[T](Func`2 action) en C:\AOCR\AOCR\AOCR05-01-2026\AOCR1\AOCR\CapaDatos\Infrastructure\BaseDAO.cs:línea 68
   en CapaDatos.Services.EmailQueueService.<ObtenerSiguienteAsync>d__5.MoveNext() en C:\AOCR\AOCR\AOCR05-01-2026\AOCR1\AOCR\CapaDatos\Services\EmailQueueService.cs:línea 136
--- Fin del seguimiento de la pila de la ubicación anterior donde se produjo la excepción ---
   en System.Runtime.ExceptionServices.ExceptionDispatchInfo.Throw()
   en System.Runtime.CompilerServices.TaskAwaiter.HandleNonSuccessAndDebuggerNotification(Task task)
   en System.Runtime.CompilerServices.TaskAwaiter`1.GetResult()
   en CapaDatos.Services.EmailQueueProcessor.<ProcessQueueAsync>d__10.MoveNext() en C:\AOCR\AOCR\AOCR05-01-2026\AOCR1\AOCR\CapaDatos\Services\EmailQueueService.cs:línea 332
2026-01-31 23:08:38.701 | ERROR | CID:N/A | ERR:EMAIL_QUEUE_ERROR | Error de configuración de base de datos.
    Exception: DataAccessException
    StackTrace:    en CapaDatos.Infrastructure.BaseDAO.ExecuteWithConnection[T](Func`2 action) en C:\AOCR\AOCR\AOCR05-01-2026\AOCR1\AOCR\CapaDatos\Infrastructure\BaseDAO.cs:línea 68
   en CapaDatos.Services.EmailQueueService.<ObtenerSiguienteAsync>d__5.MoveNext() en C:\AOCR\AOCR\AOCR05-01-2026\AOCR1\AOCR\CapaDatos\Services\EmailQueueService.cs:línea 136
--- Fin del seguimiento de la pila de la ubicación anterior donde se produjo la excepción ---
   en System.Runtime.ExceptionServices.ExceptionDispatchInfo.Throw()
   en System.Runtime.CompilerServices.TaskAwaiter.HandleNonSuccessAndDebuggerNotification(Task task)
   en System.Runtime.CompilerServices.TaskAwaiter`1.GetResult()
   en CapaDatos.Services.EmailQueueProcessor.<ProcessQueueAsync>d__10.MoveNext() en C:\AOCR\AOCR\AOCR05-01-2026\AOCR1\AOCR\CapaDatos\Services\EmailQueueService.cs:línea 332
2026-01-31 23:09:08.745 | ERROR | CID:N/A | ERR:EMAIL_QUEUE_ERROR | Error de configuración de base de datos.
    Exception: DataAccessException
    StackTrace:    en CapaDatos.Infrastructure.BaseDAO.ExecuteWithConnection[T](Func`2 action) en C:\AOCR\AOCR\AOCR05-01-2026\AOCR1\AOCR\CapaDatos\Infrastructure\BaseDAO.cs:línea 68
   en CapaDatos.Services.EmailQueueService.<ObtenerSiguienteAsync>d__5.MoveNext() en C:\AOCR\AOCR\AOCR05-01-2026\AOCR1\AOCR\CapaDatos\Services\EmailQueueService.cs:línea 136
--- Fin del seguimiento de la pila de la ubicación anterior donde se produjo la excepción ---
   en System.Runtime.ExceptionServices.ExceptionDispatchInfo.Throw()
   en System.Runtime.CompilerServices.TaskAwaiter.HandleNonSuccessAndDebuggerNotification(Task task)
   en System.Runtime.CompilerServices.TaskAwaiter`1.GetResult()
   en CapaDatos.Services.EmailQueueProcessor.<ProcessQueueAsync>d__10.MoveNext() en C:\AOCR\AOCR\AOCR05-01-2026\AOCR1\AOCR\CapaDatos\Services\EmailQueueService.cs:línea 332
2026-01-31 23:09:38.793 | ERROR | CID:N/A | ERR:EMAIL_QUEUE_ERROR | Error de configuración de base de datos.
    Exception: DataAccessException
    StackTrace:    en CapaDatos.Infrastructure.BaseDAO.ExecuteWithConnection[T](Func`2 action) en C:\AOCR\AOCR\AOCR05-01-2026\AOCR1\AOCR\CapaDatos\Infrastructure\BaseDAO.cs:línea 68
   en CapaDatos.Services.EmailQueueService.<ObtenerSiguienteAsync>d__5.MoveNext() en C:\AOCR\AOCR\AOCR05-01-2026\AOCR1\AOCR\CapaDatos\Services\EmailQueueService.cs:línea 136
--- Fin del seguimiento de la pila de la ubicación anterior donde se produjo la excepción ---
   en System.Runtime.ExceptionServices.ExceptionDispatchInfo.Throw()
   en System.Runtime.CompilerServices.TaskAwaiter.HandleNonSuccessAndDebuggerNotification(Task task)
   en System.Runtime.CompilerServices.TaskAwaiter`1.GetResult()
   en CapaDatos.Services.EmailQueueProcessor.<ProcessQueueAsync>d__10.MoveNext() en C:\AOCR\AOCR\AOCR05-01-2026\AOCR1\AOCR\CapaDatos\Services\EmailQueueService.cs:línea 332
2026-01-31 23:10:08.841 | ERROR | CID:N/A | ERR:EMAIL_QUEUE_ERROR | Error de configuración de base de datos.
    Exception: DataAccessException
    StackTrace:    en CapaDatos.Infrastructure.BaseDAO.ExecuteWithConnection[T](Func`2 action) en C:\AOCR\AOCR\AOCR05-01-2026\AOCR1\AOCR\CapaDatos\Infrastructure\BaseDAO.cs:línea 68
   en CapaDatos.Services.EmailQueueService.<ObtenerSiguienteAsync>d__5.MoveNext() en C:\AOCR\AOCR\AOCR05-01-2026\AOCR1\AOCR\CapaDatos\Services\EmailQueueService.cs:línea 136
--- Fin del seguimiento de la pila de la ubicación anterior donde se produjo la excepción ---
   en System.Runtime.ExceptionServices.ExceptionDispatchInfo.Throw()
   en System.Runtime.CompilerServices.TaskAwaiter.HandleNonSuccessAndDebuggerNotification(Task task)
   en System.Runtime.CompilerServices.TaskAwaiter`1.GetResult()
   en CapaDatos.Services.EmailQueueProcessor.<ProcessQueueAsync>d__10.MoveNext() en C:\AOCR\AOCR\AOCR05-01-2026\AOCR1\AOCR\CapaDatos\Services\EmailQueueService.cs:línea 332
2026-01-31 23:10:38.886 | ERROR | CID:N/A | ERR:EMAIL_QUEUE_ERROR | Error de configuración de base de datos.
    Exception: DataAccessException
    StackTrace:    en CapaDatos.Infrastructure.BaseDAO.ExecuteWithConnection[T](Func`2 action) en C:\AOCR\AOCR\AOCR05-01-2026\AOCR1\AOCR\CapaDatos\Infrastructure\BaseDAO.cs:línea 68
   en CapaDatos.Services.EmailQueueService.<ObtenerSiguienteAsync>d__5.MoveNext() en C:\AOCR\AOCR\AOCR05-01-2026\AOCR1\AOCR\CapaDatos\Services\EmailQueueService.cs:línea 136
--- Fin del seguimiento de la pila de la ubicación anterior donde se produjo la excepción ---
   en System.Runtime.ExceptionServices.ExceptionDispatchInfo.Throw()
   en System.Runtime.CompilerServices.TaskAwaiter.HandleNonSuccessAndDebuggerNotification(Task task)
   en System.Runtime.CompilerServices.TaskAwaiter`1.GetResult()
   en CapaDatos.Services.EmailQueueProcessor.<ProcessQueueAsync>d__10.MoveNext() en C:\AOCR\AOCR\AOCR05-01-2026\AOCR1\AOCR\CapaDatos\Services\EmailQueueService.cs:línea 332
2026-01-31 23:11:08.934 | ERROR | CID:N/A | ERR:EMAIL_QUEUE_ERROR | Error de configuración de base de datos.
    Exception: DataAccessException
    StackTrace:    en CapaDatos.Infrastructure.BaseDAO.ExecuteWithConnection[T](Func`2 action) en C:\AOCR\AOCR\AOCR05-01-2026\AOCR1\AOCR\CapaDatos\Infrastructure\BaseDAO.cs:línea 68
   en CapaDatos.Services.EmailQueueService.<ObtenerSiguienteAsync>d__5.MoveNext() en C:\AOCR\AOCR\AOCR05-01-2026\AOCR1\AOCR\CapaDatos\Services\EmailQueueService.cs:línea 136
--- Fin del seguimiento de la pila de la ubicación anterior donde se produjo la excepción ---
   en System.Runtime.ExceptionServices.ExceptionDispatchInfo.Throw()
   en System.Runtime.CompilerServices.TaskAwaiter.HandleNonSuccessAndDebuggerNotification(Task task)
   en System.Runtime.CompilerServices.TaskAwaiter`1.GetResult()
   en CapaDatos.Services.EmailQueueProcessor.<ProcessQueueAsync>d__10.MoveNext() en C:\AOCR\AOCR\AOCR05-01-2026\AOCR1\AOCR\CapaDatos\Services\EmailQueueService.cs:línea 332
2026-01-31 23:11:38.981 | ERROR | CID:N/A | ERR:EMAIL_QUEUE_ERROR | Error de configuración de base de datos.
    Exception: DataAccessException
    StackTrace:    en CapaDatos.Infrastructure.BaseDAO.ExecuteWithConnection[T](Func`2 action) en C:\AOCR\AOCR\AOCR05-01-2026\AOCR1\AOCR\CapaDatos\Infrastructure\BaseDAO.cs:línea 68
   en CapaDatos.Services.EmailQueueService.<ObtenerSiguienteAsync>d__5.MoveNext() en C:\AOCR\AOCR\AOCR05-01-2026\AOCR1\AOCR\CapaDatos\Services\EmailQueueService.cs:línea 136
--- Fin del seguimiento de la pila de la ubicación anterior donde se produjo la excepción ---
   en System.Runtime.ExceptionServices.ExceptionDispatchInfo.Throw()
   en System.Runtime.CompilerServices.TaskAwaiter.HandleNonSuccessAndDebuggerNotification(Task task)
   en System.Runtime.CompilerServices.TaskAwaiter`1.GetResult()
   en CapaDatos.Services.EmailQueueProcessor.<ProcessQueueAsync>d__10.MoveNext() en C:\AOCR\AOCR\AOCR05-01-2026\AOCR1\AOCR\CapaDatos\Services\EmailQueueService.cs:línea 332
2026-01-31 23:12:09.043 | ERROR | CID:N/A | ERR:EMAIL_QUEUE_ERROR | Error de configuración de base de datos.
    Exception: DataAccessException
    StackTrace:    en CapaDatos.Infrastructure.BaseDAO.ExecuteWithConnection[T](Func`2 action) en C:\AOCR\AOCR\AOCR05-01-2026\AOCR1\AOCR\CapaDatos\Infrastructure\BaseDAO.cs:línea 68
   en CapaDatos.Services.EmailQueueService.<ObtenerSiguienteAsync>d__5.MoveNext() en C:\AOCR\AOCR\AOCR05-01-2026\AOCR1\AOCR\CapaDatos\Services\EmailQueueService.cs:línea 136
--- Fin del seguimiento de la pila de la ubicación anterior donde se produjo la excepción ---
   en System.Runtime.ExceptionServices.ExceptionDispatchInfo.Throw()
   en System.Runtime.CompilerServices.TaskAwaiter.HandleNonSuccessAndDebuggerNotification(Task task)
   en System.Runtime.CompilerServices.TaskAwaiter`1.GetResult()
   en CapaDatos.Services.EmailQueueProcessor.<ProcessQueueAsync>d__10.MoveNext() en C:\AOCR\AOCR\AOCR05-01-2026\AOCR1\AOCR\CapaDatos\Services\EmailQueueService.cs:línea 332
2026-01-31 23:12:39.126 | ERROR | CID:N/A | ERR:EMAIL_QUEUE_ERROR | Error de configuración de base de datos.
    Exception: DataAccessException
    StackTrace:    en CapaDatos.Infrastructure.BaseDAO.ExecuteWithConnection[T](Func`2 action) en C:\AOCR\AOCR\AOCR05-01-2026\AOCR1\AOCR\CapaDatos\Infrastructure\BaseDAO.cs:línea 68
   en CapaDatos.Services.EmailQueueService.<ObtenerSiguienteAsync>d__5.MoveNext() en C:\AOCR\AOCR\AOCR05-01-2026\AOCR1\AOCR\CapaDatos\Services\EmailQueueService.cs:línea 136
--- Fin del seguimiento de la pila de la ubicación anterior donde se produjo la excepción ---
   en System.Runtime.ExceptionServices.ExceptionDispatchInfo.Throw()
   en System.Runtime.CompilerServices.TaskAwaiter.HandleNonSuccessAndDebuggerNotification(Task task)
   en System.Runtime.CompilerServices.TaskAwaiter`1.GetResult()
   en CapaDatos.Services.EmailQueueProcessor.<ProcessQueueAsync>d__10.MoveNext() en C:\AOCR\AOCR\AOCR05-01-2026\AOCR1\AOCR\CapaDatos\Services\EmailQueueService.cs:línea 332
2026-01-31 23:13:09.214 | ERROR | CID:N/A | ERR:EMAIL_QUEUE_ERROR | Error de configuración de base de datos.
    Exception: DataAccessException
    StackTrace:    en CapaDatos.Infrastructure.BaseDAO.ExecuteWithConnection[T](Func`2 action) en C:\AOCR\AOCR\AOCR05-01-2026\AOCR1\AOCR\CapaDatos\Infrastructure\BaseDAO.cs:línea 68
   en CapaDatos.Services.EmailQueueService.<ObtenerSiguienteAsync>d__5.MoveNext() en C:\AOCR\AOCR\AOCR05-01-2026\AOCR1\AOCR\CapaDatos\Services\EmailQueueService.cs:línea 136
--- Fin del seguimiento de la pila de la ubicación anterior donde se produjo la excepción ---
   en System.Runtime.ExceptionServices.ExceptionDispatchInfo.Throw()
   en System.Runtime.CompilerServices.TaskAwaiter.HandleNonSuccessAndDebuggerNotification(Task task)
   en System.Runtime.CompilerServices.TaskAwaiter`1.GetResult()
   en CapaDatos.Services.EmailQueueProcessor.<ProcessQueueAsync>d__10.MoveNext() en C:\AOCR\AOCR\AOCR05-01-2026\AOCR1\AOCR\CapaDatos\Services\EmailQueueService.cs:línea 332
2026-01-31 23:13:39.271 | ERROR | CID:N/A | ERR:EMAIL_QUEUE_ERROR | Error de configuración de base de datos.
    Exception: DataAccessException
    StackTrace:    en CapaDatos.Infrastructure.BaseDAO.ExecuteWithConnection[T](Func`2 action) en C:\AOCR\AOCR\AOCR05-01-2026\AOCR1\AOCR\CapaDatos\Infrastructure\BaseDAO.cs:línea 68
   en CapaDatos.Services.EmailQueueService.<ObtenerSiguienteAsync>d__5.MoveNext() en C:\AOCR\AOCR\AOCR05-01-2026\AOCR1\AOCR\CapaDatos\Services\EmailQueueService.cs:línea 136
--- Fin del seguimiento de la pila de la ubicación anterior donde se produjo la excepción ---
   en System.Runtime.ExceptionServices.ExceptionDispatchInfo.Throw()
   en System.Runtime.CompilerServices.TaskAwaiter.HandleNonSuccessAndDebuggerNotification(Task task)
   en System.Runtime.CompilerServices.TaskAwaiter`1.GetResult()
   en CapaDatos.Services.EmailQueueProcessor.<ProcessQueueAsync>d__10.MoveNext() en C:\AOCR\AOCR\AOCR05-01-2026\AOCR1\AOCR\CapaDatos\Services\EmailQueueService.cs:línea 332
2026-01-31 23:14:09.317 | ERROR | CID:N/A | ERR:EMAIL_QUEUE_ERROR | Error de configuración de base de datos.
    Exception: DataAccessException
    StackTrace:    en CapaDatos.Infrastructure.BaseDAO.ExecuteWithConnection[T](Func`2 action) en C:\AOCR\AOCR\AOCR05-01-2026\AOCR1\AOCR\CapaDatos\Infrastructure\BaseDAO.cs:línea 68
   en CapaDatos.Services.EmailQueueService.<ObtenerSiguienteAsync>d__5.MoveNext() en C:\AOCR\AOCR\AOCR05-01-2026\AOCR1\AOCR\CapaDatos\Services\EmailQueueService.cs:línea 136
--- Fin del seguimiento de la pila de la ubicación anterior donde se produjo la excepción ---
   en System.Runtime.ExceptionServices.ExceptionDispatchInfo.Throw()
   en System.Runtime.CompilerServices.TaskAwaiter.HandleNonSuccessAndDebuggerNotification(Task task)
   en System.Runtime.CompilerServices.TaskAwaiter`1.GetResult()
   en CapaDatos.Services.EmailQueueProcessor.<ProcessQueueAsync>d__10.MoveNext() en C:\AOCR\AOCR\AOCR05-01-2026\AOCR1\AOCR\CapaDatos\Services\EmailQueueService.cs:línea 332
2026-01-31 23:14:39.356 | ERROR | CID:N/A | ERR:EMAIL_QUEUE_ERROR | Error de configuración de base de datos.
    Exception: DataAccessException
    StackTrace:    en CapaDatos.Infrastructure.BaseDAO.ExecuteWithConnection[T](Func`2 action) en C:\AOCR\AOCR\AOCR05-01-2026\AOCR1\AOCR\CapaDatos\Infrastructure\BaseDAO.cs:línea 68
   en CapaDatos.Services.EmailQueueService.<ObtenerSiguienteAsync>d__5.MoveNext() en C:\AOCR\AOCR\AOCR05-01-2026\AOCR1\AOCR\CapaDatos\Services\EmailQueueService.cs:línea 136
--- Fin del seguimiento de la pila de la ubicación anterior donde se produjo la excepción ---
   en System.Runtime.ExceptionServices.ExceptionDispatchInfo.Throw()
   en System.Runtime.CompilerServices.TaskAwaiter.HandleNonSuccessAndDebuggerNotification(Task task)
   en System.Runtime.CompilerServices.TaskAwaiter`1.GetResult()
   en CapaDatos.Services.EmailQueueProcessor.<ProcessQueueAsync>d__10.MoveNext() en C:\AOCR\AOCR\AOCR05-01-2026\AOCR1\AOCR\CapaDatos\Services\EmailQueueService.cs:línea 332
2026-01-31 23:15:09.415 | ERROR | CID:N/A | ERR:EMAIL_QUEUE_ERROR | Error de configuración de base de datos.
    Exception: DataAccessException
    StackTrace:    en CapaDatos.Infrastructure.BaseDAO.ExecuteWithConnection[T](Func`2 action) en C:\AOCR\AOCR\AOCR05-01-2026\AOCR1\AOCR\CapaDatos\Infrastructure\BaseDAO.cs:línea 68
   en CapaDatos.Services.EmailQueueService.<ObtenerSiguienteAsync>d__5.MoveNext() en C:\AOCR\AOCR\AOCR05-01-2026\AOCR1\AOCR\CapaDatos\Services\EmailQueueService.cs:línea 136
--- Fin del seguimiento de la pila de la ubicación anterior donde se produjo la excepción ---
   en System.Runtime.ExceptionServices.ExceptionDispatchInfo.Throw()
   en System.Runtime.CompilerServices.TaskAwaiter.HandleNonSuccessAndDebuggerNotification(Task task)
   en System.Runtime.CompilerServices.TaskAwaiter`1.GetResult()
   en CapaDatos.Services.EmailQueueProcessor.<ProcessQueueAsync>d__10.MoveNext() en C:\AOCR\AOCR\AOCR05-01-2026\AOCR1\AOCR\CapaDatos\Services\EmailQueueService.cs:línea 332
2026-01-31 23:15:39.449 | ERROR | CID:N/A | ERR:EMAIL_QUEUE_ERROR | Error de configuración de base de datos.
    Exception: DataAccessException
    StackTrace:    en CapaDatos.Infrastructure.BaseDAO.ExecuteWithConnection[T](Func`2 action) en C:\AOCR\AOCR\AOCR05-01-2026\AOCR1\AOCR\CapaDatos\Infrastructure\BaseDAO.cs:línea 68
   en CapaDatos.Services.EmailQueueService.<ObtenerSiguienteAsync>d__5.MoveNext() en C:\AOCR\AOCR\AOCR05-01-2026\AOCR1\AOCR\CapaDatos\Services\EmailQueueService.cs:línea 136
--- Fin del seguimiento de la pila de la ubicación anterior donde se produjo la excepción ---
   en System.Runtime.ExceptionServices.ExceptionDispatchInfo.Throw()
   en System.Runtime.CompilerServices.TaskAwaiter.HandleNonSuccessAndDebuggerNotification(Task task)
   en System.Runtime.CompilerServices.TaskAwaiter`1.GetResult()
   en CapaDatos.Services.EmailQueueProcessor.<ProcessQueueAsync>d__10.MoveNext() en C:\AOCR\AOCR\AOCR05-01-2026\AOCR1\AOCR\CapaDatos\Services\EmailQueueService.cs:línea 332
2026-01-31 23:16:09.495 | ERROR | CID:N/A | ERR:EMAIL_QUEUE_ERROR | Error de configuración de base de datos.
    Exception: DataAccessException
    StackTrace:    en CapaDatos.Infrastructure.BaseDAO.ExecuteWithConnection[T](Func`2 action) en C:\AOCR\AOCR\AOCR05-01-2026\AOCR1\AOCR\CapaDatos\Infrastructure\BaseDAO.cs:línea 68
   en CapaDatos.Services.EmailQueueService.<ObtenerSiguienteAsync>d__5.MoveNext() en C:\AOCR\AOCR\AOCR05-01-2026\AOCR1\AOCR\CapaDatos\Services\EmailQueueService.cs:línea 136
--- Fin del seguimiento de la pila de la ubicación anterior donde se produjo la excepción ---
   en System.Runtime.ExceptionServices.ExceptionDispatchInfo.Throw()
   en System.Runtime.CompilerServices.TaskAwaiter.HandleNonSuccessAndDebuggerNotification(Task task)
   en System.Runtime.CompilerServices.TaskAwaiter`1.GetResult()
   en CapaDatos.Services.EmailQueueProcessor.<ProcessQueueAsync>d__10.MoveNext() en C:\AOCR\AOCR\AOCR05-01-2026\AOCR1\AOCR\CapaDatos\Services\EmailQueueService.cs:línea 332
2026-01-31 23:16:39.555 | ERROR | CID:N/A | ERR:EMAIL_QUEUE_ERROR | Error de configuración de base de datos.
    Exception: DataAccessException
    StackTrace:    en CapaDatos.Infrastructure.BaseDAO.ExecuteWithConnection[T](Func`2 action) en C:\AOCR\AOCR\AOCR05-01-2026\AOCR1\AOCR\CapaDatos\Infrastructure\BaseDAO.cs:línea 68
   en CapaDatos.Services.EmailQueueService.<ObtenerSiguienteAsync>d__5.MoveNext() en C:\AOCR\AOCR\AOCR05-01-2026\AOCR1\AOCR\CapaDatos\Services\EmailQueueService.cs:línea 136
--- Fin del seguimiento de la pila de la ubicación anterior donde se produjo la excepción ---
   en System.Runtime.ExceptionServices.ExceptionDispatchInfo.Throw()
   en System.Runtime.CompilerServices.TaskAwaiter.HandleNonSuccessAndDebuggerNotification(Task task)
   en System.Runtime.CompilerServices.TaskAwaiter`1.GetResult()
   en CapaDatos.Services.EmailQueueProcessor.<ProcessQueueAsync>d__10.MoveNext() en C:\AOCR\AOCR\AOCR05-01-2026\AOCR1\AOCR\CapaDatos\Services\EmailQueueService.cs:línea 332
2026-01-31 23:17:09.591 | ERROR | CID:N/A | ERR:EMAIL_QUEUE_ERROR | Error de configuración de base de datos.
    Exception: DataAccessException
    StackTrace:    en CapaDatos.Infrastructure.BaseDAO.ExecuteWithConnection[T](Func`2 action) en C:\AOCR\AOCR\AOCR05-01-2026\AOCR1\AOCR\CapaDatos\Infrastructure\BaseDAO.cs:línea 68
   en CapaDatos.Services.EmailQueueService.<ObtenerSiguienteAsync>d__5.MoveNext() en C:\AOCR\AOCR\AOCR05-01-2026\AOCR1\AOCR\CapaDatos\Services\EmailQueueService.cs:línea 136
--- Fin del seguimiento de la pila de la ubicación anterior donde se produjo la excepción ---
   en System.Runtime.ExceptionServices.ExceptionDispatchInfo.Throw()
   en System.Runtime.CompilerServices.TaskAwaiter.HandleNonSuccessAndDebuggerNotification(Task task)
   en System.Runtime.CompilerServices.TaskAwaiter`1.GetResult()
   en CapaDatos.Services.EmailQueueProcessor.<ProcessQueueAsync>d__10.MoveNext() en C:\AOCR\AOCR\AOCR05-01-2026\AOCR1\AOCR\CapaDatos\Services\EmailQueueService.cs:línea 332
2026-01-31 23:17:39.649 | ERROR | CID:N/A | ERR:EMAIL_QUEUE_ERROR | Error de configuración de base de datos.
    Exception: DataAccessException
    StackTrace:    en CapaDatos.Infrastructure.BaseDAO.ExecuteWithConnection[T](Func`2 action) en C:\AOCR\AOCR\AOCR05-01-2026\AOCR1\AOCR\CapaDatos\Infrastructure\BaseDAO.cs:línea 68
   en CapaDatos.Services.EmailQueueService.<ObtenerSiguienteAsync>d__5.MoveNext() en C:\AOCR\AOCR\AOCR05-01-2026\AOCR1\AOCR\CapaDatos\Services\EmailQueueService.cs:línea 136
--- Fin del seguimiento de la pila de la ubicación anterior donde se produjo la excepción ---
   en System.Runtime.ExceptionServices.ExceptionDispatchInfo.Throw()
   en System.Runtime.CompilerServices.TaskAwaiter.HandleNonSuccessAndDebuggerNotification(Task task)
   en System.Runtime.CompilerServices.TaskAwaiter`1.GetResult()
   en CapaDatos.Services.EmailQueueProcessor.<ProcessQueueAsync>d__10.MoveNext() en C:\AOCR\AOCR\AOCR05-01-2026\AOCR1\AOCR\CapaDatos\Services\EmailQueueService.cs:línea 332
2026-01-31 23:18:09.706 | ERROR | CID:N/A | ERR:EMAIL_QUEUE_ERROR | Error de configuración de base de datos.
    Exception: DataAccessException
    StackTrace:    en CapaDatos.Infrastructure.BaseDAO.ExecuteWithConnection[T](Func`2 action) en C:\AOCR\AOCR\AOCR05-01-2026\AOCR1\AOCR\CapaDatos\Infrastructure\BaseDAO.cs:línea 68
   en CapaDatos.Services.EmailQueueService.<ObtenerSiguienteAsync>d__5.MoveNext() en C:\AOCR\AOCR\AOCR05-01-2026\AOCR1\AOCR\CapaDatos\Services\EmailQueueService.cs:línea 136
--- Fin del seguimiento de la pila de la ubicación anterior donde se produjo la excepción ---
   en System.Runtime.ExceptionServices.ExceptionDispatchInfo.Throw()
   en System.Runtime.CompilerServices.TaskAwaiter.HandleNonSuccessAndDebuggerNotification(Task task)
   en System.Runtime.CompilerServices.TaskAwaiter`1.GetResult()
   en CapaDatos.Services.EmailQueueProcessor.<ProcessQueueAsync>d__10.MoveNext() en C:\AOCR\AOCR\AOCR05-01-2026\AOCR1\AOCR\CapaDatos\Services\EmailQueueService.cs:línea 332
2026-01-31 23:18:39.765 | ERROR | CID:N/A | ERR:EMAIL_QUEUE_ERROR | Error de configuración de base de datos.
    Exception: DataAccessException
    StackTrace:    en CapaDatos.Infrastructure.BaseDAO.ExecuteWithConnection[T](Func`2 action) en C:\AOCR\AOCR\AOCR05-01-2026\AOCR1\AOCR\CapaDatos\Infrastructure\BaseDAO.cs:línea 68
   en CapaDatos.Services.EmailQueueService.<ObtenerSiguienteAsync>d__5.MoveNext() en C:\AOCR\AOCR\AOCR05-01-2026\AOCR1\AOCR\CapaDatos\Services\EmailQueueService.cs:línea 136
--- Fin del seguimiento de la pila de la ubicación anterior donde se produjo la excepción ---
   en System.Runtime.ExceptionServices.ExceptionDispatchInfo.Throw()
   en System.Runtime.CompilerServices.TaskAwaiter.HandleNonSuccessAndDebuggerNotification(Task task)
   en System.Runtime.CompilerServices.TaskAwaiter`1.GetResult()
   en CapaDatos.Services.EmailQueueProcessor.<ProcessQueueAsync>d__10.MoveNext() en C:\AOCR\AOCR\AOCR05-01-2026\AOCR1\AOCR\CapaDatos\Services\EmailQueueService.cs:línea 332
2026-01-31 23:19:09.804 | ERROR | CID:N/A | ERR:EMAIL_QUEUE_ERROR | Error de configuración de base de datos.
    Exception: DataAccessException
    StackTrace:    en CapaDatos.Infrastructure.BaseDAO.ExecuteWithConnection[T](Func`2 action) en C:\AOCR\AOCR\AOCR05-01-2026\AOCR1\AOCR\CapaDatos\Infrastructure\BaseDAO.cs:línea 68
   en CapaDatos.Services.EmailQueueService.<ObtenerSiguienteAsync>d__5.MoveNext() en C:\AOCR\AOCR\AOCR05-01-2026\AOCR1\AOCR\CapaDatos\Services\EmailQueueService.cs:línea 136
--- Fin del seguimiento de la pila de la ubicación anterior donde se produjo la excepción ---
   en System.Runtime.ExceptionServices.ExceptionDispatchInfo.Throw()
   en System.Runtime.CompilerServices.TaskAwaiter.HandleNonSuccessAndDebuggerNotification(Task task)
   en System.Runtime.CompilerServices.TaskAwaiter`1.GetResult()
   en CapaDatos.Services.EmailQueueProcessor.<ProcessQueueAsync>d__10.MoveNext() en C:\AOCR\AOCR\AOCR05-01-2026\AOCR1\AOCR\CapaDatos\Services\EmailQueueService.cs:línea 332
2026-01-31 23:19:39.839 | ERROR | CID:N/A | ERR:EMAIL_QUEUE_ERROR | Error de configuración de base de datos.
    Exception: DataAccessException
    StackTrace:    en CapaDatos.Infrastructure.BaseDAO.ExecuteWithConnection[T](Func`2 action) en C:\AOCR\AOCR\AOCR05-01-2026\AOCR1\AOCR\CapaDatos\Infrastructure\BaseDAO.cs:línea 68
   en CapaDatos.Services.EmailQueueService.<ObtenerSiguienteAsync>d__5.MoveNext() en C:\AOCR\AOCR\AOCR05-01-2026\AOCR1\AOCR\CapaDatos\Services\EmailQueueService.cs:línea 136
--- Fin del seguimiento de la pila de la ubicación anterior donde se produjo la excepción ---
   en System.Runtime.ExceptionServices.ExceptionDispatchInfo.Throw()
   en System.Runtime.CompilerServices.TaskAwaiter.HandleNonSuccessAndDebuggerNotification(Task task)
   en System.Runtime.CompilerServices.TaskAwaiter`1.GetResult()
   en CapaDatos.Services.EmailQueueProcessor.<ProcessQueueAsync>d__10.MoveNext() en C:\AOCR\AOCR\AOCR05-01-2026\AOCR1\AOCR\CapaDatos\Services\EmailQueueService.cs:línea 332
2026-01-31 23:20:09.887 | ERROR | CID:N/A | ERR:EMAIL_QUEUE_ERROR | Error de configuración de base de datos.
    Exception: DataAccessException
    StackTrace:    en CapaDatos.Infrastructure.BaseDAO.ExecuteWithConnection[T](Func`2 action) en C:\AOCR\AOCR\AOCR05-01-2026\AOCR1\AOCR\CapaDatos\Infrastructure\BaseDAO.cs:línea 68
   en CapaDatos.Services.EmailQueueService.<ObtenerSiguienteAsync>d__5.MoveNext() en C:\AOCR\AOCR\AOCR05-01-2026\AOCR1\AOCR\CapaDatos\Services\EmailQueueService.cs:línea 136
--- Fin del seguimiento de la pila de la ubicación anterior donde se produjo la excepción ---
   en System.Runtime.ExceptionServices.ExceptionDispatchInfo.Throw()
   en System.Runtime.CompilerServices.TaskAwaiter.HandleNonSuccessAndDebuggerNotification(Task task)
   en System.Runtime.CompilerServices.TaskAwaiter`1.GetResult()
   en CapaDatos.Services.EmailQueueProcessor.<ProcessQueueAsync>d__10.MoveNext() en C:\AOCR\AOCR\AOCR05-01-2026\AOCR1\AOCR\CapaDatos\Services\EmailQueueService.cs:línea 332
2026-01-31 23:20:39.926 | ERROR | CID:N/A | ERR:EMAIL_QUEUE_ERROR | Error de configuración de base de datos.
    Exception: DataAccessException
    StackTrace:    en CapaDatos.Infrastructure.BaseDAO.ExecuteWithConnection[T](Func`2 action) en C:\AOCR\AOCR\AOCR05-01-2026\AOCR1\AOCR\CapaDatos\Infrastructure\BaseDAO.cs:línea 68
   en CapaDatos.Services.EmailQueueService.<ObtenerSiguienteAsync>d__5.MoveNext() en C:\AOCR\AOCR\AOCR05-01-2026\AOCR1\AOCR\CapaDatos\Services\EmailQueueService.cs:línea 136
--- Fin del seguimiento de la pila de la ubicación anterior donde se produjo la excepción ---
   en System.Runtime.ExceptionServices.ExceptionDispatchInfo.Throw()
   en System.Runtime.CompilerServices.TaskAwaiter.HandleNonSuccessAndDebuggerNotification(Task task)
   en System.Runtime.CompilerServices.TaskAwaiter`1.GetResult()
   en CapaDatos.Services.EmailQueueProcessor.<ProcessQueueAsync>d__10.MoveNext() en C:\AOCR\AOCR\AOCR05-01-2026\AOCR1\AOCR\CapaDatos\Services\EmailQueueService.cs:línea 332
2026-01-31 23:21:09.965 | ERROR | CID:N/A | ERR:EMAIL_QUEUE_ERROR | Error de configuración de base de datos.
    Exception: DataAccessException
    StackTrace:    en CapaDatos.Infrastructure.BaseDAO.ExecuteWithConnection[T](Func`2 action) en C:\AOCR\AOCR\AOCR05-01-2026\AOCR1\AOCR\CapaDatos\Infrastructure\BaseDAO.cs:línea 68
   en CapaDatos.Services.EmailQueueService.<ObtenerSiguienteAsync>d__5.MoveNext() en C:\AOCR\AOCR\AOCR05-01-2026\AOCR1\AOCR\CapaDatos\Services\EmailQueueService.cs:línea 136
--- Fin del seguimiento de la pila de la ubicación anterior donde se produjo la excepción ---
   en System.Runtime.ExceptionServices.ExceptionDispatchInfo.Throw()
   en System.Runtime.CompilerServices.TaskAwaiter.HandleNonSuccessAndDebuggerNotification(Task task)
   en System.Runtime.CompilerServices.TaskAwaiter`1.GetResult()
   en CapaDatos.Services.EmailQueueProcessor.<ProcessQueueAsync>d__10.MoveNext() en C:\AOCR\AOCR\AOCR05-01-2026\AOCR1\AOCR\CapaDatos\Services\EmailQueueService.cs:línea 332
2026-01-31 23:21:40.021 | ERROR | CID:N/A | ERR:EMAIL_QUEUE_ERROR | Error de configuración de base de datos.
    Exception: DataAccessException
    StackTrace:    en CapaDatos.Infrastructure.BaseDAO.ExecuteWithConnection[T](Func`2 action) en C:\AOCR\AOCR\AOCR05-01-2026\AOCR1\AOCR\CapaDatos\Infrastructure\BaseDAO.cs:línea 68
   en CapaDatos.Services.EmailQueueService.<ObtenerSiguienteAsync>d__5.MoveNext() en C:\AOCR\AOCR\AOCR05-01-2026\AOCR1\AOCR\CapaDatos\Services\EmailQueueService.cs:línea 136
--- Fin del seguimiento de la pila de la ubicación anterior donde se produjo la excepción ---
   en System.Runtime.ExceptionServices.ExceptionDispatchInfo.Throw()
   en System.Runtime.CompilerServices.TaskAwaiter.HandleNonSuccessAndDebuggerNotification(Task task)
   en System.Runtime.CompilerServices.TaskAwaiter`1.GetResult()
   en CapaDatos.Services.EmailQueueProcessor.<ProcessQueueAsync>d__10.MoveNext() en C:\AOCR\AOCR\AOCR05-01-2026\AOCR1\AOCR\CapaDatos\Services\EmailQueueService.cs:línea 332
2026-01-31 23:22:10.074 | ERROR | CID:N/A | ERR:EMAIL_QUEUE_ERROR | Error de configuración de base de datos.
    Exception: DataAccessException
    StackTrace:    en CapaDatos.Infrastructure.BaseDAO.ExecuteWithConnection[T](Func`2 action) en C:\AOCR\AOCR\AOCR05-01-2026\AOCR1\AOCR\CapaDatos\Infrastructure\BaseDAO.cs:línea 68
   en CapaDatos.Services.EmailQueueService.<ObtenerSiguienteAsync>d__5.MoveNext() en C:\AOCR\AOCR\AOCR05-01-2026\AOCR1\AOCR\CapaDatos\Services\EmailQueueService.cs:línea 136
--- Fin del seguimiento de la pila de la ubicación anterior donde se produjo la excepción ---
   en System.Runtime.ExceptionServices.ExceptionDispatchInfo.Throw()
   en System.Runtime.CompilerServices.TaskAwaiter.HandleNonSuccessAndDebuggerNotification(Task task)
   en System.Runtime.CompilerServices.TaskAwaiter`1.GetResult()
   en CapaDatos.Services.EmailQueueProcessor.<ProcessQueueAsync>d__10.MoveNext() en C:\AOCR\AOCR\AOCR05-01-2026\AOCR1\AOCR\CapaDatos\Services\EmailQueueService.cs:línea 332
2026-01-31 23:22:40.121 | ERROR | CID:N/A | ERR:EMAIL_QUEUE_ERROR | Error de configuración de base de datos.
    Exception: DataAccessException
    StackTrace:    en CapaDatos.Infrastructure.BaseDAO.ExecuteWithConnection[T](Func`2 action) en C:\AOCR\AOCR\AOCR05-01-2026\AOCR1\AOCR\CapaDatos\Infrastructure\BaseDAO.cs:línea 68
   en CapaDatos.Services.EmailQueueService.<ObtenerSiguienteAsync>d__5.MoveNext() en C:\AOCR\AOCR\AOCR05-01-2026\AOCR1\AOCR\CapaDatos\Services\EmailQueueService.cs:línea 136
--- Fin del seguimiento de la pila de la ubicación anterior donde se produjo la excepción ---
   en System.Runtime.ExceptionServices.ExceptionDispatchInfo.Throw()
   en System.Runtime.CompilerServices.TaskAwaiter.HandleNonSuccessAndDebuggerNotification(Task task)
   en System.Runtime.CompilerServices.TaskAwaiter`1.GetResult()
   en CapaDatos.Services.EmailQueueProcessor.<ProcessQueueAsync>d__10.MoveNext() en C:\AOCR\AOCR\AOCR05-01-2026\AOCR1\AOCR\CapaDatos\Services\EmailQueueService.cs:línea 332
2026-01-31 23:23:10.184 | ERROR | CID:N/A | ERR:EMAIL_QUEUE_ERROR | Error de configuración de base de datos.
    Exception: DataAccessException
    StackTrace:    en CapaDatos.Infrastructure.BaseDAO.ExecuteWithConnection[T](Func`2 action) en C:\AOCR\AOCR\AOCR05-01-2026\AOCR1\AOCR\CapaDatos\Infrastructure\BaseDAO.cs:línea 68
   en CapaDatos.Services.EmailQueueService.<ObtenerSiguienteAsync>d__5.MoveNext() en C:\AOCR\AOCR\AOCR05-01-2026\AOCR1\AOCR\CapaDatos\Services\EmailQueueService.cs:línea 136
--- Fin del seguimiento de la pila de la ubicación anterior donde se produjo la excepción ---
   en System.Runtime.ExceptionServices.ExceptionDispatchInfo.Throw()
   en System.Runtime.CompilerServices.TaskAwaiter.HandleNonSuccessAndDebuggerNotification(Task task)
   en System.Runtime.CompilerServices.TaskAwaiter`1.GetResult()
   en CapaDatos.Services.EmailQueueProcessor.<ProcessQueueAsync>d__10.MoveNext() en C:\AOCR\AOCR\AOCR05-01-2026\AOCR1\AOCR\CapaDatos\Services\EmailQueueService.cs:línea 332
2026-01-31 23:23:40.237 | ERROR | CID:N/A | ERR:EMAIL_QUEUE_ERROR | Error de configuración de base de datos.
    Exception: DataAccessException
    StackTrace:    en CapaDatos.Infrastructure.BaseDAO.ExecuteWithConnection[T](Func`2 action) en C:\AOCR\AOCR\AOCR05-01-2026\AOCR1\AOCR\CapaDatos\Infrastructure\BaseDAO.cs:línea 68
   en CapaDatos.Services.EmailQueueService.<ObtenerSiguienteAsync>d__5.MoveNext() en C:\AOCR\AOCR\AOCR05-01-2026\AOCR1\AOCR\CapaDatos\Services\EmailQueueService.cs:línea 136
--- Fin del seguimiento de la pila de la ubicación anterior donde se produjo la excepción ---
   en System.Runtime.ExceptionServices.ExceptionDispatchInfo.Throw()
   en System.Runtime.CompilerServices.TaskAwaiter.HandleNonSuccessAndDebuggerNotification(Task task)
   en System.Runtime.CompilerServices.TaskAwaiter`1.GetResult()
   en CapaDatos.Services.EmailQueueProcessor.<ProcessQueueAsync>d__10.MoveNext() en C:\AOCR\AOCR\AOCR05-01-2026\AOCR1\AOCR\CapaDatos\Services\EmailQueueService.cs:línea 332
2026-01-31 23:24:10.277 | ERROR | CID:N/A | ERR:EMAIL_QUEUE_ERROR | Error de configuración de base de datos.
    Exception: DataAccessException
    StackTrace:    en CapaDatos.Infrastructure.BaseDAO.ExecuteWithConnection[T](Func`2 action) en C:\AOCR\AOCR\AOCR05-01-2026\AOCR1\AOCR\CapaDatos\Infrastructure\BaseDAO.cs:línea 68
   en CapaDatos.Services.EmailQueueService.<ObtenerSiguienteAsync>d__5.MoveNext() en C:\AOCR\AOCR\AOCR05-01-2026\AOCR1\AOCR\CapaDatos\Services\EmailQueueService.cs:línea 136
--- Fin del seguimiento de la pila de la ubicación anterior donde se produjo la excepción ---
   en System.Runtime.ExceptionServices.ExceptionDispatchInfo.Throw()
   en System.Runtime.CompilerServices.TaskAwaiter.HandleNonSuccessAndDebuggerNotification(Task task)
   en System.Runtime.CompilerServices.TaskAwaiter`1.GetResult()
   en CapaDatos.Services.EmailQueueProcessor.<ProcessQueueAsync>d__10.MoveNext() en C:\AOCR\AOCR\AOCR05-01-2026\AOCR1\AOCR\CapaDatos\Services\EmailQueueService.cs:línea 332
2026-01-31 23:24:40.317 | ERROR | CID:N/A | ERR:EMAIL_QUEUE_ERROR | Error de configuración de base de datos.
    Exception: DataAccessException
    StackTrace:    en CapaDatos.Infrastructure.BaseDAO.ExecuteWithConnection[T](Func`2 action) en C:\AOCR\AOCR\AOCR05-01-2026\AOCR1\AOCR\CapaDatos\Infrastructure\BaseDAO.cs:línea 68
   en CapaDatos.Services.EmailQueueService.<ObtenerSiguienteAsync>d__5.MoveNext() en C:\AOCR\AOCR\AOCR05-01-2026\AOCR1\AOCR\CapaDatos\Services\EmailQueueService.cs:línea 136
--- Fin del seguimiento de la pila de la ubicación anterior donde se produjo la excepción ---
   en System.Runtime.ExceptionServices.ExceptionDispatchInfo.Throw()
   en System.Runtime.CompilerServices.TaskAwaiter.HandleNonSuccessAndDebuggerNotification(Task task)
   en System.Runtime.CompilerServices.TaskAwaiter`1.GetResult()
   en CapaDatos.Services.EmailQueueProcessor.<ProcessQueueAsync>d__10.MoveNext() en C:\AOCR\AOCR\AOCR05-01-2026\AOCR1\AOCR\CapaDatos\Services\EmailQueueService.cs:línea 332
2026-01-31 23:25:10.356 | ERROR | CID:N/A | ERR:EMAIL_QUEUE_ERROR | Error de configuración de base de datos.
    Exception: DataAccessException
    StackTrace:    en CapaDatos.Infrastructure.BaseDAO.ExecuteWithConnection[T](Func`2 action) en C:\AOCR\AOCR\AOCR05-01-2026\AOCR1\AOCR\CapaDatos\Infrastructure\BaseDAO.cs:línea 68
   en CapaDatos.Services.EmailQueueService.<ObtenerSiguienteAsync>d__5.MoveNext() en C:\AOCR\AOCR\AOCR05-01-2026\AOCR1\AOCR\CapaDatos\Services\EmailQueueService.cs:línea 136
--- Fin del seguimiento de la pila de la ubicación anterior donde se produjo la excepción ---
   en System.Runtime.ExceptionServices.ExceptionDispatchInfo.Throw()
   en System.Runtime.CompilerServices.TaskAwaiter.HandleNonSuccessAndDebuggerNotification(Task task)
   en System.Runtime.CompilerServices.TaskAwaiter`1.GetResult()
   en CapaDatos.Services.EmailQueueProcessor.<ProcessQueueAsync>d__10.MoveNext() en C:\AOCR\AOCR\AOCR05-01-2026\AOCR1\AOCR\CapaDatos\Services\EmailQueueService.cs:línea 332
2026-01-31 23:25:40.387 | ERROR | CID:N/A | ERR:EMAIL_QUEUE_ERROR | Error de configuración de base de datos.
    Exception: DataAccessException
    StackTrace:    en CapaDatos.Infrastructure.BaseDAO.ExecuteWithConnection[T](Func`2 action) en C:\AOCR\AOCR\AOCR05-01-2026\AOCR1\AOCR\CapaDatos\Infrastructure\BaseDAO.cs:línea 68
   en CapaDatos.Services.EmailQueueService.<ObtenerSiguienteAsync>d__5.MoveNext() en C:\AOCR\AOCR\AOCR05-01-2026\AOCR1\AOCR\CapaDatos\Services\EmailQueueService.cs:línea 136
--- Fin del seguimiento de la pila de la ubicación anterior donde se produjo la excepción ---
   en System.Runtime.ExceptionServices.ExceptionDispatchInfo.Throw()
   en System.Runtime.CompilerServices.TaskAwaiter.HandleNonSuccessAndDebuggerNotification(Task task)
   en System.Runtime.CompilerServices.TaskAwaiter`1.GetResult()
   en CapaDatos.Services.EmailQueueProcessor.<ProcessQueueAsync>d__10.MoveNext() en C:\AOCR\AOCR\AOCR05-01-2026\AOCR1\AOCR\CapaDatos\Services\EmailQueueService.cs:línea 332
2026-01-31 23:26:10.450 | ERROR | CID:N/A | ERR:EMAIL_QUEUE_ERROR | Error de configuración de base de datos.
    Exception: DataAccessException
    StackTrace:    en CapaDatos.Infrastructure.BaseDAO.ExecuteWithConnection[T](Func`2 action) en C:\AOCR\AOCR\AOCR05-01-2026\AOCR1\AOCR\CapaDatos\Infrastructure\BaseDAO.cs:línea 68
   en CapaDatos.Services.EmailQueueService.<ObtenerSiguienteAsync>d__5.MoveNext() en C:\AOCR\AOCR\AOCR05-01-2026\AOCR1\AOCR\CapaDatos\Services\EmailQueueService.cs:línea 136
--- Fin del seguimiento de la pila de la ubicación anterior donde se produjo la excepción ---
   en System.Runtime.ExceptionServices.ExceptionDispatchInfo.Throw()
   en System.Runtime.CompilerServices.TaskAwaiter.HandleNonSuccessAndDebuggerNotification(Task task)
   en System.Runtime.CompilerServices.TaskAwaiter`1.GetResult()
   en CapaDatos.Services.EmailQueueProcessor.<ProcessQueueAsync>d__10.MoveNext() en C:\AOCR\AOCR\AOCR05-01-2026\AOCR1\AOCR\CapaDatos\Services\EmailQueueService.cs:línea 332
2026-01-31 23:26:40.496 | ERROR | CID:N/A | ERR:EMAIL_QUEUE_ERROR | Error de configuración de base de datos.
    Exception: DataAccessException
    StackTrace:    en CapaDatos.Infrastructure.BaseDAO.ExecuteWithConnection[T](Func`2 action) en C:\AOCR\AOCR\AOCR05-01-2026\AOCR1\AOCR\CapaDatos\Infrastructure\BaseDAO.cs:línea 68
   en CapaDatos.Services.EmailQueueService.<ObtenerSiguienteAsync>d__5.MoveNext() en C:\AOCR\AOCR\AOCR05-01-2026\AOCR1\AOCR\CapaDatos\Services\EmailQueueService.cs:línea 136
--- Fin del seguimiento de la pila de la ubicación anterior donde se produjo la excepción ---
   en System.Runtime.ExceptionServices.ExceptionDispatchInfo.Throw()
   en System.Runtime.CompilerServices.TaskAwaiter.HandleNonSuccessAndDebuggerNotification(Task task)
   en System.Runtime.CompilerServices.TaskAwaiter`1.GetResult()
   en CapaDatos.Services.EmailQueueProcessor.<ProcessQueueAsync>d__10.MoveNext() en C:\AOCR\AOCR\AOCR05-01-2026\AOCR1\AOCR\CapaDatos\Services\EmailQueueService.cs:línea 332
2026-01-31 23:27:10.558 | ERROR | CID:N/A | ERR:EMAIL_QUEUE_ERROR | Error de configuración de base de datos.
    Exception: DataAccessException
    StackTrace:    en CapaDatos.Infrastructure.BaseDAO.ExecuteWithConnection[T](Func`2 action) en C:\AOCR\AOCR\AOCR05-01-2026\AOCR1\AOCR\CapaDatos\Infrastructure\BaseDAO.cs:línea 68
   en CapaDatos.Services.EmailQueueService.<ObtenerSiguienteAsync>d__5.MoveNext() en C:\AOCR\AOCR\AOCR05-01-2026\AOCR1\AOCR\CapaDatos\Services\EmailQueueService.cs:línea 136
--- Fin del seguimiento de la pila de la ubicación anterior donde se produjo la excepción ---
   en System.Runtime.ExceptionServices.ExceptionDispatchInfo.Throw()
   en System.Runtime.CompilerServices.TaskAwaiter.HandleNonSuccessAndDebuggerNotification(Task task)
   en System.Runtime.CompilerServices.TaskAwaiter`1.GetResult()
   en CapaDatos.Services.EmailQueueProcessor.<ProcessQueueAsync>d__10.MoveNext() en C:\AOCR\AOCR\AOCR05-01-2026\AOCR1\AOCR\CapaDatos\Services\EmailQueueService.cs:línea 332
2026-01-31 23:27:40.619 | ERROR | CID:N/A | ERR:EMAIL_QUEUE_ERROR | Error de configuración de base de datos.
    Exception: DataAccessException
    StackTrace:    en CapaDatos.Infrastructure.BaseDAO.ExecuteWithConnection[T](Func`2 action) en C:\AOCR\AOCR\AOCR05-01-2026\AOCR1\AOCR\CapaDatos\Infrastructure\BaseDAO.cs:línea 68
   en CapaDatos.Services.EmailQueueService.<ObtenerSiguienteAsync>d__5.MoveNext() en C:\AOCR\AOCR\AOCR05-01-2026\AOCR1\AOCR\CapaDatos\Services\EmailQueueService.cs:línea 136
--- Fin del seguimiento de la pila de la ubicación anterior donde se produjo la excepción ---
   en System.Runtime.ExceptionServices.ExceptionDispatchInfo.Throw()
   en System.Runtime.CompilerServices.TaskAwaiter.HandleNonSuccessAndDebuggerNotification(Task task)
   en System.Runtime.CompilerServices.TaskAwaiter`1.GetResult()
   en CapaDatos.Services.EmailQueueProcessor.<ProcessQueueAsync>d__10.MoveNext() en C:\AOCR\AOCR\AOCR05-01-2026\AOCR1\AOCR\CapaDatos\Services\EmailQueueService.cs:línea 332
2026-01-31 23:28:10.678 | ERROR | CID:N/A | ERR:EMAIL_QUEUE_ERROR | Error de configuración de base de datos.
    Exception: DataAccessException
    StackTrace:    en CapaDatos.Infrastructure.BaseDAO.ExecuteWithConnection[T](Func`2 action) en C:\AOCR\AOCR\AOCR05-01-2026\AOCR1\AOCR\CapaDatos\Infrastructure\BaseDAO.cs:línea 68
   en CapaDatos.Services.EmailQueueService.<ObtenerSiguienteAsync>d__5.MoveNext() en C:\AOCR\AOCR\AOCR05-01-2026\AOCR1\AOCR\CapaDatos\Services\EmailQueueService.cs:línea 136
--- Fin del seguimiento de la pila de la ubicación anterior donde se produjo la excepción ---
   en System.Runtime.ExceptionServices.ExceptionDispatchInfo.Throw()
   en System.Runtime.CompilerServices.TaskAwaiter.HandleNonSuccessAndDebuggerNotification(Task task)
   en System.Runtime.CompilerServices.TaskAwaiter`1.GetResult()
   en CapaDatos.Services.EmailQueueProcessor.<ProcessQueueAsync>d__10.MoveNext() en C:\AOCR\AOCR\AOCR05-01-2026\AOCR1\AOCR\CapaDatos\Services\EmailQueueService.cs:línea 332
2026-01-31 23:28:40.730 | ERROR | CID:N/A | ERR:EMAIL_QUEUE_ERROR | Error de configuración de base de datos.
    Exception: DataAccessException
    StackTrace:    en CapaDatos.Infrastructure.BaseDAO.ExecuteWithConnection[T](Func`2 action) en C:\AOCR\AOCR\AOCR05-01-2026\AOCR1\AOCR\CapaDatos\Infrastructure\BaseDAO.cs:línea 68
   en CapaDatos.Services.EmailQueueService.<ObtenerSiguienteAsync>d__5.MoveNext() en C:\AOCR\AOCR\AOCR05-01-2026\AOCR1\AOCR\CapaDatos\Services\EmailQueueService.cs:línea 136
--- Fin del seguimiento de la pila de la ubicación anterior donde se produjo la excepción ---
   en System.Runtime.ExceptionServices.ExceptionDispatchInfo.Throw()
   en System.Runtime.CompilerServices.TaskAwaiter.HandleNonSuccessAndDebuggerNotification(Task task)
   en System.Runtime.CompilerServices.TaskAwaiter`1.GetResult()
   en CapaDatos.Services.EmailQueueProcessor.<ProcessQueueAsync>d__10.MoveNext() en C:\AOCR\AOCR\AOCR05-01-2026\AOCR1\AOCR\CapaDatos\Services\EmailQueueService.cs:línea 332
2026-01-31 23:29:10.782 | ERROR | CID:N/A | ERR:EMAIL_QUEUE_ERROR | Error de configuración de base de datos.
    Exception: DataAccessException
    StackTrace:    en CapaDatos.Infrastructure.BaseDAO.ExecuteWithConnection[T](Func`2 action) en C:\AOCR\AOCR\AOCR05-01-2026\AOCR1\AOCR\CapaDatos\Infrastructure\BaseDAO.cs:línea 68
   en CapaDatos.Services.EmailQueueService.<ObtenerSiguienteAsync>d__5.MoveNext() en C:\AOCR\AOCR\AOCR05-01-2026\AOCR1\AOCR\CapaDatos\Services\EmailQueueService.cs:línea 136
--- Fin del seguimiento de la pila de la ubicación anterior donde se produjo la excepción ---
   en System.Runtime.ExceptionServices.ExceptionDispatchInfo.Throw()
   en System.Runtime.CompilerServices.TaskAwaiter.HandleNonSuccessAndDebuggerNotification(Task task)
   en System.Runtime.CompilerServices.TaskAwaiter`1.GetResult()
   en CapaDatos.Services.EmailQueueProcessor.<ProcessQueueAsync>d__10.MoveNext() en C:\AOCR\AOCR\AOCR05-01-2026\AOCR1\AOCR\CapaDatos\Services\EmailQueueService.cs:línea 332
2026-01-31 23:29:40.823 | ERROR | CID:N/A | ERR:EMAIL_QUEUE_ERROR | Error de configuración de base de datos.
    Exception: DataAccessException
    StackTrace:    en CapaDatos.Infrastructure.BaseDAO.ExecuteWithConnection[T](Func`2 action) en C:\AOCR\AOCR\AOCR05-01-2026\AOCR1\AOCR\CapaDatos\Infrastructure\BaseDAO.cs:línea 68
   en CapaDatos.Services.EmailQueueService.<ObtenerSiguienteAsync>d__5.MoveNext() en C:\AOCR\AOCR\AOCR05-01-2026\AOCR1\AOCR\CapaDatos\Services\EmailQueueService.cs:línea 136
--- Fin del seguimiento de la pila de la ubicación anterior donde se produjo la excepción ---
   en System.Runtime.ExceptionServices.ExceptionDispatchInfo.Throw()
   en System.Runtime.CompilerServices.TaskAwaiter.HandleNonSuccessAndDebuggerNotification(Task task)
   en System.Runtime.CompilerServices.TaskAwaiter`1.GetResult()
   en CapaDatos.Services.EmailQueueProcessor.<ProcessQueueAsync>d__10.MoveNext() en C:\AOCR\AOCR\AOCR05-01-2026\AOCR1\AOCR\CapaDatos\Services\EmailQueueService.cs:línea 332
2026-01-31 23:30:10.902 | ERROR | CID:N/A | ERR:EMAIL_QUEUE_ERROR | Error de configuración de base de datos.
    Exception: DataAccessException
    StackTrace:    en CapaDatos.Infrastructure.BaseDAO.ExecuteWithConnection[T](Func`2 action) en C:\AOCR\AOCR\AOCR05-01-2026\AOCR1\AOCR\CapaDatos\Infrastructure\BaseDAO.cs:línea 68
   en CapaDatos.Services.EmailQueueService.<ObtenerSiguienteAsync>d__5.MoveNext() en C:\AOCR\AOCR\AOCR05-01-2026\AOCR1\AOCR\CapaDatos\Services\EmailQueueService.cs:línea 136
--- Fin del seguimiento de la pila de la ubicación anterior donde se produjo la excepción ---
   en System.Runtime.ExceptionServices.ExceptionDispatchInfo.Throw()
   en System.Runtime.CompilerServices.TaskAwaiter.HandleNonSuccessAndDebuggerNotification(Task task)
   en System.Runtime.CompilerServices.TaskAwaiter`1.GetResult()
   en CapaDatos.Services.EmailQueueProcessor.<ProcessQueueAsync>d__10.MoveNext() en C:\AOCR\AOCR\AOCR05-01-2026\AOCR1\AOCR\CapaDatos\Services\EmailQueueService.cs:línea 332
2026-01-31 23:30:40.957 | ERROR | CID:N/A | ERR:EMAIL_QUEUE_ERROR | Error de configuración de base de datos.
    Exception: DataAccessException
    StackTrace:    en CapaDatos.Infrastructure.BaseDAO.ExecuteWithConnection[T](Func`2 action) en C:\AOCR\AOCR\AOCR05-01-2026\AOCR1\AOCR\CapaDatos\Infrastructure\BaseDAO.cs:línea 68
   en CapaDatos.Services.EmailQueueService.<ObtenerSiguienteAsync>d__5.MoveNext() en C:\AOCR\AOCR\AOCR05-01-2026\AOCR1\AOCR\CapaDatos\Services\EmailQueueService.cs:línea 136
--- Fin del seguimiento de la pila de la ubicación anterior donde se produjo la excepción ---
   en System.Runtime.ExceptionServices.ExceptionDispatchInfo.Throw()
   en System.Runtime.CompilerServices.TaskAwaiter.HandleNonSuccessAndDebuggerNotification(Task task)
   en System.Runtime.CompilerServices.TaskAwaiter`1.GetResult()
   en CapaDatos.Services.EmailQueueProcessor.<ProcessQueueAsync>d__10.MoveNext() en C:\AOCR\AOCR\AOCR05-01-2026\AOCR1\AOCR\CapaDatos\Services\EmailQueueService.cs:línea 332
2026-01-31 23:31:10.996 | ERROR | CID:N/A | ERR:EMAIL_QUEUE_ERROR | Error de configuración de base de datos.
    Exception: DataAccessException
    StackTrace:    en CapaDatos.Infrastructure.BaseDAO.ExecuteWithConnection[T](Func`2 action) en C:\AOCR\AOCR\AOCR05-01-2026\AOCR1\AOCR\CapaDatos\Infrastructure\BaseDAO.cs:línea 68
   en CapaDatos.Services.EmailQueueService.<ObtenerSiguienteAsync>d__5.MoveNext() en C:\AOCR\AOCR\AOCR05-01-2026\AOCR1\AOCR\CapaDatos\Services\EmailQueueService.cs:línea 136
--- Fin del seguimiento de la pila de la ubicación anterior donde se produjo la excepción ---
   en System.Runtime.ExceptionServices.ExceptionDispatchInfo.Throw()
   en System.Runtime.CompilerServices.TaskAwaiter.HandleNonSuccessAndDebuggerNotification(Task task)
   en System.Runtime.CompilerServices.TaskAwaiter`1.GetResult()
   en CapaDatos.Services.EmailQueueProcessor.<ProcessQueueAsync>d__10.MoveNext() en C:\AOCR\AOCR\AOCR05-01-2026\AOCR1\AOCR\CapaDatos\Services\EmailQueueService.cs:línea 332
2026-01-31 23:31:41.037 | ERROR | CID:N/A | ERR:EMAIL_QUEUE_ERROR | Error de configuración de base de datos.
    Exception: DataAccessException
    StackTrace:    en CapaDatos.Infrastructure.BaseDAO.ExecuteWithConnection[T](Func`2 action) en C:\AOCR\AOCR\AOCR05-01-2026\AOCR1\AOCR\CapaDatos\Infrastructure\BaseDAO.cs:línea 68
   en CapaDatos.Services.EmailQueueService.<ObtenerSiguienteAsync>d__5.MoveNext() en C:\AOCR\AOCR\AOCR05-01-2026\AOCR1\AOCR\CapaDatos\Services\EmailQueueService.cs:línea 136
--- Fin del seguimiento de la pila de la ubicación anterior donde se produjo la excepción ---
   en System.Runtime.ExceptionServices.ExceptionDispatchInfo.Throw()
   en System.Runtime.CompilerServices.TaskAwaiter.HandleNonSuccessAndDebuggerNotification(Task task)
   en System.Runtime.CompilerServices.TaskAwaiter`1.GetResult()
   en CapaDatos.Services.EmailQueueProcessor.<ProcessQueueAsync>d__10.MoveNext() en C:\AOCR\AOCR\AOCR05-01-2026\AOCR1\AOCR\CapaDatos\Services\EmailQueueService.cs:línea 332
2026-01-31 23:32:11.089 | ERROR | CID:N/A | ERR:EMAIL_QUEUE_ERROR | Error de configuración de base de datos.
    Exception: DataAccessException
    StackTrace:    en CapaDatos.Infrastructure.BaseDAO.ExecuteWithConnection[T](Func`2 action) en C:\AOCR\AOCR\AOCR05-01-2026\AOCR1\AOCR\CapaDatos\Infrastructure\BaseDAO.cs:línea 68
   en CapaDatos.Services.EmailQueueService.<ObtenerSiguienteAsync>d__5.MoveNext() en C:\AOCR\AOCR\AOCR05-01-2026\AOCR1\AOCR\CapaDatos\Services\EmailQueueService.cs:línea 136
--- Fin del seguimiento de la pila de la ubicación anterior donde se produjo la excepción ---
   en System.Runtime.ExceptionServices.ExceptionDispatchInfo.Throw()
   en System.Runtime.CompilerServices.TaskAwaiter.HandleNonSuccessAndDebuggerNotification(Task task)
   en System.Runtime.CompilerServices.TaskAwaiter`1.GetResult()
   en CapaDatos.Services.EmailQueueProcessor.<ProcessQueueAsync>d__10.MoveNext() en C:\AOCR\AOCR\AOCR05-01-2026\AOCR1\AOCR\CapaDatos\Services\EmailQueueService.cs:línea 332
2026-01-31 23:32:41.136 | ERROR | CID:N/A | ERR:EMAIL_QUEUE_ERROR | Error de configuración de base de datos.
    Exception: DataAccessException
    StackTrace:    en CapaDatos.Infrastructure.BaseDAO.ExecuteWithConnection[T](Func`2 action) en C:\AOCR\AOCR\AOCR05-01-2026\AOCR1\AOCR\CapaDatos\Infrastructure\BaseDAO.cs:línea 68
   en CapaDatos.Services.EmailQueueService.<ObtenerSiguienteAsync>d__5.MoveNext() en C:\AOCR\AOCR\AOCR05-01-2026\AOCR1\AOCR\CapaDatos\Services\EmailQueueService.cs:línea 136
--- Fin del seguimiento de la pila de la ubicación anterior donde se produjo la excepción ---
   en System.Runtime.ExceptionServices.ExceptionDispatchInfo.Throw()
   en System.Runtime.CompilerServices.TaskAwaiter.HandleNonSuccessAndDebuggerNotification(Task task)
   en System.Runtime.CompilerServices.TaskAwaiter`1.GetResult()
   en CapaDatos.Services.EmailQueueProcessor.<ProcessQueueAsync>d__10.MoveNext() en C:\AOCR\AOCR\AOCR05-01-2026\AOCR1\AOCR\CapaDatos\Services\EmailQueueService.cs:línea 332
2026-01-31 23:33:11.215 | ERROR | CID:N/A | ERR:EMAIL_QUEUE_ERROR | Error de configuración de base de datos.
    Exception: DataAccessException
    StackTrace:    en CapaDatos.Infrastructure.BaseDAO.ExecuteWithConnection[T](Func`2 action) en C:\AOCR\AOCR\AOCR05-01-2026\AOCR1\AOCR\CapaDatos\Infrastructure\BaseDAO.cs:línea 68
   en CapaDatos.Services.EmailQueueService.<ObtenerSiguienteAsync>d__5.MoveNext() en C:\AOCR\AOCR\AOCR05-01-2026\AOCR1\AOCR\CapaDatos\Services\EmailQueueService.cs:línea 136
--- Fin del seguimiento de la pila de la ubicación anterior donde se produjo la excepción ---
   en System.Runtime.ExceptionServices.ExceptionDispatchInfo.Throw()
   en System.Runtime.CompilerServices.TaskAwaiter.HandleNonSuccessAndDebuggerNotification(Task task)
   en System.Runtime.CompilerServices.TaskAwaiter`1.GetResult()
   en CapaDatos.Services.EmailQueueProcessor.<ProcessQueueAsync>d__10.MoveNext() en C:\AOCR\AOCR\AOCR05-01-2026\AOCR1\AOCR\CapaDatos\Services\EmailQueueService.cs:línea 332
2026-01-31 23:33:41.272 | ERROR | CID:N/A | ERR:EMAIL_QUEUE_ERROR | Error de configuración de base de datos.
    Exception: DataAccessException
    StackTrace:    en CapaDatos.Infrastructure.BaseDAO.ExecuteWithConnection[T](Func`2 action) en C:\AOCR\AOCR\AOCR05-01-2026\AOCR1\AOCR\CapaDatos\Infrastructure\BaseDAO.cs:línea 68
   en CapaDatos.Services.EmailQueueService.<ObtenerSiguienteAsync>d__5.MoveNext() en C:\AOCR\AOCR\AOCR05-01-2026\AOCR1\AOCR\CapaDatos\Services\EmailQueueService.cs:línea 136
--- Fin del seguimiento de la pila de la ubicación anterior donde se produjo la excepción ---
   en System.Runtime.ExceptionServices.ExceptionDispatchInfo.Throw()
   en System.Runtime.CompilerServices.TaskAwaiter.HandleNonSuccessAndDebuggerNotification(Task task)
   en System.Runtime.CompilerServices.TaskAwaiter`1.GetResult()
   en CapaDatos.Services.EmailQueueProcessor.<ProcessQueueAsync>d__10.MoveNext() en C:\AOCR\AOCR\AOCR05-01-2026\AOCR1\AOCR\CapaDatos\Services\EmailQueueService.cs:línea 332
2026-01-31 23:34:11.325 | ERROR | CID:N/A | ERR:EMAIL_QUEUE_ERROR | Error de configuración de base de datos.
    Exception: DataAccessException
    StackTrace:    en CapaDatos.Infrastructure.BaseDAO.ExecuteWithConnection[T](Func`2 action) en C:\AOCR\AOCR\AOCR05-01-2026\AOCR1\AOCR\CapaDatos\Infrastructure\BaseDAO.cs:línea 68
   en CapaDatos.Services.EmailQueueService.<ObtenerSiguienteAsync>d__5.MoveNext() en C:\AOCR\AOCR\AOCR05-01-2026\AOCR1\AOCR\CapaDatos\Services\EmailQueueService.cs:línea 136
--- Fin del seguimiento de la pila de la ubicación anterior donde se produjo la excepción ---
   en System.Runtime.ExceptionServices.ExceptionDispatchInfo.Throw()
   en System.Runtime.CompilerServices.TaskAwaiter.HandleNonSuccessAndDebuggerNotification(Task task)
   en System.Runtime.CompilerServices.TaskAwaiter`1.GetResult()
   en CapaDatos.Services.EmailQueueProcessor.<ProcessQueueAsync>d__10.MoveNext() en C:\AOCR\AOCR\AOCR05-01-2026\AOCR1\AOCR\CapaDatos\Services\EmailQueueService.cs:línea 332
2026-01-31 23:34:41.387 | ERROR | CID:N/A | ERR:EMAIL_QUEUE_ERROR | Error de configuración de base de datos.
    Exception: DataAccessException
    StackTrace:    en CapaDatos.Infrastructure.BaseDAO.ExecuteWithConnection[T](Func`2 action) en C:\AOCR\AOCR\AOCR05-01-2026\AOCR1\AOCR\CapaDatos\Infrastructure\BaseDAO.cs:línea 68
   en CapaDatos.Services.EmailQueueService.<ObtenerSiguienteAsync>d__5.MoveNext() en C:\AOCR\AOCR\AOCR05-01-2026\AOCR1\AOCR\CapaDatos\Services\EmailQueueService.cs:línea 136
--- Fin del seguimiento de la pila de la ubicación anterior donde se produjo la excepción ---
   en System.Runtime.ExceptionServices.ExceptionDispatchInfo.Throw()
   en System.Runtime.CompilerServices.TaskAwaiter.HandleNonSuccessAndDebuggerNotification(Task task)
   en System.Runtime.CompilerServices.TaskAwaiter`1.GetResult()
   en CapaDatos.Services.EmailQueueProcessor.<ProcessQueueAsync>d__10.MoveNext() en C:\AOCR\AOCR\AOCR05-01-2026\AOCR1\AOCR\CapaDatos\Services\EmailQueueService.cs:línea 332
2026-01-31 23:35:11.446 | ERROR | CID:N/A | ERR:EMAIL_QUEUE_ERROR | Error de configuración de base de datos.
    Exception: DataAccessException
    StackTrace:    en CapaDatos.Infrastructure.BaseDAO.ExecuteWithConnection[T](Func`2 action) en C:\AOCR\AOCR\AOCR05-01-2026\AOCR1\AOCR\CapaDatos\Infrastructure\BaseDAO.cs:línea 68
   en CapaDatos.Services.EmailQueueService.<ObtenerSiguienteAsync>d__5.MoveNext() en C:\AOCR\AOCR\AOCR05-01-2026\AOCR1\AOCR\CapaDatos\Services\EmailQueueService.cs:línea 136
--- Fin del seguimiento de la pila de la ubicación anterior donde se produjo la excepción ---
   en System.Runtime.ExceptionServices.ExceptionDispatchInfo.Throw()
   en System.Runtime.CompilerServices.TaskAwaiter.HandleNonSuccessAndDebuggerNotification(Task task)
   en System.Runtime.CompilerServices.TaskAwaiter`1.GetResult()
   en CapaDatos.Services.EmailQueueProcessor.<ProcessQueueAsync>d__10.MoveNext() en C:\AOCR\AOCR\AOCR05-01-2026\AOCR1\AOCR\CapaDatos\Services\EmailQueueService.cs:línea 332
2026-01-31 23:35:41.489 | ERROR | CID:N/A | ERR:EMAIL_QUEUE_ERROR | Error de configuración de base de datos.
    Exception: DataAccessException
    StackTrace:    en CapaDatos.Infrastructure.BaseDAO.ExecuteWithConnection[T](Func`2 action) en C:\AOCR\AOCR\AOCR05-01-2026\AOCR1\AOCR\CapaDatos\Infrastructure\BaseDAO.cs:línea 68
   en CapaDatos.Services.EmailQueueService.<ObtenerSiguienteAsync>d__5.MoveNext() en C:\AOCR\AOCR\AOCR05-01-2026\AOCR1\AOCR\CapaDatos\Services\EmailQueueService.cs:línea 136
--- Fin del seguimiento de la pila de la ubicación anterior donde se produjo la excepción ---
   en System.Runtime.ExceptionServices.ExceptionDispatchInfo.Throw()
   en System.Runtime.CompilerServices.TaskAwaiter.HandleNonSuccessAndDebuggerNotification(Task task)
   en System.Runtime.CompilerServices.TaskAwaiter`1.GetResult()
   en CapaDatos.Services.EmailQueueProcessor.<ProcessQueueAsync>d__10.MoveNext() en C:\AOCR\AOCR\AOCR05-01-2026\AOCR1\AOCR\CapaDatos\Services\EmailQueueService.cs:línea 332
2026-01-31 23:36:11.537 | ERROR | CID:N/A | ERR:EMAIL_QUEUE_ERROR | Error de configuración de base de datos.
    Exception: DataAccessException
    StackTrace:    en CapaDatos.Infrastructure.BaseDAO.ExecuteWithConnection[T](Func`2 action) en C:\AOCR\AOCR\AOCR05-01-2026\AOCR1\AOCR\CapaDatos\Infrastructure\BaseDAO.cs:línea 68
   en CapaDatos.Services.EmailQueueService.<ObtenerSiguienteAsync>d__5.MoveNext() en C:\AOCR\AOCR\AOCR05-01-2026\AOCR1\AOCR\CapaDatos\Services\EmailQueueService.cs:línea 136
--- Fin del seguimiento de la pila de la ubicación anterior donde se produjo la excepción ---
   en System.Runtime.ExceptionServices.ExceptionDispatchInfo.Throw()
   en System.Runtime.CompilerServices.TaskAwaiter.HandleNonSuccessAndDebuggerNotification(Task task)
   en System.Runtime.CompilerServices.TaskAwaiter`1.GetResult()
   en CapaDatos.Services.EmailQueueProcessor.<ProcessQueueAsync>d__10.MoveNext() en C:\AOCR\AOCR\AOCR05-01-2026\AOCR1\AOCR\CapaDatos\Services\EmailQueueService.cs:línea 332
2026-01-31 23:36:41.589 | ERROR | CID:N/A | ERR:EMAIL_QUEUE_ERROR | Error de configuración de base de datos.
    Exception: DataAccessException
    StackTrace:    en CapaDatos.Infrastructure.BaseDAO.ExecuteWithConnection[T](Func`2 action) en C:\AOCR\AOCR\AOCR05-01-2026\AOCR1\AOCR\CapaDatos\Infrastructure\BaseDAO.cs:línea 68
   en CapaDatos.Services.EmailQueueService.<ObtenerSiguienteAsync>d__5.MoveNext() en C:\AOCR\AOCR\AOCR05-01-2026\AOCR1\AOCR\CapaDatos\Services\EmailQueueService.cs:línea 136
--- Fin del seguimiento de la pila de la ubicación anterior donde se produjo la excepción ---
   en System.Runtime.ExceptionServices.ExceptionDispatchInfo.Throw()
   en System.Runtime.CompilerServices.TaskAwaiter.HandleNonSuccessAndDebuggerNotification(Task task)
   en System.Runtime.CompilerServices.TaskAwaiter`1.GetResult()
   en CapaDatos.Services.EmailQueueProcessor.<ProcessQueueAsync>d__10.MoveNext() en C:\AOCR\AOCR\AOCR05-01-2026\AOCR1\AOCR\CapaDatos\Services\EmailQueueService.cs:línea 332
2026-01-31 23:37:11.637 | ERROR | CID:N/A | ERR:EMAIL_QUEUE_ERROR | Error de configuración de base de datos.
    Exception: DataAccessException
    StackTrace:    en CapaDatos.Infrastructure.BaseDAO.ExecuteWithConnection[T](Func`2 action) en C:\AOCR\AOCR\AOCR05-01-2026\AOCR1\AOCR\CapaDatos\Infrastructure\BaseDAO.cs:línea 68
   en CapaDatos.Services.EmailQueueService.<ObtenerSiguienteAsync>d__5.MoveNext() en C:\AOCR\AOCR\AOCR05-01-2026\AOCR1\AOCR\CapaDatos\Services\EmailQueueService.cs:línea 136
--- Fin del seguimiento de la pila de la ubicación anterior donde se produjo la excepción ---
   en System.Runtime.ExceptionServices.ExceptionDispatchInfo.Throw()
   en System.Runtime.CompilerServices.TaskAwaiter.HandleNonSuccessAndDebuggerNotification(Task task)
   en System.Runtime.CompilerServices.TaskAwaiter`1.GetResult()
   en CapaDatos.Services.EmailQueueProcessor.<ProcessQueueAsync>d__10.MoveNext() en C:\AOCR\AOCR\AOCR05-01-2026\AOCR1\AOCR\CapaDatos\Services\EmailQueueService.cs:línea 332
2026-01-31 23:37:41.699 | ERROR | CID:N/A | ERR:EMAIL_QUEUE_ERROR | Error de configuración de base de datos.
    Exception: DataAccessException
    StackTrace:    en CapaDatos.Infrastructure.BaseDAO.ExecuteWithConnection[T](Func`2 action) en C:\AOCR\AOCR\AOCR05-01-2026\AOCR1\AOCR\CapaDatos\Infrastructure\BaseDAO.cs:línea 68
   en CapaDatos.Services.EmailQueueService.<ObtenerSiguienteAsync>d__5.MoveNext() en C:\AOCR\AOCR\AOCR05-01-2026\AOCR1\AOCR\CapaDatos\Services\EmailQueueService.cs:línea 136
--- Fin del seguimiento de la pila de la ubicación anterior donde se produjo la excepción ---
   en System.Runtime.ExceptionServices.ExceptionDispatchInfo.Throw()
   en System.Runtime.CompilerServices.TaskAwaiter.HandleNonSuccessAndDebuggerNotification(Task task)
   en System.Runtime.CompilerServices.TaskAwaiter`1.GetResult()
   en CapaDatos.Services.EmailQueueProcessor.<ProcessQueueAsync>d__10.MoveNext() en C:\AOCR\AOCR\AOCR05-01-2026\AOCR1\AOCR\CapaDatos\Services\EmailQueueService.cs:línea 332
2026-01-31 23:38:11.764 | ERROR | CID:N/A | ERR:EMAIL_QUEUE_ERROR | Error de configuración de base de datos.
    Exception: DataAccessException
    StackTrace:    en CapaDatos.Infrastructure.BaseDAO.ExecuteWithConnection[T](Func`2 action) en C:\AOCR\AOCR\AOCR05-01-2026\AOCR1\AOCR\CapaDatos\Infrastructure\BaseDAO.cs:línea 68
   en CapaDatos.Services.EmailQueueService.<ObtenerSiguienteAsync>d__5.MoveNext() en C:\AOCR\AOCR\AOCR05-01-2026\AOCR1\AOCR\CapaDatos\Services\EmailQueueService.cs:línea 136
--- Fin del seguimiento de la pila de la ubicación anterior donde se produjo la excepción ---
   en System.Runtime.ExceptionServices.ExceptionDispatchInfo.Throw()
   en System.Runtime.CompilerServices.TaskAwaiter.HandleNonSuccessAndDebuggerNotification(Task task)
   en System.Runtime.CompilerServices.TaskAwaiter`1.GetResult()
   en CapaDatos.Services.EmailQueueProcessor.<ProcessQueueAsync>d__10.MoveNext() en C:\AOCR\AOCR\AOCR05-01-2026\AOCR1\AOCR\CapaDatos\Services\EmailQueueService.cs:línea 332
2026-01-31 23:38:41.818 | ERROR | CID:N/A | ERR:EMAIL_QUEUE_ERROR | Error de configuración de base de datos.
    Exception: DataAccessException
    StackTrace:    en CapaDatos.Infrastructure.BaseDAO.ExecuteWithConnection[T](Func`2 action) en C:\AOCR\AOCR\AOCR05-01-2026\AOCR1\AOCR\CapaDatos\Infrastructure\BaseDAO.cs:línea 68
   en CapaDatos.Services.EmailQueueService.<ObtenerSiguienteAsync>d__5.MoveNext() en C:\AOCR\AOCR\AOCR05-01-2026\AOCR1\AOCR\CapaDatos\Services\EmailQueueService.cs:línea 136
--- Fin del seguimiento de la pila de la ubicación anterior donde se produjo la excepción ---
   en System.Runtime.ExceptionServices.ExceptionDispatchInfo.Throw()
   en System.Runtime.CompilerServices.TaskAwaiter.HandleNonSuccessAndDebuggerNotification(Task task)
   en System.Runtime.CompilerServices.TaskAwaiter`1.GetResult()
   en CapaDatos.Services.EmailQueueProcessor.<ProcessQueueAsync>d__10.MoveNext() en C:\AOCR\AOCR\AOCR05-01-2026\AOCR1\AOCR\CapaDatos\Services\EmailQueueService.cs:línea 332
2026-01-31 23:39:11.871 | ERROR | CID:N/A | ERR:EMAIL_QUEUE_ERROR | Error de configuración de base de datos.
    Exception: DataAccessException
    StackTrace:    en CapaDatos.Infrastructure.BaseDAO.ExecuteWithConnection[T](Func`2 action) en C:\AOCR\AOCR\AOCR05-01-2026\AOCR1\AOCR\CapaDatos\Infrastructure\BaseDAO.cs:línea 68
   en CapaDatos.Services.EmailQueueService.<ObtenerSiguienteAsync>d__5.MoveNext() en C:\AOCR\AOCR\AOCR05-01-2026\AOCR1\AOCR\CapaDatos\Services\EmailQueueService.cs:línea 136
--- Fin del seguimiento de la pila de la ubicación anterior donde se produjo la excepción ---
   en System.Runtime.ExceptionServices.ExceptionDispatchInfo.Throw()
   en System.Runtime.CompilerServices.TaskAwaiter.HandleNonSuccessAndDebuggerNotification(Task task)
   en System.Runtime.CompilerServices.TaskAwaiter`1.GetResult()
   en CapaDatos.Services.EmailQueueProcessor.<ProcessQueueAsync>d__10.MoveNext() en C:\AOCR\AOCR\AOCR05-01-2026\AOCR1\AOCR\CapaDatos\Services\EmailQueueService.cs:línea 332
2026-01-31 23:39:41.919 | ERROR | CID:N/A | ERR:EMAIL_QUEUE_ERROR | Error de configuración de base de datos.
    Exception: DataAccessException
    StackTrace:    en CapaDatos.Infrastructure.BaseDAO.ExecuteWithConnection[T](Func`2 action) en C:\AOCR\AOCR\AOCR05-01-2026\AOCR1\AOCR\CapaDatos\Infrastructure\BaseDAO.cs:línea 68
   en CapaDatos.Services.EmailQueueService.<ObtenerSiguienteAsync>d__5.MoveNext() en C:\AOCR\AOCR\AOCR05-01-2026\AOCR1\AOCR\CapaDatos\Services\EmailQueueService.cs:línea 136
--- Fin del seguimiento de la pila de la ubicación anterior donde se produjo la excepción ---
   en System.Runtime.ExceptionServices.ExceptionDispatchInfo.Throw()
   en System.Runtime.CompilerServices.TaskAwaiter.HandleNonSuccessAndDebuggerNotification(Task task)
   en System.Runtime.CompilerServices.TaskAwaiter`1.GetResult()
   en CapaDatos.Services.EmailQueueProcessor.<ProcessQueueAsync>d__10.MoveNext() en C:\AOCR\AOCR\AOCR05-01-2026\AOCR1\AOCR\CapaDatos\Services\EmailQueueService.cs:línea 332
2026-01-31 23:40:11.974 | ERROR | CID:N/A | ERR:EMAIL_QUEUE_ERROR | Error de configuración de base de datos.
    Exception: DataAccessException
    StackTrace:    en CapaDatos.Infrastructure.BaseDAO.ExecuteWithConnection[T](Func`2 action) en C:\AOCR\AOCR\AOCR05-01-2026\AOCR1\AOCR\CapaDatos\Infrastructure\BaseDAO.cs:línea 68
   en CapaDatos.Services.EmailQueueService.<ObtenerSiguienteAsync>d__5.MoveNext() en C:\AOCR\AOCR\AOCR05-01-2026\AOCR1\AOCR\CapaDatos\Services\EmailQueueService.cs:línea 136
--- Fin del seguimiento de la pila de la ubicación anterior donde se produjo la excepción ---
   en System.Runtime.ExceptionServices.ExceptionDispatchInfo.Throw()
   en System.Runtime.CompilerServices.TaskAwaiter.HandleNonSuccessAndDebuggerNotification(Task task)
   en System.Runtime.CompilerServices.TaskAwaiter`1.GetResult()
   en CapaDatos.Services.EmailQueueProcessor.<ProcessQueueAsync>d__10.MoveNext() en C:\AOCR\AOCR\AOCR05-01-2026\AOCR1\AOCR\CapaDatos\Services\EmailQueueService.cs:línea 332
2026-01-31 23:40:42.027 | ERROR | CID:N/A | ERR:EMAIL_QUEUE_ERROR | Error de configuración de base de datos.
    Exception: DataAccessException
    StackTrace:    en CapaDatos.Infrastructure.BaseDAO.ExecuteWithConnection[T](Func`2 action) en C:\AOCR\AOCR\AOCR05-01-2026\AOCR1\AOCR\CapaDatos\Infrastructure\BaseDAO.cs:línea 68
   en CapaDatos.Services.EmailQueueService.<ObtenerSiguienteAsync>d__5.MoveNext() en C:\AOCR\AOCR\AOCR05-01-2026\AOCR1\AOCR\CapaDatos\Services\EmailQueueService.cs:línea 136
--- Fin del seguimiento de la pila de la ubicación anterior donde se produjo la excepción ---
   en System.Runtime.ExceptionServices.ExceptionDispatchInfo.Throw()
   en System.Runtime.CompilerServices.TaskAwaiter.HandleNonSuccessAndDebuggerNotification(Task task)
   en System.Runtime.CompilerServices.TaskAwaiter`1.GetResult()
   en CapaDatos.Services.EmailQueueProcessor.<ProcessQueueAsync>d__10.MoveNext() en C:\AOCR\AOCR\AOCR05-01-2026\AOCR1\AOCR\CapaDatos\Services\EmailQueueService.cs:línea 332
2026-01-31 23:41:12.081 | ERROR | CID:N/A | ERR:EMAIL_QUEUE_ERROR | Error de configuración de base de datos.
    Exception: DataAccessException
    StackTrace:    en CapaDatos.Infrastructure.BaseDAO.ExecuteWithConnection[T](Func`2 action) en C:\AOCR\AOCR\AOCR05-01-2026\AOCR1\AOCR\CapaDatos\Infrastructure\BaseDAO.cs:línea 68
   en CapaDatos.Services.EmailQueueService.<ObtenerSiguienteAsync>d__5.MoveNext() en C:\AOCR\AOCR\AOCR05-01-2026\AOCR1\AOCR\CapaDatos\Services\EmailQueueService.cs:línea 136
--- Fin del seguimiento de la pila de la ubicación anterior donde se produjo la excepción ---
   en System.Runtime.ExceptionServices.ExceptionDispatchInfo.Throw()
   en System.Runtime.CompilerServices.TaskAwaiter.HandleNonSuccessAndDebuggerNotification(Task task)
   en System.Runtime.CompilerServices.TaskAwaiter`1.GetResult()
   en CapaDatos.Services.EmailQueueProcessor.<ProcessQueueAsync>d__10.MoveNext() en C:\AOCR\AOCR\AOCR05-01-2026\AOCR1\AOCR\CapaDatos\Services\EmailQueueService.cs:línea 332
2026-01-31 23:41:42.121 | ERROR | CID:N/A | ERR:EMAIL_QUEUE_ERROR | Error de configuración de base de datos.
    Exception: DataAccessException
    StackTrace:    en CapaDatos.Infrastructure.BaseDAO.ExecuteWithConnection[T](Func`2 action) en C:\AOCR\AOCR\AOCR05-01-2026\AOCR1\AOCR\CapaDatos\Infrastructure\BaseDAO.cs:línea 68
   en CapaDatos.Services.EmailQueueService.<ObtenerSiguienteAsync>d__5.MoveNext() en C:\AOCR\AOCR\AOCR05-01-2026\AOCR1\AOCR\CapaDatos\Services\EmailQueueService.cs:línea 136
--- Fin del seguimiento de la pila de la ubicación anterior donde se produjo la excepción ---
   en System.Runtime.ExceptionServices.ExceptionDispatchInfo.Throw()
   en System.Runtime.CompilerServices.TaskAwaiter.HandleNonSuccessAndDebuggerNotification(Task task)
   en System.Runtime.CompilerServices.TaskAwaiter`1.GetResult()
   en CapaDatos.Services.EmailQueueProcessor.<ProcessQueueAsync>d__10.MoveNext() en C:\AOCR\AOCR\AOCR05-01-2026\AOCR1\AOCR\CapaDatos\Services\EmailQueueService.cs:línea 332
2026-01-31 23:42:12.165 | ERROR | CID:N/A | ERR:EMAIL_QUEUE_ERROR | Error de configuración de base de datos.
    Exception: DataAccessException
    StackTrace:    en CapaDatos.Infrastructure.BaseDAO.ExecuteWithConnection[T](Func`2 action) en C:\AOCR\AOCR\AOCR05-01-2026\AOCR1\AOCR\CapaDatos\Infrastructure\BaseDAO.cs:línea 68
   en CapaDatos.Services.EmailQueueService.<ObtenerSiguienteAsync>d__5.MoveNext() en C:\AOCR\AOCR\AOCR05-01-2026\AOCR1\AOCR\CapaDatos\Services\EmailQueueService.cs:línea 136
--- Fin del seguimiento de la pila de la ubicación anterior donde se produjo la excepción ---
   en System.Runtime.ExceptionServices.ExceptionDispatchInfo.Throw()
   en System.Runtime.CompilerServices.TaskAwaiter.HandleNonSuccessAndDebuggerNotification(Task task)
   en System.Runtime.CompilerServices.TaskAwaiter`1.GetResult()
   en CapaDatos.Services.EmailQueueProcessor.<ProcessQueueAsync>d__10.MoveNext() en C:\AOCR\AOCR\AOCR05-01-2026\AOCR1\AOCR\CapaDatos\Services\EmailQueueService.cs:línea 332
2026-01-31 23:42:42.215 | ERROR | CID:N/A | ERR:EMAIL_QUEUE_ERROR | Error de configuración de base de datos.
    Exception: DataAccessException
    StackTrace:    en CapaDatos.Infrastructure.BaseDAO.ExecuteWithConnection[T](Func`2 action) en C:\AOCR\AOCR\AOCR05-01-2026\AOCR1\AOCR\CapaDatos\Infrastructure\BaseDAO.cs:línea 68
   en CapaDatos.Services.EmailQueueService.<ObtenerSiguienteAsync>d__5.MoveNext() en C:\AOCR\AOCR\AOCR05-01-2026\AOCR1\AOCR\CapaDatos\Services\EmailQueueService.cs:línea 136
--- Fin del seguimiento de la pila de la ubicación anterior donde se produjo la excepción ---
   en System.Runtime.ExceptionServices.ExceptionDispatchInfo.Throw()
   en System.Runtime.CompilerServices.TaskAwaiter.HandleNonSuccessAndDebuggerNotification(Task task)
   en System.Runtime.CompilerServices.TaskAwaiter`1.GetResult()
   en CapaDatos.Services.EmailQueueProcessor.<ProcessQueueAsync>d__10.MoveNext() en C:\AOCR\AOCR\AOCR05-01-2026\AOCR1\AOCR\CapaDatos\Services\EmailQueueService.cs:línea 332
2026-01-31 23:43:12.262 | ERROR | CID:N/A | ERR:EMAIL_QUEUE_ERROR | Error de configuración de base de datos.
    Exception: DataAccessException
    StackTrace:    en CapaDatos.Infrastructure.BaseDAO.ExecuteWithConnection[T](Func`2 action) en C:\AOCR\AOCR\AOCR05-01-2026\AOCR1\AOCR\CapaDatos\Infrastructure\BaseDAO.cs:línea 68
   en CapaDatos.Services.EmailQueueService.<ObtenerSiguienteAsync>d__5.MoveNext() en C:\AOCR\AOCR\AOCR05-01-2026\AOCR1\AOCR\CapaDatos\Services\EmailQueueService.cs:línea 136
--- Fin del seguimiento de la pila de la ubicación anterior donde se produjo la excepción ---
   en System.Runtime.ExceptionServices.ExceptionDispatchInfo.Throw()
   en System.Runtime.CompilerServices.TaskAwaiter.HandleNonSuccessAndDebuggerNotification(Task task)
   en System.Runtime.CompilerServices.TaskAwaiter`1.GetResult()
   en CapaDatos.Services.EmailQueueProcessor.<ProcessQueueAsync>d__10.MoveNext() en C:\AOCR\AOCR\AOCR05-01-2026\AOCR1\AOCR\CapaDatos\Services\EmailQueueService.cs:línea 332
2026-01-31 23:43:42.323 | ERROR | CID:N/A | ERR:EMAIL_QUEUE_ERROR | Error de configuración de base de datos.
    Exception: DataAccessException
    StackTrace:    en CapaDatos.Infrastructure.BaseDAO.ExecuteWithConnection[T](Func`2 action) en C:\AOCR\AOCR\AOCR05-01-2026\AOCR1\AOCR\CapaDatos\Infrastructure\BaseDAO.cs:línea 68
   en CapaDatos.Services.EmailQueueService.<ObtenerSiguienteAsync>d__5.MoveNext() en C:\AOCR\AOCR\AOCR05-01-2026\AOCR1\AOCR\CapaDatos\Services\EmailQueueService.cs:línea 136
--- Fin del seguimiento de la pila de la ubicación anterior donde se produjo la excepción ---
   en System.Runtime.ExceptionServices.ExceptionDispatchInfo.Throw()
   en System.Runtime.CompilerServices.TaskAwaiter.HandleNonSuccessAndDebuggerNotification(Task task)
   en System.Runtime.CompilerServices.TaskAwaiter`1.GetResult()
   en CapaDatos.Services.EmailQueueProcessor.<ProcessQueueAsync>d__10.MoveNext() en C:\AOCR\AOCR\AOCR05-01-2026\AOCR1\AOCR\CapaDatos\Services\EmailQueueService.cs:línea 332
2026-01-31 23:44:12.362 | ERROR | CID:N/A | ERR:EMAIL_QUEUE_ERROR | Error de configuración de base de datos.
    Exception: DataAccessException
    StackTrace:    en CapaDatos.Infrastructure.BaseDAO.ExecuteWithConnection[T](Func`2 action) en C:\AOCR\AOCR\AOCR05-01-2026\AOCR1\AOCR\CapaDatos\Infrastructure\BaseDAO.cs:línea 68
   en CapaDatos.Services.EmailQueueService.<ObtenerSiguienteAsync>d__5.MoveNext() en C:\AOCR\AOCR\AOCR05-01-2026\AOCR1\AOCR\CapaDatos\Services\EmailQueueService.cs:línea 136
--- Fin del seguimiento de la pila de la ubicación anterior donde se produjo la excepción ---
   en System.Runtime.ExceptionServices.ExceptionDispatchInfo.Throw()
   en System.Runtime.CompilerServices.TaskAwaiter.HandleNonSuccessAndDebuggerNotification(Task task)
   en System.Runtime.CompilerServices.TaskAwaiter`1.GetResult()
   en CapaDatos.Services.EmailQueueProcessor.<ProcessQueueAsync>d__10.MoveNext() en C:\AOCR\AOCR\AOCR05-01-2026\AOCR1\AOCR\CapaDatos\Services\EmailQueueService.cs:línea 332
2026-01-31 23:44:42.402 | ERROR | CID:N/A | ERR:EMAIL_QUEUE_ERROR | Error de configuración de base de datos.
    Exception: DataAccessException
    StackTrace:    en CapaDatos.Infrastructure.BaseDAO.ExecuteWithConnection[T](Func`2 action) en C:\AOCR\AOCR\AOCR05-01-2026\AOCR1\AOCR\CapaDatos\Infrastructure\BaseDAO.cs:línea 68
   en CapaDatos.Services.EmailQueueService.<ObtenerSiguienteAsync>d__5.MoveNext() en C:\AOCR\AOCR\AOCR05-01-2026\AOCR1\AOCR\CapaDatos\Services\EmailQueueService.cs:línea 136
--- Fin del seguimiento de la pila de la ubicación anterior donde se produjo la excepción ---
   en System.Runtime.ExceptionServices.ExceptionDispatchInfo.Throw()
   en System.Runtime.CompilerServices.TaskAwaiter.HandleNonSuccessAndDebuggerNotification(Task task)
   en System.Runtime.CompilerServices.TaskAwaiter`1.GetResult()
   en CapaDatos.Services.EmailQueueProcessor.<ProcessQueueAsync>d__10.MoveNext() en C:\AOCR\AOCR\AOCR05-01-2026\AOCR1\AOCR\CapaDatos\Services\EmailQueueService.cs:línea 332
2026-01-31 23:45:12.447 | ERROR | CID:N/A | ERR:EMAIL_QUEUE_ERROR | Error de configuración de base de datos.
    Exception: DataAccessException
    StackTrace:    en CapaDatos.Infrastructure.BaseDAO.ExecuteWithConnection[T](Func`2 action) en C:\AOCR\AOCR\AOCR05-01-2026\AOCR1\AOCR\CapaDatos\Infrastructure\BaseDAO.cs:línea 68
   en CapaDatos.Services.EmailQueueService.<ObtenerSiguienteAsync>d__5.MoveNext() en C:\AOCR\AOCR\AOCR05-01-2026\AOCR1\AOCR\CapaDatos\Services\EmailQueueService.cs:línea 136
--- Fin del seguimiento de la pila de la ubicación anterior donde se produjo la excepción ---
   en System.Runtime.ExceptionServices.ExceptionDispatchInfo.Throw()
   en System.Runtime.CompilerServices.TaskAwaiter.HandleNonSuccessAndDebuggerNotification(Task task)
   en System.Runtime.CompilerServices.TaskAwaiter`1.GetResult()
   en CapaDatos.Services.EmailQueueProcessor.<ProcessQueueAsync>d__10.MoveNext() en C:\AOCR\AOCR\AOCR05-01-2026\AOCR1\AOCR\CapaDatos\Services\EmailQueueService.cs:línea 332
2026-01-31 23:45:42.480 | ERROR | CID:N/A | ERR:EMAIL_QUEUE_ERROR | Error de configuración de base de datos.
    Exception: DataAccessException
    StackTrace:    en CapaDatos.Infrastructure.BaseDAO.ExecuteWithConnection[T](Func`2 action) en C:\AOCR\AOCR\AOCR05-01-2026\AOCR1\AOCR\CapaDatos\Infrastructure\BaseDAO.cs:línea 68
   en CapaDatos.Services.EmailQueueService.<ObtenerSiguienteAsync>d__5.MoveNext() en C:\AOCR\AOCR\AOCR05-01-2026\AOCR1\AOCR\CapaDatos\Services\EmailQueueService.cs:línea 136
--- Fin del seguimiento de la pila de la ubicación anterior donde se produjo la excepción ---
   en System.Runtime.ExceptionServices.ExceptionDispatchInfo.Throw()
   en System.Runtime.CompilerServices.TaskAwaiter.HandleNonSuccessAndDebuggerNotification(Task task)
   en System.Runtime.CompilerServices.TaskAwaiter`1.GetResult()
   en CapaDatos.Services.EmailQueueProcessor.<ProcessQueueAsync>d__10.MoveNext() en C:\AOCR\AOCR\AOCR05-01-2026\AOCR1\AOCR\CapaDatos\Services\EmailQueueService.cs:línea 332
2026-01-31 23:46:12.541 | ERROR | CID:N/A | ERR:EMAIL_QUEUE_ERROR | Error de configuración de base de datos.
    Exception: DataAccessException
    StackTrace:    en CapaDatos.Infrastructure.BaseDAO.ExecuteWithConnection[T](Func`2 action) en C:\AOCR\AOCR\AOCR05-01-2026\AOCR1\AOCR\CapaDatos\Infrastructure\BaseDAO.cs:línea 68
   en CapaDatos.Services.EmailQueueService.<ObtenerSiguienteAsync>d__5.MoveNext() en C:\AOCR\AOCR\AOCR05-01-2026\AOCR1\AOCR\CapaDatos\Services\EmailQueueService.cs:línea 136
--- Fin del seguimiento de la pila de la ubicación anterior donde se produjo la excepción ---
   en System.Runtime.ExceptionServices.ExceptionDispatchInfo.Throw()
   en System.Runtime.CompilerServices.TaskAwaiter.HandleNonSuccessAndDebuggerNotification(Task task)
   en System.Runtime.CompilerServices.TaskAwaiter`1.GetResult()
   en CapaDatos.Services.EmailQueueProcessor.<ProcessQueueAsync>d__10.MoveNext() en C:\AOCR\AOCR\AOCR05-01-2026\AOCR1\AOCR\CapaDatos\Services\EmailQueueService.cs:línea 332
2026-01-31 23:46:42.599 | ERROR | CID:N/A | ERR:EMAIL_QUEUE_ERROR | Error de configuración de base de datos.
    Exception: DataAccessException
    StackTrace:    en CapaDatos.Infrastructure.BaseDAO.ExecuteWithConnection[T](Func`2 action) en C:\AOCR\AOCR\AOCR05-01-2026\AOCR1\AOCR\CapaDatos\Infrastructure\BaseDAO.cs:línea 68
   en CapaDatos.Services.EmailQueueService.<ObtenerSiguienteAsync>d__5.MoveNext() en C:\AOCR\AOCR\AOCR05-01-2026\AOCR1\AOCR\CapaDatos\Services\EmailQueueService.cs:línea 136
--- Fin del seguimiento de la pila de la ubicación anterior donde se produjo la excepción ---
   en System.Runtime.ExceptionServices.ExceptionDispatchInfo.Throw()
   en System.Runtime.CompilerServices.TaskAwaiter.HandleNonSuccessAndDebuggerNotification(Task task)
   en System.Runtime.CompilerServices.TaskAwaiter`1.GetResult()
   en CapaDatos.Services.EmailQueueProcessor.<ProcessQueueAsync>d__10.MoveNext() en C:\AOCR\AOCR\AOCR05-01-2026\AOCR1\AOCR\CapaDatos\Services\EmailQueueService.cs:línea 332
2026-01-31 23:47:12.656 | ERROR | CID:N/A | ERR:EMAIL_QUEUE_ERROR | Error de configuración de base de datos.
    Exception: DataAccessException
    StackTrace:    en CapaDatos.Infrastructure.BaseDAO.ExecuteWithConnection[T](Func`2 action) en C:\AOCR\AOCR\AOCR05-01-2026\AOCR1\AOCR\CapaDatos\Infrastructure\BaseDAO.cs:línea 68
   en CapaDatos.Services.EmailQueueService.<ObtenerSiguienteAsync>d__5.MoveNext() en C:\AOCR\AOCR\AOCR05-01-2026\AOCR1\AOCR\CapaDatos\Services\EmailQueueService.cs:línea 136
--- Fin del seguimiento de la pila de la ubicación anterior donde se produjo la excepción ---
   en System.Runtime.ExceptionServices.ExceptionDispatchInfo.Throw()
   en System.Runtime.CompilerServices.TaskAwaiter.HandleNonSuccessAndDebuggerNotification(Task task)
   en System.Runtime.CompilerServices.TaskAwaiter`1.GetResult()
   en CapaDatos.Services.EmailQueueProcessor.<ProcessQueueAsync>d__10.MoveNext() en C:\AOCR\AOCR\AOCR05-01-2026\AOCR1\AOCR\CapaDatos\Services\EmailQueueService.cs:línea 332
2026-01-31 23:47:42.707 | ERROR | CID:N/A | ERR:EMAIL_QUEUE_ERROR | Error de configuración de base de datos.
    Exception: DataAccessException
    StackTrace:    en CapaDatos.Infrastructure.BaseDAO.ExecuteWithConnection[T](Func`2 action) en C:\AOCR\AOCR\AOCR05-01-2026\AOCR1\AOCR\CapaDatos\Infrastructure\BaseDAO.cs:línea 68
   en CapaDatos.Services.EmailQueueService.<ObtenerSiguienteAsync>d__5.MoveNext() en C:\AOCR\AOCR\AOCR05-01-2026\AOCR1\AOCR\CapaDatos\Services\EmailQueueService.cs:línea 136
--- Fin del seguimiento de la pila de la ubicación anterior donde se produjo la excepción ---
   en System.Runtime.ExceptionServices.ExceptionDispatchInfo.Throw()
   en System.Runtime.CompilerServices.TaskAwaiter.HandleNonSuccessAndDebuggerNotification(Task task)
   en System.Runtime.CompilerServices.TaskAwaiter`1.GetResult()
   en CapaDatos.Services.EmailQueueProcessor.<ProcessQueueAsync>d__10.MoveNext() en C:\AOCR\AOCR\AOCR05-01-2026\AOCR1\AOCR\CapaDatos\Services\EmailQueueService.cs:línea 332
2026-01-31 23:48:12.751 | ERROR | CID:N/A | ERR:EMAIL_QUEUE_ERROR | Error de configuración de base de datos.
    Exception: DataAccessException
    StackTrace:    en CapaDatos.Infrastructure.BaseDAO.ExecuteWithConnection[T](Func`2 action) en C:\AOCR\AOCR\AOCR05-01-2026\AOCR1\AOCR\CapaDatos\Infrastructure\BaseDAO.cs:línea 68
   en CapaDatos.Services.EmailQueueService.<ObtenerSiguienteAsync>d__5.MoveNext() en C:\AOCR\AOCR\AOCR05-01-2026\AOCR1\AOCR\CapaDatos\Services\EmailQueueService.cs:línea 136
--- Fin del seguimiento de la pila de la ubicación anterior donde se produjo la excepción ---
   en System.Runtime.ExceptionServices.ExceptionDispatchInfo.Throw()
   en System.Runtime.CompilerServices.TaskAwaiter.HandleNonSuccessAndDebuggerNotification(Task task)
   en System.Runtime.CompilerServices.TaskAwaiter`1.GetResult()
   en CapaDatos.Services.EmailQueueProcessor.<ProcessQueueAsync>d__10.MoveNext() en C:\AOCR\AOCR\AOCR05-01-2026\AOCR1\AOCR\CapaDatos\Services\EmailQueueService.cs:línea 332
2026-01-31 23:48:42.808 | ERROR | CID:N/A | ERR:EMAIL_QUEUE_ERROR | Error de configuración de base de datos.
    Exception: DataAccessException
    StackTrace:    en CapaDatos.Infrastructure.BaseDAO.ExecuteWithConnection[T](Func`2 action) en C:\AOCR\AOCR\AOCR05-01-2026\AOCR1\AOCR\CapaDatos\Infrastructure\BaseDAO.cs:línea 68
   en CapaDatos.Services.EmailQueueService.<ObtenerSiguienteAsync>d__5.MoveNext() en C:\AOCR\AOCR\AOCR05-01-2026\AOCR1\AOCR\CapaDatos\Services\EmailQueueService.cs:línea 136
--- Fin del seguimiento de la pila de la ubicación anterior donde se produjo la excepción ---
   en System.Runtime.ExceptionServices.ExceptionDispatchInfo.Throw()
   en System.Runtime.CompilerServices.TaskAwaiter.HandleNonSuccessAndDebuggerNotification(Task task)
   en System.Runtime.CompilerServices.TaskAwaiter`1.GetResult()
   en CapaDatos.Services.EmailQueueProcessor.<ProcessQueueAsync>d__10.MoveNext() en C:\AOCR\AOCR\AOCR05-01-2026\AOCR1\AOCR\CapaDatos\Services\EmailQueueService.cs:línea 332
2026-01-31 23:49:12.863 | ERROR | CID:N/A | ERR:EMAIL_QUEUE_ERROR | Error de configuración de base de datos.
    Exception: DataAccessException
    StackTrace:    en CapaDatos.Infrastructure.BaseDAO.ExecuteWithConnection[T](Func`2 action) en C:\AOCR\AOCR\AOCR05-01-2026\AOCR1\AOCR\CapaDatos\Infrastructure\BaseDAO.cs:línea 68
   en CapaDatos.Services.EmailQueueService.<ObtenerSiguienteAsync>d__5.MoveNext() en C:\AOCR\AOCR\AOCR05-01-2026\AOCR1\AOCR\CapaDatos\Services\EmailQueueService.cs:línea 136
--- Fin del seguimiento de la pila de la ubicación anterior donde se produjo la excepción ---
   en System.Runtime.ExceptionServices.ExceptionDispatchInfo.Throw()
   en System.Runtime.CompilerServices.TaskAwaiter.HandleNonSuccessAndDebuggerNotification(Task task)
   en System.Runtime.CompilerServices.TaskAwaiter`1.GetResult()
   en CapaDatos.Services.EmailQueueProcessor.<ProcessQueueAsync>d__10.MoveNext() en C:\AOCR\AOCR\AOCR05-01-2026\AOCR1\AOCR\CapaDatos\Services\EmailQueueService.cs:línea 332
2026-01-31 23:49:42.909 | ERROR | CID:N/A | ERR:EMAIL_QUEUE_ERROR | Error de configuración de base de datos.
    Exception: DataAccessException
    StackTrace:    en CapaDatos.Infrastructure.BaseDAO.ExecuteWithConnection[T](Func`2 action) en C:\AOCR\AOCR\AOCR05-01-2026\AOCR1\AOCR\CapaDatos\Infrastructure\BaseDAO.cs:línea 68
   en CapaDatos.Services.EmailQueueService.<ObtenerSiguienteAsync>d__5.MoveNext() en C:\AOCR\AOCR\AOCR05-01-2026\AOCR1\AOCR\CapaDatos\Services\EmailQueueService.cs:línea 136
--- Fin del seguimiento de la pila de la ubicación anterior donde se produjo la excepción ---
   en System.Runtime.ExceptionServices.ExceptionDispatchInfo.Throw()
   en System.Runtime.CompilerServices.TaskAwaiter.HandleNonSuccessAndDebuggerNotification(Task task)
   en System.Runtime.CompilerServices.TaskAwaiter`1.GetResult()
   en CapaDatos.Services.EmailQueueProcessor.<ProcessQueueAsync>d__10.MoveNext() en C:\AOCR\AOCR\AOCR05-01-2026\AOCR1\AOCR\CapaDatos\Services\EmailQueueService.cs:línea 332
2026-01-31 23:50:12.950 | ERROR | CID:N/A | ERR:EMAIL_QUEUE_ERROR | Error de configuración de base de datos.
    Exception: DataAccessException
    StackTrace:    en CapaDatos.Infrastructure.BaseDAO.ExecuteWithConnection[T](Func`2 action) en C:\AOCR\AOCR\AOCR05-01-2026\AOCR1\AOCR\CapaDatos\Infrastructure\BaseDAO.cs:línea 68
   en CapaDatos.Services.EmailQueueService.<ObtenerSiguienteAsync>d__5.MoveNext() en C:\AOCR\AOCR\AOCR05-01-2026\AOCR1\AOCR\CapaDatos\Services\EmailQueueService.cs:línea 136
--- Fin del seguimiento de la pila de la ubicación anterior donde se produjo la excepción ---
   en System.Runtime.ExceptionServices.ExceptionDispatchInfo.Throw()
   en System.Runtime.CompilerServices.TaskAwaiter.HandleNonSuccessAndDebuggerNotification(Task task)
   en System.Runtime.CompilerServices.TaskAwaiter`1.GetResult()
   en CapaDatos.Services.EmailQueueProcessor.<ProcessQueueAsync>d__10.MoveNext() en C:\AOCR\AOCR\AOCR05-01-2026\AOCR1\AOCR\CapaDatos\Services\EmailQueueService.cs:línea 332
2026-01-31 23:50:43.003 | ERROR | CID:N/A | ERR:EMAIL_QUEUE_ERROR | Error de configuración de base de datos.
    Exception: DataAccessException
    StackTrace:    en CapaDatos.Infrastructure.BaseDAO.ExecuteWithConnection[T](Func`2 action) en C:\AOCR\AOCR\AOCR05-01-2026\AOCR1\AOCR\CapaDatos\Infrastructure\BaseDAO.cs:línea 68
   en CapaDatos.Services.EmailQueueService.<ObtenerSiguienteAsync>d__5.MoveNext() en C:\AOCR\AOCR\AOCR05-01-2026\AOCR1\AOCR\CapaDatos\Services\EmailQueueService.cs:línea 136
--- Fin del seguimiento de la pila de la ubicación anterior donde se produjo la excepción ---
   en System.Runtime.ExceptionServices.ExceptionDispatchInfo.Throw()
   en System.Runtime.CompilerServices.TaskAwaiter.HandleNonSuccessAndDebuggerNotification(Task task)
   en System.Runtime.CompilerServices.TaskAwaiter`1.GetResult()
   en CapaDatos.Services.EmailQueueProcessor.<ProcessQueueAsync>d__10.MoveNext() en C:\AOCR\AOCR\AOCR05-01-2026\AOCR1\AOCR\CapaDatos\Services\EmailQueueService.cs:línea 332
2026-01-31 23:51:13.049 | ERROR | CID:N/A | ERR:EMAIL_QUEUE_ERROR | Error de configuración de base de datos.
    Exception: DataAccessException
    StackTrace:    en CapaDatos.Infrastructure.BaseDAO.ExecuteWithConnection[T](Func`2 action) en C:\AOCR\AOCR\AOCR05-01-2026\AOCR1\AOCR\CapaDatos\Infrastructure\BaseDAO.cs:línea 68
   en CapaDatos.Services.EmailQueueService.<ObtenerSiguienteAsync>d__5.MoveNext() en C:\AOCR\AOCR\AOCR05-01-2026\AOCR1\AOCR\CapaDatos\Services\EmailQueueService.cs:línea 136
--- Fin del seguimiento de la pila de la ubicación anterior donde se produjo la excepción ---
   en System.Runtime.ExceptionServices.ExceptionDispatchInfo.Throw()
   en System.Runtime.CompilerServices.TaskAwaiter.HandleNonSuccessAndDebuggerNotification(Task task)
   en System.Runtime.CompilerServices.TaskAwaiter`1.GetResult()
   en CapaDatos.Services.EmailQueueProcessor.<ProcessQueueAsync>d__10.MoveNext() en C:\AOCR\AOCR\AOCR05-01-2026\AOCR1\AOCR\CapaDatos\Services\EmailQueueService.cs:línea 332
2026-01-31 23:51:43.090 | ERROR | CID:N/A | ERR:EMAIL_QUEUE_ERROR | Error de configuración de base de datos.
    Exception: DataAccessException
    StackTrace:    en CapaDatos.Infrastructure.BaseDAO.ExecuteWithConnection[T](Func`2 action) en C:\AOCR\AOCR\AOCR05-01-2026\AOCR1\AOCR\CapaDatos\Infrastructure\BaseDAO.cs:línea 68
   en CapaDatos.Services.EmailQueueService.<ObtenerSiguienteAsync>d__5.MoveNext() en C:\AOCR\AOCR\AOCR05-01-2026\AOCR1\AOCR\CapaDatos\Services\EmailQueueService.cs:línea 136
--- Fin del seguimiento de la pila de la ubicación anterior donde se produjo la excepción ---
   en System.Runtime.ExceptionServices.ExceptionDispatchInfo.Throw()
   en System.Runtime.CompilerServices.TaskAwaiter.HandleNonSuccessAndDebuggerNotification(Task task)
   en System.Runtime.CompilerServices.TaskAwaiter`1.GetResult()
   en CapaDatos.Services.EmailQueueProcessor.<ProcessQueueAsync>d__10.MoveNext() en C:\AOCR\AOCR\AOCR05-01-2026\AOCR1\AOCR\CapaDatos\Services\EmailQueueService.cs:línea 332
2026-01-31 23:52:13.143 | ERROR | CID:N/A | ERR:EMAIL_QUEUE_ERROR | Error de configuración de base de datos.
    Exception: DataAccessException
    StackTrace:    en CapaDatos.Infrastructure.BaseDAO.ExecuteWithConnection[T](Func`2 action) en C:\AOCR\AOCR\AOCR05-01-2026\AOCR1\AOCR\CapaDatos\Infrastructure\BaseDAO.cs:línea 68
   en CapaDatos.Services.EmailQueueService.<ObtenerSiguienteAsync>d__5.MoveNext() en C:\AOCR\AOCR\AOCR05-01-2026\AOCR1\AOCR\CapaDatos\Services\EmailQueueService.cs:línea 136
--- Fin del seguimiento de la pila de la ubicación anterior donde se produjo la excepción ---
   en System.Runtime.ExceptionServices.ExceptionDispatchInfo.Throw()
   en System.Runtime.CompilerServices.TaskAwaiter.HandleNonSuccessAndDebuggerNotification(Task task)
   en System.Runtime.CompilerServices.TaskAwaiter`1.GetResult()
   en CapaDatos.Services.EmailQueueProcessor.<ProcessQueueAsync>d__10.MoveNext() en C:\AOCR\AOCR\AOCR05-01-2026\AOCR1\AOCR\CapaDatos\Services\EmailQueueService.cs:línea 332
2026-01-31 23:52:43.200 | ERROR | CID:N/A | ERR:EMAIL_QUEUE_ERROR | Error de configuración de base de datos.
    Exception: DataAccessException
    StackTrace:    en CapaDatos.Infrastructure.BaseDAO.ExecuteWithConnection[T](Func`2 action) en C:\AOCR\AOCR\AOCR05-01-2026\AOCR1\AOCR\CapaDatos\Infrastructure\BaseDAO.cs:línea 68
   en CapaDatos.Services.EmailQueueService.<ObtenerSiguienteAsync>d__5.MoveNext() en C:\AOCR\AOCR\AOCR05-01-2026\AOCR1\AOCR\CapaDatos\Services\EmailQueueService.cs:línea 136
--- Fin del seguimiento de la pila de la ubicación anterior donde se produjo la excepción ---
   en System.Runtime.ExceptionServices.ExceptionDispatchInfo.Throw()
   en System.Runtime.CompilerServices.TaskAwaiter.HandleNonSuccessAndDebuggerNotification(Task task)
   en System.Runtime.CompilerServices.TaskAwaiter`1.GetResult()
   en CapaDatos.Services.EmailQueueProcessor.<ProcessQueueAsync>d__10.MoveNext() en C:\AOCR\AOCR\AOCR05-01-2026\AOCR1\AOCR\CapaDatos\Services\EmailQueueService.cs:línea 332
2026-01-31 23:53:13.255 | ERROR | CID:N/A | ERR:EMAIL_QUEUE_ERROR | Error de configuración de base de datos.
    Exception: DataAccessException
    StackTrace:    en CapaDatos.Infrastructure.BaseDAO.ExecuteWithConnection[T](Func`2 action) en C:\AOCR\AOCR\AOCR05-01-2026\AOCR1\AOCR\CapaDatos\Infrastructure\BaseDAO.cs:línea 68
   en CapaDatos.Services.EmailQueueService.<ObtenerSiguienteAsync>d__5.MoveNext() en C:\AOCR\AOCR\AOCR05-01-2026\AOCR1\AOCR\CapaDatos\Services\EmailQueueService.cs:línea 136
--- Fin del seguimiento de la pila de la ubicación anterior donde se produjo la excepción ---
   en System.Runtime.ExceptionServices.ExceptionDispatchInfo.Throw()
   en System.Runtime.CompilerServices.TaskAwaiter.HandleNonSuccessAndDebuggerNotification(Task task)
   en System.Runtime.CompilerServices.TaskAwaiter`1.GetResult()
   en CapaDatos.Services.EmailQueueProcessor.<ProcessQueueAsync>d__10.MoveNext() en C:\AOCR\AOCR\AOCR05-01-2026\AOCR1\AOCR\CapaDatos\Services\EmailQueueService.cs:línea 332
2026-01-31 23:53:43.304 | ERROR | CID:N/A | ERR:EMAIL_QUEUE_ERROR | Error de configuración de base de datos.
    Exception: DataAccessException
    StackTrace:    en CapaDatos.Infrastructure.BaseDAO.ExecuteWithConnection[T](Func`2 action) en C:\AOCR\AOCR\AOCR05-01-2026\AOCR1\AOCR\CapaDatos\Infrastructure\BaseDAO.cs:línea 68
   en CapaDatos.Services.EmailQueueService.<ObtenerSiguienteAsync>d__5.MoveNext() en C:\AOCR\AOCR\AOCR05-01-2026\AOCR1\AOCR\CapaDatos\Services\EmailQueueService.cs:línea 136
--- Fin del seguimiento de la pila de la ubicación anterior donde se produjo la excepción ---
   en System.Runtime.ExceptionServices.ExceptionDispatchInfo.Throw()
   en System.Runtime.CompilerServices.TaskAwaiter.HandleNonSuccessAndDebuggerNotification(Task task)
   en System.Runtime.CompilerServices.TaskAwaiter`1.GetResult()
   en CapaDatos.Services.EmailQueueProcessor.<ProcessQueueAsync>d__10.MoveNext() en C:\AOCR\AOCR\AOCR05-01-2026\AOCR1\AOCR\CapaDatos\Services\EmailQueueService.cs:línea 332
2026-01-31 23:54:13.339 | ERROR | CID:N/A | ERR:EMAIL_QUEUE_ERROR | Error de configuración de base de datos.
    Exception: DataAccessException
    StackTrace:    en CapaDatos.Infrastructure.BaseDAO.ExecuteWithConnection[T](Func`2 action) en C:\AOCR\AOCR\AOCR05-01-2026\AOCR1\AOCR\CapaDatos\Infrastructure\BaseDAO.cs:línea 68
   en CapaDatos.Services.EmailQueueService.<ObtenerSiguienteAsync>d__5.MoveNext() en C:\AOCR\AOCR\AOCR05-01-2026\AOCR1\AOCR\CapaDatos\Services\EmailQueueService.cs:línea 136
--- Fin del seguimiento de la pila de la ubicación anterior donde se produjo la excepción ---
   en System.Runtime.ExceptionServices.ExceptionDispatchInfo.Throw()
   en System.Runtime.CompilerServices.TaskAwaiter.HandleNonSuccessAndDebuggerNotification(Task task)
   en System.Runtime.CompilerServices.TaskAwaiter`1.GetResult()
   en CapaDatos.Services.EmailQueueProcessor.<ProcessQueueAsync>d__10.MoveNext() en C:\AOCR\AOCR\AOCR05-01-2026\AOCR1\AOCR\CapaDatos\Services\EmailQueueService.cs:línea 332
2026-01-31 23:54:43.387 | ERROR | CID:N/A | ERR:EMAIL_QUEUE_ERROR | Error de configuración de base de datos.
    Exception: DataAccessException
    StackTrace:    en CapaDatos.Infrastructure.BaseDAO.ExecuteWithConnection[T](Func`2 action) en C:\AOCR\AOCR\AOCR05-01-2026\AOCR1\AOCR\CapaDatos\Infrastructure\BaseDAO.cs:línea 68
   en CapaDatos.Services.EmailQueueService.<ObtenerSiguienteAsync>d__5.MoveNext() en C:\AOCR\AOCR\AOCR05-01-2026\AOCR1\AOCR\CapaDatos\Services\EmailQueueService.cs:línea 136
--- Fin del seguimiento de la pila de la ubicación anterior donde se produjo la excepción ---
   en System.Runtime.ExceptionServices.ExceptionDispatchInfo.Throw()
   en System.Runtime.CompilerServices.TaskAwaiter.HandleNonSuccessAndDebuggerNotification(Task task)
   en System.Runtime.CompilerServices.TaskAwaiter`1.GetResult()
   en CapaDatos.Services.EmailQueueProcessor.<ProcessQueueAsync>d__10.MoveNext() en C:\AOCR\AOCR\AOCR05-01-2026\AOCR1\AOCR\CapaDatos\Services\EmailQueueService.cs:línea 332
2026-01-31 23:55:13.419 | ERROR | CID:N/A | ERR:EMAIL_QUEUE_ERROR | Error de configuración de base de datos.
    Exception: DataAccessException
    StackTrace:    en CapaDatos.Infrastructure.BaseDAO.ExecuteWithConnection[T](Func`2 action) en C:\AOCR\AOCR\AOCR05-01-2026\AOCR1\AOCR\CapaDatos\Infrastructure\BaseDAO.cs:línea 68
   en CapaDatos.Services.EmailQueueService.<ObtenerSiguienteAsync>d__5.MoveNext() en C:\AOCR\AOCR\AOCR05-01-2026\AOCR1\AOCR\CapaDatos\Services\EmailQueueService.cs:línea 136
--- Fin del seguimiento de la pila de la ubicación anterior donde se produjo la excepción ---
   en System.Runtime.ExceptionServices.ExceptionDispatchInfo.Throw()
   en System.Runtime.CompilerServices.TaskAwaiter.HandleNonSuccessAndDebuggerNotification(Task task)
   en System.Runtime.CompilerServices.TaskAwaiter`1.GetResult()
   en CapaDatos.Services.EmailQueueProcessor.<ProcessQueueAsync>d__10.MoveNext() en C:\AOCR\AOCR\AOCR05-01-2026\AOCR1\AOCR\CapaDatos\Services\EmailQueueService.cs:línea 332
2026-01-31 23:55:43.473 | ERROR | CID:N/A | ERR:EMAIL_QUEUE_ERROR | Error de configuración de base de datos.
    Exception: DataAccessException
    StackTrace:    en CapaDatos.Infrastructure.BaseDAO.ExecuteWithConnection[T](Func`2 action) en C:\AOCR\AOCR\AOCR05-01-2026\AOCR1\AOCR\CapaDatos\Infrastructure\BaseDAO.cs:línea 68
   en CapaDatos.Services.EmailQueueService.<ObtenerSiguienteAsync>d__5.MoveNext() en C:\AOCR\AOCR\AOCR05-01-2026\AOCR1\AOCR\CapaDatos\Services\EmailQueueService.cs:línea 136
--- Fin del seguimiento de la pila de la ubicación anterior donde se produjo la excepción ---
   en System.Runtime.ExceptionServices.ExceptionDispatchInfo.Throw()
   en System.Runtime.CompilerServices.TaskAwaiter.HandleNonSuccessAndDebuggerNotification(Task task)
   en System.Runtime.CompilerServices.TaskAwaiter`1.GetResult()
   en CapaDatos.Services.EmailQueueProcessor.<ProcessQueueAsync>d__10.MoveNext() en C:\AOCR\AOCR\AOCR05-01-2026\AOCR1\AOCR\CapaDatos\Services\EmailQueueService.cs:línea 332
2026-01-31 23:56:13.521 | ERROR | CID:N/A | ERR:EMAIL_QUEUE_ERROR | Error de configuración de base de datos.
    Exception: DataAccessException
    StackTrace:    en CapaDatos.Infrastructure.BaseDAO.ExecuteWithConnection[T](Func`2 action) en C:\AOCR\AOCR\AOCR05-01-2026\AOCR1\AOCR\CapaDatos\Infrastructure\BaseDAO.cs:línea 68
   en CapaDatos.Services.EmailQueueService.<ObtenerSiguienteAsync>d__5.MoveNext() en C:\AOCR\AOCR\AOCR05-01-2026\AOCR1\AOCR\CapaDatos\Services\EmailQueueService.cs:línea 136
--- Fin del seguimiento de la pila de la ubicación anterior donde se produjo la excepción ---
   en System.Runtime.ExceptionServices.ExceptionDispatchInfo.Throw()
   en System.Runtime.CompilerServices.TaskAwaiter.HandleNonSuccessAndDebuggerNotification(Task task)
   en System.Runtime.CompilerServices.TaskAwaiter`1.GetResult()
   en CapaDatos.Services.EmailQueueProcessor.<ProcessQueueAsync>d__10.MoveNext() en C:\AOCR\AOCR\AOCR05-01-2026\AOCR1\AOCR\CapaDatos\Services\EmailQueueService.cs:línea 332
2026-01-31 23:56:43.574 | ERROR | CID:N/A | ERR:EMAIL_QUEUE_ERROR | Error de configuración de base de datos.
    Exception: DataAccessException
    StackTrace:    en CapaDatos.Infrastructure.BaseDAO.ExecuteWithConnection[T](Func`2 action) en C:\AOCR\AOCR\AOCR05-01-2026\AOCR1\AOCR\CapaDatos\Infrastructure\BaseDAO.cs:línea 68
   en CapaDatos.Services.EmailQueueService.<ObtenerSiguienteAsync>d__5.MoveNext() en C:\AOCR\AOCR\AOCR05-01-2026\AOCR1\AOCR\CapaDatos\Services\EmailQueueService.cs:línea 136
--- Fin del seguimiento de la pila de la ubicación anterior donde se produjo la excepción ---
   en System.Runtime.ExceptionServices.ExceptionDispatchInfo.Throw()
   en System.Runtime.CompilerServices.TaskAwaiter.HandleNonSuccessAndDebuggerNotification(Task task)
   en System.Runtime.CompilerServices.TaskAwaiter`1.GetResult()
   en CapaDatos.Services.EmailQueueProcessor.<ProcessQueueAsync>d__10.MoveNext() en C:\AOCR\AOCR\AOCR05-01-2026\AOCR1\AOCR\CapaDatos\Services\EmailQueueService.cs:línea 332
2026-01-31 23:57:13.620 | ERROR | CID:N/A | ERR:EMAIL_QUEUE_ERROR | Error de configuración de base de datos.
    Exception: DataAccessException
    StackTrace:    en CapaDatos.Infrastructure.BaseDAO.ExecuteWithConnection[T](Func`2 action) en C:\AOCR\AOCR\AOCR05-01-2026\AOCR1\AOCR\CapaDatos\Infrastructure\BaseDAO.cs:línea 68
   en CapaDatos.Services.EmailQueueService.<ObtenerSiguienteAsync>d__5.MoveNext() en C:\AOCR\AOCR\AOCR05-01-2026\AOCR1\AOCR\CapaDatos\Services\EmailQueueService.cs:línea 136
--- Fin del seguimiento de la pila de la ubicación anterior donde se produjo la excepción ---
   en System.Runtime.ExceptionServices.ExceptionDispatchInfo.Throw()
   en System.Runtime.CompilerServices.TaskAwaiter.HandleNonSuccessAndDebuggerNotification(Task task)
   en System.Runtime.CompilerServices.TaskAwaiter`1.GetResult()
   en CapaDatos.Services.EmailQueueProcessor.<ProcessQueueAsync>d__10.MoveNext() en C:\AOCR\AOCR\AOCR05-01-2026\AOCR1\AOCR\CapaDatos\Services\EmailQueueService.cs:línea 332
2026-01-31 23:57:43.670 | ERROR | CID:N/A | ERR:EMAIL_QUEUE_ERROR | Error de configuración de base de datos.
    Exception: DataAccessException
    StackTrace:    en CapaDatos.Infrastructure.BaseDAO.ExecuteWithConnection[T](Func`2 action) en C:\AOCR\AOCR\AOCR05-01-2026\AOCR1\AOCR\CapaDatos\Infrastructure\BaseDAO.cs:línea 68
   en CapaDatos.Services.EmailQueueService.<ObtenerSiguienteAsync>d__5.MoveNext() en C:\AOCR\AOCR\AOCR05-01-2026\AOCR1\AOCR\CapaDatos\Services\EmailQueueService.cs:línea 136
--- Fin del seguimiento de la pila de la ubicación anterior donde se produjo la excepción ---
   en System.Runtime.ExceptionServices.ExceptionDispatchInfo.Throw()
   en System.Runtime.CompilerServices.TaskAwaiter.HandleNonSuccessAndDebuggerNotification(Task task)
   en System.Runtime.CompilerServices.TaskAwaiter`1.GetResult()
   en CapaDatos.Services.EmailQueueProcessor.<ProcessQueueAsync>d__10.MoveNext() en C:\AOCR\AOCR\AOCR05-01-2026\AOCR1\AOCR\CapaDatos\Services\EmailQueueService.cs:línea 332
2026-01-31 23:58:13.731 | ERROR | CID:N/A | ERR:EMAIL_QUEUE_ERROR | Error de configuración de base de datos.
    Exception: DataAccessException
    StackTrace:    en CapaDatos.Infrastructure.BaseDAO.ExecuteWithConnection[T](Func`2 action) en C:\AOCR\AOCR\AOCR05-01-2026\AOCR1\AOCR\CapaDatos\Infrastructure\BaseDAO.cs:línea 68
   en CapaDatos.Services.EmailQueueService.<ObtenerSiguienteAsync>d__5.MoveNext() en C:\AOCR\AOCR\AOCR05-01-2026\AOCR1\AOCR\CapaDatos\Services\EmailQueueService.cs:línea 136
--- Fin del seguimiento de la pila de la ubicación anterior donde se produjo la excepción ---
   en System.Runtime.ExceptionServices.ExceptionDispatchInfo.Throw()
   en System.Runtime.CompilerServices.TaskAwaiter.HandleNonSuccessAndDebuggerNotification(Task task)
   en System.Runtime.CompilerServices.TaskAwaiter`1.GetResult()
   en CapaDatos.Services.EmailQueueProcessor.<ProcessQueueAsync>d__10.MoveNext() en C:\AOCR\AOCR\AOCR05-01-2026\AOCR1\AOCR\CapaDatos\Services\EmailQueueService.cs:línea 332
2026-01-31 23:58:43.777 | ERROR | CID:N/A | ERR:EMAIL_QUEUE_ERROR | Error de configuración de base de datos.
    Exception: DataAccessException
    StackTrace:    en CapaDatos.Infrastructure.BaseDAO.ExecuteWithConnection[T](Func`2 action) en C:\AOCR\AOCR\AOCR05-01-2026\AOCR1\AOCR\CapaDatos\Infrastructure\BaseDAO.cs:línea 68
   en CapaDatos.Services.EmailQueueService.<ObtenerSiguienteAsync>d__5.MoveNext() en C:\AOCR\AOCR\AOCR05-01-2026\AOCR1\AOCR\CapaDatos\Services\EmailQueueService.cs:línea 136
--- Fin del seguimiento de la pila de la ubicación anterior donde se produjo la excepción ---
   en System.Runtime.ExceptionServices.ExceptionDispatchInfo.Throw()
   en System.Runtime.CompilerServices.TaskAwaiter.HandleNonSuccessAndDebuggerNotification(Task task)
   en System.Runtime.CompilerServices.TaskAwaiter`1.GetResult()
   en CapaDatos.Services.EmailQueueProcessor.<ProcessQueueAsync>d__10.MoveNext() en C:\AOCR\AOCR\AOCR05-01-2026\AOCR1\AOCR\CapaDatos\Services\EmailQueueService.cs:línea 332
2026-01-31 23:59:13.820 | ERROR | CID:N/A | ERR:EMAIL_QUEUE_ERROR | Error de configuración de base de datos.
    Exception: DataAccessException
    StackTrace:    en CapaDatos.Infrastructure.BaseDAO.ExecuteWithConnection[T](Func`2 action) en C:\AOCR\AOCR\AOCR05-01-2026\AOCR1\AOCR\CapaDatos\Infrastructure\BaseDAO.cs:línea 68
   en CapaDatos.Services.EmailQueueService.<ObtenerSiguienteAsync>d__5.MoveNext() en C:\AOCR\AOCR\AOCR05-01-2026\AOCR1\AOCR\CapaDatos\Services\EmailQueueService.cs:línea 136
--- Fin del seguimiento de la pila de la ubicación anterior donde se produjo la excepción ---
   en System.Runtime.ExceptionServices.ExceptionDispatchInfo.Throw()
   en System.Runtime.CompilerServices.TaskAwaiter.HandleNonSuccessAndDebuggerNotification(Task task)
   en System.Runtime.CompilerServices.TaskAwaiter`1.GetResult()
   en CapaDatos.Services.EmailQueueProcessor.<ProcessQueueAsync>d__10.MoveNext() en C:\AOCR\AOCR\AOCR05-01-2026\AOCR1\AOCR\CapaDatos\Services\EmailQueueService.cs:línea 332
2026-01-31 23:59:43.856 | ERROR | CID:N/A | ERR:EMAIL_QUEUE_ERROR | Error de configuración de base de datos.
    Exception: DataAccessException
    StackTrace:    en CapaDatos.Infrastructure.BaseDAO.ExecuteWithConnection[T](Func`2 action) en C:\AOCR\AOCR\AOCR05-01-2026\AOCR1\AOCR\CapaDatos\Infrastructure\BaseDAO.cs:línea 68
   en CapaDatos.Services.EmailQueueService.<ObtenerSiguienteAsync>d__5.MoveNext() en C:\AOCR\AOCR\AOCR05-01-2026\AOCR1\AOCR\CapaDatos\Services\EmailQueueService.cs:línea 136
--- Fin del seguimiento de la pila de la ubicación anterior donde se produjo la excepción ---
   en System.Runtime.ExceptionServices.ExceptionDispatchInfo.Throw()
   en System.Runtime.CompilerServices.TaskAwaiter.HandleNonSuccessAndDebuggerNotification(Task task)
   en System.Runtime.CompilerServices.TaskAwaiter`1.GetResult()
   en CapaDatos.Services.EmailQueueProcessor.<ProcessQueueAsync>d__10.MoveNext() en C:\AOCR\AOCR\AOCR05-01-2026\AOCR1\AOCR\CapaDatos\Services\EmailQueueService.cs:línea 332
