"Tipo","Archivo","Linea","Exception","CodigoErr"
"ERROR","AOCR_20260217.log","2026-02-17 11:39:03.916 | ERROR | CID:N/A | ERR:EMAIL_QUEUE_ERROR | Error de configuración de base de datos.","Exception: DataAccessException","EMAIL_QUEUE_ERROR"
"ERROR","AOCR_20260217.log","2026-02-17 11:39:33.988 | ERROR | CID:N/A | ERR:EMAIL_QUEUE_ERROR | Error de configuración de base de datos.","Exception: DataAccessException","EMAIL_QUEUE_ERROR"
"ERROR","AOCR_20260217.log","2026-02-17 11:40:04.041 | ERROR | CID:N/A | ERR:EMAIL_QUEUE_ERROR | Error de configuración de base de datos.","Exception: DataAccessException","EMAIL_QUEUE_ERROR"
"ERROR","AOCR_20260217.log","2026-02-17 11:40:34.080 | ERROR | CID:N/A | ERR:EMAIL_QUEUE_ERROR | Error de configuración de base de datos.","Exception: DataAccessException","EMAIL_QUEUE_ERROR"
"ERROR","AOCR_20260217.log","2026-02-17 11:41:04.125 | ERROR | CID:N/A | ERR:EMAIL_QUEUE_ERROR | Error de configuración de base de datos.","Exception: DataAccessException","EMAIL_QUEUE_ERROR"
"ERROR","AOCR_20260217.log","2026-02-17 11:41:34.192 | ERROR | CID:N/A | ERR:EMAIL_QUEUE_ERROR | Error de configuración de base de datos.","Exception: DataAccessException","EMAIL_QUEUE_ERROR"
"ERROR","AOCR_20260217.log","2026-02-17 11:42:04.253 | ERROR | CID:N/A | ERR:EMAIL_QUEUE_ERROR | Error de configuración de base de datos.","Exception: DataAccessException","EMAIL_QUEUE_ERROR"
"ERROR","AOCR_20260217.log","2026-02-17 11:42:34.301 | ERROR | CID:N/A | ERR:EMAIL_QUEUE_ERROR | Error de configuración de base de datos.","Exception: DataAccessException","EMAIL_QUEUE_ERROR"
"ERROR","AOCR_20260217.log","2026-02-17 11:43:04.362 | ERROR | CID:N/A | ERR:EMAIL_QUEUE_ERROR | Error de configuración de base de datos.","Exception: DataAccessException","EMAIL_QUEUE_ERROR"
"ERROR","AOCR_20260217.log","2026-02-17 11:43:34.417 | ERROR | CID:N/A | ERR:EMAIL_QUEUE_ERROR | Error de configuración de base de datos.","Exception: DataAccessException","EMAIL_QUEUE_ERROR"
"ERROR","AOCR_20260217.log","2026-02-17 11:44:04.470 | ERROR | CID:N/A | ERR:EMAIL_QUEUE_ERROR | Error de configuración de base de datos.","Exception: DataAccessException","EMAIL_QUEUE_ERROR"
"ERROR","AOCR_20260217.log","2026-02-17 11:44:34.527 | ERROR | CID:N/A | ERR:EMAIL_QUEUE_ERROR | Error de configuración de base de datos.","Exception: DataAccessException","EMAIL_QUEUE_ERROR"
"ERROR","AOCR_20260217.log","2026-02-17 11:45:04.582 | ERROR | CID:N/A | ERR:EMAIL_QUEUE_ERROR | Error de configuración de base de datos.","Exception: DataAccessException","EMAIL_QUEUE_ERROR"
"ERROR","AOCR_20260217.log","2026-02-17 11:45:34.651 | ERROR | CID:N/A | ERR:EMAIL_QUEUE_ERROR | Error de configuración de base de datos.","Exception: DataAccessException","EMAIL_QUEUE_ERROR"
"ERROR","AOCR_20260217.log","2026-02-17 11:46:04.707 | ERROR | CID:N/A | ERR:EMAIL_QUEUE_ERROR | Error de configuración de base de datos.","Exception: DataAccessException","EMAIL_QUEUE_ERROR"
"ERROR","AOCR_20260217.log","2026-02-17 11:46:34.765 | ERROR | CID:N/A | ERR:EMAIL_QUEUE_ERROR | Error de configuración de base de datos.","Exception: DataAccessException","EMAIL_QUEUE_ERROR"
"ERROR","AOCR_20260217.log","2026-02-17 11:47:04.815 | ERROR | CID:N/A | ERR:EMAIL_QUEUE_ERROR | Error de configuración de base de datos.","Exception: DataAccessException","EMAIL_QUEUE_ERROR"
"ERROR","AOCR_20260217.log","2026-02-17 11:47:34.891 | ERROR | CID:N/A | ERR:EMAIL_QUEUE_ERROR | Error de configuración de base de datos.","Exception: DataAccessException","EMAIL_QUEUE_ERROR"
"ERROR","AOCR_20260217.log","2026-02-17 11:48:04.933 | ERROR | CID:N/A | ERR:EMAIL_QUEUE_ERROR | Error de configuración de base de datos.","Exception: DataAccessException","EMAIL_QUEUE_ERROR"
"ERROR","AOCR_20260217.log","2026-02-17 11:48:34.985 | ERROR | CID:N/A | ERR:EMAIL_QUEUE_ERROR | Error de configuración de base de datos.","Exception: DataAccessException","EMAIL_QUEUE_ERROR"
"ERROR","AOCR_20260217.log","2026-02-17 11:49:05.038 | ERROR | CID:N/A | ERR:EMAIL_QUEUE_ERROR | Error de configuración de base de datos.","Exception: DataAccessException","EMAIL_QUEUE_ERROR"
"ERROR","AOCR_20260217.log","2026-02-17 11:49:35.094 | ERROR | CID:N/A | ERR:EMAIL_QUEUE_ERROR | Error de configuración de base de datos.","Exception: DataAccessException","EMAIL_QUEUE_ERROR"
"ERROR","AOCR_20260217.log","2026-02-17 11:50:05.155 | ERROR | CID:N/A | ERR:EMAIL_QUEUE_ERROR | Error de configuración de base de datos.","Exception: DataAccessException","EMAIL_QUEUE_ERROR"
"ERROR","AOCR_20260217.log","2026-02-17 11:50:35.230 | ERROR | CID:N/A | ERR:EMAIL_QUEUE_ERROR | Error de configuración de base de datos.","Exception: DataAccessException","EMAIL_QUEUE_ERROR"
"ERROR","AOCR_20260217.log","2026-02-17 11:51:05.286 | ERROR | CID:N/A | ERR:EMAIL_QUEUE_ERROR | Error de configuración de base de datos.","Exception: DataAccessException","EMAIL_QUEUE_ERROR"
"ERROR","AOCR_20260217.log","2026-02-17 11:51:35.336 | ERROR | CID:N/A | ERR:EMAIL_QUEUE_ERROR | Error de configuración de base de datos.","Exception: DataAccessException","EMAIL_QUEUE_ERROR"
"ERROR","AOCR_20260217.log","2026-02-17 11:52:05.404 | ERROR | CID:N/A | ERR:EMAIL_QUEUE_ERROR | Error de configuración de base de datos.","Exception: DataAccessException","EMAIL_QUEUE_ERROR"
"ERROR","AOCR_20260217.log","2026-02-17 11:52:35.464 | ERROR | CID:N/A | ERR:EMAIL_QUEUE_ERROR | Error de configuración de base de datos.","Exception: DataAccessException","EMAIL_QUEUE_ERROR"
"ERROR","AOCR_20260217.log","2026-02-17 11:53:05.533 | ERROR | CID:N/A | ERR:EMAIL_QUEUE_ERROR | Error de configuración de base de datos.","Exception: DataAccessException","EMAIL_QUEUE_ERROR"
"ERROR","AOCR_20260217.log","2026-02-17 11:53:35.593 | ERROR | CID:N/A | ERR:EMAIL_QUEUE_ERROR | Error de configuración de base de datos.","Exception: DataAccessException","EMAIL_QUEUE_ERROR"
"ERROR","AOCR_20260217.log","2026-02-17 11:54:05.654 | ERROR | CID:N/A | ERR:EMAIL_QUEUE_ERROR | Error de configuración de base de datos.","Exception: DataAccessException","EMAIL_QUEUE_ERROR"
"ERROR","AOCR_20260217.log","2026-02-17 11:54:35.698 | ERROR | CID:N/A | ERR:EMAIL_QUEUE_ERROR | Error de configuración de base de datos.","Exception: DataAccessException","EMAIL_QUEUE_ERROR"
"ERROR","AOCR_20260217.log","2026-02-17 11:55:05.754 | ERROR | CID:N/A | ERR:EMAIL_QUEUE_ERROR | Error de configuración de base de datos.","Exception: DataAccessException","EMAIL_QUEUE_ERROR"
"ERROR","AOCR_20260217.log","2026-02-17 11:55:35.804 | ERROR | CID:N/A | ERR:EMAIL_QUEUE_ERROR | Error de configuración de base de datos.","Exception: DataAccessException","EMAIL_QUEUE_ERROR"
"ERROR","AOCR_20260217.log","2026-02-17 11:56:05.861 | ERROR | CID:N/A | ERR:EMAIL_QUEUE_ERROR | Error de configuración de base de datos.","Exception: DataAccessException","EMAIL_QUEUE_ERROR"
"ERROR","AOCR_20260217.log","2026-02-17 11:56:35.920 | ERROR | CID:N/A | ERR:EMAIL_QUEUE_ERROR | Error de configuración de base de datos.","Exception: DataAccessException","EMAIL_QUEUE_ERROR"
"ERROR","AOCR_20260217.log","2026-02-17 11:57:05.975 | ERROR | CID:N/A | ERR:EMAIL_QUEUE_ERROR | Error de configuración de base de datos.","Exception: DataAccessException","EMAIL_QUEUE_ERROR"
"ERROR","AOCR_20260217.log","2026-02-17 11:57:36.041 | ERROR | CID:N/A | ERR:EMAIL_QUEUE_ERROR | Error de configuración de base de datos.","Exception: DataAccessException","EMAIL_QUEUE_ERROR"
"ERROR","AOCR_20260217.log","2026-02-17 11:58:06.083 | ERROR | CID:N/A | ERR:EMAIL_QUEUE_ERROR | Error de configuración de base de datos.","Exception: DataAccessException","EMAIL_QUEUE_ERROR"
"ERROR","AOCR_20260217.log","2026-02-17 11:58:36.131 | ERROR | CID:N/A | ERR:EMAIL_QUEUE_ERROR | Error de configuración de base de datos.","Exception: DataAccessException","EMAIL_QUEUE_ERROR"
"ERROR","AOCR_20260217.log","2026-02-17 11:59:06.193 | ERROR | CID:N/A | ERR:EMAIL_QUEUE_ERROR | Error de configuración de base de datos.","Exception: DataAccessException","EMAIL_QUEUE_ERROR"
"ERROR","AOCR_20260217.log","2026-02-17 11:59:36.253 | ERROR | CID:N/A | ERR:EMAIL_QUEUE_ERROR | Error de configuración de base de datos.","Exception: DataAccessException","EMAIL_QUEUE_ERROR"
"ERROR","AOCR_20260217.log","2026-02-17 12:00:06.301 | ERROR | CID:N/A | ERR:EMAIL_QUEUE_ERROR | Error de configuración de base de datos.","Exception: DataAccessException","EMAIL_QUEUE_ERROR"
"ERROR","AOCR_20260217.log","2026-02-17 12:00:36.381 | ERROR | CID:N/A | ERR:EMAIL_QUEUE_ERROR | Error de configuración de base de datos.","Exception: DataAccessException","EMAIL_QUEUE_ERROR"
"ERROR","AOCR_20260217.log","2026-02-17 12:01:06.434 | ERROR | CID:N/A | ERR:EMAIL_QUEUE_ERROR | Error de configuración de base de datos.","Exception: DataAccessException","EMAIL_QUEUE_ERROR"
"ERROR","AOCR_20260217.log","2026-02-17 12:01:36.480 | ERROR | CID:N/A | ERR:EMAIL_QUEUE_ERROR | Error de configuración de base de datos.","Exception: DataAccessException","EMAIL_QUEUE_ERROR"
"ERROR","AOCR_20260217.log","2026-02-17 12:02:06.539 | ERROR | CID:N/A | ERR:EMAIL_QUEUE_ERROR | Error de configuración de base de datos.","Exception: DataAccessException","EMAIL_QUEUE_ERROR"
"ERROR","AOCR_20260217.log","2026-02-17 12:02:36.581 | ERROR | CID:N/A | ERR:EMAIL_QUEUE_ERROR | Error de configuración de base de datos.","Exception: DataAccessException","EMAIL_QUEUE_ERROR"
"ERROR","AOCR_20260217.log","2026-02-17 12:03:06.642 | ERROR | CID:N/A | ERR:EMAIL_QUEUE_ERROR | Error de configuración de base de datos.","Exception: DataAccessException","EMAIL_QUEUE_ERROR"
"ERROR","AOCR_20260217.log","2026-02-17 12:03:36.697 | ERROR | CID:N/A | ERR:EMAIL_QUEUE_ERROR | Error de configuración de base de datos.","Exception: DataAccessException","EMAIL_QUEUE_ERROR"
"ERROR","AOCR_20260217.log","2026-02-17 12:04:06.763 | ERROR | CID:N/A | ERR:EMAIL_QUEUE_ERROR | Error de configuración de base de datos.","Exception: DataAccessException","EMAIL_QUEUE_ERROR"
"ERROR","AOCR_20260217.log","2026-02-17 12:04:36.815 | ERROR | CID:N/A | ERR:EMAIL_QUEUE_ERROR | Error de configuración de base de datos.","Exception: DataAccessException","EMAIL_QUEUE_ERROR"
"ERROR","AOCR_20260217.log","2026-02-17 12:05:06.874 | ERROR | CID:N/A | ERR:EMAIL_QUEUE_ERROR | Error de configuración de base de datos.","Exception: DataAccessException","EMAIL_QUEUE_ERROR"
"ERROR","AOCR_20260217.log","2026-02-17 12:05:36.927 | ERROR | CID:N/A | ERR:EMAIL_QUEUE_ERROR | Error de configuración de base de datos.","Exception: DataAccessException","EMAIL_QUEUE_ERROR"
"ERROR","AOCR_20260217.log","2026-02-17 12:06:06.972 | ERROR | CID:N/A | ERR:EMAIL_QUEUE_ERROR | Error de configuración de base de datos.","Exception: DataAccessException","EMAIL_QUEUE_ERROR"
"ERROR","AOCR_20260217.log","2026-02-17 12:06:37.028 | ERROR | CID:N/A | ERR:EMAIL_QUEUE_ERROR | Error de configuración de base de datos.","Exception: DataAccessException","EMAIL_QUEUE_ERROR"
"ERROR","AOCR_20260217.log","2026-02-17 12:07:07.093 | ERROR | CID:N/A | ERR:EMAIL_QUEUE_ERROR | Error de configuración de base de datos.","Exception: DataAccessException","EMAIL_QUEUE_ERROR"
"ERROR","AOCR_20260217.log","2026-02-17 12:07:37.153 | ERROR | CID:N/A | ERR:EMAIL_QUEUE_ERROR | Error de configuración de base de datos.","Exception: DataAccessException","EMAIL_QUEUE_ERROR"
"ERROR","AOCR_20260217.log","2026-02-17 12:08:07.218 | ERROR | CID:N/A | ERR:EMAIL_QUEUE_ERROR | Error de configuración de base de datos.","Exception: DataAccessException","EMAIL_QUEUE_ERROR"
"ERROR","AOCR_20260217.log","2026-02-17 12:08:37.279 | ERROR | CID:N/A | ERR:EMAIL_QUEUE_ERROR | Error de configuración de base de datos.","Exception: DataAccessException","EMAIL_QUEUE_ERROR"
"ERROR","AOCR_20260217.log","2026-02-17 12:09:07.334 | ERROR | CID:N/A | ERR:EMAIL_QUEUE_ERROR | Error de configuración de base de datos.","Exception: DataAccessException","EMAIL_QUEUE_ERROR"
"ERROR","AOCR_20260217.log","2026-02-17 12:09:37.391 | ERROR | CID:N/A | ERR:EMAIL_QUEUE_ERROR | Error de configuración de base de datos.","Exception: DataAccessException","EMAIL_QUEUE_ERROR"
"ERROR","AOCR_20260217.log","2026-02-17 12:10:07.450 | ERROR | CID:N/A | ERR:EMAIL_QUEUE_ERROR | Error de configuración de base de datos.","Exception: DataAccessException","EMAIL_QUEUE_ERROR"
"ERROR","AOCR_20260217.log","2026-02-17 12:10:37.505 | ERROR | CID:N/A | ERR:EMAIL_QUEUE_ERROR | Error de configuración de base de datos.","Exception: DataAccessException","EMAIL_QUEUE_ERROR"
"ERROR","AOCR_20260217.log","2026-02-17 12:11:07.560 | ERROR | CID:N/A | ERR:EMAIL_QUEUE_ERROR | Error de configuración de base de datos.","Exception: DataAccessException","EMAIL_QUEUE_ERROR"
"ERROR","AOCR_20260217.log","2026-02-17 12:11:37.609 | ERROR | CID:N/A | ERR:EMAIL_QUEUE_ERROR | Error de configuración de base de datos.","Exception: DataAccessException","EMAIL_QUEUE_ERROR"
"ERROR","AOCR_20260217.log","2026-02-17 12:12:07.662 | ERROR | CID:N/A | ERR:EMAIL_QUEUE_ERROR | Error de configuración de base de datos.","Exception: DataAccessException","EMAIL_QUEUE_ERROR"
"ERROR","AOCR_20260217.log","2026-02-17 12:12:37.705 | ERROR | CID:N/A | ERR:EMAIL_QUEUE_ERROR | Error de configuración de base de datos.","Exception: DataAccessException","EMAIL_QUEUE_ERROR"
"ERROR","AOCR_20260217.log","2026-02-17 12:13:07.749 | ERROR | CID:N/A | ERR:EMAIL_QUEUE_ERROR | Error de configuración de base de datos.","Exception: DataAccessException","EMAIL_QUEUE_ERROR"
"ERROR","AOCR_20260217.log","2026-02-17 12:13:37.801 | ERROR | CID:N/A | ERR:EMAIL_QUEUE_ERROR | Error de configuración de base de datos.","Exception: DataAccessException","EMAIL_QUEUE_ERROR"
"ERROR","AOCR_20260217.log","2026-02-17 12:14:07.848 | ERROR | CID:N/A | ERR:EMAIL_QUEUE_ERROR | Error de configuración de base de datos.","Exception: DataAccessException","EMAIL_QUEUE_ERROR"
"ERROR","AOCR_20260217.log","2026-02-17 12:14:37.897 | ERROR | CID:N/A | ERR:EMAIL_QUEUE_ERROR | Error de configuración de base de datos.","Exception: DataAccessException","EMAIL_QUEUE_ERROR"
"ERROR","AOCR_20260217.log","2026-02-17 12:15:07.953 | ERROR | CID:N/A | ERR:EMAIL_QUEUE_ERROR | Error de configuración de base de datos.","Exception: DataAccessException","EMAIL_QUEUE_ERROR"
"ERROR","AOCR_20260217.log","2026-02-17 12:15:37.997 | ERROR | CID:N/A | ERR:EMAIL_QUEUE_ERROR | Error de configuración de base de datos.","Exception: DataAccessException","EMAIL_QUEUE_ERROR"
"ERROR","AOCR_20260217.log","2026-02-17 12:16:08.048 | ERROR | CID:N/A | ERR:EMAIL_QUEUE_ERROR | Error de configuración de base de datos.","Exception: DataAccessException","EMAIL_QUEUE_ERROR"
"ERROR","AOCR_20260217.log","2026-02-17 12:16:38.099 | ERROR | CID:N/A | ERR:EMAIL_QUEUE_ERROR | Error de configuración de base de datos.","Exception: DataAccessException","EMAIL_QUEUE_ERROR"
"ERROR","AOCR_20260217.log","2026-02-17 12:17:08.153 | ERROR | CID:N/A | ERR:EMAIL_QUEUE_ERROR | Error de configuración de base de datos.","Exception: DataAccessException","EMAIL_QUEUE_ERROR"
"ERROR","AOCR_20260217.log","2026-02-17 12:17:38.200 | ERROR | CID:N/A | ERR:EMAIL_QUEUE_ERROR | Error de configuración de base de datos.","Exception: DataAccessException","EMAIL_QUEUE_ERROR"
"ERROR","AOCR_20260217.log","2026-02-17 12:18:08.253 | ERROR | CID:N/A | ERR:EMAIL_QUEUE_ERROR | Error de configuración de base de datos.","Exception: DataAccessException","EMAIL_QUEUE_ERROR"
"ERROR","AOCR_20260217.log","2026-02-17 12:18:38.309 | ERROR | CID:N/A | ERR:EMAIL_QUEUE_ERROR | Error de configuración de base de datos.","Exception: DataAccessException","EMAIL_QUEUE_ERROR"
"ERROR","AOCR_20260217.log","2026-02-17 12:19:08.375 | ERROR | CID:N/A | ERR:EMAIL_QUEUE_ERROR | Error de configuración de base de datos.","Exception: DataAccessException","EMAIL_QUEUE_ERROR"
"ERROR","AOCR_20260217.log","2026-02-17 12:19:38.437 | ERROR | CID:N/A | ERR:EMAIL_QUEUE_ERROR | Error de configuración de base de datos.","Exception: DataAccessException","EMAIL_QUEUE_ERROR"
"ERROR","AOCR_20260217.log","2026-02-17 12:20:08.491 | ERROR | CID:N/A | ERR:EMAIL_QUEUE_ERROR | Error de configuración de base de datos.","Exception: DataAccessException","EMAIL_QUEUE_ERROR"
"ERROR","AOCR_20260217.log","2026-02-17 12:20:38.547 | ERROR | CID:N/A | ERR:EMAIL_QUEUE_ERROR | Error de configuración de base de datos.","Exception: DataAccessException","EMAIL_QUEUE_ERROR"
"ERROR","AOCR_20260217.log","2026-02-17 12:21:08.608 | ERROR | CID:N/A | ERR:EMAIL_QUEUE_ERROR | Error de configuración de base de datos.","Exception: DataAccessException","EMAIL_QUEUE_ERROR"
"ERROR","AOCR_20260217.log","2026-02-17 12:21:38.657 | ERROR | CID:N/A | ERR:EMAIL_QUEUE_ERROR | Error de configuración de base de datos.","Exception: DataAccessException","EMAIL_QUEUE_ERROR"
"ERROR","AOCR_20260217.log","2026-02-17 12:22:08.711 | ERROR | CID:N/A | ERR:EMAIL_QUEUE_ERROR | Error de configuración de base de datos.","Exception: DataAccessException","EMAIL_QUEUE_ERROR"
"ERROR","AOCR_20260217.log","2026-02-17 12:22:38.757 | ERROR | CID:N/A | ERR:EMAIL_QUEUE_ERROR | Error de configuración de base de datos.","Exception: DataAccessException","EMAIL_QUEUE_ERROR"
"ERROR","AOCR_20260217.log","2026-02-17 12:23:08.812 | ERROR | CID:N/A | ERR:EMAIL_QUEUE_ERROR | Error de configuración de base de datos.","Exception: DataAccessException","EMAIL_QUEUE_ERROR"
"ERROR","AOCR_20260217.log","2026-02-17 12:23:38.860 | ERROR | CID:N/A | ERR:EMAIL_QUEUE_ERROR | Error de configuración de base de datos.","Exception: DataAccessException","EMAIL_QUEUE_ERROR"
"ERROR","AOCR_20260217.log","2026-02-17 12:24:08.915 | ERROR | CID:N/A | ERR:EMAIL_QUEUE_ERROR | Error de configuración de base de datos.","Exception: DataAccessException","EMAIL_QUEUE_ERROR"
"ERROR","AOCR_20260217.log","2026-02-17 12:24:38.985 | ERROR | CID:N/A | ERR:EMAIL_QUEUE_ERROR | Error de configuración de base de datos.","Exception: DataAccessException","EMAIL_QUEUE_ERROR"
"ERROR","AOCR_20260217.log","2026-02-17 12:25:09.029 | ERROR | CID:N/A | ERR:EMAIL_QUEUE_ERROR | Error de configuración de base de datos.","Exception: DataAccessException","EMAIL_QUEUE_ERROR"
"ERROR","AOCR_20260217.log","2026-02-17 12:25:39.071 | ERROR | CID:N/A | ERR:EMAIL_QUEUE_ERROR | Error de configuración de base de datos.","Exception: DataAccessException","EMAIL_QUEUE_ERROR"
"ERROR","AOCR_20260217.log","2026-02-17 12:26:09.126 | ERROR | CID:N/A | ERR:EMAIL_QUEUE_ERROR | Error de configuración de base de datos.","Exception: DataAccessException","EMAIL_QUEUE_ERROR"
"ERROR","AOCR_20260217.log","2026-02-17 12:26:39.177 | ERROR | CID:N/A | ERR:EMAIL_QUEUE_ERROR | Error de configuración de base de datos.","Exception: DataAccessException","EMAIL_QUEUE_ERROR"
"ERROR","AOCR_20260217.log","2026-02-17 12:27:09.233 | ERROR | CID:N/A | ERR:EMAIL_QUEUE_ERROR | Error de configuración de base de datos.","Exception: DataAccessException","EMAIL_QUEUE_ERROR"
"ERROR","AOCR_20260217.log","2026-02-17 12:27:39.284 | ERROR | CID:N/A | ERR:EMAIL_QUEUE_ERROR | Error de configuración de base de datos.","Exception: DataAccessException","EMAIL_QUEUE_ERROR"
"ERROR","AOCR_20260217.log","2026-02-17 12:28:09.337 | ERROR | CID:N/A | ERR:EMAIL_QUEUE_ERROR | Error de configuración de base de datos.","Exception: DataAccessException","EMAIL_QUEUE_ERROR"
"ERROR","AOCR_20260217.log","2026-02-17 12:28:39.390 | ERROR | CID:N/A | ERR:EMAIL_QUEUE_ERROR | Error de configuración de base de datos.","Exception: DataAccessException","EMAIL_QUEUE_ERROR"
"ERROR","AOCR_20260217.log","2026-02-17 12:29:09.448 | ERROR | CID:N/A | ERR:EMAIL_QUEUE_ERROR | Error de configuración de base de datos.","Exception: DataAccessException","EMAIL_QUEUE_ERROR"
"ERROR","AOCR_20260217.log","2026-02-17 12:29:39.502 | ERROR | CID:N/A | ERR:EMAIL_QUEUE_ERROR | Error de configuración de base de datos.","Exception: DataAccessException","EMAIL_QUEUE_ERROR"
"ERROR","AOCR_20260217.log","2026-02-17 12:30:09.548 | ERROR | CID:N/A | ERR:EMAIL_QUEUE_ERROR | Error de configuración de base de datos.","Exception: DataAccessException","EMAIL_QUEUE_ERROR"
"ERROR","AOCR_20260217.log","2026-02-17 12:30:39.603 | ERROR | CID:N/A | ERR:EMAIL_QUEUE_ERROR | Error de configuración de base de datos.","Exception: DataAccessException","EMAIL_QUEUE_ERROR"
"ERROR","AOCR_20260217.log","2026-02-17 12:31:09.668 | ERROR | CID:N/A | ERR:EMAIL_QUEUE_ERROR | Error de configuración de base de datos.","Exception: DataAccessException","EMAIL_QUEUE_ERROR"
"ERROR","AOCR_20260217.log","2026-02-17 12:31:39.730 | ERROR | CID:N/A | ERR:EMAIL_QUEUE_ERROR | Error de configuración de base de datos.","Exception: DataAccessException","EMAIL_QUEUE_ERROR"
"ERROR","AOCR_20260217.log","2026-02-17 12:32:09.793 | ERROR | CID:N/A | ERR:EMAIL_QUEUE_ERROR | Error de configuración de base de datos.","Exception: DataAccessException","EMAIL_QUEUE_ERROR"
"ERROR","AOCR_20260217.log","2026-02-17 12:32:39.849 | ERROR | CID:N/A | ERR:EMAIL_QUEUE_ERROR | Error de configuración de base de datos.","Exception: DataAccessException","EMAIL_QUEUE_ERROR"
"ERROR","AOCR_20260217.log","2026-02-17 12:33:09.914 | ERROR | CID:N/A | ERR:EMAIL_QUEUE_ERROR | Error de configuración de base de datos.","Exception: DataAccessException","EMAIL_QUEUE_ERROR"
"ERROR","AOCR_20260217.log","2026-02-17 12:33:39.964 | ERROR | CID:N/A | ERR:EMAIL_QUEUE_ERROR | Error de configuración de base de datos.","Exception: DataAccessException","EMAIL_QUEUE_ERROR"
"ERROR","AOCR_20260217.log","2026-02-17 12:34:10.016 | ERROR | CID:N/A | ERR:EMAIL_QUEUE_ERROR | Error de configuración de base de datos.","Exception: DataAccessException","EMAIL_QUEUE_ERROR"
"ERROR","AOCR_20260217.log","2026-02-17 12:34:40.074 | ERROR | CID:N/A | ERR:EMAIL_QUEUE_ERROR | Error de configuración de base de datos.","Exception: DataAccessException","EMAIL_QUEUE_ERROR"
"ERROR","AOCR_20260217.log","2026-02-17 12:35:10.125 | ERROR | CID:N/A | ERR:EMAIL_QUEUE_ERROR | Error de configuración de base de datos.","Exception: DataAccessException","EMAIL_QUEUE_ERROR"
"ERROR","AOCR_20260217.log","2026-02-17 12:35:40.176 | ERROR | CID:N/A | ERR:EMAIL_QUEUE_ERROR | Error de configuración de base de datos.","Exception: DataAccessException","EMAIL_QUEUE_ERROR"
"ERROR","AOCR_20260217.log","2026-02-17 12:36:10.239 | ERROR | CID:N/A | ERR:EMAIL_QUEUE_ERROR | Error de configuración de base de datos.","Exception: DataAccessException","EMAIL_QUEUE_ERROR"
"ERROR","AOCR_20260217.log","2026-02-17 12:36:40.304 | ERROR | CID:N/A | ERR:EMAIL_QUEUE_ERROR | Error de configuración de base de datos.","Exception: DataAccessException","EMAIL_QUEUE_ERROR"
"ERROR","AOCR_20260217.log","2026-02-17 12:37:10.357 | ERROR | CID:N/A | ERR:EMAIL_QUEUE_ERROR | Error de configuración de base de datos.","Exception: DataAccessException","EMAIL_QUEUE_ERROR"
"ERROR","AOCR_20260217.log","2026-02-17 12:37:40.408 | ERROR | CID:N/A | ERR:EMAIL_QUEUE_ERROR | Error de configuración de base de datos.","Exception: DataAccessException","EMAIL_QUEUE_ERROR"
"ERROR","AOCR_20260217.log","2026-02-17 12:38:10.453 | ERROR | CID:N/A | ERR:EMAIL_QUEUE_ERROR | Error de configuración de base de datos.","Exception: DataAccessException","EMAIL_QUEUE_ERROR"
"ERROR","AOCR_20260217.log","2026-02-17 12:38:40.502 | ERROR | CID:N/A | ERR:EMAIL_QUEUE_ERROR | Error de configuración de base de datos.","Exception: DataAccessException","EMAIL_QUEUE_ERROR"
"ERROR","AOCR_20260217.log","2026-02-17 12:39:10.553 | ERROR | CID:N/A | ERR:EMAIL_QUEUE_ERROR | Error de configuración de base de datos.","Exception: DataAccessException","EMAIL_QUEUE_ERROR"
"ERROR","AOCR_20260217.log","2026-02-17 12:39:40.608 | ERROR | CID:N/A | ERR:EMAIL_QUEUE_ERROR | Error de configuración de base de datos.","Exception: DataAccessException","EMAIL_QUEUE_ERROR"
"ERROR","AOCR_20260217.log","2026-02-17 12:40:10.667 | ERROR | CID:N/A | ERR:EMAIL_QUEUE_ERROR | Error de configuración de base de datos.","Exception: DataAccessException","EMAIL_QUEUE_ERROR"
"ERROR","AOCR_20260217.log","2026-02-17 12:40:40.715 | ERROR | CID:N/A | ERR:EMAIL_QUEUE_ERROR | Error de configuración de base de datos.","Exception: DataAccessException","EMAIL_QUEUE_ERROR"
"ERROR","AOCR_20260217.log","2026-02-17 12:41:10.769 | ERROR | CID:N/A | ERR:EMAIL_QUEUE_ERROR | Error de configuración de base de datos.","Exception: DataAccessException","EMAIL_QUEUE_ERROR"
"ERROR","AOCR_20260217.log","2026-02-17 12:41:40.822 | ERROR | CID:N/A | ERR:EMAIL_QUEUE_ERROR | Error de configuración de base de datos.","Exception: DataAccessException","EMAIL_QUEUE_ERROR"
"ERROR","AOCR_20260217.log","2026-02-17 12:42:10.870 | ERROR | CID:N/A | ERR:EMAIL_QUEUE_ERROR | Error de configuración de base de datos.","Exception: DataAccessException","EMAIL_QUEUE_ERROR"
"ERROR","AOCR_20260217.log","2026-02-17 12:42:40.922 | ERROR | CID:N/A | ERR:EMAIL_QUEUE_ERROR | Error de configuración de base de datos.","Exception: DataAccessException","EMAIL_QUEUE_ERROR"
"ERROR","AOCR_20260217.log","2026-02-17 12:43:10.975 | ERROR | CID:N/A | ERR:EMAIL_QUEUE_ERROR | Error de configuración de base de datos.","Exception: DataAccessException","EMAIL_QUEUE_ERROR"
"ERROR","AOCR_20260217.log","2026-02-17 12:43:41.044 | ERROR | CID:N/A | ERR:EMAIL_QUEUE_ERROR | Error de configuración de base de datos.","Exception: DataAccessException","EMAIL_QUEUE_ERROR"
"ERROR","AOCR_20260217.log","2026-02-17 12:44:11.130 | ERROR | CID:N/A | ERR:EMAIL_QUEUE_ERROR | Error de configuración de base de datos.","Exception: DataAccessException","EMAIL_QUEUE_ERROR"
"ERROR","AOCR_20260217.log","2026-02-17 12:44:41.190 | ERROR | CID:N/A | ERR:EMAIL_QUEUE_ERROR | Error de configuración de base de datos.","Exception: DataAccessException","EMAIL_QUEUE_ERROR"
"ERROR","AOCR_20260217.log","2026-02-17 12:45:11.248 | ERROR | CID:N/A | ERR:EMAIL_QUEUE_ERROR | Error de configuración de base de datos.","Exception: DataAccessException","EMAIL_QUEUE_ERROR"
"ERROR","AOCR_20260217.log","2026-02-17 12:45:41.305 | ERROR | CID:N/A | ERR:EMAIL_QUEUE_ERROR | Error de configuración de base de datos.","Exception: DataAccessException","EMAIL_QUEUE_ERROR"
"ERROR","AOCR_20260217.log","2026-02-17 12:46:11.372 | ERROR | CID:N/A | ERR:EMAIL_QUEUE_ERROR | Error de configuración de base de datos.","Exception: DataAccessException","EMAIL_QUEUE_ERROR"
"ERROR","AOCR_20260217.log","2026-02-17 12:46:41.427 | ERROR | CID:N/A | ERR:EMAIL_QUEUE_ERROR | Error de configuración de base de datos.","Exception: DataAccessException","EMAIL_QUEUE_ERROR"
"ERROR","AOCR_20260217.log","2026-02-17 12:47:11.481 | ERROR | CID:N/A | ERR:EMAIL_QUEUE_ERROR | Error de configuración de base de datos.","Exception: DataAccessException","EMAIL_QUEUE_ERROR"
"ERROR","AOCR_20260217.log","2026-02-17 12:47:41.526 | ERROR | CID:N/A | ERR:EMAIL_QUEUE_ERROR | Error de configuración de base de datos.","Exception: DataAccessException","EMAIL_QUEUE_ERROR"
"ERROR","AOCR_20260217.log","2026-02-17 12:48:11.590 | ERROR | CID:N/A | ERR:EMAIL_QUEUE_ERROR | Error de configuración de base de datos.","Exception: DataAccessException","EMAIL_QUEUE_ERROR"
"ERROR","AOCR_20260217.log","2026-02-17 12:48:41.645 | ERROR | CID:N/A | ERR:EMAIL_QUEUE_ERROR | Error de configuración de base de datos.","Exception: DataAccessException","EMAIL_QUEUE_ERROR"
"ERROR","AOCR_20260217.log","2026-02-17 12:49:11.696 | ERROR | CID:N/A | ERR:EMAIL_QUEUE_ERROR | Error de configuración de base de datos.","Exception: DataAccessException","EMAIL_QUEUE_ERROR"
"ERROR","AOCR_20260217.log","2026-02-17 12:49:41.740 | ERROR | CID:N/A | ERR:EMAIL_QUEUE_ERROR | Error de configuración de base de datos.","Exception: DataAccessException","EMAIL_QUEUE_ERROR"
"ERROR","AOCR_20260217.log","2026-02-17 12:50:11.786 | ERROR | CID:N/A | ERR:EMAIL_QUEUE_ERROR | Error de configuración de base de datos.","Exception: DataAccessException","EMAIL_QUEUE_ERROR"
"ERROR","AOCR_20260217.log","2026-02-17 12:50:41.831 | ERROR | CID:N/A | ERR:EMAIL_QUEUE_ERROR | Error de configuración de base de datos.","Exception: DataAccessException","EMAIL_QUEUE_ERROR"
"ERROR","AOCR_20260217.log","2026-02-17 12:51:11.887 | ERROR | CID:N/A | ERR:EMAIL_QUEUE_ERROR | Error de configuración de base de datos.","Exception: DataAccessException","EMAIL_QUEUE_ERROR"
"ERROR","AOCR_20260217.log","2026-02-17 12:51:41.952 | ERROR | CID:N/A | ERR:EMAIL_QUEUE_ERROR | Error de configuración de base de datos.","Exception: DataAccessException","EMAIL_QUEUE_ERROR"
"ERROR","AOCR_20260217.log","2026-02-17 12:52:12.011 | ERROR | CID:N/A | ERR:EMAIL_QUEUE_ERROR | Error de configuración de base de datos.","Exception: DataAccessException","EMAIL_QUEUE_ERROR"
"ERROR","AOCR_20260217.log","2026-02-17 12:52:42.062 | ERROR | CID:N/A | ERR:EMAIL_QUEUE_ERROR | Error de configuración de base de datos.","Exception: DataAccessException","EMAIL_QUEUE_ERROR"
"ERROR","AOCR_20260217.log","2026-02-17 12:53:12.132 | ERROR | CID:N/A | ERR:EMAIL_QUEUE_ERROR | Error de configuración de base de datos.","Exception: DataAccessException","EMAIL_QUEUE_ERROR"
"ERROR","AOCR_20260217.log","2026-02-17 12:53:42.178 | ERROR | CID:N/A | ERR:EMAIL_QUEUE_ERROR | Error de configuración de base de datos.","Exception: DataAccessException","EMAIL_QUEUE_ERROR"
"ERROR","AOCR_20260217.log","2026-02-17 12:54:12.230 | ERROR | CID:N/A | ERR:EMAIL_QUEUE_ERROR | Error de configuración de base de datos.","Exception: DataAccessException","EMAIL_QUEUE_ERROR"
"ERROR","AOCR_20260217.log","2026-02-17 12:54:42.286 | ERROR | CID:N/A | ERR:EMAIL_QUEUE_ERROR | Error de configuración de base de datos.","Exception: DataAccessException","EMAIL_QUEUE_ERROR"
"ERROR","AOCR_20260217.log","2026-02-17 12:55:12.337 | ERROR | CID:N/A | ERR:EMAIL_QUEUE_ERROR | Error de configuración de base de datos.","Exception: DataAccessException","EMAIL_QUEUE_ERROR"
"ERROR","AOCR_20260217.log","2026-02-17 12:55:42.391 | ERROR | CID:N/A | ERR:EMAIL_QUEUE_ERROR | Error de configuración de base de datos.","Exception: DataAccessException","EMAIL_QUEUE_ERROR"
"ERROR","AOCR_20260217.log","2026-02-17 12:56:12.450 | ERROR | CID:N/A | ERR:EMAIL_QUEUE_ERROR | Error de configuración de base de datos.","Exception: DataAccessException","EMAIL_QUEUE_ERROR"
"ERROR","AOCR_20260217.log","2026-02-17 12:56:42.494 | ERROR | CID:N/A | ERR:EMAIL_QUEUE_ERROR | Error de configuración de base de datos.","Exception: DataAccessException","EMAIL_QUEUE_ERROR"
"ERROR","AOCR_20260217.log","2026-02-17 12:57:12.558 | ERROR | CID:N/A | ERR:EMAIL_QUEUE_ERROR | Error de configuración de base de datos.","Exception: DataAccessException","EMAIL_QUEUE_ERROR"
"ERROR","AOCR_20260217.log","2026-02-17 12:57:42.630 | ERROR | CID:N/A | ERR:EMAIL_QUEUE_ERROR | Error de configuración de base de datos.","Exception: DataAccessException","EMAIL_QUEUE_ERROR"
"ERROR","AOCR_20260217.log","2026-02-17 12:58:12.676 | ERROR | CID:N/A | ERR:EMAIL_QUEUE_ERROR | Error de configuración de base de datos.","Exception: DataAccessException","EMAIL_QUEUE_ERROR"
"ERROR","AOCR_20260217.log","2026-02-17 12:58:42.726 | ERROR | CID:N/A | ERR:EMAIL_QUEUE_ERROR | Error de configuración de base de datos.","Exception: DataAccessException","EMAIL_QUEUE_ERROR"
"ERROR","AOCR_20260217.log","2026-02-17 12:59:12.789 | ERROR | CID:N/A | ERR:EMAIL_QUEUE_ERROR | Error de configuración de base de datos.","Exception: DataAccessException","EMAIL_QUEUE_ERROR"
"ERROR","AOCR_20260217.log","2026-02-17 12:59:42.860 | ERROR | CID:N/A | ERR:EMAIL_QUEUE_ERROR | Error de configuración de base de datos.","Exception: DataAccessException","EMAIL_QUEUE_ERROR"
"ERROR","AOCR_20260217.log","2026-02-17 13:00:12.922 | ERROR | CID:N/A | ERR:EMAIL_QUEUE_ERROR | Error de configuración de base de datos.","Exception: DataAccessException","EMAIL_QUEUE_ERROR"
"ERROR","AOCR_20260217.log","2026-02-17 13:00:42.977 | ERROR | CID:N/A | ERR:EMAIL_QUEUE_ERROR | Error de configuración de base de datos.","Exception: DataAccessException","EMAIL_QUEUE_ERROR"
"ERROR","AOCR_20260217.log","2026-02-17 13:01:13.039 | ERROR | CID:N/A | ERR:EMAIL_QUEUE_ERROR | Error de configuración de base de datos.","Exception: DataAccessException","EMAIL_QUEUE_ERROR"
"ERROR","AOCR_20260217.log","2026-02-17 13:01:43.093 | ERROR | CID:N/A | ERR:EMAIL_QUEUE_ERROR | Error de configuración de base de datos.","Exception: DataAccessException","EMAIL_QUEUE_ERROR"
"ERROR","AOCR_20260217.log","2026-02-17 13:02:13.145 | ERROR | CID:N/A | ERR:EMAIL_QUEUE_ERROR | Error de configuración de base de datos.","Exception: DataAccessException","EMAIL_QUEUE_ERROR"
"ERROR","AOCR_20260217.log","2026-02-17 13:02:43.191 | ERROR | CID:N/A | ERR:EMAIL_QUEUE_ERROR | Error de configuración de base de datos.","Exception: DataAccessException","EMAIL_QUEUE_ERROR"
"ERROR","AOCR_20260217.log","2026-02-17 13:03:13.244 | ERROR | CID:N/A | ERR:EMAIL_QUEUE_ERROR | Error de configuración de base de datos.","Exception: DataAccessException","EMAIL_QUEUE_ERROR"
"ERROR","AOCR_20260217.log","2026-02-17 13:03:43.291 | ERROR | CID:N/A | ERR:EMAIL_QUEUE_ERROR | Error de configuración de base de datos.","Exception: DataAccessException","EMAIL_QUEUE_ERROR"
"ERROR","AOCR_20260217.log","2026-02-17 13:04:13.351 | ERROR | CID:N/A | ERR:EMAIL_QUEUE_ERROR | Error de configuración de base de datos.","Exception: DataAccessException","EMAIL_QUEUE_ERROR"
"ERROR","AOCR_20260217.log","2026-02-17 13:04:43.410 | ERROR | CID:N/A | ERR:EMAIL_QUEUE_ERROR | Error de configuración de base de datos.","Exception: DataAccessException","EMAIL_QUEUE_ERROR"
"ERROR","AOCR_20260217.log","2026-02-17 13:05:13.461 | ERROR | CID:N/A | ERR:EMAIL_QUEUE_ERROR | Error de configuración de base de datos.","Exception: DataAccessException","EMAIL_QUEUE_ERROR"
"ERROR","AOCR_20260217.log","2026-02-17 13:05:43.503 | ERROR | CID:N/A | ERR:EMAIL_QUEUE_ERROR | Error de configuración de base de datos.","Exception: DataAccessException","EMAIL_QUEUE_ERROR"
"ERROR","AOCR_20260217.log","2026-02-17 13:06:13.564 | ERROR | CID:N/A | ERR:EMAIL_QUEUE_ERROR | Error de configuración de base de datos.","Exception: DataAccessException","EMAIL_QUEUE_ERROR"
"ERROR","AOCR_20260217.log","2026-02-17 13:06:43.632 | ERROR | CID:N/A | ERR:EMAIL_QUEUE_ERROR | Error de configuración de base de datos.","Exception: DataAccessException","EMAIL_QUEUE_ERROR"
"ERROR","AOCR_20260217.log","2026-02-17 13:07:13.690 | ERROR | CID:N/A | ERR:EMAIL_QUEUE_ERROR | Error de configuración de base de datos.","Exception: DataAccessException","EMAIL_QUEUE_ERROR"
"ERROR","AOCR_20260217.log","2026-02-17 13:07:43.753 | ERROR | CID:N/A | ERR:EMAIL_QUEUE_ERROR | Error de configuración de base de datos.","Exception: DataAccessException","EMAIL_QUEUE_ERROR"
"ERROR","AOCR_20260217.log","2026-02-17 13:08:13.804 | ERROR | CID:N/A | ERR:EMAIL_QUEUE_ERROR | Error de configuración de base de datos.","Exception: DataAccessException","EMAIL_QUEUE_ERROR"
"ERROR","AOCR_20260217.log","2026-02-17 13:08:43.852 | ERROR | CID:N/A | ERR:EMAIL_QUEUE_ERROR | Error de configuración de base de datos.","Exception: DataAccessException","EMAIL_QUEUE_ERROR"
"ERROR","AOCR_20260217.log","2026-02-17 13:09:13.902 | ERROR | CID:N/A | ERR:EMAIL_QUEUE_ERROR | Error de configuración de base de datos.","Exception: DataAccessException","EMAIL_QUEUE_ERROR"
"ERROR","AOCR_20260217.log","2026-02-17 13:09:43.961 | ERROR | CID:N/A | ERR:EMAIL_QUEUE_ERROR | Error de configuración de base de datos.","Exception: DataAccessException","EMAIL_QUEUE_ERROR"
"ERROR","AOCR_20260217.log","2026-02-17 13:10:14.017 | ERROR | CID:N/A | ERR:EMAIL_QUEUE_ERROR | Error de configuración de base de datos.","Exception: DataAccessException","EMAIL_QUEUE_ERROR"
"ERROR","AOCR_20260217.log","2026-02-17 13:10:44.075 | ERROR | CID:N/A | ERR:EMAIL_QUEUE_ERROR | Error de configuración de base de datos.","Exception: DataAccessException","EMAIL_QUEUE_ERROR"
"ERROR","AOCR_20260217.log","2026-02-17 13:11:14.132 | ERROR | CID:N/A | ERR:EMAIL_QUEUE_ERROR | Error de configuración de base de datos.","Exception: DataAccessException","EMAIL_QUEUE_ERROR"
"ERROR","AOCR_20260217.log","2026-02-17 13:11:44.191 | ERROR | CID:N/A | ERR:EMAIL_QUEUE_ERROR | Error de configuración de base de datos.","Exception: DataAccessException","EMAIL_QUEUE_ERROR"
"ERROR","AOCR_20260217.log","2026-02-17 13:12:14.240 | ERROR | CID:N/A | ERR:EMAIL_QUEUE_ERROR | Error de configuración de base de datos.","Exception: DataAccessException","EMAIL_QUEUE_ERROR"
"ERROR","AOCR_20260217.log","2026-02-17 13:12:44.306 | ERROR | CID:N/A | ERR:EMAIL_QUEUE_ERROR | Error de configuración de base de datos.","Exception: DataAccessException","EMAIL_QUEUE_ERROR"
"ERROR","AOCR_20260217.log","2026-02-17 13:13:14.362 | ERROR | CID:N/A | ERR:EMAIL_QUEUE_ERROR | Error de configuración de base de datos.","Exception: DataAccessException","EMAIL_QUEUE_ERROR"
"ERROR","AOCR_20260217.log","2026-02-17 13:13:44.418 | ERROR | CID:N/A | ERR:EMAIL_QUEUE_ERROR | Error de configuración de base de datos.","Exception: DataAccessException","EMAIL_QUEUE_ERROR"
"ERROR","AOCR_20260217.log","2026-02-17 13:14:14.476 | ERROR | CID:N/A | ERR:EMAIL_QUEUE_ERROR | Error de configuración de base de datos.","Exception: DataAccessException","EMAIL_QUEUE_ERROR"
"ERROR","AOCR_20260217.log","2026-02-17 13:14:44.529 | ERROR | CID:N/A | ERR:EMAIL_QUEUE_ERROR | Error de configuración de base de datos.","Exception: DataAccessException","EMAIL_QUEUE_ERROR"
"ERROR","AOCR_20260217.log","2026-02-17 13:15:14.597 | ERROR | CID:N/A | ERR:EMAIL_QUEUE_ERROR | Error de configuración de base de datos.","Exception: DataAccessException","EMAIL_QUEUE_ERROR"
"ERROR","AOCR_20260217.log","2026-02-17 13:15:44.658 | ERROR | CID:N/A | ERR:EMAIL_QUEUE_ERROR | Error de configuración de base de datos.","Exception: DataAccessException","EMAIL_QUEUE_ERROR"
"ERROR","AOCR_20260217.log","2026-02-17 13:16:14.712 | ERROR | CID:N/A | ERR:EMAIL_QUEUE_ERROR | Error de configuración de base de datos.","Exception: DataAccessException","EMAIL_QUEUE_ERROR"
"ERROR","AOCR_20260217.log","2026-02-17 13:16:44.774 | ERROR | CID:N/A | ERR:EMAIL_QUEUE_ERROR | Error de configuración de base de datos.","Exception: DataAccessException","EMAIL_QUEUE_ERROR"
"ERROR","AOCR_20260217.log","2026-02-17 13:17:14.836 | ERROR | CID:N/A | ERR:EMAIL_QUEUE_ERROR | Error de configuración de base de datos.","Exception: DataAccessException","EMAIL_QUEUE_ERROR"
"ERROR","AOCR_20260217.log","2026-02-17 13:17:44.892 | ERROR | CID:N/A | ERR:EMAIL_QUEUE_ERROR | Error de configuración de base de datos.","Exception: DataAccessException","EMAIL_QUEUE_ERROR"
"ERROR","AOCR_20260217.log","2026-02-17 13:18:14.944 | ERROR | CID:N/A | ERR:EMAIL_QUEUE_ERROR | Error de configuración de base de datos.","Exception: DataAccessException","EMAIL_QUEUE_ERROR"
"ERROR","AOCR_20260217.log","2026-02-17 13:18:45.020 | ERROR | CID:N/A | ERR:EMAIL_QUEUE_ERROR | Error de configuración de base de datos.","Exception: DataAccessException","EMAIL_QUEUE_ERROR"
"ERROR","AOCR_20260217.log","2026-02-17 13:19:15.071 | ERROR | CID:N/A | ERR:EMAIL_QUEUE_ERROR | Error de configuración de base de datos.","Exception: DataAccessException","EMAIL_QUEUE_ERROR"
"ERROR","AOCR_20260217.log","2026-02-17 13:19:45.123 | ERROR | CID:N/A | ERR:EMAIL_QUEUE_ERROR | Error de configuración de base de datos.","Exception: DataAccessException","EMAIL_QUEUE_ERROR"
"ERROR","AOCR_20260217.log","2026-02-17 13:20:15.173 | ERROR | CID:N/A | ERR:EMAIL_QUEUE_ERROR | Error de configuración de base de datos.","Exception: DataAccessException","EMAIL_QUEUE_ERROR"
"ERROR","AOCR_20260217.log","2026-02-17 13:20:45.227 | ERROR | CID:N/A | ERR:EMAIL_QUEUE_ERROR | Error de configuración de base de datos.","Exception: DataAccessException","EMAIL_QUEUE_ERROR"
"ERROR","AOCR_20260217.log","2026-02-17 13:21:15.283 | ERROR | CID:N/A | ERR:EMAIL_QUEUE_ERROR | Error de configuración de base de datos.","Exception: DataAccessException","EMAIL_QUEUE_ERROR"
"ERROR","AOCR_20260217.log","2026-02-17 13:21:45.336 | ERROR | CID:N/A | ERR:EMAIL_QUEUE_ERROR | Error de configuración de base de datos.","Exception: DataAccessException","EMAIL_QUEUE_ERROR"
"ERROR","AOCR_20260217.log","2026-02-17 13:22:15.396 | ERROR | CID:N/A | ERR:EMAIL_QUEUE_ERROR | Error de configuración de base de datos.","Exception: DataAccessException","EMAIL_QUEUE_ERROR"
"ERROR","AOCR_20260217.log","2026-02-17 13:22:45.446 | ERROR | CID:N/A | ERR:EMAIL_QUEUE_ERROR | Error de configuración de base de datos.","Exception: DataAccessException","EMAIL_QUEUE_ERROR"
"ERROR","AOCR_20260217.log","2026-02-17 13:23:15.491 | ERROR | CID:N/A | ERR:EMAIL_QUEUE_ERROR | Error de configuración de base de datos.","Exception: DataAccessException","EMAIL_QUEUE_ERROR"
"ERROR","AOCR_20260217.log","2026-02-17 13:23:45.562 | ERROR | CID:N/A | ERR:EMAIL_QUEUE_ERROR | Error de configuración de base de datos.","Exception: DataAccessException","EMAIL_QUEUE_ERROR"
"ERROR","AOCR_20260217.log","2026-02-17 13:24:15.615 | ERROR | CID:N/A | ERR:EMAIL_QUEUE_ERROR | Error de configuración de base de datos.","Exception: DataAccessException","EMAIL_QUEUE_ERROR"
"ERROR","AOCR_20260217.log","2026-02-17 13:24:45.663 | ERROR | CID:N/A | ERR:EMAIL_QUEUE_ERROR | Error de configuración de base de datos.","Exception: DataAccessException","EMAIL_QUEUE_ERROR"
"ERROR","AOCR_20260217.log","2026-02-17 13:25:15.727 | ERROR | CID:N/A | ERR:EMAIL_QUEUE_ERROR | Error de configuración de base de datos.","Exception: DataAccessException","EMAIL_QUEUE_ERROR"
"ERROR","AOCR_20260217.log","2026-02-17 13:25:45.803 | ERROR | CID:N/A | ERR:EMAIL_QUEUE_ERROR | Error de configuración de base de datos.","Exception: DataAccessException","EMAIL_QUEUE_ERROR"
"ERROR","AOCR_20260217.log","2026-02-17 13:26:15.852 | ERROR | CID:N/A | ERR:EMAIL_QUEUE_ERROR | Error de configuración de base de datos.","Exception: DataAccessException","EMAIL_QUEUE_ERROR"
"ERROR","AOCR_20260217.log","2026-02-17 13:26:45.919 | ERROR | CID:N/A | ERR:EMAIL_QUEUE_ERROR | Error de configuración de base de datos.","Exception: DataAccessException","EMAIL_QUEUE_ERROR"
"ERROR","AOCR_20260217.log","2026-02-17 13:27:15.972 | ERROR | CID:N/A | ERR:EMAIL_QUEUE_ERROR | Error de configuración de base de datos.","Exception: DataAccessException","EMAIL_QUEUE_ERROR"
"ERROR","AOCR_20260217.log","2026-02-17 13:27:46.028 | ERROR | CID:N/A | ERR:EMAIL_QUEUE_ERROR | Error de configuración de base de datos.","Exception: DataAccessException","EMAIL_QUEUE_ERROR"
"ERROR","AOCR_20260217.log","2026-02-17 13:28:16.079 | ERROR | CID:N/A | ERR:EMAIL_QUEUE_ERROR | Error de configuración de base de datos.","Exception: DataAccessException","EMAIL_QUEUE_ERROR"
"ERROR","AOCR_20260217.log","2026-02-17 13:28:46.127 | ERROR | CID:N/A | ERR:EMAIL_QUEUE_ERROR | Error de configuración de base de datos.","Exception: DataAccessException","EMAIL_QUEUE_ERROR"
"ERROR","AOCR_20260217.log","2026-02-17 13:29:16.178 | ERROR | CID:N/A | ERR:EMAIL_QUEUE_ERROR | Error de configuración de base de datos.","Exception: DataAccessException","EMAIL_QUEUE_ERROR"
"ERROR","AOCR_20260217.log","2026-02-17 13:29:46.222 | ERROR | CID:N/A | ERR:EMAIL_QUEUE_ERROR | Error de configuración de base de datos.","Exception: DataAccessException","EMAIL_QUEUE_ERROR"
"ERROR","AOCR_20260217.log","2026-02-17 13:30:16.268 | ERROR | CID:N/A | ERR:EMAIL_QUEUE_ERROR | Error de configuración de base de datos.","Exception: DataAccessException","EMAIL_QUEUE_ERROR"
"ERROR","AOCR_20260217.log","2026-02-17 13:30:46.313 | ERROR | CID:N/A | ERR:EMAIL_QUEUE_ERROR | Error de configuración de base de datos.","Exception: DataAccessException","EMAIL_QUEUE_ERROR"
"ERROR","AOCR_20260217.log","2026-02-17 13:31:16.368 | ERROR | CID:N/A | ERR:EMAIL_QUEUE_ERROR | Error de configuración de base de datos.","Exception: DataAccessException","EMAIL_QUEUE_ERROR"
"ERROR","AOCR_20260217.log","2026-02-17 13:31:46.425 | ERROR | CID:N/A | ERR:EMAIL_QUEUE_ERROR | Error de configuración de base de datos.","Exception: DataAccessException","EMAIL_QUEUE_ERROR"
"ERROR","AOCR_20260217.log","2026-02-17 13:32:16.481 | ERROR | CID:N/A | ERR:EMAIL_QUEUE_ERROR | Error de configuración de base de datos.","Exception: DataAccessException","EMAIL_QUEUE_ERROR"
"ERROR","AOCR_20260217.log","2026-02-17 13:32:46.540 | ERROR | CID:N/A | ERR:EMAIL_QUEUE_ERROR | Error de configuración de base de datos.","Exception: DataAccessException","EMAIL_QUEUE_ERROR"
"ERROR","AOCR_20260217.log","2026-02-17 13:33:16.591 | ERROR | CID:N/A | ERR:EMAIL_QUEUE_ERROR | Error de configuración de base de datos.","Exception: DataAccessException","EMAIL_QUEUE_ERROR"
"ERROR","AOCR_20260217.log","2026-02-17 13:33:46.658 | ERROR | CID:N/A | ERR:EMAIL_QUEUE_ERROR | Error de configuración de base de datos.","Exception: DataAccessException","EMAIL_QUEUE_ERROR"
"ERROR","AOCR_20260217.log","2026-02-17 13:34:16.705 | ERROR | CID:N/A | ERR:EMAIL_QUEUE_ERROR | Error de configuración de base de datos.","Exception: DataAccessException","EMAIL_QUEUE_ERROR"
"ERROR","AOCR_20260217.log","2026-02-17 13:34:46.769 | ERROR | CID:N/A | ERR:EMAIL_QUEUE_ERROR | Error de configuración de base de datos.","Exception: DataAccessException","EMAIL_QUEUE_ERROR"
"ERROR","AOCR_20260217.log","2026-02-17 13:35:16.836 | ERROR | CID:N/A | ERR:EMAIL_QUEUE_ERROR | Error de configuración de base de datos.","Exception: DataAccessException","EMAIL_QUEUE_ERROR"
"ERROR","AOCR_20260217.log","2026-02-17 13:35:46.894 | ERROR | CID:N/A | ERR:EMAIL_QUEUE_ERROR | Error de configuración de base de datos.","Exception: DataAccessException","EMAIL_QUEUE_ERROR"
"ERROR","AOCR_20260217.log","2026-02-17 13:36:16.957 | ERROR | CID:N/A | ERR:EMAIL_QUEUE_ERROR | Error de configuración de base de datos.","Exception: DataAccessException","EMAIL_QUEUE_ERROR"
"ERROR","AOCR_20260217.log","2026-02-17 13:36:47.001 | ERROR | CID:N/A | ERR:EMAIL_QUEUE_ERROR | Error de configuración de base de datos.","Exception: DataAccessException","EMAIL_QUEUE_ERROR"
"ERROR","AOCR_20260217.log","2026-02-17 13:37:17.051 | ERROR | CID:N/A | ERR:EMAIL_QUEUE_ERROR | Error de configuración de base de datos.","Exception: DataAccessException","EMAIL_QUEUE_ERROR"
"ERROR","AOCR_20260217.log","2026-02-17 13:37:47.120 | ERROR | CID:N/A | ERR:EMAIL_QUEUE_ERROR | Error de configuración de base de datos.","Exception: DataAccessException","EMAIL_QUEUE_ERROR"
"ERROR","AOCR_20260217.log","2026-02-17 13:38:17.169 | ERROR | CID:N/A | ERR:EMAIL_QUEUE_ERROR | Error de configuración de base de datos.","Exception: DataAccessException","EMAIL_QUEUE_ERROR"
"ERROR","AOCR_20260217.log","2026-02-17 13:38:47.220 | ERROR | CID:N/A | ERR:EMAIL_QUEUE_ERROR | Error de configuración de base de datos.","Exception: DataAccessException","EMAIL_QUEUE_ERROR"
"ERROR","AOCR_20260217.log","2026-02-17 13:39:17.274 | ERROR | CID:N/A | ERR:EMAIL_QUEUE_ERROR | Error de configuración de base de datos.","Exception: DataAccessException","EMAIL_QUEUE_ERROR"
"ERROR","AOCR_20260217.log","2026-02-17 13:39:47.332 | ERROR | CID:N/A | ERR:EMAIL_QUEUE_ERROR | Error de configuración de base de datos.","Exception: DataAccessException","EMAIL_QUEUE_ERROR"
"ERROR","AOCR_20260217.log","2026-02-17 13:40:17.381 | ERROR | CID:N/A | ERR:EMAIL_QUEUE_ERROR | Error de configuración de base de datos.","Exception: DataAccessException","EMAIL_QUEUE_ERROR"
"ERROR","AOCR_20260217.log","2026-02-17 13:40:47.441 | ERROR | CID:N/A | ERR:EMAIL_QUEUE_ERROR | Error de configuración de base de datos.","Exception: DataAccessException","EMAIL_QUEUE_ERROR"
"ERROR","AOCR_20260217.log","2026-02-17 13:41:17.498 | ERROR | CID:N/A | ERR:EMAIL_QUEUE_ERROR | Error de configuración de base de datos.","Exception: DataAccessException","EMAIL_QUEUE_ERROR"
"ERROR","AOCR_20260217.log","2026-02-17 13:41:47.553 | ERROR | CID:N/A | ERR:EMAIL_QUEUE_ERROR | Error de configuración de base de datos.","Exception: DataAccessException","EMAIL_QUEUE_ERROR"
"ERROR","AOCR_20260217.log","2026-02-17 13:42:17.611 | ERROR | CID:N/A | ERR:EMAIL_QUEUE_ERROR | Error de configuración de base de datos.","Exception: DataAccessException","EMAIL_QUEUE_ERROR"
"ERROR","AOCR_20260217.log","2026-02-17 13:42:47.670 | ERROR | CID:N/A | ERR:EMAIL_QUEUE_ERROR | Error de configuración de base de datos.","Exception: DataAccessException","EMAIL_QUEUE_ERROR"
"ERROR","AOCR_20260217.log","2026-02-17 13:43:17.727 | ERROR | CID:N/A | ERR:EMAIL_QUEUE_ERROR | Error de configuración de base de datos.","Exception: DataAccessException","EMAIL_QUEUE_ERROR"
"ERROR","AOCR_20260217.log","2026-02-17 13:43:47.779 | ERROR | CID:N/A | ERR:EMAIL_QUEUE_ERROR | Error de configuración de base de datos.","Exception: DataAccessException","EMAIL_QUEUE_ERROR"
"ERROR","AOCR_20260217.log","2026-02-17 13:44:17.828 | ERROR | CID:N/A | ERR:EMAIL_QUEUE_ERROR | Error de configuración de base de datos.","Exception: DataAccessException","EMAIL_QUEUE_ERROR"
"ERROR","AOCR_20260217.log","2026-02-17 13:44:47.887 | ERROR | CID:N/A | ERR:EMAIL_QUEUE_ERROR | Error de configuración de base de datos.","Exception: DataAccessException","EMAIL_QUEUE_ERROR"
"ERROR","AOCR_20260217.log","2026-02-17 13:45:17.938 | ERROR | CID:N/A | ERR:EMAIL_QUEUE_ERROR | Error de configuración de base de datos.","Exception: DataAccessException","EMAIL_QUEUE_ERROR"
"ERROR","AOCR_20260217.log","2026-02-17 13:45:48.011 | ERROR | CID:N/A | ERR:EMAIL_QUEUE_ERROR | Error de configuración de base de datos.","Exception: DataAccessException","EMAIL_QUEUE_ERROR"
"ERROR","AOCR_20260217.log","2026-02-17 13:46:18.065 | ERROR | CID:N/A | ERR:EMAIL_QUEUE_ERROR | Error de configuración de base de datos.","Exception: DataAccessException","EMAIL_QUEUE_ERROR"
"ERROR","AOCR_20260217.log","2026-02-17 13:46:48.117 | ERROR | CID:N/A | ERR:EMAIL_QUEUE_ERROR | Error de configuración de base de datos.","Exception: DataAccessException","EMAIL_QUEUE_ERROR"
"ERROR","AOCR_20260217.log","2026-02-17 13:47:18.170 | ERROR | CID:N/A | ERR:EMAIL_QUEUE_ERROR | Error de configuración de base de datos.","Exception: DataAccessException","EMAIL_QUEUE_ERROR"
"ERROR","AOCR_20260217.log","2026-02-17 13:47:48.223 | ERROR | CID:N/A | ERR:EMAIL_QUEUE_ERROR | Error de configuración de base de datos.","Exception: DataAccessException","EMAIL_QUEUE_ERROR"
"ERROR","AOCR_20260217.log","2026-02-17 13:48:18.267 | ERROR | CID:N/A | ERR:EMAIL_QUEUE_ERROR | Error de configuración de base de datos.","Exception: DataAccessException","EMAIL_QUEUE_ERROR"
"ERROR","AOCR_20260217.log","2026-02-17 13:48:48.317 | ERROR | CID:N/A | ERR:EMAIL_QUEUE_ERROR | Error de configuración de base de datos.","Exception: DataAccessException","EMAIL_QUEUE_ERROR"
"ERROR","AOCR_20260217.log","2026-02-17 13:49:18.367 | ERROR | CID:N/A | ERR:EMAIL_QUEUE_ERROR | Error de configuración de base de datos.","Exception: DataAccessException","EMAIL_QUEUE_ERROR"
"ERROR","AOCR_20260217.log","2026-02-17 13:49:48.424 | ERROR | CID:N/A | ERR:EMAIL_QUEUE_ERROR | Error de configuración de base de datos.","Exception: DataAccessException","EMAIL_QUEUE_ERROR"
"ERROR","AOCR_20260217.log","2026-02-17 13:50:18.483 | ERROR | CID:N/A | ERR:EMAIL_QUEUE_ERROR | Error de configuración de base de datos.","Exception: DataAccessException","EMAIL_QUEUE_ERROR"
"ERROR","AOCR_20260217.log","2026-02-17 13:50:48.525 | ERROR | CID:N/A | ERR:EMAIL_QUEUE_ERROR | Error de configuración de base de datos.","Exception: DataAccessException","EMAIL_QUEUE_ERROR"
"ERROR","AOCR_20260217.log","2026-02-17 13:51:18.572 | ERROR | CID:N/A | ERR:EMAIL_QUEUE_ERROR | Error de configuración de base de datos.","Exception: DataAccessException","EMAIL_QUEUE_ERROR"
"ERROR","AOCR_20260217.log","2026-02-17 13:51:48.640 | ERROR | CID:N/A | ERR:EMAIL_QUEUE_ERROR | Error de configuración de base de datos.","Exception: DataAccessException","EMAIL_QUEUE_ERROR"
"ERROR","AOCR_20260217.log","2026-02-17 13:52:18.699 | ERROR | CID:N/A | ERR:EMAIL_QUEUE_ERROR | Error de configuración de base de datos.","Exception: DataAccessException","EMAIL_QUEUE_ERROR"
"ERROR","AOCR_20260217.log","2026-02-17 13:52:48.762 | ERROR | CID:N/A | ERR:EMAIL_QUEUE_ERROR | Error de configuración de base de datos.","Exception: DataAccessException","EMAIL_QUEUE_ERROR"
"ERROR","AOCR_20260217.log","2026-02-17 13:53:18.828 | ERROR | CID:N/A | ERR:EMAIL_QUEUE_ERROR | Error de configuración de base de datos.","Exception: DataAccessException","EMAIL_QUEUE_ERROR"
"ERROR","AOCR_20260217.log","2026-02-17 13:53:48.879 | ERROR | CID:N/A | ERR:EMAIL_QUEUE_ERROR | Error de configuración de base de datos.","Exception: DataAccessException","EMAIL_QUEUE_ERROR"
"ERROR","AOCR_20260217.log","2026-02-17 13:54:18.933 | ERROR | CID:N/A | ERR:EMAIL_QUEUE_ERROR | Error de configuración de base de datos.","Exception: DataAccessException","EMAIL_QUEUE_ERROR"
"ERROR","AOCR_20260217.log","2026-02-17 13:54:48.991 | ERROR | CID:N/A | ERR:EMAIL_QUEUE_ERROR | Error de configuración de base de datos.","Exception: DataAccessException","EMAIL_QUEUE_ERROR"
"ERROR","AOCR_20260217.log","2026-02-17 13:55:19.044 | ERROR | CID:N/A | ERR:EMAIL_QUEUE_ERROR | Error de configuración de base de datos.","Exception: DataAccessException","EMAIL_QUEUE_ERROR"
"ERROR","AOCR_20260217.log","2026-02-17 13:55:49.099 | ERROR | CID:N/A | ERR:EMAIL_QUEUE_ERROR | Error de configuración de base de datos.","Exception: DataAccessException","EMAIL_QUEUE_ERROR"
"ERROR","AOCR_20260217.log","2026-02-17 13:56:19.160 | ERROR | CID:N/A | ERR:EMAIL_QUEUE_ERROR | Error de configuración de base de datos.","Exception: DataAccessException","EMAIL_QUEUE_ERROR"
"ERROR","AOCR_20260217.log","2026-02-17 13:56:49.211 | ERROR | CID:N/A | ERR:EMAIL_QUEUE_ERROR | Error de configuración de base de datos.","Exception: DataAccessException","EMAIL_QUEUE_ERROR"
"ERROR","AOCR_20260217.log","2026-02-17 13:57:19.272 | ERROR | CID:N/A | ERR:EMAIL_QUEUE_ERROR | Error de configuración de base de datos.","Exception: DataAccessException","EMAIL_QUEUE_ERROR"
"ERROR","AOCR_20260217.log","2026-02-17 13:57:49.339 | ERROR | CID:N/A | ERR:EMAIL_QUEUE_ERROR | Error de configuración de base de datos.","Exception: DataAccessException","EMAIL_QUEUE_ERROR"
"ERROR","AOCR_20260217.log","2026-02-17 13:58:19.390 | ERROR | CID:N/A | ERR:EMAIL_QUEUE_ERROR | Error de configuración de base de datos.","Exception: DataAccessException","EMAIL_QUEUE_ERROR"
"ERROR","AOCR_20260217.log","2026-02-17 13:58:49.443 | ERROR | CID:N/A | ERR:EMAIL_QUEUE_ERROR | Error de configuración de base de datos.","Exception: DataAccessException","EMAIL_QUEUE_ERROR"
"ERROR","AOCR_20260217.log","2026-02-17 13:59:19.495 | ERROR | CID:N/A | ERR:EMAIL_QUEUE_ERROR | Error de configuración de base de datos.","Exception: DataAccessException","EMAIL_QUEUE_ERROR"
"ERROR","AOCR_20260217.log","2026-02-17 13:59:49.541 | ERROR | CID:N/A | ERR:EMAIL_QUEUE_ERROR | Error de configuración de base de datos.","Exception: DataAccessException","EMAIL_QUEUE_ERROR"
"ERROR","AOCR_20260217.log","2026-02-17 14:00:19.595 | ERROR | CID:N/A | ERR:EMAIL_QUEUE_ERROR | Error de configuración de base de datos.","Exception: DataAccessException","EMAIL_QUEUE_ERROR"
"ERROR","AOCR_20260217.log","2026-02-17 14:00:49.655 | ERROR | CID:N/A | ERR:EMAIL_QUEUE_ERROR | Error de configuración de base de datos.","Exception: DataAccessException","EMAIL_QUEUE_ERROR"
"ERROR","AOCR_20260217.log","2026-02-17 14:01:19.696 | ERROR | CID:N/A | ERR:EMAIL_QUEUE_ERROR | Error de configuración de base de datos.","Exception: DataAccessException","EMAIL_QUEUE_ERROR"
"ERROR","AOCR_20260217.log","2026-02-17 14:01:49.742 | ERROR | CID:N/A | ERR:EMAIL_QUEUE_ERROR | Error de configuración de base de datos.","Exception: DataAccessException","EMAIL_QUEUE_ERROR"
"ERROR","AOCR_20260217.log","2026-02-17 14:02:19.787 | ERROR | CID:N/A | ERR:EMAIL_QUEUE_ERROR | Error de configuración de base de datos.","Exception: DataAccessException","EMAIL_QUEUE_ERROR"
"ERROR","AOCR_20260217.log","2026-02-17 14:02:49.847 | ERROR | CID:N/A | ERR:EMAIL_QUEUE_ERROR | Error de configuración de base de datos.","Exception: DataAccessException","EMAIL_QUEUE_ERROR"
"ERROR","AOCR_20260217.log","2026-02-17 14:03:19.916 | ERROR | CID:N/A | ERR:EMAIL_QUEUE_ERROR | Error de configuración de base de datos.","Exception: DataAccessException","EMAIL_QUEUE_ERROR"
"ERROR","AOCR_20260217.log","2026-02-17 14:03:49.975 | ERROR | CID:N/A | ERR:EMAIL_QUEUE_ERROR | Error de configuración de base de datos.","Exception: DataAccessException","EMAIL_QUEUE_ERROR"
"ERROR","AOCR_20260217.log","2026-02-17 14:04:20.038 | ERROR | CID:N/A | ERR:EMAIL_QUEUE_ERROR | Error de configuración de base de datos.","Exception: DataAccessException","EMAIL_QUEUE_ERROR"
"ERROR","AOCR_20260217.log","2026-02-17 14:04:50.109 | ERROR | CID:N/A | ERR:EMAIL_QUEUE_ERROR | Error de configuración de base de datos.","Exception: DataAccessException","EMAIL_QUEUE_ERROR"
"ERROR","AOCR_20260217.log","2026-02-17 14:05:20.165 | ERROR | CID:N/A | ERR:EMAIL_QUEUE_ERROR | Error de configuración de base de datos.","Exception: DataAccessException","EMAIL_QUEUE_ERROR"
"ERROR","AOCR_20260217.log","2026-02-17 14:05:50.223 | ERROR | CID:N/A | ERR:EMAIL_QUEUE_ERROR | Error de configuración de base de datos.","Exception: DataAccessException","EMAIL_QUEUE_ERROR"
"ERROR","AOCR_20260217.log","2026-02-17 14:06:20.312 | ERROR | CID:N/A | ERR:EMAIL_QUEUE_ERROR | Error de configuración de base de datos.","Exception: DataAccessException","EMAIL_QUEUE_ERROR"
"ERROR","AOCR_20260217.log","2026-02-17 14:06:50.379 | ERROR | CID:N/A | ERR:EMAIL_QUEUE_ERROR | Error de configuración de base de datos.","Exception: DataAccessException","EMAIL_QUEUE_ERROR"
"ERROR","AOCR_20260217.log","2026-02-17 14:07:20.422 | ERROR | CID:N/A | ERR:EMAIL_QUEUE_ERROR | Error de configuración de base de datos.","Exception: DataAccessException","EMAIL_QUEUE_ERROR"
"ERROR","AOCR_20260217.log","2026-02-17 14:07:50.478 | ERROR | CID:N/A | ERR:EMAIL_QUEUE_ERROR | Error de configuración de base de datos.","Exception: DataAccessException","EMAIL_QUEUE_ERROR"
"ERROR","AOCR_20260217.log","2026-02-17 14:08:20.538 | ERROR | CID:N/A | ERR:EMAIL_QUEUE_ERROR | Error de configuración de base de datos.","Exception: DataAccessException","EMAIL_QUEUE_ERROR"
"ERROR","AOCR_20260217.log","2026-02-17 14:08:50.587 | ERROR | CID:N/A | ERR:EMAIL_QUEUE_ERROR | Error de configuración de base de datos.","Exception: DataAccessException","EMAIL_QUEUE_ERROR"
"ERROR","AOCR_20260217.log","2026-02-17 14:09:20.641 | ERROR | CID:N/A | ERR:EMAIL_QUEUE_ERROR | Error de configuración de base de datos.","Exception: DataAccessException","EMAIL_QUEUE_ERROR"
"ERROR","AOCR_20260217.log","2026-02-17 14:09:50.689 | ERROR | CID:N/A | ERR:EMAIL_QUEUE_ERROR | Error de configuración de base de datos.","Exception: DataAccessException","EMAIL_QUEUE_ERROR"
"ERROR","AOCR_20260217.log","2026-02-17 14:10:20.742 | ERROR | CID:N/A | ERR:EMAIL_QUEUE_ERROR | Error de configuración de base de datos.","Exception: DataAccessException","EMAIL_QUEUE_ERROR"
"ERROR","AOCR_20260217.log","2026-02-17 14:10:50.803 | ERROR | CID:N/A | ERR:EMAIL_QUEUE_ERROR | Error de configuración de base de datos.","Exception: DataAccessException","EMAIL_QUEUE_ERROR"
"ERROR","AOCR_20260217.log","2026-02-17 14:11:20.873 | ERROR | CID:N/A | ERR:EMAIL_QUEUE_ERROR | Error de configuración de base de datos.","Exception: DataAccessException","EMAIL_QUEUE_ERROR"
"ERROR","AOCR_20260217.log","2026-02-17 14:11:50.934 | ERROR | CID:N/A | ERR:EMAIL_QUEUE_ERROR | Error de configuración de base de datos.","Exception: DataAccessException","EMAIL_QUEUE_ERROR"
"ERROR","AOCR_20260217.log","2026-02-17 14:12:21.041 | ERROR | CID:N/A | ERR:EMAIL_QUEUE_ERROR | Error de configuración de base de datos.","Exception: DataAccessException","EMAIL_QUEUE_ERROR"
"ERROR","AOCR_20260217.log","2026-02-17 14:12:51.097 | ERROR | CID:N/A | ERR:EMAIL_QUEUE_ERROR | Error de configuración de base de datos.","Exception: DataAccessException","EMAIL_QUEUE_ERROR"
"ERROR","AOCR_20260217.log","2026-02-17 14:13:21.145 | ERROR | CID:N/A | ERR:EMAIL_QUEUE_ERROR | Error de configuración de base de datos.","Exception: DataAccessException","EMAIL_QUEUE_ERROR"
"ERROR","AOCR_20260217.log","2026-02-17 14:13:51.189 | ERROR | CID:N/A | ERR:EMAIL_QUEUE_ERROR | Error de configuración de base de datos.","Exception: DataAccessException","EMAIL_QUEUE_ERROR"
"ERROR","AOCR_20260217.log","2026-02-17 14:14:21.247 | ERROR | CID:N/A | ERR:EMAIL_QUEUE_ERROR | Error de configuración de base de datos.","Exception: DataAccessException","EMAIL_QUEUE_ERROR"
"ERROR","AOCR_20260217.log","2026-02-17 14:14:51.350 | ERROR | CID:N/A | ERR:EMAIL_QUEUE_ERROR | Error de configuración de base de datos.","Exception: DataAccessException","EMAIL_QUEUE_ERROR"
"ERROR","AOCR_20260217.log","2026-02-17 14:15:21.400 | ERROR | CID:N/A | ERR:EMAIL_QUEUE_ERROR | Error de configuración de base de datos.","Exception: DataAccessException","EMAIL_QUEUE_ERROR"
"ERROR","AOCR_20260217.log","2026-02-17 14:15:51.492 | ERROR | CID:N/A | ERR:EMAIL_QUEUE_ERROR | Error de configuración de base de datos.","Exception: DataAccessException","EMAIL_QUEUE_ERROR"
"ERROR","AOCR_20260217.log","2026-02-17 14:16:21.606 | ERROR | CID:N/A | ERR:EMAIL_QUEUE_ERROR | Error de configuración de base de datos.","Exception: DataAccessException","EMAIL_QUEUE_ERROR"
"ERROR","AOCR_20260217.log","2026-02-17 14:16:51.673 | ERROR | CID:N/A | ERR:EMAIL_QUEUE_ERROR | Error de configuración de base de datos.","Exception: DataAccessException","EMAIL_QUEUE_ERROR"
"ERROR","AOCR_20260217.log","2026-02-17 14:17:21.740 | ERROR | CID:N/A | ERR:EMAIL_QUEUE_ERROR | Error de configuración de base de datos.","Exception: DataAccessException","EMAIL_QUEUE_ERROR"
"ERROR","AOCR_20260217.log","2026-02-17 14:17:51.835 | ERROR | CID:N/A | ERR:EMAIL_QUEUE_ERROR | Error de configuración de base de datos.","Exception: DataAccessException","EMAIL_QUEUE_ERROR"
"ERROR","AOCR_20260217.log","2026-02-17 14:18:21.904 | ERROR | CID:N/A | ERR:EMAIL_QUEUE_ERROR | Error de configuración de base de datos.","Exception: DataAccessException","EMAIL_QUEUE_ERROR"
"ERROR","AOCR_20260217.log","2026-02-17 14:18:51.972 | ERROR | CID:N/A | ERR:EMAIL_QUEUE_ERROR | Error de configuración de base de datos.","Exception: DataAccessException","EMAIL_QUEUE_ERROR"
"ERROR","AOCR_20260217.log","2026-02-17 14:19:22.022 | ERROR | CID:N/A | ERR:EMAIL_QUEUE_ERROR | Error de configuración de base de datos.","Exception: DataAccessException","EMAIL_QUEUE_ERROR"
"ERROR","AOCR_20260217.log","2026-02-17 14:19:52.084 | ERROR | CID:N/A | ERR:EMAIL_QUEUE_ERROR | Error de configuración de base de datos.","Exception: DataAccessException","EMAIL_QUEUE_ERROR"
"ERROR","AOCR_20260217.log","2026-02-17 14:20:22.135 | ERROR | CID:N/A | ERR:EMAIL_QUEUE_ERROR | Error de configuración de base de datos.","Exception: DataAccessException","EMAIL_QUEUE_ERROR"
"ERROR","AOCR_20260217.log","2026-02-17 14:20:52.237 | ERROR | CID:N/A | ERR:EMAIL_QUEUE_ERROR | Error de configuración de base de datos.","Exception: DataAccessException","EMAIL_QUEUE_ERROR"
"ERROR","AOCR_20260217.log","2026-02-17 14:21:22.291 | ERROR | CID:N/A | ERR:EMAIL_QUEUE_ERROR | Error de configuración de base de datos.","Exception: DataAccessException","EMAIL_QUEUE_ERROR"
"ERROR","AOCR_20260217.log","2026-02-17 14:21:52.346 | ERROR | CID:N/A | ERR:EMAIL_QUEUE_ERROR | Error de configuración de base de datos.","Exception: DataAccessException","EMAIL_QUEUE_ERROR"
"ERROR","AOCR_20260217.log","2026-02-17 14:22:22.404 | ERROR | CID:N/A | ERR:EMAIL_QUEUE_ERROR | Error de configuración de base de datos.","Exception: DataAccessException","EMAIL_QUEUE_ERROR"
"ERROR","AOCR_20260217.log","2026-02-17 14:22:52.458 | ERROR | CID:N/A | ERR:EMAIL_QUEUE_ERROR | Error de configuración de base de datos.","Exception: DataAccessException","EMAIL_QUEUE_ERROR"
"ERROR","AOCR_20260217.log","2026-02-17 14:23:22.504 | ERROR | CID:N/A | ERR:EMAIL_QUEUE_ERROR | Error de configuración de base de datos.","Exception: DataAccessException","EMAIL_QUEUE_ERROR"
"ERROR","AOCR_20260217.log","2026-02-17 14:23:52.603 | ERROR | CID:N/A | ERR:EMAIL_QUEUE_ERROR | Error de configuración de base de datos.","Exception: DataAccessException","EMAIL_QUEUE_ERROR"
"ERROR","AOCR_20260217.log","2026-02-17 14:24:22.664 | ERROR | CID:N/A | ERR:EMAIL_QUEUE_ERROR | Error de configuración de base de datos.","Exception: DataAccessException","EMAIL_QUEUE_ERROR"
"ERROR","AOCR_20260217.log","2026-02-17 14:24:52.741 | ERROR | CID:N/A | ERR:EMAIL_QUEUE_ERROR | Error de configuración de base de datos.","Exception: DataAccessException","EMAIL_QUEUE_ERROR"
"ERROR","AOCR_20260217.log","2026-02-17 14:25:22.808 | ERROR | CID:N/A | ERR:EMAIL_QUEUE_ERROR | Error de configuración de base de datos.","Exception: DataAccessException","EMAIL_QUEUE_ERROR"
"ERROR","AOCR_20260217.log","2026-02-17 14:25:52.863 | ERROR | CID:N/A | ERR:EMAIL_QUEUE_ERROR | Error de configuración de base de datos.","Exception: DataAccessException","EMAIL_QUEUE_ERROR"
"ERROR","AOCR_20260217.log","2026-02-17 14:26:22.918 | ERROR | CID:N/A | ERR:EMAIL_QUEUE_ERROR | Error de configuración de base de datos.","Exception: DataAccessException","EMAIL_QUEUE_ERROR"
"ERROR","AOCR_20260217.log","2026-02-17 14:26:52.969 | ERROR | CID:N/A | ERR:EMAIL_QUEUE_ERROR | Error de configuración de base de datos.","Exception: DataAccessException","EMAIL_QUEUE_ERROR"
"ERROR","AOCR_20260217.log","2026-02-17 14:27:23.015 | ERROR | CID:N/A | ERR:EMAIL_QUEUE_ERROR | Error de configuración de base de datos.","Exception: DataAccessException","EMAIL_QUEUE_ERROR"
"ERROR","AOCR_20260217.log","2026-02-17 14:27:53.075 | ERROR | CID:N/A | ERR:EMAIL_QUEUE_ERROR | Error de configuración de base de datos.","Exception: DataAccessException","EMAIL_QUEUE_ERROR"
"ERROR","AOCR_20260217.log","2026-02-17 14:28:23.140 | ERROR | CID:N/A | ERR:EMAIL_QUEUE_ERROR | Error de configuración de base de datos.","Exception: DataAccessException","EMAIL_QUEUE_ERROR"
"ERROR","AOCR_20260217.log","2026-02-17 14:28:53.207 | ERROR | CID:N/A | ERR:EMAIL_QUEUE_ERROR | Error de configuración de base de datos.","Exception: DataAccessException","EMAIL_QUEUE_ERROR"
"ERROR","AOCR_20260217.log","2026-02-17 14:29:23.267 | ERROR | CID:N/A | ERR:EMAIL_QUEUE_ERROR | Error de configuración de base de datos.","Exception: DataAccessException","EMAIL_QUEUE_ERROR"
"ERROR","AOCR_20260217.log","2026-02-17 14:29:53.325 | ERROR | CID:N/A | ERR:EMAIL_QUEUE_ERROR | Error de configuración de base de datos.","Exception: DataAccessException","EMAIL_QUEUE_ERROR"
"ERROR","AOCR_20260217.log","2026-02-17 14:30:23.373 | ERROR | CID:N/A | ERR:EMAIL_QUEUE_ERROR | Error de configuración de base de datos.","Exception: DataAccessException","EMAIL_QUEUE_ERROR"
"ERROR","AOCR_20260217.log","2026-02-17 14:30:53.434 | ERROR | CID:N/A | ERR:EMAIL_QUEUE_ERROR | Error de configuración de base de datos.","Exception: DataAccessException","EMAIL_QUEUE_ERROR"
"ERROR","AOCR_20260217.log","2026-02-17 14:31:23.489 | ERROR | CID:N/A | ERR:EMAIL_QUEUE_ERROR | Error de configuración de base de datos.","Exception: DataAccessException","EMAIL_QUEUE_ERROR"
"ERROR","AOCR_20260217.log","2026-02-17 14:31:53.539 | ERROR | CID:N/A | ERR:EMAIL_QUEUE_ERROR | Error de configuración de base de datos.","Exception: DataAccessException","EMAIL_QUEUE_ERROR"
"ERROR","AOCR_20260217.log","2026-02-17 14:32:23.595 | ERROR | CID:N/A | ERR:EMAIL_QUEUE_ERROR | Error de configuración de base de datos.","Exception: DataAccessException","EMAIL_QUEUE_ERROR"
"ERROR","AOCR_20260217.log","2026-02-17 14:32:53.651 | ERROR | CID:N/A | ERR:EMAIL_QUEUE_ERROR | Error de configuración de base de datos.","Exception: DataAccessException","EMAIL_QUEUE_ERROR"
"ERROR","AOCR_20260217.log","2026-02-17 14:33:23.693 | ERROR | CID:N/A | ERR:EMAIL_QUEUE_ERROR | Error de configuración de base de datos.","Exception: DataAccessException","EMAIL_QUEUE_ERROR"
"ERROR","AOCR_20260217.log","2026-02-17 14:33:53.758 | ERROR | CID:N/A | ERR:EMAIL_QUEUE_ERROR | Error de configuración de base de datos.","Exception: DataAccessException","EMAIL_QUEUE_ERROR"
"ERROR","AOCR_20260217.log","2026-02-17 14:34:23.823 | ERROR | CID:N/A | ERR:EMAIL_QUEUE_ERROR | Error de configuración de base de datos.","Exception: DataAccessException","EMAIL_QUEUE_ERROR"
"ERROR","AOCR_20260217.log","2026-02-17 14:34:53.878 | ERROR | CID:N/A | ERR:EMAIL_QUEUE_ERROR | Error de configuración de base de datos.","Exception: DataAccessException","EMAIL_QUEUE_ERROR"
"ERROR","AOCR_20260217.log","2026-02-17 14:35:23.949 | ERROR | CID:N/A | ERR:EMAIL_QUEUE_ERROR | Error de configuración de base de datos.","Exception: DataAccessException","EMAIL_QUEUE_ERROR"
"ERROR","AOCR_20260217.log","2026-02-17 14:35:54.020 | ERROR | CID:N/A | ERR:EMAIL_QUEUE_ERROR | Error de configuración de base de datos.","Exception: DataAccessException","EMAIL_QUEUE_ERROR"
"ERROR","AOCR_20260217.log","2026-02-17 14:36:24.085 | ERROR | CID:N/A | ERR:EMAIL_QUEUE_ERROR | Error de configuración de base de datos.","Exception: DataAccessException","EMAIL_QUEUE_ERROR"
"ERROR","AOCR_20260217.log","2026-02-17 14:36:54.145 | ERROR | CID:N/A | ERR:EMAIL_QUEUE_ERROR | Error de configuración de base de datos.","Exception: DataAccessException","EMAIL_QUEUE_ERROR"
"ERROR","AOCR_20260217.log","2026-02-17 14:37:24.216 | ERROR | CID:N/A | ERR:EMAIL_QUEUE_ERROR | Error de configuración de base de datos.","Exception: DataAccessException","EMAIL_QUEUE_ERROR"
"ERROR","AOCR_20260217.log","2026-02-17 14:37:54.274 | ERROR | CID:N/A | ERR:EMAIL_QUEUE_ERROR | Error de configuración de base de datos.","Exception: DataAccessException","EMAIL_QUEUE_ERROR"
"ERROR","AOCR_20260217.log","2026-02-17 14:38:24.330 | ERROR | CID:N/A | ERR:EMAIL_QUEUE_ERROR | Error de configuración de base de datos.","Exception: DataAccessException","EMAIL_QUEUE_ERROR"
"ERROR","AOCR_20260217.log","2026-02-17 14:38:54.378 | ERROR | CID:N/A | ERR:EMAIL_QUEUE_ERROR | Error de configuración de base de datos.","Exception: DataAccessException","EMAIL_QUEUE_ERROR"
"ERROR","AOCR_20260217.log","2026-02-17 14:39:24.422 | ERROR | CID:N/A | ERR:EMAIL_QUEUE_ERROR | Error de configuración de base de datos.","Exception: DataAccessException","EMAIL_QUEUE_ERROR"
"ERROR","AOCR_20260217.log","2026-02-17 14:39:54.484 | ERROR | CID:N/A | ERR:EMAIL_QUEUE_ERROR | Error de configuración de base de datos.","Exception: DataAccessException","EMAIL_QUEUE_ERROR"
"ERROR","AOCR_20260217.log","2026-02-17 14:40:24.543 | ERROR | CID:N/A | ERR:EMAIL_QUEUE_ERROR | Error de configuración de base de datos.","Exception: DataAccessException","EMAIL_QUEUE_ERROR"
"ERROR","AOCR_20260217.log","2026-02-17 14:40:54.602 | ERROR | CID:N/A | ERR:EMAIL_QUEUE_ERROR | Error de configuración de base de datos.","Exception: DataAccessException","EMAIL_QUEUE_ERROR"
"ERROR","AOCR_20260217.log","2026-02-17 14:41:24.665 | ERROR | CID:N/A | ERR:EMAIL_QUEUE_ERROR | Error de configuración de base de datos.","Exception: DataAccessException","EMAIL_QUEUE_ERROR"
"ERROR","AOCR_20260217.log","2026-02-17 14:41:54.707 | ERROR | CID:N/A | ERR:EMAIL_QUEUE_ERROR | Error de configuración de base de datos.","Exception: DataAccessException","EMAIL_QUEUE_ERROR"
"ERROR","AOCR_20260217.log","2026-02-17 14:42:24.756 | ERROR | CID:N/A | ERR:EMAIL_QUEUE_ERROR | Error de configuración de base de datos.","Exception: DataAccessException","EMAIL_QUEUE_ERROR"
"ERROR","AOCR_20260217.log","2026-02-17 14:42:54.802 | ERROR | CID:N/A | ERR:EMAIL_QUEUE_ERROR | Error de configuración de base de datos.","Exception: DataAccessException","EMAIL_QUEUE_ERROR"
"ERROR","AOCR_20260217.log","2026-02-17 14:43:24.860 | ERROR | CID:N/A | ERR:EMAIL_QUEUE_ERROR | Error de configuración de base de datos.","Exception: DataAccessException","EMAIL_QUEUE_ERROR"
"ERROR","AOCR_20260217.log","2026-02-17 14:43:54.913 | ERROR | CID:N/A | ERR:EMAIL_QUEUE_ERROR | Error de configuración de base de datos.","Exception: DataAccessException","EMAIL_QUEUE_ERROR"
"ERROR","AOCR_20260217.log","2026-02-17 14:44:24.965 | ERROR | CID:N/A | ERR:EMAIL_QUEUE_ERROR | Error de configuración de base de datos.","Exception: DataAccessException","EMAIL_QUEUE_ERROR"
"ERROR","AOCR_20260217.log","2026-02-17 14:44:55.020 | ERROR | CID:N/A | ERR:EMAIL_QUEUE_ERROR | Error de configuración de base de datos.","Exception: DataAccessException","EMAIL_QUEUE_ERROR"
"ERROR","AOCR_20260217.log","2026-02-17 14:45:25.074 | ERROR | CID:N/A | ERR:EMAIL_QUEUE_ERROR | Error de configuración de base de datos.","Exception: DataAccessException","EMAIL_QUEUE_ERROR"
"ERROR","AOCR_20260217.log","2026-02-17 14:45:55.126 | ERROR | CID:N/A | ERR:EMAIL_QUEUE_ERROR | Error de configuración de base de datos.","Exception: DataAccessException","EMAIL_QUEUE_ERROR"
"ERROR","AOCR_20260217.log","2026-02-17 14:46:25.190 | ERROR | CID:N/A | ERR:EMAIL_QUEUE_ERROR | Error de configuración de base de datos.","Exception: DataAccessException","EMAIL_QUEUE_ERROR"
"ERROR","AOCR_20260217.log","2026-02-17 14:46:55.251 | ERROR | CID:N/A | ERR:EMAIL_QUEUE_ERROR | Error de configuración de base de datos.","Exception: DataAccessException","EMAIL_QUEUE_ERROR"
"ERROR","AOCR_20260217.log","2026-02-17 14:47:25.293 | ERROR | CID:N/A | ERR:EMAIL_QUEUE_ERROR | Error de configuración de base de datos.","Exception: DataAccessException","EMAIL_QUEUE_ERROR"
"ERROR","AOCR_20260217.log","2026-02-17 14:47:55.358 | ERROR | CID:N/A | ERR:EMAIL_QUEUE_ERROR | Error de configuración de base de datos.","Exception: DataAccessException","EMAIL_QUEUE_ERROR"
"ERROR","AOCR_20260217.log","2026-02-17 14:48:25.431 | ERROR | CID:N/A | ERR:EMAIL_QUEUE_ERROR | Error de configuración de base de datos.","Exception: DataAccessException","EMAIL_QUEUE_ERROR"
"ERROR","AOCR_20260217.log","2026-02-17 14:48:55.475 | ERROR | CID:N/A | ERR:EMAIL_QUEUE_ERROR | Error de configuración de base de datos.","Exception: DataAccessException","EMAIL_QUEUE_ERROR"
"ERROR","AOCR_20260217.log","2026-02-17 14:49:25.520 | ERROR | CID:N/A | ERR:EMAIL_QUEUE_ERROR | Error de configuración de base de datos.","Exception: DataAccessException","EMAIL_QUEUE_ERROR"
"ERROR","AOCR_20260217.log","2026-02-17 14:49:55.562 | ERROR | CID:N/A | ERR:EMAIL_QUEUE_ERROR | Error de configuración de base de datos.","Exception: DataAccessException","EMAIL_QUEUE_ERROR"
"ERROR","AOCR_20260217.log","2026-02-17 14:50:25.604 | ERROR | CID:N/A | ERR:EMAIL_QUEUE_ERROR | Error de configuración de base de datos.","Exception: DataAccessException","EMAIL_QUEUE_ERROR"
"ERROR","AOCR_20260217.log","2026-02-17 14:50:55.664 | ERROR | CID:N/A | ERR:EMAIL_QUEUE_ERROR | Error de configuración de base de datos.","Exception: DataAccessException","EMAIL_QUEUE_ERROR"
"ERROR","AOCR_20260217.log","2026-02-17 14:51:25.730 | ERROR | CID:N/A | ERR:EMAIL_QUEUE_ERROR | Error de configuración de base de datos.","Exception: DataAccessException","EMAIL_QUEUE_ERROR"
"ERROR","AOCR_20260217.log","2026-02-17 14:51:55.804 | ERROR | CID:N/A | ERR:EMAIL_QUEUE_ERROR | Error de configuración de base de datos.","Exception: DataAccessException","EMAIL_QUEUE_ERROR"
"ERROR","AOCR_20260217.log","2026-02-17 14:52:25.857 | ERROR | CID:N/A | ERR:EMAIL_QUEUE_ERROR | Error de configuración de base de datos.","Exception: DataAccessException","EMAIL_QUEUE_ERROR"
"ERROR","AOCR_20260217.log","2026-02-17 14:52:55.919 | ERROR | CID:N/A | ERR:EMAIL_QUEUE_ERROR | Error de configuración de base de datos.","Exception: DataAccessException","EMAIL_QUEUE_ERROR"
"ERROR","AOCR_20260217.log","2026-02-17 14:53:25.970 | ERROR | CID:N/A | ERR:EMAIL_QUEUE_ERROR | Error de configuración de base de datos.","Exception: DataAccessException","EMAIL_QUEUE_ERROR"
"ERROR","AOCR_20260217.log","2026-02-17 14:53:56.028 | ERROR | CID:N/A | ERR:EMAIL_QUEUE_ERROR | Error de configuración de base de datos.","Exception: DataAccessException","EMAIL_QUEUE_ERROR"
"ERROR","AOCR_20260217.log","2026-02-17 14:54:26.085 | ERROR | CID:N/A | ERR:EMAIL_QUEUE_ERROR | Error de configuración de base de datos.","Exception: DataAccessException","EMAIL_QUEUE_ERROR"
"ERROR","AOCR_20260217.log","2026-02-17 14:54:56.141 | ERROR | CID:N/A | ERR:EMAIL_QUEUE_ERROR | Error de configuración de base de datos.","Exception: DataAccessException","EMAIL_QUEUE_ERROR"
"ERROR","AOCR_20260217.log","2026-02-17 14:55:26.202 | ERROR | CID:N/A | ERR:EMAIL_QUEUE_ERROR | Error de configuración de base de datos.","Exception: DataAccessException","EMAIL_QUEUE_ERROR"
"ERROR","AOCR_20260217.log","2026-02-17 14:55:56.257 | ERROR | CID:N/A | ERR:EMAIL_QUEUE_ERROR | Error de configuración de base de datos.","Exception: DataAccessException","EMAIL_QUEUE_ERROR"
"ERROR","AOCR_20260217.log","2026-02-17 14:56:26.310 | ERROR | CID:N/A | ERR:EMAIL_QUEUE_ERROR | Error de configuración de base de datos.","Exception: DataAccessException","EMAIL_QUEUE_ERROR"
"ERROR","AOCR_20260217.log","2026-02-17 14:56:56.360 | ERROR | CID:N/A | ERR:EMAIL_QUEUE_ERROR | Error de configuración de base de datos.","Exception: DataAccessException","EMAIL_QUEUE_ERROR"
"ERROR","AOCR_20260217.log","2026-02-17 14:57:26.409 | ERROR | CID:N/A | ERR:EMAIL_QUEUE_ERROR | Error de configuración de base de datos.","Exception: DataAccessException","EMAIL_QUEUE_ERROR"
"ERROR","AOCR_20260217.log","2026-02-17 14:57:56.463 | ERROR | CID:N/A | ERR:EMAIL_QUEUE_ERROR | Error de configuración de base de datos.","Exception: DataAccessException","EMAIL_QUEUE_ERROR"
"ERROR","AOCR_20260217.log","2026-02-17 14:58:26.516 | ERROR | CID:N/A | ERR:EMAIL_QUEUE_ERROR | Error de configuración de base de datos.","Exception: DataAccessException","EMAIL_QUEUE_ERROR"
"ERROR","AOCR_20260217.log","2026-02-17 14:58:56.570 | ERROR | CID:N/A | ERR:EMAIL_QUEUE_ERROR | Error de configuración de base de datos.","Exception: DataAccessException","EMAIL_QUEUE_ERROR"
"ERROR","AOCR_20260217.log","2026-02-17 14:59:26.623 | ERROR | CID:N/A | ERR:EMAIL_QUEUE_ERROR | Error de configuración de base de datos.","Exception: DataAccessException","EMAIL_QUEUE_ERROR"
"ERROR","AOCR_20260217.log","2026-02-17 14:59:56.677 | ERROR | CID:N/A | ERR:EMAIL_QUEUE_ERROR | Error de configuración de base de datos.","Exception: DataAccessException","EMAIL_QUEUE_ERROR"
"ERROR","AOCR_20260217.log","2026-02-17 15:00:26.728 | ERROR | CID:N/A | ERR:EMAIL_QUEUE_ERROR | Error de configuración de base de datos.","Exception: DataAccessException","EMAIL_QUEUE_ERROR"
"ERROR","AOCR_20260217.log","2026-02-17 15:00:56.804 | ERROR | CID:N/A | ERR:EMAIL_QUEUE_ERROR | Error de configuración de base de datos.","Exception: DataAccessException","EMAIL_QUEUE_ERROR"
"ERROR","AOCR_20260217.log","2026-02-17 15:01:26.878 | ERROR | CID:N/A | ERR:EMAIL_QUEUE_ERROR | Error de configuración de base de datos.","Exception: DataAccessException","EMAIL_QUEUE_ERROR"
"ERROR","AOCR_20260217.log","2026-02-17 15:01:56.946 | ERROR | CID:N/A | ERR:EMAIL_QUEUE_ERROR | Error de configuración de base de datos.","Exception: DataAccessException","EMAIL_QUEUE_ERROR"
"ERROR","AOCR_20260217.log","2026-02-17 15:02:26.991 | ERROR | CID:N/A | ERR:EMAIL_QUEUE_ERROR | Error de configuración de base de datos.","Exception: DataAccessException","EMAIL_QUEUE_ERROR"
"ERROR","AOCR_20260217.log","2026-02-17 15:02:57.048 | ERROR | CID:N/A | ERR:EMAIL_QUEUE_ERROR | Error de configuración de base de datos.","Exception: DataAccessException","EMAIL_QUEUE_ERROR"
"ERROR","AOCR_20260217.log","2026-02-17 15:03:27.098 | ERROR | CID:N/A | ERR:EMAIL_QUEUE_ERROR | Error de configuración de base de datos.","Exception: DataAccessException","EMAIL_QUEUE_ERROR"
"ERROR","AOCR_20260217.log","2026-02-17 15:03:57.146 | ERROR | CID:N/A | ERR:EMAIL_QUEUE_ERROR | Error de configuración de base de datos.","Exception: DataAccessException","EMAIL_QUEUE_ERROR"
"ERROR","AOCR_20260217.log","2026-02-17 15:04:27.205 | ERROR | CID:N/A | ERR:EMAIL_QUEUE_ERROR | Error de configuración de base de datos.","Exception: DataAccessException","EMAIL_QUEUE_ERROR"
"ERROR","AOCR_20260217.log","2026-02-17 15:04:57.264 | ERROR | CID:N/A | ERR:EMAIL_QUEUE_ERROR | Error de configuración de base de datos.","Exception: DataAccessException","EMAIL_QUEUE_ERROR"
"ERROR","AOCR_20260217.log","2026-02-17 15:05:27.333 | ERROR | CID:N/A | ERR:EMAIL_QUEUE_ERROR | Error de configuración de base de datos.","Exception: DataAccessException","EMAIL_QUEUE_ERROR"
"ERROR","AOCR_20260217.log","2026-02-17 15:05:57.382 | ERROR | CID:N/A | ERR:EMAIL_QUEUE_ERROR | Error de configuración de base de datos.","Exception: DataAccessException","EMAIL_QUEUE_ERROR"
"ERROR","AOCR_20260217.log","2026-02-17 15:06:27.449 | ERROR | CID:N/A | ERR:EMAIL_QUEUE_ERROR | Error de configuración de base de datos.","Exception: DataAccessException","EMAIL_QUEUE_ERROR"
"ERROR","AOCR_20260217.log","2026-02-17 15:06:57.506 | ERROR | CID:N/A | ERR:EMAIL_QUEUE_ERROR | Error de configuración de base de datos.","Exception: DataAccessException","EMAIL_QUEUE_ERROR"
"ERROR","AOCR_20260217.log","2026-02-17 15:07:27.555 | ERROR | CID:N/A | ERR:EMAIL_QUEUE_ERROR | Error de configuración de base de datos.","Exception: DataAccessException","EMAIL_QUEUE_ERROR"
"ERROR","AOCR_20260217.log","2026-02-17 15:07:57.614 | ERROR | CID:N/A | ERR:EMAIL_QUEUE_ERROR | Error de configuración de base de datos.","Exception: DataAccessException","EMAIL_QUEUE_ERROR"
"ERROR","AOCR_20260217.log","2026-02-17 15:08:27.668 | ERROR | CID:N/A | ERR:EMAIL_QUEUE_ERROR | Error de configuración de base de datos.","Exception: DataAccessException","EMAIL_QUEUE_ERROR"
"ERROR","AOCR_20260217.log","2026-02-17 15:08:57.730 | ERROR | CID:N/A | ERR:EMAIL_QUEUE_ERROR | Error de configuración de base de datos.","Exception: DataAccessException","EMAIL_QUEUE_ERROR"
"ERROR","AOCR_20260217.log","2026-02-17 15:09:27.781 | ERROR | CID:N/A | ERR:EMAIL_QUEUE_ERROR | Error de configuración de base de datos.","Exception: DataAccessException","EMAIL_QUEUE_ERROR"
"ERROR","AOCR_20260217.log","2026-02-17 15:09:57.832 | ERROR | CID:N/A | ERR:EMAIL_QUEUE_ERROR | Error de configuración de base de datos.","Exception: DataAccessException","EMAIL_QUEUE_ERROR"
"ERROR","AOCR_20260217.log","2026-02-17 15:10:27.876 | ERROR | CID:N/A | ERR:EMAIL_QUEUE_ERROR | Error de configuración de base de datos.","Exception: DataAccessException","EMAIL_QUEUE_ERROR"
"ERROR","AOCR_20260217.log","2026-02-17 15:10:57.923 | ERROR | CID:N/A | ERR:EMAIL_QUEUE_ERROR | Error de configuración de base de datos.","Exception: DataAccessException","EMAIL_QUEUE_ERROR"
"ERROR","AOCR_20260217.log","2026-02-17 15:11:27.985 | ERROR | CID:N/A | ERR:EMAIL_QUEUE_ERROR | Error de configuración de base de datos.","Exception: DataAccessException","EMAIL_QUEUE_ERROR"
"ERROR","AOCR_20260217.log","2026-02-17 15:11:58.051 | ERROR | CID:N/A | ERR:EMAIL_QUEUE_ERROR | Error de configuración de base de datos.","Exception: DataAccessException","EMAIL_QUEUE_ERROR"
"ERROR","AOCR_20260217.log","2026-02-17 15:12:28.107 | ERROR | CID:N/A | ERR:EMAIL_QUEUE_ERROR | Error de configuración de base de datos.","Exception: DataAccessException","EMAIL_QUEUE_ERROR"
"ERROR","AOCR_20260217.log","2026-02-17 15:12:58.165 | ERROR | CID:N/A | ERR:EMAIL_QUEUE_ERROR | Error de configuración de base de datos.","Exception: DataAccessException","EMAIL_QUEUE_ERROR"
"ERROR","AOCR_20260217.log","2026-02-17 15:13:28.224 | ERROR | CID:N/A | ERR:EMAIL_QUEUE_ERROR | Error de configuración de base de datos.","Exception: DataAccessException","EMAIL_QUEUE_ERROR"
"ERROR","AOCR_20260217.log","2026-02-17 15:13:58.277 | ERROR | CID:N/A | ERR:EMAIL_QUEUE_ERROR | Error de configuración de base de datos.","Exception: DataAccessException","EMAIL_QUEUE_ERROR"
"ERROR","AOCR_20260217.log","2026-02-17 15:14:28.335 | ERROR | CID:N/A | ERR:EMAIL_QUEUE_ERROR | Error de configuración de base de datos.","Exception: DataAccessException","EMAIL_QUEUE_ERROR"
"ERROR","AOCR_20260217.log","2026-02-17 15:14:58.379 | ERROR | CID:N/A | ERR:EMAIL_QUEUE_ERROR | Error de configuración de base de datos.","Exception: DataAccessException","EMAIL_QUEUE_ERROR"
"ERROR","AOCR_20260217.log","2026-02-17 15:15:28.435 | ERROR | CID:N/A | ERR:EMAIL_QUEUE_ERROR | Error de configuración de base de datos.","Exception: DataAccessException","EMAIL_QUEUE_ERROR"
"ERROR","AOCR_20260217.log","2026-02-17 15:15:58.497 | ERROR | CID:N/A | ERR:EMAIL_QUEUE_ERROR | Error de configuración de base de datos.","Exception: DataAccessException","EMAIL_QUEUE_ERROR"
"ERROR","AOCR_20260217.log","2026-02-17 15:16:28.568 | ERROR | CID:N/A | ERR:EMAIL_QUEUE_ERROR | Error de configuración de base de datos.","Exception: DataAccessException","EMAIL_QUEUE_ERROR"
"ERROR","AOCR_20260217.log","2026-02-17 15:16:58.649 | ERROR | CID:N/A | ERR:EMAIL_QUEUE_ERROR | Error de configuración de base de datos.","Exception: DataAccessException","EMAIL_QUEUE_ERROR"
"ERROR","AOCR_20260217.log","2026-02-17 15:17:28.707 | ERROR | CID:N/A | ERR:EMAIL_QUEUE_ERROR | Error de configuración de base de datos.","Exception: DataAccessException","EMAIL_QUEUE_ERROR"
"ERROR","AOCR_20260217.log","2026-02-17 15:17:58.760 | ERROR | CID:N/A | ERR:EMAIL_QUEUE_ERROR | Error de configuración de base de datos.","Exception: DataAccessException","EMAIL_QUEUE_ERROR"
"ERROR","AOCR_20260217.log","2026-02-17 15:18:28.817 | ERROR | CID:N/A | ERR:EMAIL_QUEUE_ERROR | Error de configuración de base de datos.","Exception: DataAccessException","EMAIL_QUEUE_ERROR"
"ERROR","AOCR_20260217.log","2026-02-17 15:18:58.866 | ERROR | CID:N/A | ERR:EMAIL_QUEUE_ERROR | Error de configuración de base de datos.","Exception: DataAccessException","EMAIL_QUEUE_ERROR"
"ERROR","AOCR_20260217.log","2026-02-17 15:19:28.922 | ERROR | CID:N/A | ERR:EMAIL_QUEUE_ERROR | Error de configuración de base de datos.","Exception: DataAccessException","EMAIL_QUEUE_ERROR"
"ERROR","AOCR_20260217.log","2026-02-17 15:19:58.981 | ERROR | CID:N/A | ERR:EMAIL_QUEUE_ERROR | Error de configuración de base de datos.","Exception: DataAccessException","EMAIL_QUEUE_ERROR"
"ERROR","AOCR_20260217.log","2026-02-17 15:20:29.040 | ERROR | CID:N/A | ERR:EMAIL_QUEUE_ERROR | Error de configuración de base de datos.","Exception: DataAccessException","EMAIL_QUEUE_ERROR"
"ERROR","AOCR_20260217.log","2026-02-17 15:20:59.099 | ERROR | CID:N/A | ERR:EMAIL_QUEUE_ERROR | Error de configuración de base de datos.","Exception: DataAccessException","EMAIL_QUEUE_ERROR"
"ERROR","AOCR_20260217.log","2026-02-17 15:21:29.159 | ERROR | CID:N/A | ERR:EMAIL_QUEUE_ERROR | Error de configuración de base de datos.","Exception: DataAccessException","EMAIL_QUEUE_ERROR"
"ERROR","AOCR_20260217.log","2026-02-17 15:21:59.208 | ERROR | CID:N/A | ERR:EMAIL_QUEUE_ERROR | Error de configuración de base de datos.","Exception: DataAccessException","EMAIL_QUEUE_ERROR"
"ERROR","AOCR_20260217.log","2026-02-17 15:22:29.265 | ERROR | CID:N/A | ERR:EMAIL_QUEUE_ERROR | Error de configuración de base de datos.","Exception: DataAccessException","EMAIL_QUEUE_ERROR"
"ERROR","AOCR_20260217.log","2026-02-17 15:22:59.332 | ERROR | CID:N/A | ERR:EMAIL_QUEUE_ERROR | Error de configuración de base de datos.","Exception: DataAccessException","EMAIL_QUEUE_ERROR"
"ERROR","AOCR_20260217.log","2026-02-17 15:23:29.389 | ERROR | CID:N/A | ERR:EMAIL_QUEUE_ERROR | Error de configuración de base de datos.","Exception: DataAccessException","EMAIL_QUEUE_ERROR"
"ERROR","AOCR_20260217.log","2026-02-17 15:23:59.459 | ERROR | CID:N/A | ERR:EMAIL_QUEUE_ERROR | Error de configuración de base de datos.","Exception: DataAccessException","EMAIL_QUEUE_ERROR"
"ERROR","AOCR_20260217.log","2026-02-17 15:24:29.512 | ERROR | CID:N/A | ERR:EMAIL_QUEUE_ERROR | Error de configuración de base de datos.","Exception: DataAccessException","EMAIL_QUEUE_ERROR"
"ERROR","AOCR_20260217.log","2026-02-17 15:24:59.567 | ERROR | CID:N/A | ERR:EMAIL_QUEUE_ERROR | Error de configuración de base de datos.","Exception: DataAccessException","EMAIL_QUEUE_ERROR"
"ERROR","AOCR_20260217.log","2026-02-17 15:25:29.629 | ERROR | CID:N/A | ERR:EMAIL_QUEUE_ERROR | Error de configuración de base de datos.","Exception: DataAccessException","EMAIL_QUEUE_ERROR"
"ERROR","AOCR_20260217.log","2026-02-17 15:25:59.691 | ERROR | CID:N/A | ERR:EMAIL_QUEUE_ERROR | Error de configuración de base de datos.","Exception: DataAccessException","EMAIL_QUEUE_ERROR"
"ERROR","AOCR_20260217.log","2026-02-17 15:26:29.757 | ERROR | CID:N/A | ERR:EMAIL_QUEUE_ERROR | Error de configuración de base de datos.","Exception: DataAccessException","EMAIL_QUEUE_ERROR"
"ERROR","AOCR_20260217.log","2026-02-17 15:26:59.827 | ERROR | CID:N/A | ERR:EMAIL_QUEUE_ERROR | Error de configuración de base de datos.","Exception: DataAccessException","EMAIL_QUEUE_ERROR"
"ERROR","AOCR_20260217.log","2026-02-17 15:27:29.877 | ERROR | CID:N/A | ERR:EMAIL_QUEUE_ERROR | Error de configuración de base de datos.","Exception: DataAccessException","EMAIL_QUEUE_ERROR"
"ERROR","AOCR_20260217.log","2026-02-17 15:27:59.932 | ERROR | CID:N/A | ERR:EMAIL_QUEUE_ERROR | Error de configuración de base de datos.","Exception: DataAccessException","EMAIL_QUEUE_ERROR"
"ERROR","AOCR_20260217.log","2026-02-17 15:28:29.984 | ERROR | CID:N/A | ERR:EMAIL_QUEUE_ERROR | Error de configuración de base de datos.","Exception: DataAccessException","EMAIL_QUEUE_ERROR"
"ERROR","AOCR_20260217.log","2026-02-17 15:29:00.041 | ERROR | CID:N/A | ERR:EMAIL_QUEUE_ERROR | Error de configuración de base de datos.","Exception: DataAccessException","EMAIL_QUEUE_ERROR"
"ERROR","AOCR_20260217.log","2026-02-17 15:29:30.094 | ERROR | CID:N/A | ERR:EMAIL_QUEUE_ERROR | Error de configuración de base de datos.","Exception: DataAccessException","EMAIL_QUEUE_ERROR"
"ERROR","AOCR_20260217.log","2026-02-17 15:30:00.144 | ERROR | CID:N/A | ERR:EMAIL_QUEUE_ERROR | Error de configuración de base de datos.","Exception: DataAccessException","EMAIL_QUEUE_ERROR"
"ERROR","AOCR_20260217.log","2026-02-17 15:30:30.192 | ERROR | CID:N/A | ERR:EMAIL_QUEUE_ERROR | Error de configuración de base de datos.","Exception: DataAccessException","EMAIL_QUEUE_ERROR"
"ERROR","AOCR_20260217.log","2026-02-17 15:31:00.243 | ERROR | CID:N/A | ERR:EMAIL_QUEUE_ERROR | Error de configuración de base de datos.","Exception: DataAccessException","EMAIL_QUEUE_ERROR"
"ERROR","AOCR_20260217.log","2026-02-17 15:31:30.298 | ERROR | CID:N/A | ERR:EMAIL_QUEUE_ERROR | Error de configuración de base de datos.","Exception: DataAccessException","EMAIL_QUEUE_ERROR"
"ERROR","AOCR_20260217.log","2026-02-17 15:32:00.353 | ERROR | CID:N/A | ERR:EMAIL_QUEUE_ERROR | Error de configuración de base de datos.","Exception: DataAccessException","EMAIL_QUEUE_ERROR"
"ERROR","AOCR_20260217.log","2026-02-17 15:32:30.407 | ERROR | CID:N/A | ERR:EMAIL_QUEUE_ERROR | Error de configuración de base de datos.","Exception: DataAccessException","EMAIL_QUEUE_ERROR"
"ERROR","AOCR_20260217.log","2026-02-17 15:33:00.456 | ERROR | CID:N/A | ERR:EMAIL_QUEUE_ERROR | Error de configuración de base de datos.","Exception: DataAccessException","EMAIL_QUEUE_ERROR"
"ERROR","AOCR_20260217.log","2026-02-17 15:33:30.514 | ERROR | CID:N/A | ERR:EMAIL_QUEUE_ERROR | Error de configuración de base de datos.","Exception: DataAccessException","EMAIL_QUEUE_ERROR"
"ERROR","AOCR_20260217.log","2026-02-17 15:34:00.565 | ERROR | CID:N/A | ERR:EMAIL_QUEUE_ERROR | Error de configuración de base de datos.","Exception: DataAccessException","EMAIL_QUEUE_ERROR"
"ERROR","AOCR_20260217.log","2026-02-17 15:34:30.616 | ERROR | CID:N/A | ERR:EMAIL_QUEUE_ERROR | Error de configuración de base de datos.","Exception: DataAccessException","EMAIL_QUEUE_ERROR"
"ERROR","AOCR_20260217.log","2026-02-17 15:35:00.684 | ERROR | CID:N/A | ERR:EMAIL_QUEUE_ERROR | Error de configuración de base de datos.","Exception: DataAccessException","EMAIL_QUEUE_ERROR"
"ERROR","AOCR_20260217.log","2026-02-17 15:35:30.748 | ERROR | CID:N/A | ERR:EMAIL_QUEUE_ERROR | Error de configuración de base de datos.","Exception: DataAccessException","EMAIL_QUEUE_ERROR"
"ERROR","AOCR_20260217.log","2026-02-17 15:36:00.805 | ERROR | CID:N/A | ERR:EMAIL_QUEUE_ERROR | Error de configuración de base de datos.","Exception: DataAccessException","EMAIL_QUEUE_ERROR"
"ERROR","AOCR_20260217.log","2026-02-17 15:36:30.864 | ERROR | CID:N/A | ERR:EMAIL_QUEUE_ERROR | Error de configuración de base de datos.","Exception: DataAccessException","EMAIL_QUEUE_ERROR"
"ERROR","AOCR_20260217.log","2026-02-17 15:37:00.928 | ERROR | CID:N/A | ERR:EMAIL_QUEUE_ERROR | Error de configuración de base de datos.","Exception: DataAccessException","EMAIL_QUEUE_ERROR"
"ERROR","AOCR_20260217.log","2026-02-17 15:37:31.000 | ERROR | CID:N/A | ERR:EMAIL_QUEUE_ERROR | Error de configuración de base de datos.","Exception: DataAccessException","EMAIL_QUEUE_ERROR"
"ERROR","AOCR_20260217.log","2026-02-17 15:38:01.060 | ERROR | CID:N/A | ERR:EMAIL_QUEUE_ERROR | Error de configuración de base de datos.","Exception: DataAccessException","EMAIL_QUEUE_ERROR"
"ERROR","AOCR_20260217.log","2026-02-17 15:38:31.125 | ERROR | CID:N/A | ERR:EMAIL_QUEUE_ERROR | Error de configuración de base de datos.","Exception: DataAccessException","EMAIL_QUEUE_ERROR"
"ERROR","AOCR_20260217.log","2026-02-17 15:39:01.192 | ERROR | CID:N/A | ERR:EMAIL_QUEUE_ERROR | Error de configuración de base de datos.","Exception: DataAccessException","EMAIL_QUEUE_ERROR"
"ERROR","AOCR_20260217.log","2026-02-17 15:39:31.242 | ERROR | CID:N/A | ERR:EMAIL_QUEUE_ERROR | Error de configuración de base de datos.","Exception: DataAccessException","EMAIL_QUEUE_ERROR"
"ERROR","AOCR_20260217.log","2026-02-17 15:40:01.302 | ERROR | CID:N/A | ERR:EMAIL_QUEUE_ERROR | Error de configuración de base de datos.","Exception: DataAccessException","EMAIL_QUEUE_ERROR"
"ERROR","AOCR_20260217.log","2026-02-17 15:40:31.355 | ERROR | CID:N/A | ERR:EMAIL_QUEUE_ERROR | Error de configuración de base de datos.","Exception: DataAccessException","EMAIL_QUEUE_ERROR"
"ERROR","AOCR_20260217.log","2026-02-17 15:41:01.411 | ERROR | CID:N/A | ERR:EMAIL_QUEUE_ERROR | Error de configuración de base de datos.","Exception: DataAccessException","EMAIL_QUEUE_ERROR"
"ERROR","AOCR_20260217.log","2026-02-17 15:41:31.469 | ERROR | CID:N/A | ERR:EMAIL_QUEUE_ERROR | Error de configuración de base de datos.","Exception: DataAccessException","EMAIL_QUEUE_ERROR"
"ERROR","AOCR_20260217.log","2026-02-17 15:42:01.532 | ERROR | CID:N/A | ERR:EMAIL_QUEUE_ERROR | Error de configuración de base de datos.","Exception: DataAccessException","EMAIL_QUEUE_ERROR"
"ERROR","AOCR_20260217.log","2026-02-17 15:42:31.588 | ERROR | CID:N/A | ERR:EMAIL_QUEUE_ERROR | Error de configuración de base de datos.","Exception: DataAccessException","EMAIL_QUEUE_ERROR"
"ERROR","AOCR_20260217.log","2026-02-17 15:43:01.639 | ERROR | CID:N/A | ERR:EMAIL_QUEUE_ERROR | Error de configuración de base de datos.","Exception: DataAccessException","EMAIL_QUEUE_ERROR"
"ERROR","AOCR_20260217.log","2026-02-17 15:43:31.686 | ERROR | CID:N/A | ERR:EMAIL_QUEUE_ERROR | Error de configuración de base de datos.","Exception: DataAccessException","EMAIL_QUEUE_ERROR"
"ERROR","AOCR_20260217.log","2026-02-17 15:44:01.748 | ERROR | CID:N/A | ERR:EMAIL_QUEUE_ERROR | Error de configuración de base de datos.","Exception: DataAccessException","EMAIL_QUEUE_ERROR"
"ERROR","AOCR_20260217.log","2026-02-17 15:44:31.809 | ERROR | CID:N/A | ERR:EMAIL_QUEUE_ERROR | Error de configuración de base de datos.","Exception: DataAccessException","EMAIL_QUEUE_ERROR"
"ERROR","AOCR_20260217.log","2026-02-17 15:45:01.880 | ERROR | CID:N/A | ERR:EMAIL_QUEUE_ERROR | Error de configuración de base de datos.","Exception: DataAccessException","EMAIL_QUEUE_ERROR"
"ERROR","AOCR_20260217.log","2026-02-17 15:45:31.931 | ERROR | CID:N/A | ERR:EMAIL_QUEUE_ERROR | Error de configuración de base de datos.","Exception: DataAccessException","EMAIL_QUEUE_ERROR"
"ERROR","AOCR_20260217.log","2026-02-17 15:46:01.984 | ERROR | CID:N/A | ERR:EMAIL_QUEUE_ERROR | Error de configuración de base de datos.","Exception: DataAccessException","EMAIL_QUEUE_ERROR"
"ERROR","AOCR_20260217.log","2026-02-17 15:46:32.043 | ERROR | CID:N/A | ERR:EMAIL_QUEUE_ERROR | Error de configuración de base de datos.","Exception: DataAccessException","EMAIL_QUEUE_ERROR"
"ERROR","AOCR_20260217.log","2026-02-17 15:47:02.097 | ERROR | CID:N/A | ERR:EMAIL_QUEUE_ERROR | Error de configuración de base de datos.","Exception: DataAccessException","EMAIL_QUEUE_ERROR"
"ERROR","AOCR_20260217.log","2026-02-17 15:47:32.148 | ERROR | CID:N/A | ERR:EMAIL_QUEUE_ERROR | Error de configuración de base de datos.","Exception: DataAccessException","EMAIL_QUEUE_ERROR"
"ERROR","AOCR_20260217.log","2026-02-17 15:48:02.190 | ERROR | CID:N/A | ERR:EMAIL_QUEUE_ERROR | Error de configuración de base de datos.","Exception: DataAccessException","EMAIL_QUEUE_ERROR"
"ERROR","AOCR_20260217.log","2026-02-17 15:48:32.248 | ERROR | CID:N/A | ERR:EMAIL_QUEUE_ERROR | Error de configuración de base de datos.","Exception: DataAccessException","EMAIL_QUEUE_ERROR"
"ERROR","AOCR_20260217.log","2026-02-17 15:49:02.314 | ERROR | CID:N/A | ERR:EMAIL_QUEUE_ERROR | Error de configuración de base de datos.","Exception: DataAccessException","EMAIL_QUEUE_ERROR"
"ERROR","AOCR_20260217.log","2026-02-17 15:49:32.372 | ERROR | CID:N/A | ERR:EMAIL_QUEUE_ERROR | Error de configuración de base de datos.","Exception: DataAccessException","EMAIL_QUEUE_ERROR"
"ERROR","AOCR_20260217.log","2026-02-17 15:50:02.430 | ERROR | CID:N/A | ERR:EMAIL_QUEUE_ERROR | Error de configuración de base de datos.","Exception: DataAccessException","EMAIL_QUEUE_ERROR"
"ERROR","AOCR_20260217.log","2026-02-17 15:50:32.492 | ERROR | CID:N/A | ERR:EMAIL_QUEUE_ERROR | Error de configuración de base de datos.","Exception: DataAccessException","EMAIL_QUEUE_ERROR"
"ERROR","AOCR_20260217.log","2026-02-17 15:51:02.538 | ERROR | CID:N/A | ERR:EMAIL_QUEUE_ERROR | Error de configuración de base de datos.","Exception: DataAccessException","EMAIL_QUEUE_ERROR"
"ERROR","AOCR_20260217.log","2026-02-17 15:51:32.582 | ERROR | CID:N/A | ERR:EMAIL_QUEUE_ERROR | Error de configuración de base de datos.","Exception: DataAccessException","EMAIL_QUEUE_ERROR"
"ERROR","AOCR_20260217.log","2026-02-17 15:52:02.640 | ERROR | CID:N/A | ERR:EMAIL_QUEUE_ERROR | Error de configuración de base de datos.","Exception: DataAccessException","EMAIL_QUEUE_ERROR"
"ERROR","AOCR_20260217.log","2026-02-17 15:52:32.702 | ERROR | CID:N/A | ERR:EMAIL_QUEUE_ERROR | Error de configuración de base de datos.","Exception: DataAccessException","EMAIL_QUEUE_ERROR"
"ERROR","AOCR_20260217.log","2026-02-17 15:53:02.752 | ERROR | CID:N/A | ERR:EMAIL_QUEUE_ERROR | Error de configuración de base de datos.","Exception: DataAccessException","EMAIL_QUEUE_ERROR"
"ERROR","AOCR_20260217.log","2026-02-17 15:53:32.806 | ERROR | CID:N/A | ERR:EMAIL_QUEUE_ERROR | Error de configuración de base de datos.","Exception: DataAccessException","EMAIL_QUEUE_ERROR"
"ERROR","AOCR_20260217.log","2026-02-17 15:54:02.883 | ERROR | CID:N/A | ERR:EMAIL_QUEUE_ERROR | Error de configuración de base de datos.","Exception: DataAccessException","EMAIL_QUEUE_ERROR"
"ERROR","AOCR_20260217.log","2026-02-17 15:54:32.928 | ERROR | CID:N/A | ERR:EMAIL_QUEUE_ERROR | Error de configuración de base de datos.","Exception: DataAccessException","EMAIL_QUEUE_ERROR"
"ERROR","AOCR_20260217.log","2026-02-17 15:55:02.983 | ERROR | CID:N/A | ERR:EMAIL_QUEUE_ERROR | Error de configuración de base de datos.","Exception: DataAccessException","EMAIL_QUEUE_ERROR"
"ERROR","AOCR_20260217.log","2026-02-17 15:55:33.043 | ERROR | CID:N/A | ERR:EMAIL_QUEUE_ERROR | Error de configuración de base de datos.","Exception: DataAccessException","EMAIL_QUEUE_ERROR"
"ERROR","AOCR_20260217.log","2026-02-17 15:56:03.099 | ERROR | CID:N/A | ERR:EMAIL_QUEUE_ERROR | Error de configuración de base de datos.","Exception: DataAccessException","EMAIL_QUEUE_ERROR"
"ERROR","AOCR_20260217.log","2026-02-17 15:56:33.159 | ERROR | CID:N/A | ERR:EMAIL_QUEUE_ERROR | Error de configuración de base de datos.","Exception: DataAccessException","EMAIL_QUEUE_ERROR"
"ERROR","AOCR_20260217.log","2026-02-17 15:57:03.213 | ERROR | CID:N/A | ERR:EMAIL_QUEUE_ERROR | Error de configuración de base de datos.","Exception: DataAccessException","EMAIL_QUEUE_ERROR"
"ERROR","AOCR_20260217.log","2026-02-17 15:57:33.270 | ERROR | CID:N/A | ERR:EMAIL_QUEUE_ERROR | Error de configuración de base de datos.","Exception: DataAccessException","EMAIL_QUEUE_ERROR"
"ERROR","AOCR_20260217.log","2026-02-17 15:58:03.340 | ERROR | CID:N/A | ERR:EMAIL_QUEUE_ERROR | Error de configuración de base de datos.","Exception: DataAccessException","EMAIL_QUEUE_ERROR"
"ERROR","AOCR_20260217.log","2026-02-17 15:58:33.408 | ERROR | CID:N/A | ERR:EMAIL_QUEUE_ERROR | Error de configuración de base de datos.","Exception: DataAccessException","EMAIL_QUEUE_ERROR"
"ERROR","AOCR_20260217.log","2026-02-17 15:59:03.472 | ERROR | CID:N/A | ERR:EMAIL_QUEUE_ERROR | Error de configuración de base de datos.","Exception: DataAccessException","EMAIL_QUEUE_ERROR"
"ERROR","AOCR_20260217.log","2026-02-17 15:59:33.530 | ERROR | CID:N/A | ERR:EMAIL_QUEUE_ERROR | Error de configuración de base de datos.","Exception: DataAccessException","EMAIL_QUEUE_ERROR"
"ERROR","AOCR_20260217.log","2026-02-17 16:00:03.599 | ERROR | CID:N/A | ERR:EMAIL_QUEUE_ERROR | Error de configuración de base de datos.","Exception: DataAccessException","EMAIL_QUEUE_ERROR"
"ERROR","AOCR_20260217.log","2026-02-17 16:00:33.680 | ERROR | CID:N/A | ERR:EMAIL_QUEUE_ERROR | Error de configuración de base de datos.","Exception: DataAccessException","EMAIL_QUEUE_ERROR"
"ERROR","AOCR_20260217.log","2026-02-17 16:01:03.747 | ERROR | CID:N/A | ERR:EMAIL_QUEUE_ERROR | Error de configuración de base de datos.","Exception: DataAccessException","EMAIL_QUEUE_ERROR"
"ERROR","AOCR_20260217.log","2026-02-17 16:01:33.795 | ERROR | CID:N/A | ERR:EMAIL_QUEUE_ERROR | Error de configuración de base de datos.","Exception: DataAccessException","EMAIL_QUEUE_ERROR"
"ERROR","AOCR_20260217.log","2026-02-17 16:02:03.866 | ERROR | CID:N/A | ERR:EMAIL_QUEUE_ERROR | Error de configuración de base de datos.","Exception: DataAccessException","EMAIL_QUEUE_ERROR"
"ERROR","AOCR_20260217.log","2026-02-17 16:02:33.919 | ERROR | CID:N/A | ERR:EMAIL_QUEUE_ERROR | Error de configuración de base de datos.","Exception: DataAccessException","EMAIL_QUEUE_ERROR"
"ERROR","AOCR_20260217.log","2026-02-17 16:03:03.972 | ERROR | CID:N/A | ERR:EMAIL_QUEUE_ERROR | Error de configuración de base de datos.","Exception: DataAccessException","EMAIL_QUEUE_ERROR"
"ERROR","AOCR_20260217.log","2026-02-17 16:03:34.025 | ERROR | CID:N/A | ERR:EMAIL_QUEUE_ERROR | Error de configuración de base de datos.","Exception: DataAccessException","EMAIL_QUEUE_ERROR"
"ERROR","AOCR_20260217.log","2026-02-17 16:04:04.085 | ERROR | CID:N/A | ERR:EMAIL_QUEUE_ERROR | Error de configuración de base de datos.","Exception: DataAccessException","EMAIL_QUEUE_ERROR"
"ERROR","AOCR_20260217.log","2026-02-17 16:04:34.142 | ERROR | CID:N/A | ERR:EMAIL_QUEUE_ERROR | Error de configuración de base de datos.","Exception: DataAccessException","EMAIL_QUEUE_ERROR"
"ERROR","AOCR_20260217.log","2026-02-17 16:05:04.195 | ERROR | CID:N/A | ERR:EMAIL_QUEUE_ERROR | Error de configuración de base de datos.","Exception: DataAccessException","EMAIL_QUEUE_ERROR"
"ERROR","AOCR_20260217.log","2026-02-17 16:05:34.248 | ERROR | CID:N/A | ERR:EMAIL_QUEUE_ERROR | Error de configuración de base de datos.","Exception: DataAccessException","EMAIL_QUEUE_ERROR"
"ERROR","AOCR_20260217.log","2026-02-17 16:06:04.307 | ERROR | CID:N/A | ERR:EMAIL_QUEUE_ERROR | Error de configuración de base de datos.","Exception: DataAccessException","EMAIL_QUEUE_ERROR"
"ERROR","AOCR_20260217.log","2026-02-17 16:06:34.368 | ERROR | CID:N/A | ERR:EMAIL_QUEUE_ERROR | Error de configuración de base de datos.","Exception: DataAccessException","EMAIL_QUEUE_ERROR"
"ERROR","AOCR_20260217.log","2026-02-17 16:07:04.422 | ERROR | CID:N/A | ERR:EMAIL_QUEUE_ERROR | Error de configuración de base de datos.","Exception: DataAccessException","EMAIL_QUEUE_ERROR"
"ERROR","AOCR_20260217.log","2026-02-17 16:07:34.484 | ERROR | CID:N/A | ERR:EMAIL_QUEUE_ERROR | Error de configuración de base de datos.","Exception: DataAccessException","EMAIL_QUEUE_ERROR"
"ERROR","AOCR_20260217.log","2026-02-17 16:08:04.537 | ERROR | CID:N/A | ERR:EMAIL_QUEUE_ERROR | Error de configuración de base de datos.","Exception: DataAccessException","EMAIL_QUEUE_ERROR"
"ERROR","AOCR_20260217.log","2026-02-17 16:08:34.597 | ERROR | CID:N/A | ERR:EMAIL_QUEUE_ERROR | Error de configuración de base de datos.","Exception: DataAccessException","EMAIL_QUEUE_ERROR"
"ERROR","AOCR_20260217.log","2026-02-17 16:09:04.653 | ERROR | CID:N/A | ERR:EMAIL_QUEUE_ERROR | Error de configuración de base de datos.","Exception: DataAccessException","EMAIL_QUEUE_ERROR"
"ERROR","AOCR_20260217.log","2026-02-17 16:09:34.719 | ERROR | CID:N/A | ERR:EMAIL_QUEUE_ERROR | Error de configuración de base de datos.","Exception: DataAccessException","EMAIL_QUEUE_ERROR"
"ERROR","AOCR_20260217.log","2026-02-17 16:10:04.773 | ERROR | CID:N/A | ERR:EMAIL_QUEUE_ERROR | Error de configuración de base de datos.","Exception: DataAccessException","EMAIL_QUEUE_ERROR"
"ERROR","AOCR_20260217.log","2026-02-17 16:10:34.826 | ERROR | CID:N/A | ERR:EMAIL_QUEUE_ERROR | Error de configuración de base de datos.","Exception: DataAccessException","EMAIL_QUEUE_ERROR"
"ERROR","AOCR_20260217.log","2026-02-17 16:11:04.884 | ERROR | CID:N/A | ERR:EMAIL_QUEUE_ERROR | Error de configuración de base de datos.","Exception: DataAccessException","EMAIL_QUEUE_ERROR"
"ERROR","AOCR_20260217.log","2026-02-17 16:11:34.940 | ERROR | CID:N/A | ERR:EMAIL_QUEUE_ERROR | Error de configuración de base de datos.","Exception: DataAccessException","EMAIL_QUEUE_ERROR"
"ERROR","AOCR_20260217.log","2026-02-17 16:12:04.994 | ERROR | CID:N/A | ERR:EMAIL_QUEUE_ERROR | Error de configuración de base de datos.","Exception: DataAccessException","EMAIL_QUEUE_ERROR"
"ERROR","AOCR_20260217.log","2026-02-17 16:12:35.040 | ERROR | CID:N/A | ERR:EMAIL_QUEUE_ERROR | Error de configuración de base de datos.","Exception: DataAccessException","EMAIL_QUEUE_ERROR"
"ERROR","AOCR_20260217.log","2026-02-17 16:13:05.104 | ERROR | CID:N/A | ERR:EMAIL_QUEUE_ERROR | Error de configuración de base de datos.","Exception: DataAccessException","EMAIL_QUEUE_ERROR"
"ERROR","AOCR_20260217.log","2026-02-17 16:13:35.156 | ERROR | CID:N/A | ERR:EMAIL_QUEUE_ERROR | Error de configuración de base de datos.","Exception: DataAccessException","EMAIL_QUEUE_ERROR"
"ERROR","AOCR_20260217.log","2026-02-17 16:14:05.227 | ERROR | CID:N/A | ERR:EMAIL_QUEUE_ERROR | Error de configuración de base de datos.","Exception: DataAccessException","EMAIL_QUEUE_ERROR"
"ERROR","AOCR_20260217.log","2026-02-17 16:14:35.278 | ERROR | CID:N/A | ERR:EMAIL_QUEUE_ERROR | Error de configuración de base de datos.","Exception: DataAccessException","EMAIL_QUEUE_ERROR"
"ERROR","AOCR_20260217.log","2026-02-17 16:15:05.332 | ERROR | CID:N/A | ERR:EMAIL_QUEUE_ERROR | Error de configuración de base de datos.","Exception: DataAccessException","EMAIL_QUEUE_ERROR"
"ERROR","AOCR_20260217.log","2026-02-17 16:15:35.388 | ERROR | CID:N/A | ERR:EMAIL_QUEUE_ERROR | Error de configuración de base de datos.","Exception: DataAccessException","EMAIL_QUEUE_ERROR"
"ERROR","AOCR_20260217.log","2026-02-17 16:16:05.454 | ERROR | CID:N/A | ERR:EMAIL_QUEUE_ERROR | Error de configuración de base de datos.","Exception: DataAccessException","EMAIL_QUEUE_ERROR"
"ERROR","AOCR_20260217.log","2026-02-17 16:16:35.505 | ERROR | CID:N/A | ERR:EMAIL_QUEUE_ERROR | Error de configuración de base de datos.","Exception: DataAccessException","EMAIL_QUEUE_ERROR"
"ERROR","AOCR_20260217.log","2026-02-17 16:17:05.566 | ERROR | CID:N/A | ERR:EMAIL_QUEUE_ERROR | Error de configuración de base de datos.","Exception: DataAccessException","EMAIL_QUEUE_ERROR"
"ERROR","AOCR_20260217.log","2026-02-17 16:17:35.617 | ERROR | CID:N/A | ERR:EMAIL_QUEUE_ERROR | Error de configuración de base de datos.","Exception: DataAccessException","EMAIL_QUEUE_ERROR"
"ERROR","AOCR_20260217.log","2026-02-17 16:18:05.691 | ERROR | CID:N/A | ERR:EMAIL_QUEUE_ERROR | Error de configuración de base de datos.","Exception: DataAccessException","EMAIL_QUEUE_ERROR"
"ERROR","AOCR_20260217.log","2026-02-17 16:18:35.761 | ERROR | CID:N/A | ERR:EMAIL_QUEUE_ERROR | Error de configuración de base de datos.","Exception: DataAccessException","EMAIL_QUEUE_ERROR"
"ERROR","AOCR_20260217.log","2026-02-17 16:19:05.816 | ERROR | CID:N/A | ERR:EMAIL_QUEUE_ERROR | Error de configuración de base de datos.","Exception: DataAccessException","EMAIL_QUEUE_ERROR"
"ERROR","AOCR_20260217.log","2026-02-17 16:19:35.875 | ERROR | CID:N/A | ERR:EMAIL_QUEUE_ERROR | Error de configuración de base de datos.","Exception: DataAccessException","EMAIL_QUEUE_ERROR"
"ERROR","AOCR_20260217.log","2026-02-17 16:20:05.929 | ERROR | CID:N/A | ERR:EMAIL_QUEUE_ERROR | Error de configuración de base de datos.","Exception: DataAccessException","EMAIL_QUEUE_ERROR"
"ERROR","AOCR_20260217.log","2026-02-17 16:20:35.988 | ERROR | CID:N/A | ERR:EMAIL_QUEUE_ERROR | Error de configuración de base de datos.","Exception: DataAccessException","EMAIL_QUEUE_ERROR"
"ERROR","AOCR_20260217.log","2026-02-17 16:21:06.037 | ERROR | CID:N/A | ERR:EMAIL_QUEUE_ERROR | Error de configuración de base de datos.","Exception: DataAccessException","EMAIL_QUEUE_ERROR"
"ERROR","AOCR_20260217.log","2026-02-17 16:21:36.092 | ERROR | CID:N/A | ERR:EMAIL_QUEUE_ERROR | Error de configuración de base de datos.","Exception: DataAccessException","EMAIL_QUEUE_ERROR"
"ERROR","AOCR_20260217.log","2026-02-17 16:22:06.153 | ERROR | CID:N/A | ERR:EMAIL_QUEUE_ERROR | Error de configuración de base de datos.","Exception: DataAccessException","EMAIL_QUEUE_ERROR"
"ERROR","AOCR_20260217.log","2026-02-17 16:22:36.217 | ERROR | CID:N/A | ERR:EMAIL_QUEUE_ERROR | Error de configuración de base de datos.","Exception: DataAccessException","EMAIL_QUEUE_ERROR"
"ERROR","AOCR_20260217.log","2026-02-17 16:23:06.269 | ERROR | CID:N/A | ERR:EMAIL_QUEUE_ERROR | Error de configuración de base de datos.","Exception: DataAccessException","EMAIL_QUEUE_ERROR"
"ERROR","AOCR_20260217.log","2026-02-17 16:23:36.323 | ERROR | CID:N/A | ERR:EMAIL_QUEUE_ERROR | Error de configuración de base de datos.","Exception: DataAccessException","EMAIL_QUEUE_ERROR"
"ERROR","AOCR_20260217.log","2026-02-17 16:24:06.381 | ERROR | CID:N/A | ERR:EMAIL_QUEUE_ERROR | Error de configuración de base de datos.","Exception: DataAccessException","EMAIL_QUEUE_ERROR"
"ERROR","AOCR_20260217.log","2026-02-17 16:24:36.436 | ERROR | CID:N/A | ERR:EMAIL_QUEUE_ERROR | Error de configuración de base de datos.","Exception: DataAccessException","EMAIL_QUEUE_ERROR"
"ERROR","AOCR_20260217.log","2026-02-17 16:25:06.483 | ERROR | CID:N/A | ERR:EMAIL_QUEUE_ERROR | Error de configuración de base de datos.","Exception: DataAccessException","EMAIL_QUEUE_ERROR"
"ERROR","AOCR_20260217.log","2026-02-17 16:25:36.542 | ERROR | CID:N/A | ERR:EMAIL_QUEUE_ERROR | Error de configuración de base de datos.","Exception: DataAccessException","EMAIL_QUEUE_ERROR"
"ERROR","AOCR_20260217.log","2026-02-17 16:26:06.588 | ERROR | CID:N/A | ERR:EMAIL_QUEUE_ERROR | Error de configuración de base de datos.","Exception: DataAccessException","EMAIL_QUEUE_ERROR"
"ERROR","AOCR_20260217.log","2026-02-17 16:26:36.644 | ERROR | CID:N/A | ERR:EMAIL_QUEUE_ERROR | Error de configuración de base de datos.","Exception: DataAccessException","EMAIL_QUEUE_ERROR"
"ERROR","AOCR_20260217.log","2026-02-17 16:27:06.701 | ERROR | CID:N/A | ERR:EMAIL_QUEUE_ERROR | Error de configuración de base de datos.","Exception: DataAccessException","EMAIL_QUEUE_ERROR"
"ERROR","AOCR_20260217.log","2026-02-17 16:27:36.762 | ERROR | CID:N/A | ERR:EMAIL_QUEUE_ERROR | Error de configuración de base de datos.","Exception: DataAccessException","EMAIL_QUEUE_ERROR"
"ERROR","AOCR_20260217.log","2026-02-17 16:28:06.831 | ERROR | CID:N/A | ERR:EMAIL_QUEUE_ERROR | Error de configuración de base de datos.","Exception: DataAccessException","EMAIL_QUEUE_ERROR"
"ERROR","AOCR_20260217.log","2026-02-17 16:28:36.884 | ERROR | CID:N/A | ERR:EMAIL_QUEUE_ERROR | Error de configuración de base de datos.","Exception: DataAccessException","EMAIL_QUEUE_ERROR"
"ERROR","AOCR_20260217.log","2026-02-17 16:29:06.936 | ERROR | CID:N/A | ERR:EMAIL_QUEUE_ERROR | Error de configuración de base de datos.","Exception: DataAccessException","EMAIL_QUEUE_ERROR"
"ERROR","AOCR_20260217.log","2026-02-17 16:29:36.992 | ERROR | CID:N/A | ERR:EMAIL_QUEUE_ERROR | Error de configuración de base de datos.","Exception: DataAccessException","EMAIL_QUEUE_ERROR"
"ERROR","AOCR_20260217.log","2026-02-17 16:30:07.058 | ERROR | CID:N/A | ERR:EMAIL_QUEUE_ERROR | Error de configuración de base de datos.","Exception: DataAccessException","EMAIL_QUEUE_ERROR"
"ERROR","AOCR_20260217.log","2026-02-17 16:30:37.122 | ERROR | CID:N/A | ERR:EMAIL_QUEUE_ERROR | Error de configuración de base de datos.","Exception: DataAccessException","EMAIL_QUEUE_ERROR"
"ERROR","AOCR_20260217.log","2026-02-17 16:31:07.184 | ERROR | CID:N/A | ERR:EMAIL_QUEUE_ERROR | Error de configuración de base de datos.","Exception: DataAccessException","EMAIL_QUEUE_ERROR"
"ERROR","AOCR_20260217.log","2026-02-17 16:31:37.238 | ERROR | CID:N/A | ERR:EMAIL_QUEUE_ERROR | Error de configuración de base de datos.","Exception: DataAccessException","EMAIL_QUEUE_ERROR"
"ERROR","AOCR_20260217.log","2026-02-17 16:32:07.292 | ERROR | CID:N/A | ERR:EMAIL_QUEUE_ERROR | Error de configuración de base de datos.","Exception: DataAccessException","EMAIL_QUEUE_ERROR"
"ERROR","AOCR_20260217.log","2026-02-17 16:32:37.340 | ERROR | CID:N/A | ERR:EMAIL_QUEUE_ERROR | Error de configuración de base de datos.","Exception: DataAccessException","EMAIL_QUEUE_ERROR"
"ERROR","AOCR_20260217.log","2026-02-17 16:33:07.403 | ERROR | CID:N/A | ERR:EMAIL_QUEUE_ERROR | Error de configuración de base de datos.","Exception: DataAccessException","EMAIL_QUEUE_ERROR"
"ERROR","AOCR_20260217.log","2026-02-17 16:33:37.462 | ERROR | CID:N/A | ERR:EMAIL_QUEUE_ERROR | Error de configuración de base de datos.","Exception: DataAccessException","EMAIL_QUEUE_ERROR"
"ERROR","AOCR_20260217.log","2026-02-17 16:34:07.525 | ERROR | CID:N/A | ERR:EMAIL_QUEUE_ERROR | Error de configuración de base de datos.","Exception: DataAccessException","EMAIL_QUEUE_ERROR"
"ERROR","AOCR_20260217.log","2026-02-17 16:34:37.579 | ERROR | CID:N/A | ERR:EMAIL_QUEUE_ERROR | Error de configuración de base de datos.","Exception: DataAccessException","EMAIL_QUEUE_ERROR"
"ERROR","AOCR_20260217.log","2026-02-17 16:35:07.625 | ERROR | CID:N/A | ERR:EMAIL_QUEUE_ERROR | Error de configuración de base de datos.","Exception: DataAccessException","EMAIL_QUEUE_ERROR"
"ERROR","AOCR_20260217.log","2026-02-17 16:35:37.673 | ERROR | CID:N/A | ERR:EMAIL_QUEUE_ERROR | Error de configuración de base de datos.","Exception: DataAccessException","EMAIL_QUEUE_ERROR"
"ERROR","AOCR_20260217.log","2026-02-17 16:36:07.723 | ERROR | CID:N/A | ERR:EMAIL_QUEUE_ERROR | Error de configuración de base de datos.","Exception: DataAccessException","EMAIL_QUEUE_ERROR"
"ERROR","AOCR_20260217.log","2026-02-17 16:36:37.774 | ERROR | CID:N/A | ERR:EMAIL_QUEUE_ERROR | Error de configuración de base de datos.","Exception: DataAccessException","EMAIL_QUEUE_ERROR"
"ERROR","AOCR_20260217.log","2026-02-17 16:37:07.823 | ERROR | CID:N/A | ERR:EMAIL_QUEUE_ERROR | Error de configuración de base de datos.","Exception: DataAccessException","EMAIL_QUEUE_ERROR"
"ERROR","AOCR_20260217.log","2026-02-17 16:37:37.890 | ERROR | CID:N/A | ERR:EMAIL_QUEUE_ERROR | Error de configuración de base de datos.","Exception: DataAccessException","EMAIL_QUEUE_ERROR"
"ERROR","AOCR_20260217.log","2026-02-17 16:38:07.938 | ERROR | CID:N/A | ERR:EMAIL_QUEUE_ERROR | Error de configuración de base de datos.","Exception: DataAccessException","EMAIL_QUEUE_ERROR"
"ERROR","AOCR_20260217.log","2026-02-17 16:38:37.990 | ERROR | CID:N/A | ERR:EMAIL_QUEUE_ERROR | Error de configuración de base de datos.","Exception: DataAccessException","EMAIL_QUEUE_ERROR"
"ERROR","AOCR_20260217.log","2026-02-17 16:39:08.050 | ERROR | CID:N/A | ERR:EMAIL_QUEUE_ERROR | Error de configuración de base de datos.","Exception: DataAccessException","EMAIL_QUEUE_ERROR"
"ERROR","AOCR_20260217.log","2026-02-17 16:39:38.110 | ERROR | CID:N/A | ERR:EMAIL_QUEUE_ERROR | Error de configuración de base de datos.","Exception: DataAccessException","EMAIL_QUEUE_ERROR"
"ERROR","AOCR_20260217.log","2026-02-17 16:40:08.180 | ERROR | CID:N/A | ERR:EMAIL_QUEUE_ERROR | Error de configuración de base de datos.","Exception: DataAccessException","EMAIL_QUEUE_ERROR"
"ERROR","AOCR_20260217.log","2026-02-17 16:40:38.236 | ERROR | CID:N/A | ERR:EMAIL_QUEUE_ERROR | Error de configuración de base de datos.","Exception: DataAccessException","EMAIL_QUEUE_ERROR"
"ERROR","AOCR_20260217.log","2026-02-17 16:41:08.301 | ERROR | CID:N/A | ERR:EMAIL_QUEUE_ERROR | Error de configuración de base de datos.","Exception: DataAccessException","EMAIL_QUEUE_ERROR"
"ERROR","AOCR_20260217.log","2026-02-17 16:41:38.357 | ERROR | CID:N/A | ERR:EMAIL_QUEUE_ERROR | Error de configuración de base de datos.","Exception: DataAccessException","EMAIL_QUEUE_ERROR"
"ERROR","AOCR_20260217.log","2026-02-17 16:42:08.423 | ERROR | CID:N/A | ERR:EMAIL_QUEUE_ERROR | Error de configuración de base de datos.","Exception: DataAccessException","EMAIL_QUEUE_ERROR"
"ERROR","AOCR_20260217.log","2026-02-17 16:42:38.482 | ERROR | CID:N/A | ERR:EMAIL_QUEUE_ERROR | Error de configuración de base de datos.","Exception: DataAccessException","EMAIL_QUEUE_ERROR"
"ERROR","AOCR_20260217.log","2026-02-17 16:43:08.542 | ERROR | CID:N/A | ERR:EMAIL_QUEUE_ERROR | Error de configuración de base de datos.","Exception: DataAccessException","EMAIL_QUEUE_ERROR"
"ERROR","AOCR_20260217.log","2026-02-17 16:43:38.597 | ERROR | CID:N/A | ERR:EMAIL_QUEUE_ERROR | Error de configuración de base de datos.","Exception: DataAccessException","EMAIL_QUEUE_ERROR"
"ERROR","AOCR_20260217.log","2026-02-17 16:44:08.654 | ERROR | CID:N/A | ERR:EMAIL_QUEUE_ERROR | Error de configuración de base de datos.","Exception: DataAccessException","EMAIL_QUEUE_ERROR"
"ERROR","AOCR_20260217.log","2026-02-17 16:44:38.714 | ERROR | CID:N/A | ERR:EMAIL_QUEUE_ERROR | Error de configuración de base de datos.","Exception: DataAccessException","EMAIL_QUEUE_ERROR"
"ERROR","AOCR_20260217.log","2026-02-17 16:45:08.776 | ERROR | CID:N/A | ERR:EMAIL_QUEUE_ERROR | Error de configuración de base de datos.","Exception: DataAccessException","EMAIL_QUEUE_ERROR"
"ERROR","AOCR_20260217.log","2026-02-17 16:45:38.836 | ERROR | CID:N/A | ERR:EMAIL_QUEUE_ERROR | Error de configuración de base de datos.","Exception: DataAccessException","EMAIL_QUEUE_ERROR"
"ERROR","AOCR_20260217.log","2026-02-17 16:46:08.903 | ERROR | CID:N/A | ERR:EMAIL_QUEUE_ERROR | Error de configuración de base de datos.","Exception: DataAccessException","EMAIL_QUEUE_ERROR"
"ERROR","AOCR_20260217.log","2026-02-17 16:46:38.959 | ERROR | CID:N/A | ERR:EMAIL_QUEUE_ERROR | Error de configuración de base de datos.","Exception: DataAccessException","EMAIL_QUEUE_ERROR"
"ERROR","AOCR_20260217.log","2026-02-17 16:47:09.009 | ERROR | CID:N/A | ERR:EMAIL_QUEUE_ERROR | Error de configuración de base de datos.","Exception: DataAccessException","EMAIL_QUEUE_ERROR"
"ERROR","AOCR_20260217.log","2026-02-17 16:47:39.058 | ERROR | CID:N/A | ERR:EMAIL_QUEUE_ERROR | Error de configuración de base de datos.","Exception: DataAccessException","EMAIL_QUEUE_ERROR"
"ERROR","AOCR_20260217.log","2026-02-17 16:48:09.111 | ERROR | CID:N/A | ERR:EMAIL_QUEUE_ERROR | Error de configuración de base de datos.","Exception: DataAccessException","EMAIL_QUEUE_ERROR"
"ERROR","AOCR_20260217.log","2026-02-17 16:48:39.162 | ERROR | CID:N/A | ERR:EMAIL_QUEUE_ERROR | Error de configuración de base de datos.","Exception: DataAccessException","EMAIL_QUEUE_ERROR"
"ERROR","AOCR_20260217.log","2026-02-17 16:49:09.228 | ERROR | CID:N/A | ERR:EMAIL_QUEUE_ERROR | Error de configuración de base de datos.","Exception: DataAccessException","EMAIL_QUEUE_ERROR"
"ERROR","AOCR_20260217.log","2026-02-17 16:49:39.290 | ERROR | CID:N/A | ERR:EMAIL_QUEUE_ERROR | Error de configuración de base de datos.","Exception: DataAccessException","EMAIL_QUEUE_ERROR"
"ERROR","AOCR_20260217.log","2026-02-17 16:50:09.352 | ERROR | CID:N/A | ERR:EMAIL_QUEUE_ERROR | Error de configuración de base de datos.","Exception: DataAccessException","EMAIL_QUEUE_ERROR"
"ERROR","AOCR_20260217.log","2026-02-17 16:50:39.413 | ERROR | CID:N/A | ERR:EMAIL_QUEUE_ERROR | Error de configuración de base de datos.","Exception: DataAccessException","EMAIL_QUEUE_ERROR"
"ERROR","AOCR_20260217.log","2026-02-17 16:51:09.470 | ERROR | CID:N/A | ERR:EMAIL_QUEUE_ERROR | Error de configuración de base de datos.","Exception: DataAccessException","EMAIL_QUEUE_ERROR"
"ERROR","AOCR_20260217.log","2026-02-17 16:51:39.527 | ERROR | CID:N/A | ERR:EMAIL_QUEUE_ERROR | Error de configuración de base de datos.","Exception: DataAccessException","EMAIL_QUEUE_ERROR"
"ERROR","AOCR_20260217.log","2026-02-17 16:52:09.574 | ERROR | CID:N/A | ERR:EMAIL_QUEUE_ERROR | Error de configuración de base de datos.","Exception: DataAccessException","EMAIL_QUEUE_ERROR"
"ERROR","AOCR_20260217.log","2026-02-17 16:52:39.622 | ERROR | CID:N/A | ERR:EMAIL_QUEUE_ERROR | Error de configuración de base de datos.","Exception: DataAccessException","EMAIL_QUEUE_ERROR"
"ERROR","AOCR_20260217.log","2026-02-17 16:53:09.684 | ERROR | CID:N/A | ERR:EMAIL_QUEUE_ERROR | Error de configuración de base de datos.","Exception: DataAccessException","EMAIL_QUEUE_ERROR"
"ERROR","AOCR_20260217.log","2026-02-17 16:53:39.749 | ERROR | CID:N/A | ERR:EMAIL_QUEUE_ERROR | Error de configuración de base de datos.","Exception: DataAccessException","EMAIL_QUEUE_ERROR"
"ERROR","AOCR_20260217.log","2026-02-17 16:54:09.808 | ERROR | CID:N/A | ERR:EMAIL_QUEUE_ERROR | Error de configuración de base de datos.","Exception: DataAccessException","EMAIL_QUEUE_ERROR"
"ERROR","AOCR_20260217.log","2026-02-17 16:54:39.864 | ERROR | CID:N/A | ERR:EMAIL_QUEUE_ERROR | Error de configuración de base de datos.","Exception: DataAccessException","EMAIL_QUEUE_ERROR"
"ERROR","AOCR_20260217.log","2026-02-17 16:55:09.913 | ERROR | CID:N/A | ERR:EMAIL_QUEUE_ERROR | Error de configuración de base de datos.","Exception: DataAccessException","EMAIL_QUEUE_ERROR"
"ERROR","AOCR_20260217.log","2026-02-17 16:55:39.968 | ERROR | CID:N/A | ERR:EMAIL_QUEUE_ERROR | Error de configuración de base de datos.","Exception: DataAccessException","EMAIL_QUEUE_ERROR"
"ERROR","AOCR_20260217.log","2026-02-17 16:56:10.030 | ERROR | CID:N/A | ERR:EMAIL_QUEUE_ERROR | Error de configuración de base de datos.","Exception: DataAccessException","EMAIL_QUEUE_ERROR"
"ERROR","AOCR_20260217.log","2026-02-17 16:56:40.092 | ERROR | CID:N/A | ERR:EMAIL_QUEUE_ERROR | Error de configuración de base de datos.","Exception: DataAccessException","EMAIL_QUEUE_ERROR"
"ERROR","AOCR_20260217.log","2026-02-17 16:57:10.157 | ERROR | CID:N/A | ERR:EMAIL_QUEUE_ERROR | Error de configuración de base de datos.","Exception: DataAccessException","EMAIL_QUEUE_ERROR"
"ERROR","AOCR_20260217.log","2026-02-17 16:57:40.204 | ERROR | CID:N/A | ERR:EMAIL_QUEUE_ERROR | Error de configuración de base de datos.","Exception: DataAccessException","EMAIL_QUEUE_ERROR"
"ERROR","AOCR_20260217.log","2026-02-17 16:58:10.261 | ERROR | CID:N/A | ERR:EMAIL_QUEUE_ERROR | Error de configuración de base de datos.","Exception: DataAccessException","EMAIL_QUEUE_ERROR"
"ERROR","AOCR_20260217.log","2026-02-17 16:58:40.322 | ERROR | CID:N/A | ERR:EMAIL_QUEUE_ERROR | Error de configuración de base de datos.","Exception: DataAccessException","EMAIL_QUEUE_ERROR"
"ERROR","AOCR_20260217.log","2026-02-17 16:59:10.378 | ERROR | CID:N/A | ERR:EMAIL_QUEUE_ERROR | Error de configuración de base de datos.","Exception: DataAccessException","EMAIL_QUEUE_ERROR"
"ERROR","AOCR_20260217.log","2026-02-17 16:59:40.433 | ERROR | CID:N/A | ERR:EMAIL_QUEUE_ERROR | Error de configuración de base de datos.","Exception: DataAccessException","EMAIL_QUEUE_ERROR"
"ERROR","AOCR_20260217.log","2026-02-17 17:00:10.490 | ERROR | CID:N/A | ERR:EMAIL_QUEUE_ERROR | Error de configuración de base de datos.","Exception: DataAccessException","EMAIL_QUEUE_ERROR"
"ERROR","AOCR_20260217.log","2026-02-17 17:00:40.544 | ERROR | CID:N/A | ERR:EMAIL_QUEUE_ERROR | Error de configuración de base de datos.","Exception: DataAccessException","EMAIL_QUEUE_ERROR"
"ERROR","AOCR_20260217.log","2026-02-17 17:01:10.601 | ERROR | CID:N/A | ERR:EMAIL_QUEUE_ERROR | Error de configuración de base de datos.","Exception: DataAccessException","EMAIL_QUEUE_ERROR"
"ERROR","AOCR_20260217.log","2026-02-17 17:01:40.657 | ERROR | CID:N/A | ERR:EMAIL_QUEUE_ERROR | Error de configuración de base de datos.","Exception: DataAccessException","EMAIL_QUEUE_ERROR"
"ERROR","AOCR_20260217.log","2026-02-17 17:02:10.720 | ERROR | CID:N/A | ERR:EMAIL_QUEUE_ERROR | Error de configuración de base de datos.","Exception: DataAccessException","EMAIL_QUEUE_ERROR"
"ERROR","AOCR_20260217.log","2026-02-17 17:02:40.768 | ERROR | CID:N/A | ERR:EMAIL_QUEUE_ERROR | Error de configuración de base de datos.","Exception: DataAccessException","EMAIL_QUEUE_ERROR"
"ERROR","AOCR_20260217.log","2026-02-17 17:03:10.822 | ERROR | CID:N/A | ERR:EMAIL_QUEUE_ERROR | Error de configuración de base de datos.","Exception: DataAccessException","EMAIL_QUEUE_ERROR"
"ERROR","AOCR_20260217.log","2026-02-17 17:03:40.866 | ERROR | CID:N/A | ERR:EMAIL_QUEUE_ERROR | Error de configuración de base de datos.","Exception: DataAccessException","EMAIL_QUEUE_ERROR"
"ERROR","AOCR_20260217.log","2026-02-17 17:04:10.920 | ERROR | CID:N/A | ERR:EMAIL_QUEUE_ERROR | Error de configuración de base de datos.","Exception: DataAccessException","EMAIL_QUEUE_ERROR"
"ERROR","AOCR_20260217.log","2026-02-17 17:04:40.966 | ERROR | CID:N/A | ERR:EMAIL_QUEUE_ERROR | Error de configuración de base de datos.","Exception: DataAccessException","EMAIL_QUEUE_ERROR"
"ERROR","AOCR_20260217.log","2026-02-17 17:05:11.024 | ERROR | CID:N/A | ERR:EMAIL_QUEUE_ERROR | Error de configuración de base de datos.","Exception: DataAccessException","EMAIL_QUEUE_ERROR"
"ERROR","AOCR_20260217.log","2026-02-17 17:05:41.091 | ERROR | CID:N/A | ERR:EMAIL_QUEUE_ERROR | Error de configuración de base de datos.","Exception: DataAccessException","EMAIL_QUEUE_ERROR"
"ERROR","AOCR_20260217.log","2026-02-17 17:06:11.156 | ERROR | CID:N/A | ERR:EMAIL_QUEUE_ERROR | Error de configuración de base de datos.","Exception: DataAccessException","EMAIL_QUEUE_ERROR"
"ERROR","AOCR_20260217.log","2026-02-17 17:06:41.212 | ERROR | CID:N/A | ERR:EMAIL_QUEUE_ERROR | Error de configuración de base de datos.","Exception: DataAccessException","EMAIL_QUEUE_ERROR"
"ERROR","AOCR_20260217.log","2026-02-17 17:07:11.269 | ERROR | CID:N/A | ERR:EMAIL_QUEUE_ERROR | Error de configuración de base de datos.","Exception: DataAccessException","EMAIL_QUEUE_ERROR"
"ERROR","AOCR_20260217.log","2026-02-17 17:07:41.311 | ERROR | CID:N/A | ERR:EMAIL_QUEUE_ERROR | Error de configuración de base de datos.","Exception: DataAccessException","EMAIL_QUEUE_ERROR"
"ERROR","AOCR_20260217.log","2026-02-17 17:08:11.368 | ERROR | CID:N/A | ERR:EMAIL_QUEUE_ERROR | Error de configuración de base de datos.","Exception: DataAccessException","EMAIL_QUEUE_ERROR"
"ERROR","AOCR_20260217.log","2026-02-17 17:08:41.432 | ERROR | CID:N/A | ERR:EMAIL_QUEUE_ERROR | Error de configuración de base de datos.","Exception: DataAccessException","EMAIL_QUEUE_ERROR"
"ERROR","AOCR_20260217.log","2026-02-17 17:09:11.500 | ERROR | CID:N/A | ERR:EMAIL_QUEUE_ERROR | Error de configuración de base de datos.","Exception: DataAccessException","EMAIL_QUEUE_ERROR"
"ERROR","AOCR_20260217.log","2026-02-17 17:09:41.558 | ERROR | CID:N/A | ERR:EMAIL_QUEUE_ERROR | Error de configuración de base de datos.","Exception: DataAccessException","EMAIL_QUEUE_ERROR"
"ERROR","AOCR_20260217.log","2026-02-17 17:10:11.621 | ERROR | CID:N/A | ERR:EMAIL_QUEUE_ERROR | Error de configuración de base de datos.","Exception: DataAccessException","EMAIL_QUEUE_ERROR"
"ERROR","AOCR_20260217.log","2026-02-17 17:10:41.679 | ERROR | CID:N/A | ERR:EMAIL_QUEUE_ERROR | Error de configuración de base de datos.","Exception: DataAccessException","EMAIL_QUEUE_ERROR"
"ERROR","AOCR_20260217.log","2026-02-17 17:11:11.737 | ERROR | CID:N/A | ERR:EMAIL_QUEUE_ERROR | Error de configuración de base de datos.","Exception: DataAccessException","EMAIL_QUEUE_ERROR"
"ERROR","AOCR_20260217.log","2026-02-17 17:11:41.799 | ERROR | CID:N/A | ERR:EMAIL_QUEUE_ERROR | Error de configuración de base de datos.","Exception: DataAccessException","EMAIL_QUEUE_ERROR"
"ERROR","AOCR_20260217.log","2026-02-17 17:12:11.927 | ERROR | CID:N/A | ERR:EMAIL_QUEUE_ERROR | Error de configuración de base de datos.","Exception: DataAccessException","EMAIL_QUEUE_ERROR"
"ERROR","AOCR_20260217.log","2026-02-17 17:12:42.056 | ERROR | CID:N/A | ERR:EMAIL_QUEUE_ERROR | Error de configuración de base de datos.","Exception: DataAccessException","EMAIL_QUEUE_ERROR"
"ERROR","AOCR_20260217.log","2026-02-17 17:13:12.109 | ERROR | CID:N/A | ERR:EMAIL_QUEUE_ERROR | Error de configuración de base de datos.","Exception: DataAccessException","EMAIL_QUEUE_ERROR"
"ERROR","AOCR_20260217.log","2026-02-17 17:13:42.164 | ERROR | CID:N/A | ERR:EMAIL_QUEUE_ERROR | Error de configuración de base de datos.","Exception: DataAccessException","EMAIL_QUEUE_ERROR"
"ERROR","AOCR_20260217.log","2026-02-17 17:14:12.213 | ERROR | CID:N/A | ERR:EMAIL_QUEUE_ERROR | Error de configuración de base de datos.","Exception: DataAccessException","EMAIL_QUEUE_ERROR"
"ERROR","AOCR_20260217.log","2026-02-17 17:14:42.266 | ERROR | CID:N/A | ERR:EMAIL_QUEUE_ERROR | Error de configuración de base de datos.","Exception: DataAccessException","EMAIL_QUEUE_ERROR"
"ERROR","AOCR_20260217.log","2026-02-17 17:15:12.321 | ERROR | CID:N/A | ERR:EMAIL_QUEUE_ERROR | Error de configuración de base de datos.","Exception: DataAccessException","EMAIL_QUEUE_ERROR"
"ERROR","AOCR_20260217.log","2026-02-17 17:15:42.370 | ERROR | CID:N/A | ERR:EMAIL_QUEUE_ERROR | Error de configuración de base de datos.","Exception: DataAccessException","EMAIL_QUEUE_ERROR"
"ERROR","AOCR_20260217.log","2026-02-17 17:16:12.428 | ERROR | CID:N/A | ERR:EMAIL_QUEUE_ERROR | Error de configuración de base de datos.","Exception: DataAccessException","EMAIL_QUEUE_ERROR"
"ERROR","AOCR_20260217.log","2026-02-17 17:16:42.488 | ERROR | CID:N/A | ERR:EMAIL_QUEUE_ERROR | Error de configuración de base de datos.","Exception: DataAccessException","EMAIL_QUEUE_ERROR"
"ERROR","AOCR_20260217.log","2026-02-17 17:17:12.544 | ERROR | CID:N/A | ERR:EMAIL_QUEUE_ERROR | Error de configuración de base de datos.","Exception: DataAccessException","EMAIL_QUEUE_ERROR"
"ERROR","AOCR_20260217.log","2026-02-17 17:17:42.613 | ERROR | CID:N/A | ERR:EMAIL_QUEUE_ERROR | Error de configuración de base de datos.","Exception: DataAccessException","EMAIL_QUEUE_ERROR"
"ERROR","AOCR_20260217.log","2026-02-17 17:18:12.699 | ERROR | CID:N/A | ERR:EMAIL_QUEUE_ERROR | Error de configuración de base de datos.","Exception: DataAccessException","EMAIL_QUEUE_ERROR"
"ERROR","AOCR_20260217.log","2026-02-17 17:18:42.774 | ERROR | CID:N/A | ERR:EMAIL_QUEUE_ERROR | Error de configuración de base de datos.","Exception: DataAccessException","EMAIL_QUEUE_ERROR"
"ERROR","AOCR_20260217.log","2026-02-17 17:19:12.823 | ERROR | CID:N/A | ERR:EMAIL_QUEUE_ERROR | Error de configuración de base de datos.","Exception: DataAccessException","EMAIL_QUEUE_ERROR"
"ERROR","AOCR_20260217.log","2026-02-17 17:19:42.877 | ERROR | CID:N/A | ERR:EMAIL_QUEUE_ERROR | Error de configuración de base de datos.","Exception: DataAccessException","EMAIL_QUEUE_ERROR"
"ERROR","AOCR_20260217.log","2026-02-17 17:20:12.955 | ERROR | CID:N/A | ERR:EMAIL_QUEUE_ERROR | Error de configuración de base de datos.","Exception: DataAccessException","EMAIL_QUEUE_ERROR"
"ERROR","AOCR_20260217.log","2026-02-17 17:20:48.041 | ERROR | CID:N/A | ERR:EMAIL_QUEUE_ERROR | Error de configuración de base de datos.","Exception: DataAccessException","EMAIL_QUEUE_ERROR"
"ERROR","AOCR_20260217.log","2026-02-17 17:21:18.139 | ERROR | CID:N/A | ERR:EMAIL_QUEUE_ERROR | Error de configuración de base de datos.","Exception: DataAccessException","EMAIL_QUEUE_ERROR"
"ERROR","AOCR_20260217.log","2026-02-17 17:21:48.218 | ERROR | CID:N/A | ERR:EMAIL_QUEUE_ERROR | Error de configuración de base de datos.","Exception: DataAccessException","EMAIL_QUEUE_ERROR"
"ERROR","AOCR_20260217.log","2026-02-17 17:22:18.284 | ERROR | CID:N/A | ERR:EMAIL_QUEUE_ERROR | Error de configuración de base de datos.","Exception: DataAccessException","EMAIL_QUEUE_ERROR"
"ERROR","AOCR_20260217.log","2026-02-17 17:22:48.395 | ERROR | CID:N/A | ERR:EMAIL_QUEUE_ERROR | Error de configuración de base de datos.","Exception: DataAccessException","EMAIL_QUEUE_ERROR"
"ERROR","AOCR_20260217.log","2026-02-17 17:23:18.492 | ERROR | CID:N/A | ERR:EMAIL_QUEUE_ERROR | Error de configuración de base de datos.","Exception: DataAccessException","EMAIL_QUEUE_ERROR"
"ERROR","AOCR_20260217.log","2026-02-17 17:23:48.554 | ERROR | CID:N/A | ERR:EMAIL_QUEUE_ERROR | Error de configuración de base de datos.","Exception: DataAccessException","EMAIL_QUEUE_ERROR"
"ERROR","AOCR_20260217.log","2026-02-17 17:24:18.626 | ERROR | CID:N/A | ERR:EMAIL_QUEUE_ERROR | Error de configuración de base de datos.","Exception: DataAccessException","EMAIL_QUEUE_ERROR"
"ERROR","AOCR_20260217.log","2026-02-17 17:24:48.716 | ERROR | CID:N/A | ERR:EMAIL_QUEUE_ERROR | Error de configuración de base de datos.","Exception: DataAccessException","EMAIL_QUEUE_ERROR"
"ERROR","AOCR_20260217.log","2026-02-17 17:25:18.808 | ERROR | CID:N/A | ERR:EMAIL_QUEUE_ERROR | Error de configuración de base de datos.","Exception: DataAccessException","EMAIL_QUEUE_ERROR"
"ERROR","AOCR_20260217.log","2026-02-17 17:25:48.914 | ERROR | CID:N/A | ERR:EMAIL_QUEUE_ERROR | Error de configuración de base de datos.","Exception: DataAccessException","EMAIL_QUEUE_ERROR"
"ERROR","AOCR_20260217.log","2026-02-17 17:26:19.001 | ERROR | CID:N/A | ERR:EMAIL_QUEUE_ERROR | Error de configuración de base de datos.","Exception: DataAccessException","EMAIL_QUEUE_ERROR"
"ERROR","AOCR_20260217.log","2026-02-17 17:26:49.180 | ERROR | CID:N/A | ERR:EMAIL_QUEUE_ERROR | Error de configuración de base de datos.","Exception: DataAccessException","EMAIL_QUEUE_ERROR"
"ERROR","AOCR_20260217.log","2026-02-17 17:27:19.317 | ERROR | CID:N/A | ERR:EMAIL_QUEUE_ERROR | Error de configuración de base de datos.","Exception: DataAccessException","EMAIL_QUEUE_ERROR"
"ERROR","AOCR_20260217.log","2026-02-17 17:27:49.467 | ERROR | CID:N/A | ERR:EMAIL_QUEUE_ERROR | Error de configuración de base de datos.","Exception: DataAccessException","EMAIL_QUEUE_ERROR"
"ERROR","AOCR_20260217.log","2026-02-17 17:28:19.860 | ERROR | CID:N/A | ERR:EMAIL_QUEUE_ERROR | Error de configuración de base de datos.","Exception: DataAccessException","EMAIL_QUEUE_ERROR"
"ERROR","AOCR_20260217.log","2026-02-17 17:28:50.005 | ERROR | CID:N/A | ERR:EMAIL_QUEUE_ERROR | Error de configuración de base de datos.","Exception: DataAccessException","EMAIL_QUEUE_ERROR"
"ERROR","AOCR_20260217.log","2026-02-17 17:29:20.143 | ERROR | CID:N/A | ERR:EMAIL_QUEUE_ERROR | Error de configuración de base de datos.","Exception: DataAccessException","EMAIL_QUEUE_ERROR"
"ERROR","AOCR_20260217.log","2026-02-17 17:29:50.200 | ERROR | CID:N/A | ERR:EMAIL_QUEUE_ERROR | Error de configuración de base de datos.","Exception: DataAccessException","EMAIL_QUEUE_ERROR"
"ERROR","AOCR_20260217.log","2026-02-17 17:30:20.253 | ERROR | CID:N/A | ERR:EMAIL_QUEUE_ERROR | Error de configuración de base de datos.","Exception: DataAccessException","EMAIL_QUEUE_ERROR"
"ERROR","AOCR_20260217.log","2026-02-17 17:30:50.306 | ERROR | CID:N/A | ERR:EMAIL_QUEUE_ERROR | Error de configuración de base de datos.","Exception: DataAccessException","EMAIL_QUEUE_ERROR"
"ERROR","AOCR_20260217.log","2026-02-17 17:31:20.380 | ERROR | CID:N/A | ERR:EMAIL_QUEUE_ERROR | Error de configuración de base de datos.","Exception: DataAccessException","EMAIL_QUEUE_ERROR"
"ERROR","AOCR_20260217.log","2026-02-17 17:31:50.440 | ERROR | CID:N/A | ERR:EMAIL_QUEUE_ERROR | Error de configuración de base de datos.","Exception: DataAccessException","EMAIL_QUEUE_ERROR"
"ERROR","AOCR_20260217.log","2026-02-17 17:32:20.502 | ERROR | CID:N/A | ERR:EMAIL_QUEUE_ERROR | Error de configuración de base de datos.","Exception: DataAccessException","EMAIL_QUEUE_ERROR"
"ERROR","AOCR_20260217.log","2026-02-17 17:32:50.570 | ERROR | CID:N/A | ERR:EMAIL_QUEUE_ERROR | Error de configuración de base de datos.","Exception: DataAccessException","EMAIL_QUEUE_ERROR"
"ERROR","AOCR_20260217.log","2026-02-17 17:33:21.318 | ERROR | CID:N/A | ERR:EMAIL_QUEUE_ERROR | Error de configuración de base de datos.","Exception: DataAccessException","EMAIL_QUEUE_ERROR"
"ERROR","AOCR_20260217.log","2026-02-17 17:33:51.398 | ERROR | CID:N/A | ERR:EMAIL_QUEUE_ERROR | Error de configuración de base de datos.","Exception: DataAccessException","EMAIL_QUEUE_ERROR"
"ERROR","AOCR_20260217.log","2026-02-17 17:34:21.465 | ERROR | CID:N/A | ERR:EMAIL_QUEUE_ERROR | Error de configuración de base de datos.","Exception: DataAccessException","EMAIL_QUEUE_ERROR"
"ERROR","AOCR_20260217.log","2026-02-17 17:34:51.519 | ERROR | CID:N/A | ERR:EMAIL_QUEUE_ERROR | Error de configuración de base de datos.","Exception: DataAccessException","EMAIL_QUEUE_ERROR"
"ERROR","AOCR_20260217.log","2026-02-17 17:35:21.619 | ERROR | CID:N/A | ERR:EMAIL_QUEUE_ERROR | Error de configuración de base de datos.","Exception: DataAccessException","EMAIL_QUEUE_ERROR"
"ERROR","AOCR_20260217.log","2026-02-17 17:35:51.689 | ERROR | CID:N/A | ERR:EMAIL_QUEUE_ERROR | Error de configuración de base de datos.","Exception: DataAccessException","EMAIL_QUEUE_ERROR"
"ERROR","AOCR_20260217.log","2026-02-17 17:36:21.767 | ERROR | CID:N/A | ERR:EMAIL_QUEUE_ERROR | Error de configuración de base de datos.","Exception: DataAccessException","EMAIL_QUEUE_ERROR"
"ERROR","AOCR_20260217.log","2026-02-17 17:36:51.837 | ERROR | CID:N/A | ERR:EMAIL_QUEUE_ERROR | Error de configuración de base de datos.","Exception: DataAccessException","EMAIL_QUEUE_ERROR"
"ERROR","AOCR_20260217.log","2026-02-17 17:37:21.919 | ERROR | CID:N/A | ERR:EMAIL_QUEUE_ERROR | Error de configuración de base de datos.","Exception: DataAccessException","EMAIL_QUEUE_ERROR"
"ERROR","AOCR_20260217.log","2026-02-17 17:37:52.670 | ERROR | CID:N/A | ERR:EMAIL_QUEUE_ERROR | Error de configuración de base de datos.","Exception: DataAccessException","EMAIL_QUEUE_ERROR"
"ERROR","AOCR_20260217.log","2026-02-17 17:38:22.740 | ERROR | CID:N/A | ERR:EMAIL_QUEUE_ERROR | Error de configuración de base de datos.","Exception: DataAccessException","EMAIL_QUEUE_ERROR"
"ERROR","AOCR_20260217.log","2026-02-17 17:38:52.814 | ERROR | CID:N/A | ERR:EMAIL_QUEUE_ERROR | Error de configuración de base de datos.","Exception: DataAccessException","EMAIL_QUEUE_ERROR"
"ERROR","AOCR_20260217.log","2026-02-17 17:39:22.865 | ERROR | CID:N/A | ERR:EMAIL_QUEUE_ERROR | Error de configuración de base de datos.","Exception: DataAccessException","EMAIL_QUEUE_ERROR"
"ERROR","AOCR_20260217.log","2026-02-17 17:39:52.931 | ERROR | CID:N/A | ERR:EMAIL_QUEUE_ERROR | Error de configuración de base de datos.","Exception: DataAccessException","EMAIL_QUEUE_ERROR"
"ERROR","AOCR_20260217.log","2026-02-17 17:40:23.004 | ERROR | CID:N/A | ERR:EMAIL_QUEUE_ERROR | Error de configuración de base de datos.","Exception: DataAccessException","EMAIL_QUEUE_ERROR"
"ERROR","AOCR_20260217.log","2026-02-17 17:40:53.066 | ERROR | CID:N/A | ERR:EMAIL_QUEUE_ERROR | Error de configuración de base de datos.","Exception: DataAccessException","EMAIL_QUEUE_ERROR"
"ERROR","AOCR_20260217.log","2026-02-17 17:41:23.137 | ERROR | CID:N/A | ERR:EMAIL_QUEUE_ERROR | Error de configuración de base de datos.","Exception: DataAccessException","EMAIL_QUEUE_ERROR"
"ERROR","AOCR_20260217.log","2026-02-17 17:41:53.186 | ERROR | CID:N/A | ERR:EMAIL_QUEUE_ERROR | Error de configuración de base de datos.","Exception: DataAccessException","EMAIL_QUEUE_ERROR"
"ERROR","AOCR_20260217.log","2026-02-17 17:42:23.256 | ERROR | CID:N/A | ERR:EMAIL_QUEUE_ERROR | Error de configuración de base de datos.","Exception: DataAccessException","EMAIL_QUEUE_ERROR"
"ERROR","AOCR_20260217.log","2026-02-17 17:42:53.318 | ERROR | CID:N/A | ERR:EMAIL_QUEUE_ERROR | Error de configuración de base de datos.","Exception: DataAccessException","EMAIL_QUEUE_ERROR"
"ERROR","AOCR_20260217.log","2026-02-17 17:43:23.373 | ERROR | CID:N/A | ERR:EMAIL_QUEUE_ERROR | Error de configuración de base de datos.","Exception: DataAccessException","EMAIL_QUEUE_ERROR"
"ERROR","AOCR_20260217.log","2026-02-17 17:43:53.438 | ERROR | CID:N/A | ERR:EMAIL_QUEUE_ERROR | Error de configuración de base de datos.","Exception: DataAccessException","EMAIL_QUEUE_ERROR"
"ERROR","AOCR_20260217.log","2026-02-17 17:44:23.502 | ERROR | CID:N/A | ERR:EMAIL_QUEUE_ERROR | Error de configuración de base de datos.","Exception: DataAccessException","EMAIL_QUEUE_ERROR"
"ERROR","AOCR_20260217.log","2026-02-17 17:44:53.560 | ERROR | CID:N/A | ERR:EMAIL_QUEUE_ERROR | Error de configuración de base de datos.","Exception: DataAccessException","EMAIL_QUEUE_ERROR"
"ERROR","AOCR_20260217.log","2026-02-17 17:45:23.625 | ERROR | CID:N/A | ERR:EMAIL_QUEUE_ERROR | Error de configuración de base de datos.","Exception: DataAccessException","EMAIL_QUEUE_ERROR"
"ERROR","AOCR_20260217.log","2026-02-17 17:45:53.694 | ERROR | CID:N/A | ERR:EMAIL_QUEUE_ERROR | Error de configuración de base de datos.","Exception: DataAccessException","EMAIL_QUEUE_ERROR"
"ERROR","AOCR_20260217.log","2026-02-17 17:46:23.756 | ERROR | CID:N/A | ERR:EMAIL_QUEUE_ERROR | Error de configuración de base de datos.","Exception: DataAccessException","EMAIL_QUEUE_ERROR"
"ERROR","AOCR_20260217.log","2026-02-17 17:46:53.811 | ERROR | CID:N/A | ERR:EMAIL_QUEUE_ERROR | Error de configuración de base de datos.","Exception: DataAccessException","EMAIL_QUEUE_ERROR"
"ERROR","AOCR_20260217.log","2026-02-17 17:47:23.873 | ERROR | CID:N/A | ERR:EMAIL_QUEUE_ERROR | Error de configuración de base de datos.","Exception: DataAccessException","EMAIL_QUEUE_ERROR"
"ERROR","AOCR_20260217.log","2026-02-17 17:47:53.918 | ERROR | CID:N/A | ERR:EMAIL_QUEUE_ERROR | Error de configuración de base de datos.","Exception: DataAccessException","EMAIL_QUEUE_ERROR"
"ERROR","AOCR_20260217.log","2026-02-17 17:48:23.978 | ERROR | CID:N/A | ERR:EMAIL_QUEUE_ERROR | Error de configuración de base de datos.","Exception: DataAccessException","EMAIL_QUEUE_ERROR"
"ERROR","AOCR_20260217.log","2026-02-17 17:48:54.036 | ERROR | CID:N/A | ERR:EMAIL_QUEUE_ERROR | Error de configuración de base de datos.","Exception: DataAccessException","EMAIL_QUEUE_ERROR"
"ERROR","AOCR_20260217.log","2026-02-17 17:49:24.088 | ERROR | CID:N/A | ERR:EMAIL_QUEUE_ERROR | Error de configuración de base de datos.","Exception: DataAccessException","EMAIL_QUEUE_ERROR"
"ERROR","AOCR_20260217.log","2026-02-17 17:49:54.145 | ERROR | CID:N/A | ERR:EMAIL_QUEUE_ERROR | Error de configuración de base de datos.","Exception: DataAccessException","EMAIL_QUEUE_ERROR"
"ERROR","AOCR_20260217.log","2026-02-17 17:50:24.194 | ERROR | CID:N/A | ERR:EMAIL_QUEUE_ERROR | Error de configuración de base de datos.","Exception: DataAccessException","EMAIL_QUEUE_ERROR"
"ERROR","AOCR_20260217.log","2026-02-17 17:50:54.254 | ERROR | CID:N/A | ERR:EMAIL_QUEUE_ERROR | Error de configuración de base de datos.","Exception: DataAccessException","EMAIL_QUEUE_ERROR"
"ERROR","AOCR_20260217.log","2026-02-17 17:51:24.327 | ERROR | CID:N/A | ERR:EMAIL_QUEUE_ERROR | Error de configuración de base de datos.","Exception: DataAccessException","EMAIL_QUEUE_ERROR"
"ERROR","AOCR_20260217.log","2026-02-17 17:51:54.391 | ERROR | CID:N/A | ERR:EMAIL_QUEUE_ERROR | Error de configuración de base de datos.","Exception: DataAccessException","EMAIL_QUEUE_ERROR"
"ERROR","AOCR_20260217.log","2026-02-17 17:52:24.452 | ERROR | CID:N/A | ERR:EMAIL_QUEUE_ERROR | Error de configuración de base de datos.","Exception: DataAccessException","EMAIL_QUEUE_ERROR"
"ERROR","AOCR_20260217.log","2026-02-17 17:52:54.508 | ERROR | CID:N/A | ERR:EMAIL_QUEUE_ERROR | Error de configuración de base de datos.","Exception: DataAccessException","EMAIL_QUEUE_ERROR"
"ERROR","AOCR_20260217.log","2026-02-17 17:53:24.565 | ERROR | CID:N/A | ERR:EMAIL_QUEUE_ERROR | Error de configuración de base de datos.","Exception: DataAccessException","EMAIL_QUEUE_ERROR"
"ERROR","AOCR_20260217.log","2026-02-17 17:53:54.611 | ERROR | CID:N/A | ERR:EMAIL_QUEUE_ERROR | Error de configuración de base de datos.","Exception: DataAccessException","EMAIL_QUEUE_ERROR"
"ERROR","AOCR_20260217.log","2026-02-17 17:54:24.667 | ERROR | CID:N/A | ERR:EMAIL_QUEUE_ERROR | Error de configuración de base de datos.","Exception: DataAccessException","EMAIL_QUEUE_ERROR"
"ERROR","AOCR_20260217.log","2026-02-17 17:54:54.731 | ERROR | CID:N/A | ERR:EMAIL_QUEUE_ERROR | Error de configuración de base de datos.","Exception: DataAccessException","EMAIL_QUEUE_ERROR"
"ERROR","AOCR_20260217.log","2026-02-17 17:55:24.816 | ERROR | CID:N/A | ERR:EMAIL_QUEUE_ERROR | Error de configuración de base de datos.","Exception: DataAccessException","EMAIL_QUEUE_ERROR"
"ERROR","AOCR_20260217.log","2026-02-17 17:55:55.029 | ERROR | CID:N/A | ERR:EMAIL_QUEUE_ERROR | Error de configuración de base de datos.","Exception: DataAccessException","EMAIL_QUEUE_ERROR"
"ERROR","AOCR_20260217.log","2026-02-17 17:56:25.080 | ERROR | CID:N/A | ERR:EMAIL_QUEUE_ERROR | Error de configuración de base de datos.","Exception: DataAccessException","EMAIL_QUEUE_ERROR"
"ERROR","AOCR_20260217.log","2026-02-17 17:56:55.126 | ERROR | CID:N/A | ERR:EMAIL_QUEUE_ERROR | Error de configuración de base de datos.","Exception: DataAccessException","EMAIL_QUEUE_ERROR"
"ERROR","AOCR_20260217.log","2026-02-17 17:57:25.184 | ERROR | CID:N/A | ERR:EMAIL_QUEUE_ERROR | Error de configuración de base de datos.","Exception: DataAccessException","EMAIL_QUEUE_ERROR"
"ERROR","AOCR_20260217.log","2026-02-17 17:57:55.251 | ERROR | CID:N/A | ERR:EMAIL_QUEUE_ERROR | Error de configuración de base de datos.","Exception: DataAccessException","EMAIL_QUEUE_ERROR"
"ERROR","AOCR_20260217.log","2026-02-17 17:58:25.299 | ERROR | CID:N/A | ERR:EMAIL_QUEUE_ERROR | Error de configuración de base de datos.","Exception: DataAccessException","EMAIL_QUEUE_ERROR"
"ERROR","AOCR_20260217.log","2026-02-17 17:58:55.385 | ERROR | CID:N/A | ERR:EMAIL_QUEUE_ERROR | Error de configuración de base de datos.","Exception: DataAccessException","EMAIL_QUEUE_ERROR"
"ERROR","AOCR_20260217.log","2026-02-17 17:59:25.456 | ERROR | CID:N/A | ERR:EMAIL_QUEUE_ERROR | Error de configuración de base de datos.","Exception: DataAccessException","EMAIL_QUEUE_ERROR"
"ERROR","AOCR_20260217.log","2026-02-17 17:59:55.510 | ERROR | CID:N/A | ERR:EMAIL_QUEUE_ERROR | Error de configuración de base de datos.","Exception: DataAccessException","EMAIL_QUEUE_ERROR"
"ERROR","AOCR_20260217.log","2026-02-17 18:00:25.555 | ERROR | CID:N/A | ERR:EMAIL_QUEUE_ERROR | Error de configuración de base de datos.","Exception: DataAccessException","EMAIL_QUEUE_ERROR"
"ERROR","AOCR_20260217.log","2026-02-17 18:00:55.598 | ERROR | CID:N/A | ERR:EMAIL_QUEUE_ERROR | Error de configuración de base de datos.","Exception: DataAccessException","EMAIL_QUEUE_ERROR"
"ERROR","AOCR_20260217.log","2026-02-17 18:01:25.650 | ERROR | CID:N/A | ERR:EMAIL_QUEUE_ERROR | Error de configuración de base de datos.","Exception: DataAccessException","EMAIL_QUEUE_ERROR"
"ERROR","AOCR_20260217.log","2026-02-17 18:01:55.721 | ERROR | CID:N/A | ERR:EMAIL_QUEUE_ERROR | Error de configuración de base de datos.","Exception: DataAccessException","EMAIL_QUEUE_ERROR"
"ERROR","AOCR_20260217.log","2026-02-17 18:02:25.797 | ERROR | CID:N/A | ERR:EMAIL_QUEUE_ERROR | Error de configuración de base de datos.","Exception: DataAccessException","EMAIL_QUEUE_ERROR"
"ERROR","AOCR_20260217.log","2026-02-17 18:02:55.856 | ERROR | CID:N/A | ERR:EMAIL_QUEUE_ERROR | Error de configuración de base de datos.","Exception: DataAccessException","EMAIL_QUEUE_ERROR"
"ERROR","AOCR_20260217.log","2026-02-17 18:03:25.920 | ERROR | CID:N/A | ERR:EMAIL_QUEUE_ERROR | Error de configuración de base de datos.","Exception: DataAccessException","EMAIL_QUEUE_ERROR"
"ERROR","AOCR_20260217.log","2026-02-17 18:03:55.980 | ERROR | CID:N/A | ERR:EMAIL_QUEUE_ERROR | Error de configuración de base de datos.","Exception: DataAccessException","EMAIL_QUEUE_ERROR"
"ERROR","AOCR_20260217.log","2026-02-17 18:04:26.036 | ERROR | CID:N/A | ERR:EMAIL_QUEUE_ERROR | Error de configuración de base de datos.","Exception: DataAccessException","EMAIL_QUEUE_ERROR"
"ERROR","AOCR_20260217.log","2026-02-17 18:04:56.095 | ERROR | CID:N/A | ERR:EMAIL_QUEUE_ERROR | Error de configuración de base de datos.","Exception: DataAccessException","EMAIL_QUEUE_ERROR"
"ERROR","AOCR_20260217.log","2026-02-17 18:05:26.153 | ERROR | CID:N/A | ERR:EMAIL_QUEUE_ERROR | Error de configuración de base de datos.","Exception: DataAccessException","EMAIL_QUEUE_ERROR"
"ERROR","AOCR_20260217.log","2026-02-17 18:05:56.226 | ERROR | CID:N/A | ERR:EMAIL_QUEUE_ERROR | Error de configuración de base de datos.","Exception: DataAccessException","EMAIL_QUEUE_ERROR"
"ERROR","AOCR_20260217.log","2026-02-17 18:06:26.287 | ERROR | CID:N/A | ERR:EMAIL_QUEUE_ERROR | Error de configuración de base de datos.","Exception: DataAccessException","EMAIL_QUEUE_ERROR"
"ERROR","AOCR_20260217.log","2026-02-17 18:06:56.480 | ERROR | CID:N/A | ERR:EMAIL_QUEUE_ERROR | Error de configuración de base de datos.","Exception: DataAccessException","EMAIL_QUEUE_ERROR"
"ERROR","AOCR_20260217.log","2026-02-17 18:07:26.542 | ERROR | CID:N/A | ERR:EMAIL_QUEUE_ERROR | Error de configuración de base de datos.","Exception: DataAccessException","EMAIL_QUEUE_ERROR"
"ERROR","AOCR_20260217.log","2026-02-17 18:07:56.608 | ERROR | CID:N/A | ERR:EMAIL_QUEUE_ERROR | Error de configuración de base de datos.","Exception: DataAccessException","EMAIL_QUEUE_ERROR"
"ERROR","AOCR_20260217.log","2026-02-17 18:08:26.670 | ERROR | CID:N/A | ERR:EMAIL_QUEUE_ERROR | Error de configuración de base de datos.","Exception: DataAccessException","EMAIL_QUEUE_ERROR"
"ERROR","AOCR_20260217.log","2026-02-17 18:08:56.728 | ERROR | CID:N/A | ERR:EMAIL_QUEUE_ERROR | Error de configuración de base de datos.","Exception: DataAccessException","EMAIL_QUEUE_ERROR"
"ERROR","AOCR_20260217.log","2026-02-17 18:09:26.787 | ERROR | CID:N/A | ERR:EMAIL_QUEUE_ERROR | Error de configuración de base de datos.","Exception: DataAccessException","EMAIL_QUEUE_ERROR"
"ERROR","AOCR_20260217.log","2026-02-17 18:09:56.858 | ERROR | CID:N/A | ERR:EMAIL_QUEUE_ERROR | Error de configuración de base de datos.","Exception: DataAccessException","EMAIL_QUEUE_ERROR"
"ERROR","AOCR_20260217.log","2026-02-17 18:10:26.967 | ERROR | CID:N/A | ERR:EMAIL_QUEUE_ERROR | Error de configuración de base de datos.","Exception: DataAccessException","EMAIL_QUEUE_ERROR"
"ERROR","AOCR_20260217.log","2026-02-17 18:10:57.051 | ERROR | CID:N/A | ERR:EMAIL_QUEUE_ERROR | Error de configuración de base de datos.","Exception: DataAccessException","EMAIL_QUEUE_ERROR"
"ERROR","AOCR_20260217.log","2026-02-17 18:11:27.163 | ERROR | CID:N/A | ERR:EMAIL_QUEUE_ERROR | Error de configuración de base de datos.","Exception: DataAccessException","EMAIL_QUEUE_ERROR"
"ERROR","AOCR_20260217.log","2026-02-17 18:11:57.252 | ERROR | CID:N/A | ERR:EMAIL_QUEUE_ERROR | Error de configuración de base de datos.","Exception: DataAccessException","EMAIL_QUEUE_ERROR"
"ERROR","AOCR_20260217.log","2026-02-17 18:12:27.323 | ERROR | CID:N/A | ERR:EMAIL_QUEUE_ERROR | Error de configuración de base de datos.","Exception: DataAccessException","EMAIL_QUEUE_ERROR"
"ERROR","AOCR_20260217.log","2026-02-17 18:12:57.374 | ERROR | CID:N/A | ERR:EMAIL_QUEUE_ERROR | Error de configuración de base de datos.","Exception: DataAccessException","EMAIL_QUEUE_ERROR"
"ERROR","AOCR_20260217.log","2026-02-17 18:13:27.439 | ERROR | CID:N/A | ERR:EMAIL_QUEUE_ERROR | Error de configuración de base de datos.","Exception: DataAccessException","EMAIL_QUEUE_ERROR"
"ERROR","AOCR_20260217.log","2026-02-17 18:13:57.511 | ERROR | CID:N/A | ERR:EMAIL_QUEUE_ERROR | Error de configuración de base de datos.","Exception: DataAccessException","EMAIL_QUEUE_ERROR"
"ERROR","AOCR_20260217.log","2026-02-17 18:14:27.570 | ERROR | CID:N/A | ERR:EMAIL_QUEUE_ERROR | Error de configuración de base de datos.","Exception: DataAccessException","EMAIL_QUEUE_ERROR"
"ERROR","AOCR_20260217.log","2026-02-17 18:14:57.630 | ERROR | CID:N/A | ERR:EMAIL_QUEUE_ERROR | Error de configuración de base de datos.","Exception: DataAccessException","EMAIL_QUEUE_ERROR"
"ERROR","AOCR_20260217.log","2026-02-17 18:15:27.696 | ERROR | CID:N/A | ERR:EMAIL_QUEUE_ERROR | Error de configuración de base de datos.","Exception: DataAccessException","EMAIL_QUEUE_ERROR"
"ERROR","AOCR_20260217.log","2026-02-17 18:15:57.768 | ERROR | CID:N/A | ERR:EMAIL_QUEUE_ERROR | Error de configuración de base de datos.","Exception: DataAccessException","EMAIL_QUEUE_ERROR"
"ERROR","AOCR_20260217.log","2026-02-17 18:16:27.832 | ERROR | CID:N/A | ERR:EMAIL_QUEUE_ERROR | Error de configuración de base de datos.","Exception: DataAccessException","EMAIL_QUEUE_ERROR"
"ERROR","AOCR_20260217.log","2026-02-17 18:16:57.904 | ERROR | CID:N/A | ERR:EMAIL_QUEUE_ERROR | Error de configuración de base de datos.","Exception: DataAccessException","EMAIL_QUEUE_ERROR"
"ERROR","AOCR_20260217.log","2026-02-17 18:17:27.966 | ERROR | CID:N/A | ERR:EMAIL_QUEUE_ERROR | Error de configuración de base de datos.","Exception: DataAccessException","EMAIL_QUEUE_ERROR"
"ERROR","AOCR_20260217.log","2026-02-17 18:17:58.043 | ERROR | CID:N/A | ERR:EMAIL_QUEUE_ERROR | Error de configuración de base de datos.","Exception: DataAccessException","EMAIL_QUEUE_ERROR"
"ERROR","AOCR_20260217.log","2026-02-17 18:18:28.112 | ERROR | CID:N/A | ERR:EMAIL_QUEUE_ERROR | Error de configuración de base de datos.","Exception: DataAccessException","EMAIL_QUEUE_ERROR"
"ERROR","AOCR_20260217.log","2026-02-17 18:18:58.167 | ERROR | CID:N/A | ERR:EMAIL_QUEUE_ERROR | Error de configuración de base de datos.","Exception: DataAccessException","EMAIL_QUEUE_ERROR"
"ERROR","AOCR_20260217.log","2026-02-17 18:19:28.223 | ERROR | CID:N/A | ERR:EMAIL_QUEUE_ERROR | Error de configuración de base de datos.","Exception: DataAccessException","EMAIL_QUEUE_ERROR"
"ERROR","AOCR_20260217.log","2026-02-17 18:19:58.302 | ERROR | CID:N/A | ERR:EMAIL_QUEUE_ERROR | Error de configuración de base de datos.","Exception: DataAccessException","EMAIL_QUEUE_ERROR"
"ERROR","AOCR_20260217.log","2026-02-17 18:20:28.484 | ERROR | CID:N/A | ERR:EMAIL_QUEUE_ERROR | Error de configuración de base de datos.","Exception: DataAccessException","EMAIL_QUEUE_ERROR"
"ERROR","AOCR_20260217.log","2026-02-17 18:20:58.546 | ERROR | CID:N/A | ERR:EMAIL_QUEUE_ERROR | Error de configuración de base de datos.","Exception: DataAccessException","EMAIL_QUEUE_ERROR"
"ERROR","AOCR_20260217.log","2026-02-17 18:21:28.603 | ERROR | CID:N/A | ERR:EMAIL_QUEUE_ERROR | Error de configuración de base de datos.","Exception: DataAccessException","EMAIL_QUEUE_ERROR"
"ERROR","AOCR_20260217.log","2026-02-17 18:21:58.658 | ERROR | CID:N/A | ERR:EMAIL_QUEUE_ERROR | Error de configuración de base de datos.","Exception: DataAccessException","EMAIL_QUEUE_ERROR"
"ERROR","AOCR_20260217.log","2026-02-17 18:22:28.740 | ERROR | CID:N/A | ERR:EMAIL_QUEUE_ERROR | Error de configuración de base de datos.","Exception: DataAccessException","EMAIL_QUEUE_ERROR"
"ERROR","AOCR_20260217.log","2026-02-17 18:22:58.809 | ERROR | CID:N/A | ERR:EMAIL_QUEUE_ERROR | Error de configuración de base de datos.","Exception: DataAccessException","EMAIL_QUEUE_ERROR"
"ERROR","AOCR_20260217.log","2026-02-17 18:23:28.862 | ERROR | CID:N/A | ERR:EMAIL_QUEUE_ERROR | Error de configuración de base de datos.","Exception: DataAccessException","EMAIL_QUEUE_ERROR"
"ERROR","AOCR_20260217.log","2026-02-17 18:23:58.918 | ERROR | CID:N/A | ERR:EMAIL_QUEUE_ERROR | Error de configuración de base de datos.","Exception: DataAccessException","EMAIL_QUEUE_ERROR"
"ERROR","AOCR_20260217.log","2026-02-17 18:24:28.993 | ERROR | CID:N/A | ERR:EMAIL_QUEUE_ERROR | Error de configuración de base de datos.","Exception: DataAccessException","EMAIL_QUEUE_ERROR"
"ERROR","AOCR_20260217.log","2026-02-17 18:24:59.066 | ERROR | CID:N/A | ERR:EMAIL_QUEUE_ERROR | Error de configuración de base de datos.","Exception: DataAccessException","EMAIL_QUEUE_ERROR"
"ERROR","AOCR_20260217.log","2026-02-17 18:25:29.108 | ERROR | CID:N/A | ERR:EMAIL_QUEUE_ERROR | Error de configuración de base de datos.","Exception: DataAccessException","EMAIL_QUEUE_ERROR"
"ERROR","AOCR_20260217.log","2026-02-17 18:25:59.168 | ERROR | CID:N/A | ERR:EMAIL_QUEUE_ERROR | Error de configuración de base de datos.","Exception: DataAccessException","EMAIL_QUEUE_ERROR"
"ERROR","AOCR_20260217.log","2026-02-17 18:26:29.219 | ERROR | CID:N/A | ERR:EMAIL_QUEUE_ERROR | Error de configuración de base de datos.","Exception: DataAccessException","EMAIL_QUEUE_ERROR"
"ERROR","AOCR_20260217.log","2026-02-17 18:26:59.379 | ERROR | CID:N/A | ERR:EMAIL_QUEUE_ERROR | Error de configuración de base de datos.","Exception: DataAccessException","EMAIL_QUEUE_ERROR"
"ERROR","AOCR_20260217.log","2026-02-17 18:27:29.453 | ERROR | CID:N/A | ERR:EMAIL_QUEUE_ERROR | Error de configuración de base de datos.","Exception: DataAccessException","EMAIL_QUEUE_ERROR"
"ERROR","AOCR_20260217.log","2026-02-17 18:27:59.519 | ERROR | CID:N/A | ERR:EMAIL_QUEUE_ERROR | Error de configuración de base de datos.","Exception: DataAccessException","EMAIL_QUEUE_ERROR"
"ERROR","AOCR_20260217.log","2026-02-17 18:28:29.639 | ERROR | CID:N/A | ERR:EMAIL_QUEUE_ERROR | Error de configuración de base de datos.","Exception: DataAccessException","EMAIL_QUEUE_ERROR"
"ERROR","AOCR_20260217.log","2026-02-17 18:28:59.839 | ERROR | CID:N/A | ERR:EMAIL_QUEUE_ERROR | Error de configuración de base de datos.","Exception: DataAccessException","EMAIL_QUEUE_ERROR"
"ERROR","AOCR_20260217.log","2026-02-17 18:29:29.908 | ERROR | CID:N/A | ERR:EMAIL_QUEUE_ERROR | Error de configuración de base de datos.","Exception: DataAccessException","EMAIL_QUEUE_ERROR"
"ERROR","AOCR_20260217.log","2026-02-17 18:29:59.968 | ERROR | CID:N/A | ERR:EMAIL_QUEUE_ERROR | Error de configuración de base de datos.","Exception: DataAccessException","EMAIL_QUEUE_ERROR"
"ERROR","AOCR_20260217.log","2026-02-17 18:30:30.022 | ERROR | CID:N/A | ERR:EMAIL_QUEUE_ERROR | Error de configuración de base de datos.","Exception: DataAccessException","EMAIL_QUEUE_ERROR"
"ERROR","AOCR_20260217.log","2026-02-17 18:31:00.097 | ERROR | CID:N/A | ERR:EMAIL_QUEUE_ERROR | Error de configuración de base de datos.","Exception: DataAccessException","EMAIL_QUEUE_ERROR"
"ERROR","AOCR_20260217.log","2026-02-17 18:31:30.180 | ERROR | CID:N/A | ERR:EMAIL_QUEUE_ERROR | Error de configuración de base de datos.","Exception: DataAccessException","EMAIL_QUEUE_ERROR"
"ERROR","AOCR_20260217.log","2026-02-17 18:32:00.242 | ERROR | CID:N/A | ERR:EMAIL_QUEUE_ERROR | Error de configuración de base de datos.","Exception: DataAccessException","EMAIL_QUEUE_ERROR"
"ERROR","AOCR_20260217.log","2026-02-17 18:32:30.310 | ERROR | CID:N/A | ERR:EMAIL_QUEUE_ERROR | Error de configuración de base de datos.","Exception: DataAccessException","EMAIL_QUEUE_ERROR"
"ERROR","AOCR_20260217.log","2026-02-17 18:33:00.388 | ERROR | CID:N/A | ERR:EMAIL_QUEUE_ERROR | Error de configuración de base de datos.","Exception: DataAccessException","EMAIL_QUEUE_ERROR"
"ERROR","AOCR_20260217.log","2026-02-17 18:33:30.457 | ERROR | CID:N/A | ERR:EMAIL_QUEUE_ERROR | Error de configuración de base de datos.","Exception: DataAccessException","EMAIL_QUEUE_ERROR"
"ERROR","AOCR_20260217.log","2026-02-17 18:34:00.531 | ERROR | CID:N/A | ERR:EMAIL_QUEUE_ERROR | Error de configuración de base de datos.","Exception: DataAccessException","EMAIL_QUEUE_ERROR"
"ERROR","AOCR_20260217.log","2026-02-17 18:34:30.579 | ERROR | CID:N/A | ERR:EMAIL_QUEUE_ERROR | Error de configuración de base de datos.","Exception: DataAccessException","EMAIL_QUEUE_ERROR"
"ERROR","AOCR_20260217.log","2026-02-17 18:35:00.643 | ERROR | CID:N/A | ERR:EMAIL_QUEUE_ERROR | Error de configuración de base de datos.","Exception: DataAccessException","EMAIL_QUEUE_ERROR"
"ERROR","AOCR_20260217.log","2026-02-17 18:35:30.699 | ERROR | CID:N/A | ERR:EMAIL_QUEUE_ERROR | Error de configuración de base de datos.","Exception: DataAccessException","EMAIL_QUEUE_ERROR"
"ERROR","AOCR_20260217.log","2026-02-17 18:36:00.757 | ERROR | CID:N/A | ERR:EMAIL_QUEUE_ERROR | Error de configuración de base de datos.","Exception: DataAccessException","EMAIL_QUEUE_ERROR"
"ERROR","AOCR_20260217.log","2026-02-17 18:36:31.028 | ERROR | CID:N/A | ERR:EMAIL_QUEUE_ERROR | Error de configuración de base de datos.","Exception: DataAccessException","EMAIL_QUEUE_ERROR"
"ERROR","AOCR_20260217.log","2026-02-17 18:37:01.091 | ERROR | CID:N/A | ERR:EMAIL_QUEUE_ERROR | Error de configuración de base de datos.","Exception: DataAccessException","EMAIL_QUEUE_ERROR"
"ERROR","AOCR_20260217.log","2026-02-17 18:37:31.150 | ERROR | CID:N/A | ERR:EMAIL_QUEUE_ERROR | Error de configuración de base de datos.","Exception: DataAccessException","EMAIL_QUEUE_ERROR"
"ERROR","AOCR_20260217.log","2026-02-17 18:38:01.215 | ERROR | CID:N/A | ERR:EMAIL_QUEUE_ERROR | Error de configuración de base de datos.","Exception: DataAccessException","EMAIL_QUEUE_ERROR"
"ERROR","AOCR_20260217.log","2026-02-17 18:38:31.273 | ERROR | CID:N/A | ERR:EMAIL_QUEUE_ERROR | Error de configuración de base de datos.","Exception: DataAccessException","EMAIL_QUEUE_ERROR"
"ERROR","AOCR_20260217.log","2026-02-17 18:39:01.323 | ERROR | CID:N/A | ERR:EMAIL_QUEUE_ERROR | Error de configuración de base de datos.","Exception: DataAccessException","EMAIL_QUEUE_ERROR"
"ERROR","AOCR_20260217.log","2026-02-17 18:39:31.386 | ERROR | CID:N/A | ERR:EMAIL_QUEUE_ERROR | Error de configuración de base de datos.","Exception: DataAccessException","EMAIL_QUEUE_ERROR"
"ERROR","AOCR_20260217.log","2026-02-17 18:40:01.442 | ERROR | CID:N/A | ERR:EMAIL_QUEUE_ERROR | Error de configuración de base de datos.","Exception: DataAccessException","EMAIL_QUEUE_ERROR"
"ERROR","AOCR_20260217.log","2026-02-17 18:40:31.497 | ERROR | CID:N/A | ERR:EMAIL_QUEUE_ERROR | Error de configuración de base de datos.","Exception: DataAccessException","EMAIL_QUEUE_ERROR"
"ERROR","AOCR_20260217.log","2026-02-17 18:41:01.553 | ERROR | CID:N/A | ERR:EMAIL_QUEUE_ERROR | Error de configuración de base de datos.","Exception: DataAccessException","EMAIL_QUEUE_ERROR"
"ERROR","AOCR_20260217.log","2026-02-17 18:41:31.612 | ERROR | CID:N/A | ERR:EMAIL_QUEUE_ERROR | Error de configuración de base de datos.","Exception: DataAccessException","EMAIL_QUEUE_ERROR"
"ERROR","AOCR_20260217.log","2026-02-17 18:42:01.667 | ERROR | CID:N/A | ERR:EMAIL_QUEUE_ERROR | Error de configuración de base de datos.","Exception: DataAccessException","EMAIL_QUEUE_ERROR"
"ERROR","AOCR_20260217.log","2026-02-17 18:42:31.731 | ERROR | CID:N/A | ERR:EMAIL_QUEUE_ERROR | Error de configuración de base de datos.","Exception: DataAccessException","EMAIL_QUEUE_ERROR"
"ERROR","AOCR_20260217.log","2026-02-17 18:43:01.797 | ERROR | CID:N/A | ERR:EMAIL_QUEUE_ERROR | Error de configuración de base de datos.","Exception: DataAccessException","EMAIL_QUEUE_ERROR"
"ERROR","AOCR_20260217.log","2026-02-17 18:43:31.855 | ERROR | CID:N/A | ERR:EMAIL_QUEUE_ERROR | Error de configuración de base de datos.","Exception: DataAccessException","EMAIL_QUEUE_ERROR"
"ERROR","AOCR_20260217.log","2026-02-17 18:44:01.933 | ERROR | CID:N/A | ERR:EMAIL_QUEUE_ERROR | Error de configuración de base de datos.","Exception: DataAccessException","EMAIL_QUEUE_ERROR"
"ERROR","AOCR_20260217.log","2026-02-17 18:44:31.992 | ERROR | CID:N/A | ERR:EMAIL_QUEUE_ERROR | Error de configuración de base de datos.","Exception: DataAccessException","EMAIL_QUEUE_ERROR"
"ERROR","AOCR_20260217.log","2026-02-17 18:45:02.048 | ERROR | CID:N/A | ERR:EMAIL_QUEUE_ERROR | Error de configuración de base de datos.","Exception: DataAccessException","EMAIL_QUEUE_ERROR"
"ERROR","AOCR_20260217.log","2026-02-17 18:45:32.108 | ERROR | CID:N/A | ERR:EMAIL_QUEUE_ERROR | Error de configuración de base de datos.","Exception: DataAccessException","EMAIL_QUEUE_ERROR"
"ERROR","AOCR_20260217.log","2026-02-17 18:46:02.177 | ERROR | CID:N/A | ERR:EMAIL_QUEUE_ERROR | Error de configuración de base de datos.","Exception: DataAccessException","EMAIL_QUEUE_ERROR"
"ERROR","AOCR_20260217.log","2026-02-17 18:46:32.244 | ERROR | CID:N/A | ERR:EMAIL_QUEUE_ERROR | Error de configuración de base de datos.","Exception: DataAccessException","EMAIL_QUEUE_ERROR"
"ERROR","AOCR_20260217.log","2026-02-17 18:47:02.309 | ERROR | CID:N/A | ERR:EMAIL_QUEUE_ERROR | Error de configuración de base de datos.","Exception: DataAccessException","EMAIL_QUEUE_ERROR"
"ERROR","AOCR_20260217.log","2026-02-17 18:47:32.379 | ERROR | CID:N/A | ERR:EMAIL_QUEUE_ERROR | Error de configuración de base de datos.","Exception: DataAccessException","EMAIL_QUEUE_ERROR"
"ERROR","AOCR_20260217.log","2026-02-17 18:48:02.445 | ERROR | CID:N/A | ERR:EMAIL_QUEUE_ERROR | Error de configuración de base de datos.","Exception: DataAccessException","EMAIL_QUEUE_ERROR"
"ERROR","AOCR_20260217.log","2026-02-17 18:48:32.502 | ERROR | CID:N/A | ERR:EMAIL_QUEUE_ERROR | Error de configuración de base de datos.","Exception: DataAccessException","EMAIL_QUEUE_ERROR"
"ERROR","AOCR_20260217.log","2026-02-17 18:49:02.566 | ERROR | CID:N/A | ERR:EMAIL_QUEUE_ERROR | Error de configuración de base de datos.","Exception: DataAccessException","EMAIL_QUEUE_ERROR"
"ERROR","AOCR_20260217.log","2026-02-17 18:49:32.623 | ERROR | CID:N/A | ERR:EMAIL_QUEUE_ERROR | Error de configuración de base de datos.","Exception: DataAccessException","EMAIL_QUEUE_ERROR"
"ERROR","AOCR_20260217.log","2026-02-17 18:50:02.687 | ERROR | CID:N/A | ERR:EMAIL_QUEUE_ERROR | Error de configuración de base de datos.","Exception: DataAccessException","EMAIL_QUEUE_ERROR"
"ERROR","AOCR_20260217.log","2026-02-17 18:50:32.756 | ERROR | CID:N/A | ERR:EMAIL_QUEUE_ERROR | Error de configuración de base de datos.","Exception: DataAccessException","EMAIL_QUEUE_ERROR"
"ERROR","AOCR_20260217.log","2026-02-17 18:51:02.808 | ERROR | CID:N/A | ERR:EMAIL_QUEUE_ERROR | Error de configuración de base de datos.","Exception: DataAccessException","EMAIL_QUEUE_ERROR"
"ERROR","AOCR_20260217.log","2026-02-17 18:51:32.876 | ERROR | CID:N/A | ERR:EMAIL_QUEUE_ERROR | Error de configuración de base de datos.","Exception: DataAccessException","EMAIL_QUEUE_ERROR"
"ERROR","AOCR_20260217.log","2026-02-17 18:52:02.948 | ERROR | CID:N/A | ERR:EMAIL_QUEUE_ERROR | Error de configuración de base de datos.","Exception: DataAccessException","EMAIL_QUEUE_ERROR"
"ERROR","AOCR_20260217.log","2026-02-17 18:52:33.008 | ERROR | CID:N/A | ERR:EMAIL_QUEUE_ERROR | Error de configuración de base de datos.","Exception: DataAccessException","EMAIL_QUEUE_ERROR"
"ERROR","AOCR_20260217.log","2026-02-17 18:53:03.062 | ERROR | CID:N/A | ERR:EMAIL_QUEUE_ERROR | Error de configuración de base de datos.","Exception: DataAccessException","EMAIL_QUEUE_ERROR"
"ERROR","AOCR_20260217.log","2026-02-17 18:53:33.122 | ERROR | CID:N/A | ERR:EMAIL_QUEUE_ERROR | Error de configuración de base de datos.","Exception: DataAccessException","EMAIL_QUEUE_ERROR"
"ERROR","AOCR_20260217.log","2026-02-17 18:54:03.176 | ERROR | CID:N/A | ERR:EMAIL_QUEUE_ERROR | Error de configuración de base de datos.","Exception: DataAccessException","EMAIL_QUEUE_ERROR"
"ERROR","AOCR_20260217.log","2026-02-17 18:54:33.237 | ERROR | CID:N/A | ERR:EMAIL_QUEUE_ERROR | Error de configuración de base de datos.","Exception: DataAccessException","EMAIL_QUEUE_ERROR"
"ERROR","AOCR_20260217.log","2026-02-17 18:55:03.304 | ERROR | CID:N/A | ERR:EMAIL_QUEUE_ERROR | Error de configuración de base de datos.","Exception: DataAccessException","EMAIL_QUEUE_ERROR"
"ERROR","AOCR_20260217.log","2026-02-17 18:55:33.386 | ERROR | CID:N/A | ERR:EMAIL_QUEUE_ERROR | Error de configuración de base de datos.","Exception: DataAccessException","EMAIL_QUEUE_ERROR"
"ERROR","AOCR_20260217.log","2026-02-17 18:56:03.454 | ERROR | CID:N/A | ERR:EMAIL_QUEUE_ERROR | Error de configuración de base de datos.","Exception: DataAccessException","EMAIL_QUEUE_ERROR"
"ERROR","AOCR_20260217.log","2026-02-17 18:56:33.511 | ERROR | CID:N/A | ERR:EMAIL_QUEUE_ERROR | Error de configuración de base de datos.","Exception: DataAccessException","EMAIL_QUEUE_ERROR"
"ERROR","AOCR_20260217.log","2026-02-17 18:57:03.579 | ERROR | CID:N/A | ERR:EMAIL_QUEUE_ERROR | Error de configuración de base de datos.","Exception: DataAccessException","EMAIL_QUEUE_ERROR"
"ERROR","AOCR_20260217.log","2026-02-17 18:57:33.643 | ERROR | CID:N/A | ERR:EMAIL_QUEUE_ERROR | Error de configuración de base de datos.","Exception: DataAccessException","EMAIL_QUEUE_ERROR"
"ERROR","AOCR_20260217.log","2026-02-17 18:58:03.700 | ERROR | CID:N/A | ERR:EMAIL_QUEUE_ERROR | Error de configuración de base de datos.","Exception: DataAccessException","EMAIL_QUEUE_ERROR"
"ERROR","AOCR_20260217.log","2026-02-17 18:58:33.769 | ERROR | CID:N/A | ERR:EMAIL_QUEUE_ERROR | Error de configuración de base de datos.","Exception: DataAccessException","EMAIL_QUEUE_ERROR"
"ERROR","AOCR_20260217.log","2026-02-17 18:59:03.828 | ERROR | CID:N/A | ERR:EMAIL_QUEUE_ERROR | Error de configuración de base de datos.","Exception: DataAccessException","EMAIL_QUEUE_ERROR"
"ERROR","AOCR_20260217.log","2026-02-17 18:59:33.884 | ERROR | CID:N/A | ERR:EMAIL_QUEUE_ERROR | Error de configuración de base de datos.","Exception: DataAccessException","EMAIL_QUEUE_ERROR"
"ERROR","AOCR_20260217.log","2026-02-17 19:00:03.943 | ERROR | CID:N/A | ERR:EMAIL_QUEUE_ERROR | Error de configuración de base de datos.","Exception: DataAccessException","EMAIL_QUEUE_ERROR"
"ERROR","AOCR_20260217.log","2026-02-17 19:00:33.992 | ERROR | CID:N/A | ERR:EMAIL_QUEUE_ERROR | Error de configuración de base de datos.","Exception: DataAccessException","EMAIL_QUEUE_ERROR"
"ERROR","AOCR_20260217.log","2026-02-17 19:01:04.041 | ERROR | CID:N/A | ERR:EMAIL_QUEUE_ERROR | Error de configuración de base de datos.","Exception: DataAccessException","EMAIL_QUEUE_ERROR"
"ERROR","AOCR_20260217.log","2026-02-17 19:01:34.109 | ERROR | CID:N/A | ERR:EMAIL_QUEUE_ERROR | Error de configuración de base de datos.","Exception: DataAccessException","EMAIL_QUEUE_ERROR"
"ERROR","AOCR_20260217.log","2026-02-17 19:02:04.165 | ERROR | CID:N/A | ERR:EMAIL_QUEUE_ERROR | Error de configuración de base de datos.","Exception: DataAccessException","EMAIL_QUEUE_ERROR"
"ERROR","AOCR_20260217.log","2026-02-17 19:02:34.236 | ERROR | CID:N/A | ERR:EMAIL_QUEUE_ERROR | Error de configuración de base de datos.","Exception: DataAccessException","EMAIL_QUEUE_ERROR"
"ERROR","AOCR_20260217.log","2026-02-17 19:03:04.293 | ERROR | CID:N/A | ERR:EMAIL_QUEUE_ERROR | Error de configuración de base de datos.","Exception: DataAccessException","EMAIL_QUEUE_ERROR"
"ERROR","AOCR_20260217.log","2026-02-17 19:03:34.346 | ERROR | CID:N/A | ERR:EMAIL_QUEUE_ERROR | Error de configuración de base de datos.","Exception: DataAccessException","EMAIL_QUEUE_ERROR"
"ERROR","AOCR_20260217.log","2026-02-17 19:04:04.419 | ERROR | CID:N/A | ERR:EMAIL_QUEUE_ERROR | Error de configuración de base de datos.","Exception: DataAccessException","EMAIL_QUEUE_ERROR"
"ERROR","AOCR_20260217.log","2026-02-17 19:04:34.481 | ERROR | CID:N/A | ERR:EMAIL_QUEUE_ERROR | Error de configuración de base de datos.","Exception: DataAccessException","EMAIL_QUEUE_ERROR"
"ERROR","AOCR_20260217.log","2026-02-17 19:05:04.528 | ERROR | CID:N/A | ERR:EMAIL_QUEUE_ERROR | Error de configuración de base de datos.","Exception: DataAccessException","EMAIL_QUEUE_ERROR"
"ERROR","AOCR_20260217.log","2026-02-17 19:05:34.600 | ERROR | CID:N/A | ERR:EMAIL_QUEUE_ERROR | Error de configuración de base de datos.","Exception: DataAccessException","EMAIL_QUEUE_ERROR"
"ERROR","AOCR_20260217.log","2026-02-17 19:06:04.672 | ERROR | CID:N/A | ERR:EMAIL_QUEUE_ERROR | Error de configuración de base de datos.","Exception: DataAccessException","EMAIL_QUEUE_ERROR"
"ERROR","AOCR_20260217.log","2026-02-17 19:06:34.739 | ERROR | CID:N/A | ERR:EMAIL_QUEUE_ERROR | Error de configuración de base de datos.","Exception: DataAccessException","EMAIL_QUEUE_ERROR"
"ERROR","AOCR_20260217.log","2026-02-17 19:07:04.812 | ERROR | CID:N/A | ERR:EMAIL_QUEUE_ERROR | Error de configuración de base de datos.","Exception: DataAccessException","EMAIL_QUEUE_ERROR"
"ERROR","AOCR_20260217.log","2026-02-17 19:07:34.875 | ERROR | CID:N/A | ERR:EMAIL_QUEUE_ERROR | Error de configuración de base de datos.","Exception: DataAccessException","EMAIL_QUEUE_ERROR"
"ERROR","AOCR_20260217.log","2026-02-17 19:08:04.934 | ERROR | CID:N/A | ERR:EMAIL_QUEUE_ERROR | Error de configuración de base de datos.","Exception: DataAccessException","EMAIL_QUEUE_ERROR"
"ERROR","AOCR_20260217.log","2026-02-17 19:08:35.000 | ERROR | CID:N/A | ERR:EMAIL_QUEUE_ERROR | Error de configuración de base de datos.","Exception: DataAccessException","EMAIL_QUEUE_ERROR"
"ERROR","AOCR_20260217.log","2026-02-17 19:09:05.090 | ERROR | CID:N/A | ERR:EMAIL_QUEUE_ERROR | Error de configuración de base de datos.","Exception: DataAccessException","EMAIL_QUEUE_ERROR"
"ERROR","AOCR_20260217.log","2026-02-17 19:09:35.131 | ERROR | CID:N/A | ERR:EMAIL_QUEUE_ERROR | Error de configuración de base de datos.","Exception: DataAccessException","EMAIL_QUEUE_ERROR"
"ERROR","AOCR_20260217.log","2026-02-17 19:10:05.207 | ERROR | CID:N/A | ERR:EMAIL_QUEUE_ERROR | Error de configuración de base de datos.","Exception: DataAccessException","EMAIL_QUEUE_ERROR"
"ERROR","AOCR_20260217.log","2026-02-17 19:10:35.268 | ERROR | CID:N/A | ERR:EMAIL_QUEUE_ERROR | Error de configuración de base de datos.","Exception: DataAccessException","EMAIL_QUEUE_ERROR"
"ERROR","AOCR_20260217.log","2026-02-17 19:11:05.321 | ERROR | CID:N/A | ERR:EMAIL_QUEUE_ERROR | Error de configuración de base de datos.","Exception: DataAccessException","EMAIL_QUEUE_ERROR"
"ERROR","AOCR_20260217.log","2026-02-17 19:11:35.402 | ERROR | CID:N/A | ERR:EMAIL_QUEUE_ERROR | Error de configuración de base de datos.","Exception: DataAccessException","EMAIL_QUEUE_ERROR"
"ERROR","AOCR_20260217.log","2026-02-17 19:12:05.480 | ERROR | CID:N/A | ERR:EMAIL_QUEUE_ERROR | Error de configuración de base de datos.","Exception: DataAccessException","EMAIL_QUEUE_ERROR"
"ERROR","AOCR_20260217.log","2026-02-17 19:12:35.547 | ERROR | CID:N/A | ERR:EMAIL_QUEUE_ERROR | Error de configuración de base de datos.","Exception: DataAccessException","EMAIL_QUEUE_ERROR"
"ERROR","AOCR_20260217.log","2026-02-17 19:13:05.626 | ERROR | CID:N/A | ERR:EMAIL_QUEUE_ERROR | Error de configuración de base de datos.","Exception: DataAccessException","EMAIL_QUEUE_ERROR"
"ERROR","AOCR_20260217.log","2026-02-17 19:13:35.685 | ERROR | CID:N/A | ERR:EMAIL_QUEUE_ERROR | Error de configuración de base de datos.","Exception: DataAccessException","EMAIL_QUEUE_ERROR"
"ERROR","AOCR_20260217.log","2026-02-17 19:14:05.738 | ERROR | CID:N/A | ERR:EMAIL_QUEUE_ERROR | Error de configuración de base de datos.","Exception: DataAccessException","EMAIL_QUEUE_ERROR"
"ERROR","AOCR_20260217.log","2026-02-17 19:14:35.802 | ERROR | CID:N/A | ERR:EMAIL_QUEUE_ERROR | Error de configuración de base de datos.","Exception: DataAccessException","EMAIL_QUEUE_ERROR"
"ERROR","AOCR_20260217.log","2026-02-17 19:15:05.888 | ERROR | CID:N/A | ERR:EMAIL_QUEUE_ERROR | Error de configuración de base de datos.","Exception: DataAccessException","EMAIL_QUEUE_ERROR"
"ERROR","AOCR_20260217.log","2026-02-17 19:15:35.938 | ERROR | CID:N/A | ERR:EMAIL_QUEUE_ERROR | Error de configuración de base de datos.","Exception: DataAccessException","EMAIL_QUEUE_ERROR"
"ERROR","AOCR_20260217.log","2026-02-17 19:16:06.012 | ERROR | CID:N/A | ERR:EMAIL_QUEUE_ERROR | Error de configuración de base de datos.","Exception: DataAccessException","EMAIL_QUEUE_ERROR"
"ERROR","AOCR_20260217.log","2026-02-17 19:16:36.064 | ERROR | CID:N/A | ERR:EMAIL_QUEUE_ERROR | Error de configuración de base de datos.","Exception: DataAccessException","EMAIL_QUEUE_ERROR"
"ERROR","AOCR_20260217.log","2026-02-17 19:17:06.113 | ERROR | CID:N/A | ERR:EMAIL_QUEUE_ERROR | Error de configuración de base de datos.","Exception: DataAccessException","EMAIL_QUEUE_ERROR"
"ERROR","AOCR_20260217.log","2026-02-17 19:17:36.177 | ERROR | CID:N/A | ERR:EMAIL_QUEUE_ERROR | Error de configuración de base de datos.","Exception: DataAccessException","EMAIL_QUEUE_ERROR"
"ERROR","AOCR_20260217.log","2026-02-17 19:18:06.241 | ERROR | CID:N/A | ERR:EMAIL_QUEUE_ERROR | Error de configuración de base de datos.","Exception: DataAccessException","EMAIL_QUEUE_ERROR"
"ERROR","AOCR_20260217.log","2026-02-17 19:18:36.300 | ERROR | CID:N/A | ERR:EMAIL_QUEUE_ERROR | Error de configuración de base de datos.","Exception: DataAccessException","EMAIL_QUEUE_ERROR"
"ERROR","AOCR_20260217.log","2026-02-17 19:19:06.359 | ERROR | CID:N/A | ERR:EMAIL_QUEUE_ERROR | Error de configuración de base de datos.","Exception: DataAccessException","EMAIL_QUEUE_ERROR"
"ERROR","AOCR_20260217.log","2026-02-17 19:19:36.422 | ERROR | CID:N/A | ERR:EMAIL_QUEUE_ERROR | Error de configuración de base de datos.","Exception: DataAccessException","EMAIL_QUEUE_ERROR"
"ERROR","AOCR_20260217.log","2026-02-17 19:20:06.498 | ERROR | CID:N/A | ERR:EMAIL_QUEUE_ERROR | Error de configuración de base de datos.","Exception: DataAccessException","EMAIL_QUEUE_ERROR"
"ERROR","AOCR_20260217.log","2026-02-17 19:20:36.558 | ERROR | CID:N/A | ERR:EMAIL_QUEUE_ERROR | Error de configuración de base de datos.","Exception: DataAccessException","EMAIL_QUEUE_ERROR"
"ERROR","AOCR_20260217.log","2026-02-17 19:21:06.619 | ERROR | CID:N/A | ERR:EMAIL_QUEUE_ERROR | Error de configuración de base de datos.","Exception: DataAccessException","EMAIL_QUEUE_ERROR"
"ERROR","AOCR_20260217.log","2026-02-17 19:21:36.672 | ERROR | CID:N/A | ERR:EMAIL_QUEUE_ERROR | Error de configuración de base de datos.","Exception: DataAccessException","EMAIL_QUEUE_ERROR"
"ERROR","AOCR_20260217.log","2026-02-17 19:22:06.737 | ERROR | CID:N/A | ERR:EMAIL_QUEUE_ERROR | Error de configuración de base de datos.","Exception: DataAccessException","EMAIL_QUEUE_ERROR"
"ERROR","AOCR_20260217.log","2026-02-17 19:22:36.802 | ERROR | CID:N/A | ERR:EMAIL_QUEUE_ERROR | Error de configuración de base de datos.","Exception: DataAccessException","EMAIL_QUEUE_ERROR"
"ERROR","AOCR_20260217.log","2026-02-17 19:23:06.861 | ERROR | CID:N/A | ERR:EMAIL_QUEUE_ERROR | Error de configuración de base de datos.","Exception: DataAccessException","EMAIL_QUEUE_ERROR"
"ERROR","AOCR_20260217.log","2026-02-17 19:23:36.917 | ERROR | CID:N/A | ERR:EMAIL_QUEUE_ERROR | Error de configuración de base de datos.","Exception: DataAccessException","EMAIL_QUEUE_ERROR"
"ERROR","AOCR_20260217.log","2026-02-17 19:24:06.984 | ERROR | CID:N/A | ERR:EMAIL_QUEUE_ERROR | Error de configuración de base de datos.","Exception: DataAccessException","EMAIL_QUEUE_ERROR"
"ERROR","AOCR_20260217.log","2026-02-17 19:24:37.045 | ERROR | CID:N/A | ERR:EMAIL_QUEUE_ERROR | Error de configuración de base de datos.","Exception: DataAccessException","EMAIL_QUEUE_ERROR"
"ERROR","AOCR_20260217.log","2026-02-17 19:25:07.101 | ERROR | CID:N/A | ERR:EMAIL_QUEUE_ERROR | Error de configuración de base de datos.","Exception: DataAccessException","EMAIL_QUEUE_ERROR"
"ERROR","AOCR_20260217.log","2026-02-17 19:25:37.160 | ERROR | CID:N/A | ERR:EMAIL_QUEUE_ERROR | Error de configuración de base de datos.","Exception: DataAccessException","EMAIL_QUEUE_ERROR"
"ERROR","AOCR_20260217.log","2026-02-17 19:26:07.210 | ERROR | CID:N/A | ERR:EMAIL_QUEUE_ERROR | Error de configuración de base de datos.","Exception: DataAccessException","EMAIL_QUEUE_ERROR"
"ERROR","AOCR_20260217.log","2026-02-17 19:26:37.269 | ERROR | CID:N/A | ERR:EMAIL_QUEUE_ERROR | Error de configuración de base de datos.","Exception: DataAccessException","EMAIL_QUEUE_ERROR"
"ERROR","AOCR_20260217.log","2026-02-17 19:27:07.351 | ERROR | CID:N/A | ERR:EMAIL_QUEUE_ERROR | Error de configuración de base de datos.","Exception: DataAccessException","EMAIL_QUEUE_ERROR"
"ERROR","AOCR_20260217.log","2026-02-17 19:27:37.448 | ERROR | CID:N/A | ERR:EMAIL_QUEUE_ERROR | Error de configuración de base de datos.","Exception: DataAccessException","EMAIL_QUEUE_ERROR"
"ERROR","AOCR_20260217.log","2026-02-17 19:28:07.509 | ERROR | CID:N/A | ERR:EMAIL_QUEUE_ERROR | Error de configuración de base de datos.","Exception: DataAccessException","EMAIL_QUEUE_ERROR"
"ERROR","AOCR_20260217.log","2026-02-17 19:28:37.568 | ERROR | CID:N/A | ERR:EMAIL_QUEUE_ERROR | Error de configuración de base de datos.","Exception: DataAccessException","EMAIL_QUEUE_ERROR"
"ERROR","AOCR_20260217.log","2026-02-17 19:29:07.637 | ERROR | CID:N/A | ERR:EMAIL_QUEUE_ERROR | Error de configuración de base de datos.","Exception: DataAccessException","EMAIL_QUEUE_ERROR"
"ERROR","AOCR_20260217.log","2026-02-17 19:29:37.709 | ERROR | CID:N/A | ERR:EMAIL_QUEUE_ERROR | Error de configuración de base de datos.","Exception: DataAccessException","EMAIL_QUEUE_ERROR"
"ERROR","AOCR_20260217.log","2026-02-17 19:30:07.780 | ERROR | CID:N/A | ERR:EMAIL_QUEUE_ERROR | Error de configuración de base de datos.","Exception: DataAccessException","EMAIL_QUEUE_ERROR"
"ERROR","AOCR_20260217.log","2026-02-17 19:30:37.837 | ERROR | CID:N/A | ERR:EMAIL_QUEUE_ERROR | Error de configuración de base de datos.","Exception: DataAccessException","EMAIL_QUEUE_ERROR"
"ERROR","AOCR_20260217.log","2026-02-17 19:31:07.892 | ERROR | CID:N/A | ERR:EMAIL_QUEUE_ERROR | Error de configuración de base de datos.","Exception: DataAccessException","EMAIL_QUEUE_ERROR"
"ERROR","AOCR_20260217.log","2026-02-17 19:31:37.958 | ERROR | CID:N/A | ERR:EMAIL_QUEUE_ERROR | Error de configuración de base de datos.","Exception: DataAccessException","EMAIL_QUEUE_ERROR"
"ERROR","AOCR_20260217.log","2026-02-17 19:32:08.045 | ERROR | CID:N/A | ERR:EMAIL_QUEUE_ERROR | Error de configuración de base de datos.","Exception: DataAccessException","EMAIL_QUEUE_ERROR"
"ERROR","AOCR_20260217.log","2026-02-17 19:32:38.107 | ERROR | CID:N/A | ERR:EMAIL_QUEUE_ERROR | Error de configuración de base de datos.","Exception: DataAccessException","EMAIL_QUEUE_ERROR"
"ERROR","AOCR_20260217.log","2026-02-17 19:33:08.175 | ERROR | CID:N/A | ERR:EMAIL_QUEUE_ERROR | Error de configuración de base de datos.","Exception: DataAccessException","EMAIL_QUEUE_ERROR"
"ERROR","AOCR_20260217.log","2026-02-17 19:33:38.222 | ERROR | CID:N/A | ERR:EMAIL_QUEUE_ERROR | Error de configuración de base de datos.","Exception: DataAccessException","EMAIL_QUEUE_ERROR"
"ERROR","AOCR_20260217.log","2026-02-17 19:34:08.283 | ERROR | CID:N/A | ERR:EMAIL_QUEUE_ERROR | Error de configuración de base de datos.","Exception: DataAccessException","EMAIL_QUEUE_ERROR"
"ERROR","AOCR_20260217.log","2026-02-17 19:34:38.350 | ERROR | CID:N/A | ERR:EMAIL_QUEUE_ERROR | Error de configuración de base de datos.","Exception: DataAccessException","EMAIL_QUEUE_ERROR"
"ERROR","AOCR_20260217.log","2026-02-17 19:35:08.421 | ERROR | CID:N/A | ERR:EMAIL_QUEUE_ERROR | Error de configuración de base de datos.","Exception: DataAccessException","EMAIL_QUEUE_ERROR"
"ERROR","AOCR_20260217.log","2026-02-17 19:35:38.488 | ERROR | CID:N/A | ERR:EMAIL_QUEUE_ERROR | Error de configuración de base de datos.","Exception: DataAccessException","EMAIL_QUEUE_ERROR"
"ERROR","AOCR_20260217.log","2026-02-17 19:36:08.553 | ERROR | CID:N/A | ERR:EMAIL_QUEUE_ERROR | Error de configuración de base de datos.","Exception: DataAccessException","EMAIL_QUEUE_ERROR"
"ERROR","AOCR_20260217.log","2026-02-17 19:36:38.618 | ERROR | CID:N/A | ERR:EMAIL_QUEUE_ERROR | Error de configuración de base de datos.","Exception: DataAccessException","EMAIL_QUEUE_ERROR"
"ERROR","AOCR_20260217.log","2026-02-17 19:37:08.684 | ERROR | CID:N/A | ERR:EMAIL_QUEUE_ERROR | Error de configuración de base de datos.","Exception: DataAccessException","EMAIL_QUEUE_ERROR"
"ERROR","AOCR_20260217.log","2026-02-17 19:37:38.743 | ERROR | CID:N/A | ERR:EMAIL_QUEUE_ERROR | Error de configuración de base de datos.","Exception: DataAccessException","EMAIL_QUEUE_ERROR"
"ERROR","AOCR_20260217.log","2026-02-17 19:38:08.820 | ERROR | CID:N/A | ERR:EMAIL_QUEUE_ERROR | Error de configuración de base de datos.","Exception: DataAccessException","EMAIL_QUEUE_ERROR"
"ERROR","AOCR_20260217.log","2026-02-17 19:38:38.884 | ERROR | CID:N/A | ERR:EMAIL_QUEUE_ERROR | Error de configuración de base de datos.","Exception: DataAccessException","EMAIL_QUEUE_ERROR"
"ERROR","AOCR_20260217.log","2026-02-17 19:39:08.949 | ERROR | CID:N/A | ERR:EMAIL_QUEUE_ERROR | Error de configuración de base de datos.","Exception: DataAccessException","EMAIL_QUEUE_ERROR"
"ERROR","AOCR_20260217.log","2026-02-17 19:39:39.006 | ERROR | CID:N/A | ERR:EMAIL_QUEUE_ERROR | Error de configuración de base de datos.","Exception: DataAccessException","EMAIL_QUEUE_ERROR"
"ERROR","AOCR_20260217.log","2026-02-17 19:40:09.053 | ERROR | CID:N/A | ERR:EMAIL_QUEUE_ERROR | Error de configuración de base de datos.","Exception: DataAccessException","EMAIL_QUEUE_ERROR"
"ERROR","AOCR_20260217.log","2026-02-17 19:40:39.121 | ERROR | CID:N/A | ERR:EMAIL_QUEUE_ERROR | Error de configuración de base de datos.","Exception: DataAccessException","EMAIL_QUEUE_ERROR"
"ERROR","AOCR_20260217.log","2026-02-17 19:41:09.185 | ERROR | CID:N/A | ERR:EMAIL_QUEUE_ERROR | Error de configuración de base de datos.","Exception: DataAccessException","EMAIL_QUEUE_ERROR"
"ERROR","AOCR_20260217.log","2026-02-17 19:41:39.238 | ERROR | CID:N/A | ERR:EMAIL_QUEUE_ERROR | Error de configuración de base de datos.","Exception: DataAccessException","EMAIL_QUEUE_ERROR"
"ERROR","AOCR_20260217.log","2026-02-17 19:42:09.292 | ERROR | CID:N/A | ERR:EMAIL_QUEUE_ERROR | Error de configuración de base de datos.","Exception: DataAccessException","EMAIL_QUEUE_ERROR"
"ERROR","AOCR_20260217.log","2026-02-17 19:42:39.353 | ERROR | CID:N/A | ERR:EMAIL_QUEUE_ERROR | Error de configuración de base de datos.","Exception: DataAccessException","EMAIL_QUEUE_ERROR"
"ERROR","AOCR_20260217.log","2026-02-17 19:43:09.412 | ERROR | CID:N/A | ERR:EMAIL_QUEUE_ERROR | Error de configuración de base de datos.","Exception: DataAccessException","EMAIL_QUEUE_ERROR"
"ERROR","AOCR_20260217.log","2026-02-17 19:43:39.480 | ERROR | CID:N/A | ERR:EMAIL_QUEUE_ERROR | Error de configuración de base de datos.","Exception: DataAccessException","EMAIL_QUEUE_ERROR"
"ERROR","AOCR_20260217.log","2026-02-17 19:44:09.539 | ERROR | CID:N/A | ERR:EMAIL_QUEUE_ERROR | Error de configuración de base de datos.","Exception: DataAccessException","EMAIL_QUEUE_ERROR"
"ERROR","AOCR_20260217.log","2026-02-17 19:44:39.609 | ERROR | CID:N/A | ERR:EMAIL_QUEUE_ERROR | Error de configuración de base de datos.","Exception: DataAccessException","EMAIL_QUEUE_ERROR"
"ERROR","AOCR_20260217.log","2026-02-17 19:45:09.669 | ERROR | CID:N/A | ERR:EMAIL_QUEUE_ERROR | Error de configuración de base de datos.","Exception: DataAccessException","EMAIL_QUEUE_ERROR"
"ERROR","AOCR_20260217.log","2026-02-17 19:45:39.730 | ERROR | CID:N/A | ERR:EMAIL_QUEUE_ERROR | Error de configuración de base de datos.","Exception: DataAccessException","EMAIL_QUEUE_ERROR"
"ERROR","AOCR_20260217.log","2026-02-17 19:46:09.798 | ERROR | CID:N/A | ERR:EMAIL_QUEUE_ERROR | Error de configuración de base de datos.","Exception: DataAccessException","EMAIL_QUEUE_ERROR"
"ERROR","AOCR_20260217.log","2026-02-17 19:46:39.856 | ERROR | CID:N/A | ERR:EMAIL_QUEUE_ERROR | Error de configuración de base de datos.","Exception: DataAccessException","EMAIL_QUEUE_ERROR"
"ERROR","AOCR_20260217.log","2026-02-17 19:47:09.925 | ERROR | CID:N/A | ERR:EMAIL_QUEUE_ERROR | Error de configuración de base de datos.","Exception: DataAccessException","EMAIL_QUEUE_ERROR"
"ERROR","AOCR_20260217.log","2026-02-17 19:47:39.979 | ERROR | CID:N/A | ERR:EMAIL_QUEUE_ERROR | Error de configuración de base de datos.","Exception: DataAccessException","EMAIL_QUEUE_ERROR"
"ERROR","AOCR_20260217.log","2026-02-17 19:48:10.028 | ERROR | CID:N/A | ERR:EMAIL_QUEUE_ERROR | Error de configuración de base de datos.","Exception: DataAccessException","EMAIL_QUEUE_ERROR"
"ERROR","AOCR_20260217.log","2026-02-17 19:48:40.091 | ERROR | CID:N/A | ERR:EMAIL_QUEUE_ERROR | Error de configuración de base de datos.","Exception: DataAccessException","EMAIL_QUEUE_ERROR"
"ERROR","AOCR_20260217.log","2026-02-17 19:49:10.141 | ERROR | CID:N/A | ERR:EMAIL_QUEUE_ERROR | Error de configuración de base de datos.","Exception: DataAccessException","EMAIL_QUEUE_ERROR"
"ERROR","AOCR_20260217.log","2026-02-17 19:49:40.205 | ERROR | CID:N/A | ERR:EMAIL_QUEUE_ERROR | Error de configuración de base de datos.","Exception: DataAccessException","EMAIL_QUEUE_ERROR"
"ERROR","AOCR_20260217.log","2026-02-17 19:50:10.268 | ERROR | CID:N/A | ERR:EMAIL_QUEUE_ERROR | Error de configuración de base de datos.","Exception: DataAccessException","EMAIL_QUEUE_ERROR"
"ERROR","AOCR_20260217.log","2026-02-17 19:50:40.325 | ERROR | CID:N/A | ERR:EMAIL_QUEUE_ERROR | Error de configuración de base de datos.","Exception: DataAccessException","EMAIL_QUEUE_ERROR"
"ERROR","AOCR_20260217.log","2026-02-17 19:51:10.370 | ERROR | CID:N/A | ERR:EMAIL_QUEUE_ERROR | Error de configuración de base de datos.","Exception: DataAccessException","EMAIL_QUEUE_ERROR"
"ERROR","AOCR_20260217.log","2026-02-17 19:51:40.425 | ERROR | CID:N/A | ERR:EMAIL_QUEUE_ERROR | Error de configuración de base de datos.","Exception: DataAccessException","EMAIL_QUEUE_ERROR"
"ERROR","AOCR_20260217.log","2026-02-17 19:52:10.480 | ERROR | CID:N/A | ERR:EMAIL_QUEUE_ERROR | Error de configuración de base de datos.","Exception: DataAccessException","EMAIL_QUEUE_ERROR"
"ERROR","AOCR_20260217.log","2026-02-17 19:52:40.523 | ERROR | CID:N/A | ERR:EMAIL_QUEUE_ERROR | Error de configuración de base de datos.","Exception: DataAccessException","EMAIL_QUEUE_ERROR"
"ERROR","AOCR_20260217.log","2026-02-17 19:53:10.582 | ERROR | CID:N/A | ERR:EMAIL_QUEUE_ERROR | Error de configuración de base de datos.","Exception: DataAccessException","EMAIL_QUEUE_ERROR"
"ERROR","AOCR_20260217.log","2026-02-17 19:53:40.630 | ERROR | CID:N/A | ERR:EMAIL_QUEUE_ERROR | Error de configuración de base de datos.","Exception: DataAccessException","EMAIL_QUEUE_ERROR"
"ERROR","AOCR_20260217.log","2026-02-17 19:54:10.688 | ERROR | CID:N/A | ERR:EMAIL_QUEUE_ERROR | Error de configuración de base de datos.","Exception: DataAccessException","EMAIL_QUEUE_ERROR"
"ERROR","AOCR_20260217.log","2026-02-17 19:54:40.769 | ERROR | CID:N/A | ERR:EMAIL_QUEUE_ERROR | Error de configuración de base de datos.","Exception: DataAccessException","EMAIL_QUEUE_ERROR"
"ERROR","AOCR_20260217.log","2026-02-17 19:55:10.840 | ERROR | CID:N/A | ERR:EMAIL_QUEUE_ERROR | Error de configuración de base de datos.","Exception: DataAccessException","EMAIL_QUEUE_ERROR"
"ERROR","AOCR_20260217.log","2026-02-17 19:55:40.897 | ERROR | CID:N/A | ERR:EMAIL_QUEUE_ERROR | Error de configuración de base de datos.","Exception: DataAccessException","EMAIL_QUEUE_ERROR"
"ERROR","AOCR_20260217.log","2026-02-17 19:56:10.987 | ERROR | CID:N/A | ERR:EMAIL_QUEUE_ERROR | Error de configuración de base de datos.","Exception: DataAccessException","EMAIL_QUEUE_ERROR"
"ERROR","AOCR_20260217.log","2026-02-17 19:56:41.048 | ERROR | CID:N/A | ERR:EMAIL_QUEUE_ERROR | Error de configuración de base de datos.","Exception: DataAccessException","EMAIL_QUEUE_ERROR"
"ERROR","AOCR_20260217.log","2026-02-17 19:57:11.108 | ERROR | CID:N/A | ERR:EMAIL_QUEUE_ERROR | Error de configuración de base de datos.","Exception: DataAccessException","EMAIL_QUEUE_ERROR"
"ERROR","AOCR_20260217.log","2026-02-17 19:57:41.165 | ERROR | CID:N/A | ERR:EMAIL_QUEUE_ERROR | Error de configuración de base de datos.","Exception: DataAccessException","EMAIL_QUEUE_ERROR"
"ERROR","AOCR_20260217.log","2026-02-17 19:58:11.218 | ERROR | CID:N/A | ERR:EMAIL_QUEUE_ERROR | Error de configuración de base de datos.","Exception: DataAccessException","EMAIL_QUEUE_ERROR"
"ERROR","AOCR_20260217.log","2026-02-17 19:58:41.294 | ERROR | CID:N/A | ERR:EMAIL_QUEUE_ERROR | Error de configuración de base de datos.","Exception: DataAccessException","EMAIL_QUEUE_ERROR"
"ERROR","AOCR_20260217.log","2026-02-17 19:59:11.349 | ERROR | CID:N/A | ERR:EMAIL_QUEUE_ERROR | Error de configuración de base de datos.","Exception: DataAccessException","EMAIL_QUEUE_ERROR"
"ERROR","AOCR_20260217.log","2026-02-17 19:59:41.400 | ERROR | CID:N/A | ERR:EMAIL_QUEUE_ERROR | Error de configuración de base de datos.","Exception: DataAccessException","EMAIL_QUEUE_ERROR"
"ERROR","AOCR_20260217.log","2026-02-17 20:00:11.458 | ERROR | CID:N/A | ERR:EMAIL_QUEUE_ERROR | Error de configuración de base de datos.","Exception: DataAccessException","EMAIL_QUEUE_ERROR"
"ERROR","AOCR_20260217.log","2026-02-17 20:00:41.504 | ERROR | CID:N/A | ERR:EMAIL_QUEUE_ERROR | Error de configuración de base de datos.","Exception: DataAccessException","EMAIL_QUEUE_ERROR"
"ERROR","AOCR_20260217.log","2026-02-17 20:01:11.562 | ERROR | CID:N/A | ERR:EMAIL_QUEUE_ERROR | Error de configuración de base de datos.","Exception: DataAccessException","EMAIL_QUEUE_ERROR"
"ERROR","AOCR_20260217.log","2026-02-17 20:01:41.619 | ERROR | CID:N/A | ERR:EMAIL_QUEUE_ERROR | Error de configuración de base de datos.","Exception: DataAccessException","EMAIL_QUEUE_ERROR"
"ERROR","AOCR_20260217.log","2026-02-17 20:02:11.681 | ERROR | CID:N/A | ERR:EMAIL_QUEUE_ERROR | Error de configuración de base de datos.","Exception: DataAccessException","EMAIL_QUEUE_ERROR"
"ERROR","AOCR_20260217.log","2026-02-17 20:02:41.754 | ERROR | CID:N/A | ERR:EMAIL_QUEUE_ERROR | Error de configuración de base de datos.","Exception: DataAccessException","EMAIL_QUEUE_ERROR"
"ERROR","AOCR_20260217.log","2026-02-17 20:03:11.803 | ERROR | CID:N/A | ERR:EMAIL_QUEUE_ERROR | Error de configuración de base de datos.","Exception: DataAccessException","EMAIL_QUEUE_ERROR"
"ERROR","AOCR_20260217.log","2026-02-17 20:03:41.856 | ERROR | CID:N/A | ERR:EMAIL_QUEUE_ERROR | Error de configuración de base de datos.","Exception: DataAccessException","EMAIL_QUEUE_ERROR"
"ERROR","AOCR_20260217.log","2026-02-17 20:04:11.918 | ERROR | CID:N/A | ERR:EMAIL_QUEUE_ERROR | Error de configuración de base de datos.","Exception: DataAccessException","EMAIL_QUEUE_ERROR"
"ERROR","AOCR_20260217.log","2026-02-17 20:04:41.993 | ERROR | CID:N/A | ERR:EMAIL_QUEUE_ERROR | Error de configuración de base de datos.","Exception: DataAccessException","EMAIL_QUEUE_ERROR"
"ERROR","AOCR_20260217.log","2026-02-17 20:05:12.048 | ERROR | CID:N/A | ERR:EMAIL_QUEUE_ERROR | Error de configuración de base de datos.","Exception: DataAccessException","EMAIL_QUEUE_ERROR"
"ERROR","AOCR_20260217.log","2026-02-17 20:05:42.110 | ERROR | CID:N/A | ERR:EMAIL_QUEUE_ERROR | Error de configuración de base de datos.","Exception: DataAccessException","EMAIL_QUEUE_ERROR"
"ERROR","AOCR_20260217.log","2026-02-17 20:06:12.165 | ERROR | CID:N/A | ERR:EMAIL_QUEUE_ERROR | Error de configuración de base de datos.","Exception: DataAccessException","EMAIL_QUEUE_ERROR"
"ERROR","AOCR_20260217.log","2026-02-17 20:06:42.225 | ERROR | CID:N/A | ERR:EMAIL_QUEUE_ERROR | Error de configuración de base de datos.","Exception: DataAccessException","EMAIL_QUEUE_ERROR"
"ERROR","AOCR_20260217.log","2026-02-17 20:07:12.273 | ERROR | CID:N/A | ERR:EMAIL_QUEUE_ERROR | Error de configuración de base de datos.","Exception: DataAccessException","EMAIL_QUEUE_ERROR"
"ERROR","AOCR_20260217.log","2026-02-17 20:07:42.328 | ERROR | CID:N/A | ERR:EMAIL_QUEUE_ERROR | Error de configuración de base de datos.","Exception: DataAccessException","EMAIL_QUEUE_ERROR"
"ERROR","AOCR_20260217.log","2026-02-17 20:08:12.383 | ERROR | CID:N/A | ERR:EMAIL_QUEUE_ERROR | Error de configuración de base de datos.","Exception: DataAccessException","EMAIL_QUEUE_ERROR"
"ERROR","AOCR_20260217.log","2026-02-17 20:08:42.438 | ERROR | CID:N/A | ERR:EMAIL_QUEUE_ERROR | Error de configuración de base de datos.","Exception: DataAccessException","EMAIL_QUEUE_ERROR"
"ERROR","AOCR_20260217.log","2026-02-17 20:09:12.502 | ERROR | CID:N/A | ERR:EMAIL_QUEUE_ERROR | Error de configuración de base de datos.","Exception: DataAccessException","EMAIL_QUEUE_ERROR"
"ERROR","AOCR_20260217.log","2026-02-17 20:09:42.572 | ERROR | CID:N/A | ERR:EMAIL_QUEUE_ERROR | Error de configuración de base de datos.","Exception: DataAccessException","EMAIL_QUEUE_ERROR"
"ERROR","AOCR_20260217.log","2026-02-17 20:10:12.624 | ERROR | CID:N/A | ERR:EMAIL_QUEUE_ERROR | Error de configuración de base de datos.","Exception: DataAccessException","EMAIL_QUEUE_ERROR"
"ERROR","AOCR_20260217.log","2026-02-17 20:10:42.685 | ERROR | CID:N/A | ERR:EMAIL_QUEUE_ERROR | Error de configuración de base de datos.","Exception: DataAccessException","EMAIL_QUEUE_ERROR"
"ERROR","AOCR_20260217.log","2026-02-17 20:11:12.727 | ERROR | CID:N/A | ERR:EMAIL_QUEUE_ERROR | Error de configuración de base de datos.","Exception: DataAccessException","EMAIL_QUEUE_ERROR"
"ERROR","AOCR_20260217.log","2026-02-17 20:11:42.803 | ERROR | CID:N/A | ERR:EMAIL_QUEUE_ERROR | Error de configuración de base de datos.","Exception: DataAccessException","EMAIL_QUEUE_ERROR"
"ERROR","AOCR_20260217.log","2026-02-17 20:12:12.881 | ERROR | CID:N/A | ERR:EMAIL_QUEUE_ERROR | Error de configuración de base de datos.","Exception: DataAccessException","EMAIL_QUEUE_ERROR"
"ERROR","AOCR_20260217.log","2026-02-17 20:12:42.934 | ERROR | CID:N/A | ERR:EMAIL_QUEUE_ERROR | Error de configuración de base de datos.","Exception: DataAccessException","EMAIL_QUEUE_ERROR"
"ERROR","AOCR_20260217.log","2026-02-17 20:13:12.987 | ERROR | CID:N/A | ERR:EMAIL_QUEUE_ERROR | Error de configuración de base de datos.","Exception: DataAccessException","EMAIL_QUEUE_ERROR"
"ERROR","AOCR_20260217.log","2026-02-17 20:13:43.052 | ERROR | CID:N/A | ERR:EMAIL_QUEUE_ERROR | Error de configuración de base de datos.","Exception: DataAccessException","EMAIL_QUEUE_ERROR"
"ERROR","AOCR_20260217.log","2026-02-17 20:14:13.103 | ERROR | CID:N/A | ERR:EMAIL_QUEUE_ERROR | Error de configuración de base de datos.","Exception: DataAccessException","EMAIL_QUEUE_ERROR"
"ERROR","AOCR_20260217.log","2026-02-17 20:14:43.172 | ERROR | CID:N/A | ERR:EMAIL_QUEUE_ERROR | Error de configuración de base de datos.","Exception: DataAccessException","EMAIL_QUEUE_ERROR"
"ERROR","AOCR_20260217.log","2026-02-17 20:15:13.234 | ERROR | CID:N/A | ERR:EMAIL_QUEUE_ERROR | Error de configuración de base de datos.","Exception: DataAccessException","EMAIL_QUEUE_ERROR"
"ERROR","AOCR_20260217.log","2026-02-17 20:15:43.301 | ERROR | CID:N/A | ERR:EMAIL_QUEUE_ERROR | Error de configuración de base de datos.","Exception: DataAccessException","EMAIL_QUEUE_ERROR"
"ERROR","AOCR_20260217.log","2026-02-17 20:16:13.356 | ERROR | CID:N/A | ERR:EMAIL_QUEUE_ERROR | Error de configuración de base de datos.","Exception: DataAccessException","EMAIL_QUEUE_ERROR"
"ERROR","AOCR_20260217.log","2026-02-17 20:16:43.426 | ERROR | CID:N/A | ERR:EMAIL_QUEUE_ERROR | Error de configuración de base de datos.","Exception: DataAccessException","EMAIL_QUEUE_ERROR"
"ERROR","AOCR_20260217.log","2026-02-17 20:17:13.477 | ERROR | CID:N/A | ERR:EMAIL_QUEUE_ERROR | Error de configuración de base de datos.","Exception: DataAccessException","EMAIL_QUEUE_ERROR"
"ERROR","AOCR_20260217.log","2026-02-17 20:17:43.541 | ERROR | CID:N/A | ERR:EMAIL_QUEUE_ERROR | Error de configuración de base de datos.","Exception: DataAccessException","EMAIL_QUEUE_ERROR"
"ERROR","AOCR_20260217.log","2026-02-17 20:18:13.604 | ERROR | CID:N/A | ERR:EMAIL_QUEUE_ERROR | Error de configuración de base de datos.","Exception: DataAccessException","EMAIL_QUEUE_ERROR"
"ERROR","AOCR_20260217.log","2026-02-17 20:18:43.673 | ERROR | CID:N/A | ERR:EMAIL_QUEUE_ERROR | Error de configuración de base de datos.","Exception: DataAccessException","EMAIL_QUEUE_ERROR"
"ERROR","AOCR_20260217.log","2026-02-17 20:19:13.723 | ERROR | CID:N/A | ERR:EMAIL_QUEUE_ERROR | Error de configuración de base de datos.","Exception: DataAccessException","EMAIL_QUEUE_ERROR"
"ERROR","AOCR_20260217.log","2026-02-17 20:19:43.778 | ERROR | CID:N/A | ERR:EMAIL_QUEUE_ERROR | Error de configuración de base de datos.","Exception: DataAccessException","EMAIL_QUEUE_ERROR"
"ERROR","AOCR_20260217.log","2026-02-17 20:20:13.838 | ERROR | CID:N/A | ERR:EMAIL_QUEUE_ERROR | Error de configuración de base de datos.","Exception: DataAccessException","EMAIL_QUEUE_ERROR"
"ERROR","AOCR_20260217.log","2026-02-17 20:20:43.900 | ERROR | CID:N/A | ERR:EMAIL_QUEUE_ERROR | Error de configuración de base de datos.","Exception: DataAccessException","EMAIL_QUEUE_ERROR"
"ERROR","AOCR_20260217.log","2026-02-17 20:21:13.957 | ERROR | CID:N/A | ERR:EMAIL_QUEUE_ERROR | Error de configuración de base de datos.","Exception: DataAccessException","EMAIL_QUEUE_ERROR"
"ERROR","AOCR_20260217.log","2026-02-17 20:21:44.018 | ERROR | CID:N/A | ERR:EMAIL_QUEUE_ERROR | Error de configuración de base de datos.","Exception: DataAccessException","EMAIL_QUEUE_ERROR"
"ERROR","AOCR_20260217.log","2026-02-17 20:22:14.071 | ERROR | CID:N/A | ERR:EMAIL_QUEUE_ERROR | Error de configuración de base de datos.","Exception: DataAccessException","EMAIL_QUEUE_ERROR"
"ERROR","AOCR_20260217.log","2026-02-17 20:22:44.113 | ERROR | CID:N/A | ERR:EMAIL_QUEUE_ERROR | Error de configuración de base de datos.","Exception: DataAccessException","EMAIL_QUEUE_ERROR"
"ERROR","AOCR_20260217.log","2026-02-17 20:23:14.157 | ERROR | CID:N/A | ERR:EMAIL_QUEUE_ERROR | Error de configuración de base de datos.","Exception: DataAccessException","EMAIL_QUEUE_ERROR"
"ERROR","AOCR_20260217.log","2026-02-17 20:23:44.222 | ERROR | CID:N/A | ERR:EMAIL_QUEUE_ERROR | Error de configuración de base de datos.","Exception: DataAccessException","EMAIL_QUEUE_ERROR"
"ERROR","AOCR_20260217.log","2026-02-17 20:24:14.288 | ERROR | CID:N/A | ERR:EMAIL_QUEUE_ERROR | Error de configuración de base de datos.","Exception: DataAccessException","EMAIL_QUEUE_ERROR"
"ERROR","AOCR_20260217.log","2026-02-17 20:24:44.336 | ERROR | CID:N/A | ERR:EMAIL_QUEUE_ERROR | Error de configuración de base de datos.","Exception: DataAccessException","EMAIL_QUEUE_ERROR"
"ERROR","AOCR_20260217.log","2026-02-17 20:25:14.399 | ERROR | CID:N/A | ERR:EMAIL_QUEUE_ERROR | Error de configuración de base de datos.","Exception: DataAccessException","EMAIL_QUEUE_ERROR"
"ERROR","AOCR_20260217.log","2026-02-17 20:25:44.453 | ERROR | CID:N/A | ERR:EMAIL_QUEUE_ERROR | Error de configuración de base de datos.","Exception: DataAccessException","EMAIL_QUEUE_ERROR"
"ERROR","AOCR_20260217.log","2026-02-17 20:26:14.511 | ERROR | CID:N/A | ERR:EMAIL_QUEUE_ERROR | Error de configuración de base de datos.","Exception: DataAccessException","EMAIL_QUEUE_ERROR"
"ERROR","AOCR_20260217.log","2026-02-17 20:26:44.566 | ERROR | CID:N/A | ERR:EMAIL_QUEUE_ERROR | Error de configuración de base de datos.","Exception: DataAccessException","EMAIL_QUEUE_ERROR"
"ERROR","AOCR_20260217.log","2026-02-17 20:27:14.629 | ERROR | CID:N/A | ERR:EMAIL_QUEUE_ERROR | Error de configuración de base de datos.","Exception: DataAccessException","EMAIL_QUEUE_ERROR"
"ERROR","AOCR_20260217.log","2026-02-17 20:27:44.685 | ERROR | CID:N/A | ERR:EMAIL_QUEUE_ERROR | Error de configuración de base de datos.","Exception: DataAccessException","EMAIL_QUEUE_ERROR"
"ERROR","AOCR_20260217.log","2026-02-17 20:28:14.736 | ERROR | CID:N/A | ERR:EMAIL_QUEUE_ERROR | Error de configuración de base de datos.","Exception: DataAccessException","EMAIL_QUEUE_ERROR"
"ERROR","AOCR_20260217.log","2026-02-17 20:28:44.807 | ERROR | CID:N/A | ERR:EMAIL_QUEUE_ERROR | Error de configuración de base de datos.","Exception: DataAccessException","EMAIL_QUEUE_ERROR"
"ERROR","AOCR_20260217.log","2026-02-17 20:29:14.868 | ERROR | CID:N/A | ERR:EMAIL_QUEUE_ERROR | Error de configuración de base de datos.","Exception: DataAccessException","EMAIL_QUEUE_ERROR"
"ERROR","AOCR_20260217.log","2026-02-17 20:29:44.931 | ERROR | CID:N/A | ERR:EMAIL_QUEUE_ERROR | Error de configuración de base de datos.","Exception: DataAccessException","EMAIL_QUEUE_ERROR"
"ERROR","AOCR_20260217.log","2026-02-17 20:30:14.981 | ERROR | CID:N/A | ERR:EMAIL_QUEUE_ERROR | Error de configuración de base de datos.","Exception: DataAccessException","EMAIL_QUEUE_ERROR"
"ERROR","AOCR_20260217.log","2026-02-17 20:30:45.049 | ERROR | CID:N/A | ERR:EMAIL_QUEUE_ERROR | Error de configuración de base de datos.","Exception: DataAccessException","EMAIL_QUEUE_ERROR"
"ERROR","AOCR_20260217.log","2026-02-17 20:31:15.113 | ERROR | CID:N/A | ERR:EMAIL_QUEUE_ERROR | Error de configuración de base de datos.","Exception: DataAccessException","EMAIL_QUEUE_ERROR"
"ERROR","AOCR_20260217.log","2026-02-17 20:31:45.166 | ERROR | CID:N/A | ERR:EMAIL_QUEUE_ERROR | Error de configuración de base de datos.","Exception: DataAccessException","EMAIL_QUEUE_ERROR"
"ERROR","AOCR_20260217.log","2026-02-17 20:32:15.220 | ERROR | CID:N/A | ERR:EMAIL_QUEUE_ERROR | Error de configuración de base de datos.","Exception: DataAccessException","EMAIL_QUEUE_ERROR"
"ERROR","AOCR_20260217.log","2026-02-17 20:32:45.283 | ERROR | CID:N/A | ERR:EMAIL_QUEUE_ERROR | Error de configuración de base de datos.","Exception: DataAccessException","EMAIL_QUEUE_ERROR"
"ERROR","AOCR_20260217.log","2026-02-17 20:33:15.339 | ERROR | CID:N/A | ERR:EMAIL_QUEUE_ERROR | Error de configuración de base de datos.","Exception: DataAccessException","EMAIL_QUEUE_ERROR"
"ERROR","AOCR_20260217.log","2026-02-17 20:33:45.392 | ERROR | CID:N/A | ERR:EMAIL_QUEUE_ERROR | Error de configuración de base de datos.","Exception: DataAccessException","EMAIL_QUEUE_ERROR"
"ERROR","AOCR_20260217.log","2026-02-17 20:34:15.444 | ERROR | CID:N/A | ERR:EMAIL_QUEUE_ERROR | Error de configuración de base de datos.","Exception: DataAccessException","EMAIL_QUEUE_ERROR"
"ERROR","AOCR_20260217.log","2026-02-17 20:34:45.508 | ERROR | CID:N/A | ERR:EMAIL_QUEUE_ERROR | Error de configuración de base de datos.","Exception: DataAccessException","EMAIL_QUEUE_ERROR"
"ERROR","AOCR_20260217.log","2026-02-17 20:35:15.567 | ERROR | CID:N/A | ERR:EMAIL_QUEUE_ERROR | Error de configuración de base de datos.","Exception: DataAccessException","EMAIL_QUEUE_ERROR"
"ERROR","AOCR_20260217.log","2026-02-17 20:35:45.625 | ERROR | CID:N/A | ERR:EMAIL_QUEUE_ERROR | Error de configuración de base de datos.","Exception: DataAccessException","EMAIL_QUEUE_ERROR"
"ERROR","AOCR_20260217.log","2026-02-17 20:36:15.677 | ERROR | CID:N/A | ERR:EMAIL_QUEUE_ERROR | Error de configuración de base de datos.","Exception: DataAccessException","EMAIL_QUEUE_ERROR"
"ERROR","AOCR_20260217.log","2026-02-17 20:36:45.742 | ERROR | CID:N/A | ERR:EMAIL_QUEUE_ERROR | Error de configuración de base de datos.","Exception: DataAccessException","EMAIL_QUEUE_ERROR"
"ERROR","AOCR_20260217.log","2026-02-17 20:37:15.797 | ERROR | CID:N/A | ERR:EMAIL_QUEUE_ERROR | Error de configuración de base de datos.","Exception: DataAccessException","EMAIL_QUEUE_ERROR"
"ERROR","AOCR_20260217.log","2026-02-17 20:37:45.862 | ERROR | CID:N/A | ERR:EMAIL_QUEUE_ERROR | Error de configuración de base de datos.","Exception: DataAccessException","EMAIL_QUEUE_ERROR"
"ERROR","AOCR_20260217.log","2026-02-17 20:38:15.935 | ERROR | CID:N/A | ERR:EMAIL_QUEUE_ERROR | Error de configuración de base de datos.","Exception: DataAccessException","EMAIL_QUEUE_ERROR"
"ERROR","AOCR_20260217.log","2026-02-17 20:38:46.004 | ERROR | CID:N/A | ERR:EMAIL_QUEUE_ERROR | Error de configuración de base de datos.","Exception: DataAccessException","EMAIL_QUEUE_ERROR"
"ERROR","AOCR_20260217.log","2026-02-17 20:39:16.064 | ERROR | CID:N/A | ERR:EMAIL_QUEUE_ERROR | Error de configuración de base de datos.","Exception: DataAccessException","EMAIL_QUEUE_ERROR"
"ERROR","AOCR_20260217.log","2026-02-17 20:39:46.130 | ERROR | CID:N/A | ERR:EMAIL_QUEUE_ERROR | Error de configuración de base de datos.","Exception: DataAccessException","EMAIL_QUEUE_ERROR"
"ERROR","AOCR_20260217.log","2026-02-17 20:40:16.177 | ERROR | CID:N/A | ERR:EMAIL_QUEUE_ERROR | Error de configuración de base de datos.","Exception: DataAccessException","EMAIL_QUEUE_ERROR"
"ERROR","AOCR_20260217.log","2026-02-17 20:40:46.245 | ERROR | CID:N/A | ERR:EMAIL_QUEUE_ERROR | Error de configuración de base de datos.","Exception: DataAccessException","EMAIL_QUEUE_ERROR"
"ERROR","AOCR_20260217.log","2026-02-17 20:41:16.321 | ERROR | CID:N/A | ERR:EMAIL_QUEUE_ERROR | Error de configuración de base de datos.","Exception: DataAccessException","EMAIL_QUEUE_ERROR"
"ERROR","AOCR_20260217.log","2026-02-17 20:41:46.370 | ERROR | CID:N/A | ERR:EMAIL_QUEUE_ERROR | Error de configuración de base de datos.","Exception: DataAccessException","EMAIL_QUEUE_ERROR"
"ERROR","AOCR_20260217.log","2026-02-17 20:42:16.442 | ERROR | CID:N/A | ERR:EMAIL_QUEUE_ERROR | Error de configuración de base de datos.","Exception: DataAccessException","EMAIL_QUEUE_ERROR"
"ERROR","AOCR_20260217.log","2026-02-17 20:42:46.514 | ERROR | CID:N/A | ERR:EMAIL_QUEUE_ERROR | Error de configuración de base de datos.","Exception: DataAccessException","EMAIL_QUEUE_ERROR"
"ERROR","AOCR_20260217.log","2026-02-17 20:43:16.600 | ERROR | CID:N/A | ERR:EMAIL_QUEUE_ERROR | Error de configuración de base de datos.","Exception: DataAccessException","EMAIL_QUEUE_ERROR"
"ERROR","AOCR_20260217.log","2026-02-17 20:43:46.664 | ERROR | CID:N/A | ERR:EMAIL_QUEUE_ERROR | Error de configuración de base de datos.","Exception: DataAccessException","EMAIL_QUEUE_ERROR"
"ERROR","AOCR_20260217.log","2026-02-17 20:44:16.722 | ERROR | CID:N/A | ERR:EMAIL_QUEUE_ERROR | Error de configuración de base de datos.","Exception: DataAccessException","EMAIL_QUEUE_ERROR"
"ERROR","AOCR_20260217.log","2026-02-17 20:44:46.789 | ERROR | CID:N/A | ERR:EMAIL_QUEUE_ERROR | Error de configuración de base de datos.","Exception: DataAccessException","EMAIL_QUEUE_ERROR"
"ERROR","AOCR_20260217.log","2026-02-17 20:45:16.861 | ERROR | CID:N/A | ERR:EMAIL_QUEUE_ERROR | Error de configuración de base de datos.","Exception: DataAccessException","EMAIL_QUEUE_ERROR"
"ERROR","AOCR_20260217.log","2026-02-17 20:45:46.916 | ERROR | CID:N/A | ERR:EMAIL_QUEUE_ERROR | Error de configuración de base de datos.","Exception: DataAccessException","EMAIL_QUEUE_ERROR"
"ERROR","AOCR_20260217.log","2026-02-17 20:46:16.974 | ERROR | CID:N/A | ERR:EMAIL_QUEUE_ERROR | Error de configuración de base de datos.","Exception: DataAccessException","EMAIL_QUEUE_ERROR"
"ERROR","AOCR_20260217.log","2026-02-17 20:46:47.030 | ERROR | CID:N/A | ERR:EMAIL_QUEUE_ERROR | Error de configuración de base de datos.","Exception: DataAccessException","EMAIL_QUEUE_ERROR"
"ERROR","AOCR_20260217.log","2026-02-17 20:47:17.096 | ERROR | CID:N/A | ERR:EMAIL_QUEUE_ERROR | Error de configuración de base de datos.","Exception: DataAccessException","EMAIL_QUEUE_ERROR"
"ERROR","AOCR_20260217.log","2026-02-17 20:47:47.140 | ERROR | CID:N/A | ERR:EMAIL_QUEUE_ERROR | Error de configuración de base de datos.","Exception: DataAccessException","EMAIL_QUEUE_ERROR"
"ERROR","AOCR_20260217.log","2026-02-17 20:48:17.201 | ERROR | CID:N/A | ERR:EMAIL_QUEUE_ERROR | Error de configuración de base de datos.","Exception: DataAccessException","EMAIL_QUEUE_ERROR"
"ERROR","AOCR_20260217.log","2026-02-17 20:48:47.263 | ERROR | CID:N/A | ERR:EMAIL_QUEUE_ERROR | Error de configuración de base de datos.","Exception: DataAccessException","EMAIL_QUEUE_ERROR"
"ERROR","AOCR_20260217.log","2026-02-17 20:49:17.327 | ERROR | CID:N/A | ERR:EMAIL_QUEUE_ERROR | Error de configuración de base de datos.","Exception: DataAccessException","EMAIL_QUEUE_ERROR"
"ERROR","AOCR_20260217.log","2026-02-17 20:49:47.387 | ERROR | CID:N/A | ERR:EMAIL_QUEUE_ERROR | Error de configuración de base de datos.","Exception: DataAccessException","EMAIL_QUEUE_ERROR"
"ERROR","AOCR_20260217.log","2026-02-17 20:50:17.449 | ERROR | CID:N/A | ERR:EMAIL_QUEUE_ERROR | Error de configuración de base de datos.","Exception: DataAccessException","EMAIL_QUEUE_ERROR"
"ERROR","AOCR_20260217.log","2026-02-17 20:50:47.503 | ERROR | CID:N/A | ERR:EMAIL_QUEUE_ERROR | Error de configuración de base de datos.","Exception: DataAccessException","EMAIL_QUEUE_ERROR"
"ERROR","AOCR_20260217.log","2026-02-17 20:51:17.561 | ERROR | CID:N/A | ERR:EMAIL_QUEUE_ERROR | Error de configuración de base de datos.","Exception: DataAccessException","EMAIL_QUEUE_ERROR"
"ERROR","AOCR_20260217.log","2026-02-17 20:51:47.634 | ERROR | CID:N/A | ERR:EMAIL_QUEUE_ERROR | Error de configuración de base de datos.","Exception: DataAccessException","EMAIL_QUEUE_ERROR"
"ERROR","AOCR_20260217.log","2026-02-17 20:52:17.710 | ERROR | CID:N/A | ERR:EMAIL_QUEUE_ERROR | Error de configuración de base de datos.","Exception: DataAccessException","EMAIL_QUEUE_ERROR"
"ERROR","AOCR_20260217.log","2026-02-17 20:52:47.766 | ERROR | CID:N/A | ERR:EMAIL_QUEUE_ERROR | Error de configuración de base de datos.","Exception: DataAccessException","EMAIL_QUEUE_ERROR"
"ERROR","AOCR_20260217.log","2026-02-17 20:53:17.840 | ERROR | CID:N/A | ERR:EMAIL_QUEUE_ERROR | Error de configuración de base de datos.","Exception: DataAccessException","EMAIL_QUEUE_ERROR"
"ERROR","AOCR_20260217.log","2026-02-17 20:53:47.908 | ERROR | CID:N/A | ERR:EMAIL_QUEUE_ERROR | Error de configuración de base de datos.","Exception: DataAccessException","EMAIL_QUEUE_ERROR"
"ERROR","AOCR_20260217.log","2026-02-17 20:54:17.969 | ERROR | CID:N/A | ERR:EMAIL_QUEUE_ERROR | Error de configuración de base de datos.","Exception: DataAccessException","EMAIL_QUEUE_ERROR"
"ERROR","AOCR_20260217.log","2026-02-17 20:54:48.019 | ERROR | CID:N/A | ERR:EMAIL_QUEUE_ERROR | Error de configuración de base de datos.","Exception: DataAccessException","EMAIL_QUEUE_ERROR"
"ERROR","AOCR_20260217.log","2026-02-17 20:55:18.081 | ERROR | CID:N/A | ERR:EMAIL_QUEUE_ERROR | Error de configuración de base de datos.","Exception: DataAccessException","EMAIL_QUEUE_ERROR"
"ERROR","AOCR_20260217.log","2026-02-17 20:55:48.144 | ERROR | CID:N/A | ERR:EMAIL_QUEUE_ERROR | Error de configuración de base de datos.","Exception: DataAccessException","EMAIL_QUEUE_ERROR"
"ERROR","AOCR_20260217.log","2026-02-17 20:56:18.221 | ERROR | CID:N/A | ERR:EMAIL_QUEUE_ERROR | Error de configuración de base de datos.","Exception: DataAccessException","EMAIL_QUEUE_ERROR"
"ERROR","AOCR_20260217.log","2026-02-17 20:56:48.275 | ERROR | CID:N/A | ERR:EMAIL_QUEUE_ERROR | Error de configuración de base de datos.","Exception: DataAccessException","EMAIL_QUEUE_ERROR"
"ERROR","AOCR_20260217.log","2026-02-17 20:57:18.344 | ERROR | CID:N/A | ERR:EMAIL_QUEUE_ERROR | Error de configuración de base de datos.","Exception: DataAccessException","EMAIL_QUEUE_ERROR"
"ERROR","AOCR_20260217.log","2026-02-17 20:57:48.411 | ERROR | CID:N/A | ERR:EMAIL_QUEUE_ERROR | Error de configuración de base de datos.","Exception: DataAccessException","EMAIL_QUEUE_ERROR"
"ERROR","AOCR_20260217.log","2026-02-17 20:58:18.461 | ERROR | CID:N/A | ERR:EMAIL_QUEUE_ERROR | Error de configuración de base de datos.","Exception: DataAccessException","EMAIL_QUEUE_ERROR"
"ERROR","AOCR_20260217.log","2026-02-17 20:58:48.521 | ERROR | CID:N/A | ERR:EMAIL_QUEUE_ERROR | Error de configuración de base de datos.","Exception: DataAccessException","EMAIL_QUEUE_ERROR"
"ERROR","AOCR_20260217.log","2026-02-17 20:59:18.571 | ERROR | CID:N/A | ERR:EMAIL_QUEUE_ERROR | Error de configuración de base de datos.","Exception: DataAccessException","EMAIL_QUEUE_ERROR"
"ERROR","AOCR_20260217.log","2026-02-17 20:59:48.629 | ERROR | CID:N/A | ERR:EMAIL_QUEUE_ERROR | Error de configuración de base de datos.","Exception: DataAccessException","EMAIL_QUEUE_ERROR"
"ERROR","AOCR_20260217.log","2026-02-17 21:00:18.706 | ERROR | CID:N/A | ERR:EMAIL_QUEUE_ERROR | Error de configuración de base de datos.","Exception: DataAccessException","EMAIL_QUEUE_ERROR"
"ERROR","AOCR_20260217.log","2026-02-17 21:00:48.758 | ERROR | CID:N/A | ERR:EMAIL_QUEUE_ERROR | Error de configuración de base de datos.","Exception: DataAccessException","EMAIL_QUEUE_ERROR"
"ERROR","AOCR_20260217.log","2026-02-17 21:01:18.820 | ERROR | CID:N/A | ERR:EMAIL_QUEUE_ERROR | Error de configuración de base de datos.","Exception: DataAccessException","EMAIL_QUEUE_ERROR"
"ERROR","AOCR_20260217.log","2026-02-17 21:01:48.895 | ERROR | CID:N/A | ERR:EMAIL_QUEUE_ERROR | Error de configuración de base de datos.","Exception: DataAccessException","EMAIL_QUEUE_ERROR"
"ERROR","AOCR_20260217.log","2026-02-17 21:02:18.944 | ERROR | CID:N/A | ERR:EMAIL_QUEUE_ERROR | Error de configuración de base de datos.","Exception: DataAccessException","EMAIL_QUEUE_ERROR"
"ERROR","AOCR_20260217.log","2026-02-17 21:02:49.009 | ERROR | CID:N/A | ERR:EMAIL_QUEUE_ERROR | Error de configuración de base de datos.","Exception: DataAccessException","EMAIL_QUEUE_ERROR"
"ERROR","AOCR_20260217.log","2026-02-17 21:03:19.072 | ERROR | CID:N/A | ERR:EMAIL_QUEUE_ERROR | Error de configuración de base de datos.","Exception: DataAccessException","EMAIL_QUEUE_ERROR"
"ERROR","AOCR_20260217.log","2026-02-17 21:03:49.133 | ERROR | CID:N/A | ERR:EMAIL_QUEUE_ERROR | Error de configuración de base de datos.","Exception: DataAccessException","EMAIL_QUEUE_ERROR"
"ERROR","AOCR_20260217.log","2026-02-17 21:04:19.189 | ERROR | CID:N/A | ERR:EMAIL_QUEUE_ERROR | Error de configuración de base de datos.","Exception: DataAccessException","EMAIL_QUEUE_ERROR"
"ERROR","AOCR_20260217.log","2026-02-17 21:04:49.245 | ERROR | CID:N/A | ERR:EMAIL_QUEUE_ERROR | Error de configuración de base de datos.","Exception: DataAccessException","EMAIL_QUEUE_ERROR"
"ERROR","AOCR_20260217.log","2026-02-17 21:05:19.311 | ERROR | CID:N/A | ERR:EMAIL_QUEUE_ERROR | Error de configuración de base de datos.","Exception: DataAccessException","EMAIL_QUEUE_ERROR"
"ERROR","AOCR_20260217.log","2026-02-17 21:05:49.385 | ERROR | CID:N/A | ERR:EMAIL_QUEUE_ERROR | Error de configuración de base de datos.","Exception: DataAccessException","EMAIL_QUEUE_ERROR"
"ERROR","AOCR_20260217.log","2026-02-17 21:06:19.439 | ERROR | CID:N/A | ERR:EMAIL_QUEUE_ERROR | Error de configuración de base de datos.","Exception: DataAccessException","EMAIL_QUEUE_ERROR"
"ERROR","AOCR_20260217.log","2026-02-17 21:06:49.500 | ERROR | CID:N/A | ERR:EMAIL_QUEUE_ERROR | Error de configuración de base de datos.","Exception: DataAccessException","EMAIL_QUEUE_ERROR"
"ERROR","AOCR_20260217.log","2026-02-17 21:07:19.557 | ERROR | CID:N/A | ERR:EMAIL_QUEUE_ERROR | Error de configuración de base de datos.","Exception: DataAccessException","EMAIL_QUEUE_ERROR"
"ERROR","AOCR_20260217.log","2026-02-17 21:07:49.622 | ERROR | CID:N/A | ERR:EMAIL_QUEUE_ERROR | Error de configuración de base de datos.","Exception: DataAccessException","EMAIL_QUEUE_ERROR"
"ERROR","AOCR_20260217.log","2026-02-17 21:08:19.673 | ERROR | CID:N/A | ERR:EMAIL_QUEUE_ERROR | Error de configuración de base de datos.","Exception: DataAccessException","EMAIL_QUEUE_ERROR"
"ERROR","AOCR_20260217.log","2026-02-17 21:08:49.739 | ERROR | CID:N/A | ERR:EMAIL_QUEUE_ERROR | Error de configuración de base de datos.","Exception: DataAccessException","EMAIL_QUEUE_ERROR"
"ERROR","AOCR_20260217.log","2026-02-17 21:09:19.801 | ERROR | CID:N/A | ERR:EMAIL_QUEUE_ERROR | Error de configuración de base de datos.","Exception: DataAccessException","EMAIL_QUEUE_ERROR"
"ERROR","AOCR_20260217.log","2026-02-17 21:09:49.850 | ERROR | CID:N/A | ERR:EMAIL_QUEUE_ERROR | Error de configuración de base de datos.","Exception: DataAccessException","EMAIL_QUEUE_ERROR"
"ERROR","AOCR_20260217.log","2026-02-17 21:10:19.918 | ERROR | CID:N/A | ERR:EMAIL_QUEUE_ERROR | Error de configuración de base de datos.","Exception: DataAccessException","EMAIL_QUEUE_ERROR"
"ERROR","AOCR_20260217.log","2026-02-17 21:10:49.975 | ERROR | CID:N/A | ERR:EMAIL_QUEUE_ERROR | Error de configuración de base de datos.","Exception: DataAccessException","EMAIL_QUEUE_ERROR"
"ERROR","AOCR_20260217.log","2026-02-17 21:11:20.029 | ERROR | CID:N/A | ERR:EMAIL_QUEUE_ERROR | Error de configuración de base de datos.","Exception: DataAccessException","EMAIL_QUEUE_ERROR"
"ERROR","AOCR_20260217.log","2026-02-17 21:11:50.090 | ERROR | CID:N/A | ERR:EMAIL_QUEUE_ERROR | Error de configuración de base de datos.","Exception: DataAccessException","EMAIL_QUEUE_ERROR"
"ERROR","AOCR_20260217.log","2026-02-17 21:12:20.152 | ERROR | CID:N/A | ERR:EMAIL_QUEUE_ERROR | Error de configuración de base de datos.","Exception: DataAccessException","EMAIL_QUEUE_ERROR"
"ERROR","AOCR_20260217.log","2026-02-17 21:12:50.213 | ERROR | CID:N/A | ERR:EMAIL_QUEUE_ERROR | Error de configuración de base de datos.","Exception: DataAccessException","EMAIL_QUEUE_ERROR"
"ERROR","AOCR_20260217.log","2026-02-17 21:13:20.271 | ERROR | CID:N/A | ERR:EMAIL_QUEUE_ERROR | Error de configuración de base de datos.","Exception: DataAccessException","EMAIL_QUEUE_ERROR"
"ERROR","AOCR_20260217.log","2026-02-17 21:13:50.322 | ERROR | CID:N/A | ERR:EMAIL_QUEUE_ERROR | Error de configuración de base de datos.","Exception: DataAccessException","EMAIL_QUEUE_ERROR"
"ERROR","AOCR_20260217.log","2026-02-17 21:14:20.384 | ERROR | CID:N/A | ERR:EMAIL_QUEUE_ERROR | Error de configuración de base de datos.","Exception: DataAccessException","EMAIL_QUEUE_ERROR"
"ERROR","AOCR_20260217.log","2026-02-17 21:14:50.446 | ERROR | CID:N/A | ERR:EMAIL_QUEUE_ERROR | Error de configuración de base de datos.","Exception: DataAccessException","EMAIL_QUEUE_ERROR"
"ERROR","AOCR_20260217.log","2026-02-17 21:15:20.513 | ERROR | CID:N/A | ERR:EMAIL_QUEUE_ERROR | Error de configuración de base de datos.","Exception: DataAccessException","EMAIL_QUEUE_ERROR"
"ERROR","AOCR_20260217.log","2026-02-17 21:15:50.576 | ERROR | CID:N/A | ERR:EMAIL_QUEUE_ERROR | Error de configuración de base de datos.","Exception: DataAccessException","EMAIL_QUEUE_ERROR"
"ERROR","AOCR_20260217.log","2026-02-17 21:16:20.640 | ERROR | CID:N/A | ERR:EMAIL_QUEUE_ERROR | Error de configuración de base de datos.","Exception: DataAccessException","EMAIL_QUEUE_ERROR"
"ERROR","AOCR_20260217.log","2026-02-17 21:16:50.700 | ERROR | CID:N/A | ERR:EMAIL_QUEUE_ERROR | Error de configuración de base de datos.","Exception: DataAccessException","EMAIL_QUEUE_ERROR"
"ERROR","AOCR_20260217.log","2026-02-17 21:17:20.748 | ERROR | CID:N/A | ERR:EMAIL_QUEUE_ERROR | Error de configuración de base de datos.","Exception: DataAccessException","EMAIL_QUEUE_ERROR"
"ERROR","AOCR_20260217.log","2026-02-17 21:17:50.804 | ERROR | CID:N/A | ERR:EMAIL_QUEUE_ERROR | Error de configuración de base de datos.","Exception: DataAccessException","EMAIL_QUEUE_ERROR"
"ERROR","AOCR_20260217.log","2026-02-17 21:18:20.860 | ERROR | CID:N/A | ERR:EMAIL_QUEUE_ERROR | Error de configuración de base de datos.","Exception: DataAccessException","EMAIL_QUEUE_ERROR"
"ERROR","AOCR_20260217.log","2026-02-17 21:18:50.912 | ERROR | CID:N/A | ERR:EMAIL_QUEUE_ERROR | Error de configuración de base de datos.","Exception: DataAccessException","EMAIL_QUEUE_ERROR"
"ERROR","AOCR_20260217.log","2026-02-17 21:19:20.960 | ERROR | CID:N/A | ERR:EMAIL_QUEUE_ERROR | Error de configuración de base de datos.","Exception: DataAccessException","EMAIL_QUEUE_ERROR"
"ERROR","AOCR_20260217.log","2026-02-17 21:19:51.020 | ERROR | CID:N/A | ERR:EMAIL_QUEUE_ERROR | Error de configuración de base de datos.","Exception: DataAccessException","EMAIL_QUEUE_ERROR"
"ERROR","AOCR_20260217.log","2026-02-17 21:20:21.072 | ERROR | CID:N/A | ERR:EMAIL_QUEUE_ERROR | Error de configuración de base de datos.","Exception: DataAccessException","EMAIL_QUEUE_ERROR"
"ERROR","AOCR_20260217.log","2026-02-17 21:20:51.145 | ERROR | CID:N/A | ERR:EMAIL_QUEUE_ERROR | Error de configuración de base de datos.","Exception: DataAccessException","EMAIL_QUEUE_ERROR"
"ERROR","AOCR_20260217.log","2026-02-17 21:21:21.205 | ERROR | CID:N/A | ERR:EMAIL_QUEUE_ERROR | Error de configuración de base de datos.","Exception: DataAccessException","EMAIL_QUEUE_ERROR"
"ERROR","AOCR_20260217.log","2026-02-17 21:21:51.259 | ERROR | CID:N/A | ERR:EMAIL_QUEUE_ERROR | Error de configuración de base de datos.","Exception: DataAccessException","EMAIL_QUEUE_ERROR"
"ERROR","AOCR_20260217.log","2026-02-17 21:22:21.319 | ERROR | CID:N/A | ERR:EMAIL_QUEUE_ERROR | Error de configuración de base de datos.","Exception: DataAccessException","EMAIL_QUEUE_ERROR"
"ERROR","AOCR_20260217.log","2026-02-17 21:22:51.387 | ERROR | CID:N/A | ERR:EMAIL_QUEUE_ERROR | Error de configuración de base de datos.","Exception: DataAccessException","EMAIL_QUEUE_ERROR"
"ERROR","AOCR_20260217.log","2026-02-17 21:23:21.459 | ERROR | CID:N/A | ERR:EMAIL_QUEUE_ERROR | Error de configuración de base de datos.","Exception: DataAccessException","EMAIL_QUEUE_ERROR"
"ERROR","AOCR_20260217.log","2026-02-17 21:23:51.516 | ERROR | CID:N/A | ERR:EMAIL_QUEUE_ERROR | Error de configuración de base de datos.","Exception: DataAccessException","EMAIL_QUEUE_ERROR"
"ERROR","AOCR_20260217.log","2026-02-17 21:24:21.574 | ERROR | CID:N/A | ERR:EMAIL_QUEUE_ERROR | Error de configuración de base de datos.","Exception: DataAccessException","EMAIL_QUEUE_ERROR"
"ERROR","AOCR_20260217.log","2026-02-17 21:24:51.632 | ERROR | CID:N/A | ERR:EMAIL_QUEUE_ERROR | Error de configuración de base de datos.","Exception: DataAccessException","EMAIL_QUEUE_ERROR"
"ERROR","AOCR_20260217.log","2026-02-17 21:25:21.697 | ERROR | CID:N/A | ERR:EMAIL_QUEUE_ERROR | Error de configuración de base de datos.","Exception: DataAccessException","EMAIL_QUEUE_ERROR"
"ERROR","AOCR_20260217.log","2026-02-17 21:25:51.775 | ERROR | CID:N/A | ERR:EMAIL_QUEUE_ERROR | Error de configuración de base de datos.","Exception: DataAccessException","EMAIL_QUEUE_ERROR"
"ERROR","AOCR_20260217.log","2026-02-17 21:26:21.840 | ERROR | CID:N/A | ERR:EMAIL_QUEUE_ERROR | Error de configuración de base de datos.","Exception: DataAccessException","EMAIL_QUEUE_ERROR"
"ERROR","AOCR_20260217.log","2026-02-17 21:26:51.894 | ERROR | CID:N/A | ERR:EMAIL_QUEUE_ERROR | Error de configuración de base de datos.","Exception: DataAccessException","EMAIL_QUEUE_ERROR"
"ERROR","AOCR_20260217.log","2026-02-17 21:27:21.955 | ERROR | CID:N/A | ERR:EMAIL_QUEUE_ERROR | Error de configuración de base de datos.","Exception: DataAccessException","EMAIL_QUEUE_ERROR"
"ERROR","AOCR_20260217.log","2026-02-17 21:27:52.017 | ERROR | CID:N/A | ERR:EMAIL_QUEUE_ERROR | Error de configuración de base de datos.","Exception: DataAccessException","EMAIL_QUEUE_ERROR"
"ERROR","AOCR_20260217.log","2026-02-17 21:28:22.079 | ERROR | CID:N/A | ERR:EMAIL_QUEUE_ERROR | Error de configuración de base de datos.","Exception: DataAccessException","EMAIL_QUEUE_ERROR"
"ERROR","AOCR_20260217.log","2026-02-17 21:28:52.152 | ERROR | CID:N/A | ERR:EMAIL_QUEUE_ERROR | Error de configuración de base de datos.","Exception: DataAccessException","EMAIL_QUEUE_ERROR"
"ERROR","AOCR_20260217.log","2026-02-17 21:29:22.200 | ERROR | CID:N/A | ERR:EMAIL_QUEUE_ERROR | Error de configuración de base de datos.","Exception: DataAccessException","EMAIL_QUEUE_ERROR"
"ERROR","AOCR_20260217.log","2026-02-17 21:29:52.264 | ERROR | CID:N/A | ERR:EMAIL_QUEUE_ERROR | Error de configuración de base de datos.","Exception: DataAccessException","EMAIL_QUEUE_ERROR"
"ERROR","AOCR_20260217.log","2026-02-17 21:30:22.326 | ERROR | CID:N/A | ERR:EMAIL_QUEUE_ERROR | Error de configuración de base de datos.","Exception: DataAccessException","EMAIL_QUEUE_ERROR"
"ERROR","AOCR_20260217.log","2026-02-17 21:30:52.383 | ERROR | CID:N/A | ERR:EMAIL_QUEUE_ERROR | Error de configuración de base de datos.","Exception: DataAccessException","EMAIL_QUEUE_ERROR"
"ERROR","AOCR_20260217.log","2026-02-17 21:31:22.430 | ERROR | CID:N/A | ERR:EMAIL_QUEUE_ERROR | Error de configuración de base de datos.","Exception: DataAccessException","EMAIL_QUEUE_ERROR"
"ERROR","AOCR_20260217.log","2026-02-17 21:31:52.496 | ERROR | CID:N/A | ERR:EMAIL_QUEUE_ERROR | Error de configuración de base de datos.","Exception: DataAccessException","EMAIL_QUEUE_ERROR"
"ERROR","AOCR_20260217.log","2026-02-17 21:32:22.563 | ERROR | CID:N/A | ERR:EMAIL_QUEUE_ERROR | Error de configuración de base de datos.","Exception: DataAccessException","EMAIL_QUEUE_ERROR"
"ERROR","AOCR_20260217.log","2026-02-17 21:32:52.625 | ERROR | CID:N/A | ERR:EMAIL_QUEUE_ERROR | Error de configuración de base de datos.","Exception: DataAccessException","EMAIL_QUEUE_ERROR"
"ERROR","AOCR_20260217.log","2026-02-17 21:33:22.676 | ERROR | CID:N/A | ERR:EMAIL_QUEUE_ERROR | Error de configuración de base de datos.","Exception: DataAccessException","EMAIL_QUEUE_ERROR"
"ERROR","AOCR_20260217.log","2026-02-17 21:33:52.734 | ERROR | CID:N/A | ERR:EMAIL_QUEUE_ERROR | Error de configuración de base de datos.","Exception: DataAccessException","EMAIL_QUEUE_ERROR"
"ERROR","AOCR_20260217.log","2026-02-17 21:34:22.794 | ERROR | CID:N/A | ERR:EMAIL_QUEUE_ERROR | Error de configuración de base de datos.","Exception: DataAccessException","EMAIL_QUEUE_ERROR"
"ERROR","AOCR_20260217.log","2026-02-17 21:34:52.852 | ERROR | CID:N/A | ERR:EMAIL_QUEUE_ERROR | Error de configuración de base de datos.","Exception: DataAccessException","EMAIL_QUEUE_ERROR"
"ERROR","AOCR_20260217.log","2026-02-17 21:35:22.922 | ERROR | CID:N/A | ERR:EMAIL_QUEUE_ERROR | Error de configuración de base de datos.","Exception: DataAccessException","EMAIL_QUEUE_ERROR"
"ERROR","AOCR_20260217.log","2026-02-17 21:35:52.985 | ERROR | CID:N/A | ERR:EMAIL_QUEUE_ERROR | Error de configuración de base de datos.","Exception: DataAccessException","EMAIL_QUEUE_ERROR"
"ERROR","AOCR_20260217.log","2026-02-17 21:36:23.457 | ERROR | CID:N/A | ERR:EMAIL_QUEUE_ERROR | Error de configuración de base de datos.","Exception: DataAccessException","EMAIL_QUEUE_ERROR"
"ERROR","AOCR_20260217.log","2026-02-17 21:36:53.519 | ERROR | CID:N/A | ERR:EMAIL_QUEUE_ERROR | Error de configuración de base de datos.","Exception: DataAccessException","EMAIL_QUEUE_ERROR"
"ERROR","AOCR_20260217.log","2026-02-17 21:37:23.594 | ERROR | CID:N/A | ERR:EMAIL_QUEUE_ERROR | Error de configuración de base de datos.","Exception: DataAccessException","EMAIL_QUEUE_ERROR"
"ERROR","AOCR_20260217.log","2026-02-17 21:37:53.649 | ERROR | CID:N/A | ERR:EMAIL_QUEUE_ERROR | Error de configuración de base de datos.","Exception: DataAccessException","EMAIL_QUEUE_ERROR"
"ERROR","AOCR_20260217.log","2026-02-17 21:38:23.707 | ERROR | CID:N/A | ERR:EMAIL_QUEUE_ERROR | Error de configuración de base de datos.","Exception: DataAccessException","EMAIL_QUEUE_ERROR"
"ERROR","AOCR_20260217.log","2026-02-17 21:38:53.789 | ERROR | CID:N/A | ERR:EMAIL_QUEUE_ERROR | Error de configuración de base de datos.","Exception: DataAccessException","EMAIL_QUEUE_ERROR"
"ERROR","AOCR_20260217.log","2026-02-17 21:39:23.860 | ERROR | CID:N/A | ERR:EMAIL_QUEUE_ERROR | Error de configuración de base de datos.","Exception: DataAccessException","EMAIL_QUEUE_ERROR"
"ERROR","AOCR_20260217.log","2026-02-17 21:39:53.922 | ERROR | CID:N/A | ERR:EMAIL_QUEUE_ERROR | Error de configuración de base de datos.","Exception: DataAccessException","EMAIL_QUEUE_ERROR"
"ERROR","AOCR_20260217.log","2026-02-17 21:40:23.978 | ERROR | CID:N/A | ERR:EMAIL_QUEUE_ERROR | Error de configuración de base de datos.","Exception: DataAccessException","EMAIL_QUEUE_ERROR"
"ERROR","AOCR_20260217.log","2026-02-17 21:40:54.031 | ERROR | CID:N/A | ERR:EMAIL_QUEUE_ERROR | Error de configuración de base de datos.","Exception: DataAccessException","EMAIL_QUEUE_ERROR"
"ERROR","AOCR_20260217.log","2026-02-17 21:41:24.091 | ERROR | CID:N/A | ERR:EMAIL_QUEUE_ERROR | Error de configuración de base de datos.","Exception: DataAccessException","EMAIL_QUEUE_ERROR"
"ERROR","AOCR_20260217.log","2026-02-17 21:41:54.141 | ERROR | CID:N/A | ERR:EMAIL_QUEUE_ERROR | Error de configuración de base de datos.","Exception: DataAccessException","EMAIL_QUEUE_ERROR"
"ERROR","AOCR_20260217.log","2026-02-17 21:42:24.195 | ERROR | CID:N/A | ERR:EMAIL_QUEUE_ERROR | Error de configuración de base de datos.","Exception: DataAccessException","EMAIL_QUEUE_ERROR"
"ERROR","AOCR_20260217.log","2026-02-17 21:42:54.252 | ERROR | CID:N/A | ERR:EMAIL_QUEUE_ERROR | Error de configuración de base de datos.","Exception: DataAccessException","EMAIL_QUEUE_ERROR"
"ERROR","AOCR_20260217.log","2026-02-17 21:43:24.295 | ERROR | CID:N/A | ERR:EMAIL_QUEUE_ERROR | Error de configuración de base de datos.","Exception: DataAccessException","EMAIL_QUEUE_ERROR"
"ERROR","AOCR_20260217.log","2026-02-17 21:43:54.358 | ERROR | CID:N/A | ERR:EMAIL_QUEUE_ERROR | Error de configuración de base de datos.","Exception: DataAccessException","EMAIL_QUEUE_ERROR"
"ERROR","AOCR_20260217.log","2026-02-17 21:44:24.410 | ERROR | CID:N/A | ERR:EMAIL_QUEUE_ERROR | Error de configuración de base de datos.","Exception: DataAccessException","EMAIL_QUEUE_ERROR"
"ERROR","AOCR_20260217.log","2026-02-17 21:44:54.471 | ERROR | CID:N/A | ERR:EMAIL_QUEUE_ERROR | Error de configuración de base de datos.","Exception: DataAccessException","EMAIL_QUEUE_ERROR"
"ERROR","AOCR_20260217.log","2026-02-17 21:45:24.530 | ERROR | CID:N/A | ERR:EMAIL_QUEUE_ERROR | Error de configuración de base de datos.","Exception: DataAccessException","EMAIL_QUEUE_ERROR"
"ERROR","AOCR_20260217.log","2026-02-17 21:45:54.591 | ERROR | CID:N/A | ERR:EMAIL_QUEUE_ERROR | Error de configuración de base de datos.","Exception: DataAccessException","EMAIL_QUEUE_ERROR"
"ERROR","AOCR_20260217.log","2026-02-17 21:46:24.646 | ERROR | CID:N/A | ERR:EMAIL_QUEUE_ERROR | Error de configuración de base de datos.","Exception: DataAccessException","EMAIL_QUEUE_ERROR"
"ERROR","AOCR_20260217.log","2026-02-17 21:46:54.694 | ERROR | CID:N/A | ERR:EMAIL_QUEUE_ERROR | Error de configuración de base de datos.","Exception: DataAccessException","EMAIL_QUEUE_ERROR"
"ERROR","AOCR_20260217.log","2026-02-17 21:47:24.748 | ERROR | CID:N/A | ERR:EMAIL_QUEUE_ERROR | Error de configuración de base de datos.","Exception: DataAccessException","EMAIL_QUEUE_ERROR"
"ERROR","AOCR_20260217.log","2026-02-17 21:47:54.806 | ERROR | CID:N/A | ERR:EMAIL_QUEUE_ERROR | Error de configuración de base de datos.","Exception: DataAccessException","EMAIL_QUEUE_ERROR"
"ERROR","AOCR_20260217.log","2026-02-17 21:48:24.858 | ERROR | CID:N/A | ERR:EMAIL_QUEUE_ERROR | Error de configuración de base de datos.","Exception: DataAccessException","EMAIL_QUEUE_ERROR"
"ERROR","AOCR_20260217.log","2026-02-17 21:48:54.918 | ERROR | CID:N/A | ERR:EMAIL_QUEUE_ERROR | Error de configuración de base de datos.","Exception: DataAccessException","EMAIL_QUEUE_ERROR"
"ERROR","AOCR_20260217.log","2026-02-17 21:49:24.967 | ERROR | CID:N/A | ERR:EMAIL_QUEUE_ERROR | Error de configuración de base de datos.","Exception: DataAccessException","EMAIL_QUEUE_ERROR"
"ERROR","AOCR_20260217.log","2026-02-17 21:49:55.022 | ERROR | CID:N/A | ERR:EMAIL_QUEUE_ERROR | Error de configuración de base de datos.","Exception: DataAccessException","EMAIL_QUEUE_ERROR"
"ERROR","AOCR_20260217.log","2026-02-17 21:50:25.061 | ERROR | CID:N/A | ERR:EMAIL_QUEUE_ERROR | Error de configuración de base de datos.","Exception: DataAccessException","EMAIL_QUEUE_ERROR"
"ERROR","AOCR_20260217.log","2026-02-17 21:50:55.142 | ERROR | CID:N/A | ERR:EMAIL_QUEUE_ERROR | Error de configuración de base de datos.","Exception: DataAccessException","EMAIL_QUEUE_ERROR"
"ERROR","AOCR_20260217.log","2026-02-17 21:51:25.190 | ERROR | CID:N/A | ERR:EMAIL_QUEUE_ERROR | Error de configuración de base de datos.","Exception: DataAccessException","EMAIL_QUEUE_ERROR"
"ERROR","AOCR_20260217.log","2026-02-17 21:51:55.235 | ERROR | CID:N/A | ERR:EMAIL_QUEUE_ERROR | Error de configuración de base de datos.","Exception: DataAccessException","EMAIL_QUEUE_ERROR"
"ERROR","AOCR_20260217.log","2026-02-17 21:52:25.291 | ERROR | CID:N/A | ERR:EMAIL_QUEUE_ERROR | Error de configuración de base de datos.","Exception: DataAccessException","EMAIL_QUEUE_ERROR"
"ERROR","AOCR_20260217.log","2026-02-17 21:52:55.351 | ERROR | CID:N/A | ERR:EMAIL_QUEUE_ERROR | Error de configuración de base de datos.","Exception: DataAccessException","EMAIL_QUEUE_ERROR"
"ERROR","AOCR_20260217.log","2026-02-17 21:53:25.396 | ERROR | CID:N/A | ERR:EMAIL_QUEUE_ERROR | Error de configuración de base de datos.","Exception: DataAccessException","EMAIL_QUEUE_ERROR"
"ERROR","AOCR_20260217.log","2026-02-17 21:53:55.442 | ERROR | CID:N/A | ERR:EMAIL_QUEUE_ERROR | Error de configuración de base de datos.","Exception: DataAccessException","EMAIL_QUEUE_ERROR"
"ERROR","AOCR_20260217.log","2026-02-17 21:54:25.506 | ERROR | CID:N/A | ERR:EMAIL_QUEUE_ERROR | Error de configuración de base de datos.","Exception: DataAccessException","EMAIL_QUEUE_ERROR"
"ERROR","AOCR_20260217.log","2026-02-17 21:54:55.562 | ERROR | CID:N/A | ERR:EMAIL_QUEUE_ERROR | Error de configuración de base de datos.","Exception: DataAccessException","EMAIL_QUEUE_ERROR"
"ERROR","AOCR_20260217.log","2026-02-17 21:55:25.616 | ERROR | CID:N/A | ERR:EMAIL_QUEUE_ERROR | Error de configuración de base de datos.","Exception: DataAccessException","EMAIL_QUEUE_ERROR"
"ERROR","AOCR_20260217.log","2026-02-17 21:55:55.683 | ERROR | CID:N/A | ERR:EMAIL_QUEUE_ERROR | Error de configuración de base de datos.","Exception: DataAccessException","EMAIL_QUEUE_ERROR"
"ERROR","AOCR_20260217.log","2026-02-17 21:56:25.744 | ERROR | CID:N/A | ERR:EMAIL_QUEUE_ERROR | Error de configuración de base de datos.","Exception: DataAccessException","EMAIL_QUEUE_ERROR"
"ERROR","AOCR_20260217.log","2026-02-17 21:56:55.795 | ERROR | CID:N/A | ERR:EMAIL_QUEUE_ERROR | Error de configuración de base de datos.","Exception: DataAccessException","EMAIL_QUEUE_ERROR"
"ERROR","AOCR_20260217.log","2026-02-17 21:57:25.873 | ERROR | CID:N/A | ERR:EMAIL_QUEUE_ERROR | Error de configuración de base de datos.","Exception: DataAccessException","EMAIL_QUEUE_ERROR"
"ERROR","AOCR_20260217.log","2026-02-17 21:57:56.154 | ERROR | CID:N/A | ERR:EMAIL_QUEUE_ERROR | Error de configuración de base de datos.","Exception: DataAccessException","EMAIL_QUEUE_ERROR"
"ERROR","AOCR_20260217.log","2026-02-17 21:58:26.206 | ERROR | CID:N/A | ERR:EMAIL_QUEUE_ERROR | Error de configuración de base de datos.","Exception: DataAccessException","EMAIL_QUEUE_ERROR"
"ERROR","AOCR_20260217.log","2026-02-17 21:58:56.267 | ERROR | CID:N/A | ERR:EMAIL_QUEUE_ERROR | Error de configuración de base de datos.","Exception: DataAccessException","EMAIL_QUEUE_ERROR"
"ERROR","AOCR_20260217.log","2026-02-17 21:59:26.321 | ERROR | CID:N/A | ERR:EMAIL_QUEUE_ERROR | Error de configuración de base de datos.","Exception: DataAccessException","EMAIL_QUEUE_ERROR"
"ERROR","AOCR_20260217.log","2026-02-17 21:59:56.379 | ERROR | CID:N/A | ERR:EMAIL_QUEUE_ERROR | Error de configuración de base de datos.","Exception: DataAccessException","EMAIL_QUEUE_ERROR"
"ERROR","AOCR_20260217.log","2026-02-17 22:00:26.654 | ERROR | CID:N/A | ERR:EMAIL_QUEUE_ERROR | Error de configuración de base de datos.","Exception: DataAccessException","EMAIL_QUEUE_ERROR"
"ERROR","AOCR_20260217.log","2026-02-17 22:00:56.711 | ERROR | CID:N/A | ERR:EMAIL_QUEUE_ERROR | Error de configuración de base de datos.","Exception: DataAccessException","EMAIL_QUEUE_ERROR"
"ERROR","AOCR_20260217.log","2026-02-17 22:01:26.761 | ERROR | CID:N/A | ERR:EMAIL_QUEUE_ERROR | Error de configuración de base de datos.","Exception: DataAccessException","EMAIL_QUEUE_ERROR"
"ERROR","AOCR_20260217.log","2026-02-17 22:01:56.812 | ERROR | CID:N/A | ERR:EMAIL_QUEUE_ERROR | Error de configuración de base de datos.","Exception: DataAccessException","EMAIL_QUEUE_ERROR"
"ERROR","AOCR_20260217.log","2026-02-17 22:02:26.857 | ERROR | CID:N/A | ERR:EMAIL_QUEUE_ERROR | Error de configuración de base de datos.","Exception: DataAccessException","EMAIL_QUEUE_ERROR"
"ERROR","AOCR_20260217.log","2026-02-17 22:02:56.923 | ERROR | CID:N/A | ERR:EMAIL_QUEUE_ERROR | Error de configuración de base de datos.","Exception: DataAccessException","EMAIL_QUEUE_ERROR"
"ERROR","AOCR_20260217.log","2026-02-17 22:03:27.209 | ERROR | CID:N/A | ERR:EMAIL_QUEUE_ERROR | Error de configuración de base de datos.","Exception: DataAccessException","EMAIL_QUEUE_ERROR"
"ERROR","AOCR_20260217.log","2026-02-17 22:03:57.271 | ERROR | CID:N/A | ERR:EMAIL_QUEUE_ERROR | Error de configuración de base de datos.","Exception: DataAccessException","EMAIL_QUEUE_ERROR"
"ERROR","AOCR_20260217.log","2026-02-17 22:04:27.341 | ERROR | CID:N/A | ERR:EMAIL_QUEUE_ERROR | Error de configuración de base de datos.","Exception: DataAccessException","EMAIL_QUEUE_ERROR"
"ERROR","AOCR_20260217.log","2026-02-17 22:04:57.413 | ERROR | CID:N/A | ERR:EMAIL_QUEUE_ERROR | Error de configuración de base de datos.","Exception: DataAccessException","EMAIL_QUEUE_ERROR"
"ERROR","AOCR_20260217.log","2026-02-17 22:05:27.689 | ERROR | CID:N/A | ERR:EMAIL_QUEUE_ERROR | Error de configuración de base de datos.","Exception: DataAccessException","EMAIL_QUEUE_ERROR"
"ERROR","AOCR_20260217.log","2026-02-17 22:05:58.157 | ERROR | CID:N/A | ERR:EMAIL_QUEUE_ERROR | Error de configuración de base de datos.","Exception: DataAccessException","EMAIL_QUEUE_ERROR"
"ERROR","AOCR_20260217.log","2026-02-17 22:06:28.212 | ERROR | CID:N/A | ERR:EMAIL_QUEUE_ERROR | Error de configuración de base de datos.","Exception: DataAccessException","EMAIL_QUEUE_ERROR"
"ERROR","AOCR_20260217.log","2026-02-17 22:06:58.269 | ERROR | CID:N/A | ERR:EMAIL_QUEUE_ERROR | Error de configuración de base de datos.","Exception: DataAccessException","EMAIL_QUEUE_ERROR"
"ERROR","AOCR_20260217.log","2026-02-17 22:07:28.319 | ERROR | CID:N/A | ERR:EMAIL_QUEUE_ERROR | Error de configuración de base de datos.","Exception: DataAccessException","EMAIL_QUEUE_ERROR"
"ERROR","AOCR_20260217.log","2026-02-17 22:07:58.389 | ERROR | CID:N/A | ERR:EMAIL_QUEUE_ERROR | Error de configuración de base de datos.","Exception: DataAccessException","EMAIL_QUEUE_ERROR"
"ERROR","AOCR_20260217.log","2026-02-17 22:08:28.449 | ERROR | CID:N/A | ERR:EMAIL_QUEUE_ERROR | Error de configuración de base de datos.","Exception: DataAccessException","EMAIL_QUEUE_ERROR"
"ERROR","AOCR_20260217.log","2026-02-17 22:08:58.511 | ERROR | CID:N/A | ERR:EMAIL_QUEUE_ERROR | Error de configuración de base de datos.","Exception: DataAccessException","EMAIL_QUEUE_ERROR"
"ERROR","AOCR_20260217.log","2026-02-17 22:09:28.572 | ERROR | CID:N/A | ERR:EMAIL_QUEUE_ERROR | Error de configuración de base de datos.","Exception: DataAccessException","EMAIL_QUEUE_ERROR"
"ERROR","AOCR_20260217.log","2026-02-17 22:09:58.630 | ERROR | CID:N/A | ERR:EMAIL_QUEUE_ERROR | Error de configuración de base de datos.","Exception: DataAccessException","EMAIL_QUEUE_ERROR"
"ERROR","AOCR_20260217.log","2026-02-17 22:10:28.689 | ERROR | CID:N/A | ERR:EMAIL_QUEUE_ERROR | Error de configuración de base de datos.","Exception: DataAccessException","EMAIL_QUEUE_ERROR"
"ERROR","AOCR_20260217.log","2026-02-17 22:10:58.742 | ERROR | CID:N/A | ERR:EMAIL_QUEUE_ERROR | Error de configuración de base de datos.","Exception: DataAccessException","EMAIL_QUEUE_ERROR"
"ERROR","AOCR_20260217.log","2026-02-17 22:11:28.801 | ERROR | CID:N/A | ERR:EMAIL_QUEUE_ERROR | Error de configuración de base de datos.","Exception: DataAccessException","EMAIL_QUEUE_ERROR"
"ERROR","AOCR_20260217.log","2026-02-17 22:11:58.852 | ERROR | CID:N/A | ERR:EMAIL_QUEUE_ERROR | Error de configuración de base de datos.","Exception: DataAccessException","EMAIL_QUEUE_ERROR"
"ERROR","AOCR_20260217.log","2026-02-17 22:12:28.915 | ERROR | CID:N/A | ERR:EMAIL_QUEUE_ERROR | Error de configuración de base de datos.","Exception: DataAccessException","EMAIL_QUEUE_ERROR"
"ERROR","AOCR_20260217.log","2026-02-17 22:12:58.963 | ERROR | CID:N/A | ERR:EMAIL_QUEUE_ERROR | Error de configuración de base de datos.","Exception: DataAccessException","EMAIL_QUEUE_ERROR"
"ERROR","AOCR_20260217.log","2026-02-17 22:13:29.024 | ERROR | CID:N/A | ERR:EMAIL_QUEUE_ERROR | Error de configuración de base de datos.","Exception: DataAccessException","EMAIL_QUEUE_ERROR"
"ERROR","AOCR_20260217.log","2026-02-17 22:13:59.076 | ERROR | CID:N/A | ERR:EMAIL_QUEUE_ERROR | Error de configuración de base de datos.","Exception: DataAccessException","EMAIL_QUEUE_ERROR"
"ERROR","AOCR_20260217.log","2026-02-17 22:14:29.135 | ERROR | CID:N/A | ERR:EMAIL_QUEUE_ERROR | Error de configuración de base de datos.","Exception: DataAccessException","EMAIL_QUEUE_ERROR"
"ERROR","AOCR_20260217.log","2026-02-17 22:14:59.180 | ERROR | CID:N/A | ERR:EMAIL_QUEUE_ERROR | Error de configuración de base de datos.","Exception: DataAccessException","EMAIL_QUEUE_ERROR"
"ERROR","AOCR_20260217.log","2026-02-17 22:15:29.255 | ERROR | CID:N/A | ERR:EMAIL_QUEUE_ERROR | Error de configuración de base de datos.","Exception: DataAccessException","EMAIL_QUEUE_ERROR"
"ERROR","AOCR_20260217.log","2026-02-17 22:15:59.316 | ERROR | CID:N/A | ERR:EMAIL_QUEUE_ERROR | Error de configuración de base de datos.","Exception: DataAccessException","EMAIL_QUEUE_ERROR"
"ERROR","AOCR_20260217.log","2026-02-17 22:16:29.380 | ERROR | CID:N/A | ERR:EMAIL_QUEUE_ERROR | Error de configuración de base de datos.","Exception: DataAccessException","EMAIL_QUEUE_ERROR"
"ERROR","AOCR_20260217.log","2026-02-17 22:16:59.443 | ERROR | CID:N/A | ERR:EMAIL_QUEUE_ERROR | Error de configuración de base de datos.","Exception: DataAccessException","EMAIL_QUEUE_ERROR"
"ERROR","AOCR_20260217.log","2026-02-17 22:17:29.497 | ERROR | CID:N/A | ERR:EMAIL_QUEUE_ERROR | Error de configuración de base de datos.","Exception: DataAccessException","EMAIL_QUEUE_ERROR"
"ERROR","AOCR_20260217.log","2026-02-17 22:17:59.554 | ERROR | CID:N/A | ERR:EMAIL_QUEUE_ERROR | Error de configuración de base de datos.","Exception: DataAccessException","EMAIL_QUEUE_ERROR"
"ERROR","AOCR_20260217.log","2026-02-17 22:18:29.624 | ERROR | CID:N/A | ERR:EMAIL_QUEUE_ERROR | Error de configuración de base de datos.","Exception: DataAccessException","EMAIL_QUEUE_ERROR"
"ERROR","AOCR_20260217.log","2026-02-17 22:18:59.676 | ERROR | CID:N/A | ERR:EMAIL_QUEUE_ERROR | Error de configuración de base de datos.","Exception: DataAccessException","EMAIL_QUEUE_ERROR"
"ERROR","AOCR_20260217.log","2026-02-17 22:19:29.736 | ERROR | CID:N/A | ERR:EMAIL_QUEUE_ERROR | Error de configuración de base de datos.","Exception: DataAccessException","EMAIL_QUEUE_ERROR"
"ERROR","AOCR_20260217.log","2026-02-17 22:19:59.791 | ERROR | CID:N/A | ERR:EMAIL_QUEUE_ERROR | Error de configuración de base de datos.","Exception: DataAccessException","EMAIL_QUEUE_ERROR"
"ERROR","AOCR_20260217.log","2026-02-17 22:20:29.842 | ERROR | CID:N/A | ERR:EMAIL_QUEUE_ERROR | Error de configuración de base de datos.","Exception: DataAccessException","EMAIL_QUEUE_ERROR"
"ERROR","AOCR_20260217.log","2026-02-17 22:20:59.897 | ERROR | CID:N/A | ERR:EMAIL_QUEUE_ERROR | Error de configuración de base de datos.","Exception: DataAccessException","EMAIL_QUEUE_ERROR"
"ERROR","AOCR_20260217.log","2026-02-17 22:21:29.956 | ERROR | CID:N/A | ERR:EMAIL_QUEUE_ERROR | Error de configuración de base de datos.","Exception: DataAccessException","EMAIL_QUEUE_ERROR"
"ERROR","AOCR_20260217.log","2026-02-17 22:22:00.011 | ERROR | CID:N/A | ERR:EMAIL_QUEUE_ERROR | Error de configuración de base de datos.","Exception: DataAccessException","EMAIL_QUEUE_ERROR"
"ERROR","AOCR_20260217.log","2026-02-17 22:22:30.075 | ERROR | CID:N/A | ERR:EMAIL_QUEUE_ERROR | Error de configuración de base de datos.","Exception: DataAccessException","EMAIL_QUEUE_ERROR"
"ERROR","AOCR_20260217.log","2026-02-17 22:23:00.129 | ERROR | CID:N/A | ERR:EMAIL_QUEUE_ERROR | Error de configuración de base de datos.","Exception: DataAccessException","EMAIL_QUEUE_ERROR"
"ERROR","AOCR_20260217.log","2026-02-17 22:23:30.182 | ERROR | CID:N/A | ERR:EMAIL_QUEUE_ERROR | Error de configuración de base de datos.","Exception: DataAccessException","EMAIL_QUEUE_ERROR"
"ERROR","AOCR_20260217.log","2026-02-17 22:24:00.259 | ERROR | CID:N/A | ERR:EMAIL_QUEUE_ERROR | Error de configuración de base de datos.","Exception: DataAccessException","EMAIL_QUEUE_ERROR"
"ERROR","AOCR_20260217.log","2026-02-17 22:24:30.311 | ERROR | CID:N/A | ERR:EMAIL_QUEUE_ERROR | Error de configuración de base de datos.","Exception: DataAccessException","EMAIL_QUEUE_ERROR"
"ERROR","AOCR_20260217.log","2026-02-17 22:25:00.383 | ERROR | CID:N/A | ERR:EMAIL_QUEUE_ERROR | Error de configuración de base de datos.","Exception: DataAccessException","EMAIL_QUEUE_ERROR"
"ERROR","AOCR_20260217.log","2026-02-17 22:25:30.436 | ERROR | CID:N/A | ERR:EMAIL_QUEUE_ERROR | Error de configuración de base de datos.","Exception: DataAccessException","EMAIL_QUEUE_ERROR"
"ERROR","AOCR_20260217.log","2026-02-17 22:26:00.492 | ERROR | CID:N/A | ERR:EMAIL_QUEUE_ERROR | Error de configuración de base de datos.","Exception: DataAccessException","EMAIL_QUEUE_ERROR"
"ERROR","AOCR_20260217.log","2026-02-17 22:26:30.551 | ERROR | CID:N/A | ERR:EMAIL_QUEUE_ERROR | Error de configuración de base de datos.","Exception: DataAccessException","EMAIL_QUEUE_ERROR"
"ERROR","AOCR_20260217.log","2026-02-17 22:27:00.594 | ERROR | CID:N/A | ERR:EMAIL_QUEUE_ERROR | Error de configuración de base de datos.","Exception: DataAccessException","EMAIL_QUEUE_ERROR"
"ERROR","AOCR_20260217.log","2026-02-17 22:27:30.659 | ERROR | CID:N/A | ERR:EMAIL_QUEUE_ERROR | Error de configuración de base de datos.","Exception: DataAccessException","EMAIL_QUEUE_ERROR"
"ERROR","AOCR_20260217.log","2026-02-17 22:28:00.705 | ERROR | CID:N/A | ERR:EMAIL_QUEUE_ERROR | Error de configuración de base de datos.","Exception: DataAccessException","EMAIL_QUEUE_ERROR"
"ERROR","AOCR_20260217.log","2026-02-17 22:28:30.761 | ERROR | CID:N/A | ERR:EMAIL_QUEUE_ERROR | Error de configuración de base de datos.","Exception: DataAccessException","EMAIL_QUEUE_ERROR"
"ERROR","AOCR_20260217.log","2026-02-17 22:29:00.817 | ERROR | CID:N/A | ERR:EMAIL_QUEUE_ERROR | Error de configuración de base de datos.","Exception: DataAccessException","EMAIL_QUEUE_ERROR"
"ERROR","AOCR_20260217.log","2026-02-17 22:29:30.886 | ERROR | CID:N/A | ERR:EMAIL_QUEUE_ERROR | Error de configuración de base de datos.","Exception: DataAccessException","EMAIL_QUEUE_ERROR"
"ERROR","AOCR_20260217.log","2026-02-17 22:30:00.962 | ERROR | CID:N/A | ERR:EMAIL_QUEUE_ERROR | Error de configuración de base de datos.","Exception: DataAccessException","EMAIL_QUEUE_ERROR"
"ERROR","AOCR_20260217.log","2026-02-17 22:30:31.019 | ERROR | CID:N/A | ERR:EMAIL_QUEUE_ERROR | Error de configuración de base de datos.","Exception: DataAccessException","EMAIL_QUEUE_ERROR"
"ERROR","AOCR_20260217.log","2026-02-17 22:31:01.080 | ERROR | CID:N/A | ERR:EMAIL_QUEUE_ERROR | Error de configuración de base de datos.","Exception: DataAccessException","EMAIL_QUEUE_ERROR"
"ERROR","AOCR_20260217.log","2026-02-17 22:31:31.137 | ERROR | CID:N/A | ERR:EMAIL_QUEUE_ERROR | Error de configuración de base de datos.","Exception: DataAccessException","EMAIL_QUEUE_ERROR"
"ERROR","AOCR_20260217.log","2026-02-17 22:32:01.204 | ERROR | CID:N/A | ERR:EMAIL_QUEUE_ERROR | Error de configuración de base de datos.","Exception: DataAccessException","EMAIL_QUEUE_ERROR"
"ERROR","AOCR_20260217.log","2026-02-17 22:32:31.261 | ERROR | CID:N/A | ERR:EMAIL_QUEUE_ERROR | Error de configuración de base de datos.","Exception: DataAccessException","EMAIL_QUEUE_ERROR"
"ERROR","AOCR_20260217.log","2026-02-17 22:33:01.308 | ERROR | CID:N/A | ERR:EMAIL_QUEUE_ERROR | Error de configuración de base de datos.","Exception: DataAccessException","EMAIL_QUEUE_ERROR"
"ERROR","AOCR_20260217.log","2026-02-17 22:33:31.368 | ERROR | CID:N/A | ERR:EMAIL_QUEUE_ERROR | Error de configuración de base de datos.","Exception: DataAccessException","EMAIL_QUEUE_ERROR"
"ERROR","AOCR_20260217.log","2026-02-17 22:34:01.427 | ERROR | CID:N/A | ERR:EMAIL_QUEUE_ERROR | Error de configuración de base de datos.","Exception: DataAccessException","EMAIL_QUEUE_ERROR"
"ERROR","AOCR_20260217.log","2026-02-17 22:34:31.482 | ERROR | CID:N/A | ERR:EMAIL_QUEUE_ERROR | Error de configuración de base de datos.","Exception: DataAccessException","EMAIL_QUEUE_ERROR"
"ERROR","AOCR_20260217.log","2026-02-17 22:35:01.538 | ERROR | CID:N/A | ERR:EMAIL_QUEUE_ERROR | Error de configuración de base de datos.","Exception: DataAccessException","EMAIL_QUEUE_ERROR"
"ERROR","AOCR_20260217.log","2026-02-17 22:35:31.595 | ERROR | CID:N/A | ERR:EMAIL_QUEUE_ERROR | Error de configuración de base de datos.","Exception: DataAccessException","EMAIL_QUEUE_ERROR"
"ERROR","AOCR_20260217.log","2026-02-17 22:36:01.642 | ERROR | CID:N/A | ERR:EMAIL_QUEUE_ERROR | Error de configuración de base de datos.","Exception: DataAccessException","EMAIL_QUEUE_ERROR"
"ERROR","AOCR_20260217.log","2026-02-17 22:36:31.701 | ERROR | CID:N/A | ERR:EMAIL_QUEUE_ERROR | Error de configuración de base de datos.","Exception: DataAccessException","EMAIL_QUEUE_ERROR"
"ERROR","AOCR_20260217.log","2026-02-17 22:37:01.755 | ERROR | CID:N/A | ERR:EMAIL_QUEUE_ERROR | Error de configuración de base de datos.","Exception: DataAccessException","EMAIL_QUEUE_ERROR"
"ERROR","AOCR_20260217.log","2026-02-17 22:37:31.816 | ERROR | CID:N/A | ERR:EMAIL_QUEUE_ERROR | Error de configuración de base de datos.","Exception: DataAccessException","EMAIL_QUEUE_ERROR"
"ERROR","AOCR_20260217.log","2026-02-17 22:38:01.871 | ERROR | CID:N/A | ERR:EMAIL_QUEUE_ERROR | Error de configuración de base de datos.","Exception: DataAccessException","EMAIL_QUEUE_ERROR"
"ERROR","AOCR_20260217.log","2026-02-17 22:38:31.934 | ERROR | CID:N/A | ERR:EMAIL_QUEUE_ERROR | Error de configuración de base de datos.","Exception: DataAccessException","EMAIL_QUEUE_ERROR"
"ERROR","AOCR_20260217.log","2026-02-17 22:39:01.979 | ERROR | CID:N/A | ERR:EMAIL_QUEUE_ERROR | Error de configuración de base de datos.","Exception: DataAccessException","EMAIL_QUEUE_ERROR"
"ERROR","AOCR_20260217.log","2026-02-17 22:39:32.033 | ERROR | CID:N/A | ERR:EMAIL_QUEUE_ERROR | Error de configuración de base de datos.","Exception: DataAccessException","EMAIL_QUEUE_ERROR"
"ERROR","AOCR_20260217.log","2026-02-17 22:40:02.091 | ERROR | CID:N/A | ERR:EMAIL_QUEUE_ERROR | Error de configuración de base de datos.","Exception: DataAccessException","EMAIL_QUEUE_ERROR"
"ERROR","AOCR_20260217.log","2026-02-17 22:40:32.152 | ERROR | CID:N/A | ERR:EMAIL_QUEUE_ERROR | Error de configuración de base de datos.","Exception: DataAccessException","EMAIL_QUEUE_ERROR"
"ERROR","AOCR_20260217.log","2026-02-17 22:41:02.203 | ERROR | CID:N/A | ERR:EMAIL_QUEUE_ERROR | Error de configuración de base de datos.","Exception: DataAccessException","EMAIL_QUEUE_ERROR"
"ERROR","AOCR_20260217.log","2026-02-17 22:41:32.257 | ERROR | CID:N/A | ERR:EMAIL_QUEUE_ERROR | Error de configuración de base de datos.","Exception: DataAccessException","EMAIL_QUEUE_ERROR"
"ERROR","AOCR_20260217.log","2026-02-17 22:42:02.311 | ERROR | CID:N/A | ERR:EMAIL_QUEUE_ERROR | Error de configuración de base de datos.","Exception: DataAccessException","EMAIL_QUEUE_ERROR"
"ERROR","AOCR_20260217.log","2026-02-17 22:42:32.366 | ERROR | CID:N/A | ERR:EMAIL_QUEUE_ERROR | Error de configuración de base de datos.","Exception: DataAccessException","EMAIL_QUEUE_ERROR"
"ERROR","AOCR_20260217.log","2026-02-17 22:43:02.425 | ERROR | CID:N/A | ERR:EMAIL_QUEUE_ERROR | Error de configuración de base de datos.","Exception: DataAccessException","EMAIL_QUEUE_ERROR"
"ERROR","AOCR_20260217.log","2026-02-17 22:43:32.480 | ERROR | CID:N/A | ERR:EMAIL_QUEUE_ERROR | Error de configuración de base de datos.","Exception: DataAccessException","EMAIL_QUEUE_ERROR"
"ERROR","AOCR_20260217.log","2026-02-17 22:44:02.541 | ERROR | CID:N/A | ERR:EMAIL_QUEUE_ERROR | Error de configuración de base de datos.","Exception: DataAccessException","EMAIL_QUEUE_ERROR"
"ERROR","AOCR_20260217.log","2026-02-17 22:44:32.600 | ERROR | CID:N/A | ERR:EMAIL_QUEUE_ERROR | Error de configuración de base de datos.","Exception: DataAccessException","EMAIL_QUEUE_ERROR"
"ERROR","AOCR_20260217.log","2026-02-17 22:45:02.663 | ERROR | CID:N/A | ERR:EMAIL_QUEUE_ERROR | Error de configuración de base de datos.","Exception: DataAccessException","EMAIL_QUEUE_ERROR"
"ERROR","AOCR_20260217.log","2026-02-17 22:45:32.719 | ERROR | CID:N/A | ERR:EMAIL_QUEUE_ERROR | Error de configuración de base de datos.","Exception: DataAccessException","EMAIL_QUEUE_ERROR"
"ERROR","AOCR_20260217.log","2026-02-17 22:46:02.770 | ERROR | CID:N/A | ERR:EMAIL_QUEUE_ERROR | Error de configuración de base de datos.","Exception: DataAccessException","EMAIL_QUEUE_ERROR"
"ERROR","AOCR_20260217.log","2026-02-17 22:46:32.827 | ERROR | CID:N/A | ERR:EMAIL_QUEUE_ERROR | Error de configuración de base de datos.","Exception: DataAccessException","EMAIL_QUEUE_ERROR"
"ERROR","AOCR_20260217.log","2026-02-17 22:47:02.882 | ERROR | CID:N/A | ERR:EMAIL_QUEUE_ERROR | Error de configuración de base de datos.","Exception: DataAccessException","EMAIL_QUEUE_ERROR"
"ERROR","AOCR_20260217.log","2026-02-17 22:47:32.933 | ERROR | CID:N/A | ERR:EMAIL_QUEUE_ERROR | Error de configuración de base de datos.","Exception: DataAccessException","EMAIL_QUEUE_ERROR"
"ERROR","AOCR_20260217.log","2026-02-17 22:48:02.992 | ERROR | CID:N/A | ERR:EMAIL_QUEUE_ERROR | Error de configuración de base de datos.","Exception: DataAccessException","EMAIL_QUEUE_ERROR"
"ERROR","AOCR_20260217.log","2026-02-17 22:48:33.045 | ERROR | CID:N/A | ERR:EMAIL_QUEUE_ERROR | Error de configuración de base de datos.","Exception: DataAccessException","EMAIL_QUEUE_ERROR"
"ERROR","AOCR_20260217.log","2026-02-17 22:49:03.104 | ERROR | CID:N/A | ERR:EMAIL_QUEUE_ERROR | Error de configuración de base de datos.","Exception: DataAccessException","EMAIL_QUEUE_ERROR"
"ERROR","AOCR_20260217.log","2026-02-17 22:49:33.174 | ERROR | CID:N/A | ERR:EMAIL_QUEUE_ERROR | Error de configuración de base de datos.","Exception: DataAccessException","EMAIL_QUEUE_ERROR"
"ERROR","AOCR_20260217.log","2026-02-17 22:50:03.229 | ERROR | CID:N/A | ERR:EMAIL_QUEUE_ERROR | Error de configuración de base de datos.","Exception: DataAccessException","EMAIL_QUEUE_ERROR"
"ERROR","AOCR_20260217.log","2026-02-17 22:50:33.304 | ERROR | CID:N/A | ERR:EMAIL_QUEUE_ERROR | Error de configuración de base de datos.","Exception: DataAccessException","EMAIL_QUEUE_ERROR"
"ERROR","AOCR_20260217.log","2026-02-17 22:51:03.355 | ERROR | CID:N/A | ERR:EMAIL_QUEUE_ERROR | Error de configuración de base de datos.","Exception: DataAccessException","EMAIL_QUEUE_ERROR"
"ERROR","AOCR_20260217.log","2026-02-17 22:51:33.427 | ERROR | CID:N/A | ERR:EMAIL_QUEUE_ERROR | Error de configuración de base de datos.","Exception: DataAccessException","EMAIL_QUEUE_ERROR"
"ERROR","AOCR_20260217.log","2026-02-17 22:52:03.473 | ERROR | CID:N/A | ERR:EMAIL_QUEUE_ERROR | Error de configuración de base de datos.","Exception: DataAccessException","EMAIL_QUEUE_ERROR"
"ERROR","AOCR_20260217.log","2026-02-17 22:52:33.535 | ERROR | CID:N/A | ERR:EMAIL_QUEUE_ERROR | Error de configuración de base de datos.","Exception: DataAccessException","EMAIL_QUEUE_ERROR"
"ERROR","AOCR_20260217.log","2026-02-17 22:53:03.580 | ERROR | CID:N/A | ERR:EMAIL_QUEUE_ERROR | Error de configuración de base de datos.","Exception: DataAccessException","EMAIL_QUEUE_ERROR"
"ERROR","AOCR_20260217.log","2026-02-17 22:53:33.640 | ERROR | CID:N/A | ERR:EMAIL_QUEUE_ERROR | Error de configuración de base de datos.","Exception: DataAccessException","EMAIL_QUEUE_ERROR"
"ERROR","AOCR_20260217.log","2026-02-17 22:54:03.696 | ERROR | CID:N/A | ERR:EMAIL_QUEUE_ERROR | Error de configuración de base de datos.","Exception: DataAccessException","EMAIL_QUEUE_ERROR"
"ERROR","AOCR_20260217.log","2026-02-17 22:54:33.747 | ERROR | CID:N/A | ERR:EMAIL_QUEUE_ERROR | Error de configuración de base de datos.","Exception: DataAccessException","EMAIL_QUEUE_ERROR"
"ERROR","AOCR_20260217.log","2026-02-17 22:55:03.805 | ERROR | CID:N/A | ERR:EMAIL_QUEUE_ERROR | Error de configuración de base de datos.","Exception: DataAccessException","EMAIL_QUEUE_ERROR"
"ERROR","AOCR_20260217.log","2026-02-17 22:55:33.866 | ERROR | CID:N/A | ERR:EMAIL_QUEUE_ERROR | Error de configuración de base de datos.","Exception: DataAccessException","EMAIL_QUEUE_ERROR"
"ERROR","AOCR_20260217.log","2026-02-17 22:56:03.920 | ERROR | CID:N/A | ERR:EMAIL_QUEUE_ERROR | Error de configuración de base de datos.","Exception: DataAccessException","EMAIL_QUEUE_ERROR"
"ERROR","AOCR_20260217.log","2026-02-17 22:56:33.974 | ERROR | CID:N/A | ERR:EMAIL_QUEUE_ERROR | Error de configuración de base de datos.","Exception: DataAccessException","EMAIL_QUEUE_ERROR"
"ERROR","AOCR_20260217.log","2026-02-17 22:57:04.031 | ERROR | CID:N/A | ERR:EMAIL_QUEUE_ERROR | Error de configuración de base de datos.","Exception: DataAccessException","EMAIL_QUEUE_ERROR"
"ERROR","AOCR_20260217.log","2026-02-17 22:57:34.095 | ERROR | CID:N/A | ERR:EMAIL_QUEUE_ERROR | Error de configuración de base de datos.","Exception: DataAccessException","EMAIL_QUEUE_ERROR"
"ERROR","AOCR_20260217.log","2026-02-17 22:58:04.154 | ERROR | CID:N/A | ERR:EMAIL_QUEUE_ERROR | Error de configuración de base de datos.","Exception: DataAccessException","EMAIL_QUEUE_ERROR"
"ERROR","AOCR_20260217.log","2026-02-17 22:58:34.207 | ERROR | CID:N/A | ERR:EMAIL_QUEUE_ERROR | Error de configuración de base de datos.","Exception: DataAccessException","EMAIL_QUEUE_ERROR"
"ERROR","AOCR_20260217.log","2026-02-17 22:59:04.284 | ERROR | CID:N/A | ERR:EMAIL_QUEUE_ERROR | Error de configuración de base de datos.","Exception: DataAccessException","EMAIL_QUEUE_ERROR"
"ERROR","AOCR_20260217.log","2026-02-17 22:59:34.356 | ERROR | CID:N/A | ERR:EMAIL_QUEUE_ERROR | Error de configuración de base de datos.","Exception: DataAccessException","EMAIL_QUEUE_ERROR"
"ERROR","AOCR_20260217.log","2026-02-17 23:00:04.422 | ERROR | CID:N/A | ERR:EMAIL_QUEUE_ERROR | Error de configuración de base de datos.","Exception: DataAccessException","EMAIL_QUEUE_ERROR"
"ERROR","AOCR_20260217.log","2026-02-17 23:00:34.483 | ERROR | CID:N/A | ERR:EMAIL_QUEUE_ERROR | Error de configuración de base de datos.","Exception: DataAccessException","EMAIL_QUEUE_ERROR"
"ERROR","AOCR_20260217.log","2026-02-17 23:01:04.545 | ERROR | CID:N/A | ERR:EMAIL_QUEUE_ERROR | Error de configuración de base de datos.","Exception: DataAccessException","EMAIL_QUEUE_ERROR"
"ERROR","AOCR_20260217.log","2026-02-17 23:01:34.593 | ERROR | CID:N/A | ERR:EMAIL_QUEUE_ERROR | Error de configuración de base de datos.","Exception: DataAccessException","EMAIL_QUEUE_ERROR"
"ERROR","AOCR_20260217.log","2026-02-17 23:02:04.670 | ERROR | CID:N/A | ERR:EMAIL_QUEUE_ERROR | Error de configuración de base de datos.","Exception: DataAccessException","EMAIL_QUEUE_ERROR"
"ERROR","AOCR_20260217.log","2026-02-17 23:02:34.720 | ERROR | CID:N/A | ERR:EMAIL_QUEUE_ERROR | Error de configuración de base de datos.","Exception: DataAccessException","EMAIL_QUEUE_ERROR"
"ERROR","AOCR_20260217.log","2026-02-17 23:03:04.780 | ERROR | CID:N/A | ERR:EMAIL_QUEUE_ERROR | Error de configuración de base de datos.","Exception: DataAccessException","EMAIL_QUEUE_ERROR"
"ERROR","AOCR_20260217.log","2026-02-17 23:03:34.834 | ERROR | CID:N/A | ERR:EMAIL_QUEUE_ERROR | Error de configuración de base de datos.","Exception: DataAccessException","EMAIL_QUEUE_ERROR"
"ERROR","AOCR_20260217.log","2026-02-17 23:04:04.905 | ERROR | CID:N/A | ERR:EMAIL_QUEUE_ERROR | Error de configuración de base de datos.","Exception: DataAccessException","EMAIL_QUEUE_ERROR"
"ERROR","AOCR_20260217.log","2026-02-17 23:04:34.968 | ERROR | CID:N/A | ERR:EMAIL_QUEUE_ERROR | Error de configuración de base de datos.","Exception: DataAccessException","EMAIL_QUEUE_ERROR"
"ERROR","AOCR_20260217.log","2026-02-17 23:05:05.021 | ERROR | CID:N/A | ERR:EMAIL_QUEUE_ERROR | Error de configuración de base de datos.","Exception: DataAccessException","EMAIL_QUEUE_ERROR"
"ERROR","AOCR_20260217.log","2026-02-17 23:05:35.081 | ERROR | CID:N/A | ERR:EMAIL_QUEUE_ERROR | Error de configuración de base de datos.","Exception: DataAccessException","EMAIL_QUEUE_ERROR"
"ERROR","AOCR_20260217.log","2026-02-17 23:06:05.147 | ERROR | CID:N/A | ERR:EMAIL_QUEUE_ERROR | Error de configuración de base de datos.","Exception: DataAccessException","EMAIL_QUEUE_ERROR"
"ERROR","AOCR_20260217.log","2026-02-17 23:06:35.209 | ERROR | CID:N/A | ERR:EMAIL_QUEUE_ERROR | Error de configuración de base de datos.","Exception: DataAccessException","EMAIL_QUEUE_ERROR"
"ERROR","AOCR_20260217.log","2026-02-17 23:07:05.268 | ERROR | CID:N/A | ERR:EMAIL_QUEUE_ERROR | Error de configuración de base de datos.","Exception: DataAccessException","EMAIL_QUEUE_ERROR"
"ERROR","AOCR_20260217.log","2026-02-17 23:07:35.332 | ERROR | CID:N/A | ERR:EMAIL_QUEUE_ERROR | Error de configuración de base de datos.","Exception: DataAccessException","EMAIL_QUEUE_ERROR"
"ERROR","AOCR_20260217.log","2026-02-17 23:08:05.401 | ERROR | CID:N/A | ERR:EMAIL_QUEUE_ERROR | Error de configuración de base de datos.","Exception: DataAccessException","EMAIL_QUEUE_ERROR"
"ERROR","AOCR_20260217.log","2026-02-17 23:08:35.467 | ERROR | CID:N/A | ERR:EMAIL_QUEUE_ERROR | Error de configuración de base de datos.","Exception: DataAccessException","EMAIL_QUEUE_ERROR"
"ERROR","AOCR_20260217.log","2026-02-17 23:09:05.537 | ERROR | CID:N/A | ERR:EMAIL_QUEUE_ERROR | Error de configuración de base de datos.","Exception: DataAccessException","EMAIL_QUEUE_ERROR"
"ERROR","AOCR_20260217.log","2026-02-17 23:09:35.588 | ERROR | CID:N/A | ERR:EMAIL_QUEUE_ERROR | Error de configuración de base de datos.","Exception: DataAccessException","EMAIL_QUEUE_ERROR"
"ERROR","AOCR_20260217.log","2026-02-17 23:10:05.649 | ERROR | CID:N/A | ERR:EMAIL_QUEUE_ERROR | Error de configuración de base de datos.","Exception: DataAccessException","EMAIL_QUEUE_ERROR"
"ERROR","AOCR_20260217.log","2026-02-17 23:10:35.708 | ERROR | CID:N/A | ERR:EMAIL_QUEUE_ERROR | Error de configuración de base de datos.","Exception: DataAccessException","EMAIL_QUEUE_ERROR"
"ERROR","AOCR_20260217.log","2026-02-17 23:11:05.775 | ERROR | CID:N/A | ERR:EMAIL_QUEUE_ERROR | Error de configuración de base de datos.","Exception: DataAccessException","EMAIL_QUEUE_ERROR"
"ERROR","AOCR_20260217.log","2026-02-17 23:11:35.830 | ERROR | CID:N/A | ERR:EMAIL_QUEUE_ERROR | Error de configuración de base de datos.","Exception: DataAccessException","EMAIL_QUEUE_ERROR"
"ERROR","AOCR_20260217.log","2026-02-17 23:12:05.908 | ERROR | CID:N/A | ERR:EMAIL_QUEUE_ERROR | Error de configuración de base de datos.","Exception: DataAccessException","EMAIL_QUEUE_ERROR"
"ERROR","AOCR_20260217.log","2026-02-17 23:12:35.978 | ERROR | CID:N/A | ERR:EMAIL_QUEUE_ERROR | Error de configuración de base de datos.","Exception: DataAccessException","EMAIL_QUEUE_ERROR"
"ERROR","AOCR_20260217.log","2026-02-17 23:13:06.034 | ERROR | CID:N/A | ERR:EMAIL_QUEUE_ERROR | Error de configuración de base de datos.","Exception: DataAccessException","EMAIL_QUEUE_ERROR"
"ERROR","AOCR_20260217.log","2026-02-17 23:13:36.081 | ERROR | CID:N/A | ERR:EMAIL_QUEUE_ERROR | Error de configuración de base de datos.","Exception: DataAccessException","EMAIL_QUEUE_ERROR"
"ERROR","AOCR_20260217.log","2026-02-17 23:14:06.155 | ERROR | CID:N/A | ERR:EMAIL_QUEUE_ERROR | Error de configuración de base de datos.","Exception: DataAccessException","EMAIL_QUEUE_ERROR"
"ERROR","AOCR_20260217.log","2026-02-17 23:14:36.209 | ERROR | CID:N/A | ERR:EMAIL_QUEUE_ERROR | Error de configuración de base de datos.","Exception: DataAccessException","EMAIL_QUEUE_ERROR"
"ERROR","AOCR_20260217.log","2026-02-17 23:15:06.275 | ERROR | CID:N/A | ERR:EMAIL_QUEUE_ERROR | Error de configuración de base de datos.","Exception: DataAccessException","EMAIL_QUEUE_ERROR"
"ERROR","AOCR_20260217.log","2026-02-17 23:15:36.336 | ERROR | CID:N/A | ERR:EMAIL_QUEUE_ERROR | Error de configuración de base de datos.","Exception: DataAccessException","EMAIL_QUEUE_ERROR"
"ERROR","AOCR_20260217.log","2026-02-17 23:16:06.395 | ERROR | CID:N/A | ERR:EMAIL_QUEUE_ERROR | Error de configuración de base de datos.","Exception: DataAccessException","EMAIL_QUEUE_ERROR"
"ERROR","AOCR_20260217.log","2026-02-17 23:16:36.470 | ERROR | CID:N/A | ERR:EMAIL_QUEUE_ERROR | Error de configuración de base de datos.","Exception: DataAccessException","EMAIL_QUEUE_ERROR"
"ERROR","AOCR_20260217.log","2026-02-17 23:17:06.525 | ERROR | CID:N/A | ERR:EMAIL_QUEUE_ERROR | Error de configuración de base de datos.","Exception: DataAccessException","EMAIL_QUEUE_ERROR"
"ERROR","AOCR_20260217.log","2026-02-17 23:17:36.594 | ERROR | CID:N/A | ERR:EMAIL_QUEUE_ERROR | Error de configuración de base de datos.","Exception: DataAccessException","EMAIL_QUEUE_ERROR"
"ERROR","AOCR_20260217.log","2026-02-17 23:18:06.659 | ERROR | CID:N/A | ERR:EMAIL_QUEUE_ERROR | Error de configuración de base de datos.","Exception: DataAccessException","EMAIL_QUEUE_ERROR"
"ERROR","AOCR_20260217.log","2026-02-17 23:18:36.732 | ERROR | CID:N/A | ERR:EMAIL_QUEUE_ERROR | Error de configuración de base de datos.","Exception: DataAccessException","EMAIL_QUEUE_ERROR"
"ERROR","AOCR_20260217.log","2026-02-17 23:19:06.793 | ERROR | CID:N/A | ERR:EMAIL_QUEUE_ERROR | Error de configuración de base de datos.","Exception: DataAccessException","EMAIL_QUEUE_ERROR"
"ERROR","AOCR_20260217.log","2026-02-17 23:19:36.859 | ERROR | CID:N/A | ERR:EMAIL_QUEUE_ERROR | Error de configuración de base de datos.","Exception: DataAccessException","EMAIL_QUEUE_ERROR"
"ERROR","AOCR_20260217.log","2026-02-17 23:20:06.913 | ERROR | CID:N/A | ERR:EMAIL_QUEUE_ERROR | Error de configuración de base de datos.","Exception: DataAccessException","EMAIL_QUEUE_ERROR"
"ERROR","AOCR_20260217.log","2026-02-17 23:20:36.975 | ERROR | CID:N/A | ERR:EMAIL_QUEUE_ERROR | Error de configuración de base de datos.","Exception: DataAccessException","EMAIL_QUEUE_ERROR"
"ERROR","AOCR_20260217.log","2026-02-17 23:21:07.022 | ERROR | CID:N/A | ERR:EMAIL_QUEUE_ERROR | Error de configuración de base de datos.","Exception: DataAccessException","EMAIL_QUEUE_ERROR"
"ERROR","AOCR_20260217.log","2026-02-17 23:21:37.084 | ERROR | CID:N/A | ERR:EMAIL_QUEUE_ERROR | Error de configuración de base de datos.","Exception: DataAccessException","EMAIL_QUEUE_ERROR"
"ERROR","AOCR_20260217.log","2026-02-17 23:22:07.150 | ERROR | CID:N/A | ERR:EMAIL_QUEUE_ERROR | Error de configuración de base de datos.","Exception: DataAccessException","EMAIL_QUEUE_ERROR"
"ERROR","AOCR_20260217.log","2026-02-17 23:22:37.211 | ERROR | CID:N/A | ERR:EMAIL_QUEUE_ERROR | Error de configuración de base de datos.","Exception: DataAccessException","EMAIL_QUEUE_ERROR"
"ERROR","AOCR_20260217.log","2026-02-17 23:23:07.274 | ERROR | CID:N/A | ERR:EMAIL_QUEUE_ERROR | Error de configuración de base de datos.","Exception: DataAccessException","EMAIL_QUEUE_ERROR"
"ERROR","AOCR_20260217.log","2026-02-17 23:23:37.336 | ERROR | CID:N/A | ERR:EMAIL_QUEUE_ERROR | Error de configuración de base de datos.","Exception: DataAccessException","EMAIL_QUEUE_ERROR"
"ERROR","AOCR_20260217.log","2026-02-17 23:24:07.398 | ERROR | CID:N/A | ERR:EMAIL_QUEUE_ERROR | Error de configuración de base de datos.","Exception: DataAccessException","EMAIL_QUEUE_ERROR"
"ERROR","AOCR_20260217.log","2026-02-17 23:24:37.476 | ERROR | CID:N/A | ERR:EMAIL_QUEUE_ERROR | Error de configuración de base de datos.","Exception: DataAccessException","EMAIL_QUEUE_ERROR"
"ERROR","AOCR_20260217.log","2026-02-17 23:25:07.556 | ERROR | CID:N/A | ERR:EMAIL_QUEUE_ERROR | Error de configuración de base de datos.","Exception: DataAccessException","EMAIL_QUEUE_ERROR"
"ERROR","AOCR_20260217.log","2026-02-17 23:25:37.613 | ERROR | CID:N/A | ERR:EMAIL_QUEUE_ERROR | Error de configuración de base de datos.","Exception: DataAccessException","EMAIL_QUEUE_ERROR"
"ERROR","AOCR_20260217.log","2026-02-17 23:26:07.675 | ERROR | CID:N/A | ERR:EMAIL_QUEUE_ERROR | Error de configuración de base de datos.","Exception: DataAccessException","EMAIL_QUEUE_ERROR"
"ERROR","AOCR_20260217.log","2026-02-17 23:26:37.731 | ERROR | CID:N/A | ERR:EMAIL_QUEUE_ERROR | Error de configuración de base de datos.","Exception: DataAccessException","EMAIL_QUEUE_ERROR"
"ERROR","AOCR_20260217.log","2026-02-17 23:27:07.786 | ERROR | CID:N/A | ERR:EMAIL_QUEUE_ERROR | Error de configuración de base de datos.","Exception: DataAccessException","EMAIL_QUEUE_ERROR"
"ERROR","AOCR_20260217.log","2026-02-17 23:27:37.849 | ERROR | CID:N/A | ERR:EMAIL_QUEUE_ERROR | Error de configuración de base de datos.","Exception: DataAccessException","EMAIL_QUEUE_ERROR"
"ERROR","AOCR_20260217.log","2026-02-17 23:28:07.914 | ERROR | CID:N/A | ERR:EMAIL_QUEUE_ERROR | Error de configuración de base de datos.","Exception: DataAccessException","EMAIL_QUEUE_ERROR"
"ERROR","AOCR_20260217.log","2026-02-17 23:28:37.957 | ERROR | CID:N/A | ERR:EMAIL_QUEUE_ERROR | Error de configuración de base de datos.","Exception: DataAccessException","EMAIL_QUEUE_ERROR"
"ERROR","AOCR_20260217.log","2026-02-17 23:29:08.005 | ERROR | CID:N/A | ERR:EMAIL_QUEUE_ERROR | Error de configuración de base de datos.","Exception: DataAccessException","EMAIL_QUEUE_ERROR"
"ERROR","AOCR_20260217.log","2026-02-17 23:29:38.058 | ERROR | CID:N/A | ERR:EMAIL_QUEUE_ERROR | Error de configuración de base de datos.","Exception: DataAccessException","EMAIL_QUEUE_ERROR"
"ERROR","AOCR_20260217.log","2026-02-17 23:30:08.129 | ERROR | CID:N/A | ERR:EMAIL_QUEUE_ERROR | Error de configuración de base de datos.","Exception: DataAccessException","EMAIL_QUEUE_ERROR"
"ERROR","AOCR_20260217.log","2026-02-17 23:30:38.193 | ERROR | CID:N/A | ERR:EMAIL_QUEUE_ERROR | Error de configuración de base de datos.","Exception: DataAccessException","EMAIL_QUEUE_ERROR"
"ERROR","AOCR_20260217.log","2026-02-17 23:31:08.246 | ERROR | CID:N/A | ERR:EMAIL_QUEUE_ERROR | Error de configuración de base de datos.","Exception: DataAccessException","EMAIL_QUEUE_ERROR"
"ERROR","AOCR_20260217.log","2026-02-17 23:31:38.311 | ERROR | CID:N/A | ERR:EMAIL_QUEUE_ERROR | Error de configuración de base de datos.","Exception: DataAccessException","EMAIL_QUEUE_ERROR"
"ERROR","AOCR_20260217.log","2026-02-17 23:32:08.353 | ERROR | CID:N/A | ERR:EMAIL_QUEUE_ERROR | Error de configuración de base de datos.","Exception: DataAccessException","EMAIL_QUEUE_ERROR"
"ERROR","AOCR_20260217.log","2026-02-17 23:32:38.425 | ERROR | CID:N/A | ERR:EMAIL_QUEUE_ERROR | Error de configuración de base de datos.","Exception: DataAccessException","EMAIL_QUEUE_ERROR"
"ERROR","AOCR_20260217.log","2026-02-17 23:33:08.477 | ERROR | CID:N/A | ERR:EMAIL_QUEUE_ERROR | Error de configuración de base de datos.","Exception: DataAccessException","EMAIL_QUEUE_ERROR"
"ERROR","AOCR_20260217.log","2026-02-17 23:33:38.529 | ERROR | CID:N/A | ERR:EMAIL_QUEUE_ERROR | Error de configuración de base de datos.","Exception: DataAccessException","EMAIL_QUEUE_ERROR"
"ERROR","AOCR_20260217.log","2026-02-17 23:34:08.580 | ERROR | CID:N/A | ERR:EMAIL_QUEUE_ERROR | Error de configuración de base de datos.","Exception: DataAccessException","EMAIL_QUEUE_ERROR"
"ERROR","AOCR_20260217.log","2026-02-17 23:34:38.630 | ERROR | CID:N/A | ERR:EMAIL_QUEUE_ERROR | Error de configuración de base de datos.","Exception: DataAccessException","EMAIL_QUEUE_ERROR"
"ERROR","AOCR_20260217.log","2026-02-17 23:35:08.676 | ERROR | CID:N/A | ERR:EMAIL_QUEUE_ERROR | Error de configuración de base de datos.","Exception: DataAccessException","EMAIL_QUEUE_ERROR"
"ERROR","AOCR_20260217.log","2026-02-17 23:35:38.732 | ERROR | CID:N/A | ERR:EMAIL_QUEUE_ERROR | Error de configuración de base de datos.","Exception: DataAccessException","EMAIL_QUEUE_ERROR"
"ERROR","AOCR_20260217.log","2026-02-17 23:36:08.787 | ERROR | CID:N/A | ERR:EMAIL_QUEUE_ERROR | Error de configuración de base de datos.","Exception: DataAccessException","EMAIL_QUEUE_ERROR"
"ERROR","AOCR_20260217.log","2026-02-17 23:36:38.845 | ERROR | CID:N/A | ERR:EMAIL_QUEUE_ERROR | Error de configuración de base de datos.","Exception: DataAccessException","EMAIL_QUEUE_ERROR"
"ERROR","AOCR_20260217.log","2026-02-17 23:37:08.907 | ERROR | CID:N/A | ERR:EMAIL_QUEUE_ERROR | Error de configuración de base de datos.","Exception: DataAccessException","EMAIL_QUEUE_ERROR"
"ERROR","AOCR_20260217.log","2026-02-17 23:37:38.970 | ERROR | CID:N/A | ERR:EMAIL_QUEUE_ERROR | Error de configuración de base de datos.","Exception: DataAccessException","EMAIL_QUEUE_ERROR"
"ERROR","AOCR_20260217.log","2026-02-17 23:38:09.014 | ERROR | CID:N/A | ERR:EMAIL_QUEUE_ERROR | Error de configuración de base de datos.","Exception: DataAccessException","EMAIL_QUEUE_ERROR"
"ERROR","AOCR_20260217.log","2026-02-17 23:38:39.078 | ERROR | CID:N/A | ERR:EMAIL_QUEUE_ERROR | Error de configuración de base de datos.","Exception: DataAccessException","EMAIL_QUEUE_ERROR"
"ERROR","AOCR_20260217.log","2026-02-17 23:39:09.124 | ERROR | CID:N/A | ERR:EMAIL_QUEUE_ERROR | Error de configuración de base de datos.","Exception: DataAccessException","EMAIL_QUEUE_ERROR"
"ERROR","AOCR_20260217.log","2026-02-17 23:39:39.176 | ERROR | CID:N/A | ERR:EMAIL_QUEUE_ERROR | Error de configuración de base de datos.","Exception: DataAccessException","EMAIL_QUEUE_ERROR"
"ERROR","AOCR_20260217.log","2026-02-17 23:40:09.218 | ERROR | CID:N/A | ERR:EMAIL_QUEUE_ERROR | Error de configuración de base de datos.","Exception: DataAccessException","EMAIL_QUEUE_ERROR"
"ERROR","AOCR_20260217.log","2026-02-17 23:40:39.281 | ERROR | CID:N/A | ERR:EMAIL_QUEUE_ERROR | Error de configuración de base de datos.","Exception: DataAccessException","EMAIL_QUEUE_ERROR"
"ERROR","AOCR_20260217.log","2026-02-17 23:41:09.328 | ERROR | CID:N/A | ERR:EMAIL_QUEUE_ERROR | Error de configuración de base de datos.","Exception: DataAccessException","EMAIL_QUEUE_ERROR"
"ERROR","AOCR_20260217.log","2026-02-17 23:41:39.384 | ERROR | CID:N/A | ERR:EMAIL_QUEUE_ERROR | Error de configuración de base de datos.","Exception: DataAccessException","EMAIL_QUEUE_ERROR"
"ERROR","AOCR_20260217.log","2026-02-17 23:42:09.431 | ERROR | CID:N/A | ERR:EMAIL_QUEUE_ERROR | Error de configuración de base de datos.","Exception: DataAccessException","EMAIL_QUEUE_ERROR"
"ERROR","AOCR_20260217.log","2026-02-17 23:42:39.495 | ERROR | CID:N/A | ERR:EMAIL_QUEUE_ERROR | Error de configuración de base de datos.","Exception: DataAccessException","EMAIL_QUEUE_ERROR"
"ERROR","AOCR_20260217.log","2026-02-17 23:43:09.544 | ERROR | CID:N/A | ERR:EMAIL_QUEUE_ERROR | Error de configuración de base de datos.","Exception: DataAccessException","EMAIL_QUEUE_ERROR"
"ERROR","AOCR_20260217.log","2026-02-17 23:43:39.603 | ERROR | CID:N/A | ERR:EMAIL_QUEUE_ERROR | Error de configuración de base de datos.","Exception: DataAccessException","EMAIL_QUEUE_ERROR"
"ERROR","AOCR_20260217.log","2026-02-17 23:44:09.661 | ERROR | CID:N/A | ERR:EMAIL_QUEUE_ERROR | Error de configuración de base de datos.","Exception: DataAccessException","EMAIL_QUEUE_ERROR"
"ERROR","AOCR_20260217.log","2026-02-17 23:44:39.708 | ERROR | CID:N/A | ERR:EMAIL_QUEUE_ERROR | Error de configuración de base de datos.","Exception: DataAccessException","EMAIL_QUEUE_ERROR"
"ERROR","AOCR_20260217.log","2026-02-17 23:45:09.768 | ERROR | CID:N/A | ERR:EMAIL_QUEUE_ERROR | Error de configuración de base de datos.","Exception: DataAccessException","EMAIL_QUEUE_ERROR"
"ERROR","AOCR_20260217.log","2026-02-17 23:45:39.817 | ERROR | CID:N/A | ERR:EMAIL_QUEUE_ERROR | Error de configuración de base de datos.","Exception: DataAccessException","EMAIL_QUEUE_ERROR"
"ERROR","AOCR_20260217.log","2026-02-17 23:46:09.873 | ERROR | CID:N/A | ERR:EMAIL_QUEUE_ERROR | Error de configuración de base de datos.","Exception: DataAccessException","EMAIL_QUEUE_ERROR"
"ERROR","AOCR_20260217.log","2026-02-17 23:46:39.930 | ERROR | CID:N/A | ERR:EMAIL_QUEUE_ERROR | Error de configuración de base de datos.","Exception: DataAccessException","EMAIL_QUEUE_ERROR"
"ERROR","AOCR_20260217.log","2026-02-17 23:47:09.989 | ERROR | CID:N/A | ERR:EMAIL_QUEUE_ERROR | Error de configuración de base de datos.","Exception: DataAccessException","EMAIL_QUEUE_ERROR"
"ERROR","AOCR_20260217.log","2026-02-17 23:47:40.045 | ERROR | CID:N/A | ERR:EMAIL_QUEUE_ERROR | Error de configuración de base de datos.","Exception: DataAccessException","EMAIL_QUEUE_ERROR"
"ERROR","AOCR_20260217.log","2026-02-17 23:48:10.099 | ERROR | CID:N/A | ERR:EMAIL_QUEUE_ERROR | Error de configuración de base de datos.","Exception: DataAccessException","EMAIL_QUEUE_ERROR"
"ERROR","AOCR_20260217.log","2026-02-17 23:48:40.151 | ERROR | CID:N/A | ERR:EMAIL_QUEUE_ERROR | Error de configuración de base de datos.","Exception: DataAccessException","EMAIL_QUEUE_ERROR"
"ERROR","AOCR_20260217.log","2026-02-17 23:49:10.206 | ERROR | CID:N/A | ERR:EMAIL_QUEUE_ERROR | Error de configuración de base de datos.","Exception: DataAccessException","EMAIL_QUEUE_ERROR"
"ERROR","AOCR_20260217.log","2026-02-17 23:49:40.275 | ERROR | CID:N/A | ERR:EMAIL_QUEUE_ERROR | Error de configuración de base de datos.","Exception: DataAccessException","EMAIL_QUEUE_ERROR"
"ERROR","AOCR_20260217.log","2026-02-17 23:50:10.335 | ERROR | CID:N/A | ERR:EMAIL_QUEUE_ERROR | Error de configuración de base de datos.","Exception: DataAccessException","EMAIL_QUEUE_ERROR"
"ERROR","AOCR_20260217.log","2026-02-17 23:50:40.388 | ERROR | CID:N/A | ERR:EMAIL_QUEUE_ERROR | Error de configuración de base de datos.","Exception: DataAccessException","EMAIL_QUEUE_ERROR"
"ERROR","AOCR_20260217.log","2026-02-17 23:51:10.436 | ERROR | CID:N/A | ERR:EMAIL_QUEUE_ERROR | Error de configuración de base de datos.","Exception: DataAccessException","EMAIL_QUEUE_ERROR"
"ERROR","AOCR_20260217.log","2026-02-17 23:51:40.493 | ERROR | CID:N/A | ERR:EMAIL_QUEUE_ERROR | Error de configuración de base de datos.","Exception: DataAccessException","EMAIL_QUEUE_ERROR"
"ERROR","AOCR_20260217.log","2026-02-17 23:52:10.552 | ERROR | CID:N/A | ERR:EMAIL_QUEUE_ERROR | Error de configuración de base de datos.","Exception: DataAccessException","EMAIL_QUEUE_ERROR"
"ERROR","AOCR_20260217.log","2026-02-17 23:52:40.607 | ERROR | CID:N/A | ERR:EMAIL_QUEUE_ERROR | Error de configuración de base de datos.","Exception: DataAccessException","EMAIL_QUEUE_ERROR"
"ERROR","AOCR_20260217.log","2026-02-17 23:53:10.662 | ERROR | CID:N/A | ERR:EMAIL_QUEUE_ERROR | Error de configuración de base de datos.","Exception: DataAccessException","EMAIL_QUEUE_ERROR"
"ERROR","AOCR_20260217.log","2026-02-17 23:53:40.715 | ERROR | CID:N/A | ERR:EMAIL_QUEUE_ERROR | Error de configuración de base de datos.","Exception: DataAccessException","EMAIL_QUEUE_ERROR"
"ERROR","AOCR_20260217.log","2026-02-17 23:54:10.771 | ERROR | CID:N/A | ERR:EMAIL_QUEUE_ERROR | Error de configuración de base de datos.","Exception: DataAccessException","EMAIL_QUEUE_ERROR"
"ERROR","AOCR_20260217.log","2026-02-17 23:54:40.826 | ERROR | CID:N/A | ERR:EMAIL_QUEUE_ERROR | Error de configuración de base de datos.","Exception: DataAccessException","EMAIL_QUEUE_ERROR"
"ERROR","AOCR_20260217.log","2026-02-17 23:55:10.877 | ERROR | CID:N/A | ERR:EMAIL_QUEUE_ERROR | Error de configuración de base de datos.","Exception: DataAccessException","EMAIL_QUEUE_ERROR"
"ERROR","AOCR_20260217.log","2026-02-17 23:55:40.920 | ERROR | CID:N/A | ERR:EMAIL_QUEUE_ERROR | Error de configuración de base de datos.","Exception: DataAccessException","EMAIL_QUEUE_ERROR"
"ERROR","AOCR_20260217.log","2026-02-17 23:56:10.975 | ERROR | CID:N/A | ERR:EMAIL_QUEUE_ERROR | Error de configuración de base de datos.","Exception: DataAccessException","EMAIL_QUEUE_ERROR"
"ERROR","AOCR_20260217.log","2026-02-17 23:56:41.027 | ERROR | CID:N/A | ERR:EMAIL_QUEUE_ERROR | Error de configuración de base de datos.","Exception: DataAccessException","EMAIL_QUEUE_ERROR"
"ERROR","AOCR_20260217.log","2026-02-17 23:57:11.078 | ERROR | CID:N/A | ERR:EMAIL_QUEUE_ERROR | Error de configuración de base de datos.","Exception: DataAccessException","EMAIL_QUEUE_ERROR"
"ERROR","AOCR_20260217.log","2026-02-17 23:57:41.145 | ERROR | CID:N/A | ERR:EMAIL_QUEUE_ERROR | Error de configuración de base de datos.","Exception: DataAccessException","EMAIL_QUEUE_ERROR"
"ERROR","AOCR_20260217.log","2026-02-17 23:58:11.203 | ERROR | CID:N/A | ERR:EMAIL_QUEUE_ERROR | Error de configuración de base de datos.","Exception: DataAccessException","EMAIL_QUEUE_ERROR"
"ERROR","AOCR_20260217.log","2026-02-17 23:58:41.271 | ERROR | CID:N/A | ERR:EMAIL_QUEUE_ERROR | Error de configuración de base de datos.","Exception: DataAccessException","EMAIL_QUEUE_ERROR"
"ERROR","AOCR_20260217.log","2026-02-17 23:59:11.334 | ERROR | CID:N/A | ERR:EMAIL_QUEUE_ERROR | Error de configuración de base de datos.","Exception: DataAccessException","EMAIL_QUEUE_ERROR"
"ERROR","AOCR_20260217.log","2026-02-17 23:59:41.398 | ERROR | CID:N/A | ERR:EMAIL_QUEUE_ERROR | Error de configuración de base de datos.","Exception: DataAccessException","EMAIL_QUEUE_ERROR"
"ERROR","AOCR_20260218.log","2026-02-18 00:00:11.458 | ERROR | CID:N/A | ERR:EMAIL_QUEUE_ERROR | Error de configuración de base de datos.","Exception: DataAccessException","EMAIL_QUEUE_ERROR"
"ERROR","AOCR_20260218.log","2026-02-18 00:00:41.527 | ERROR | CID:N/A | ERR:EMAIL_QUEUE_ERROR | Error de configuración de base de datos.","Exception: DataAccessException","EMAIL_QUEUE_ERROR"
"ERROR","AOCR_20260218.log","2026-02-18 00:01:11.598 | ERROR | CID:N/A | ERR:EMAIL_QUEUE_ERROR | Error de configuración de base de datos.","Exception: DataAccessException","EMAIL_QUEUE_ERROR"
"ERROR","AOCR_20260218.log","2026-02-18 00:01:41.662 | ERROR | CID:N/A | ERR:EMAIL_QUEUE_ERROR | Error de configuración de base de datos.","Exception: DataAccessException","EMAIL_QUEUE_ERROR"
"ERROR","AOCR_20260218.log","2026-02-18 00:02:11.725 | ERROR | CID:N/A | ERR:EMAIL_QUEUE_ERROR | Error de configuración de base de datos.","Exception: DataAccessException","EMAIL_QUEUE_ERROR"
"ERROR","AOCR_20260218.log","2026-02-18 00:02:41.782 | ERROR | CID:N/A | ERR:EMAIL_QUEUE_ERROR | Error de configuración de base de datos.","Exception: DataAccessException","EMAIL_QUEUE_ERROR"
"ERROR","AOCR_20260218.log","2026-02-18 00:03:11.832 | ERROR | CID:N/A | ERR:EMAIL_QUEUE_ERROR | Error de configuración de base de datos.","Exception: DataAccessException","EMAIL_QUEUE_ERROR"
"ERROR","AOCR_20260218.log","2026-02-18 00:03:41.889 | ERROR | CID:N/A | ERR:EMAIL_QUEUE_ERROR | Error de configuración de base de datos.","Exception: DataAccessException","EMAIL_QUEUE_ERROR"
"ERROR","AOCR_20260218.log","2026-02-18 00:04:11.960 | ERROR | CID:N/A | ERR:EMAIL_QUEUE_ERROR | Error de configuración de base de datos.","Exception: DataAccessException","EMAIL_QUEUE_ERROR"
"ERROR","AOCR_20260218.log","2026-02-18 00:04:42.033 | ERROR | CID:N/A | ERR:EMAIL_QUEUE_ERROR | Error de configuración de base de datos.","Exception: DataAccessException","EMAIL_QUEUE_ERROR"
"ERROR","AOCR_20260218.log","2026-02-18 00:05:12.081 | ERROR | CID:N/A | ERR:EMAIL_QUEUE_ERROR | Error de configuración de base de datos.","Exception: DataAccessException","EMAIL_QUEUE_ERROR"
"ERROR","AOCR_20260218.log","2026-02-18 00:05:42.151 | ERROR | CID:N/A | ERR:EMAIL_QUEUE_ERROR | Error de configuración de base de datos.","Exception: DataAccessException","EMAIL_QUEUE_ERROR"
"ERROR","AOCR_20260218.log","2026-02-18 00:06:12.216 | ERROR | CID:N/A | ERR:EMAIL_QUEUE_ERROR | Error de configuración de base de datos.","Exception: DataAccessException","EMAIL_QUEUE_ERROR"
"ERROR","AOCR_20260218.log","2026-02-18 00:06:42.283 | ERROR | CID:N/A | ERR:EMAIL_QUEUE_ERROR | Error de configuración de base de datos.","Exception: DataAccessException","EMAIL_QUEUE_ERROR"
"ERROR","AOCR_20260218.log","2026-02-18 00:07:12.349 | ERROR | CID:N/A | ERR:EMAIL_QUEUE_ERROR | Error de configuración de base de datos.","Exception: DataAccessException","EMAIL_QUEUE_ERROR"
"ERROR","AOCR_20260218.log","2026-02-18 00:07:42.399 | ERROR | CID:N/A | ERR:EMAIL_QUEUE_ERROR | Error de configuración de base de datos.","Exception: DataAccessException","EMAIL_QUEUE_ERROR"
"ERROR","AOCR_20260218.log","2026-02-18 00:08:12.455 | ERROR | CID:N/A | ERR:EMAIL_QUEUE_ERROR | Error de configuración de base de datos.","Exception: DataAccessException","EMAIL_QUEUE_ERROR"
"ERROR","AOCR_20260218.log","2026-02-18 00:08:42.517 | ERROR | CID:N/A | ERR:EMAIL_QUEUE_ERROR | Error de configuración de base de datos.","Exception: DataAccessException","EMAIL_QUEUE_ERROR"
"ERROR","AOCR_20260218.log","2026-02-18 00:09:12.573 | ERROR | CID:N/A | ERR:EMAIL_QUEUE_ERROR | Error de configuración de base de datos.","Exception: DataAccessException","EMAIL_QUEUE_ERROR"
"ERROR","AOCR_20260218.log","2026-02-18 00:09:42.644 | ERROR | CID:N/A | ERR:EMAIL_QUEUE_ERROR | Error de configuración de base de datos.","Exception: DataAccessException","EMAIL_QUEUE_ERROR"
"ERROR","AOCR_20260218.log","2026-02-18 00:10:12.695 | ERROR | CID:N/A | ERR:EMAIL_QUEUE_ERROR | Error de configuración de base de datos.","Exception: DataAccessException","EMAIL_QUEUE_ERROR"
"ERROR","AOCR_20260218.log","2026-02-18 00:10:42.761 | ERROR | CID:N/A | ERR:EMAIL_QUEUE_ERROR | Error de configuración de base de datos.","Exception: DataAccessException","EMAIL_QUEUE_ERROR"
"ERROR","AOCR_20260218.log","2026-02-18 00:11:12.816 | ERROR | CID:N/A | ERR:EMAIL_QUEUE_ERROR | Error de configuración de base de datos.","Exception: DataAccessException","EMAIL_QUEUE_ERROR"
"ERROR","AOCR_20260218.log","2026-02-18 00:11:42.866 | ERROR | CID:N/A | ERR:EMAIL_QUEUE_ERROR | Error de configuración de base de datos.","Exception: DataAccessException","EMAIL_QUEUE_ERROR"
"ERROR","AOCR_20260218.log","2026-02-18 00:12:12.931 | ERROR | CID:N/A | ERR:EMAIL_QUEUE_ERROR | Error de configuración de base de datos.","Exception: DataAccessException","EMAIL_QUEUE_ERROR"
"ERROR","AOCR_20260218.log","2026-02-18 00:12:42.979 | ERROR | CID:N/A | ERR:EMAIL_QUEUE_ERROR | Error de configuración de base de datos.","Exception: DataAccessException","EMAIL_QUEUE_ERROR"
"ERROR","AOCR_20260218.log","2026-02-18 00:13:13.035 | ERROR | CID:N/A | ERR:EMAIL_QUEUE_ERROR | Error de configuración de base de datos.","Exception: DataAccessException","EMAIL_QUEUE_ERROR"
"ERROR","AOCR_20260218.log","2026-02-18 00:13:43.084 | ERROR | CID:N/A | ERR:EMAIL_QUEUE_ERROR | Error de configuración de base de datos.","Exception: DataAccessException","EMAIL_QUEUE_ERROR"
"ERROR","AOCR_20260218.log","2026-02-18 00:14:13.149 | ERROR | CID:N/A | ERR:EMAIL_QUEUE_ERROR | Error de configuración de base de datos.","Exception: DataAccessException","EMAIL_QUEUE_ERROR"
"ERROR","AOCR_20260218.log","2026-02-18 00:14:43.201 | ERROR | CID:N/A | ERR:EMAIL_QUEUE_ERROR | Error de configuración de base de datos.","Exception: DataAccessException","EMAIL_QUEUE_ERROR"
"ERROR","AOCR_20260218.log","2026-02-18 00:15:13.264 | ERROR | CID:N/A | ERR:EMAIL_QUEUE_ERROR | Error de configuración de base de datos.","Exception: DataAccessException","EMAIL_QUEUE_ERROR"
"ERROR","AOCR_20260218.log","2026-02-18 00:15:43.320 | ERROR | CID:N/A | ERR:EMAIL_QUEUE_ERROR | Error de configuración de base de datos.","Exception: DataAccessException","EMAIL_QUEUE_ERROR"
"ERROR","AOCR_20260218.log","2026-02-18 00:16:13.388 | ERROR | CID:N/A | ERR:EMAIL_QUEUE_ERROR | Error de configuración de base de datos.","Exception: DataAccessException","EMAIL_QUEUE_ERROR"
"ERROR","AOCR_20260218.log","2026-02-18 00:16:43.446 | ERROR | CID:N/A | ERR:EMAIL_QUEUE_ERROR | Error de configuración de base de datos.","Exception: DataAccessException","EMAIL_QUEUE_ERROR"
"ERROR","AOCR_20260218.log","2026-02-18 00:17:13.518 | ERROR | CID:N/A | ERR:EMAIL_QUEUE_ERROR | Error de configuración de base de datos.","Exception: DataAccessException","EMAIL_QUEUE_ERROR"
"ERROR","AOCR_20260218.log","2026-02-18 00:17:43.569 | ERROR | CID:N/A | ERR:EMAIL_QUEUE_ERROR | Error de configuración de base de datos.","Exception: DataAccessException","EMAIL_QUEUE_ERROR"
"ERROR","AOCR_20260218.log","2026-02-18 00:18:13.627 | ERROR | CID:N/A | ERR:EMAIL_QUEUE_ERROR | Error de configuración de base de datos.","Exception: DataAccessException","EMAIL_QUEUE_ERROR"
"ERROR","AOCR_20260218.log","2026-02-18 00:18:43.682 | ERROR | CID:N/A | ERR:EMAIL_QUEUE_ERROR | Error de configuración de base de datos.","Exception: DataAccessException","EMAIL_QUEUE_ERROR"
"ERROR","AOCR_20260218.log","2026-02-18 00:19:13.743 | ERROR | CID:N/A | ERR:EMAIL_QUEUE_ERROR | Error de configuración de base de datos.","Exception: DataAccessException","EMAIL_QUEUE_ERROR"
"ERROR","AOCR_20260218.log","2026-02-18 00:19:43.800 | ERROR | CID:N/A | ERR:EMAIL_QUEUE_ERROR | Error de configuración de base de datos.","Exception: DataAccessException","EMAIL_QUEUE_ERROR"
"ERROR","AOCR_20260218.log","2026-02-18 00:20:13.863 | ERROR | CID:N/A | ERR:EMAIL_QUEUE_ERROR | Error de configuración de base de datos.","Exception: DataAccessException","EMAIL_QUEUE_ERROR"
"ERROR","AOCR_20260218.log","2026-02-18 00:20:43.919 | ERROR | CID:N/A | ERR:EMAIL_QUEUE_ERROR | Error de configuración de base de datos.","Exception: DataAccessException","EMAIL_QUEUE_ERROR"
"ERROR","AOCR_20260218.log","2026-02-18 00:21:13.979 | ERROR | CID:N/A | ERR:EMAIL_QUEUE_ERROR | Error de configuración de base de datos.","Exception: DataAccessException","EMAIL_QUEUE_ERROR"
"ERROR","AOCR_20260218.log","2026-02-18 00:21:44.034 | ERROR | CID:N/A | ERR:EMAIL_QUEUE_ERROR | Error de configuración de base de datos.","Exception: DataAccessException","EMAIL_QUEUE_ERROR"
"ERROR","AOCR_20260218.log","2026-02-18 00:22:14.094 | ERROR | CID:N/A | ERR:EMAIL_QUEUE_ERROR | Error de configuración de base de datos.","Exception: DataAccessException","EMAIL_QUEUE_ERROR"
"ERROR","AOCR_20260218.log","2026-02-18 00:22:44.150 | ERROR | CID:N/A | ERR:EMAIL_QUEUE_ERROR | Error de configuración de base de datos.","Exception: DataAccessException","EMAIL_QUEUE_ERROR"
"ERROR","AOCR_20260218.log","2026-02-18 00:23:14.214 | ERROR | CID:N/A | ERR:EMAIL_QUEUE_ERROR | Error de configuración de base de datos.","Exception: DataAccessException","EMAIL_QUEUE_ERROR"
"ERROR","AOCR_20260218.log","2026-02-18 00:23:44.281 | ERROR | CID:N/A | ERR:EMAIL_QUEUE_ERROR | Error de configuración de base de datos.","Exception: DataAccessException","EMAIL_QUEUE_ERROR"
"ERROR","AOCR_20260218.log","2026-02-18 00:24:14.341 | ERROR | CID:N/A | ERR:EMAIL_QUEUE_ERROR | Error de configuración de base de datos.","Exception: DataAccessException","EMAIL_QUEUE_ERROR"
"ERROR","AOCR_20260218.log","2026-02-18 00:24:44.415 | ERROR | CID:N/A | ERR:EMAIL_QUEUE_ERROR | Error de configuración de base de datos.","Exception: DataAccessException","EMAIL_QUEUE_ERROR"
"ERROR","AOCR_20260218.log","2026-02-18 00:25:14.483 | ERROR | CID:N/A | ERR:EMAIL_QUEUE_ERROR | Error de configuración de base de datos.","Exception: DataAccessException","EMAIL_QUEUE_ERROR"
"ERROR","AOCR_20260218.log","2026-02-18 00:25:44.535 | ERROR | CID:N/A | ERR:EMAIL_QUEUE_ERROR | Error de configuración de base de datos.","Exception: DataAccessException","EMAIL_QUEUE_ERROR"
"ERROR","AOCR_20260218.log","2026-02-18 00:26:14.581 | ERROR | CID:N/A | ERR:EMAIL_QUEUE_ERROR | Error de configuración de base de datos.","Exception: DataAccessException","EMAIL_QUEUE_ERROR"
"ERROR","AOCR_20260218.log","2026-02-18 00:26:44.637 | ERROR | CID:N/A | ERR:EMAIL_QUEUE_ERROR | Error de configuración de base de datos.","Exception: DataAccessException","EMAIL_QUEUE_ERROR"
"ERROR","AOCR_20260218.log","2026-02-18 00:27:14.692 | ERROR | CID:N/A | ERR:EMAIL_QUEUE_ERROR | Error de configuración de base de datos.","Exception: DataAccessException","EMAIL_QUEUE_ERROR"
"ERROR","AOCR_20260218.log","2026-02-18 00:27:44.746 | ERROR | CID:N/A | ERR:EMAIL_QUEUE_ERROR | Error de configuración de base de datos.","Exception: DataAccessException","EMAIL_QUEUE_ERROR"
"ERROR","AOCR_20260218.log","2026-02-18 00:28:14.803 | ERROR | CID:N/A | ERR:EMAIL_QUEUE_ERROR | Error de configuración de base de datos.","Exception: DataAccessException","EMAIL_QUEUE_ERROR"
"ERROR","AOCR_20260218.log","2026-02-18 00:28:44.873 | ERROR | CID:N/A | ERR:EMAIL_QUEUE_ERROR | Error de configuración de base de datos.","Exception: DataAccessException","EMAIL_QUEUE_ERROR"
"ERROR","AOCR_20260218.log","2026-02-18 00:29:14.938 | ERROR | CID:N/A | ERR:EMAIL_QUEUE_ERROR | Error de configuración de base de datos.","Exception: DataAccessException","EMAIL_QUEUE_ERROR"
"ERROR","AOCR_20260218.log","2026-02-18 00:29:44.999 | ERROR | CID:N/A | ERR:EMAIL_QUEUE_ERROR | Error de configuración de base de datos.","Exception: DataAccessException","EMAIL_QUEUE_ERROR"
"ERROR","AOCR_20260218.log","2026-02-18 00:30:15.056 | ERROR | CID:N/A | ERR:EMAIL_QUEUE_ERROR | Error de configuración de base de datos.","Exception: DataAccessException","EMAIL_QUEUE_ERROR"
"ERROR","AOCR_20260218.log","2026-02-18 00:30:45.121 | ERROR | CID:N/A | ERR:EMAIL_QUEUE_ERROR | Error de configuración de base de datos.","Exception: DataAccessException","EMAIL_QUEUE_ERROR"
"ERROR","AOCR_20260218.log","2026-02-18 00:31:15.188 | ERROR | CID:N/A | ERR:EMAIL_QUEUE_ERROR | Error de configuración de base de datos.","Exception: DataAccessException","EMAIL_QUEUE_ERROR"
"ERROR","AOCR_20260218.log","2026-02-18 00:31:45.255 | ERROR | CID:N/A | ERR:EMAIL_QUEUE_ERROR | Error de configuración de base de datos.","Exception: DataAccessException","EMAIL_QUEUE_ERROR"
"ERROR","AOCR_20260218.log","2026-02-18 00:32:15.313 | ERROR | CID:N/A | ERR:EMAIL_QUEUE_ERROR | Error de configuración de base de datos.","Exception: DataAccessException","EMAIL_QUEUE_ERROR"
"ERROR","AOCR_20260218.log","2026-02-18 00:32:45.371 | ERROR | CID:N/A | ERR:EMAIL_QUEUE_ERROR | Error de configuración de base de datos.","Exception: DataAccessException","EMAIL_QUEUE_ERROR"
"ERROR","AOCR_20260218.log","2026-02-18 00:33:15.431 | ERROR | CID:N/A | ERR:EMAIL_QUEUE_ERROR | Error de configuración de base de datos.","Exception: DataAccessException","EMAIL_QUEUE_ERROR"
"ERROR","AOCR_20260218.log","2026-02-18 00:33:45.491 | ERROR | CID:N/A | ERR:EMAIL_QUEUE_ERROR | Error de configuración de base de datos.","Exception: DataAccessException","EMAIL_QUEUE_ERROR"
"ERROR","AOCR_20260218.log","2026-02-18 00:34:15.546 | ERROR | CID:N/A | ERR:EMAIL_QUEUE_ERROR | Error de configuración de base de datos.","Exception: DataAccessException","EMAIL_QUEUE_ERROR"
"ERROR","AOCR_20260218.log","2026-02-18 00:34:45.610 | ERROR | CID:N/A | ERR:EMAIL_QUEUE_ERROR | Error de configuración de base de datos.","Exception: DataAccessException","EMAIL_QUEUE_ERROR"
"ERROR","AOCR_20260218.log","2026-02-18 00:35:15.664 | ERROR | CID:N/A | ERR:EMAIL_QUEUE_ERROR | Error de configuración de base de datos.","Exception: DataAccessException","EMAIL_QUEUE_ERROR"
"ERROR","AOCR_20260218.log","2026-02-18 00:35:45.721 | ERROR | CID:N/A | ERR:EMAIL_QUEUE_ERROR | Error de configuración de base de datos.","Exception: DataAccessException","EMAIL_QUEUE_ERROR"
"ERROR","AOCR_20260218.log","2026-02-18 00:36:15.785 | ERROR | CID:N/A | ERR:EMAIL_QUEUE_ERROR | Error de configuración de base de datos.","Exception: DataAccessException","EMAIL_QUEUE_ERROR"
"ERROR","AOCR_20260218.log","2026-02-18 00:36:45.849 | ERROR | CID:N/A | ERR:EMAIL_QUEUE_ERROR | Error de configuración de base de datos.","Exception: DataAccessException","EMAIL_QUEUE_ERROR"
"ERROR","AOCR_20260218.log","2026-02-18 00:37:15.906 | ERROR | CID:N/A | ERR:EMAIL_QUEUE_ERROR | Error de configuración de base de datos.","Exception: DataAccessException","EMAIL_QUEUE_ERROR"
"ERROR","AOCR_20260218.log","2026-02-18 00:37:45.960 | ERROR | CID:N/A | ERR:EMAIL_QUEUE_ERROR | Error de configuración de base de datos.","Exception: DataAccessException","EMAIL_QUEUE_ERROR"
"ERROR","AOCR_20260218.log","2026-02-18 00:38:16.017 | ERROR | CID:N/A | ERR:EMAIL_QUEUE_ERROR | Error de configuración de base de datos.","Exception: DataAccessException","EMAIL_QUEUE_ERROR"
"ERROR","AOCR_20260218.log","2026-02-18 00:38:46.078 | ERROR | CID:N/A | ERR:EMAIL_QUEUE_ERROR | Error de configuración de base de datos.","Exception: DataAccessException","EMAIL_QUEUE_ERROR"
"ERROR","AOCR_20260218.log","2026-02-18 00:39:16.135 | ERROR | CID:N/A | ERR:EMAIL_QUEUE_ERROR | Error de configuración de base de datos.","Exception: DataAccessException","EMAIL_QUEUE_ERROR"
"ERROR","AOCR_20260218.log","2026-02-18 00:39:46.184 | ERROR | CID:N/A | ERR:EMAIL_QUEUE_ERROR | Error de configuración de base de datos.","Exception: DataAccessException","EMAIL_QUEUE_ERROR"
"ERROR","AOCR_20260218.log","2026-02-18 00:40:16.242 | ERROR | CID:N/A | ERR:EMAIL_QUEUE_ERROR | Error de configuración de base de datos.","Exception: DataAccessException","EMAIL_QUEUE_ERROR"
"ERROR","AOCR_20260218.log","2026-02-18 00:40:46.303 | ERROR | CID:N/A | ERR:EMAIL_QUEUE_ERROR | Error de configuración de base de datos.","Exception: DataAccessException","EMAIL_QUEUE_ERROR"
"ERROR","AOCR_20260218.log","2026-02-18 00:41:16.354 | ERROR | CID:N/A | ERR:EMAIL_QUEUE_ERROR | Error de configuración de base de datos.","Exception: DataAccessException","EMAIL_QUEUE_ERROR"
"ERROR","AOCR_20260218.log","2026-02-18 00:41:46.399 | ERROR | CID:N/A | ERR:EMAIL_QUEUE_ERROR | Error de configuración de base de datos.","Exception: DataAccessException","EMAIL_QUEUE_ERROR"
"ERROR","AOCR_20260218.log","2026-02-18 00:42:16.460 | ERROR | CID:N/A | ERR:EMAIL_QUEUE_ERROR | Error de configuración de base de datos.","Exception: DataAccessException","EMAIL_QUEUE_ERROR"
"ERROR","AOCR_20260218.log","2026-02-18 00:42:46.538 | ERROR | CID:N/A | ERR:EMAIL_QUEUE_ERROR | Error de configuración de base de datos.","Exception: DataAccessException","EMAIL_QUEUE_ERROR"
"ERROR","AOCR_20260218.log","2026-02-18 00:43:16.600 | ERROR | CID:N/A | ERR:EMAIL_QUEUE_ERROR | Error de configuración de base de datos.","Exception: DataAccessException","EMAIL_QUEUE_ERROR"
"ERROR","AOCR_20260218.log","2026-02-18 00:43:46.661 | ERROR | CID:N/A | ERR:EMAIL_QUEUE_ERROR | Error de configuración de base de datos.","Exception: DataAccessException","EMAIL_QUEUE_ERROR"
"ERROR","AOCR_20260218.log","2026-02-18 00:44:16.717 | ERROR | CID:N/A | ERR:EMAIL_QUEUE_ERROR | Error de configuración de base de datos.","Exception: DataAccessException","EMAIL_QUEUE_ERROR"
"ERROR","AOCR_20260218.log","2026-02-18 00:44:46.790 | ERROR | CID:N/A | ERR:EMAIL_QUEUE_ERROR | Error de configuración de base de datos.","Exception: DataAccessException","EMAIL_QUEUE_ERROR"
"ERROR","AOCR_20260218.log","2026-02-18 00:45:16.846 | ERROR | CID:N/A | ERR:EMAIL_QUEUE_ERROR | Error de configuración de base de datos.","Exception: DataAccessException","EMAIL_QUEUE_ERROR"
"ERROR","AOCR_20260218.log","2026-02-18 00:45:46.906 | ERROR | CID:N/A | ERR:EMAIL_QUEUE_ERROR | Error de configuración de base de datos.","Exception: DataAccessException","EMAIL_QUEUE_ERROR"
"ERROR","AOCR_20260218.log","2026-02-18 00:46:16.956 | ERROR | CID:N/A | ERR:EMAIL_QUEUE_ERROR | Error de configuración de base de datos.","Exception: DataAccessException","EMAIL_QUEUE_ERROR"
"ERROR","AOCR_20260218.log","2026-02-18 00:46:47.000 | ERROR | CID:N/A | ERR:EMAIL_QUEUE_ERROR | Error de configuración de base de datos.","Exception: DataAccessException","EMAIL_QUEUE_ERROR"
"ERROR","AOCR_20260218.log","2026-02-18 00:47:17.056 | ERROR | CID:N/A | ERR:EMAIL_QUEUE_ERROR | Error de configuración de base de datos.","Exception: DataAccessException","EMAIL_QUEUE_ERROR"
"ERROR","AOCR_20260218.log","2026-02-18 00:47:47.115 | ERROR | CID:N/A | ERR:EMAIL_QUEUE_ERROR | Error de configuración de base de datos.","Exception: DataAccessException","EMAIL_QUEUE_ERROR"
"ERROR","AOCR_20260218.log","2026-02-18 00:48:17.178 | ERROR | CID:N/A | ERR:EMAIL_QUEUE_ERROR | Error de configuración de base de datos.","Exception: DataAccessException","EMAIL_QUEUE_ERROR"
"ERROR","AOCR_20260218.log","2026-02-18 00:48:47.236 | ERROR | CID:N/A | ERR:EMAIL_QUEUE_ERROR | Error de configuración de base de datos.","Exception: DataAccessException","EMAIL_QUEUE_ERROR"
"ERROR","AOCR_20260218.log","2026-02-18 00:49:17.303 | ERROR | CID:N/A | ERR:EMAIL_QUEUE_ERROR | Error de configuración de base de datos.","Exception: DataAccessException","EMAIL_QUEUE_ERROR"
"ERROR","AOCR_20260218.log","2026-02-18 00:49:47.381 | ERROR | CID:N/A | ERR:EMAIL_QUEUE_ERROR | Error de configuración de base de datos.","Exception: DataAccessException","EMAIL_QUEUE_ERROR"
"ERROR","AOCR_20260218.log","2026-02-18 00:50:17.432 | ERROR | CID:N/A | ERR:EMAIL_QUEUE_ERROR | Error de configuración de base de datos.","Exception: DataAccessException","EMAIL_QUEUE_ERROR"
"ERROR","AOCR_20260218.log","2026-02-18 00:50:47.492 | ERROR | CID:N/A | ERR:EMAIL_QUEUE_ERROR | Error de configuración de base de datos.","Exception: DataAccessException","EMAIL_QUEUE_ERROR"
"ERROR","AOCR_20260218.log","2026-02-18 00:51:17.549 | ERROR | CID:N/A | ERR:EMAIL_QUEUE_ERROR | Error de configuración de base de datos.","Exception: DataAccessException","EMAIL_QUEUE_ERROR"
"ERROR","AOCR_20260218.log","2026-02-18 00:51:47.610 | ERROR | CID:N/A | ERR:EMAIL_QUEUE_ERROR | Error de configuración de base de datos.","Exception: DataAccessException","EMAIL_QUEUE_ERROR"
"ERROR","AOCR_20260218.log","2026-02-18 00:52:17.670 | ERROR | CID:N/A | ERR:EMAIL_QUEUE_ERROR | Error de configuración de base de datos.","Exception: DataAccessException","EMAIL_QUEUE_ERROR"
"ERROR","AOCR_20260218.log","2026-02-18 00:52:47.736 | ERROR | CID:N/A | ERR:EMAIL_QUEUE_ERROR | Error de configuración de base de datos.","Exception: DataAccessException","EMAIL_QUEUE_ERROR"
"ERROR","AOCR_20260218.log","2026-02-18 00:53:17.797 | ERROR | CID:N/A | ERR:EMAIL_QUEUE_ERROR | Error de configuración de base de datos.","Exception: DataAccessException","EMAIL_QUEUE_ERROR"
"ERROR","AOCR_20260218.log","2026-02-18 00:53:47.854 | ERROR | CID:N/A | ERR:EMAIL_QUEUE_ERROR | Error de configuración de base de datos.","Exception: DataAccessException","EMAIL_QUEUE_ERROR"
"ERROR","AOCR_20260218.log","2026-02-18 00:54:17.909 | ERROR | CID:N/A | ERR:EMAIL_QUEUE_ERROR | Error de configuración de base de datos.","Exception: DataAccessException","EMAIL_QUEUE_ERROR"
"ERROR","AOCR_20260218.log","2026-02-18 00:54:47.970 | ERROR | CID:N/A | ERR:EMAIL_QUEUE_ERROR | Error de configuración de base de datos.","Exception: DataAccessException","EMAIL_QUEUE_ERROR"
"ERROR","AOCR_20260218.log","2026-02-18 00:55:18.017 | ERROR | CID:N/A | ERR:EMAIL_QUEUE_ERROR | Error de configuración de base de datos.","Exception: DataAccessException","EMAIL_QUEUE_ERROR"
"ERROR","AOCR_20260218.log","2026-02-18 00:55:48.074 | ERROR | CID:N/A | ERR:EMAIL_QUEUE_ERROR | Error de configuración de base de datos.","Exception: DataAccessException","EMAIL_QUEUE_ERROR"
"ERROR","AOCR_20260218.log","2026-02-18 00:56:18.126 | ERROR | CID:N/A | ERR:EMAIL_QUEUE_ERROR | Error de configuración de base de datos.","Exception: DataAccessException","EMAIL_QUEUE_ERROR"
"ERROR","AOCR_20260218.log","2026-02-18 00:56:48.194 | ERROR | CID:N/A | ERR:EMAIL_QUEUE_ERROR | Error de configuración de base de datos.","Exception: DataAccessException","EMAIL_QUEUE_ERROR"
"ERROR","AOCR_20260218.log","2026-02-18 00:57:18.262 | ERROR | CID:N/A | ERR:EMAIL_QUEUE_ERROR | Error de configuración de base de datos.","Exception: DataAccessException","EMAIL_QUEUE_ERROR"
"ERROR","AOCR_20260218.log","2026-02-18 00:57:48.326 | ERROR | CID:N/A | ERR:EMAIL_QUEUE_ERROR | Error de configuración de base de datos.","Exception: DataAccessException","EMAIL_QUEUE_ERROR"
"ERROR","AOCR_20260218.log","2026-02-18 00:58:18.390 | ERROR | CID:N/A | ERR:EMAIL_QUEUE_ERROR | Error de configuración de base de datos.","Exception: DataAccessException","EMAIL_QUEUE_ERROR"
"ERROR","AOCR_20260218.log","2026-02-18 00:58:48.446 | ERROR | CID:N/A | ERR:EMAIL_QUEUE_ERROR | Error de configuración de base de datos.","Exception: DataAccessException","EMAIL_QUEUE_ERROR"
"ERROR","AOCR_20260218.log","2026-02-18 00:59:18.521 | ERROR | CID:N/A | ERR:EMAIL_QUEUE_ERROR | Error de configuración de base de datos.","Exception: DataAccessException","EMAIL_QUEUE_ERROR"
"ERROR","AOCR_20260218.log","2026-02-18 00:59:48.571 | ERROR | CID:N/A | ERR:EMAIL_QUEUE_ERROR | Error de configuración de base de datos.","Exception: DataAccessException","EMAIL_QUEUE_ERROR"
"ERROR","AOCR_20260218.log","2026-02-18 01:00:18.624 | ERROR | CID:N/A | ERR:EMAIL_QUEUE_ERROR | Error de configuración de base de datos.","Exception: DataAccessException","EMAIL_QUEUE_ERROR"
"ERROR","AOCR_20260218.log","2026-02-18 01:00:48.683 | ERROR | CID:N/A | ERR:EMAIL_QUEUE_ERROR | Error de configuración de base de datos.","Exception: DataAccessException","EMAIL_QUEUE_ERROR"
"ERROR","AOCR_20260218.log","2026-02-18 01:01:18.735 | ERROR | CID:N/A | ERR:EMAIL_QUEUE_ERROR | Error de configuración de base de datos.","Exception: DataAccessException","EMAIL_QUEUE_ERROR"
"ERROR","AOCR_20260218.log","2026-02-18 01:01:48.791 | ERROR | CID:N/A | ERR:EMAIL_QUEUE_ERROR | Error de configuración de base de datos.","Exception: DataAccessException","EMAIL_QUEUE_ERROR"
"ERROR","AOCR_20260218.log","2026-02-18 01:02:18.847 | ERROR | CID:N/A | ERR:EMAIL_QUEUE_ERROR | Error de configuración de base de datos.","Exception: DataAccessException","EMAIL_QUEUE_ERROR"
"ERROR","AOCR_20260218.log","2026-02-18 01:02:48.899 | ERROR | CID:N/A | ERR:EMAIL_QUEUE_ERROR | Error de configuración de base de datos.","Exception: DataAccessException","EMAIL_QUEUE_ERROR"
"ERROR","AOCR_20260218.log","2026-02-18 01:03:18.955 | ERROR | CID:N/A | ERR:EMAIL_QUEUE_ERROR | Error de configuración de base de datos.","Exception: DataAccessException","EMAIL_QUEUE_ERROR"
"ERROR","AOCR_20260218.log","2026-02-18 01:03:49.011 | ERROR | CID:N/A | ERR:EMAIL_QUEUE_ERROR | Error de configuración de base de datos.","Exception: DataAccessException","EMAIL_QUEUE_ERROR"
"ERROR","AOCR_20260218.log","2026-02-18 01:04:19.062 | ERROR | CID:N/A | ERR:EMAIL_QUEUE_ERROR | Error de configuración de base de datos.","Exception: DataAccessException","EMAIL_QUEUE_ERROR"
"ERROR","AOCR_20260218.log","2026-02-18 01:04:49.114 | ERROR | CID:N/A | ERR:EMAIL_QUEUE_ERROR | Error de configuración de base de datos.","Exception: DataAccessException","EMAIL_QUEUE_ERROR"
"ERROR","AOCR_20260218.log","2026-02-18 01:05:19.173 | ERROR | CID:N/A | ERR:EMAIL_QUEUE_ERROR | Error de configuración de base de datos.","Exception: DataAccessException","EMAIL_QUEUE_ERROR"
"ERROR","AOCR_20260218.log","2026-02-18 01:05:49.219 | ERROR | CID:N/A | ERR:EMAIL_QUEUE_ERROR | Error de configuración de base de datos.","Exception: DataAccessException","EMAIL_QUEUE_ERROR"
"ERROR","AOCR_20260218.log","2026-02-18 01:06:19.274 | ERROR | CID:N/A | ERR:EMAIL_QUEUE_ERROR | Error de configuración de base de datos.","Exception: DataAccessException","EMAIL_QUEUE_ERROR"
"ERROR","AOCR_20260218.log","2026-02-18 01:06:49.331 | ERROR | CID:N/A | ERR:EMAIL_QUEUE_ERROR | Error de configuración de base de datos.","Exception: DataAccessException","EMAIL_QUEUE_ERROR"
"ERROR","AOCR_20260218.log","2026-02-18 01:07:19.389 | ERROR | CID:N/A | ERR:EMAIL_QUEUE_ERROR | Error de configuración de base de datos.","Exception: DataAccessException","EMAIL_QUEUE_ERROR"
"ERROR","AOCR_20260218.log","2026-02-18 01:07:49.452 | ERROR | CID:N/A | ERR:EMAIL_QUEUE_ERROR | Error de configuración de base de datos.","Exception: DataAccessException","EMAIL_QUEUE_ERROR"
"ERROR","AOCR_20260218.log","2026-02-18 01:08:19.513 | ERROR | CID:N/A | ERR:EMAIL_QUEUE_ERROR | Error de configuración de base de datos.","Exception: DataAccessException","EMAIL_QUEUE_ERROR"
"ERROR","AOCR_20260218.log","2026-02-18 01:08:49.566 | ERROR | CID:N/A | ERR:EMAIL_QUEUE_ERROR | Error de configuración de base de datos.","Exception: DataAccessException","EMAIL_QUEUE_ERROR"
"ERROR","AOCR_20260218.log","2026-02-18 01:09:19.611 | ERROR | CID:N/A | ERR:EMAIL_QUEUE_ERROR | Error de configuración de base de datos.","Exception: DataAccessException","EMAIL_QUEUE_ERROR"
"ERROR","AOCR_20260218.log","2026-02-18 01:09:49.667 | ERROR | CID:N/A | ERR:EMAIL_QUEUE_ERROR | Error de configuración de base de datos.","Exception: DataAccessException","EMAIL_QUEUE_ERROR"
"ERROR","AOCR_20260218.log","2026-02-18 01:10:19.732 | ERROR | CID:N/A | ERR:EMAIL_QUEUE_ERROR | Error de configuración de base de datos.","Exception: DataAccessException","EMAIL_QUEUE_ERROR"
"ERROR","AOCR_20260218.log","2026-02-18 01:10:49.798 | ERROR | CID:N/A | ERR:EMAIL_QUEUE_ERROR | Error de configuración de base de datos.","Exception: DataAccessException","EMAIL_QUEUE_ERROR"
"ERROR","AOCR_20260218.log","2026-02-18 01:11:19.843 | ERROR | CID:N/A | ERR:EMAIL_QUEUE_ERROR | Error de configuración de base de datos.","Exception: DataAccessException","EMAIL_QUEUE_ERROR"
"ERROR","AOCR_20260218.log","2026-02-18 01:11:49.912 | ERROR | CID:N/A | ERR:EMAIL_QUEUE_ERROR | Error de configuración de base de datos.","Exception: DataAccessException","EMAIL_QUEUE_ERROR"
"ERROR","AOCR_20260218.log","2026-02-18 01:12:19.970 | ERROR | CID:N/A | ERR:EMAIL_QUEUE_ERROR | Error de configuración de base de datos.","Exception: DataAccessException","EMAIL_QUEUE_ERROR"
"ERROR","AOCR_20260218.log","2026-02-18 01:12:50.020 | ERROR | CID:N/A | ERR:EMAIL_QUEUE_ERROR | Error de configuración de base de datos.","Exception: DataAccessException","EMAIL_QUEUE_ERROR"
"ERROR","AOCR_20260218.log","2026-02-18 01:13:20.076 | ERROR | CID:N/A | ERR:EMAIL_QUEUE_ERROR | Error de configuración de base de datos.","Exception: DataAccessException","EMAIL_QUEUE_ERROR"
"ERROR","AOCR_20260218.log","2026-02-18 01:13:50.148 | ERROR | CID:N/A | ERR:EMAIL_QUEUE_ERROR | Error de configuración de base de datos.","Exception: DataAccessException","EMAIL_QUEUE_ERROR"
"ERROR","AOCR_20260218.log","2026-02-18 01:14:20.213 | ERROR | CID:N/A | ERR:EMAIL_QUEUE_ERROR | Error de configuración de base de datos.","Exception: DataAccessException","EMAIL_QUEUE_ERROR"
"ERROR","AOCR_20260218.log","2026-02-18 01:14:50.283 | ERROR | CID:N/A | ERR:EMAIL_QUEUE_ERROR | Error de configuración de base de datos.","Exception: DataAccessException","EMAIL_QUEUE_ERROR"
"ERROR","AOCR_20260218.log","2026-02-18 01:15:20.350 | ERROR | CID:N/A | ERR:EMAIL_QUEUE_ERROR | Error de configuración de base de datos.","Exception: DataAccessException","EMAIL_QUEUE_ERROR"
"ERROR","AOCR_20260218.log","2026-02-18 01:15:50.404 | ERROR | CID:N/A | ERR:EMAIL_QUEUE_ERROR | Error de configuración de base de datos.","Exception: DataAccessException","EMAIL_QUEUE_ERROR"
"ERROR","AOCR_20260218.log","2026-02-18 01:16:20.464 | ERROR | CID:N/A | ERR:EMAIL_QUEUE_ERROR | Error de configuración de base de datos.","Exception: DataAccessException","EMAIL_QUEUE_ERROR"
"ERROR","AOCR_20260218.log","2026-02-18 01:16:50.522 | ERROR | CID:N/A | ERR:EMAIL_QUEUE_ERROR | Error de configuración de base de datos.","Exception: DataAccessException","EMAIL_QUEUE_ERROR"
"ERROR","AOCR_20260218.log","2026-02-18 01:17:20.576 | ERROR | CID:N/A | ERR:EMAIL_QUEUE_ERROR | Error de configuración de base de datos.","Exception: DataAccessException","EMAIL_QUEUE_ERROR"
"ERROR","AOCR_20260218.log","2026-02-18 01:17:50.619 | ERROR | CID:N/A | ERR:EMAIL_QUEUE_ERROR | Error de configuración de base de datos.","Exception: DataAccessException","EMAIL_QUEUE_ERROR"
"ERROR","AOCR_20260218.log","2026-02-18 01:18:20.679 | ERROR | CID:N/A | ERR:EMAIL_QUEUE_ERROR | Error de configuración de base de datos.","Exception: DataAccessException","EMAIL_QUEUE_ERROR"
"ERROR","AOCR_20260218.log","2026-02-18 01:18:50.738 | ERROR | CID:N/A | ERR:EMAIL_QUEUE_ERROR | Error de configuración de base de datos.","Exception: DataAccessException","EMAIL_QUEUE_ERROR"
"ERROR","AOCR_20260218.log","2026-02-18 01:19:20.806 | ERROR | CID:N/A | ERR:EMAIL_QUEUE_ERROR | Error de configuración de base de datos.","Exception: DataAccessException","EMAIL_QUEUE_ERROR"
"ERROR","AOCR_20260218.log","2026-02-18 01:19:50.859 | ERROR | CID:N/A | ERR:EMAIL_QUEUE_ERROR | Error de configuración de base de datos.","Exception: DataAccessException","EMAIL_QUEUE_ERROR"
"ERROR","AOCR_20260218.log","2026-02-18 01:20:20.916 | ERROR | CID:N/A | ERR:EMAIL_QUEUE_ERROR | Error de configuración de base de datos.","Exception: DataAccessException","EMAIL_QUEUE_ERROR"
"ERROR","AOCR_20260218.log","2026-02-18 01:20:50.972 | ERROR | CID:N/A | ERR:EMAIL_QUEUE_ERROR | Error de configuración de base de datos.","Exception: DataAccessException","EMAIL_QUEUE_ERROR"
"ERROR","AOCR_20260218.log","2026-02-18 01:21:21.032 | ERROR | CID:N/A | ERR:EMAIL_QUEUE_ERROR | Error de configuración de base de datos.","Exception: DataAccessException","EMAIL_QUEUE_ERROR"
"ERROR","AOCR_20260218.log","2026-02-18 01:21:51.083 | ERROR | CID:N/A | ERR:EMAIL_QUEUE_ERROR | Error de configuración de base de datos.","Exception: DataAccessException","EMAIL_QUEUE_ERROR"
"ERROR","AOCR_20260218.log","2026-02-18 01:22:21.143 | ERROR | CID:N/A | ERR:EMAIL_QUEUE_ERROR | Error de configuración de base de datos.","Exception: DataAccessException","EMAIL_QUEUE_ERROR"
"ERROR","AOCR_20260218.log","2026-02-18 01:22:51.199 | ERROR | CID:N/A | ERR:EMAIL_QUEUE_ERROR | Error de configuración de base de datos.","Exception: DataAccessException","EMAIL_QUEUE_ERROR"
"ERROR","AOCR_20260218.log","2026-02-18 01:23:21.246 | ERROR | CID:N/A | ERR:EMAIL_QUEUE_ERROR | Error de configuración de base de datos.","Exception: DataAccessException","EMAIL_QUEUE_ERROR"
"ERROR","AOCR_20260218.log","2026-02-18 01:23:51.308 | ERROR | CID:N/A | ERR:EMAIL_QUEUE_ERROR | Error de configuración de base de datos.","Exception: DataAccessException","EMAIL_QUEUE_ERROR"
"ERROR","AOCR_20260218.log","2026-02-18 01:24:21.361 | ERROR | CID:N/A | ERR:EMAIL_QUEUE_ERROR | Error de configuración de base de datos.","Exception: DataAccessException","EMAIL_QUEUE_ERROR"
"ERROR","AOCR_20260218.log","2026-02-18 01:24:51.429 | ERROR | CID:N/A | ERR:EMAIL_QUEUE_ERROR | Error de configuración de base de datos.","Exception: DataAccessException","EMAIL_QUEUE_ERROR"
"ERROR","AOCR_20260218.log","2026-02-18 01:25:21.510 | ERROR | CID:N/A | ERR:EMAIL_QUEUE_ERROR | Error de configuración de base de datos.","Exception: DataAccessException","EMAIL_QUEUE_ERROR"
"ERROR","AOCR_20260218.log","2026-02-18 01:25:51.572 | ERROR | CID:N/A | ERR:EMAIL_QUEUE_ERROR | Error de configuración de base de datos.","Exception: DataAccessException","EMAIL_QUEUE_ERROR"
"ERROR","AOCR_20260218.log","2026-02-18 01:26:21.622 | ERROR | CID:N/A | ERR:EMAIL_QUEUE_ERROR | Error de configuración de base de datos.","Exception: DataAccessException","EMAIL_QUEUE_ERROR"
"ERROR","AOCR_20260218.log","2026-02-18 01:26:51.672 | ERROR | CID:N/A | ERR:EMAIL_QUEUE_ERROR | Error de configuración de base de datos.","Exception: DataAccessException","EMAIL_QUEUE_ERROR"
"ERROR","AOCR_20260218.log","2026-02-18 01:27:21.719 | ERROR | CID:N/A | ERR:EMAIL_QUEUE_ERROR | Error de configuración de base de datos.","Exception: DataAccessException","EMAIL_QUEUE_ERROR"
"ERROR","AOCR_20260218.log","2026-02-18 01:27:51.774 | ERROR | CID:N/A | ERR:EMAIL_QUEUE_ERROR | Error de configuración de base de datos.","Exception: DataAccessException","EMAIL_QUEUE_ERROR"
"ERROR","AOCR_20260218.log","2026-02-18 01:28:21.838 | ERROR | CID:N/A | ERR:EMAIL_QUEUE_ERROR | Error de configuración de base de datos.","Exception: DataAccessException","EMAIL_QUEUE_ERROR"
"ERROR","AOCR_20260218.log","2026-02-18 01:28:51.895 | ERROR | CID:N/A | ERR:EMAIL_QUEUE_ERROR | Error de configuración de base de datos.","Exception: DataAccessException","EMAIL_QUEUE_ERROR"
"ERROR","AOCR_20260218.log","2026-02-18 01:29:21.951 | ERROR | CID:N/A | ERR:EMAIL_QUEUE_ERROR | Error de configuración de base de datos.","Exception: DataAccessException","EMAIL_QUEUE_ERROR"
"ERROR","AOCR_20260218.log","2026-02-18 01:29:52.006 | ERROR | CID:N/A | ERR:EMAIL_QUEUE_ERROR | Error de configuración de base de datos.","Exception: DataAccessException","EMAIL_QUEUE_ERROR"
"ERROR","AOCR_20260218.log","2026-02-18 01:30:22.060 | ERROR | CID:N/A | ERR:EMAIL_QUEUE_ERROR | Error de configuración de base de datos.","Exception: DataAccessException","EMAIL_QUEUE_ERROR"
"ERROR","AOCR_20260218.log","2026-02-18 01:30:52.114 | ERROR | CID:N/A | ERR:EMAIL_QUEUE_ERROR | Error de configuración de base de datos.","Exception: DataAccessException","EMAIL_QUEUE_ERROR"
"ERROR","AOCR_20260218.log","2026-02-18 01:31:22.165 | ERROR | CID:N/A | ERR:EMAIL_QUEUE_ERROR | Error de configuración de base de datos.","Exception: DataAccessException","EMAIL_QUEUE_ERROR"
"ERROR","AOCR_20260218.log","2026-02-18 01:31:52.219 | ERROR | CID:N/A | ERR:EMAIL_QUEUE_ERROR | Error de configuración de base de datos.","Exception: DataAccessException","EMAIL_QUEUE_ERROR"
"ERROR","AOCR_20260218.log","2026-02-18 01:32:22.268 | ERROR | CID:N/A | ERR:EMAIL_QUEUE_ERROR | Error de configuración de base de datos.","Exception: DataAccessException","EMAIL_QUEUE_ERROR"
"ERROR","AOCR_20260218.log","2026-02-18 01:32:52.321 | ERROR | CID:N/A | ERR:EMAIL_QUEUE_ERROR | Error de configuración de base de datos.","Exception: DataAccessException","EMAIL_QUEUE_ERROR"
"ERROR","AOCR_20260218.log","2026-02-18 01:33:22.400 | ERROR | CID:N/A | ERR:EMAIL_QUEUE_ERROR | Error de configuración de base de datos.","Exception: DataAccessException","EMAIL_QUEUE_ERROR"
"ERROR","AOCR_20260218.log","2026-02-18 01:33:52.464 | ERROR | CID:N/A | ERR:EMAIL_QUEUE_ERROR | Error de configuración de base de datos.","Exception: DataAccessException","EMAIL_QUEUE_ERROR"
"ERROR","AOCR_20260218.log","2026-02-18 01:34:22.528 | ERROR | CID:N/A | ERR:EMAIL_QUEUE_ERROR | Error de configuración de base de datos.","Exception: DataAccessException","EMAIL_QUEUE_ERROR"
"ERROR","AOCR_20260218.log","2026-02-18 01:34:52.589 | ERROR | CID:N/A | ERR:EMAIL_QUEUE_ERROR | Error de configuración de base de datos.","Exception: DataAccessException","EMAIL_QUEUE_ERROR"
"ERROR","AOCR_20260218.log","2026-02-18 01:35:22.652 | ERROR | CID:N/A | ERR:EMAIL_QUEUE_ERROR | Error de configuración de base de datos.","Exception: DataAccessException","EMAIL_QUEUE_ERROR"
"ERROR","AOCR_20260218.log","2026-02-18 01:35:52.720 | ERROR | CID:N/A | ERR:EMAIL_QUEUE_ERROR | Error de configuración de base de datos.","Exception: DataAccessException","EMAIL_QUEUE_ERROR"
"ERROR","AOCR_20260218.log","2026-02-18 01:36:22.779 | ERROR | CID:N/A | ERR:EMAIL_QUEUE_ERROR | Error de configuración de base de datos.","Exception: DataAccessException","EMAIL_QUEUE_ERROR"
"ERROR","AOCR_20260218.log","2026-02-18 01:36:52.849 | ERROR | CID:N/A | ERR:EMAIL_QUEUE_ERROR | Error de configuración de base de datos.","Exception: DataAccessException","EMAIL_QUEUE_ERROR"
"ERROR","AOCR_20260218.log","2026-02-18 01:37:22.895 | ERROR | CID:N/A | ERR:EMAIL_QUEUE_ERROR | Error de configuración de base de datos.","Exception: DataAccessException","EMAIL_QUEUE_ERROR"
"ERROR","AOCR_20260218.log","2026-02-18 01:37:52.951 | ERROR | CID:N/A | ERR:EMAIL_QUEUE_ERROR | Error de configuración de base de datos.","Exception: DataAccessException","EMAIL_QUEUE_ERROR"
"ERROR","AOCR_20260218.log","2026-02-18 01:38:23.021 | ERROR | CID:N/A | ERR:EMAIL_QUEUE_ERROR | Error de configuración de base de datos.","Exception: DataAccessException","EMAIL_QUEUE_ERROR"
"ERROR","AOCR_20260218.log","2026-02-18 01:38:53.088 | ERROR | CID:N/A | ERR:EMAIL_QUEUE_ERROR | Error de configuración de base de datos.","Exception: DataAccessException","EMAIL_QUEUE_ERROR"
"ERROR","AOCR_20260218.log","2026-02-18 01:39:23.148 | ERROR | CID:N/A | ERR:EMAIL_QUEUE_ERROR | Error de configuración de base de datos.","Exception: DataAccessException","EMAIL_QUEUE_ERROR"
"ERROR","AOCR_20260218.log","2026-02-18 01:39:53.205 | ERROR | CID:N/A | ERR:EMAIL_QUEUE_ERROR | Error de configuración de base de datos.","Exception: DataAccessException","EMAIL_QUEUE_ERROR"
"ERROR","AOCR_20260218.log","2026-02-18 01:40:23.266 | ERROR | CID:N/A | ERR:EMAIL_QUEUE_ERROR | Error de configuración de base de datos.","Exception: DataAccessException","EMAIL_QUEUE_ERROR"
"ERROR","AOCR_20260218.log","2026-02-18 01:40:53.337 | ERROR | CID:N/A | ERR:EMAIL_QUEUE_ERROR | Error de configuración de base de datos.","Exception: DataAccessException","EMAIL_QUEUE_ERROR"
"ERROR","AOCR_20260218.log","2026-02-18 01:41:23.394 | ERROR | CID:N/A | ERR:EMAIL_QUEUE_ERROR | Error de configuración de base de datos.","Exception: DataAccessException","EMAIL_QUEUE_ERROR"
"ERROR","AOCR_20260218.log","2026-02-18 01:41:53.439 | ERROR | CID:N/A | ERR:EMAIL_QUEUE_ERROR | Error de configuración de base de datos.","Exception: DataAccessException","EMAIL_QUEUE_ERROR"
"ERROR","AOCR_20260218.log","2026-02-18 01:42:23.501 | ERROR | CID:N/A | ERR:EMAIL_QUEUE_ERROR | Error de configuración de base de datos.","Exception: DataAccessException","EMAIL_QUEUE_ERROR"
"ERROR","AOCR_20260218.log","2026-02-18 01:42:53.550 | ERROR | CID:N/A | ERR:EMAIL_QUEUE_ERROR | Error de configuración de base de datos.","Exception: DataAccessException","EMAIL_QUEUE_ERROR"
"ERROR","AOCR_20260218.log","2026-02-18 01:43:23.616 | ERROR | CID:N/A | ERR:EMAIL_QUEUE_ERROR | Error de configuración de base de datos.","Exception: DataAccessException","EMAIL_QUEUE_ERROR"
"ERROR","AOCR_20260218.log","2026-02-18 01:43:53.681 | ERROR | CID:N/A | ERR:EMAIL_QUEUE_ERROR | Error de configuración de base de datos.","Exception: DataAccessException","EMAIL_QUEUE_ERROR"
"ERROR","AOCR_20260218.log","2026-02-18 01:44:23.737 | ERROR | CID:N/A | ERR:EMAIL_QUEUE_ERROR | Error de configuración de base de datos.","Exception: DataAccessException","EMAIL_QUEUE_ERROR"
"ERROR","AOCR_20260218.log","2026-02-18 01:44:53.806 | ERROR | CID:N/A | ERR:EMAIL_QUEUE_ERROR | Error de configuración de base de datos.","Exception: DataAccessException","EMAIL_QUEUE_ERROR"
"ERROR","AOCR_20260218.log","2026-02-18 01:45:23.870 | ERROR | CID:N/A | ERR:EMAIL_QUEUE_ERROR | Error de configuración de base de datos.","Exception: DataAccessException","EMAIL_QUEUE_ERROR"
"ERROR","AOCR_20260218.log","2026-02-18 01:45:53.932 | ERROR | CID:N/A | ERR:EMAIL_QUEUE_ERROR | Error de configuración de base de datos.","Exception: DataAccessException","EMAIL_QUEUE_ERROR"
"ERROR","AOCR_20260218.log","2026-02-18 01:46:23.994 | ERROR | CID:N/A | ERR:EMAIL_QUEUE_ERROR | Error de configuración de base de datos.","Exception: DataAccessException","EMAIL_QUEUE_ERROR"
"ERROR","AOCR_20260218.log","2026-02-18 01:46:54.067 | ERROR | CID:N/A | ERR:EMAIL_QUEUE_ERROR | Error de configuración de base de datos.","Exception: DataAccessException","EMAIL_QUEUE_ERROR"
"ERROR","AOCR_20260218.log","2026-02-18 01:47:24.121 | ERROR | CID:N/A | ERR:EMAIL_QUEUE_ERROR | Error de configuración de base de datos.","Exception: DataAccessException","EMAIL_QUEUE_ERROR"
"ERROR","AOCR_20260218.log","2026-02-18 01:47:54.177 | ERROR | CID:N/A | ERR:EMAIL_QUEUE_ERROR | Error de configuración de base de datos.","Exception: DataAccessException","EMAIL_QUEUE_ERROR"
"ERROR","AOCR_20260218.log","2026-02-18 01:48:24.237 | ERROR | CID:N/A | ERR:EMAIL_QUEUE_ERROR | Error de configuración de base de datos.","Exception: DataAccessException","EMAIL_QUEUE_ERROR"
"ERROR","AOCR_20260218.log","2026-02-18 01:48:54.296 | ERROR | CID:N/A | ERR:EMAIL_QUEUE_ERROR | Error de configuración de base de datos.","Exception: DataAccessException","EMAIL_QUEUE_ERROR"
"ERROR","AOCR_20260218.log","2026-02-18 01:49:24.357 | ERROR | CID:N/A | ERR:EMAIL_QUEUE_ERROR | Error de configuración de base de datos.","Exception: DataAccessException","EMAIL_QUEUE_ERROR"
"ERROR","AOCR_20260218.log","2026-02-18 01:49:54.401 | ERROR | CID:N/A | ERR:EMAIL_QUEUE_ERROR | Error de configuración de base de datos.","Exception: DataAccessException","EMAIL_QUEUE_ERROR"
"ERROR","AOCR_20260218.log","2026-02-18 01:50:24.470 | ERROR | CID:N/A | ERR:EMAIL_QUEUE_ERROR | Error de configuración de base de datos.","Exception: DataAccessException","EMAIL_QUEUE_ERROR"
"ERROR","AOCR_20260218.log","2026-02-18 01:50:54.532 | ERROR | CID:N/A | ERR:EMAIL_QUEUE_ERROR | Error de configuración de base de datos.","Exception: DataAccessException","EMAIL_QUEUE_ERROR"
"ERROR","AOCR_20260218.log","2026-02-18 01:51:24.597 | ERROR | CID:N/A | ERR:EMAIL_QUEUE_ERROR | Error de configuración de base de datos.","Exception: DataAccessException","EMAIL_QUEUE_ERROR"
"ERROR","AOCR_20260218.log","2026-02-18 01:51:54.648 | ERROR | CID:N/A | ERR:EMAIL_QUEUE_ERROR | Error de configuración de base de datos.","Exception: DataAccessException","EMAIL_QUEUE_ERROR"
"ERROR","AOCR_20260218.log","2026-02-18 01:52:24.702 | ERROR | CID:N/A | ERR:EMAIL_QUEUE_ERROR | Error de configuración de base de datos.","Exception: DataAccessException","EMAIL_QUEUE_ERROR"
"ERROR","AOCR_20260218.log","2026-02-18 01:52:54.758 | ERROR | CID:N/A | ERR:EMAIL_QUEUE_ERROR | Error de configuración de base de datos.","Exception: DataAccessException","EMAIL_QUEUE_ERROR"
"ERROR","AOCR_20260218.log","2026-02-18 01:53:24.813 | ERROR | CID:N/A | ERR:EMAIL_QUEUE_ERROR | Error de configuración de base de datos.","Exception: DataAccessException","EMAIL_QUEUE_ERROR"
"ERROR","AOCR_20260218.log","2026-02-18 01:53:54.875 | ERROR | CID:N/A | ERR:EMAIL_QUEUE_ERROR | Error de configuración de base de datos.","Exception: DataAccessException","EMAIL_QUEUE_ERROR"
"ERROR","AOCR_20260218.log","2026-02-18 01:54:24.934 | ERROR | CID:N/A | ERR:EMAIL_QUEUE_ERROR | Error de configuración de base de datos.","Exception: DataAccessException","EMAIL_QUEUE_ERROR"
"ERROR","AOCR_20260218.log","2026-02-18 01:54:54.999 | ERROR | CID:N/A | ERR:EMAIL_QUEUE_ERROR | Error de configuración de base de datos.","Exception: DataAccessException","EMAIL_QUEUE_ERROR"
"ERROR","AOCR_20260218.log","2026-02-18 01:55:25.071 | ERROR | CID:N/A | ERR:EMAIL_QUEUE_ERROR | Error de configuración de base de datos.","Exception: DataAccessException","EMAIL_QUEUE_ERROR"
"ERROR","AOCR_20260218.log","2026-02-18 01:55:55.130 | ERROR | CID:N/A | ERR:EMAIL_QUEUE_ERROR | Error de configuración de base de datos.","Exception: DataAccessException","EMAIL_QUEUE_ERROR"
"ERROR","AOCR_20260218.log","2026-02-18 01:56:25.183 | ERROR | CID:N/A | ERR:EMAIL_QUEUE_ERROR | Error de configuración de base de datos.","Exception: DataAccessException","EMAIL_QUEUE_ERROR"
"ERROR","AOCR_20260218.log","2026-02-18 01:56:55.235 | ERROR | CID:N/A | ERR:EMAIL_QUEUE_ERROR | Error de configuración de base de datos.","Exception: DataAccessException","EMAIL_QUEUE_ERROR"
"ERROR","AOCR_20260218.log","2026-02-18 01:57:25.298 | ERROR | CID:N/A | ERR:EMAIL_QUEUE_ERROR | Error de configuración de base de datos.","Exception: DataAccessException","EMAIL_QUEUE_ERROR"
"ERROR","AOCR_20260218.log","2026-02-18 01:57:55.364 | ERROR | CID:N/A | ERR:EMAIL_QUEUE_ERROR | Error de configuración de base de datos.","Exception: DataAccessException","EMAIL_QUEUE_ERROR"
"ERROR","AOCR_20260218.log","2026-02-18 01:58:25.415 | ERROR | CID:N/A | ERR:EMAIL_QUEUE_ERROR | Error de configuración de base de datos.","Exception: DataAccessException","EMAIL_QUEUE_ERROR"
"ERROR","AOCR_20260218.log","2026-02-18 01:58:55.481 | ERROR | CID:N/A | ERR:EMAIL_QUEUE_ERROR | Error de configuración de base de datos.","Exception: DataAccessException","EMAIL_QUEUE_ERROR"
"ERROR","AOCR_20260218.log","2026-02-18 01:59:25.538 | ERROR | CID:N/A | ERR:EMAIL_QUEUE_ERROR | Error de configuración de base de datos.","Exception: DataAccessException","EMAIL_QUEUE_ERROR"
"ERROR","AOCR_20260218.log","2026-02-18 01:59:55.602 | ERROR | CID:N/A | ERR:EMAIL_QUEUE_ERROR | Error de configuración de base de datos.","Exception: DataAccessException","EMAIL_QUEUE_ERROR"
"ERROR","AOCR_20260218.log","2026-02-18 02:00:25.675 | ERROR | CID:N/A | ERR:EMAIL_QUEUE_ERROR | Error de configuración de base de datos.","Exception: DataAccessException","EMAIL_QUEUE_ERROR"
"ERROR","AOCR_20260218.log","2026-02-18 02:00:55.731 | ERROR | CID:N/A | ERR:EMAIL_QUEUE_ERROR | Error de configuración de base de datos.","Exception: DataAccessException","EMAIL_QUEUE_ERROR"
"ERROR","AOCR_20260218.log","2026-02-18 02:01:25.794 | ERROR | CID:N/A | ERR:EMAIL_QUEUE_ERROR | Error de configuración de base de datos.","Exception: DataAccessException","EMAIL_QUEUE_ERROR"
"ERROR","AOCR_20260218.log","2026-02-18 02:01:55.852 | ERROR | CID:N/A | ERR:EMAIL_QUEUE_ERROR | Error de configuración de base de datos.","Exception: DataAccessException","EMAIL_QUEUE_ERROR"
"ERROR","AOCR_20260218.log","2026-02-18 02:02:25.928 | ERROR | CID:N/A | ERR:EMAIL_QUEUE_ERROR | Error de configuración de base de datos.","Exception: DataAccessException","EMAIL_QUEUE_ERROR"
"ERROR","AOCR_20260218.log","2026-02-18 02:02:55.996 | ERROR | CID:N/A | ERR:EMAIL_QUEUE_ERROR | Error de configuración de base de datos.","Exception: DataAccessException","EMAIL_QUEUE_ERROR"
"ERROR","AOCR_20260218.log","2026-02-18 02:03:26.053 | ERROR | CID:N/A | ERR:EMAIL_QUEUE_ERROR | Error de configuración de base de datos.","Exception: DataAccessException","EMAIL_QUEUE_ERROR"
"ERROR","AOCR_20260218.log","2026-02-18 02:03:56.101 | ERROR | CID:N/A | ERR:EMAIL_QUEUE_ERROR | Error de configuración de base de datos.","Exception: DataAccessException","EMAIL_QUEUE_ERROR"
"ERROR","AOCR_20260218.log","2026-02-18 02:04:26.155 | ERROR | CID:N/A | ERR:EMAIL_QUEUE_ERROR | Error de configuración de base de datos.","Exception: DataAccessException","EMAIL_QUEUE_ERROR"
"ERROR","AOCR_20260218.log","2026-02-18 02:04:56.213 | ERROR | CID:N/A | ERR:EMAIL_QUEUE_ERROR | Error de configuración de base de datos.","Exception: DataAccessException","EMAIL_QUEUE_ERROR"
"ERROR","AOCR_20260218.log","2026-02-18 02:05:26.279 | ERROR | CID:N/A | ERR:EMAIL_QUEUE_ERROR | Error de configuración de base de datos.","Exception: DataAccessException","EMAIL_QUEUE_ERROR"
"ERROR","AOCR_20260218.log","2026-02-18 02:05:56.338 | ERROR | CID:N/A | ERR:EMAIL_QUEUE_ERROR | Error de configuración de base de datos.","Exception: DataAccessException","EMAIL_QUEUE_ERROR"
"ERROR","AOCR_20260218.log","2026-02-18 02:06:26.404 | ERROR | CID:N/A | ERR:EMAIL_QUEUE_ERROR | Error de configuración de base de datos.","Exception: DataAccessException","EMAIL_QUEUE_ERROR"
"ERROR","AOCR_20260218.log","2026-02-18 02:06:56.465 | ERROR | CID:N/A | ERR:EMAIL_QUEUE_ERROR | Error de configuración de base de datos.","Exception: DataAccessException","EMAIL_QUEUE_ERROR"
"ERROR","AOCR_20260218.log","2026-02-18 02:07:26.529 | ERROR | CID:N/A | ERR:EMAIL_QUEUE_ERROR | Error de configuración de base de datos.","Exception: DataAccessException","EMAIL_QUEUE_ERROR"
"ERROR","AOCR_20260218.log","2026-02-18 02:07:56.591 | ERROR | CID:N/A | ERR:EMAIL_QUEUE_ERROR | Error de configuración de base de datos.","Exception: DataAccessException","EMAIL_QUEUE_ERROR"
"ERROR","AOCR_20260218.log","2026-02-18 02:08:26.635 | ERROR | CID:N/A | ERR:EMAIL_QUEUE_ERROR | Error de configuración de base de datos.","Exception: DataAccessException","EMAIL_QUEUE_ERROR"
"ERROR","AOCR_20260218.log","2026-02-18 02:08:56.710 | ERROR | CID:N/A | ERR:EMAIL_QUEUE_ERROR | Error de configuración de base de datos.","Exception: DataAccessException","EMAIL_QUEUE_ERROR"
"ERROR","AOCR_20260218.log","2026-02-18 02:09:26.767 | ERROR | CID:N/A | ERR:EMAIL_QUEUE_ERROR | Error de configuración de base de datos.","Exception: DataAccessException","EMAIL_QUEUE_ERROR"
"ERROR","AOCR_20260218.log","2026-02-18 02:09:56.812 | ERROR | CID:N/A | ERR:EMAIL_QUEUE_ERROR | Error de configuración de base de datos.","Exception: DataAccessException","EMAIL_QUEUE_ERROR"
"ERROR","AOCR_20260218.log","2026-02-18 02:10:26.873 | ERROR | CID:N/A | ERR:EMAIL_QUEUE_ERROR | Error de configuración de base de datos.","Exception: DataAccessException","EMAIL_QUEUE_ERROR"
"ERROR","AOCR_20260218.log","2026-02-18 02:10:56.931 | ERROR | CID:N/A | ERR:EMAIL_QUEUE_ERROR | Error de configuración de base de datos.","Exception: DataAccessException","EMAIL_QUEUE_ERROR"
"ERROR","AOCR_20260218.log","2026-02-18 02:11:26.998 | ERROR | CID:N/A | ERR:EMAIL_QUEUE_ERROR | Error de configuración de base de datos.","Exception: DataAccessException","EMAIL_QUEUE_ERROR"
"ERROR","AOCR_20260218.log","2026-02-18 02:11:57.060 | ERROR | CID:N/A | ERR:EMAIL_QUEUE_ERROR | Error de configuración de base de datos.","Exception: DataAccessException","EMAIL_QUEUE_ERROR"
"ERROR","AOCR_20260218.log","2026-02-18 02:12:27.111 | ERROR | CID:N/A | ERR:EMAIL_QUEUE_ERROR | Error de configuración de base de datos.","Exception: DataAccessException","EMAIL_QUEUE_ERROR"
"ERROR","AOCR_20260218.log","2026-02-18 02:12:57.170 | ERROR | CID:N/A | ERR:EMAIL_QUEUE_ERROR | Error de configuración de base de datos.","Exception: DataAccessException","EMAIL_QUEUE_ERROR"
"ERROR","AOCR_20260218.log","2026-02-18 02:13:27.218 | ERROR | CID:N/A | ERR:EMAIL_QUEUE_ERROR | Error de configuración de base de datos.","Exception: DataAccessException","EMAIL_QUEUE_ERROR"
"ERROR","AOCR_20260218.log","2026-02-18 02:13:57.279 | ERROR | CID:N/A | ERR:EMAIL_QUEUE_ERROR | Error de configuración de base de datos.","Exception: DataAccessException","EMAIL_QUEUE_ERROR"
"ERROR","AOCR_20260218.log","2026-02-18 02:14:27.333 | ERROR | CID:N/A | ERR:EMAIL_QUEUE_ERROR | Error de configuración de base de datos.","Exception: DataAccessException","EMAIL_QUEUE_ERROR"
"ERROR","AOCR_20260218.log","2026-02-18 02:14:57.396 | ERROR | CID:N/A | ERR:EMAIL_QUEUE_ERROR | Error de configuración de base de datos.","Exception: DataAccessException","EMAIL_QUEUE_ERROR"
"ERROR","AOCR_20260218.log","2026-02-18 02:15:27.450 | ERROR | CID:N/A | ERR:EMAIL_QUEUE_ERROR | Error de configuración de base de datos.","Exception: DataAccessException","EMAIL_QUEUE_ERROR"
"ERROR","AOCR_20260218.log","2026-02-18 02:15:57.510 | ERROR | CID:N/A | ERR:EMAIL_QUEUE_ERROR | Error de configuración de base de datos.","Exception: DataAccessException","EMAIL_QUEUE_ERROR"
"ERROR","AOCR_20260218.log","2026-02-18 02:16:27.565 | ERROR | CID:N/A | ERR:EMAIL_QUEUE_ERROR | Error de configuración de base de datos.","Exception: DataAccessException","EMAIL_QUEUE_ERROR"
"ERROR","AOCR_20260218.log","2026-02-18 02:16:57.647 | ERROR | CID:N/A | ERR:EMAIL_QUEUE_ERROR | Error de configuración de base de datos.","Exception: DataAccessException","EMAIL_QUEUE_ERROR"
"ERROR","AOCR_20260218.log","2026-02-18 02:17:27.703 | ERROR | CID:N/A | ERR:EMAIL_QUEUE_ERROR | Error de configuración de base de datos.","Exception: DataAccessException","EMAIL_QUEUE_ERROR"
"ERROR","AOCR_20260218.log","2026-02-18 02:17:57.763 | ERROR | CID:N/A | ERR:EMAIL_QUEUE_ERROR | Error de configuración de base de datos.","Exception: DataAccessException","EMAIL_QUEUE_ERROR"
"ERROR","AOCR_20260218.log","2026-02-18 02:18:27.833 | ERROR | CID:N/A | ERR:EMAIL_QUEUE_ERROR | Error de configuración de base de datos.","Exception: DataAccessException","EMAIL_QUEUE_ERROR"
"ERROR","AOCR_20260218.log","2026-02-18 02:18:57.898 | ERROR | CID:N/A | ERR:EMAIL_QUEUE_ERROR | Error de configuración de base de datos.","Exception: DataAccessException","EMAIL_QUEUE_ERROR"
"ERROR","AOCR_20260218.log","2026-02-18 02:19:27.954 | ERROR | CID:N/A | ERR:EMAIL_QUEUE_ERROR | Error de configuración de base de datos.","Exception: DataAccessException","EMAIL_QUEUE_ERROR"
"ERROR","AOCR_20260218.log","2026-02-18 02:19:58.019 | ERROR | CID:N/A | ERR:EMAIL_QUEUE_ERROR | Error de configuración de base de datos.","Exception: DataAccessException","EMAIL_QUEUE_ERROR"
"ERROR","AOCR_20260218.log","2026-02-18 02:20:28.075 | ERROR | CID:N/A | ERR:EMAIL_QUEUE_ERROR | Error de configuración de base de datos.","Exception: DataAccessException","EMAIL_QUEUE_ERROR"
"ERROR","AOCR_20260218.log","2026-02-18 02:20:58.128 | ERROR | CID:N/A | ERR:EMAIL_QUEUE_ERROR | Error de configuración de base de datos.","Exception: DataAccessException","EMAIL_QUEUE_ERROR"
"ERROR","AOCR_20260218.log","2026-02-18 02:21:28.181 | ERROR | CID:N/A | ERR:EMAIL_QUEUE_ERROR | Error de configuración de base de datos.","Exception: DataAccessException","EMAIL_QUEUE_ERROR"
"ERROR","AOCR_20260218.log","2026-02-18 02:21:58.247 | ERROR | CID:N/A | ERR:EMAIL_QUEUE_ERROR | Error de configuración de base de datos.","Exception: DataAccessException","EMAIL_QUEUE_ERROR"
"ERROR","AOCR_20260218.log","2026-02-18 02:22:28.301 | ERROR | CID:N/A | ERR:EMAIL_QUEUE_ERROR | Error de configuración de base de datos.","Exception: DataAccessException","EMAIL_QUEUE_ERROR"
"ERROR","AOCR_20260218.log","2026-02-18 02:22:58.370 | ERROR | CID:N/A | ERR:EMAIL_QUEUE_ERROR | Error de configuración de base de datos.","Exception: DataAccessException","EMAIL_QUEUE_ERROR"
"ERROR","AOCR_20260218.log","2026-02-18 02:23:28.435 | ERROR | CID:N/A | ERR:EMAIL_QUEUE_ERROR | Error de configuración de base de datos.","Exception: DataAccessException","EMAIL_QUEUE_ERROR"
"ERROR","AOCR_20260218.log","2026-02-18 02:23:58.487 | ERROR | CID:N/A | ERR:EMAIL_QUEUE_ERROR | Error de configuración de base de datos.","Exception: DataAccessException","EMAIL_QUEUE_ERROR"
"ERROR","AOCR_20260218.log","2026-02-18 02:24:28.560 | ERROR | CID:N/A | ERR:EMAIL_QUEUE_ERROR | Error de configuración de base de datos.","Exception: DataAccessException","EMAIL_QUEUE_ERROR"
"ERROR","AOCR_20260218.log","2026-02-18 02:24:58.609 | ERROR | CID:N/A | ERR:EMAIL_QUEUE_ERROR | Error de configuración de base de datos.","Exception: DataAccessException","EMAIL_QUEUE_ERROR"
"ERROR","AOCR_20260218.log","2026-02-18 02:25:28.681 | ERROR | CID:N/A | ERR:EMAIL_QUEUE_ERROR | Error de configuración de base de datos.","Exception: DataAccessException","EMAIL_QUEUE_ERROR"
"ERROR","AOCR_20260218.log","2026-02-18 02:25:58.736 | ERROR | CID:N/A | ERR:EMAIL_QUEUE_ERROR | Error de configuración de base de datos.","Exception: DataAccessException","EMAIL_QUEUE_ERROR"
"ERROR","AOCR_20260218.log","2026-02-18 02:26:28.796 | ERROR | CID:N/A | ERR:EMAIL_QUEUE_ERROR | Error de configuración de base de datos.","Exception: DataAccessException","EMAIL_QUEUE_ERROR"
"ERROR","AOCR_20260218.log","2026-02-18 02:26:58.852 | ERROR | CID:N/A | ERR:EMAIL_QUEUE_ERROR | Error de configuración de base de datos.","Exception: DataAccessException","EMAIL_QUEUE_ERROR"
"ERROR","AOCR_20260218.log","2026-02-18 02:27:28.896 | ERROR | CID:N/A | ERR:EMAIL_QUEUE_ERROR | Error de configuración de base de datos.","Exception: DataAccessException","EMAIL_QUEUE_ERROR"
"ERROR","AOCR_20260218.log","2026-02-18 02:27:58.941 | ERROR | CID:N/A | ERR:EMAIL_QUEUE_ERROR | Error de configuración de base de datos.","Exception: DataAccessException","EMAIL_QUEUE_ERROR"
"ERROR","AOCR_20260218.log","2026-02-18 02:28:29.012 | ERROR | CID:N/A | ERR:EMAIL_QUEUE_ERROR | Error de configuración de base de datos.","Exception: DataAccessException","EMAIL_QUEUE_ERROR"
"ERROR","AOCR_20260218.log","2026-02-18 02:28:59.066 | ERROR | CID:N/A | ERR:EMAIL_QUEUE_ERROR | Error de configuración de base de datos.","Exception: DataAccessException","EMAIL_QUEUE_ERROR"
"ERROR","AOCR_20260218.log","2026-02-18 02:29:29.113 | ERROR | CID:N/A | ERR:EMAIL_QUEUE_ERROR | Error de configuración de base de datos.","Exception: DataAccessException","EMAIL_QUEUE_ERROR"
"ERROR","AOCR_20260218.log","2026-02-18 02:29:59.174 | ERROR | CID:N/A | ERR:EMAIL_QUEUE_ERROR | Error de configuración de base de datos.","Exception: DataAccessException","EMAIL_QUEUE_ERROR"
"ERROR","AOCR_20260218.log","2026-02-18 02:30:29.238 | ERROR | CID:N/A | ERR:EMAIL_QUEUE_ERROR | Error de configuración de base de datos.","Exception: DataAccessException","EMAIL_QUEUE_ERROR"
"ERROR","AOCR_20260218.log","2026-02-18 02:30:59.306 | ERROR | CID:N/A | ERR:EMAIL_QUEUE_ERROR | Error de configuración de base de datos.","Exception: DataAccessException","EMAIL_QUEUE_ERROR"
"ERROR","AOCR_20260218.log","2026-02-18 02:31:29.367 | ERROR | CID:N/A | ERR:EMAIL_QUEUE_ERROR | Error de configuración de base de datos.","Exception: DataAccessException","EMAIL_QUEUE_ERROR"
"ERROR","AOCR_20260218.log","2026-02-18 02:31:59.421 | ERROR | CID:N/A | ERR:EMAIL_QUEUE_ERROR | Error de configuración de base de datos.","Exception: DataAccessException","EMAIL_QUEUE_ERROR"
"ERROR","AOCR_20260218.log","2026-02-18 02:32:29.495 | ERROR | CID:N/A | ERR:EMAIL_QUEUE_ERROR | Error de configuración de base de datos.","Exception: DataAccessException","EMAIL_QUEUE_ERROR"
"ERROR","AOCR_20260218.log","2026-02-18 02:32:59.571 | ERROR | CID:N/A | ERR:EMAIL_QUEUE_ERROR | Error de configuración de base de datos.","Exception: DataAccessException","EMAIL_QUEUE_ERROR"
"ERROR","AOCR_20260218.log","2026-02-18 02:33:29.647 | ERROR | CID:N/A | ERR:EMAIL_QUEUE_ERROR | Error de configuración de base de datos.","Exception: DataAccessException","EMAIL_QUEUE_ERROR"
"ERROR","AOCR_20260218.log","2026-02-18 02:33:59.704 | ERROR | CID:N/A | ERR:EMAIL_QUEUE_ERROR | Error de configuración de base de datos.","Exception: DataAccessException","EMAIL_QUEUE_ERROR"
"ERROR","AOCR_20260218.log","2026-02-18 02:34:29.770 | ERROR | CID:N/A | ERR:EMAIL_QUEUE_ERROR | Error de configuración de base de datos.","Exception: DataAccessException","EMAIL_QUEUE_ERROR"
"ERROR","AOCR_20260218.log","2026-02-18 02:34:59.818 | ERROR | CID:N/A | ERR:EMAIL_QUEUE_ERROR | Error de configuración de base de datos.","Exception: DataAccessException","EMAIL_QUEUE_ERROR"
"ERROR","AOCR_20260218.log","2026-02-18 02:35:29.868 | ERROR | CID:N/A | ERR:EMAIL_QUEUE_ERROR | Error de configuración de base de datos.","Exception: DataAccessException","EMAIL_QUEUE_ERROR"
"ERROR","AOCR_20260218.log","2026-02-18 02:35:59.936 | ERROR | CID:N/A | ERR:EMAIL_QUEUE_ERROR | Error de configuración de base de datos.","Exception: DataAccessException","EMAIL_QUEUE_ERROR"
"ERROR","AOCR_20260218.log","2026-02-18 02:36:29.987 | ERROR | CID:N/A | ERR:EMAIL_QUEUE_ERROR | Error de configuración de base de datos.","Exception: DataAccessException","EMAIL_QUEUE_ERROR"
"ERROR","AOCR_20260218.log","2026-02-18 02:37:00.043 | ERROR | CID:N/A | ERR:EMAIL_QUEUE_ERROR | Error de configuración de base de datos.","Exception: DataAccessException","EMAIL_QUEUE_ERROR"
"ERROR","AOCR_20260218.log","2026-02-18 02:37:30.104 | ERROR | CID:N/A | ERR:EMAIL_QUEUE_ERROR | Error de configuración de base de datos.","Exception: DataAccessException","EMAIL_QUEUE_ERROR"
"ERROR","AOCR_20260218.log","2026-02-18 02:38:00.154 | ERROR | CID:N/A | ERR:EMAIL_QUEUE_ERROR | Error de configuración de base de datos.","Exception: DataAccessException","EMAIL_QUEUE_ERROR"
"ERROR","AOCR_20260218.log","2026-02-18 02:38:30.225 | ERROR | CID:N/A | ERR:EMAIL_QUEUE_ERROR | Error de configuración de base de datos.","Exception: DataAccessException","EMAIL_QUEUE_ERROR"
"ERROR","AOCR_20260218.log","2026-02-18 02:39:00.284 | ERROR | CID:N/A | ERR:EMAIL_QUEUE_ERROR | Error de configuración de base de datos.","Exception: DataAccessException","EMAIL_QUEUE_ERROR"
"ERROR","AOCR_20260218.log","2026-02-18 02:39:30.339 | ERROR | CID:N/A | ERR:EMAIL_QUEUE_ERROR | Error de configuración de base de datos.","Exception: DataAccessException","EMAIL_QUEUE_ERROR"
"ERROR","AOCR_20260218.log","2026-02-18 02:40:00.387 | ERROR | CID:N/A | ERR:EMAIL_QUEUE_ERROR | Error de configuración de base de datos.","Exception: DataAccessException","EMAIL_QUEUE_ERROR"
"ERROR","AOCR_20260218.log","2026-02-18 02:40:30.445 | ERROR | CID:N/A | ERR:EMAIL_QUEUE_ERROR | Error de configuración de base de datos.","Exception: DataAccessException","EMAIL_QUEUE_ERROR"
"ERROR","AOCR_20260218.log","2026-02-18 02:41:00.499 | ERROR | CID:N/A | ERR:EMAIL_QUEUE_ERROR | Error de configuración de base de datos.","Exception: DataAccessException","EMAIL_QUEUE_ERROR"
"ERROR","AOCR_20260218.log","2026-02-18 02:41:30.547 | ERROR | CID:N/A | ERR:EMAIL_QUEUE_ERROR | Error de configuración de base de datos.","Exception: DataAccessException","EMAIL_QUEUE_ERROR"
"ERROR","AOCR_20260218.log","2026-02-18 02:42:00.608 | ERROR | CID:N/A | ERR:EMAIL_QUEUE_ERROR | Error de configuración de base de datos.","Exception: DataAccessException","EMAIL_QUEUE_ERROR"
"ERROR","AOCR_20260218.log","2026-02-18 02:42:30.673 | ERROR | CID:N/A | ERR:EMAIL_QUEUE_ERROR | Error de configuración de base de datos.","Exception: DataAccessException","EMAIL_QUEUE_ERROR"
"ERROR","AOCR_20260218.log","2026-02-18 02:43:00.722 | ERROR | CID:N/A | ERR:EMAIL_QUEUE_ERROR | Error de configuración de base de datos.","Exception: DataAccessException","EMAIL_QUEUE_ERROR"
"ERROR","AOCR_20260218.log","2026-02-18 02:43:30.773 | ERROR | CID:N/A | ERR:EMAIL_QUEUE_ERROR | Error de configuración de base de datos.","Exception: DataAccessException","EMAIL_QUEUE_ERROR"
"ERROR","AOCR_20260218.log","2026-02-18 02:44:00.828 | ERROR | CID:N/A | ERR:EMAIL_QUEUE_ERROR | Error de configuración de base de datos.","Exception: DataAccessException","EMAIL_QUEUE_ERROR"
"ERROR","AOCR_20260218.log","2026-02-18 02:44:30.892 | ERROR | CID:N/A | ERR:EMAIL_QUEUE_ERROR | Error de configuración de base de datos.","Exception: DataAccessException","EMAIL_QUEUE_ERROR"
"ERROR","AOCR_20260218.log","2026-02-18 02:45:00.953 | ERROR | CID:N/A | ERR:EMAIL_QUEUE_ERROR | Error de configuración de base de datos.","Exception: DataAccessException","EMAIL_QUEUE_ERROR"
"ERROR","AOCR_20260218.log","2026-02-18 02:45:31.022 | ERROR | CID:N/A | ERR:EMAIL_QUEUE_ERROR | Error de configuración de base de datos.","Exception: DataAccessException","EMAIL_QUEUE_ERROR"
"ERROR","AOCR_20260218.log","2026-02-18 02:46:01.080 | ERROR | CID:N/A | ERR:EMAIL_QUEUE_ERROR | Error de configuración de base de datos.","Exception: DataAccessException","EMAIL_QUEUE_ERROR"
"ERROR","AOCR_20260218.log","2026-02-18 02:46:31.140 | ERROR | CID:N/A | ERR:EMAIL_QUEUE_ERROR | Error de configuración de base de datos.","Exception: DataAccessException","EMAIL_QUEUE_ERROR"
"ERROR","AOCR_20260218.log","2026-02-18 02:47:01.192 | ERROR | CID:N/A | ERR:EMAIL_QUEUE_ERROR | Error de configuración de base de datos.","Exception: DataAccessException","EMAIL_QUEUE_ERROR"
"ERROR","AOCR_20260218.log","2026-02-18 02:47:31.246 | ERROR | CID:N/A | ERR:EMAIL_QUEUE_ERROR | Error de configuración de base de datos.","Exception: DataAccessException","EMAIL_QUEUE_ERROR"
"ERROR","AOCR_20260218.log","2026-02-18 02:48:01.289 | ERROR | CID:N/A | ERR:EMAIL_QUEUE_ERROR | Error de configuración de base de datos.","Exception: DataAccessException","EMAIL_QUEUE_ERROR"
"ERROR","AOCR_20260218.log","2026-02-18 02:48:31.331 | ERROR | CID:N/A | ERR:EMAIL_QUEUE_ERROR | Error de configuración de base de datos.","Exception: DataAccessException","EMAIL_QUEUE_ERROR"
"ERROR","AOCR_20260218.log","2026-02-18 02:49:01.374 | ERROR | CID:N/A | ERR:EMAIL_QUEUE_ERROR | Error de configuración de base de datos.","Exception: DataAccessException","EMAIL_QUEUE_ERROR"
"ERROR","AOCR_20260218.log","2026-02-18 02:49:31.432 | ERROR | CID:N/A | ERR:EMAIL_QUEUE_ERROR | Error de configuración de base de datos.","Exception: DataAccessException","EMAIL_QUEUE_ERROR"
"ERROR","AOCR_20260218.log","2026-02-18 02:50:01.500 | ERROR | CID:N/A | ERR:EMAIL_QUEUE_ERROR | Error de configuración de base de datos.","Exception: DataAccessException","EMAIL_QUEUE_ERROR"
"ERROR","AOCR_20260218.log","2026-02-18 02:50:31.558 | ERROR | CID:N/A | ERR:EMAIL_QUEUE_ERROR | Error de configuración de base de datos.","Exception: DataAccessException","EMAIL_QUEUE_ERROR"
"ERROR","AOCR_20260218.log","2026-02-18 02:51:01.610 | ERROR | CID:N/A | ERR:EMAIL_QUEUE_ERROR | Error de configuración de base de datos.","Exception: DataAccessException","EMAIL_QUEUE_ERROR"
"ERROR","AOCR_20260218.log","2026-02-18 02:51:31.667 | ERROR | CID:N/A | ERR:EMAIL_QUEUE_ERROR | Error de configuración de base de datos.","Exception: DataAccessException","EMAIL_QUEUE_ERROR"
"ERROR","AOCR_20260218.log","2026-02-18 02:52:01.719 | ERROR | CID:N/A | ERR:EMAIL_QUEUE_ERROR | Error de configuración de base de datos.","Exception: DataAccessException","EMAIL_QUEUE_ERROR"
"ERROR","AOCR_20260218.log","2026-02-18 02:52:31.787 | ERROR | CID:N/A | ERR:EMAIL_QUEUE_ERROR | Error de configuración de base de datos.","Exception: DataAccessException","EMAIL_QUEUE_ERROR"
"ERROR","AOCR_20260218.log","2026-02-18 02:53:01.847 | ERROR | CID:N/A | ERR:EMAIL_QUEUE_ERROR | Error de configuración de base de datos.","Exception: DataAccessException","EMAIL_QUEUE_ERROR"
"ERROR","AOCR_20260218.log","2026-02-18 02:53:31.909 | ERROR | CID:N/A | ERR:EMAIL_QUEUE_ERROR | Error de configuración de base de datos.","Exception: DataAccessException","EMAIL_QUEUE_ERROR"
"ERROR","AOCR_20260218.log","2026-02-18 02:54:01.969 | ERROR | CID:N/A | ERR:EMAIL_QUEUE_ERROR | Error de configuración de base de datos.","Exception: DataAccessException","EMAIL_QUEUE_ERROR"
"ERROR","AOCR_20260218.log","2026-02-18 02:54:32.026 | ERROR | CID:N/A | ERR:EMAIL_QUEUE_ERROR | Error de configuración de base de datos.","Exception: DataAccessException","EMAIL_QUEUE_ERROR"
"ERROR","AOCR_20260218.log","2026-02-18 02:55:02.089 | ERROR | CID:N/A | ERR:EMAIL_QUEUE_ERROR | Error de configuración de base de datos.","Exception: DataAccessException","EMAIL_QUEUE_ERROR"
"ERROR","AOCR_20260218.log","2026-02-18 02:55:32.155 | ERROR | CID:N/A | ERR:EMAIL_QUEUE_ERROR | Error de configuración de base de datos.","Exception: DataAccessException","EMAIL_QUEUE_ERROR"
"ERROR","AOCR_20260218.log","2026-02-18 02:56:02.218 | ERROR | CID:N/A | ERR:EMAIL_QUEUE_ERROR | Error de configuración de base de datos.","Exception: DataAccessException","EMAIL_QUEUE_ERROR"
"ERROR","AOCR_20260218.log","2026-02-18 02:56:32.276 | ERROR | CID:N/A | ERR:EMAIL_QUEUE_ERROR | Error de configuración de base de datos.","Exception: DataAccessException","EMAIL_QUEUE_ERROR"
"ERROR","AOCR_20260218.log","2026-02-18 02:57:02.345 | ERROR | CID:N/A | ERR:EMAIL_QUEUE_ERROR | Error de configuración de base de datos.","Exception: DataAccessException","EMAIL_QUEUE_ERROR"
"ERROR","AOCR_20260218.log","2026-02-18 02:57:32.394 | ERROR | CID:N/A | ERR:EMAIL_QUEUE_ERROR | Error de configuración de base de datos.","Exception: DataAccessException","EMAIL_QUEUE_ERROR"
"ERROR","AOCR_20260218.log","2026-02-18 02:58:02.460 | ERROR | CID:N/A | ERR:EMAIL_QUEUE_ERROR | Error de configuración de base de datos.","Exception: DataAccessException","EMAIL_QUEUE_ERROR"
"ERROR","AOCR_20260218.log","2026-02-18 02:58:32.508 | ERROR | CID:N/A | ERR:EMAIL_QUEUE_ERROR | Error de configuración de base de datos.","Exception: DataAccessException","EMAIL_QUEUE_ERROR"
"ERROR","AOCR_20260218.log","2026-02-18 02:59:02.582 | ERROR | CID:N/A | ERR:EMAIL_QUEUE_ERROR | Error de configuración de base de datos.","Exception: DataAccessException","EMAIL_QUEUE_ERROR"
"ERROR","AOCR_20260218.log","2026-02-18 02:59:32.642 | ERROR | CID:N/A | ERR:EMAIL_QUEUE_ERROR | Error de configuración de base de datos.","Exception: DataAccessException","EMAIL_QUEUE_ERROR"
"ERROR","AOCR_20260218.log","2026-02-18 03:00:02.711 | ERROR | CID:N/A | ERR:EMAIL_QUEUE_ERROR | Error de configuración de base de datos.","Exception: DataAccessException","EMAIL_QUEUE_ERROR"
"ERROR","AOCR_20260218.log","2026-02-18 03:00:32.768 | ERROR | CID:N/A | ERR:EMAIL_QUEUE_ERROR | Error de configuración de base de datos.","Exception: DataAccessException","EMAIL_QUEUE_ERROR"
"ERROR","AOCR_20260218.log","2026-02-18 03:01:02.833 | ERROR | CID:N/A | ERR:EMAIL_QUEUE_ERROR | Error de configuración de base de datos.","Exception: DataAccessException","EMAIL_QUEUE_ERROR"
"ERROR","AOCR_20260218.log","2026-02-18 03:01:32.891 | ERROR | CID:N/A | ERR:EMAIL_QUEUE_ERROR | Error de configuración de base de datos.","Exception: DataAccessException","EMAIL_QUEUE_ERROR"
"ERROR","AOCR_20260218.log","2026-02-18 03:02:02.960 | ERROR | CID:N/A | ERR:EMAIL_QUEUE_ERROR | Error de configuración de base de datos.","Exception: DataAccessException","EMAIL_QUEUE_ERROR"
"ERROR","AOCR_20260218.log","2026-02-18 03:02:33.028 | ERROR | CID:N/A | ERR:EMAIL_QUEUE_ERROR | Error de configuración de base de datos.","Exception: DataAccessException","EMAIL_QUEUE_ERROR"
"ERROR","AOCR_20260218.log","2026-02-18 03:03:03.087 | ERROR | CID:N/A | ERR:EMAIL_QUEUE_ERROR | Error de configuración de base de datos.","Exception: DataAccessException","EMAIL_QUEUE_ERROR"
"ERROR","AOCR_20260218.log","2026-02-18 03:03:33.154 | ERROR | CID:N/A | ERR:EMAIL_QUEUE_ERROR | Error de configuración de base de datos.","Exception: DataAccessException","EMAIL_QUEUE_ERROR"
"ERROR","AOCR_20260218.log","2026-02-18 03:04:03.211 | ERROR | CID:N/A | ERR:EMAIL_QUEUE_ERROR | Error de configuración de base de datos.","Exception: DataAccessException","EMAIL_QUEUE_ERROR"
"ERROR","AOCR_20260218.log","2026-02-18 03:04:33.273 | ERROR | CID:N/A | ERR:EMAIL_QUEUE_ERROR | Error de configuración de base de datos.","Exception: DataAccessException","EMAIL_QUEUE_ERROR"
"ERROR","AOCR_20260218.log","2026-02-18 03:05:03.331 | ERROR | CID:N/A | ERR:EMAIL_QUEUE_ERROR | Error de configuración de base de datos.","Exception: DataAccessException","EMAIL_QUEUE_ERROR"
"ERROR","AOCR_20260218.log","2026-02-18 03:05:33.405 | ERROR | CID:N/A | ERR:EMAIL_QUEUE_ERROR | Error de configuración de base de datos.","Exception: DataAccessException","EMAIL_QUEUE_ERROR"
"ERROR","AOCR_20260218.log","2026-02-18 03:06:03.466 | ERROR | CID:N/A | ERR:EMAIL_QUEUE_ERROR | Error de configuración de base de datos.","Exception: DataAccessException","EMAIL_QUEUE_ERROR"
"ERROR","AOCR_20260218.log","2026-02-18 03:06:33.538 | ERROR | CID:N/A | ERR:EMAIL_QUEUE_ERROR | Error de configuración de base de datos.","Exception: DataAccessException","EMAIL_QUEUE_ERROR"
"ERROR","AOCR_20260218.log","2026-02-18 03:07:03.611 | ERROR | CID:N/A | ERR:EMAIL_QUEUE_ERROR | Error de configuración de base de datos.","Exception: DataAccessException","EMAIL_QUEUE_ERROR"
"ERROR","AOCR_20260218.log","2026-02-18 03:07:33.677 | ERROR | CID:N/A | ERR:EMAIL_QUEUE_ERROR | Error de configuración de base de datos.","Exception: DataAccessException","EMAIL_QUEUE_ERROR"
"ERROR","AOCR_20260218.log","2026-02-18 03:08:03.731 | ERROR | CID:N/A | ERR:EMAIL_QUEUE_ERROR | Error de configuración de base de datos.","Exception: DataAccessException","EMAIL_QUEUE_ERROR"
"ERROR","AOCR_20260218.log","2026-02-18 03:08:33.790 | ERROR | CID:N/A | ERR:EMAIL_QUEUE_ERROR | Error de configuración de base de datos.","Exception: DataAccessException","EMAIL_QUEUE_ERROR"
"ERROR","AOCR_20260218.log","2026-02-18 03:09:03.847 | ERROR | CID:N/A | ERR:EMAIL_QUEUE_ERROR | Error de configuración de base de datos.","Exception: DataAccessException","EMAIL_QUEUE_ERROR"
"ERROR","AOCR_20260218.log","2026-02-18 03:09:33.908 | ERROR | CID:N/A | ERR:EMAIL_QUEUE_ERROR | Error de configuración de base de datos.","Exception: DataAccessException","EMAIL_QUEUE_ERROR"
"ERROR","AOCR_20260218.log","2026-02-18 03:10:03.969 | ERROR | CID:N/A | ERR:EMAIL_QUEUE_ERROR | Error de configuración de base de datos.","Exception: DataAccessException","EMAIL_QUEUE_ERROR"
"ERROR","AOCR_20260218.log","2026-02-18 03:10:34.021 | ERROR | CID:N/A | ERR:EMAIL_QUEUE_ERROR | Error de configuración de base de datos.","Exception: DataAccessException","EMAIL_QUEUE_ERROR"
"ERROR","AOCR_20260218.log","2026-02-18 03:11:04.068 | ERROR | CID:N/A | ERR:EMAIL_QUEUE_ERROR | Error de configuración de base de datos.","Exception: DataAccessException","EMAIL_QUEUE_ERROR"
"ERROR","AOCR_20260218.log","2026-02-18 03:11:34.130 | ERROR | CID:N/A | ERR:EMAIL_QUEUE_ERROR | Error de configuración de base de datos.","Exception: DataAccessException","EMAIL_QUEUE_ERROR"
"ERROR","AOCR_20260218.log","2026-02-18 03:12:04.178 | ERROR | CID:N/A | ERR:EMAIL_QUEUE_ERROR | Error de configuración de base de datos.","Exception: DataAccessException","EMAIL_QUEUE_ERROR"
"ERROR","AOCR_20260218.log","2026-02-18 03:12:34.228 | ERROR | CID:N/A | ERR:EMAIL_QUEUE_ERROR | Error de configuración de base de datos.","Exception: DataAccessException","EMAIL_QUEUE_ERROR"
"ERROR","AOCR_20260218.log","2026-02-18 03:13:04.285 | ERROR | CID:N/A | ERR:EMAIL_QUEUE_ERROR | Error de configuración de base de datos.","Exception: DataAccessException","EMAIL_QUEUE_ERROR"
"ERROR","AOCR_20260218.log","2026-02-18 03:13:34.340 | ERROR | CID:N/A | ERR:EMAIL_QUEUE_ERROR | Error de configuración de base de datos.","Exception: DataAccessException","EMAIL_QUEUE_ERROR"
"ERROR","AOCR_20260218.log","2026-02-18 03:14:04.398 | ERROR | CID:N/A | ERR:EMAIL_QUEUE_ERROR | Error de configuración de base de datos.","Exception: DataAccessException","EMAIL_QUEUE_ERROR"
"ERROR","AOCR_20260218.log","2026-02-18 03:14:34.450 | ERROR | CID:N/A | ERR:EMAIL_QUEUE_ERROR | Error de configuración de base de datos.","Exception: DataAccessException","EMAIL_QUEUE_ERROR"
"ERROR","AOCR_20260218.log","2026-02-18 03:15:04.513 | ERROR | CID:N/A | ERR:EMAIL_QUEUE_ERROR | Error de configuración de base de datos.","Exception: DataAccessException","EMAIL_QUEUE_ERROR"
"ERROR","AOCR_20260218.log","2026-02-18 03:15:34.568 | ERROR | CID:N/A | ERR:EMAIL_QUEUE_ERROR | Error de configuración de base de datos.","Exception: DataAccessException","EMAIL_QUEUE_ERROR"
"ERROR","AOCR_20260218.log","2026-02-18 03:16:04.636 | ERROR | CID:N/A | ERR:EMAIL_QUEUE_ERROR | Error de configuración de base de datos.","Exception: DataAccessException","EMAIL_QUEUE_ERROR"
"ERROR","AOCR_20260218.log","2026-02-18 03:16:34.692 | ERROR | CID:N/A | ERR:EMAIL_QUEUE_ERROR | Error de configuración de base de datos.","Exception: DataAccessException","EMAIL_QUEUE_ERROR"
"ERROR","AOCR_20260218.log","2026-02-18 03:17:04.749 | ERROR | CID:N/A | ERR:EMAIL_QUEUE_ERROR | Error de configuración de base de datos.","Exception: DataAccessException","EMAIL_QUEUE_ERROR"
"ERROR","AOCR_20260218.log","2026-02-18 03:17:34.800 | ERROR | CID:N/A | ERR:EMAIL_QUEUE_ERROR | Error de configuración de base de datos.","Exception: DataAccessException","EMAIL_QUEUE_ERROR"
"ERROR","AOCR_20260218.log","2026-02-18 03:18:04.850 | ERROR | CID:N/A | ERR:EMAIL_QUEUE_ERROR | Error de configuración de base de datos.","Exception: DataAccessException","EMAIL_QUEUE_ERROR"
"ERROR","AOCR_20260218.log","2026-02-18 03:18:34.902 | ERROR | CID:N/A | ERR:EMAIL_QUEUE_ERROR | Error de configuración de base de datos.","Exception: DataAccessException","EMAIL_QUEUE_ERROR"
"ERROR","AOCR_20260218.log","2026-02-18 03:19:04.955 | ERROR | CID:N/A | ERR:EMAIL_QUEUE_ERROR | Error de configuración de base de datos.","Exception: DataAccessException","EMAIL_QUEUE_ERROR"
"ERROR","AOCR_20260218.log","2026-02-18 03:19:35.012 | ERROR | CID:N/A | ERR:EMAIL_QUEUE_ERROR | Error de configuración de base de datos.","Exception: DataAccessException","EMAIL_QUEUE_ERROR"
"ERROR","AOCR_20260218.log","2026-02-18 03:20:05.056 | ERROR | CID:N/A | ERR:EMAIL_QUEUE_ERROR | Error de configuración de base de datos.","Exception: DataAccessException","EMAIL_QUEUE_ERROR"
"ERROR","AOCR_20260218.log","2026-02-18 03:20:35.127 | ERROR | CID:N/A | ERR:EMAIL_QUEUE_ERROR | Error de configuración de base de datos.","Exception: DataAccessException","EMAIL_QUEUE_ERROR"
"ERROR","AOCR_20260218.log","2026-02-18 03:21:05.182 | ERROR | CID:N/A | ERR:EMAIL_QUEUE_ERROR | Error de configuración de base de datos.","Exception: DataAccessException","EMAIL_QUEUE_ERROR"
"ERROR","AOCR_20260218.log","2026-02-18 03:21:35.247 | ERROR | CID:N/A | ERR:EMAIL_QUEUE_ERROR | Error de configuración de base de datos.","Exception: DataAccessException","EMAIL_QUEUE_ERROR"
"ERROR","AOCR_20260218.log","2026-02-18 03:22:05.293 | ERROR | CID:N/A | ERR:EMAIL_QUEUE_ERROR | Error de configuración de base de datos.","Exception: DataAccessException","EMAIL_QUEUE_ERROR"
"ERROR","AOCR_20260218.log","2026-02-18 03:22:35.349 | ERROR | CID:N/A | ERR:EMAIL_QUEUE_ERROR | Error de configuración de base de datos.","Exception: DataAccessException","EMAIL_QUEUE_ERROR"
"ERROR","AOCR_20260218.log","2026-02-18 03:23:05.398 | ERROR | CID:N/A | ERR:EMAIL_QUEUE_ERROR | Error de configuración de base de datos.","Exception: DataAccessException","EMAIL_QUEUE_ERROR"
"ERROR","AOCR_20260218.log","2026-02-18 03:23:35.462 | ERROR | CID:N/A | ERR:EMAIL_QUEUE_ERROR | Error de configuración de base de datos.","Exception: DataAccessException","EMAIL_QUEUE_ERROR"
"ERROR","AOCR_20260218.log","2026-02-18 03:24:05.525 | ERROR | CID:N/A | ERR:EMAIL_QUEUE_ERROR | Error de configuración de base de datos.","Exception: DataAccessException","EMAIL_QUEUE_ERROR"
"ERROR","AOCR_20260218.log","2026-02-18 03:24:35.589 | ERROR | CID:N/A | ERR:EMAIL_QUEUE_ERROR | Error de configuración de base de datos.","Exception: DataAccessException","EMAIL_QUEUE_ERROR"
"ERROR","AOCR_20260218.log","2026-02-18 03:25:05.640 | ERROR | CID:N/A | ERR:EMAIL_QUEUE_ERROR | Error de configuración de base de datos.","Exception: DataAccessException","EMAIL_QUEUE_ERROR"
"ERROR","AOCR_20260218.log","2026-02-18 03:25:35.704 | ERROR | CID:N/A | ERR:EMAIL_QUEUE_ERROR | Error de configuración de base de datos.","Exception: DataAccessException","EMAIL_QUEUE_ERROR"
"ERROR","AOCR_20260218.log","2026-02-18 03:26:05.766 | ERROR | CID:N/A | ERR:EMAIL_QUEUE_ERROR | Error de configuración de base de datos.","Exception: DataAccessException","EMAIL_QUEUE_ERROR"
"ERROR","AOCR_20260218.log","2026-02-18 03:26:35.843 | ERROR | CID:N/A | ERR:EMAIL_QUEUE_ERROR | Error de configuración de base de datos.","Exception: DataAccessException","EMAIL_QUEUE_ERROR"
"ERROR","AOCR_20260218.log","2026-02-18 03:27:05.910 | ERROR | CID:N/A | ERR:EMAIL_QUEUE_ERROR | Error de configuración de base de datos.","Exception: DataAccessException","EMAIL_QUEUE_ERROR"
"ERROR","AOCR_20260218.log","2026-02-18 03:27:35.978 | ERROR | CID:N/A | ERR:EMAIL_QUEUE_ERROR | Error de configuración de base de datos.","Exception: DataAccessException","EMAIL_QUEUE_ERROR"
"ERROR","AOCR_20260218.log","2026-02-18 03:28:06.051 | ERROR | CID:N/A | ERR:EMAIL_QUEUE_ERROR | Error de configuración de base de datos.","Exception: DataAccessException","EMAIL_QUEUE_ERROR"
"ERROR","AOCR_20260218.log","2026-02-18 03:28:36.106 | ERROR | CID:N/A | ERR:EMAIL_QUEUE_ERROR | Error de configuración de base de datos.","Exception: DataAccessException","EMAIL_QUEUE_ERROR"
"ERROR","AOCR_20260218.log","2026-02-18 03:29:06.164 | ERROR | CID:N/A | ERR:EMAIL_QUEUE_ERROR | Error de configuración de base de datos.","Exception: DataAccessException","EMAIL_QUEUE_ERROR"
"ERROR","AOCR_20260218.log","2026-02-18 03:29:36.229 | ERROR | CID:N/A | ERR:EMAIL_QUEUE_ERROR | Error de configuración de base de datos.","Exception: DataAccessException","EMAIL_QUEUE_ERROR"
"ERROR","AOCR_20260218.log","2026-02-18 03:30:06.285 | ERROR | CID:N/A | ERR:EMAIL_QUEUE_ERROR | Error de configuración de base de datos.","Exception: DataAccessException","EMAIL_QUEUE_ERROR"
"ERROR","AOCR_20260218.log","2026-02-18 03:30:36.345 | ERROR | CID:N/A | ERR:EMAIL_QUEUE_ERROR | Error de configuración de base de datos.","Exception: DataAccessException","EMAIL_QUEUE_ERROR"
"ERROR","AOCR_20260218.log","2026-02-18 03:31:06.407 | ERROR | CID:N/A | ERR:EMAIL_QUEUE_ERROR | Error de configuración de base de datos.","Exception: DataAccessException","EMAIL_QUEUE_ERROR"
"ERROR","AOCR_20260218.log","2026-02-18 03:31:36.456 | ERROR | CID:N/A | ERR:EMAIL_QUEUE_ERROR | Error de configuración de base de datos.","Exception: DataAccessException","EMAIL_QUEUE_ERROR"
"ERROR","AOCR_20260218.log","2026-02-18 03:32:06.510 | ERROR | CID:N/A | ERR:EMAIL_QUEUE_ERROR | Error de configuración de base de datos.","Exception: DataAccessException","EMAIL_QUEUE_ERROR"
"ERROR","AOCR_20260218.log","2026-02-18 03:32:36.568 | ERROR | CID:N/A | ERR:EMAIL_QUEUE_ERROR | Error de configuración de base de datos.","Exception: DataAccessException","EMAIL_QUEUE_ERROR"
"ERROR","AOCR_20260218.log","2026-02-18 03:33:06.619 | ERROR | CID:N/A | ERR:EMAIL_QUEUE_ERROR | Error de configuración de base de datos.","Exception: DataAccessException","EMAIL_QUEUE_ERROR"
"ERROR","AOCR_20260218.log","2026-02-18 03:33:36.669 | ERROR | CID:N/A | ERR:EMAIL_QUEUE_ERROR | Error de configuración de base de datos.","Exception: DataAccessException","EMAIL_QUEUE_ERROR"
"ERROR","AOCR_20260218.log","2026-02-18 03:34:06.731 | ERROR | CID:N/A | ERR:EMAIL_QUEUE_ERROR | Error de configuración de base de datos.","Exception: DataAccessException","EMAIL_QUEUE_ERROR"
"ERROR","AOCR_20260218.log","2026-02-18 03:34:36.800 | ERROR | CID:N/A | ERR:EMAIL_QUEUE_ERROR | Error de configuración de base de datos.","Exception: DataAccessException","EMAIL_QUEUE_ERROR"
"ERROR","AOCR_20260218.log","2026-02-18 03:35:06.868 | ERROR | CID:N/A | ERR:EMAIL_QUEUE_ERROR | Error de configuración de base de datos.","Exception: DataAccessException","EMAIL_QUEUE_ERROR"
"ERROR","AOCR_20260218.log","2026-02-18 03:35:36.921 | ERROR | CID:N/A | ERR:EMAIL_QUEUE_ERROR | Error de configuración de base de datos.","Exception: DataAccessException","EMAIL_QUEUE_ERROR"
"ERROR","AOCR_20260218.log","2026-02-18 03:36:06.987 | ERROR | CID:N/A | ERR:EMAIL_QUEUE_ERROR | Error de configuración de base de datos.","Exception: DataAccessException","EMAIL_QUEUE_ERROR"
"ERROR","AOCR_20260218.log","2026-02-18 03:36:37.037 | ERROR | CID:N/A | ERR:EMAIL_QUEUE_ERROR | Error de configuración de base de datos.","Exception: DataAccessException","EMAIL_QUEUE_ERROR"
"ERROR","AOCR_20260218.log","2026-02-18 03:37:07.096 | ERROR | CID:N/A | ERR:EMAIL_QUEUE_ERROR | Error de configuración de base de datos.","Exception: DataAccessException","EMAIL_QUEUE_ERROR"
"ERROR","AOCR_20260218.log","2026-02-18 03:37:37.169 | ERROR | CID:N/A | ERR:EMAIL_QUEUE_ERROR | Error de configuración de base de datos.","Exception: DataAccessException","EMAIL_QUEUE_ERROR"
"ERROR","AOCR_20260218.log","2026-02-18 03:38:07.241 | ERROR | CID:N/A | ERR:EMAIL_QUEUE_ERROR | Error de configuración de base de datos.","Exception: DataAccessException","EMAIL_QUEUE_ERROR"
"ERROR","AOCR_20260218.log","2026-02-18 03:38:37.308 | ERROR | CID:N/A | ERR:EMAIL_QUEUE_ERROR | Error de configuración de base de datos.","Exception: DataAccessException","EMAIL_QUEUE_ERROR"
"ERROR","AOCR_20260218.log","2026-02-18 03:39:07.356 | ERROR | CID:N/A | ERR:EMAIL_QUEUE_ERROR | Error de configuración de base de datos.","Exception: DataAccessException","EMAIL_QUEUE_ERROR"
"ERROR","AOCR_20260218.log","2026-02-18 03:39:37.414 | ERROR | CID:N/A | ERR:EMAIL_QUEUE_ERROR | Error de configuración de base de datos.","Exception: DataAccessException","EMAIL_QUEUE_ERROR"
"ERROR","AOCR_20260218.log","2026-02-18 03:40:07.468 | ERROR | CID:N/A | ERR:EMAIL_QUEUE_ERROR | Error de configuración de base de datos.","Exception: DataAccessException","EMAIL_QUEUE_ERROR"
"ERROR","AOCR_20260218.log","2026-02-18 03:40:37.521 | ERROR | CID:N/A | ERR:EMAIL_QUEUE_ERROR | Error de configuración de base de datos.","Exception: DataAccessException","EMAIL_QUEUE_ERROR"
"ERROR","AOCR_20260218.log","2026-02-18 03:41:07.584 | ERROR | CID:N/A | ERR:EMAIL_QUEUE_ERROR | Error de configuración de base de datos.","Exception: DataAccessException","EMAIL_QUEUE_ERROR"
"ERROR","AOCR_20260218.log","2026-02-18 03:41:37.641 | ERROR | CID:N/A | ERR:EMAIL_QUEUE_ERROR | Error de configuración de base de datos.","Exception: DataAccessException","EMAIL_QUEUE_ERROR"
"ERROR","AOCR_20260218.log","2026-02-18 03:42:07.712 | ERROR | CID:N/A | ERR:EMAIL_QUEUE_ERROR | Error de configuración de base de datos.","Exception: DataAccessException","EMAIL_QUEUE_ERROR"
"ERROR","AOCR_20260218.log","2026-02-18 03:42:37.778 | ERROR | CID:N/A | ERR:EMAIL_QUEUE_ERROR | Error de configuración de base de datos.","Exception: DataAccessException","EMAIL_QUEUE_ERROR"
"ERROR","AOCR_20260218.log","2026-02-18 03:43:07.834 | ERROR | CID:N/A | ERR:EMAIL_QUEUE_ERROR | Error de configuración de base de datos.","Exception: DataAccessException","EMAIL_QUEUE_ERROR"
"ERROR","AOCR_20260218.log","2026-02-18 03:43:37.905 | ERROR | CID:N/A | ERR:EMAIL_QUEUE_ERROR | Error de configuración de base de datos.","Exception: DataAccessException","EMAIL_QUEUE_ERROR"
"ERROR","AOCR_20260218.log","2026-02-18 03:44:07.972 | ERROR | CID:N/A | ERR:EMAIL_QUEUE_ERROR | Error de configuración de base de datos.","Exception: DataAccessException","EMAIL_QUEUE_ERROR"
"ERROR","AOCR_20260218.log","2026-02-18 03:44:38.031 | ERROR | CID:N/A | ERR:EMAIL_QUEUE_ERROR | Error de configuración de base de datos.","Exception: DataAccessException","EMAIL_QUEUE_ERROR"
"ERROR","AOCR_20260218.log","2026-02-18 03:45:08.091 | ERROR | CID:N/A | ERR:EMAIL_QUEUE_ERROR | Error de configuración de base de datos.","Exception: DataAccessException","EMAIL_QUEUE_ERROR"
"ERROR","AOCR_20260218.log","2026-02-18 03:45:38.154 | ERROR | CID:N/A | ERR:EMAIL_QUEUE_ERROR | Error de configuración de base de datos.","Exception: DataAccessException","EMAIL_QUEUE_ERROR"
"ERROR","AOCR_20260218.log","2026-02-18 03:46:08.210 | ERROR | CID:N/A | ERR:EMAIL_QUEUE_ERROR | Error de configuración de base de datos.","Exception: DataAccessException","EMAIL_QUEUE_ERROR"
"ERROR","AOCR_20260218.log","2026-02-18 03:46:38.276 | ERROR | CID:N/A | ERR:EMAIL_QUEUE_ERROR | Error de configuración de base de datos.","Exception: DataAccessException","EMAIL_QUEUE_ERROR"
"ERROR","AOCR_20260218.log","2026-02-18 03:47:08.338 | ERROR | CID:N/A | ERR:EMAIL_QUEUE_ERROR | Error de configuración de base de datos.","Exception: DataAccessException","EMAIL_QUEUE_ERROR"
"ERROR","AOCR_20260218.log","2026-02-18 03:47:38.402 | ERROR | CID:N/A | ERR:EMAIL_QUEUE_ERROR | Error de configuración de base de datos.","Exception: DataAccessException","EMAIL_QUEUE_ERROR"
"ERROR","AOCR_20260218.log","2026-02-18 03:48:08.460 | ERROR | CID:N/A | ERR:EMAIL_QUEUE_ERROR | Error de configuración de base de datos.","Exception: DataAccessException","EMAIL_QUEUE_ERROR"
"ERROR","AOCR_20260218.log","2026-02-18 03:48:38.519 | ERROR | CID:N/A | ERR:EMAIL_QUEUE_ERROR | Error de configuración de base de datos.","Exception: DataAccessException","EMAIL_QUEUE_ERROR"
"ERROR","AOCR_20260218.log","2026-02-18 03:49:08.573 | ERROR | CID:N/A | ERR:EMAIL_QUEUE_ERROR | Error de configuración de base de datos.","Exception: DataAccessException","EMAIL_QUEUE_ERROR"
"ERROR","AOCR_20260218.log","2026-02-18 03:49:38.630 | ERROR | CID:N/A | ERR:EMAIL_QUEUE_ERROR | Error de configuración de base de datos.","Exception: DataAccessException","EMAIL_QUEUE_ERROR"
"ERROR","AOCR_20260218.log","2026-02-18 03:50:08.684 | ERROR | CID:N/A | ERR:EMAIL_QUEUE_ERROR | Error de configuración de base de datos.","Exception: DataAccessException","EMAIL_QUEUE_ERROR"
"ERROR","AOCR_20260218.log","2026-02-18 03:50:38.755 | ERROR | CID:N/A | ERR:EMAIL_QUEUE_ERROR | Error de configuración de base de datos.","Exception: DataAccessException","EMAIL_QUEUE_ERROR"
"ERROR","AOCR_20260218.log","2026-02-18 03:51:08.806 | ERROR | CID:N/A | ERR:EMAIL_QUEUE_ERROR | Error de configuración de base de datos.","Exception: DataAccessException","EMAIL_QUEUE_ERROR"
"ERROR","AOCR_20260218.log","2026-02-18 03:51:38.865 | ERROR | CID:N/A | ERR:EMAIL_QUEUE_ERROR | Error de configuración de base de datos.","Exception: DataAccessException","EMAIL_QUEUE_ERROR"
"ERROR","AOCR_20260218.log","2026-02-18 03:52:08.930 | ERROR | CID:N/A | ERR:EMAIL_QUEUE_ERROR | Error de configuración de base de datos.","Exception: DataAccessException","EMAIL_QUEUE_ERROR"
"ERROR","AOCR_20260218.log","2026-02-18 03:52:38.993 | ERROR | CID:N/A | ERR:EMAIL_QUEUE_ERROR | Error de configuración de base de datos.","Exception: DataAccessException","EMAIL_QUEUE_ERROR"
"ERROR","AOCR_20260218.log","2026-02-18 03:53:09.054 | ERROR | CID:N/A | ERR:EMAIL_QUEUE_ERROR | Error de configuración de base de datos.","Exception: DataAccessException","EMAIL_QUEUE_ERROR"
"ERROR","AOCR_20260218.log","2026-02-18 03:53:39.130 | ERROR | CID:N/A | ERR:EMAIL_QUEUE_ERROR | Error de configuración de base de datos.","Exception: DataAccessException","EMAIL_QUEUE_ERROR"
"ERROR","AOCR_20260218.log","2026-02-18 03:54:09.184 | ERROR | CID:N/A | ERR:EMAIL_QUEUE_ERROR | Error de configuración de base de datos.","Exception: DataAccessException","EMAIL_QUEUE_ERROR"
"ERROR","AOCR_20260218.log","2026-02-18 03:54:39.246 | ERROR | CID:N/A | ERR:EMAIL_QUEUE_ERROR | Error de configuración de base de datos.","Exception: DataAccessException","EMAIL_QUEUE_ERROR"
"ERROR","AOCR_20260218.log","2026-02-18 03:55:09.310 | ERROR | CID:N/A | ERR:EMAIL_QUEUE_ERROR | Error de configuración de base de datos.","Exception: DataAccessException","EMAIL_QUEUE_ERROR"
"ERROR","AOCR_20260218.log","2026-02-18 03:55:39.389 | ERROR | CID:N/A | ERR:EMAIL_QUEUE_ERROR | Error de configuración de base de datos.","Exception: DataAccessException","EMAIL_QUEUE_ERROR"
"ERROR","AOCR_20260218.log","2026-02-18 03:56:09.447 | ERROR | CID:N/A | ERR:EMAIL_QUEUE_ERROR | Error de configuración de base de datos.","Exception: DataAccessException","EMAIL_QUEUE_ERROR"
"ERROR","AOCR_20260218.log","2026-02-18 03:56:39.515 | ERROR | CID:N/A | ERR:EMAIL_QUEUE_ERROR | Error de configuración de base de datos.","Exception: DataAccessException","EMAIL_QUEUE_ERROR"
"ERROR","AOCR_20260218.log","2026-02-18 03:57:09.575 | ERROR | CID:N/A | ERR:EMAIL_QUEUE_ERROR | Error de configuración de base de datos.","Exception: DataAccessException","EMAIL_QUEUE_ERROR"
"ERROR","AOCR_20260218.log","2026-02-18 03:57:39.656 | ERROR | CID:N/A | ERR:EMAIL_QUEUE_ERROR | Error de configuración de base de datos.","Exception: DataAccessException","EMAIL_QUEUE_ERROR"
"ERROR","AOCR_20260218.log","2026-02-18 03:58:09.709 | ERROR | CID:N/A | ERR:EMAIL_QUEUE_ERROR | Error de configuración de base de datos.","Exception: DataAccessException","EMAIL_QUEUE_ERROR"
"ERROR","AOCR_20260218.log","2026-02-18 03:58:39.771 | ERROR | CID:N/A | ERR:EMAIL_QUEUE_ERROR | Error de configuración de base de datos.","Exception: DataAccessException","EMAIL_QUEUE_ERROR"
"ERROR","AOCR_20260218.log","2026-02-18 03:59:09.832 | ERROR | CID:N/A | ERR:EMAIL_QUEUE_ERROR | Error de configuración de base de datos.","Exception: DataAccessException","EMAIL_QUEUE_ERROR"
"ERROR","AOCR_20260218.log","2026-02-18 03:59:39.896 | ERROR | CID:N/A | ERR:EMAIL_QUEUE_ERROR | Error de configuración de base de datos.","Exception: DataAccessException","EMAIL_QUEUE_ERROR"
"ERROR","AOCR_20260218.log","2026-02-18 04:00:09.956 | ERROR | CID:N/A | ERR:EMAIL_QUEUE_ERROR | Error de configuración de base de datos.","Exception: DataAccessException","EMAIL_QUEUE_ERROR"
"ERROR","AOCR_20260218.log","2026-02-18 04:00:40.021 | ERROR | CID:N/A | ERR:EMAIL_QUEUE_ERROR | Error de configuración de base de datos.","Exception: DataAccessException","EMAIL_QUEUE_ERROR"
"ERROR","AOCR_20260218.log","2026-02-18 04:01:10.088 | ERROR | CID:N/A | ERR:EMAIL_QUEUE_ERROR | Error de configuración de base de datos.","Exception: DataAccessException","EMAIL_QUEUE_ERROR"
"ERROR","AOCR_20260218.log","2026-02-18 04:01:40.164 | ERROR | CID:N/A | ERR:EMAIL_QUEUE_ERROR | Error de configuración de base de datos.","Exception: DataAccessException","EMAIL_QUEUE_ERROR"
"ERROR","AOCR_20260218.log","2026-02-18 04:02:10.231 | ERROR | CID:N/A | ERR:EMAIL_QUEUE_ERROR | Error de configuración de base de datos.","Exception: DataAccessException","EMAIL_QUEUE_ERROR"
"ERROR","AOCR_20260218.log","2026-02-18 04:02:40.285 | ERROR | CID:N/A | ERR:EMAIL_QUEUE_ERROR | Error de configuración de base de datos.","Exception: DataAccessException","EMAIL_QUEUE_ERROR"
"ERROR","AOCR_20260218.log","2026-02-18 04:03:10.342 | ERROR | CID:N/A | ERR:EMAIL_QUEUE_ERROR | Error de configuración de base de datos.","Exception: DataAccessException","EMAIL_QUEUE_ERROR"
"ERROR","AOCR_20260218.log","2026-02-18 04:03:40.405 | ERROR | CID:N/A | ERR:EMAIL_QUEUE_ERROR | Error de configuración de base de datos.","Exception: DataAccessException","EMAIL_QUEUE_ERROR"
"ERROR","AOCR_20260218.log","2026-02-18 04:04:10.486 | ERROR | CID:N/A | ERR:EMAIL_QUEUE_ERROR | Error de configuración de base de datos.","Exception: DataAccessException","EMAIL_QUEUE_ERROR"
"ERROR","AOCR_20260218.log","2026-02-18 04:04:40.531 | ERROR | CID:N/A | ERR:EMAIL_QUEUE_ERROR | Error de configuración de base de datos.","Exception: DataAccessException","EMAIL_QUEUE_ERROR"
"ERROR","AOCR_20260218.log","2026-02-18 04:05:10.602 | ERROR | CID:N/A | ERR:EMAIL_QUEUE_ERROR | Error de configuración de base de datos.","Exception: DataAccessException","EMAIL_QUEUE_ERROR"
"ERROR","AOCR_20260218.log","2026-02-18 04:05:40.656 | ERROR | CID:N/A | ERR:EMAIL_QUEUE_ERROR | Error de configuración de base de datos.","Exception: DataAccessException","EMAIL_QUEUE_ERROR"
"ERROR","AOCR_20260218.log","2026-02-18 04:06:10.724 | ERROR | CID:N/A | ERR:EMAIL_QUEUE_ERROR | Error de configuración de base de datos.","Exception: DataAccessException","EMAIL_QUEUE_ERROR"
"ERROR","AOCR_20260218.log","2026-02-18 04:06:40.799 | ERROR | CID:N/A | ERR:EMAIL_QUEUE_ERROR | Error de configuración de base de datos.","Exception: DataAccessException","EMAIL_QUEUE_ERROR"
"ERROR","AOCR_20260218.log","2026-02-18 04:07:10.846 | ERROR | CID:N/A | ERR:EMAIL_QUEUE_ERROR | Error de configuración de base de datos.","Exception: DataAccessException","EMAIL_QUEUE_ERROR"
"ERROR","AOCR_20260218.log","2026-02-18 04:07:40.896 | ERROR | CID:N/A | ERR:EMAIL_QUEUE_ERROR | Error de configuración de base de datos.","Exception: DataAccessException","EMAIL_QUEUE_ERROR"
"ERROR","AOCR_20260218.log","2026-02-18 04:08:10.945 | ERROR | CID:N/A | ERR:EMAIL_QUEUE_ERROR | Error de configuración de base de datos.","Exception: DataAccessException","EMAIL_QUEUE_ERROR"
"ERROR","AOCR_20260218.log","2026-02-18 04:08:40.999 | ERROR | CID:N/A | ERR:EMAIL_QUEUE_ERROR | Error de configuración de base de datos.","Exception: DataAccessException","EMAIL_QUEUE_ERROR"
"ERROR","AOCR_20260218.log","2026-02-18 04:09:11.052 | ERROR | CID:N/A | ERR:EMAIL_QUEUE_ERROR | Error de configuración de base de datos.","Exception: DataAccessException","EMAIL_QUEUE_ERROR"
"ERROR","AOCR_20260218.log","2026-02-18 04:09:41.106 | ERROR | CID:N/A | ERR:EMAIL_QUEUE_ERROR | Error de configuración de base de datos.","Exception: DataAccessException","EMAIL_QUEUE_ERROR"
"ERROR","AOCR_20260218.log","2026-02-18 04:10:11.169 | ERROR | CID:N/A | ERR:EMAIL_QUEUE_ERROR | Error de configuración de base de datos.","Exception: DataAccessException","EMAIL_QUEUE_ERROR"
"ERROR","AOCR_20260218.log","2026-02-18 04:10:41.222 | ERROR | CID:N/A | ERR:EMAIL_QUEUE_ERROR | Error de configuración de base de datos.","Exception: DataAccessException","EMAIL_QUEUE_ERROR"
"ERROR","AOCR_20260218.log","2026-02-18 04:11:11.282 | ERROR | CID:N/A | ERR:EMAIL_QUEUE_ERROR | Error de configuración de base de datos.","Exception: DataAccessException","EMAIL_QUEUE_ERROR"
"ERROR","AOCR_20260218.log","2026-02-18 04:11:41.345 | ERROR | CID:N/A | ERR:EMAIL_QUEUE_ERROR | Error de configuración de base de datos.","Exception: DataAccessException","EMAIL_QUEUE_ERROR"
"ERROR","AOCR_20260218.log","2026-02-18 04:12:11.410 | ERROR | CID:N/A | ERR:EMAIL_QUEUE_ERROR | Error de configuración de base de datos.","Exception: DataAccessException","EMAIL_QUEUE_ERROR"
"ERROR","AOCR_20260218.log","2026-02-18 04:12:41.470 | ERROR | CID:N/A | ERR:EMAIL_QUEUE_ERROR | Error de configuración de base de datos.","Exception: DataAccessException","EMAIL_QUEUE_ERROR"
"ERROR","AOCR_20260218.log","2026-02-18 04:13:11.540 | ERROR | CID:N/A | ERR:EMAIL_QUEUE_ERROR | Error de configuración de base de datos.","Exception: DataAccessException","EMAIL_QUEUE_ERROR"
"ERROR","AOCR_20260218.log","2026-02-18 04:13:41.604 | ERROR | CID:N/A | ERR:EMAIL_QUEUE_ERROR | Error de configuración de base de datos.","Exception: DataAccessException","EMAIL_QUEUE_ERROR"
"ERROR","AOCR_20260218.log","2026-02-18 04:14:11.664 | ERROR | CID:N/A | ERR:EMAIL_QUEUE_ERROR | Error de configuración de base de datos.","Exception: DataAccessException","EMAIL_QUEUE_ERROR"
"ERROR","AOCR_20260218.log","2026-02-18 04:14:41.718 | ERROR | CID:N/A | ERR:EMAIL_QUEUE_ERROR | Error de configuración de base de datos.","Exception: DataAccessException","EMAIL_QUEUE_ERROR"
"ERROR","AOCR_20260218.log","2026-02-18 04:15:11.769 | ERROR | CID:N/A | ERR:EMAIL_QUEUE_ERROR | Error de configuración de base de datos.","Exception: DataAccessException","EMAIL_QUEUE_ERROR"
"ERROR","AOCR_20260218.log","2026-02-18 04:15:41.821 | ERROR | CID:N/A | ERR:EMAIL_QUEUE_ERROR | Error de configuración de base de datos.","Exception: DataAccessException","EMAIL_QUEUE_ERROR"
"ERROR","AOCR_20260218.log","2026-02-18 04:16:11.874 | ERROR | CID:N/A | ERR:EMAIL_QUEUE_ERROR | Error de configuración de base de datos.","Exception: DataAccessException","EMAIL_QUEUE_ERROR"
"ERROR","AOCR_20260218.log","2026-02-18 04:16:41.935 | ERROR | CID:N/A | ERR:EMAIL_QUEUE_ERROR | Error de configuración de base de datos.","Exception: DataAccessException","EMAIL_QUEUE_ERROR"
"ERROR","AOCR_20260218.log","2026-02-18 04:17:12.006 | ERROR | CID:N/A | ERR:EMAIL_QUEUE_ERROR | Error de configuración de base de datos.","Exception: DataAccessException","EMAIL_QUEUE_ERROR"
"ERROR","AOCR_20260218.log","2026-02-18 04:17:42.082 | ERROR | CID:N/A | ERR:EMAIL_QUEUE_ERROR | Error de configuración de base de datos.","Exception: DataAccessException","EMAIL_QUEUE_ERROR"
"ERROR","AOCR_20260218.log","2026-02-18 04:18:12.135 | ERROR | CID:N/A | ERR:EMAIL_QUEUE_ERROR | Error de configuración de base de datos.","Exception: DataAccessException","EMAIL_QUEUE_ERROR"
"ERROR","AOCR_20260218.log","2026-02-18 04:18:42.205 | ERROR | CID:N/A | ERR:EMAIL_QUEUE_ERROR | Error de configuración de base de datos.","Exception: DataAccessException","EMAIL_QUEUE_ERROR"
"ERROR","AOCR_20260218.log","2026-02-18 04:19:12.258 | ERROR | CID:N/A | ERR:EMAIL_QUEUE_ERROR | Error de configuración de base de datos.","Exception: DataAccessException","EMAIL_QUEUE_ERROR"
"ERROR","AOCR_20260218.log","2026-02-18 04:19:42.318 | ERROR | CID:N/A | ERR:EMAIL_QUEUE_ERROR | Error de configuración de base de datos.","Exception: DataAccessException","EMAIL_QUEUE_ERROR"
"ERROR","AOCR_20260218.log","2026-02-18 04:20:12.375 | ERROR | CID:N/A | ERR:EMAIL_QUEUE_ERROR | Error de configuración de base de datos.","Exception: DataAccessException","EMAIL_QUEUE_ERROR"
"ERROR","AOCR_20260218.log","2026-02-18 04:20:42.437 | ERROR | CID:N/A | ERR:EMAIL_QUEUE_ERROR | Error de configuración de base de datos.","Exception: DataAccessException","EMAIL_QUEUE_ERROR"
"ERROR","AOCR_20260218.log","2026-02-18 04:21:12.500 | ERROR | CID:N/A | ERR:EMAIL_QUEUE_ERROR | Error de configuración de base de datos.","Exception: DataAccessException","EMAIL_QUEUE_ERROR"
"ERROR","AOCR_20260218.log","2026-02-18 04:21:42.564 | ERROR | CID:N/A | ERR:EMAIL_QUEUE_ERROR | Error de configuración de base de datos.","Exception: DataAccessException","EMAIL_QUEUE_ERROR"
"ERROR","AOCR_20260218.log","2026-02-18 04:22:12.612 | ERROR | CID:N/A | ERR:EMAIL_QUEUE_ERROR | Error de configuración de base de datos.","Exception: DataAccessException","EMAIL_QUEUE_ERROR"
"ERROR","AOCR_20260218.log","2026-02-18 04:22:42.676 | ERROR | CID:N/A | ERR:EMAIL_QUEUE_ERROR | Error de configuración de base de datos.","Exception: DataAccessException","EMAIL_QUEUE_ERROR"
"ERROR","AOCR_20260218.log","2026-02-18 04:23:12.722 | ERROR | CID:N/A | ERR:EMAIL_QUEUE_ERROR | Error de configuración de base de datos.","Exception: DataAccessException","EMAIL_QUEUE_ERROR"
"ERROR","AOCR_20260218.log","2026-02-18 04:23:42.791 | ERROR | CID:N/A | ERR:EMAIL_QUEUE_ERROR | Error de configuración de base de datos.","Exception: DataAccessException","EMAIL_QUEUE_ERROR"
"ERROR","AOCR_20260218.log","2026-02-18 04:24:12.869 | ERROR | CID:N/A | ERR:EMAIL_QUEUE_ERROR | Error de configuración de base de datos.","Exception: DataAccessException","EMAIL_QUEUE_ERROR"
"ERROR","AOCR_20260218.log","2026-02-18 04:24:42.921 | ERROR | CID:N/A | ERR:EMAIL_QUEUE_ERROR | Error de configuración de base de datos.","Exception: DataAccessException","EMAIL_QUEUE_ERROR"
"ERROR","AOCR_20260218.log","2026-02-18 04:25:12.971 | ERROR | CID:N/A | ERR:EMAIL_QUEUE_ERROR | Error de configuración de base de datos.","Exception: DataAccessException","EMAIL_QUEUE_ERROR"
"ERROR","AOCR_20260218.log","2026-02-18 04:25:43.027 | ERROR | CID:N/A | ERR:EMAIL_QUEUE_ERROR | Error de configuración de base de datos.","Exception: DataAccessException","EMAIL_QUEUE_ERROR"
"ERROR","AOCR_20260218.log","2026-02-18 04:26:13.097 | ERROR | CID:N/A | ERR:EMAIL_QUEUE_ERROR | Error de configuración de base de datos.","Exception: DataAccessException","EMAIL_QUEUE_ERROR"
"ERROR","AOCR_20260218.log","2026-02-18 04:26:43.146 | ERROR | CID:N/A | ERR:EMAIL_QUEUE_ERROR | Error de configuración de base de datos.","Exception: DataAccessException","EMAIL_QUEUE_ERROR"
"ERROR","AOCR_20260218.log","2026-02-18 04:27:13.187 | ERROR | CID:N/A | ERR:EMAIL_QUEUE_ERROR | Error de configuración de base de datos.","Exception: DataAccessException","EMAIL_QUEUE_ERROR"
"ERROR","AOCR_20260218.log","2026-02-18 04:27:43.244 | ERROR | CID:N/A | ERR:EMAIL_QUEUE_ERROR | Error de configuración de base de datos.","Exception: DataAccessException","EMAIL_QUEUE_ERROR"
"ERROR","AOCR_20260218.log","2026-02-18 04:28:13.299 | ERROR | CID:N/A | ERR:EMAIL_QUEUE_ERROR | Error de configuración de base de datos.","Exception: DataAccessException","EMAIL_QUEUE_ERROR"
"ERROR","AOCR_20260218.log","2026-02-18 04:28:43.367 | ERROR | CID:N/A | ERR:EMAIL_QUEUE_ERROR | Error de configuración de base de datos.","Exception: DataAccessException","EMAIL_QUEUE_ERROR"
"ERROR","AOCR_20260218.log","2026-02-18 04:29:13.422 | ERROR | CID:N/A | ERR:EMAIL_QUEUE_ERROR | Error de configuración de base de datos.","Exception: DataAccessException","EMAIL_QUEUE_ERROR"
"ERROR","AOCR_20260218.log","2026-02-18 04:29:43.489 | ERROR | CID:N/A | ERR:EMAIL_QUEUE_ERROR | Error de configuración de base de datos.","Exception: DataAccessException","EMAIL_QUEUE_ERROR"
"ERROR","AOCR_20260218.log","2026-02-18 04:30:13.550 | ERROR | CID:N/A | ERR:EMAIL_QUEUE_ERROR | Error de configuración de base de datos.","Exception: DataAccessException","EMAIL_QUEUE_ERROR"
"ERROR","AOCR_20260218.log","2026-02-18 04:30:43.609 | ERROR | CID:N/A | ERR:EMAIL_QUEUE_ERROR | Error de configuración de base de datos.","Exception: DataAccessException","EMAIL_QUEUE_ERROR"
"ERROR","AOCR_20260218.log","2026-02-18 04:31:13.662 | ERROR | CID:N/A | ERR:EMAIL_QUEUE_ERROR | Error de configuración de base de datos.","Exception: DataAccessException","EMAIL_QUEUE_ERROR"
"ERROR","AOCR_20260218.log","2026-02-18 04:31:43.722 | ERROR | CID:N/A | ERR:EMAIL_QUEUE_ERROR | Error de configuración de base de datos.","Exception: DataAccessException","EMAIL_QUEUE_ERROR"
"ERROR","AOCR_20260218.log","2026-02-18 04:32:13.773 | ERROR | CID:N/A | ERR:EMAIL_QUEUE_ERROR | Error de configuración de base de datos.","Exception: DataAccessException","EMAIL_QUEUE_ERROR"
"ERROR","AOCR_20260218.log","2026-02-18 04:32:43.836 | ERROR | CID:N/A | ERR:EMAIL_QUEUE_ERROR | Error de configuración de base de datos.","Exception: DataAccessException","EMAIL_QUEUE_ERROR"
"ERROR","AOCR_20260218.log","2026-02-18 04:33:13.897 | ERROR | CID:N/A | ERR:EMAIL_QUEUE_ERROR | Error de configuración de base de datos.","Exception: DataAccessException","EMAIL_QUEUE_ERROR"
"ERROR","AOCR_20260218.log","2026-02-18 04:33:43.953 | ERROR | CID:N/A | ERR:EMAIL_QUEUE_ERROR | Error de configuración de base de datos.","Exception: DataAccessException","EMAIL_QUEUE_ERROR"
"ERROR","AOCR_20260218.log","2026-02-18 04:34:14.011 | ERROR | CID:N/A | ERR:EMAIL_QUEUE_ERROR | Error de configuración de base de datos.","Exception: DataAccessException","EMAIL_QUEUE_ERROR"
"ERROR","AOCR_20260218.log","2026-02-18 04:34:44.079 | ERROR | CID:N/A | ERR:EMAIL_QUEUE_ERROR | Error de configuración de base de datos.","Exception: DataAccessException","EMAIL_QUEUE_ERROR"
"ERROR","AOCR_20260218.log","2026-02-18 04:35:14.139 | ERROR | CID:N/A | ERR:EMAIL_QUEUE_ERROR | Error de configuración de base de datos.","Exception: DataAccessException","EMAIL_QUEUE_ERROR"
"ERROR","AOCR_20260218.log","2026-02-18 04:35:44.191 | ERROR | CID:N/A | ERR:EMAIL_QUEUE_ERROR | Error de configuración de base de datos.","Exception: DataAccessException","EMAIL_QUEUE_ERROR"
"ERROR","AOCR_20260218.log","2026-02-18 04:36:14.245 | ERROR | CID:N/A | ERR:EMAIL_QUEUE_ERROR | Error de configuración de base de datos.","Exception: DataAccessException","EMAIL_QUEUE_ERROR"
"ERROR","AOCR_20260218.log","2026-02-18 04:36:44.300 | ERROR | CID:N/A | ERR:EMAIL_QUEUE_ERROR | Error de configuración de base de datos.","Exception: DataAccessException","EMAIL_QUEUE_ERROR"
"ERROR","AOCR_20260218.log","2026-02-18 04:37:14.353 | ERROR | CID:N/A | ERR:EMAIL_QUEUE_ERROR | Error de configuración de base de datos.","Exception: DataAccessException","EMAIL_QUEUE_ERROR"
"ERROR","AOCR_20260218.log","2026-02-18 04:37:44.411 | ERROR | CID:N/A | ERR:EMAIL_QUEUE_ERROR | Error de configuración de base de datos.","Exception: DataAccessException","EMAIL_QUEUE_ERROR"
"ERROR","AOCR_20260218.log","2026-02-18 04:38:14.461 | ERROR | CID:N/A | ERR:EMAIL_QUEUE_ERROR | Error de configuración de base de datos.","Exception: DataAccessException","EMAIL_QUEUE_ERROR"
"ERROR","AOCR_20260218.log","2026-02-18 04:38:44.527 | ERROR | CID:N/A | ERR:EMAIL_QUEUE_ERROR | Error de configuración de base de datos.","Exception: DataAccessException","EMAIL_QUEUE_ERROR"
"ERROR","AOCR_20260218.log","2026-02-18 04:39:14.584 | ERROR | CID:N/A | ERR:EMAIL_QUEUE_ERROR | Error de configuración de base de datos.","Exception: DataAccessException","EMAIL_QUEUE_ERROR"
"ERROR","AOCR_20260218.log","2026-02-18 04:39:44.642 | ERROR | CID:N/A | ERR:EMAIL_QUEUE_ERROR | Error de configuración de base de datos.","Exception: DataAccessException","EMAIL_QUEUE_ERROR"
"ERROR","AOCR_20260218.log","2026-02-18 04:40:14.693 | ERROR | CID:N/A | ERR:EMAIL_QUEUE_ERROR | Error de configuración de base de datos.","Exception: DataAccessException","EMAIL_QUEUE_ERROR"
"ERROR","AOCR_20260218.log","2026-02-18 04:40:44.742 | ERROR | CID:N/A | ERR:EMAIL_QUEUE_ERROR | Error de configuración de base de datos.","Exception: DataAccessException","EMAIL_QUEUE_ERROR"
"ERROR","AOCR_20260218.log","2026-02-18 04:41:14.800 | ERROR | CID:N/A | ERR:EMAIL_QUEUE_ERROR | Error de configuración de base de datos.","Exception: DataAccessException","EMAIL_QUEUE_ERROR"
"ERROR","AOCR_20260218.log","2026-02-18 04:41:44.853 | ERROR | CID:N/A | ERR:EMAIL_QUEUE_ERROR | Error de configuración de base de datos.","Exception: DataAccessException","EMAIL_QUEUE_ERROR"
"ERROR","AOCR_20260218.log","2026-02-18 04:42:14.903 | ERROR | CID:N/A | ERR:EMAIL_QUEUE_ERROR | Error de configuración de base de datos.","Exception: DataAccessException","EMAIL_QUEUE_ERROR"
"ERROR","AOCR_20260218.log","2026-02-18 04:42:44.969 | ERROR | CID:N/A | ERR:EMAIL_QUEUE_ERROR | Error de configuración de base de datos.","Exception: DataAccessException","EMAIL_QUEUE_ERROR"
"ERROR","AOCR_20260218.log","2026-02-18 04:43:15.013 | ERROR | CID:N/A | ERR:EMAIL_QUEUE_ERROR | Error de configuración de base de datos.","Exception: DataAccessException","EMAIL_QUEUE_ERROR"
"ERROR","AOCR_20260218.log","2026-02-18 04:43:45.059 | ERROR | CID:N/A | ERR:EMAIL_QUEUE_ERROR | Error de configuración de base de datos.","Exception: DataAccessException","EMAIL_QUEUE_ERROR"
"ERROR","AOCR_20260218.log","2026-02-18 04:44:15.112 | ERROR | CID:N/A | ERR:EMAIL_QUEUE_ERROR | Error de configuración de base de datos.","Exception: DataAccessException","EMAIL_QUEUE_ERROR"
"ERROR","AOCR_20260218.log","2026-02-18 04:44:45.176 | ERROR | CID:N/A | ERR:EMAIL_QUEUE_ERROR | Error de configuración de base de datos.","Exception: DataAccessException","EMAIL_QUEUE_ERROR"
"ERROR","AOCR_20260218.log","2026-02-18 04:45:15.223 | ERROR | CID:N/A | ERR:EMAIL_QUEUE_ERROR | Error de configuración de base de datos.","Exception: DataAccessException","EMAIL_QUEUE_ERROR"
"ERROR","AOCR_20260218.log","2026-02-18 04:45:45.281 | ERROR | CID:N/A | ERR:EMAIL_QUEUE_ERROR | Error de configuración de base de datos.","Exception: DataAccessException","EMAIL_QUEUE_ERROR"
"ERROR","AOCR_20260218.log","2026-02-18 04:46:15.338 | ERROR | CID:N/A | ERR:EMAIL_QUEUE_ERROR | Error de configuración de base de datos.","Exception: DataAccessException","EMAIL_QUEUE_ERROR"
"ERROR","AOCR_20260218.log","2026-02-18 04:46:45.388 | ERROR | CID:N/A | ERR:EMAIL_QUEUE_ERROR | Error de configuración de base de datos.","Exception: DataAccessException","EMAIL_QUEUE_ERROR"
"ERROR","AOCR_20260218.log","2026-02-18 04:47:15.446 | ERROR | CID:N/A | ERR:EMAIL_QUEUE_ERROR | Error de configuración de base de datos.","Exception: DataAccessException","EMAIL_QUEUE_ERROR"
"ERROR","AOCR_20260218.log","2026-02-18 04:47:45.505 | ERROR | CID:N/A | ERR:EMAIL_QUEUE_ERROR | Error de configuración de base de datos.","Exception: DataAccessException","EMAIL_QUEUE_ERROR"
"ERROR","AOCR_20260218.log","2026-02-18 04:48:15.566 | ERROR | CID:N/A | ERR:EMAIL_QUEUE_ERROR | Error de configuración de base de datos.","Exception: DataAccessException","EMAIL_QUEUE_ERROR"
"ERROR","AOCR_20260218.log","2026-02-18 04:48:45.621 | ERROR | CID:N/A | ERR:EMAIL_QUEUE_ERROR | Error de configuración de base de datos.","Exception: DataAccessException","EMAIL_QUEUE_ERROR"
"ERROR","AOCR_20260218.log","2026-02-18 04:49:15.689 | ERROR | CID:N/A | ERR:EMAIL_QUEUE_ERROR | Error de configuración de base de datos.","Exception: DataAccessException","EMAIL_QUEUE_ERROR"
"ERROR","AOCR_20260218.log","2026-02-18 04:49:45.746 | ERROR | CID:N/A | ERR:EMAIL_QUEUE_ERROR | Error de configuración de base de datos.","Exception: DataAccessException","EMAIL_QUEUE_ERROR"
"ERROR","AOCR_20260218.log","2026-02-18 04:50:15.814 | ERROR | CID:N/A | ERR:EMAIL_QUEUE_ERROR | Error de configuración de base de datos.","Exception: DataAccessException","EMAIL_QUEUE_ERROR"
"ERROR","AOCR_20260218.log","2026-02-18 04:50:45.876 | ERROR | CID:N/A | ERR:EMAIL_QUEUE_ERROR | Error de configuración de base de datos.","Exception: DataAccessException","EMAIL_QUEUE_ERROR"
"ERROR","AOCR_20260218.log","2026-02-18 04:51:15.939 | ERROR | CID:N/A | ERR:EMAIL_QUEUE_ERROR | Error de configuración de base de datos.","Exception: DataAccessException","EMAIL_QUEUE_ERROR"
"ERROR","AOCR_20260218.log","2026-02-18 04:51:45.987 | ERROR | CID:N/A | ERR:EMAIL_QUEUE_ERROR | Error de configuración de base de datos.","Exception: DataAccessException","EMAIL_QUEUE_ERROR"
"ERROR","AOCR_20260218.log","2026-02-18 04:52:16.044 | ERROR | CID:N/A | ERR:EMAIL_QUEUE_ERROR | Error de configuración de base de datos.","Exception: DataAccessException","EMAIL_QUEUE_ERROR"
"ERROR","AOCR_20260218.log","2026-02-18 04:52:46.105 | ERROR | CID:N/A | ERR:EMAIL_QUEUE_ERROR | Error de configuración de base de datos.","Exception: DataAccessException","EMAIL_QUEUE_ERROR"
"ERROR","AOCR_20260218.log","2026-02-18 04:53:16.175 | ERROR | CID:N/A | ERR:EMAIL_QUEUE_ERROR | Error de configuración de base de datos.","Exception: DataAccessException","EMAIL_QUEUE_ERROR"
"ERROR","AOCR_20260218.log","2026-02-18 04:53:46.232 | ERROR | CID:N/A | ERR:EMAIL_QUEUE_ERROR | Error de configuración de base de datos.","Exception: DataAccessException","EMAIL_QUEUE_ERROR"
"ERROR","AOCR_20260218.log","2026-02-18 04:54:16.287 | ERROR | CID:N/A | ERR:EMAIL_QUEUE_ERROR | Error de configuración de base de datos.","Exception: DataAccessException","EMAIL_QUEUE_ERROR"
"ERROR","AOCR_20260218.log","2026-02-18 04:54:46.343 | ERROR | CID:N/A | ERR:EMAIL_QUEUE_ERROR | Error de configuración de base de datos.","Exception: DataAccessException","EMAIL_QUEUE_ERROR"
"ERROR","AOCR_20260218.log","2026-02-18 04:55:16.401 | ERROR | CID:N/A | ERR:EMAIL_QUEUE_ERROR | Error de configuración de base de datos.","Exception: DataAccessException","EMAIL_QUEUE_ERROR"
"ERROR","AOCR_20260218.log","2026-02-18 04:55:46.462 | ERROR | CID:N/A | ERR:EMAIL_QUEUE_ERROR | Error de configuración de base de datos.","Exception: DataAccessException","EMAIL_QUEUE_ERROR"
"ERROR","AOCR_20260218.log","2026-02-18 04:56:16.508 | ERROR | CID:N/A | ERR:EMAIL_QUEUE_ERROR | Error de configuración de base de datos.","Exception: DataAccessException","EMAIL_QUEUE_ERROR"
"ERROR","AOCR_20260218.log","2026-02-18 04:56:46.567 | ERROR | CID:N/A | ERR:EMAIL_QUEUE_ERROR | Error de configuración de base de datos.","Exception: DataAccessException","EMAIL_QUEUE_ERROR"
"ERROR","AOCR_20260218.log","2026-02-18 04:57:16.616 | ERROR | CID:N/A | ERR:EMAIL_QUEUE_ERROR | Error de configuración de base de datos.","Exception: DataAccessException","EMAIL_QUEUE_ERROR"
"ERROR","AOCR_20260218.log","2026-02-18 04:57:46.664 | ERROR | CID:N/A | ERR:EMAIL_QUEUE_ERROR | Error de configuración de base de datos.","Exception: DataAccessException","EMAIL_QUEUE_ERROR"
"ERROR","AOCR_20260218.log","2026-02-18 04:58:16.724 | ERROR | CID:N/A | ERR:EMAIL_QUEUE_ERROR | Error de configuración de base de datos.","Exception: DataAccessException","EMAIL_QUEUE_ERROR"
"ERROR","AOCR_20260218.log","2026-02-18 04:58:46.785 | ERROR | CID:N/A | ERR:EMAIL_QUEUE_ERROR | Error de configuración de base de datos.","Exception: DataAccessException","EMAIL_QUEUE_ERROR"
"ERROR","AOCR_20260218.log","2026-02-18 04:59:16.841 | ERROR | CID:N/A | ERR:EMAIL_QUEUE_ERROR | Error de configuración de base de datos.","Exception: DataAccessException","EMAIL_QUEUE_ERROR"
"ERROR","AOCR_20260218.log","2026-02-18 04:59:46.893 | ERROR | CID:N/A | ERR:EMAIL_QUEUE_ERROR | Error de configuración de base de datos.","Exception: DataAccessException","EMAIL_QUEUE_ERROR"
"ERROR","AOCR_20260218.log","2026-02-18 05:00:16.937 | ERROR | CID:N/A | ERR:EMAIL_QUEUE_ERROR | Error de configuración de base de datos.","Exception: DataAccessException","EMAIL_QUEUE_ERROR"
"ERROR","AOCR_20260218.log","2026-02-18 05:00:46.991 | ERROR | CID:N/A | ERR:EMAIL_QUEUE_ERROR | Error de configuración de base de datos.","Exception: DataAccessException","EMAIL_QUEUE_ERROR"
"ERROR","AOCR_20260218.log","2026-02-18 05:01:17.057 | ERROR | CID:N/A | ERR:EMAIL_QUEUE_ERROR | Error de configuración de base de datos.","Exception: DataAccessException","EMAIL_QUEUE_ERROR"
"ERROR","AOCR_20260218.log","2026-02-18 05:01:47.114 | ERROR | CID:N/A | ERR:EMAIL_QUEUE_ERROR | Error de configuración de base de datos.","Exception: DataAccessException","EMAIL_QUEUE_ERROR"
"ERROR","AOCR_20260218.log","2026-02-18 05:02:17.180 | ERROR | CID:N/A | ERR:EMAIL_QUEUE_ERROR | Error de configuración de base de datos.","Exception: DataAccessException","EMAIL_QUEUE_ERROR"
"ERROR","AOCR_20260218.log","2026-02-18 05:02:47.243 | ERROR | CID:N/A | ERR:EMAIL_QUEUE_ERROR | Error de configuración de base de datos.","Exception: DataAccessException","EMAIL_QUEUE_ERROR"
"ERROR","AOCR_20260218.log","2026-02-18 05:03:17.315 | ERROR | CID:N/A | ERR:EMAIL_QUEUE_ERROR | Error de configuración de base de datos.","Exception: DataAccessException","EMAIL_QUEUE_ERROR"
"ERROR","AOCR_20260218.log","2026-02-18 05:03:47.381 | ERROR | CID:N/A | ERR:EMAIL_QUEUE_ERROR | Error de configuración de base de datos.","Exception: DataAccessException","EMAIL_QUEUE_ERROR"
"ERROR","AOCR_20260218.log","2026-02-18 05:04:17.438 | ERROR | CID:N/A | ERR:EMAIL_QUEUE_ERROR | Error de configuración de base de datos.","Exception: DataAccessException","EMAIL_QUEUE_ERROR"
"ERROR","AOCR_20260218.log","2026-02-18 05:04:47.497 | ERROR | CID:N/A | ERR:EMAIL_QUEUE_ERROR | Error de configuración de base de datos.","Exception: DataAccessException","EMAIL_QUEUE_ERROR"
"ERROR","AOCR_20260218.log","2026-02-18 05:05:17.549 | ERROR | CID:N/A | ERR:EMAIL_QUEUE_ERROR | Error de configuración de base de datos.","Exception: DataAccessException","EMAIL_QUEUE_ERROR"
"ERROR","AOCR_20260218.log","2026-02-18 05:05:47.611 | ERROR | CID:N/A | ERR:EMAIL_QUEUE_ERROR | Error de configuración de base de datos.","Exception: DataAccessException","EMAIL_QUEUE_ERROR"
"ERROR","AOCR_20260218.log","2026-02-18 05:06:17.668 | ERROR | CID:N/A | ERR:EMAIL_QUEUE_ERROR | Error de configuración de base de datos.","Exception: DataAccessException","EMAIL_QUEUE_ERROR"
"ERROR","AOCR_20260218.log","2026-02-18 05:06:47.722 | ERROR | CID:N/A | ERR:EMAIL_QUEUE_ERROR | Error de configuración de base de datos.","Exception: DataAccessException","EMAIL_QUEUE_ERROR"
"ERROR","AOCR_20260218.log","2026-02-18 05:07:17.781 | ERROR | CID:N/A | ERR:EMAIL_QUEUE_ERROR | Error de configuración de base de datos.","Exception: DataAccessException","EMAIL_QUEUE_ERROR"
"ERROR","AOCR_20260218.log","2026-02-18 05:07:47.852 | ERROR | CID:N/A | ERR:EMAIL_QUEUE_ERROR | Error de configuración de base de datos.","Exception: DataAccessException","EMAIL_QUEUE_ERROR"
"ERROR","AOCR_20260218.log","2026-02-18 05:08:17.919 | ERROR | CID:N/A | ERR:EMAIL_QUEUE_ERROR | Error de configuración de base de datos.","Exception: DataAccessException","EMAIL_QUEUE_ERROR"
"ERROR","AOCR_20260218.log","2026-02-18 05:08:47.988 | ERROR | CID:N/A | ERR:EMAIL_QUEUE_ERROR | Error de configuración de base de datos.","Exception: DataAccessException","EMAIL_QUEUE_ERROR"
"ERROR","AOCR_20260218.log","2026-02-18 05:09:18.051 | ERROR | CID:N/A | ERR:EMAIL_QUEUE_ERROR | Error de configuración de base de datos.","Exception: DataAccessException","EMAIL_QUEUE_ERROR"
"ERROR","AOCR_20260218.log","2026-02-18 05:09:48.112 | ERROR | CID:N/A | ERR:EMAIL_QUEUE_ERROR | Error de configuración de base de datos.","Exception: DataAccessException","EMAIL_QUEUE_ERROR"
"ERROR","AOCR_20260218.log","2026-02-18 05:10:18.180 | ERROR | CID:N/A | ERR:EMAIL_QUEUE_ERROR | Error de configuración de base de datos.","Exception: DataAccessException","EMAIL_QUEUE_ERROR"
"ERROR","AOCR_20260218.log","2026-02-18 05:10:48.247 | ERROR | CID:N/A | ERR:EMAIL_QUEUE_ERROR | Error de configuración de base de datos.","Exception: DataAccessException","EMAIL_QUEUE_ERROR"
"ERROR","AOCR_20260218.log","2026-02-18 05:11:18.295 | ERROR | CID:N/A | ERR:EMAIL_QUEUE_ERROR | Error de configuración de base de datos.","Exception: DataAccessException","EMAIL_QUEUE_ERROR"
"ERROR","AOCR_20260218.log","2026-02-18 05:11:48.348 | ERROR | CID:N/A | ERR:EMAIL_QUEUE_ERROR | Error de configuración de base de datos.","Exception: DataAccessException","EMAIL_QUEUE_ERROR"
"ERROR","AOCR_20260218.log","2026-02-18 05:12:18.400 | ERROR | CID:N/A | ERR:EMAIL_QUEUE_ERROR | Error de configuración de base de datos.","Exception: DataAccessException","EMAIL_QUEUE_ERROR"
"ERROR","AOCR_20260218.log","2026-02-18 05:12:48.462 | ERROR | CID:N/A | ERR:EMAIL_QUEUE_ERROR | Error de configuración de base de datos.","Exception: DataAccessException","EMAIL_QUEUE_ERROR"
"ERROR","AOCR_20260218.log","2026-02-18 05:13:18.527 | ERROR | CID:N/A | ERR:EMAIL_QUEUE_ERROR | Error de configuración de base de datos.","Exception: DataAccessException","EMAIL_QUEUE_ERROR"
"ERROR","AOCR_20260218.log","2026-02-18 05:13:48.597 | ERROR | CID:N/A | ERR:EMAIL_QUEUE_ERROR | Error de configuración de base de datos.","Exception: DataAccessException","EMAIL_QUEUE_ERROR"
"ERROR","AOCR_20260218.log","2026-02-18 05:14:18.662 | ERROR | CID:N/A | ERR:EMAIL_QUEUE_ERROR | Error de configuración de base de datos.","Exception: DataAccessException","EMAIL_QUEUE_ERROR"
"ERROR","AOCR_20260218.log","2026-02-18 05:14:48.727 | ERROR | CID:N/A | ERR:EMAIL_QUEUE_ERROR | Error de configuración de base de datos.","Exception: DataAccessException","EMAIL_QUEUE_ERROR"
"ERROR","AOCR_20260218.log","2026-02-18 05:15:18.790 | ERROR | CID:N/A | ERR:EMAIL_QUEUE_ERROR | Error de configuración de base de datos.","Exception: DataAccessException","EMAIL_QUEUE_ERROR"
"ERROR","AOCR_20260218.log","2026-02-18 05:15:48.866 | ERROR | CID:N/A | ERR:EMAIL_QUEUE_ERROR | Error de configuración de base de datos.","Exception: DataAccessException","EMAIL_QUEUE_ERROR"
"ERROR","AOCR_20260218.log","2026-02-18 05:16:18.928 | ERROR | CID:N/A | ERR:EMAIL_QUEUE_ERROR | Error de configuración de base de datos.","Exception: DataAccessException","EMAIL_QUEUE_ERROR"
"ERROR","AOCR_20260218.log","2026-02-18 05:16:48.973 | ERROR | CID:N/A | ERR:EMAIL_QUEUE_ERROR | Error de configuración de base de datos.","Exception: DataAccessException","EMAIL_QUEUE_ERROR"
"ERROR","AOCR_20260218.log","2026-02-18 05:17:19.021 | ERROR | CID:N/A | ERR:EMAIL_QUEUE_ERROR | Error de configuración de base de datos.","Exception: DataAccessException","EMAIL_QUEUE_ERROR"
"ERROR","AOCR_20260218.log","2026-02-18 05:17:49.077 | ERROR | CID:N/A | ERR:EMAIL_QUEUE_ERROR | Error de configuración de base de datos.","Exception: DataAccessException","EMAIL_QUEUE_ERROR"
"ERROR","AOCR_20260218.log","2026-02-18 05:18:19.143 | ERROR | CID:N/A | ERR:EMAIL_QUEUE_ERROR | Error de configuración de base de datos.","Exception: DataAccessException","EMAIL_QUEUE_ERROR"
"ERROR","AOCR_20260218.log","2026-02-18 05:18:49.201 | ERROR | CID:N/A | ERR:EMAIL_QUEUE_ERROR | Error de configuración de base de datos.","Exception: DataAccessException","EMAIL_QUEUE_ERROR"
"ERROR","AOCR_20260218.log","2026-02-18 05:19:19.276 | ERROR | CID:N/A | ERR:EMAIL_QUEUE_ERROR | Error de configuración de base de datos.","Exception: DataAccessException","EMAIL_QUEUE_ERROR"
"ERROR","AOCR_20260218.log","2026-02-18 05:19:49.341 | ERROR | CID:N/A | ERR:EMAIL_QUEUE_ERROR | Error de configuración de base de datos.","Exception: DataAccessException","EMAIL_QUEUE_ERROR"
"ERROR","AOCR_20260218.log","2026-02-18 05:20:19.402 | ERROR | CID:N/A | ERR:EMAIL_QUEUE_ERROR | Error de configuración de base de datos.","Exception: DataAccessException","EMAIL_QUEUE_ERROR"
"ERROR","AOCR_20260218.log","2026-02-18 05:20:49.451 | ERROR | CID:N/A | ERR:EMAIL_QUEUE_ERROR | Error de configuración de base de datos.","Exception: DataAccessException","EMAIL_QUEUE_ERROR"
"ERROR","AOCR_20260218.log","2026-02-18 05:21:19.513 | ERROR | CID:N/A | ERR:EMAIL_QUEUE_ERROR | Error de configuración de base de datos.","Exception: DataAccessException","EMAIL_QUEUE_ERROR"
"ERROR","AOCR_20260218.log","2026-02-18 05:21:49.564 | ERROR | CID:N/A | ERR:EMAIL_QUEUE_ERROR | Error de configuración de base de datos.","Exception: DataAccessException","EMAIL_QUEUE_ERROR"
"ERROR","AOCR_20260218.log","2026-02-18 05:22:19.618 | ERROR | CID:N/A | ERR:EMAIL_QUEUE_ERROR | Error de configuración de base de datos.","Exception: DataAccessException","EMAIL_QUEUE_ERROR"
"ERROR","AOCR_20260218.log","2026-02-18 05:22:49.680 | ERROR | CID:N/A | ERR:EMAIL_QUEUE_ERROR | Error de configuración de base de datos.","Exception: DataAccessException","EMAIL_QUEUE_ERROR"
"ERROR","AOCR_20260218.log","2026-02-18 05:23:19.733 | ERROR | CID:N/A | ERR:EMAIL_QUEUE_ERROR | Error de configuración de base de datos.","Exception: DataAccessException","EMAIL_QUEUE_ERROR"
"ERROR","AOCR_20260218.log","2026-02-18 05:23:49.809 | ERROR | CID:N/A | ERR:EMAIL_QUEUE_ERROR | Error de configuración de base de datos.","Exception: DataAccessException","EMAIL_QUEUE_ERROR"
"ERROR","AOCR_20260218.log","2026-02-18 05:24:19.876 | ERROR | CID:N/A | ERR:EMAIL_QUEUE_ERROR | Error de configuración de base de datos.","Exception: DataAccessException","EMAIL_QUEUE_ERROR"
"ERROR","AOCR_20260218.log","2026-02-18 05:24:49.931 | ERROR | CID:N/A | ERR:EMAIL_QUEUE_ERROR | Error de configuración de base de datos.","Exception: DataAccessException","EMAIL_QUEUE_ERROR"
"ERROR","AOCR_20260218.log","2026-02-18 05:25:19.988 | ERROR | CID:N/A | ERR:EMAIL_QUEUE_ERROR | Error de configuración de base de datos.","Exception: DataAccessException","EMAIL_QUEUE_ERROR"
"ERROR","AOCR_20260218.log","2026-02-18 05:25:50.034 | ERROR | CID:N/A | ERR:EMAIL_QUEUE_ERROR | Error de configuración de base de datos.","Exception: DataAccessException","EMAIL_QUEUE_ERROR"
"ERROR","AOCR_20260218.log","2026-02-18 05:26:20.084 | ERROR | CID:N/A | ERR:EMAIL_QUEUE_ERROR | Error de configuración de base de datos.","Exception: DataAccessException","EMAIL_QUEUE_ERROR"
"ERROR","AOCR_20260218.log","2026-02-18 05:26:50.145 | ERROR | CID:N/A | ERR:EMAIL_QUEUE_ERROR | Error de configuración de base de datos.","Exception: DataAccessException","EMAIL_QUEUE_ERROR"
"ERROR","AOCR_20260218.log","2026-02-18 05:27:20.202 | ERROR | CID:N/A | ERR:EMAIL_QUEUE_ERROR | Error de configuración de base de datos.","Exception: DataAccessException","EMAIL_QUEUE_ERROR"
"ERROR","AOCR_20260218.log","2026-02-18 05:27:50.263 | ERROR | CID:N/A | ERR:EMAIL_QUEUE_ERROR | Error de configuración de base de datos.","Exception: DataAccessException","EMAIL_QUEUE_ERROR"
"ERROR","AOCR_20260218.log","2026-02-18 05:28:20.315 | ERROR | CID:N/A | ERR:EMAIL_QUEUE_ERROR | Error de configuración de base de datos.","Exception: DataAccessException","EMAIL_QUEUE_ERROR"
"ERROR","AOCR_20260218.log","2026-02-18 05:28:50.372 | ERROR | CID:N/A | ERR:EMAIL_QUEUE_ERROR | Error de configuración de base de datos.","Exception: DataAccessException","EMAIL_QUEUE_ERROR"
"ERROR","AOCR_20260218.log","2026-02-18 05:29:20.429 | ERROR | CID:N/A | ERR:EMAIL_QUEUE_ERROR | Error de configuración de base de datos.","Exception: DataAccessException","EMAIL_QUEUE_ERROR"
"ERROR","AOCR_20260218.log","2026-02-18 05:29:50.486 | ERROR | CID:N/A | ERR:EMAIL_QUEUE_ERROR | Error de configuración de base de datos.","Exception: DataAccessException","EMAIL_QUEUE_ERROR"
"ERROR","AOCR_20260218.log","2026-02-18 05:30:20.550 | ERROR | CID:N/A | ERR:EMAIL_QUEUE_ERROR | Error de configuración de base de datos.","Exception: DataAccessException","EMAIL_QUEUE_ERROR"
"ERROR","AOCR_20260218.log","2026-02-18 05:30:50.623 | ERROR | CID:N/A | ERR:EMAIL_QUEUE_ERROR | Error de configuración de base de datos.","Exception: DataAccessException","EMAIL_QUEUE_ERROR"
"ERROR","AOCR_20260218.log","2026-02-18 05:31:20.685 | ERROR | CID:N/A | ERR:EMAIL_QUEUE_ERROR | Error de configuración de base de datos.","Exception: DataAccessException","EMAIL_QUEUE_ERROR"
"ERROR","AOCR_20260218.log","2026-02-18 05:31:50.737 | ERROR | CID:N/A | ERR:EMAIL_QUEUE_ERROR | Error de configuración de base de datos.","Exception: DataAccessException","EMAIL_QUEUE_ERROR"
"ERROR","AOCR_20260218.log","2026-02-18 05:32:20.782 | ERROR | CID:N/A | ERR:EMAIL_QUEUE_ERROR | Error de configuración de base de datos.","Exception: DataAccessException","EMAIL_QUEUE_ERROR"
"ERROR","AOCR_20260218.log","2026-02-18 05:32:50.842 | ERROR | CID:N/A | ERR:EMAIL_QUEUE_ERROR | Error de configuración de base de datos.","Exception: DataAccessException","EMAIL_QUEUE_ERROR"
"ERROR","AOCR_20260218.log","2026-02-18 05:33:20.905 | ERROR | CID:N/A | ERR:EMAIL_QUEUE_ERROR | Error de configuración de base de datos.","Exception: DataAccessException","EMAIL_QUEUE_ERROR"
"ERROR","AOCR_20260218.log","2026-02-18 05:33:50.961 | ERROR | CID:N/A | ERR:EMAIL_QUEUE_ERROR | Error de configuración de base de datos.","Exception: DataAccessException","EMAIL_QUEUE_ERROR"
"ERROR","AOCR_20260218.log","2026-02-18 05:34:21.012 | ERROR | CID:N/A | ERR:EMAIL_QUEUE_ERROR | Error de configuración de base de datos.","Exception: DataAccessException","EMAIL_QUEUE_ERROR"
"ERROR","AOCR_20260218.log","2026-02-18 05:34:51.071 | ERROR | CID:N/A | ERR:EMAIL_QUEUE_ERROR | Error de configuración de base de datos.","Exception: DataAccessException","EMAIL_QUEUE_ERROR"
"ERROR","AOCR_20260218.log","2026-02-18 05:35:21.139 | ERROR | CID:N/A | ERR:EMAIL_QUEUE_ERROR | Error de configuración de base de datos.","Exception: DataAccessException","EMAIL_QUEUE_ERROR"
"ERROR","AOCR_20260218.log","2026-02-18 05:35:51.190 | ERROR | CID:N/A | ERR:EMAIL_QUEUE_ERROR | Error de configuración de base de datos.","Exception: DataAccessException","EMAIL_QUEUE_ERROR"
"ERROR","AOCR_20260218.log","2026-02-18 05:36:21.249 | ERROR | CID:N/A | ERR:EMAIL_QUEUE_ERROR | Error de configuración de base de datos.","Exception: DataAccessException","EMAIL_QUEUE_ERROR"
"ERROR","AOCR_20260218.log","2026-02-18 05:36:51.308 | ERROR | CID:N/A | ERR:EMAIL_QUEUE_ERROR | Error de configuración de base de datos.","Exception: DataAccessException","EMAIL_QUEUE_ERROR"
"ERROR","AOCR_20260218.log","2026-02-18 05:37:21.353 | ERROR | CID:N/A | ERR:EMAIL_QUEUE_ERROR | Error de configuración de base de datos.","Exception: DataAccessException","EMAIL_QUEUE_ERROR"
"ERROR","AOCR_20260218.log","2026-02-18 05:37:51.409 | ERROR | CID:N/A | ERR:EMAIL_QUEUE_ERROR | Error de configuración de base de datos.","Exception: DataAccessException","EMAIL_QUEUE_ERROR"
"ERROR","AOCR_20260218.log","2026-02-18 05:38:21.467 | ERROR | CID:N/A | ERR:EMAIL_QUEUE_ERROR | Error de configuración de base de datos.","Exception: DataAccessException","EMAIL_QUEUE_ERROR"
"ERROR","AOCR_20260218.log","2026-02-18 05:38:51.520 | ERROR | CID:N/A | ERR:EMAIL_QUEUE_ERROR | Error de configuración de base de datos.","Exception: DataAccessException","EMAIL_QUEUE_ERROR"
"ERROR","AOCR_20260218.log","2026-02-18 05:39:21.578 | ERROR | CID:N/A | ERR:EMAIL_QUEUE_ERROR | Error de configuración de base de datos.","Exception: DataAccessException","EMAIL_QUEUE_ERROR"
"ERROR","AOCR_20260218.log","2026-02-18 05:39:51.657 | ERROR | CID:N/A | ERR:EMAIL_QUEUE_ERROR | Error de configuración de base de datos.","Exception: DataAccessException","EMAIL_QUEUE_ERROR"
"ERROR","AOCR_20260218.log","2026-02-18 05:40:21.734 | ERROR | CID:N/A | ERR:EMAIL_QUEUE_ERROR | Error de configuración de base de datos.","Exception: DataAccessException","EMAIL_QUEUE_ERROR"
"ERROR","AOCR_20260218.log","2026-02-18 05:40:51.791 | ERROR | CID:N/A | ERR:EMAIL_QUEUE_ERROR | Error de configuración de base de datos.","Exception: DataAccessException","EMAIL_QUEUE_ERROR"
"ERROR","AOCR_20260218.log","2026-02-18 05:41:21.842 | ERROR | CID:N/A | ERR:EMAIL_QUEUE_ERROR | Error de configuración de base de datos.","Exception: DataAccessException","EMAIL_QUEUE_ERROR"
"ERROR","AOCR_20260218.log","2026-02-18 05:41:51.893 | ERROR | CID:N/A | ERR:EMAIL_QUEUE_ERROR | Error de configuración de base de datos.","Exception: DataAccessException","EMAIL_QUEUE_ERROR"
"ERROR","AOCR_20260218.log","2026-02-18 05:42:21.949 | ERROR | CID:N/A | ERR:EMAIL_QUEUE_ERROR | Error de configuración de base de datos.","Exception: DataAccessException","EMAIL_QUEUE_ERROR"
"ERROR","AOCR_20260218.log","2026-02-18 05:42:52.009 | ERROR | CID:N/A | ERR:EMAIL_QUEUE_ERROR | Error de configuración de base de datos.","Exception: DataAccessException","EMAIL_QUEUE_ERROR"
"ERROR","AOCR_20260218.log","2026-02-18 05:43:22.070 | ERROR | CID:N/A | ERR:EMAIL_QUEUE_ERROR | Error de configuración de base de datos.","Exception: DataAccessException","EMAIL_QUEUE_ERROR"
"ERROR","AOCR_20260218.log","2026-02-18 05:43:52.124 | ERROR | CID:N/A | ERR:EMAIL_QUEUE_ERROR | Error de configuración de base de datos.","Exception: DataAccessException","EMAIL_QUEUE_ERROR"
"ERROR","AOCR_20260218.log","2026-02-18 05:44:22.183 | ERROR | CID:N/A | ERR:EMAIL_QUEUE_ERROR | Error de configuración de base de datos.","Exception: DataAccessException","EMAIL_QUEUE_ERROR"
"ERROR","AOCR_20260218.log","2026-02-18 05:44:52.248 | ERROR | CID:N/A | ERR:EMAIL_QUEUE_ERROR | Error de configuración de base de datos.","Exception: DataAccessException","EMAIL_QUEUE_ERROR"
"ERROR","AOCR_20260218.log","2026-02-18 05:45:22.310 | ERROR | CID:N/A | ERR:EMAIL_QUEUE_ERROR | Error de configuración de base de datos.","Exception: DataAccessException","EMAIL_QUEUE_ERROR"
"ERROR","AOCR_20260218.log","2026-02-18 05:45:52.373 | ERROR | CID:N/A | ERR:EMAIL_QUEUE_ERROR | Error de configuración de base de datos.","Exception: DataAccessException","EMAIL_QUEUE_ERROR"
"ERROR","AOCR_20260218.log","2026-02-18 05:46:22.423 | ERROR | CID:N/A | ERR:EMAIL_QUEUE_ERROR | Error de configuración de base de datos.","Exception: DataAccessException","EMAIL_QUEUE_ERROR"
"ERROR","AOCR_20260218.log","2026-02-18 05:46:52.494 | ERROR | CID:N/A | ERR:EMAIL_QUEUE_ERROR | Error de configuración de base de datos.","Exception: DataAccessException","EMAIL_QUEUE_ERROR"
"ERROR","AOCR_20260218.log","2026-02-18 05:47:22.563 | ERROR | CID:N/A | ERR:EMAIL_QUEUE_ERROR | Error de configuración de base de datos.","Exception: DataAccessException","EMAIL_QUEUE_ERROR"
"ERROR","AOCR_20260218.log","2026-02-18 05:47:52.618 | ERROR | CID:N/A | ERR:EMAIL_QUEUE_ERROR | Error de configuración de base de datos.","Exception: DataAccessException","EMAIL_QUEUE_ERROR"
"ERROR","AOCR_20260218.log","2026-02-18 05:48:22.670 | ERROR | CID:N/A | ERR:EMAIL_QUEUE_ERROR | Error de configuración de base de datos.","Exception: DataAccessException","EMAIL_QUEUE_ERROR"
"ERROR","AOCR_20260218.log","2026-02-18 05:48:52.728 | ERROR | CID:N/A | ERR:EMAIL_QUEUE_ERROR | Error de configuración de base de datos.","Exception: DataAccessException","EMAIL_QUEUE_ERROR"
"ERROR","AOCR_20260218.log","2026-02-18 05:49:22.782 | ERROR | CID:N/A | ERR:EMAIL_QUEUE_ERROR | Error de configuración de base de datos.","Exception: DataAccessException","EMAIL_QUEUE_ERROR"
"ERROR","AOCR_20260218.log","2026-02-18 05:49:52.860 | ERROR | CID:N/A | ERR:EMAIL_QUEUE_ERROR | Error de configuración de base de datos.","Exception: DataAccessException","EMAIL_QUEUE_ERROR"
"ERROR","AOCR_20260218.log","2026-02-18 05:50:22.916 | ERROR | CID:N/A | ERR:EMAIL_QUEUE_ERROR | Error de configuración de base de datos.","Exception: DataAccessException","EMAIL_QUEUE_ERROR"
"ERROR","AOCR_20260218.log","2026-02-18 05:50:52.979 | ERROR | CID:N/A | ERR:EMAIL_QUEUE_ERROR | Error de configuración de base de datos.","Exception: DataAccessException","EMAIL_QUEUE_ERROR"
"ERROR","AOCR_20260218.log","2026-02-18 05:51:23.033 | ERROR | CID:N/A | ERR:EMAIL_QUEUE_ERROR | Error de configuración de base de datos.","Exception: DataAccessException","EMAIL_QUEUE_ERROR"
"ERROR","AOCR_20260218.log","2026-02-18 05:51:53.085 | ERROR | CID:N/A | ERR:EMAIL_QUEUE_ERROR | Error de configuración de base de datos.","Exception: DataAccessException","EMAIL_QUEUE_ERROR"
"ERROR","AOCR_20260218.log","2026-02-18 05:52:23.136 | ERROR | CID:N/A | ERR:EMAIL_QUEUE_ERROR | Error de configuración de base de datos.","Exception: DataAccessException","EMAIL_QUEUE_ERROR"
"ERROR","AOCR_20260218.log","2026-02-18 05:52:53.191 | ERROR | CID:N/A | ERR:EMAIL_QUEUE_ERROR | Error de configuración de base de datos.","Exception: DataAccessException","EMAIL_QUEUE_ERROR"
"ERROR","AOCR_20260218.log","2026-02-18 05:53:23.243 | ERROR | CID:N/A | ERR:EMAIL_QUEUE_ERROR | Error de configuración de base de datos.","Exception: DataAccessException","EMAIL_QUEUE_ERROR"
"ERROR","AOCR_20260218.log","2026-02-18 05:53:53.308 | ERROR | CID:N/A | ERR:EMAIL_QUEUE_ERROR | Error de configuración de base de datos.","Exception: DataAccessException","EMAIL_QUEUE_ERROR"
"ERROR","AOCR_20260218.log","2026-02-18 05:54:23.373 | ERROR | CID:N/A | ERR:EMAIL_QUEUE_ERROR | Error de configuración de base de datos.","Exception: DataAccessException","EMAIL_QUEUE_ERROR"
"ERROR","AOCR_20260218.log","2026-02-18 05:54:53.427 | ERROR | CID:N/A | ERR:EMAIL_QUEUE_ERROR | Error de configuración de base de datos.","Exception: DataAccessException","EMAIL_QUEUE_ERROR"
"ERROR","AOCR_20260218.log","2026-02-18 05:55:23.487 | ERROR | CID:N/A | ERR:EMAIL_QUEUE_ERROR | Error de configuración de base de datos.","Exception: DataAccessException","EMAIL_QUEUE_ERROR"
"ERROR","AOCR_20260218.log","2026-02-18 05:55:53.537 | ERROR | CID:N/A | ERR:EMAIL_QUEUE_ERROR | Error de configuración de base de datos.","Exception: DataAccessException","EMAIL_QUEUE_ERROR"
"ERROR","AOCR_20260218.log","2026-02-18 05:56:23.610 | ERROR | CID:N/A | ERR:EMAIL_QUEUE_ERROR | Error de configuración de base de datos.","Exception: DataAccessException","EMAIL_QUEUE_ERROR"
"ERROR","AOCR_20260218.log","2026-02-18 05:56:53.677 | ERROR | CID:N/A | ERR:EMAIL_QUEUE_ERROR | Error de configuración de base de datos.","Exception: DataAccessException","EMAIL_QUEUE_ERROR"
"ERROR","AOCR_20260218.log","2026-02-18 05:57:23.752 | ERROR | CID:N/A | ERR:EMAIL_QUEUE_ERROR | Error de configuración de base de datos.","Exception: DataAccessException","EMAIL_QUEUE_ERROR"
"ERROR","AOCR_20260218.log","2026-02-18 05:57:53.813 | ERROR | CID:N/A | ERR:EMAIL_QUEUE_ERROR | Error de configuración de base de datos.","Exception: DataAccessException","EMAIL_QUEUE_ERROR"
"ERROR","AOCR_20260218.log","2026-02-18 05:58:23.879 | ERROR | CID:N/A | ERR:EMAIL_QUEUE_ERROR | Error de configuración de base de datos.","Exception: DataAccessException","EMAIL_QUEUE_ERROR"
"ERROR","AOCR_20260218.log","2026-02-18 05:58:53.932 | ERROR | CID:N/A | ERR:EMAIL_QUEUE_ERROR | Error de configuración de base de datos.","Exception: DataAccessException","EMAIL_QUEUE_ERROR"
"ERROR","AOCR_20260218.log","2026-02-18 05:59:23.988 | ERROR | CID:N/A | ERR:EMAIL_QUEUE_ERROR | Error de configuración de base de datos.","Exception: DataAccessException","EMAIL_QUEUE_ERROR"
"ERROR","AOCR_20260218.log","2026-02-18 05:59:54.037 | ERROR | CID:N/A | ERR:EMAIL_QUEUE_ERROR | Error de configuración de base de datos.","Exception: DataAccessException","EMAIL_QUEUE_ERROR"
"ERROR","AOCR_20260218.log","2026-02-18 06:00:24.092 | ERROR | CID:N/A | ERR:EMAIL_QUEUE_ERROR | Error de configuración de base de datos.","Exception: DataAccessException","EMAIL_QUEUE_ERROR"
"ERROR","AOCR_20260218.log","2026-02-18 06:00:54.153 | ERROR | CID:N/A | ERR:EMAIL_QUEUE_ERROR | Error de configuración de base de datos.","Exception: DataAccessException","EMAIL_QUEUE_ERROR"
"ERROR","AOCR_20260218.log","2026-02-18 06:01:24.220 | ERROR | CID:N/A | ERR:EMAIL_QUEUE_ERROR | Error de configuración de base de datos.","Exception: DataAccessException","EMAIL_QUEUE_ERROR"
"ERROR","AOCR_20260218.log","2026-02-18 06:01:54.276 | ERROR | CID:N/A | ERR:EMAIL_QUEUE_ERROR | Error de configuración de base de datos.","Exception: DataAccessException","EMAIL_QUEUE_ERROR"
"ERROR","AOCR_20260218.log","2026-02-18 06:02:24.340 | ERROR | CID:N/A | ERR:EMAIL_QUEUE_ERROR | Error de configuración de base de datos.","Exception: DataAccessException","EMAIL_QUEUE_ERROR"
"ERROR","AOCR_20260218.log","2026-02-18 06:02:54.416 | ERROR | CID:N/A | ERR:EMAIL_QUEUE_ERROR | Error de configuración de base de datos.","Exception: DataAccessException","EMAIL_QUEUE_ERROR"
"ERROR","AOCR_20260218.log","2026-02-18 06:03:24.482 | ERROR | CID:N/A | ERR:EMAIL_QUEUE_ERROR | Error de configuración de base de datos.","Exception: DataAccessException","EMAIL_QUEUE_ERROR"
"ERROR","AOCR_20260218.log","2026-02-18 06:03:54.536 | ERROR | CID:N/A | ERR:EMAIL_QUEUE_ERROR | Error de configuración de base de datos.","Exception: DataAccessException","EMAIL_QUEUE_ERROR"
"ERROR","AOCR_20260218.log","2026-02-18 06:04:24.597 | ERROR | CID:N/A | ERR:EMAIL_QUEUE_ERROR | Error de configuración de base de datos.","Exception: DataAccessException","EMAIL_QUEUE_ERROR"
"ERROR","AOCR_20260218.log","2026-02-18 06:04:54.660 | ERROR | CID:N/A | ERR:EMAIL_QUEUE_ERROR | Error de configuración de base de datos.","Exception: DataAccessException","EMAIL_QUEUE_ERROR"
"ERROR","AOCR_20260218.log","2026-02-18 06:05:24.718 | ERROR | CID:N/A | ERR:EMAIL_QUEUE_ERROR | Error de configuración de base de datos.","Exception: DataAccessException","EMAIL_QUEUE_ERROR"
"ERROR","AOCR_20260218.log","2026-02-18 06:05:54.773 | ERROR | CID:N/A | ERR:EMAIL_QUEUE_ERROR | Error de configuración de base de datos.","Exception: DataAccessException","EMAIL_QUEUE_ERROR"
"ERROR","AOCR_20260218.log","2026-02-18 06:06:24.846 | ERROR | CID:N/A | ERR:EMAIL_QUEUE_ERROR | Error de configuración de base de datos.","Exception: DataAccessException","EMAIL_QUEUE_ERROR"
"ERROR","AOCR_20260218.log","2026-02-18 06:06:54.902 | ERROR | CID:N/A | ERR:EMAIL_QUEUE_ERROR | Error de configuración de base de datos.","Exception: DataAccessException","EMAIL_QUEUE_ERROR"
"ERROR","AOCR_20260218.log","2026-02-18 06:07:24.964 | ERROR | CID:N/A | ERR:EMAIL_QUEUE_ERROR | Error de configuración de base de datos.","Exception: DataAccessException","EMAIL_QUEUE_ERROR"
"ERROR","AOCR_20260218.log","2026-02-18 06:07:55.033 | ERROR | CID:N/A | ERR:EMAIL_QUEUE_ERROR | Error de configuración de base de datos.","Exception: DataAccessException","EMAIL_QUEUE_ERROR"
"ERROR","AOCR_20260218.log","2026-02-18 06:08:25.090 | ERROR | CID:N/A | ERR:EMAIL_QUEUE_ERROR | Error de configuración de base de datos.","Exception: DataAccessException","EMAIL_QUEUE_ERROR"
"ERROR","AOCR_20260218.log","2026-02-18 06:08:55.140 | ERROR | CID:N/A | ERR:EMAIL_QUEUE_ERROR | Error de configuración de base de datos.","Exception: DataAccessException","EMAIL_QUEUE_ERROR"
"ERROR","AOCR_20260218.log","2026-02-18 06:09:25.195 | ERROR | CID:N/A | ERR:EMAIL_QUEUE_ERROR | Error de configuración de base de datos.","Exception: DataAccessException","EMAIL_QUEUE_ERROR"
"ERROR","AOCR_20260218.log","2026-02-18 06:09:55.248 | ERROR | CID:N/A | ERR:EMAIL_QUEUE_ERROR | Error de configuración de base de datos.","Exception: DataAccessException","EMAIL_QUEUE_ERROR"
"ERROR","AOCR_20260218.log","2026-02-18 06:10:25.305 | ERROR | CID:N/A | ERR:EMAIL_QUEUE_ERROR | Error de configuración de base de datos.","Exception: DataAccessException","EMAIL_QUEUE_ERROR"
"ERROR","AOCR_20260218.log","2026-02-18 06:10:55.356 | ERROR | CID:N/A | ERR:EMAIL_QUEUE_ERROR | Error de configuración de base de datos.","Exception: DataAccessException","EMAIL_QUEUE_ERROR"
"ERROR","AOCR_20260218.log","2026-02-18 06:11:25.428 | ERROR | CID:N/A | ERR:EMAIL_QUEUE_ERROR | Error de configuración de base de datos.","Exception: DataAccessException","EMAIL_QUEUE_ERROR"
"ERROR","AOCR_20260218.log","2026-02-18 06:11:55.482 | ERROR | CID:N/A | ERR:EMAIL_QUEUE_ERROR | Error de configuración de base de datos.","Exception: DataAccessException","EMAIL_QUEUE_ERROR"
"ERROR","AOCR_20260218.log","2026-02-18 06:12:25.529 | ERROR | CID:N/A | ERR:EMAIL_QUEUE_ERROR | Error de configuración de base de datos.","Exception: DataAccessException","EMAIL_QUEUE_ERROR"
"ERROR","AOCR_20260218.log","2026-02-18 06:12:55.596 | ERROR | CID:N/A | ERR:EMAIL_QUEUE_ERROR | Error de configuración de base de datos.","Exception: DataAccessException","EMAIL_QUEUE_ERROR"
"ERROR","AOCR_20260218.log","2026-02-18 06:13:25.641 | ERROR | CID:N/A | ERR:EMAIL_QUEUE_ERROR | Error de configuración de base de datos.","Exception: DataAccessException","EMAIL_QUEUE_ERROR"
"ERROR","AOCR_20260218.log","2026-02-18 06:13:55.699 | ERROR | CID:N/A | ERR:EMAIL_QUEUE_ERROR | Error de configuración de base de datos.","Exception: DataAccessException","EMAIL_QUEUE_ERROR"
"ERROR","AOCR_20260218.log","2026-02-18 06:14:25.765 | ERROR | CID:N/A | ERR:EMAIL_QUEUE_ERROR | Error de configuración de base de datos.","Exception: DataAccessException","EMAIL_QUEUE_ERROR"
"ERROR","AOCR_20260218.log","2026-02-18 06:14:55.824 | ERROR | CID:N/A | ERR:EMAIL_QUEUE_ERROR | Error de configuración de base de datos.","Exception: DataAccessException","EMAIL_QUEUE_ERROR"
"ERROR","AOCR_20260218.log","2026-02-18 06:15:25.876 | ERROR | CID:N/A | ERR:EMAIL_QUEUE_ERROR | Error de configuración de base de datos.","Exception: DataAccessException","EMAIL_QUEUE_ERROR"
"ERROR","AOCR_20260218.log","2026-02-18 06:15:55.930 | ERROR | CID:N/A | ERR:EMAIL_QUEUE_ERROR | Error de configuración de base de datos.","Exception: DataAccessException","EMAIL_QUEUE_ERROR"
"ERROR","AOCR_20260218.log","2026-02-18 06:16:25.989 | ERROR | CID:N/A | ERR:EMAIL_QUEUE_ERROR | Error de configuración de base de datos.","Exception: DataAccessException","EMAIL_QUEUE_ERROR"
"ERROR","AOCR_20260218.log","2026-02-18 06:16:56.043 | ERROR | CID:N/A | ERR:EMAIL_QUEUE_ERROR | Error de configuración de base de datos.","Exception: DataAccessException","EMAIL_QUEUE_ERROR"
"ERROR","AOCR_20260218.log","2026-02-18 06:17:26.095 | ERROR | CID:N/A | ERR:EMAIL_QUEUE_ERROR | Error de configuración de base de datos.","Exception: DataAccessException","EMAIL_QUEUE_ERROR"
"ERROR","AOCR_20260218.log","2026-02-18 06:17:56.165 | ERROR | CID:N/A | ERR:EMAIL_QUEUE_ERROR | Error de configuración de base de datos.","Exception: DataAccessException","EMAIL_QUEUE_ERROR"
"ERROR","AOCR_20260218.log","2026-02-18 06:18:26.223 | ERROR | CID:N/A | ERR:EMAIL_QUEUE_ERROR | Error de configuración de base de datos.","Exception: DataAccessException","EMAIL_QUEUE_ERROR"
"ERROR","AOCR_20260218.log","2026-02-18 06:18:56.273 | ERROR | CID:N/A | ERR:EMAIL_QUEUE_ERROR | Error de configuración de base de datos.","Exception: DataAccessException","EMAIL_QUEUE_ERROR"
"ERROR","AOCR_20260218.log","2026-02-18 06:19:26.329 | ERROR | CID:N/A | ERR:EMAIL_QUEUE_ERROR | Error de configuración de base de datos.","Exception: DataAccessException","EMAIL_QUEUE_ERROR"
"ERROR","AOCR_20260218.log","2026-02-18 06:19:56.381 | ERROR | CID:N/A | ERR:EMAIL_QUEUE_ERROR | Error de configuración de base de datos.","Exception: DataAccessException","EMAIL_QUEUE_ERROR"
"ERROR","AOCR_20260218.log","2026-02-18 06:20:26.427 | ERROR | CID:N/A | ERR:EMAIL_QUEUE_ERROR | Error de configuración de base de datos.","Exception: DataAccessException","EMAIL_QUEUE_ERROR"
"ERROR","AOCR_20260218.log","2026-02-18 06:20:56.479 | ERROR | CID:N/A | ERR:EMAIL_QUEUE_ERROR | Error de configuración de base de datos.","Exception: DataAccessException","EMAIL_QUEUE_ERROR"
"ERROR","AOCR_20260218.log","2026-02-18 06:21:26.534 | ERROR | CID:N/A | ERR:EMAIL_QUEUE_ERROR | Error de configuración de base de datos.","Exception: DataAccessException","EMAIL_QUEUE_ERROR"
"ERROR","AOCR_20260218.log","2026-02-18 06:21:56.596 | ERROR | CID:N/A | ERR:EMAIL_QUEUE_ERROR | Error de configuración de base de datos.","Exception: DataAccessException","EMAIL_QUEUE_ERROR"
"ERROR","AOCR_20260218.log","2026-02-18 06:22:26.644 | ERROR | CID:N/A | ERR:EMAIL_QUEUE_ERROR | Error de configuración de base de datos.","Exception: DataAccessException","EMAIL_QUEUE_ERROR"
"ERROR","AOCR_20260218.log","2026-02-18 06:22:56.704 | ERROR | CID:N/A | ERR:EMAIL_QUEUE_ERROR | Error de configuración de base de datos.","Exception: DataAccessException","EMAIL_QUEUE_ERROR"
"ERROR","AOCR_20260218.log","2026-02-18 06:23:26.757 | ERROR | CID:N/A | ERR:EMAIL_QUEUE_ERROR | Error de configuración de base de datos.","Exception: DataAccessException","EMAIL_QUEUE_ERROR"
"ERROR","AOCR_20260218.log","2026-02-18 06:23:56.808 | ERROR | CID:N/A | ERR:EMAIL_QUEUE_ERROR | Error de configuración de base de datos.","Exception: DataAccessException","EMAIL_QUEUE_ERROR"
"ERROR","AOCR_20260218.log","2026-02-18 06:24:26.861 | ERROR | CID:N/A | ERR:EMAIL_QUEUE_ERROR | Error de configuración de base de datos.","Exception: DataAccessException","EMAIL_QUEUE_ERROR"
"ERROR","AOCR_20260218.log","2026-02-18 06:24:56.926 | ERROR | CID:N/A | ERR:EMAIL_QUEUE_ERROR | Error de configuración de base de datos.","Exception: DataAccessException","EMAIL_QUEUE_ERROR"
"ERROR","AOCR_20260218.log","2026-02-18 06:25:26.974 | ERROR | CID:N/A | ERR:EMAIL_QUEUE_ERROR | Error de configuración de base de datos.","Exception: DataAccessException","EMAIL_QUEUE_ERROR"
"ERROR","AOCR_20260218.log","2026-02-18 06:25:57.040 | ERROR | CID:N/A | ERR:EMAIL_QUEUE_ERROR | Error de configuración de base de datos.","Exception: DataAccessException","EMAIL_QUEUE_ERROR"
"ERROR","AOCR_20260218.log","2026-02-18 06:26:27.102 | ERROR | CID:N/A | ERR:EMAIL_QUEUE_ERROR | Error de configuración de base de datos.","Exception: DataAccessException","EMAIL_QUEUE_ERROR"
"ERROR","AOCR_20260218.log","2026-02-18 06:26:57.165 | ERROR | CID:N/A | ERR:EMAIL_QUEUE_ERROR | Error de configuración de base de datos.","Exception: DataAccessException","EMAIL_QUEUE_ERROR"
"ERROR","AOCR_20260218.log","2026-02-18 06:27:27.225 | ERROR | CID:N/A | ERR:EMAIL_QUEUE_ERROR | Error de configuración de base de datos.","Exception: DataAccessException","EMAIL_QUEUE_ERROR"
"ERROR","AOCR_20260218.log","2026-02-18 06:27:57.293 | ERROR | CID:N/A | ERR:EMAIL_QUEUE_ERROR | Error de configuración de base de datos.","Exception: DataAccessException","EMAIL_QUEUE_ERROR"
"ERROR","AOCR_20260218.log","2026-02-18 06:28:27.347 | ERROR | CID:N/A | ERR:EMAIL_QUEUE_ERROR | Error de configuración de base de datos.","Exception: DataAccessException","EMAIL_QUEUE_ERROR"
"ERROR","AOCR_20260218.log","2026-02-18 06:28:57.422 | ERROR | CID:N/A | ERR:EMAIL_QUEUE_ERROR | Error de configuración de base de datos.","Exception: DataAccessException","EMAIL_QUEUE_ERROR"
"ERROR","AOCR_20260218.log","2026-02-18 06:29:27.489 | ERROR | CID:N/A | ERR:EMAIL_QUEUE_ERROR | Error de configuración de base de datos.","Exception: DataAccessException","EMAIL_QUEUE_ERROR"
"ERROR","AOCR_20260218.log","2026-02-18 06:29:57.564 | ERROR | CID:N/A | ERR:EMAIL_QUEUE_ERROR | Error de configuración de base de datos.","Exception: DataAccessException","EMAIL_QUEUE_ERROR"
"ERROR","AOCR_20260218.log","2026-02-18 06:30:27.613 | ERROR | CID:N/A | ERR:EMAIL_QUEUE_ERROR | Error de configuración de base de datos.","Exception: DataAccessException","EMAIL_QUEUE_ERROR"
"ERROR","AOCR_20260218.log","2026-02-18 06:30:57.662 | ERROR | CID:N/A | ERR:EMAIL_QUEUE_ERROR | Error de configuración de base de datos.","Exception: DataAccessException","EMAIL_QUEUE_ERROR"
"ERROR","AOCR_20260218.log","2026-02-18 06:31:27.713 | ERROR | CID:N/A | ERR:EMAIL_QUEUE_ERROR | Error de configuración de base de datos.","Exception: DataAccessException","EMAIL_QUEUE_ERROR"
"ERROR","AOCR_20260218.log","2026-02-18 06:31:57.773 | ERROR | CID:N/A | ERR:EMAIL_QUEUE_ERROR | Error de configuración de base de datos.","Exception: DataAccessException","EMAIL_QUEUE_ERROR"
"ERROR","AOCR_20260218.log","2026-02-18 06:32:27.833 | ERROR | CID:N/A | ERR:EMAIL_QUEUE_ERROR | Error de configuración de base de datos.","Exception: DataAccessException","EMAIL_QUEUE_ERROR"
"ERROR","AOCR_20260218.log","2026-02-18 06:32:57.885 | ERROR | CID:N/A | ERR:EMAIL_QUEUE_ERROR | Error de configuración de base de datos.","Exception: DataAccessException","EMAIL_QUEUE_ERROR"
"ERROR","AOCR_20260218.log","2026-02-18 06:33:27.948 | ERROR | CID:N/A | ERR:EMAIL_QUEUE_ERROR | Error de configuración de base de datos.","Exception: DataAccessException","EMAIL_QUEUE_ERROR"
"ERROR","AOCR_20260218.log","2026-02-18 06:33:58.003 | ERROR | CID:N/A | ERR:EMAIL_QUEUE_ERROR | Error de configuración de base de datos.","Exception: DataAccessException","EMAIL_QUEUE_ERROR"
"ERROR","AOCR_20260218.log","2026-02-18 06:34:28.061 | ERROR | CID:N/A | ERR:EMAIL_QUEUE_ERROR | Error de configuración de base de datos.","Exception: DataAccessException","EMAIL_QUEUE_ERROR"
"ERROR","AOCR_20260218.log","2026-02-18 06:34:58.122 | ERROR | CID:N/A | ERR:EMAIL_QUEUE_ERROR | Error de configuración de base de datos.","Exception: DataAccessException","EMAIL_QUEUE_ERROR"
"ERROR","AOCR_20260218.log","2026-02-18 06:35:28.177 | ERROR | CID:N/A | ERR:EMAIL_QUEUE_ERROR | Error de configuración de base de datos.","Exception: DataAccessException","EMAIL_QUEUE_ERROR"
"ERROR","AOCR_20260218.log","2026-02-18 06:35:58.232 | ERROR | CID:N/A | ERR:EMAIL_QUEUE_ERROR | Error de configuración de base de datos.","Exception: DataAccessException","EMAIL_QUEUE_ERROR"
"ERROR","AOCR_20260218.log","2026-02-18 06:36:28.283 | ERROR | CID:N/A | ERR:EMAIL_QUEUE_ERROR | Error de configuración de base de datos.","Exception: DataAccessException","EMAIL_QUEUE_ERROR"
"ERROR","AOCR_20260218.log","2026-02-18 06:36:58.361 | ERROR | CID:N/A | ERR:EMAIL_QUEUE_ERROR | Error de configuración de base de datos.","Exception: DataAccessException","EMAIL_QUEUE_ERROR"
"ERROR","AOCR_20260218.log","2026-02-18 06:37:28.431 | ERROR | CID:N/A | ERR:EMAIL_QUEUE_ERROR | Error de configuración de base de datos.","Exception: DataAccessException","EMAIL_QUEUE_ERROR"
"ERROR","AOCR_20260218.log","2026-02-18 06:37:58.485 | ERROR | CID:N/A | ERR:EMAIL_QUEUE_ERROR | Error de configuración de base de datos.","Exception: DataAccessException","EMAIL_QUEUE_ERROR"
"ERROR","AOCR_20260218.log","2026-02-18 06:38:28.549 | ERROR | CID:N/A | ERR:EMAIL_QUEUE_ERROR | Error de configuración de base de datos.","Exception: DataAccessException","EMAIL_QUEUE_ERROR"
"ERROR","AOCR_20260218.log","2026-02-18 06:38:58.610 | ERROR | CID:N/A | ERR:EMAIL_QUEUE_ERROR | Error de configuración de base de datos.","Exception: DataAccessException","EMAIL_QUEUE_ERROR"
"ERROR","AOCR_20260218.log","2026-02-18 06:39:28.674 | ERROR | CID:N/A | ERR:EMAIL_QUEUE_ERROR | Error de configuración de base de datos.","Exception: DataAccessException","EMAIL_QUEUE_ERROR"
"ERROR","AOCR_20260218.log","2026-02-18 06:39:58.720 | ERROR | CID:N/A | ERR:EMAIL_QUEUE_ERROR | Error de configuración de base de datos.","Exception: DataAccessException","EMAIL_QUEUE_ERROR"
"ERROR","AOCR_20260218.log","2026-02-18 06:40:28.781 | ERROR | CID:N/A | ERR:EMAIL_QUEUE_ERROR | Error de configuración de base de datos.","Exception: DataAccessException","EMAIL_QUEUE_ERROR"
"ERROR","AOCR_20260218.log","2026-02-18 06:40:58.842 | ERROR | CID:N/A | ERR:EMAIL_QUEUE_ERROR | Error de configuración de base de datos.","Exception: DataAccessException","EMAIL_QUEUE_ERROR"
"ERROR","AOCR_20260218.log","2026-02-18 06:41:28.898 | ERROR | CID:N/A | ERR:EMAIL_QUEUE_ERROR | Error de configuración de base de datos.","Exception: DataAccessException","EMAIL_QUEUE_ERROR"
"ERROR","AOCR_20260218.log","2026-02-18 06:41:58.961 | ERROR | CID:N/A | ERR:EMAIL_QUEUE_ERROR | Error de configuración de base de datos.","Exception: DataAccessException","EMAIL_QUEUE_ERROR"
"ERROR","AOCR_20260218.log","2026-02-18 06:42:29.022 | ERROR | CID:N/A | ERR:EMAIL_QUEUE_ERROR | Error de configuración de base de datos.","Exception: DataAccessException","EMAIL_QUEUE_ERROR"
"ERROR","AOCR_20260218.log","2026-02-18 06:42:59.080 | ERROR | CID:N/A | ERR:EMAIL_QUEUE_ERROR | Error de configuración de base de datos.","Exception: DataAccessException","EMAIL_QUEUE_ERROR"
"ERROR","AOCR_20260218.log","2026-02-18 06:43:29.138 | ERROR | CID:N/A | ERR:EMAIL_QUEUE_ERROR | Error de configuración de base de datos.","Exception: DataAccessException","EMAIL_QUEUE_ERROR"
"ERROR","AOCR_20260218.log","2026-02-18 06:43:59.194 | ERROR | CID:N/A | ERR:EMAIL_QUEUE_ERROR | Error de configuración de base de datos.","Exception: DataAccessException","EMAIL_QUEUE_ERROR"
"ERROR","AOCR_20260218.log","2026-02-18 06:44:29.248 | ERROR | CID:N/A | ERR:EMAIL_QUEUE_ERROR | Error de configuración de base de datos.","Exception: DataAccessException","EMAIL_QUEUE_ERROR"
"ERROR","AOCR_20260218.log","2026-02-18 06:44:59.314 | ERROR | CID:N/A | ERR:EMAIL_QUEUE_ERROR | Error de configuración de base de datos.","Exception: DataAccessException","EMAIL_QUEUE_ERROR"
"ERROR","AOCR_20260218.log","2026-02-18 06:45:29.375 | ERROR | CID:N/A | ERR:EMAIL_QUEUE_ERROR | Error de configuración de base de datos.","Exception: DataAccessException","EMAIL_QUEUE_ERROR"
"ERROR","AOCR_20260218.log","2026-02-18 06:45:59.442 | ERROR | CID:N/A | ERR:EMAIL_QUEUE_ERROR | Error de configuración de base de datos.","Exception: DataAccessException","EMAIL_QUEUE_ERROR"
"ERROR","AOCR_20260218.log","2026-02-18 06:46:29.503 | ERROR | CID:N/A | ERR:EMAIL_QUEUE_ERROR | Error de configuración de base de datos.","Exception: DataAccessException","EMAIL_QUEUE_ERROR"
"ERROR","AOCR_20260218.log","2026-02-18 06:46:59.554 | ERROR | CID:N/A | ERR:EMAIL_QUEUE_ERROR | Error de configuración de base de datos.","Exception: DataAccessException","EMAIL_QUEUE_ERROR"
"ERROR","AOCR_20260218.log","2026-02-18 06:47:29.620 | ERROR | CID:N/A | ERR:EMAIL_QUEUE_ERROR | Error de configuración de base de datos.","Exception: DataAccessException","EMAIL_QUEUE_ERROR"
"ERROR","AOCR_20260218.log","2026-02-18 06:47:59.678 | ERROR | CID:N/A | ERR:EMAIL_QUEUE_ERROR | Error de configuración de base de datos.","Exception: DataAccessException","EMAIL_QUEUE_ERROR"
"ERROR","AOCR_20260218.log","2026-02-18 06:48:29.748 | ERROR | CID:N/A | ERR:EMAIL_QUEUE_ERROR | Error de configuración de base de datos.","Exception: DataAccessException","EMAIL_QUEUE_ERROR"
"ERROR","AOCR_20260218.log","2026-02-18 06:48:59.804 | ERROR | CID:N/A | ERR:EMAIL_QUEUE_ERROR | Error de configuración de base de datos.","Exception: DataAccessException","EMAIL_QUEUE_ERROR"
"ERROR","AOCR_20260218.log","2026-02-18 06:49:29.863 | ERROR | CID:N/A | ERR:EMAIL_QUEUE_ERROR | Error de configuración de base de datos.","Exception: DataAccessException","EMAIL_QUEUE_ERROR"
"ERROR","AOCR_20260218.log","2026-02-18 06:49:59.919 | ERROR | CID:N/A | ERR:EMAIL_QUEUE_ERROR | Error de configuración de base de datos.","Exception: DataAccessException","EMAIL_QUEUE_ERROR"
"ERROR","AOCR_20260218.log","2026-02-18 06:50:29.980 | ERROR | CID:N/A | ERR:EMAIL_QUEUE_ERROR | Error de configuración de base de datos.","Exception: DataAccessException","EMAIL_QUEUE_ERROR"
"ERROR","AOCR_20260218.log","2026-02-18 06:51:00.044 | ERROR | CID:N/A | ERR:EMAIL_QUEUE_ERROR | Error de configuración de base de datos.","Exception: DataAccessException","EMAIL_QUEUE_ERROR"
"ERROR","AOCR_20260218.log","2026-02-18 06:51:30.107 | ERROR | CID:N/A | ERR:EMAIL_QUEUE_ERROR | Error de configuración de base de datos.","Exception: DataAccessException","EMAIL_QUEUE_ERROR"
"ERROR","AOCR_20260218.log","2026-02-18 06:52:00.178 | ERROR | CID:N/A | ERR:EMAIL_QUEUE_ERROR | Error de configuración de base de datos.","Exception: DataAccessException","EMAIL_QUEUE_ERROR"
"ERROR","AOCR_20260218.log","2026-02-18 06:52:30.246 | ERROR | CID:N/A | ERR:EMAIL_QUEUE_ERROR | Error de configuración de base de datos.","Exception: DataAccessException","EMAIL_QUEUE_ERROR"
"ERROR","AOCR_20260218.log","2026-02-18 06:53:00.309 | ERROR | CID:N/A | ERR:EMAIL_QUEUE_ERROR | Error de configuración de base de datos.","Exception: DataAccessException","EMAIL_QUEUE_ERROR"
"ERROR","AOCR_20260218.log","2026-02-18 06:53:30.378 | ERROR | CID:N/A | ERR:EMAIL_QUEUE_ERROR | Error de configuración de base de datos.","Exception: DataAccessException","EMAIL_QUEUE_ERROR"
"ERROR","AOCR_20260218.log","2026-02-18 06:54:00.426 | ERROR | CID:N/A | ERR:EMAIL_QUEUE_ERROR | Error de configuración de base de datos.","Exception: DataAccessException","EMAIL_QUEUE_ERROR"
"ERROR","AOCR_20260218.log","2026-02-18 06:54:30.480 | ERROR | CID:N/A | ERR:EMAIL_QUEUE_ERROR | Error de configuración de base de datos.","Exception: DataAccessException","EMAIL_QUEUE_ERROR"
"ERROR","AOCR_20260218.log","2026-02-18 06:55:00.533 | ERROR | CID:N/A | ERR:EMAIL_QUEUE_ERROR | Error de configuración de base de datos.","Exception: DataAccessException","EMAIL_QUEUE_ERROR"
"ERROR","AOCR_20260218.log","2026-02-18 06:55:30.586 | ERROR | CID:N/A | ERR:EMAIL_QUEUE_ERROR | Error de configuración de base de datos.","Exception: DataAccessException","EMAIL_QUEUE_ERROR"
"ERROR","AOCR_20260218.log","2026-02-18 06:56:00.648 | ERROR | CID:N/A | ERR:EMAIL_QUEUE_ERROR | Error de configuración de base de datos.","Exception: DataAccessException","EMAIL_QUEUE_ERROR"
"ERROR","AOCR_20260218.log","2026-02-18 06:56:30.720 | ERROR | CID:N/A | ERR:EMAIL_QUEUE_ERROR | Error de configuración de base de datos.","Exception: DataAccessException","EMAIL_QUEUE_ERROR"
"ERROR","AOCR_20260218.log","2026-02-18 06:57:00.781 | ERROR | CID:N/A | ERR:EMAIL_QUEUE_ERROR | Error de configuración de base de datos.","Exception: DataAccessException","EMAIL_QUEUE_ERROR"
"ERROR","AOCR_20260218.log","2026-02-18 06:57:30.849 | ERROR | CID:N/A | ERR:EMAIL_QUEUE_ERROR | Error de configuración de base de datos.","Exception: DataAccessException","EMAIL_QUEUE_ERROR"
"ERROR","AOCR_20260218.log","2026-02-18 06:58:00.912 | ERROR | CID:N/A | ERR:EMAIL_QUEUE_ERROR | Error de configuración de base de datos.","Exception: DataAccessException","EMAIL_QUEUE_ERROR"
"ERROR","AOCR_20260218.log","2026-02-18 06:58:30.967 | ERROR | CID:N/A | ERR:EMAIL_QUEUE_ERROR | Error de configuración de base de datos.","Exception: DataAccessException","EMAIL_QUEUE_ERROR"
"ERROR","AOCR_20260218.log","2026-02-18 06:59:01.019 | ERROR | CID:N/A | ERR:EMAIL_QUEUE_ERROR | Error de configuración de base de datos.","Exception: DataAccessException","EMAIL_QUEUE_ERROR"
"ERROR","AOCR_20260218.log","2026-02-18 06:59:31.060 | ERROR | CID:N/A | ERR:EMAIL_QUEUE_ERROR | Error de configuración de base de datos.","Exception: DataAccessException","EMAIL_QUEUE_ERROR"
"ERROR","AOCR_20260218.log","2026-02-18 07:00:01.121 | ERROR | CID:N/A | ERR:EMAIL_QUEUE_ERROR | Error de configuración de base de datos.","Exception: DataAccessException","EMAIL_QUEUE_ERROR"
"ERROR","AOCR_20260218.log","2026-02-18 07:00:31.179 | ERROR | CID:N/A | ERR:EMAIL_QUEUE_ERROR | Error de configuración de base de datos.","Exception: DataAccessException","EMAIL_QUEUE_ERROR"
"ERROR","AOCR_20260218.log","2026-02-18 07:01:01.247 | ERROR | CID:N/A | ERR:EMAIL_QUEUE_ERROR | Error de configuración de base de datos.","Exception: DataAccessException","EMAIL_QUEUE_ERROR"
"ERROR","AOCR_20260218.log","2026-02-18 07:01:31.303 | ERROR | CID:N/A | ERR:EMAIL_QUEUE_ERROR | Error de configuración de base de datos.","Exception: DataAccessException","EMAIL_QUEUE_ERROR"
"ERROR","AOCR_20260218.log","2026-02-18 07:02:01.368 | ERROR | CID:N/A | ERR:EMAIL_QUEUE_ERROR | Error de configuración de base de datos.","Exception: DataAccessException","EMAIL_QUEUE_ERROR"
"ERROR","AOCR_20260218.log","2026-02-18 07:02:31.425 | ERROR | CID:N/A | ERR:EMAIL_QUEUE_ERROR | Error de configuración de base de datos.","Exception: DataAccessException","EMAIL_QUEUE_ERROR"
"ERROR","AOCR_20260218.log","2026-02-18 07:03:01.486 | ERROR | CID:N/A | ERR:EMAIL_QUEUE_ERROR | Error de configuración de base de datos.","Exception: DataAccessException","EMAIL_QUEUE_ERROR"
"ERROR","AOCR_20260218.log","2026-02-18 07:03:31.539 | ERROR | CID:N/A | ERR:EMAIL_QUEUE_ERROR | Error de configuración de base de datos.","Exception: DataAccessException","EMAIL_QUEUE_ERROR"
"ERROR","AOCR_20260218.log","2026-02-18 07:04:01.610 | ERROR | CID:N/A | ERR:EMAIL_QUEUE_ERROR | Error de configuración de base de datos.","Exception: DataAccessException","EMAIL_QUEUE_ERROR"
"ERROR","AOCR_20260218.log","2026-02-18 07:04:31.664 | ERROR | CID:N/A | ERR:EMAIL_QUEUE_ERROR | Error de configuración de base de datos.","Exception: DataAccessException","EMAIL_QUEUE_ERROR"
"ERROR","AOCR_20260218.log","2026-02-18 07:05:01.727 | ERROR | CID:N/A | ERR:EMAIL_QUEUE_ERROR | Error de configuración de base de datos.","Exception: DataAccessException","EMAIL_QUEUE_ERROR"
"ERROR","AOCR_20260218.log","2026-02-18 07:05:31.792 | ERROR | CID:N/A | ERR:EMAIL_QUEUE_ERROR | Error de configuración de base de datos.","Exception: DataAccessException","EMAIL_QUEUE_ERROR"
"ERROR","AOCR_20260218.log","2026-02-18 07:06:01.854 | ERROR | CID:N/A | ERR:EMAIL_QUEUE_ERROR | Error de configuración de base de datos.","Exception: DataAccessException","EMAIL_QUEUE_ERROR"
"ERROR","AOCR_20260218.log","2026-02-18 07:06:31.905 | ERROR | CID:N/A | ERR:EMAIL_QUEUE_ERROR | Error de configuración de base de datos.","Exception: DataAccessException","EMAIL_QUEUE_ERROR"
"ERROR","AOCR_20260218.log","2026-02-18 07:07:01.969 | ERROR | CID:N/A | ERR:EMAIL_QUEUE_ERROR | Error de configuración de base de datos.","Exception: DataAccessException","EMAIL_QUEUE_ERROR"
"ERROR","AOCR_20260218.log","2026-02-18 07:07:32.019 | ERROR | CID:N/A | ERR:EMAIL_QUEUE_ERROR | Error de configuración de base de datos.","Exception: DataAccessException","EMAIL_QUEUE_ERROR"
"ERROR","AOCR_20260218.log","2026-02-18 07:08:02.081 | ERROR | CID:N/A | ERR:EMAIL_QUEUE_ERROR | Error de configuración de base de datos.","Exception: DataAccessException","EMAIL_QUEUE_ERROR"
"ERROR","AOCR_20260218.log","2026-02-18 07:08:32.142 | ERROR | CID:N/A | ERR:EMAIL_QUEUE_ERROR | Error de configuración de base de datos.","Exception: DataAccessException","EMAIL_QUEUE_ERROR"
"ERROR","AOCR_20260218.log","2026-02-18 07:09:02.190 | ERROR | CID:N/A | ERR:EMAIL_QUEUE_ERROR | Error de configuración de base de datos.","Exception: DataAccessException","EMAIL_QUEUE_ERROR"
"ERROR","AOCR_20260218.log","2026-02-18 07:09:32.256 | ERROR | CID:N/A | ERR:EMAIL_QUEUE_ERROR | Error de configuración de base de datos.","Exception: DataAccessException","EMAIL_QUEUE_ERROR"
"ERROR","AOCR_20260218.log","2026-02-18 07:10:02.312 | ERROR | CID:N/A | ERR:EMAIL_QUEUE_ERROR | Error de configuración de base de datos.","Exception: DataAccessException","EMAIL_QUEUE_ERROR"
"ERROR","AOCR_20260218.log","2026-02-18 07:10:32.369 | ERROR | CID:N/A | ERR:EMAIL_QUEUE_ERROR | Error de configuración de base de datos.","Exception: DataAccessException","EMAIL_QUEUE_ERROR"
"ERROR","AOCR_20260218.log","2026-02-18 07:11:02.432 | ERROR | CID:N/A | ERR:EMAIL_QUEUE_ERROR | Error de configuración de base de datos.","Exception: DataAccessException","EMAIL_QUEUE_ERROR"
"ERROR","AOCR_20260218.log","2026-02-18 07:11:32.481 | ERROR | CID:N/A | ERR:EMAIL_QUEUE_ERROR | Error de configuración de base de datos.","Exception: DataAccessException","EMAIL_QUEUE_ERROR"
"ERROR","AOCR_20260218.log","2026-02-18 07:12:02.545 | ERROR | CID:N/A | ERR:EMAIL_QUEUE_ERROR | Error de configuración de base de datos.","Exception: DataAccessException","EMAIL_QUEUE_ERROR"
"ERROR","AOCR_20260218.log","2026-02-18 07:12:32.596 | ERROR | CID:N/A | ERR:EMAIL_QUEUE_ERROR | Error de configuración de base de datos.","Exception: DataAccessException","EMAIL_QUEUE_ERROR"
"ERROR","AOCR_20260218.log","2026-02-18 07:13:02.665 | ERROR | CID:N/A | ERR:EMAIL_QUEUE_ERROR | Error de configuración de base de datos.","Exception: DataAccessException","EMAIL_QUEUE_ERROR"
"ERROR","AOCR_20260218.log","2026-02-18 07:13:32.720 | ERROR | CID:N/A | ERR:EMAIL_QUEUE_ERROR | Error de configuración de base de datos.","Exception: DataAccessException","EMAIL_QUEUE_ERROR"
"ERROR","AOCR_20260218.log","2026-02-18 07:14:02.782 | ERROR | CID:N/A | ERR:EMAIL_QUEUE_ERROR | Error de configuración de base de datos.","Exception: DataAccessException","EMAIL_QUEUE_ERROR"
"ERROR","AOCR_20260218.log","2026-02-18 07:14:32.844 | ERROR | CID:N/A | ERR:EMAIL_QUEUE_ERROR | Error de configuración de base de datos.","Exception: DataAccessException","EMAIL_QUEUE_ERROR"
"ERROR","AOCR_20260218.log","2026-02-18 07:15:02.906 | ERROR | CID:N/A | ERR:EMAIL_QUEUE_ERROR | Error de configuración de base de datos.","Exception: DataAccessException","EMAIL_QUEUE_ERROR"
"ERROR","AOCR_20260218.log","2026-02-18 07:15:32.967 | ERROR | CID:N/A | ERR:EMAIL_QUEUE_ERROR | Error de configuración de base de datos.","Exception: DataAccessException","EMAIL_QUEUE_ERROR"
"ERROR","AOCR_20260218.log","2026-02-18 07:16:03.034 | ERROR | CID:N/A | ERR:EMAIL_QUEUE_ERROR | Error de configuración de base de datos.","Exception: DataAccessException","EMAIL_QUEUE_ERROR"
"ERROR","AOCR_20260218.log","2026-02-18 07:16:33.109 | ERROR | CID:N/A | ERR:EMAIL_QUEUE_ERROR | Error de configuración de base de datos.","Exception: DataAccessException","EMAIL_QUEUE_ERROR"
"ERROR","AOCR_20260218.log","2026-02-18 07:17:03.173 | ERROR | CID:N/A | ERR:EMAIL_QUEUE_ERROR | Error de configuración de base de datos.","Exception: DataAccessException","EMAIL_QUEUE_ERROR"
"ERROR","AOCR_20260218.log","2026-02-18 07:17:33.234 | ERROR | CID:N/A | ERR:EMAIL_QUEUE_ERROR | Error de configuración de base de datos.","Exception: DataAccessException","EMAIL_QUEUE_ERROR"
"ERROR","AOCR_20260218.log","2026-02-18 07:18:03.302 | ERROR | CID:N/A | ERR:EMAIL_QUEUE_ERROR | Error de configuración de base de datos.","Exception: DataAccessException","EMAIL_QUEUE_ERROR"
"ERROR","AOCR_20260218.log","2026-02-18 07:18:33.354 | ERROR | CID:N/A | ERR:EMAIL_QUEUE_ERROR | Error de configuración de base de datos.","Exception: DataAccessException","EMAIL_QUEUE_ERROR"
"ERROR","AOCR_20260218.log","2026-02-18 07:19:03.406 | ERROR | CID:N/A | ERR:EMAIL_QUEUE_ERROR | Error de configuración de base de datos.","Exception: DataAccessException","EMAIL_QUEUE_ERROR"
"ERROR","AOCR_20260218.log","2026-02-18 07:19:33.474 | ERROR | CID:N/A | ERR:EMAIL_QUEUE_ERROR | Error de configuración de base de datos.","Exception: DataAccessException","EMAIL_QUEUE_ERROR"
"ERROR","AOCR_20260218.log","2026-02-18 07:20:03.529 | ERROR | CID:N/A | ERR:EMAIL_QUEUE_ERROR | Error de configuración de base de datos.","Exception: DataAccessException","EMAIL_QUEUE_ERROR"
"ERROR","AOCR_20260218.log","2026-02-18 07:20:33.600 | ERROR | CID:N/A | ERR:EMAIL_QUEUE_ERROR | Error de configuración de base de datos.","Exception: DataAccessException","EMAIL_QUEUE_ERROR"
"ERROR","AOCR_20260218.log","2026-02-18 07:21:03.660 | ERROR | CID:N/A | ERR:EMAIL_QUEUE_ERROR | Error de configuración de base de datos.","Exception: DataAccessException","EMAIL_QUEUE_ERROR"
"ERROR","AOCR_20260218.log","2026-02-18 07:21:33.727 | ERROR | CID:N/A | ERR:EMAIL_QUEUE_ERROR | Error de configuración de base de datos.","Exception: DataAccessException","EMAIL_QUEUE_ERROR"
"ERROR","AOCR_20260218.log","2026-02-18 07:22:03.798 | ERROR | CID:N/A | ERR:EMAIL_QUEUE_ERROR | Error de configuración de base de datos.","Exception: DataAccessException","EMAIL_QUEUE_ERROR"
"ERROR","AOCR_20260218.log","2026-02-18 07:22:33.863 | ERROR | CID:N/A | ERR:EMAIL_QUEUE_ERROR | Error de configuración de base de datos.","Exception: DataAccessException","EMAIL_QUEUE_ERROR"
"ERROR","AOCR_20260218.log","2026-02-18 07:23:03.919 | ERROR | CID:N/A | ERR:EMAIL_QUEUE_ERROR | Error de configuración de base de datos.","Exception: DataAccessException","EMAIL_QUEUE_ERROR"
"ERROR","AOCR_20260218.log","2026-02-18 07:23:33.982 | ERROR | CID:N/A | ERR:EMAIL_QUEUE_ERROR | Error de configuración de base de datos.","Exception: DataAccessException","EMAIL_QUEUE_ERROR"
"ERROR","AOCR_20260218.log","2026-02-18 07:24:04.046 | ERROR | CID:N/A | ERR:EMAIL_QUEUE_ERROR | Error de configuración de base de datos.","Exception: DataAccessException","EMAIL_QUEUE_ERROR"
"ERROR","AOCR_20260218.log","2026-02-18 07:24:34.104 | ERROR | CID:N/A | ERR:EMAIL_QUEUE_ERROR | Error de configuración de base de datos.","Exception: DataAccessException","EMAIL_QUEUE_ERROR"
"ERROR","AOCR_20260218.log","2026-02-18 07:25:04.175 | ERROR | CID:N/A | ERR:EMAIL_QUEUE_ERROR | Error de configuración de base de datos.","Exception: DataAccessException","EMAIL_QUEUE_ERROR"
"ERROR","AOCR_20260218.log","2026-02-18 07:25:34.228 | ERROR | CID:N/A | ERR:EMAIL_QUEUE_ERROR | Error de configuración de base de datos.","Exception: DataAccessException","EMAIL_QUEUE_ERROR"
"ERROR","AOCR_20260218.log","2026-02-18 07:26:04.285 | ERROR | CID:N/A | ERR:EMAIL_QUEUE_ERROR | Error de configuración de base de datos.","Exception: DataAccessException","EMAIL_QUEUE_ERROR"
"ERROR","AOCR_20260218.log","2026-02-18 07:26:34.342 | ERROR | CID:N/A | ERR:EMAIL_QUEUE_ERROR | Error de configuración de base de datos.","Exception: DataAccessException","EMAIL_QUEUE_ERROR"
"ERROR","AOCR_20260218.log","2026-02-18 07:27:04.414 | ERROR | CID:N/A | ERR:EMAIL_QUEUE_ERROR | Error de configuración de base de datos.","Exception: DataAccessException","EMAIL_QUEUE_ERROR"
"ERROR","AOCR_20260218.log","2026-02-18 07:27:34.492 | ERROR | CID:N/A | ERR:EMAIL_QUEUE_ERROR | Error de configuración de base de datos.","Exception: DataAccessException","EMAIL_QUEUE_ERROR"
"ERROR","AOCR_20260218.log","2026-02-18 07:28:04.545 | ERROR | CID:N/A | ERR:EMAIL_QUEUE_ERROR | Error de configuración de base de datos.","Exception: DataAccessException","EMAIL_QUEUE_ERROR"
"ERROR","AOCR_20260218.log","2026-02-18 07:28:34.602 | ERROR | CID:N/A | ERR:EMAIL_QUEUE_ERROR | Error de configuración de base de datos.","Exception: DataAccessException","EMAIL_QUEUE_ERROR"
"ERROR","AOCR_20260218.log","2026-02-18 07:29:04.664 | ERROR | CID:N/A | ERR:EMAIL_QUEUE_ERROR | Error de configuración de base de datos.","Exception: DataAccessException","EMAIL_QUEUE_ERROR"
"ERROR","AOCR_20260218.log","2026-02-18 07:29:34.729 | ERROR | CID:N/A | ERR:EMAIL_QUEUE_ERROR | Error de configuración de base de datos.","Exception: DataAccessException","EMAIL_QUEUE_ERROR"
"ERROR","AOCR_20260218.log","2026-02-18 07:30:04.790 | ERROR | CID:N/A | ERR:EMAIL_QUEUE_ERROR | Error de configuración de base de datos.","Exception: DataAccessException","EMAIL_QUEUE_ERROR"
"ERROR","AOCR_20260218.log","2026-02-18 07:30:34.853 | ERROR | CID:N/A | ERR:EMAIL_QUEUE_ERROR | Error de configuración de base de datos.","Exception: DataAccessException","EMAIL_QUEUE_ERROR"
"ERROR","AOCR_20260218.log","2026-02-18 07:31:04.908 | ERROR | CID:N/A | ERR:EMAIL_QUEUE_ERROR | Error de configuración de base de datos.","Exception: DataAccessException","EMAIL_QUEUE_ERROR"
"ERROR","AOCR_20260218.log","2026-02-18 07:31:34.977 | ERROR | CID:N/A | ERR:EMAIL_QUEUE_ERROR | Error de configuración de base de datos.","Exception: DataAccessException","EMAIL_QUEUE_ERROR"
"ERROR","AOCR_20260218.log","2026-02-18 07:32:05.034 | ERROR | CID:N/A | ERR:EMAIL_QUEUE_ERROR | Error de configuración de base de datos.","Exception: DataAccessException","EMAIL_QUEUE_ERROR"
"ERROR","AOCR_20260218.log","2026-02-18 07:32:35.086 | ERROR | CID:N/A | ERR:EMAIL_QUEUE_ERROR | Error de configuración de base de datos.","Exception: DataAccessException","EMAIL_QUEUE_ERROR"
"ERROR","AOCR_20260218.log","2026-02-18 07:33:05.135 | ERROR | CID:N/A | ERR:EMAIL_QUEUE_ERROR | Error de configuración de base de datos.","Exception: DataAccessException","EMAIL_QUEUE_ERROR"
"ERROR","AOCR_20260218.log","2026-02-18 07:33:35.196 | ERROR | CID:N/A | ERR:EMAIL_QUEUE_ERROR | Error de configuración de base de datos.","Exception: DataAccessException","EMAIL_QUEUE_ERROR"
"ERROR","AOCR_20260218.log","2026-02-18 07:34:05.250 | ERROR | CID:N/A | ERR:EMAIL_QUEUE_ERROR | Error de configuración de base de datos.","Exception: DataAccessException","EMAIL_QUEUE_ERROR"
"ERROR","AOCR_20260218.log","2026-02-18 07:34:35.310 | ERROR | CID:N/A | ERR:EMAIL_QUEUE_ERROR | Error de configuración de base de datos.","Exception: DataAccessException","EMAIL_QUEUE_ERROR"
"ERROR","AOCR_20260218.log","2026-02-18 07:35:05.376 | ERROR | CID:N/A | ERR:EMAIL_QUEUE_ERROR | Error de configuración de base de datos.","Exception: DataAccessException","EMAIL_QUEUE_ERROR"
"ERROR","AOCR_20260218.log","2026-02-18 07:35:35.448 | ERROR | CID:N/A | ERR:EMAIL_QUEUE_ERROR | Error de configuración de base de datos.","Exception: DataAccessException","EMAIL_QUEUE_ERROR"
"ERROR","AOCR_20260218.log","2026-02-18 07:36:05.503 | ERROR | CID:N/A | ERR:EMAIL_QUEUE_ERROR | Error de configuración de base de datos.","Exception: DataAccessException","EMAIL_QUEUE_ERROR"
"ERROR","AOCR_20260218.log","2026-02-18 07:36:35.569 | ERROR | CID:N/A | ERR:EMAIL_QUEUE_ERROR | Error de configuración de base de datos.","Exception: DataAccessException","EMAIL_QUEUE_ERROR"
"ERROR","AOCR_20260218.log","2026-02-18 07:37:05.631 | ERROR | CID:N/A | ERR:EMAIL_QUEUE_ERROR | Error de configuración de base de datos.","Exception: DataAccessException","EMAIL_QUEUE_ERROR"
"ERROR","AOCR_20260218.log","2026-02-18 07:37:35.686 | ERROR | CID:N/A | ERR:EMAIL_QUEUE_ERROR | Error de configuración de base de datos.","Exception: DataAccessException","EMAIL_QUEUE_ERROR"
"ERROR","AOCR_20260218.log","2026-02-18 07:38:05.745 | ERROR | CID:N/A | ERR:EMAIL_QUEUE_ERROR | Error de configuración de base de datos.","Exception: DataAccessException","EMAIL_QUEUE_ERROR"
"ERROR","AOCR_20260218.log","2026-02-18 07:38:35.812 | ERROR | CID:N/A | ERR:EMAIL_QUEUE_ERROR | Error de configuración de base de datos.","Exception: DataAccessException","EMAIL_QUEUE_ERROR"
"ERROR","AOCR_20260218.log","2026-02-18 07:39:05.877 | ERROR | CID:N/A | ERR:EMAIL_QUEUE_ERROR | Error de configuración de base de datos.","Exception: DataAccessException","EMAIL_QUEUE_ERROR"
"ERROR","AOCR_20260218.log","2026-02-18 07:39:35.934 | ERROR | CID:N/A | ERR:EMAIL_QUEUE_ERROR | Error de configuración de base de datos.","Exception: DataAccessException","EMAIL_QUEUE_ERROR"
"ERROR","AOCR_20260218.log","2026-02-18 07:40:05.993 | ERROR | CID:N/A | ERR:EMAIL_QUEUE_ERROR | Error de configuración de base de datos.","Exception: DataAccessException","EMAIL_QUEUE_ERROR"
"ERROR","AOCR_20260218.log","2026-02-18 07:40:36.058 | ERROR | CID:N/A | ERR:EMAIL_QUEUE_ERROR | Error de configuración de base de datos.","Exception: DataAccessException","EMAIL_QUEUE_ERROR"
"ERROR","AOCR_20260218.log","2026-02-18 07:41:06.129 | ERROR | CID:N/A | ERR:EMAIL_QUEUE_ERROR | Error de configuración de base de datos.","Exception: DataAccessException","EMAIL_QUEUE_ERROR"
"ERROR","AOCR_20260218.log","2026-02-18 07:41:36.208 | ERROR | CID:N/A | ERR:EMAIL_QUEUE_ERROR | Error de configuración de base de datos.","Exception: DataAccessException","EMAIL_QUEUE_ERROR"
"ERROR","AOCR_20260218.log","2026-02-18 07:42:06.267 | ERROR | CID:N/A | ERR:EMAIL_QUEUE_ERROR | Error de configuración de base de datos.","Exception: DataAccessException","EMAIL_QUEUE_ERROR"
"ERROR","AOCR_20260218.log","2026-02-18 07:42:36.332 | ERROR | CID:N/A | ERR:EMAIL_QUEUE_ERROR | Error de configuración de base de datos.","Exception: DataAccessException","EMAIL_QUEUE_ERROR"
"ERROR","AOCR_20260218.log","2026-02-18 07:43:06.392 | ERROR | CID:N/A | ERR:EMAIL_QUEUE_ERROR | Error de configuración de base de datos.","Exception: DataAccessException","EMAIL_QUEUE_ERROR"
"ERROR","AOCR_20260218.log","2026-02-18 07:43:36.454 | ERROR | CID:N/A | ERR:EMAIL_QUEUE_ERROR | Error de configuración de base de datos.","Exception: DataAccessException","EMAIL_QUEUE_ERROR"
"ERROR","AOCR_20260218.log","2026-02-18 07:44:06.536 | ERROR | CID:N/A | ERR:EMAIL_QUEUE_ERROR | Error de configuración de base de datos.","Exception: DataAccessException","EMAIL_QUEUE_ERROR"
"ERROR","AOCR_20260218.log","2026-02-18 07:44:36.602 | ERROR | CID:N/A | ERR:EMAIL_QUEUE_ERROR | Error de configuración de base de datos.","Exception: DataAccessException","EMAIL_QUEUE_ERROR"
"ERROR","AOCR_20260218.log","2026-02-18 07:45:06.669 | ERROR | CID:N/A | ERR:EMAIL_QUEUE_ERROR | Error de configuración de base de datos.","Exception: DataAccessException","EMAIL_QUEUE_ERROR"
"ERROR","AOCR_20260218.log","2026-02-18 07:45:36.729 | ERROR | CID:N/A | ERR:EMAIL_QUEUE_ERROR | Error de configuración de base de datos.","Exception: DataAccessException","EMAIL_QUEUE_ERROR"
"ERROR","AOCR_20260218.log","2026-02-18 07:46:06.787 | ERROR | CID:N/A | ERR:EMAIL_QUEUE_ERROR | Error de configuración de base de datos.","Exception: DataAccessException","EMAIL_QUEUE_ERROR"
"ERROR","AOCR_20260218.log","2026-02-18 07:46:36.854 | ERROR | CID:N/A | ERR:EMAIL_QUEUE_ERROR | Error de configuración de base de datos.","Exception: DataAccessException","EMAIL_QUEUE_ERROR"
"ERROR","AOCR_20260218.log","2026-02-18 07:47:06.918 | ERROR | CID:N/A | ERR:EMAIL_QUEUE_ERROR | Error de configuración de base de datos.","Exception: DataAccessException","EMAIL_QUEUE_ERROR"
"ERROR","AOCR_20260218.log","2026-02-18 07:47:36.978 | ERROR | CID:N/A | ERR:EMAIL_QUEUE_ERROR | Error de configuración de base de datos.","Exception: DataAccessException","EMAIL_QUEUE_ERROR"
"ERROR","AOCR_20260218.log","2026-02-18 07:48:07.033 | ERROR | CID:N/A | ERR:EMAIL_QUEUE_ERROR | Error de configuración de base de datos.","Exception: DataAccessException","EMAIL_QUEUE_ERROR"
"ERROR","AOCR_20260218.log","2026-02-18 07:48:37.091 | ERROR | CID:N/A | ERR:EMAIL_QUEUE_ERROR | Error de configuración de base de datos.","Exception: DataAccessException","EMAIL_QUEUE_ERROR"
"ERROR","AOCR_20260218.log","2026-02-18 07:49:07.161 | ERROR | CID:N/A | ERR:EMAIL_QUEUE_ERROR | Error de configuración de base de datos.","Exception: DataAccessException","EMAIL_QUEUE_ERROR"
"ERROR","AOCR_20260218.log","2026-02-18 07:49:37.228 | ERROR | CID:N/A | ERR:EMAIL_QUEUE_ERROR | Error de configuración de base de datos.","Exception: DataAccessException","EMAIL_QUEUE_ERROR"
"ERROR","AOCR_20260218.log","2026-02-18 07:50:07.286 | ERROR | CID:N/A | ERR:EMAIL_QUEUE_ERROR | Error de configuración de base de datos.","Exception: DataAccessException","EMAIL_QUEUE_ERROR"
"ERROR","AOCR_20260218.log","2026-02-18 07:50:37.338 | ERROR | CID:N/A | ERR:EMAIL_QUEUE_ERROR | Error de configuración de base de datos.","Exception: DataAccessException","EMAIL_QUEUE_ERROR"
"ERROR","AOCR_20260218.log","2026-02-18 07:51:07.409 | ERROR | CID:N/A | ERR:EMAIL_QUEUE_ERROR | Error de configuración de base de datos.","Exception: DataAccessException","EMAIL_QUEUE_ERROR"
"ERROR","AOCR_20260218.log","2026-02-18 07:51:37.464 | ERROR | CID:N/A | ERR:EMAIL_QUEUE_ERROR | Error de configuración de base de datos.","Exception: DataAccessException","EMAIL_QUEUE_ERROR"
"ERROR","AOCR_20260218.log","2026-02-18 07:52:07.513 | ERROR | CID:N/A | ERR:EMAIL_QUEUE_ERROR | Error de configuración de base de datos.","Exception: DataAccessException","EMAIL_QUEUE_ERROR"
"ERROR","AOCR_20260218.log","2026-02-18 07:52:37.577 | ERROR | CID:N/A | ERR:EMAIL_QUEUE_ERROR | Error de configuración de base de datos.","Exception: DataAccessException","EMAIL_QUEUE_ERROR"
"ERROR","AOCR_20260218.log","2026-02-18 07:53:07.629 | ERROR | CID:N/A | ERR:EMAIL_QUEUE_ERROR | Error de configuración de base de datos.","Exception: DataAccessException","EMAIL_QUEUE_ERROR"
"ERROR","AOCR_20260218.log","2026-02-18 07:53:37.681 | ERROR | CID:N/A | ERR:EMAIL_QUEUE_ERROR | Error de configuración de base de datos.","Exception: DataAccessException","EMAIL_QUEUE_ERROR"
"ERROR","AOCR_20260218.log","2026-02-18 07:54:07.737 | ERROR | CID:N/A | ERR:EMAIL_QUEUE_ERROR | Error de configuración de base de datos.","Exception: DataAccessException","EMAIL_QUEUE_ERROR"
"ERROR","AOCR_20260218.log","2026-02-18 07:54:37.788 | ERROR | CID:N/A | ERR:EMAIL_QUEUE_ERROR | Error de configuración de base de datos.","Exception: DataAccessException","EMAIL_QUEUE_ERROR"
"ERROR","AOCR_20260218.log","2026-02-18 07:55:07.843 | ERROR | CID:N/A | ERR:EMAIL_QUEUE_ERROR | Error de configuración de base de datos.","Exception: DataAccessException","EMAIL_QUEUE_ERROR"
"ERROR","AOCR_20260218.log","2026-02-18 07:55:37.907 | ERROR | CID:N/A | ERR:EMAIL_QUEUE_ERROR | Error de configuración de base de datos.","Exception: DataAccessException","EMAIL_QUEUE_ERROR"
"ERROR","AOCR_20260218.log","2026-02-18 07:56:07.959 | ERROR | CID:N/A | ERR:EMAIL_QUEUE_ERROR | Error de configuración de base de datos.","Exception: DataAccessException","EMAIL_QUEUE_ERROR"
"ERROR","AOCR_20260218.log","2026-02-18 07:56:38.018 | ERROR | CID:N/A | ERR:EMAIL_QUEUE_ERROR | Error de configuración de base de datos.","Exception: DataAccessException","EMAIL_QUEUE_ERROR"
"ERROR","AOCR_20260218.log","2026-02-18 07:57:08.067 | ERROR | CID:N/A | ERR:EMAIL_QUEUE_ERROR | Error de configuración de base de datos.","Exception: DataAccessException","EMAIL_QUEUE_ERROR"
"ERROR","AOCR_20260218.log","2026-02-18 07:57:38.120 | ERROR | CID:N/A | ERR:EMAIL_QUEUE_ERROR | Error de configuración de base de datos.","Exception: DataAccessException","EMAIL_QUEUE_ERROR"
"ERROR","AOCR_20260218.log","2026-02-18 07:58:08.185 | ERROR | CID:N/A | ERR:EMAIL_QUEUE_ERROR | Error de configuración de base de datos.","Exception: DataAccessException","EMAIL_QUEUE_ERROR"
"ERROR","AOCR_20260218.log","2026-02-18 07:58:38.253 | ERROR | CID:N/A | ERR:EMAIL_QUEUE_ERROR | Error de configuración de base de datos.","Exception: DataAccessException","EMAIL_QUEUE_ERROR"
"ERROR","AOCR_20260218.log","2026-02-18 07:59:08.309 | ERROR | CID:N/A | ERR:EMAIL_QUEUE_ERROR | Error de configuración de base de datos.","Exception: DataAccessException","EMAIL_QUEUE_ERROR"
"ERROR","AOCR_20260218.log","2026-02-18 07:59:38.365 | ERROR | CID:N/A | ERR:EMAIL_QUEUE_ERROR | Error de configuración de base de datos.","Exception: DataAccessException","EMAIL_QUEUE_ERROR"
"ERROR","AOCR_20260218.log","2026-02-18 08:00:08.429 | ERROR | CID:N/A | ERR:EMAIL_QUEUE_ERROR | Error de configuración de base de datos.","Exception: DataAccessException","EMAIL_QUEUE_ERROR"
"ERROR","AOCR_20260218.log","2026-02-18 08:00:38.479 | ERROR | CID:N/A | ERR:EMAIL_QUEUE_ERROR | Error de configuración de base de datos.","Exception: DataAccessException","EMAIL_QUEUE_ERROR"
"ERROR","AOCR_20260218.log","2026-02-18 08:01:08.537 | ERROR | CID:N/A | ERR:EMAIL_QUEUE_ERROR | Error de configuración de base de datos.","Exception: DataAccessException","EMAIL_QUEUE_ERROR"
"ERROR","AOCR_20260218.log","2026-02-18 08:01:38.604 | ERROR | CID:N/A | ERR:EMAIL_QUEUE_ERROR | Error de configuración de base de datos.","Exception: DataAccessException","EMAIL_QUEUE_ERROR"
"ERROR","AOCR_20260218.log","2026-02-18 08:02:08.656 | ERROR | CID:N/A | ERR:EMAIL_QUEUE_ERROR | Error de configuración de base de datos.","Exception: DataAccessException","EMAIL_QUEUE_ERROR"
"ERROR","AOCR_20260218.log","2026-02-18 08:02:38.720 | ERROR | CID:N/A | ERR:EMAIL_QUEUE_ERROR | Error de configuración de base de datos.","Exception: DataAccessException","EMAIL_QUEUE_ERROR"
"ERROR","AOCR_20260218.log","2026-02-18 08:03:08.781 | ERROR | CID:N/A | ERR:EMAIL_QUEUE_ERROR | Error de configuración de base de datos.","Exception: DataAccessException","EMAIL_QUEUE_ERROR"
"ERROR","AOCR_20260218.log","2026-02-18 08:03:38.834 | ERROR | CID:N/A | ERR:EMAIL_QUEUE_ERROR | Error de configuración de base de datos.","Exception: DataAccessException","EMAIL_QUEUE_ERROR"
"ERROR","AOCR_20260218.log","2026-02-18 08:04:08.892 | ERROR | CID:N/A | ERR:EMAIL_QUEUE_ERROR | Error de configuración de base de datos.","Exception: DataAccessException","EMAIL_QUEUE_ERROR"
"ERROR","AOCR_20260218.log","2026-02-18 08:04:38.955 | ERROR | CID:N/A | ERR:EMAIL_QUEUE_ERROR | Error de configuración de base de datos.","Exception: DataAccessException","EMAIL_QUEUE_ERROR"
"ERROR","AOCR_20260218.log","2026-02-18 08:05:09.012 | ERROR | CID:N/A | ERR:EMAIL_QUEUE_ERROR | Error de configuración de base de datos.","Exception: DataAccessException","EMAIL_QUEUE_ERROR"
"ERROR","AOCR_20260218.log","2026-02-18 08:05:39.061 | ERROR | CID:N/A | ERR:EMAIL_QUEUE_ERROR | Error de configuración de base de datos.","Exception: DataAccessException","EMAIL_QUEUE_ERROR"
"ERROR","AOCR_20260218.log","2026-02-18 08:06:09.119 | ERROR | CID:N/A | ERR:EMAIL_QUEUE_ERROR | Error de configuración de base de datos.","Exception: DataAccessException","EMAIL_QUEUE_ERROR"
"ERROR","AOCR_20260218.log","2026-02-18 08:06:39.181 | ERROR | CID:N/A | ERR:EMAIL_QUEUE_ERROR | Error de configuración de base de datos.","Exception: DataAccessException","EMAIL_QUEUE_ERROR"
"ERROR","AOCR_20260218.log","2026-02-18 08:07:09.242 | ERROR | CID:N/A | ERR:EMAIL_QUEUE_ERROR | Error de configuración de base de datos.","Exception: DataAccessException","EMAIL_QUEUE_ERROR"
"ERROR","AOCR_20260218.log","2026-02-18 08:07:39.303 | ERROR | CID:N/A | ERR:EMAIL_QUEUE_ERROR | Error de configuración de base de datos.","Exception: DataAccessException","EMAIL_QUEUE_ERROR"
"ERROR","AOCR_20260218.log","2026-02-18 08:08:09.375 | ERROR | CID:N/A | ERR:EMAIL_QUEUE_ERROR | Error de configuración de base de datos.","Exception: DataAccessException","EMAIL_QUEUE_ERROR"
"ERROR","AOCR_20260218.log","2026-02-18 08:08:39.430 | ERROR | CID:N/A | ERR:EMAIL_QUEUE_ERROR | Error de configuración de base de datos.","Exception: DataAccessException","EMAIL_QUEUE_ERROR"
"ERROR","AOCR_20260218.log","2026-02-18 08:09:09.488 | ERROR | CID:N/A | ERR:EMAIL_QUEUE_ERROR | Error de configuración de base de datos.","Exception: DataAccessException","EMAIL_QUEUE_ERROR"
"ERROR","AOCR_20260218.log","2026-02-18 08:09:39.547 | ERROR | CID:N/A | ERR:EMAIL_QUEUE_ERROR | Error de configuración de base de datos.","Exception: DataAccessException","EMAIL_QUEUE_ERROR"
"ERROR","AOCR_20260218.log","2026-02-18 09:45:52.088 | ERROR | CID:335c7f51591e | ERR:AUDIT_ERROR | Error de configuración de base de datos.","Exception: DataAccessException","AUDIT_ERROR"
"ERROR","AOCR_20260218.log","2026-02-18 09:45:52.162 | ERROR | CID:335c7f51591e | ERR:AUDIT_ERROR | Error de configuración de base de datos.","Exception: DataAccessException","AUDIT_ERROR"
"ERROR","AOCR_20260218.log","2026-02-18 10:32:44.128 | ERROR | CID:6679ec924fb0 | ERR:SMTP_ERROR_ADJUNTO | Error al enviar correo.","Exception: SmtpException","SMTP_ERROR_ADJUNTO"
"ERROR","AOCR_20260218.log","2026-02-18 10:50:27.261 | ERROR | CID:8c096510d907 | USR:USU_ADMIN | Financiero/DetalleOrden | ERR:INTERNAL_ERROR | Palabra clave ""if"" inesperada después del carácter ""@"". Una vez dentro del código, no es necesario añadir prefijos a las construcciones, como ""if"" con ""@"".","","INTERNAL_ERROR"
"ERROR","AOCR_20260218.log","2026-02-18 10:51:04.043 | ERROR | CID:4a86b68cf997 | USR:USU_ADMIN | Financiero/DetalleOrden | ERR:INTERNAL_ERROR | Palabra clave ""if"" inesperada después del carácter ""@"". Una vez dentro del código, no es necesario añadir prefijos a las construcciones, como ""if"" con ""@"".","","INTERNAL_ERROR"
"ERROR","AOCR_20260218.log","2026-02-18 11:00:12.739 | ERROR | CID:18e7c963c401 | USR:USU_ADMIN | Financiero/DetalleOrden | ERR:INTERNAL_ERROR | Palabra clave ""if"" inesperada después del carácter ""@"". Una vez dentro del código, no es necesario añadir prefijos a las construcciones, como ""if"" con ""@"".","","INTERNAL_ERROR"
"ERROR","AOCR_20260218.log","2026-02-18 11:05:16.369 | ERROR | CID:10897c1c053d | USR:USU_ADMIN | Financiero/DetalleOrden | ERR:INTERNAL_ERROR | Palabra clave ""if"" inesperada después del carácter ""@"". Una vez dentro del código, no es necesario añadir prefijos a las construcciones, como ""if"" con ""@"".","","INTERNAL_ERROR"
"ERROR","AOCR_20260218.log","2026-02-18 11:25:22.532 | ERROR | CID:8513f56e5ce1 | USR:USU_ADMIN | Financiero/DetalleOrden | ERR:INTERNAL_ERROR | Palabra clave ""using"" inesperada después del carácter ""@"". Una vez dentro del código, no es necesario añadir prefijos a las construcciones, como ""using"" con ""@"".","","INTERNAL_ERROR"
"EMAIL","AOCR_20260218.log","2026-02-18 09:40:47.545 | INFO  | CID:3ee7dffdc859 | Correo con adjunto enviado exitosamente a gercavi82@gmail.com","","correo con adjunto enviado"
"UNHANDLED","UnhandledExceptions.log","2026-02-18 10:50:27.256 | Financiero/DetalleOrden | System.Web.HttpParseException (0x80004005): Palabra clave ""if"" inesperada despuÃ©s del carÃ¡cter ""@"". Una vez dentro del cÃ³digo, no es necesario aÃ±adir prefijos a las construcciones, como ""if"" con ""@"".","",""
"UNHANDLED","UnhandledExceptions.log","2026-02-18 10:51:04.040 | Financiero/DetalleOrden | System.Web.HttpParseException (0x80004005): Palabra clave ""if"" inesperada despuÃ©s del carÃ¡cter ""@"". Una vez dentro del cÃ³digo, no es necesario aÃ±adir prefijos a las construcciones, como ""if"" con ""@"".","",""
"UNHANDLED","UnhandledExceptions.log","2026-02-18 11:00:12.739 | Financiero/DetalleOrden | System.Web.HttpParseException (0x80004005): Palabra clave ""if"" inesperada despuÃ©s del carÃ¡cter ""@"". Una vez dentro del cÃ³digo, no es necesario aÃ±adir prefijos a las construcciones, como ""if"" con ""@"".","",""
"UNHANDLED","UnhandledExceptions.log","2026-02-18 11:05:16.369 | Financiero/DetalleOrden | System.Web.HttpParseException (0x80004005): Palabra clave ""if"" inesperada despuÃ©s del carÃ¡cter ""@"". Una vez dentro del cÃ³digo, no es necesario aÃ±adir prefijos a las construcciones, como ""if"" con ""@"".","",""
"UNHANDLED","UnhandledExceptions.log","2026-02-18 11:25:22.529 | Financiero/DetalleOrden | System.Web.HttpParseException (0x80004005): Palabra clave ""using"" inesperada despuÃ©s del carÃ¡cter ""@"". Una vez dentro del cÃ³digo, no es necesario aÃ±adir prefijos a las construcciones, como ""using"" con ""@"".","",""
