REPORTE DE ERRORES AOCR
Generado: 2026-02-18 12:09:03
Ventana analizada: desde 2026-02-17 12:09:01
Carpeta logs: C:\AOCR\AOCR\AOCR05-01-2026\AOCR1\AOCR\CapaPresentacion\App_Data\Logs

ARCHIVOS ANALIZADOS
- AOCR_20260217.log | 2919987 bytes | modificado 2026-02-17 23:59:41
- AOCR_20260218.log | 1142820 bytes | modificado 2026-02-18 12:06:34

RESUMEN DE NIVELES
- ERROR: 2413
- INFO: 637

ERRORES DETECTADOS (AOCR_*.log): 2413
1. [AOCR_20260217.log] 2026-02-17 12:09:07.334 | ERROR | CID:N/A | ERR:EMAIL_QUEUE_ERROR | Error de configuración de base de datos.
   Exception: DataAccessException
2. [AOCR_20260217.log] 2026-02-17 12:09:37.391 | ERROR | CID:N/A | ERR:EMAIL_QUEUE_ERROR | Error de configuración de base de datos.
   Exception: DataAccessException
3. [AOCR_20260217.log] 2026-02-17 12:10:07.450 | ERROR | CID:N/A | ERR:EMAIL_QUEUE_ERROR | Error de configuración de base de datos.
   Exception: DataAccessException
4. [AOCR_20260217.log] 2026-02-17 12:10:37.505 | ERROR | CID:N/A | ERR:EMAIL_QUEUE_ERROR | Error de configuración de base de datos.
   Exception: DataAccessException
5. [AOCR_20260217.log] 2026-02-17 12:11:07.560 | ERROR | CID:N/A | ERR:EMAIL_QUEUE_ERROR | Error de configuración de base de datos.
   Exception: DataAccessException
6. [AOCR_20260217.log] 2026-02-17 12:11:37.609 | ERROR | CID:N/A | ERR:EMAIL_QUEUE_ERROR | Error de configuración de base de datos.
   Exception: DataAccessException
7. [AOCR_20260217.log] 2026-02-17 12:12:07.662 | ERROR | CID:N/A | ERR:EMAIL_QUEUE_ERROR | Error de configuración de base de datos.
   Exception: DataAccessException
8. [AOCR_20260217.log] 2026-02-17 12:12:37.705 | ERROR | CID:N/A | ERR:EMAIL_QUEUE_ERROR | Error de configuración de base de datos.
   Exception: DataAccessException
9. [AOCR_20260217.log] 2026-02-17 12:13:07.749 | ERROR | CID:N/A | ERR:EMAIL_QUEUE_ERROR | Error de configuración de base de datos.
   Exception: DataAccessException
10. [AOCR_20260217.log] 2026-02-17 12:13:37.801 | ERROR | CID:N/A | ERR:EMAIL_QUEUE_ERROR | Error de configuración de base de datos.
   Exception: DataAccessException
11. [AOCR_20260217.log] 2026-02-17 12:14:07.848 | ERROR | CID:N/A | ERR:EMAIL_QUEUE_ERROR | Error de configuración de base de datos.
   Exception: DataAccessException
12. [AOCR_20260217.log] 2026-02-17 12:14:37.897 | ERROR | CID:N/A | ERR:EMAIL_QUEUE_ERROR | Error de configuración de base de datos.
   Exception: DataAccessException
13. [AOCR_20260217.log] 2026-02-17 12:15:07.953 | ERROR | CID:N/A | ERR:EMAIL_QUEUE_ERROR | Error de configuración de base de datos.
   Exception: DataAccessException
14. [AOCR_20260217.log] 2026-02-17 12:15:37.997 | ERROR | CID:N/A | ERR:EMAIL_QUEUE_ERROR | Error de configuración de base de datos.
   Exception: DataAccessException
15. [AOCR_20260217.log] 2026-02-17 12:16:08.048 | ERROR | CID:N/A | ERR:EMAIL_QUEUE_ERROR | Error de configuración de base de datos.
   Exception: DataAccessException
16. [AOCR_20260217.log] 2026-02-17 12:16:38.099 | ERROR | CID:N/A | ERR:EMAIL_QUEUE_ERROR | Error de configuración de base de datos.
   Exception: DataAccessException
17. [AOCR_20260217.log] 2026-02-17 12:17:08.153 | ERROR | CID:N/A | ERR:EMAIL_QUEUE_ERROR | Error de configuración de base de datos.
   Exception: DataAccessException
18. [AOCR_20260217.log] 2026-02-17 12:17:38.200 | ERROR | CID:N/A | ERR:EMAIL_QUEUE_ERROR | Error de configuración de base de datos.
   Exception: DataAccessException
19. [AOCR_20260217.log] 2026-02-17 12:18:08.253 | ERROR | CID:N/A | ERR:EMAIL_QUEUE_ERROR | Error de configuración de base de datos.
   Exception: DataAccessException
20. [AOCR_20260217.log] 2026-02-17 12:18:38.309 | ERROR | CID:N/A | ERR:EMAIL_QUEUE_ERROR | Error de configuración de base de datos.
   Exception: DataAccessException
21. [AOCR_20260217.log] 2026-02-17 12:19:08.375 | ERROR | CID:N/A | ERR:EMAIL_QUEUE_ERROR | Error de configuración de base de datos.
   Exception: DataAccessException
22. [AOCR_20260217.log] 2026-02-17 12:19:38.437 | ERROR | CID:N/A | ERR:EMAIL_QUEUE_ERROR | Error de configuración de base de datos.
   Exception: DataAccessException
23. [AOCR_20260217.log] 2026-02-17 12:20:08.491 | ERROR | CID:N/A | ERR:EMAIL_QUEUE_ERROR | Error de configuración de base de datos.
   Exception: DataAccessException
24. [AOCR_20260217.log] 2026-02-17 12:20:38.547 | ERROR | CID:N/A | ERR:EMAIL_QUEUE_ERROR | Error de configuración de base de datos.
   Exception: DataAccessException
25. [AOCR_20260217.log] 2026-02-17 12:21:08.608 | ERROR | CID:N/A | ERR:EMAIL_QUEUE_ERROR | Error de configuración de base de datos.
   Exception: DataAccessException
26. [AOCR_20260217.log] 2026-02-17 12:21:38.657 | ERROR | CID:N/A | ERR:EMAIL_QUEUE_ERROR | Error de configuración de base de datos.
   Exception: DataAccessException
27. [AOCR_20260217.log] 2026-02-17 12:22:08.711 | ERROR | CID:N/A | ERR:EMAIL_QUEUE_ERROR | Error de configuración de base de datos.
   Exception: DataAccessException
28. [AOCR_20260217.log] 2026-02-17 12:22:38.757 | ERROR | CID:N/A | ERR:EMAIL_QUEUE_ERROR | Error de configuración de base de datos.
   Exception: DataAccessException
29. [AOCR_20260217.log] 2026-02-17 12:23:08.812 | ERROR | CID:N/A | ERR:EMAIL_QUEUE_ERROR | Error de configuración de base de datos.
   Exception: DataAccessException
30. [AOCR_20260217.log] 2026-02-17 12:23:38.860 | ERROR | CID:N/A | ERR:EMAIL_QUEUE_ERROR | Error de configuración de base de datos.
   Exception: DataAccessException
31. [AOCR_20260217.log] 2026-02-17 12:24:08.915 | ERROR | CID:N/A | ERR:EMAIL_QUEUE_ERROR | Error de configuración de base de datos.
   Exception: DataAccessException
32. [AOCR_20260217.log] 2026-02-17 12:24:38.985 | ERROR | CID:N/A | ERR:EMAIL_QUEUE_ERROR | Error de configuración de base de datos.
   Exception: DataAccessException
33. [AOCR_20260217.log] 2026-02-17 12:25:09.029 | ERROR | CID:N/A | ERR:EMAIL_QUEUE_ERROR | Error de configuración de base de datos.
   Exception: DataAccessException
34. [AOCR_20260217.log] 2026-02-17 12:25:39.071 | ERROR | CID:N/A | ERR:EMAIL_QUEUE_ERROR | Error de configuración de base de datos.
   Exception: DataAccessException
35. [AOCR_20260217.log] 2026-02-17 12:26:09.126 | ERROR | CID:N/A | ERR:EMAIL_QUEUE_ERROR | Error de configuración de base de datos.
   Exception: DataAccessException
36. [AOCR_20260217.log] 2026-02-17 12:26:39.177 | ERROR | CID:N/A | ERR:EMAIL_QUEUE_ERROR | Error de configuración de base de datos.
   Exception: DataAccessException
37. [AOCR_20260217.log] 2026-02-17 12:27:09.233 | ERROR | CID:N/A | ERR:EMAIL_QUEUE_ERROR | Error de configuración de base de datos.
   Exception: DataAccessException
38. [AOCR_20260217.log] 2026-02-17 12:27:39.284 | ERROR | CID:N/A | ERR:EMAIL_QUEUE_ERROR | Error de configuración de base de datos.
   Exception: DataAccessException
39. [AOCR_20260217.log] 2026-02-17 12:28:09.337 | ERROR | CID:N/A | ERR:EMAIL_QUEUE_ERROR | Error de configuración de base de datos.
   Exception: DataAccessException
40. [AOCR_20260217.log] 2026-02-17 12:28:39.390 | ERROR | CID:N/A | ERR:EMAIL_QUEUE_ERROR | Error de configuración de base de datos.
   Exception: DataAccessException
41. [AOCR_20260217.log] 2026-02-17 12:29:09.448 | ERROR | CID:N/A | ERR:EMAIL_QUEUE_ERROR | Error de configuración de base de datos.
   Exception: DataAccessException
42. [AOCR_20260217.log] 2026-02-17 12:29:39.502 | ERROR | CID:N/A | ERR:EMAIL_QUEUE_ERROR | Error de configuración de base de datos.
   Exception: DataAccessException
43. [AOCR_20260217.log] 2026-02-17 12:30:09.548 | ERROR | CID:N/A | ERR:EMAIL_QUEUE_ERROR | Error de configuración de base de datos.
   Exception: DataAccessException
44. [AOCR_20260217.log] 2026-02-17 12:30:39.603 | ERROR | CID:N/A | ERR:EMAIL_QUEUE_ERROR | Error de configuración de base de datos.
   Exception: DataAccessException
45. [AOCR_20260217.log] 2026-02-17 12:31:09.668 | ERROR | CID:N/A | ERR:EMAIL_QUEUE_ERROR | Error de configuración de base de datos.
   Exception: DataAccessException
46. [AOCR_20260217.log] 2026-02-17 12:31:39.730 | ERROR | CID:N/A | ERR:EMAIL_QUEUE_ERROR | Error de configuración de base de datos.
   Exception: DataAccessException
47. [AOCR_20260217.log] 2026-02-17 12:32:09.793 | ERROR | CID:N/A | ERR:EMAIL_QUEUE_ERROR | Error de configuración de base de datos.
   Exception: DataAccessException
48. [AOCR_20260217.log] 2026-02-17 12:32:39.849 | ERROR | CID:N/A | ERR:EMAIL_QUEUE_ERROR | Error de configuración de base de datos.
   Exception: DataAccessException
49. [AOCR_20260217.log] 2026-02-17 12:33:09.914 | ERROR | CID:N/A | ERR:EMAIL_QUEUE_ERROR | Error de configuración de base de datos.
   Exception: DataAccessException
50. [AOCR_20260217.log] 2026-02-17 12:33:39.964 | ERROR | CID:N/A | ERR:EMAIL_QUEUE_ERROR | Error de configuración de base de datos.
   Exception: DataAccessException
51. [AOCR_20260217.log] 2026-02-17 12:34:10.016 | ERROR | CID:N/A | ERR:EMAIL_QUEUE_ERROR | Error de configuración de base de datos.
   Exception: DataAccessException
52. [AOCR_20260217.log] 2026-02-17 12:34:40.074 | ERROR | CID:N/A | ERR:EMAIL_QUEUE_ERROR | Error de configuración de base de datos.
   Exception: DataAccessException
53. [AOCR_20260217.log] 2026-02-17 12:35:10.125 | ERROR | CID:N/A | ERR:EMAIL_QUEUE_ERROR | Error de configuración de base de datos.
   Exception: DataAccessException
54. [AOCR_20260217.log] 2026-02-17 12:35:40.176 | ERROR | CID:N/A | ERR:EMAIL_QUEUE_ERROR | Error de configuración de base de datos.
   Exception: DataAccessException
55. [AOCR_20260217.log] 2026-02-17 12:36:10.239 | ERROR | CID:N/A | ERR:EMAIL_QUEUE_ERROR | Error de configuración de base de datos.
   Exception: DataAccessException
56. [AOCR_20260217.log] 2026-02-17 12:36:40.304 | ERROR | CID:N/A | ERR:EMAIL_QUEUE_ERROR | Error de configuración de base de datos.
   Exception: DataAccessException
57. [AOCR_20260217.log] 2026-02-17 12:37:10.357 | ERROR | CID:N/A | ERR:EMAIL_QUEUE_ERROR | Error de configuración de base de datos.
   Exception: DataAccessException
58. [AOCR_20260217.log] 2026-02-17 12:37:40.408 | ERROR | CID:N/A | ERR:EMAIL_QUEUE_ERROR | Error de configuración de base de datos.
   Exception: DataAccessException
59. [AOCR_20260217.log] 2026-02-17 12:38:10.453 | ERROR | CID:N/A | ERR:EMAIL_QUEUE_ERROR | Error de configuración de base de datos.
   Exception: DataAccessException
60. [AOCR_20260217.log] 2026-02-17 12:38:40.502 | ERROR | CID:N/A | ERR:EMAIL_QUEUE_ERROR | Error de configuración de base de datos.
   Exception: DataAccessException
61. [AOCR_20260217.log] 2026-02-17 12:39:10.553 | ERROR | CID:N/A | ERR:EMAIL_QUEUE_ERROR | Error de configuración de base de datos.
   Exception: DataAccessException
62. [AOCR_20260217.log] 2026-02-17 12:39:40.608 | ERROR | CID:N/A | ERR:EMAIL_QUEUE_ERROR | Error de configuración de base de datos.
   Exception: DataAccessException
63. [AOCR_20260217.log] 2026-02-17 12:40:10.667 | ERROR | CID:N/A | ERR:EMAIL_QUEUE_ERROR | Error de configuración de base de datos.
   Exception: DataAccessException
64. [AOCR_20260217.log] 2026-02-17 12:40:40.715 | ERROR | CID:N/A | ERR:EMAIL_QUEUE_ERROR | Error de configuración de base de datos.
   Exception: DataAccessException
65. [AOCR_20260217.log] 2026-02-17 12:41:10.769 | ERROR | CID:N/A | ERR:EMAIL_QUEUE_ERROR | Error de configuración de base de datos.
   Exception: DataAccessException
66. [AOCR_20260217.log] 2026-02-17 12:41:40.822 | ERROR | CID:N/A | ERR:EMAIL_QUEUE_ERROR | Error de configuración de base de datos.
   Exception: DataAccessException
67. [AOCR_20260217.log] 2026-02-17 12:42:10.870 | ERROR | CID:N/A | ERR:EMAIL_QUEUE_ERROR | Error de configuración de base de datos.
   Exception: DataAccessException
68. [AOCR_20260217.log] 2026-02-17 12:42:40.922 | ERROR | CID:N/A | ERR:EMAIL_QUEUE_ERROR | Error de configuración de base de datos.
   Exception: DataAccessException
69. [AOCR_20260217.log] 2026-02-17 12:43:10.975 | ERROR | CID:N/A | ERR:EMAIL_QUEUE_ERROR | Error de configuración de base de datos.
   Exception: DataAccessException
70. [AOCR_20260217.log] 2026-02-17 12:43:41.044 | ERROR | CID:N/A | ERR:EMAIL_QUEUE_ERROR | Error de configuración de base de datos.
   Exception: DataAccessException
71. [AOCR_20260217.log] 2026-02-17 12:44:11.130 | ERROR | CID:N/A | ERR:EMAIL_QUEUE_ERROR | Error de configuración de base de datos.
   Exception: DataAccessException
72. [AOCR_20260217.log] 2026-02-17 12:44:41.190 | ERROR | CID:N/A | ERR:EMAIL_QUEUE_ERROR | Error de configuración de base de datos.
   Exception: DataAccessException
73. [AOCR_20260217.log] 2026-02-17 12:45:11.248 | ERROR | CID:N/A | ERR:EMAIL_QUEUE_ERROR | Error de configuración de base de datos.
   Exception: DataAccessException
74. [AOCR_20260217.log] 2026-02-17 12:45:41.305 | ERROR | CID:N/A | ERR:EMAIL_QUEUE_ERROR | Error de configuración de base de datos.
   Exception: DataAccessException
75. [AOCR_20260217.log] 2026-02-17 12:46:11.372 | ERROR | CID:N/A | ERR:EMAIL_QUEUE_ERROR | Error de configuración de base de datos.
   Exception: DataAccessException
76. [AOCR_20260217.log] 2026-02-17 12:46:41.427 | ERROR | CID:N/A | ERR:EMAIL_QUEUE_ERROR | Error de configuración de base de datos.
   Exception: DataAccessException
77. [AOCR_20260217.log] 2026-02-17 12:47:11.481 | ERROR | CID:N/A | ERR:EMAIL_QUEUE_ERROR | Error de configuración de base de datos.
   Exception: DataAccessException
78. [AOCR_20260217.log] 2026-02-17 12:47:41.526 | ERROR | CID:N/A | ERR:EMAIL_QUEUE_ERROR | Error de configuración de base de datos.
   Exception: DataAccessException
79. [AOCR_20260217.log] 2026-02-17 12:48:11.590 | ERROR | CID:N/A | ERR:EMAIL_QUEUE_ERROR | Error de configuración de base de datos.
   Exception: DataAccessException
80. [AOCR_20260217.log] 2026-02-17 12:48:41.645 | ERROR | CID:N/A | ERR:EMAIL_QUEUE_ERROR | Error de configuración de base de datos.
   Exception: DataAccessException
81. [AOCR_20260217.log] 2026-02-17 12:49:11.696 | ERROR | CID:N/A | ERR:EMAIL_QUEUE_ERROR | Error de configuración de base de datos.
   Exception: DataAccessException
82. [AOCR_20260217.log] 2026-02-17 12:49:41.740 | ERROR | CID:N/A | ERR:EMAIL_QUEUE_ERROR | Error de configuración de base de datos.
   Exception: DataAccessException
83. [AOCR_20260217.log] 2026-02-17 12:50:11.786 | ERROR | CID:N/A | ERR:EMAIL_QUEUE_ERROR | Error de configuración de base de datos.
   Exception: DataAccessException
84. [AOCR_20260217.log] 2026-02-17 12:50:41.831 | ERROR | CID:N/A | ERR:EMAIL_QUEUE_ERROR | Error de configuración de base de datos.
   Exception: DataAccessException
85. [AOCR_20260217.log] 2026-02-17 12:51:11.887 | ERROR | CID:N/A | ERR:EMAIL_QUEUE_ERROR | Error de configuración de base de datos.
   Exception: DataAccessException
86. [AOCR_20260217.log] 2026-02-17 12:51:41.952 | ERROR | CID:N/A | ERR:EMAIL_QUEUE_ERROR | Error de configuración de base de datos.
   Exception: DataAccessException
87. [AOCR_20260217.log] 2026-02-17 12:52:12.011 | ERROR | CID:N/A | ERR:EMAIL_QUEUE_ERROR | Error de configuración de base de datos.
   Exception: DataAccessException
88. [AOCR_20260217.log] 2026-02-17 12:52:42.062 | ERROR | CID:N/A | ERR:EMAIL_QUEUE_ERROR | Error de configuración de base de datos.
   Exception: DataAccessException
89. [AOCR_20260217.log] 2026-02-17 12:53:12.132 | ERROR | CID:N/A | ERR:EMAIL_QUEUE_ERROR | Error de configuración de base de datos.
   Exception: DataAccessException
90. [AOCR_20260217.log] 2026-02-17 12:53:42.178 | ERROR | CID:N/A | ERR:EMAIL_QUEUE_ERROR | Error de configuración de base de datos.
   Exception: DataAccessException
91. [AOCR_20260217.log] 2026-02-17 12:54:12.230 | ERROR | CID:N/A | ERR:EMAIL_QUEUE_ERROR | Error de configuración de base de datos.
   Exception: DataAccessException
92. [AOCR_20260217.log] 2026-02-17 12:54:42.286 | ERROR | CID:N/A | ERR:EMAIL_QUEUE_ERROR | Error de configuración de base de datos.
   Exception: DataAccessException
93. [AOCR_20260217.log] 2026-02-17 12:55:12.337 | ERROR | CID:N/A | ERR:EMAIL_QUEUE_ERROR | Error de configuración de base de datos.
   Exception: DataAccessException
94. [AOCR_20260217.log] 2026-02-17 12:55:42.391 | ERROR | CID:N/A | ERR:EMAIL_QUEUE_ERROR | Error de configuración de base de datos.
   Exception: DataAccessException
95. [AOCR_20260217.log] 2026-02-17 12:56:12.450 | ERROR | CID:N/A | ERR:EMAIL_QUEUE_ERROR | Error de configuración de base de datos.
   Exception: DataAccessException
96. [AOCR_20260217.log] 2026-02-17 12:56:42.494 | ERROR | CID:N/A | ERR:EMAIL_QUEUE_ERROR | Error de configuración de base de datos.
   Exception: DataAccessException
97. [AOCR_20260217.log] 2026-02-17 12:57:12.558 | ERROR | CID:N/A | ERR:EMAIL_QUEUE_ERROR | Error de configuración de base de datos.
   Exception: DataAccessException
98. [AOCR_20260217.log] 2026-02-17 12:57:42.630 | ERROR | CID:N/A | ERR:EMAIL_QUEUE_ERROR | Error de configuración de base de datos.
   Exception: DataAccessException
99. [AOCR_20260217.log] 2026-02-17 12:58:12.676 | ERROR | CID:N/A | ERR:EMAIL_QUEUE_ERROR | Error de configuración de base de datos.
   Exception: DataAccessException
100. [AOCR_20260217.log] 2026-02-17 12:58:42.726 | ERROR | CID:N/A | ERR:EMAIL_QUEUE_ERROR | Error de configuración de base de datos.
   Exception: DataAccessException
101. [AOCR_20260217.log] 2026-02-17 12:59:12.789 | ERROR | CID:N/A | ERR:EMAIL_QUEUE_ERROR | Error de configuración de base de datos.
   Exception: DataAccessException
102. [AOCR_20260217.log] 2026-02-17 12:59:42.860 | ERROR | CID:N/A | ERR:EMAIL_QUEUE_ERROR | Error de configuración de base de datos.
   Exception: DataAccessException
103. [AOCR_20260217.log] 2026-02-17 13:00:12.922 | ERROR | CID:N/A | ERR:EMAIL_QUEUE_ERROR | Error de configuración de base de datos.
   Exception: DataAccessException
104. [AOCR_20260217.log] 2026-02-17 13:00:42.977 | ERROR | CID:N/A | ERR:EMAIL_QUEUE_ERROR | Error de configuración de base de datos.
   Exception: DataAccessException
105. [AOCR_20260217.log] 2026-02-17 13:01:13.039 | ERROR | CID:N/A | ERR:EMAIL_QUEUE_ERROR | Error de configuración de base de datos.
   Exception: DataAccessException
106. [AOCR_20260217.log] 2026-02-17 13:01:43.093 | ERROR | CID:N/A | ERR:EMAIL_QUEUE_ERROR | Error de configuración de base de datos.
   Exception: DataAccessException
107. [AOCR_20260217.log] 2026-02-17 13:02:13.145 | ERROR | CID:N/A | ERR:EMAIL_QUEUE_ERROR | Error de configuración de base de datos.
   Exception: DataAccessException
108. [AOCR_20260217.log] 2026-02-17 13:02:43.191 | ERROR | CID:N/A | ERR:EMAIL_QUEUE_ERROR | Error de configuración de base de datos.
   Exception: DataAccessException
109. [AOCR_20260217.log] 2026-02-17 13:03:13.244 | ERROR | CID:N/A | ERR:EMAIL_QUEUE_ERROR | Error de configuración de base de datos.
   Exception: DataAccessException
110. [AOCR_20260217.log] 2026-02-17 13:03:43.291 | ERROR | CID:N/A | ERR:EMAIL_QUEUE_ERROR | Error de configuración de base de datos.
   Exception: DataAccessException
111. [AOCR_20260217.log] 2026-02-17 13:04:13.351 | ERROR | CID:N/A | ERR:EMAIL_QUEUE_ERROR | Error de configuración de base de datos.
   Exception: DataAccessException
112. [AOCR_20260217.log] 2026-02-17 13:04:43.410 | ERROR | CID:N/A | ERR:EMAIL_QUEUE_ERROR | Error de configuración de base de datos.
   Exception: DataAccessException
113. [AOCR_20260217.log] 2026-02-17 13:05:13.461 | ERROR | CID:N/A | ERR:EMAIL_QUEUE_ERROR | Error de configuración de base de datos.
   Exception: DataAccessException
114. [AOCR_20260217.log] 2026-02-17 13:05:43.503 | ERROR | CID:N/A | ERR:EMAIL_QUEUE_ERROR | Error de configuración de base de datos.
   Exception: DataAccessException
115. [AOCR_20260217.log] 2026-02-17 13:06:13.564 | ERROR | CID:N/A | ERR:EMAIL_QUEUE_ERROR | Error de configuración de base de datos.
   Exception: DataAccessException
116. [AOCR_20260217.log] 2026-02-17 13:06:43.632 | ERROR | CID:N/A | ERR:EMAIL_QUEUE_ERROR | Error de configuración de base de datos.
   Exception: DataAccessException
117. [AOCR_20260217.log] 2026-02-17 13:07:13.690 | ERROR | CID:N/A | ERR:EMAIL_QUEUE_ERROR | Error de configuración de base de datos.
   Exception: DataAccessException
118. [AOCR_20260217.log] 2026-02-17 13:07:43.753 | ERROR | CID:N/A | ERR:EMAIL_QUEUE_ERROR | Error de configuración de base de datos.
   Exception: DataAccessException
119. [AOCR_20260217.log] 2026-02-17 13:08:13.804 | ERROR | CID:N/A | ERR:EMAIL_QUEUE_ERROR | Error de configuración de base de datos.
   Exception: DataAccessException
120. [AOCR_20260217.log] 2026-02-17 13:08:43.852 | ERROR | CID:N/A | ERR:EMAIL_QUEUE_ERROR | Error de configuración de base de datos.
   Exception: DataAccessException
121. [AOCR_20260217.log] 2026-02-17 13:09:13.902 | ERROR | CID:N/A | ERR:EMAIL_QUEUE_ERROR | Error de configuración de base de datos.
   Exception: DataAccessException
122. [AOCR_20260217.log] 2026-02-17 13:09:43.961 | ERROR | CID:N/A | ERR:EMAIL_QUEUE_ERROR | Error de configuración de base de datos.
   Exception: DataAccessException
123. [AOCR_20260217.log] 2026-02-17 13:10:14.017 | ERROR | CID:N/A | ERR:EMAIL_QUEUE_ERROR | Error de configuración de base de datos.
   Exception: DataAccessException
124. [AOCR_20260217.log] 2026-02-17 13:10:44.075 | ERROR | CID:N/A | ERR:EMAIL_QUEUE_ERROR | Error de configuración de base de datos.
   Exception: DataAccessException
125. [AOCR_20260217.log] 2026-02-17 13:11:14.132 | ERROR | CID:N/A | ERR:EMAIL_QUEUE_ERROR | Error de configuración de base de datos.
   Exception: DataAccessException
126. [AOCR_20260217.log] 2026-02-17 13:11:44.191 | ERROR | CID:N/A | ERR:EMAIL_QUEUE_ERROR | Error de configuración de base de datos.
   Exception: DataAccessException
127. [AOCR_20260217.log] 2026-02-17 13:12:14.240 | ERROR | CID:N/A | ERR:EMAIL_QUEUE_ERROR | Error de configuración de base de datos.
   Exception: DataAccessException
128. [AOCR_20260217.log] 2026-02-17 13:12:44.306 | ERROR | CID:N/A | ERR:EMAIL_QUEUE_ERROR | Error de configuración de base de datos.
   Exception: DataAccessException
129. [AOCR_20260217.log] 2026-02-17 13:13:14.362 | ERROR | CID:N/A | ERR:EMAIL_QUEUE_ERROR | Error de configuración de base de datos.
   Exception: DataAccessException
130. [AOCR_20260217.log] 2026-02-17 13:13:44.418 | ERROR | CID:N/A | ERR:EMAIL_QUEUE_ERROR | Error de configuración de base de datos.
   Exception: DataAccessException
131. [AOCR_20260217.log] 2026-02-17 13:14:14.476 | ERROR | CID:N/A | ERR:EMAIL_QUEUE_ERROR | Error de configuración de base de datos.
   Exception: DataAccessException
132. [AOCR_20260217.log] 2026-02-17 13:14:44.529 | ERROR | CID:N/A | ERR:EMAIL_QUEUE_ERROR | Error de configuración de base de datos.
   Exception: DataAccessException
133. [AOCR_20260217.log] 2026-02-17 13:15:14.597 | ERROR | CID:N/A | ERR:EMAIL_QUEUE_ERROR | Error de configuración de base de datos.
   Exception: DataAccessException
134. [AOCR_20260217.log] 2026-02-17 13:15:44.658 | ERROR | CID:N/A | ERR:EMAIL_QUEUE_ERROR | Error de configuración de base de datos.
   Exception: DataAccessException
135. [AOCR_20260217.log] 2026-02-17 13:16:14.712 | ERROR | CID:N/A | ERR:EMAIL_QUEUE_ERROR | Error de configuración de base de datos.
   Exception: DataAccessException
136. [AOCR_20260217.log] 2026-02-17 13:16:44.774 | ERROR | CID:N/A | ERR:EMAIL_QUEUE_ERROR | Error de configuración de base de datos.
   Exception: DataAccessException
137. [AOCR_20260217.log] 2026-02-17 13:17:14.836 | ERROR | CID:N/A | ERR:EMAIL_QUEUE_ERROR | Error de configuración de base de datos.
   Exception: DataAccessException
138. [AOCR_20260217.log] 2026-02-17 13:17:44.892 | ERROR | CID:N/A | ERR:EMAIL_QUEUE_ERROR | Error de configuración de base de datos.
   Exception: DataAccessException
139. [AOCR_20260217.log] 2026-02-17 13:18:14.944 | ERROR | CID:N/A | ERR:EMAIL_QUEUE_ERROR | Error de configuración de base de datos.
   Exception: DataAccessException
140. [AOCR_20260217.log] 2026-02-17 13:18:45.020 | ERROR | CID:N/A | ERR:EMAIL_QUEUE_ERROR | Error de configuración de base de datos.
   Exception: DataAccessException
141. [AOCR_20260217.log] 2026-02-17 13:19:15.071 | ERROR | CID:N/A | ERR:EMAIL_QUEUE_ERROR | Error de configuración de base de datos.
   Exception: DataAccessException
142. [AOCR_20260217.log] 2026-02-17 13:19:45.123 | ERROR | CID:N/A | ERR:EMAIL_QUEUE_ERROR | Error de configuración de base de datos.
   Exception: DataAccessException
143. [AOCR_20260217.log] 2026-02-17 13:20:15.173 | ERROR | CID:N/A | ERR:EMAIL_QUEUE_ERROR | Error de configuración de base de datos.
   Exception: DataAccessException
144. [AOCR_20260217.log] 2026-02-17 13:20:45.227 | ERROR | CID:N/A | ERR:EMAIL_QUEUE_ERROR | Error de configuración de base de datos.
   Exception: DataAccessException
145. [AOCR_20260217.log] 2026-02-17 13:21:15.283 | ERROR | CID:N/A | ERR:EMAIL_QUEUE_ERROR | Error de configuración de base de datos.
   Exception: DataAccessException
146. [AOCR_20260217.log] 2026-02-17 13:21:45.336 | ERROR | CID:N/A | ERR:EMAIL_QUEUE_ERROR | Error de configuración de base de datos.
   Exception: DataAccessException
147. [AOCR_20260217.log] 2026-02-17 13:22:15.396 | ERROR | CID:N/A | ERR:EMAIL_QUEUE_ERROR | Error de configuración de base de datos.
   Exception: DataAccessException
148. [AOCR_20260217.log] 2026-02-17 13:22:45.446 | ERROR | CID:N/A | ERR:EMAIL_QUEUE_ERROR | Error de configuración de base de datos.
   Exception: DataAccessException
149. [AOCR_20260217.log] 2026-02-17 13:23:15.491 | ERROR | CID:N/A | ERR:EMAIL_QUEUE_ERROR | Error de configuración de base de datos.
   Exception: DataAccessException
150. [AOCR_20260217.log] 2026-02-17 13:23:45.562 | ERROR | CID:N/A | ERR:EMAIL_QUEUE_ERROR | Error de configuración de base de datos.
   Exception: DataAccessException
151. [AOCR_20260217.log] 2026-02-17 13:24:15.615 | ERROR | CID:N/A | ERR:EMAIL_QUEUE_ERROR | Error de configuración de base de datos.
   Exception: DataAccessException
152. [AOCR_20260217.log] 2026-02-17 13:24:45.663 | ERROR | CID:N/A | ERR:EMAIL_QUEUE_ERROR | Error de configuración de base de datos.
   Exception: DataAccessException
153. [AOCR_20260217.log] 2026-02-17 13:25:15.727 | ERROR | CID:N/A | ERR:EMAIL_QUEUE_ERROR | Error de configuración de base de datos.
   Exception: DataAccessException
154. [AOCR_20260217.log] 2026-02-17 13:25:45.803 | ERROR | CID:N/A | ERR:EMAIL_QUEUE_ERROR | Error de configuración de base de datos.
   Exception: DataAccessException
155. [AOCR_20260217.log] 2026-02-17 13:26:15.852 | ERROR | CID:N/A | ERR:EMAIL_QUEUE_ERROR | Error de configuración de base de datos.
   Exception: DataAccessException
156. [AOCR_20260217.log] 2026-02-17 13:26:45.919 | ERROR | CID:N/A | ERR:EMAIL_QUEUE_ERROR | Error de configuración de base de datos.
   Exception: DataAccessException
157. [AOCR_20260217.log] 2026-02-17 13:27:15.972 | ERROR | CID:N/A | ERR:EMAIL_QUEUE_ERROR | Error de configuración de base de datos.
   Exception: DataAccessException
158. [AOCR_20260217.log] 2026-02-17 13:27:46.028 | ERROR | CID:N/A | ERR:EMAIL_QUEUE_ERROR | Error de configuración de base de datos.
   Exception: DataAccessException
159. [AOCR_20260217.log] 2026-02-17 13:28:16.079 | ERROR | CID:N/A | ERR:EMAIL_QUEUE_ERROR | Error de configuración de base de datos.
   Exception: DataAccessException
160. [AOCR_20260217.log] 2026-02-17 13:28:46.127 | ERROR | CID:N/A | ERR:EMAIL_QUEUE_ERROR | Error de configuración de base de datos.
   Exception: DataAccessException
161. [AOCR_20260217.log] 2026-02-17 13:29:16.178 | ERROR | CID:N/A | ERR:EMAIL_QUEUE_ERROR | Error de configuración de base de datos.
   Exception: DataAccessException
162. [AOCR_20260217.log] 2026-02-17 13:29:46.222 | ERROR | CID:N/A | ERR:EMAIL_QUEUE_ERROR | Error de configuración de base de datos.
   Exception: DataAccessException
163. [AOCR_20260217.log] 2026-02-17 13:30:16.268 | ERROR | CID:N/A | ERR:EMAIL_QUEUE_ERROR | Error de configuración de base de datos.
   Exception: DataAccessException
164. [AOCR_20260217.log] 2026-02-17 13:30:46.313 | ERROR | CID:N/A | ERR:EMAIL_QUEUE_ERROR | Error de configuración de base de datos.
   Exception: DataAccessException
165. [AOCR_20260217.log] 2026-02-17 13:31:16.368 | ERROR | CID:N/A | ERR:EMAIL_QUEUE_ERROR | Error de configuración de base de datos.
   Exception: DataAccessException
166. [AOCR_20260217.log] 2026-02-17 13:31:46.425 | ERROR | CID:N/A | ERR:EMAIL_QUEUE_ERROR | Error de configuración de base de datos.
   Exception: DataAccessException
167. [AOCR_20260217.log] 2026-02-17 13:32:16.481 | ERROR | CID:N/A | ERR:EMAIL_QUEUE_ERROR | Error de configuración de base de datos.
   Exception: DataAccessException
168. [AOCR_20260217.log] 2026-02-17 13:32:46.540 | ERROR | CID:N/A | ERR:EMAIL_QUEUE_ERROR | Error de configuración de base de datos.
   Exception: DataAccessException
169. [AOCR_20260217.log] 2026-02-17 13:33:16.591 | ERROR | CID:N/A | ERR:EMAIL_QUEUE_ERROR | Error de configuración de base de datos.
   Exception: DataAccessException
170. [AOCR_20260217.log] 2026-02-17 13:33:46.658 | ERROR | CID:N/A | ERR:EMAIL_QUEUE_ERROR | Error de configuración de base de datos.
   Exception: DataAccessException
171. [AOCR_20260217.log] 2026-02-17 13:34:16.705 | ERROR | CID:N/A | ERR:EMAIL_QUEUE_ERROR | Error de configuración de base de datos.
   Exception: DataAccessException
172. [AOCR_20260217.log] 2026-02-17 13:34:46.769 | ERROR | CID:N/A | ERR:EMAIL_QUEUE_ERROR | Error de configuración de base de datos.
   Exception: DataAccessException
173. [AOCR_20260217.log] 2026-02-17 13:35:16.836 | ERROR | CID:N/A | ERR:EMAIL_QUEUE_ERROR | Error de configuración de base de datos.
   Exception: DataAccessException
174. [AOCR_20260217.log] 2026-02-17 13:35:46.894 | ERROR | CID:N/A | ERR:EMAIL_QUEUE_ERROR | Error de configuración de base de datos.
   Exception: DataAccessException
175. [AOCR_20260217.log] 2026-02-17 13:36:16.957 | ERROR | CID:N/A | ERR:EMAIL_QUEUE_ERROR | Error de configuración de base de datos.
   Exception: DataAccessException
176. [AOCR_20260217.log] 2026-02-17 13:36:47.001 | ERROR | CID:N/A | ERR:EMAIL_QUEUE_ERROR | Error de configuración de base de datos.
   Exception: DataAccessException
177. [AOCR_20260217.log] 2026-02-17 13:37:17.051 | ERROR | CID:N/A | ERR:EMAIL_QUEUE_ERROR | Error de configuración de base de datos.
   Exception: DataAccessException
178. [AOCR_20260217.log] 2026-02-17 13:37:47.120 | ERROR | CID:N/A | ERR:EMAIL_QUEUE_ERROR | Error de configuración de base de datos.
   Exception: DataAccessException
179. [AOCR_20260217.log] 2026-02-17 13:38:17.169 | ERROR | CID:N/A | ERR:EMAIL_QUEUE_ERROR | Error de configuración de base de datos.
   Exception: DataAccessException
180. [AOCR_20260217.log] 2026-02-17 13:38:47.220 | ERROR | CID:N/A | ERR:EMAIL_QUEUE_ERROR | Error de configuración de base de datos.
   Exception: DataAccessException
181. [AOCR_20260217.log] 2026-02-17 13:39:17.274 | ERROR | CID:N/A | ERR:EMAIL_QUEUE_ERROR | Error de configuración de base de datos.
   Exception: DataAccessException
182. [AOCR_20260217.log] 2026-02-17 13:39:47.332 | ERROR | CID:N/A | ERR:EMAIL_QUEUE_ERROR | Error de configuración de base de datos.
   Exception: DataAccessException
183. [AOCR_20260217.log] 2026-02-17 13:40:17.381 | ERROR | CID:N/A | ERR:EMAIL_QUEUE_ERROR | Error de configuración de base de datos.
   Exception: DataAccessException
184. [AOCR_20260217.log] 2026-02-17 13:40:47.441 | ERROR | CID:N/A | ERR:EMAIL_QUEUE_ERROR | Error de configuración de base de datos.
   Exception: DataAccessException
185. [AOCR_20260217.log] 2026-02-17 13:41:17.498 | ERROR | CID:N/A | ERR:EMAIL_QUEUE_ERROR | Error de configuración de base de datos.
   Exception: DataAccessException
186. [AOCR_20260217.log] 2026-02-17 13:41:47.553 | ERROR | CID:N/A | ERR:EMAIL_QUEUE_ERROR | Error de configuración de base de datos.
   Exception: DataAccessException
187. [AOCR_20260217.log] 2026-02-17 13:42:17.611 | ERROR | CID:N/A | ERR:EMAIL_QUEUE_ERROR | Error de configuración de base de datos.
   Exception: DataAccessException
188. [AOCR_20260217.log] 2026-02-17 13:42:47.670 | ERROR | CID:N/A | ERR:EMAIL_QUEUE_ERROR | Error de configuración de base de datos.
   Exception: DataAccessException
189. [AOCR_20260217.log] 2026-02-17 13:43:17.727 | ERROR | CID:N/A | ERR:EMAIL_QUEUE_ERROR | Error de configuración de base de datos.
   Exception: DataAccessException
190. [AOCR_20260217.log] 2026-02-17 13:43:47.779 | ERROR | CID:N/A | ERR:EMAIL_QUEUE_ERROR | Error de configuración de base de datos.
   Exception: DataAccessException
191. [AOCR_20260217.log] 2026-02-17 13:44:17.828 | ERROR | CID:N/A | ERR:EMAIL_QUEUE_ERROR | Error de configuración de base de datos.
   Exception: DataAccessException
192. [AOCR_20260217.log] 2026-02-17 13:44:47.887 | ERROR | CID:N/A | ERR:EMAIL_QUEUE_ERROR | Error de configuración de base de datos.
   Exception: DataAccessException
193. [AOCR_20260217.log] 2026-02-17 13:45:17.938 | ERROR | CID:N/A | ERR:EMAIL_QUEUE_ERROR | Error de configuración de base de datos.
   Exception: DataAccessException
194. [AOCR_20260217.log] 2026-02-17 13:45:48.011 | ERROR | CID:N/A | ERR:EMAIL_QUEUE_ERROR | Error de configuración de base de datos.
   Exception: DataAccessException
195. [AOCR_20260217.log] 2026-02-17 13:46:18.065 | ERROR | CID:N/A | ERR:EMAIL_QUEUE_ERROR | Error de configuración de base de datos.
   Exception: DataAccessException
196. [AOCR_20260217.log] 2026-02-17 13:46:48.117 | ERROR | CID:N/A | ERR:EMAIL_QUEUE_ERROR | Error de configuración de base de datos.
   Exception: DataAccessException
197. [AOCR_20260217.log] 2026-02-17 13:47:18.170 | ERROR | CID:N/A | ERR:EMAIL_QUEUE_ERROR | Error de configuración de base de datos.
   Exception: DataAccessException
198. [AOCR_20260217.log] 2026-02-17 13:47:48.223 | ERROR | CID:N/A | ERR:EMAIL_QUEUE_ERROR | Error de configuración de base de datos.
   Exception: DataAccessException
199. [AOCR_20260217.log] 2026-02-17 13:48:18.267 | ERROR | CID:N/A | ERR:EMAIL_QUEUE_ERROR | Error de configuración de base de datos.
   Exception: DataAccessException
200. [AOCR_20260217.log] 2026-02-17 13:48:48.317 | ERROR | CID:N/A | ERR:EMAIL_QUEUE_ERROR | Error de configuración de base de datos.
   Exception: DataAccessException
201. [AOCR_20260217.log] 2026-02-17 13:49:18.367 | ERROR | CID:N/A | ERR:EMAIL_QUEUE_ERROR | Error de configuración de base de datos.
   Exception: DataAccessException
202. [AOCR_20260217.log] 2026-02-17 13:49:48.424 | ERROR | CID:N/A | ERR:EMAIL_QUEUE_ERROR | Error de configuración de base de datos.
   Exception: DataAccessException
203. [AOCR_20260217.log] 2026-02-17 13:50:18.483 | ERROR | CID:N/A | ERR:EMAIL_QUEUE_ERROR | Error de configuración de base de datos.
   Exception: DataAccessException
204. [AOCR_20260217.log] 2026-02-17 13:50:48.525 | ERROR | CID:N/A | ERR:EMAIL_QUEUE_ERROR | Error de configuración de base de datos.
   Exception: DataAccessException
205. [AOCR_20260217.log] 2026-02-17 13:51:18.572 | ERROR | CID:N/A | ERR:EMAIL_QUEUE_ERROR | Error de configuración de base de datos.
   Exception: DataAccessException
206. [AOCR_20260217.log] 2026-02-17 13:51:48.640 | ERROR | CID:N/A | ERR:EMAIL_QUEUE_ERROR | Error de configuración de base de datos.
   Exception: DataAccessException
207. [AOCR_20260217.log] 2026-02-17 13:52:18.699 | ERROR | CID:N/A | ERR:EMAIL_QUEUE_ERROR | Error de configuración de base de datos.
   Exception: DataAccessException
208. [AOCR_20260217.log] 2026-02-17 13:52:48.762 | ERROR | CID:N/A | ERR:EMAIL_QUEUE_ERROR | Error de configuración de base de datos.
   Exception: DataAccessException
209. [AOCR_20260217.log] 2026-02-17 13:53:18.828 | ERROR | CID:N/A | ERR:EMAIL_QUEUE_ERROR | Error de configuración de base de datos.
   Exception: DataAccessException
210. [AOCR_20260217.log] 2026-02-17 13:53:48.879 | ERROR | CID:N/A | ERR:EMAIL_QUEUE_ERROR | Error de configuración de base de datos.
   Exception: DataAccessException
211. [AOCR_20260217.log] 2026-02-17 13:54:18.933 | ERROR | CID:N/A | ERR:EMAIL_QUEUE_ERROR | Error de configuración de base de datos.
   Exception: DataAccessException
212. [AOCR_20260217.log] 2026-02-17 13:54:48.991 | ERROR | CID:N/A | ERR:EMAIL_QUEUE_ERROR | Error de configuración de base de datos.
   Exception: DataAccessException
213. [AOCR_20260217.log] 2026-02-17 13:55:19.044 | ERROR | CID:N/A | ERR:EMAIL_QUEUE_ERROR | Error de configuración de base de datos.
   Exception: DataAccessException
214. [AOCR_20260217.log] 2026-02-17 13:55:49.099 | ERROR | CID:N/A | ERR:EMAIL_QUEUE_ERROR | Error de configuración de base de datos.
   Exception: DataAccessException
215. [AOCR_20260217.log] 2026-02-17 13:56:19.160 | ERROR | CID:N/A | ERR:EMAIL_QUEUE_ERROR | Error de configuración de base de datos.
   Exception: DataAccessException
216. [AOCR_20260217.log] 2026-02-17 13:56:49.211 | ERROR | CID:N/A | ERR:EMAIL_QUEUE_ERROR | Error de configuración de base de datos.
   Exception: DataAccessException
217. [AOCR_20260217.log] 2026-02-17 13:57:19.272 | ERROR | CID:N/A | ERR:EMAIL_QUEUE_ERROR | Error de configuración de base de datos.
   Exception: DataAccessException
218. [AOCR_20260217.log] 2026-02-17 13:57:49.339 | ERROR | CID:N/A | ERR:EMAIL_QUEUE_ERROR | Error de configuración de base de datos.
   Exception: DataAccessException
219. [AOCR_20260217.log] 2026-02-17 13:58:19.390 | ERROR | CID:N/A | ERR:EMAIL_QUEUE_ERROR | Error de configuración de base de datos.
   Exception: DataAccessException
220. [AOCR_20260217.log] 2026-02-17 13:58:49.443 | ERROR | CID:N/A | ERR:EMAIL_QUEUE_ERROR | Error de configuración de base de datos.
   Exception: DataAccessException
221. [AOCR_20260217.log] 2026-02-17 13:59:19.495 | ERROR | CID:N/A | ERR:EMAIL_QUEUE_ERROR | Error de configuración de base de datos.
   Exception: DataAccessException
222. [AOCR_20260217.log] 2026-02-17 13:59:49.541 | ERROR | CID:N/A | ERR:EMAIL_QUEUE_ERROR | Error de configuración de base de datos.
   Exception: DataAccessException
223. [AOCR_20260217.log] 2026-02-17 14:00:19.595 | ERROR | CID:N/A | ERR:EMAIL_QUEUE_ERROR | Error de configuración de base de datos.
   Exception: DataAccessException
224. [AOCR_20260217.log] 2026-02-17 14:00:49.655 | ERROR | CID:N/A | ERR:EMAIL_QUEUE_ERROR | Error de configuración de base de datos.
   Exception: DataAccessException
225. [AOCR_20260217.log] 2026-02-17 14:01:19.696 | ERROR | CID:N/A | ERR:EMAIL_QUEUE_ERROR | Error de configuración de base de datos.
   Exception: DataAccessException
226. [AOCR_20260217.log] 2026-02-17 14:01:49.742 | ERROR | CID:N/A | ERR:EMAIL_QUEUE_ERROR | Error de configuración de base de datos.
   Exception: DataAccessException
227. [AOCR_20260217.log] 2026-02-17 14:02:19.787 | ERROR | CID:N/A | ERR:EMAIL_QUEUE_ERROR | Error de configuración de base de datos.
   Exception: DataAccessException
228. [AOCR_20260217.log] 2026-02-17 14:02:49.847 | ERROR | CID:N/A | ERR:EMAIL_QUEUE_ERROR | Error de configuración de base de datos.
   Exception: DataAccessException
229. [AOCR_20260217.log] 2026-02-17 14:03:19.916 | ERROR | CID:N/A | ERR:EMAIL_QUEUE_ERROR | Error de configuración de base de datos.
   Exception: DataAccessException
230. [AOCR_20260217.log] 2026-02-17 14:03:49.975 | ERROR | CID:N/A | ERR:EMAIL_QUEUE_ERROR | Error de configuración de base de datos.
   Exception: DataAccessException
231. [AOCR_20260217.log] 2026-02-17 14:04:20.038 | ERROR | CID:N/A | ERR:EMAIL_QUEUE_ERROR | Error de configuración de base de datos.
   Exception: DataAccessException
232. [AOCR_20260217.log] 2026-02-17 14:04:50.109 | ERROR | CID:N/A | ERR:EMAIL_QUEUE_ERROR | Error de configuración de base de datos.
   Exception: DataAccessException
233. [AOCR_20260217.log] 2026-02-17 14:05:20.165 | ERROR | CID:N/A | ERR:EMAIL_QUEUE_ERROR | Error de configuración de base de datos.
   Exception: DataAccessException
234. [AOCR_20260217.log] 2026-02-17 14:05:50.223 | ERROR | CID:N/A | ERR:EMAIL_QUEUE_ERROR | Error de configuración de base de datos.
   Exception: DataAccessException
235. [AOCR_20260217.log] 2026-02-17 14:06:20.312 | ERROR | CID:N/A | ERR:EMAIL_QUEUE_ERROR | Error de configuración de base de datos.
   Exception: DataAccessException
236. [AOCR_20260217.log] 2026-02-17 14:06:50.379 | ERROR | CID:N/A | ERR:EMAIL_QUEUE_ERROR | Error de configuración de base de datos.
   Exception: DataAccessException
237. [AOCR_20260217.log] 2026-02-17 14:07:20.422 | ERROR | CID:N/A | ERR:EMAIL_QUEUE_ERROR | Error de configuración de base de datos.
   Exception: DataAccessException
238. [AOCR_20260217.log] 2026-02-17 14:07:50.478 | ERROR | CID:N/A | ERR:EMAIL_QUEUE_ERROR | Error de configuración de base de datos.
   Exception: DataAccessException
239. [AOCR_20260217.log] 2026-02-17 14:08:20.538 | ERROR | CID:N/A | ERR:EMAIL_QUEUE_ERROR | Error de configuración de base de datos.
   Exception: DataAccessException
240. [AOCR_20260217.log] 2026-02-17 14:08:50.587 | ERROR | CID:N/A | ERR:EMAIL_QUEUE_ERROR | Error de configuración de base de datos.
   Exception: DataAccessException
241. [AOCR_20260217.log] 2026-02-17 14:09:20.641 | ERROR | CID:N/A | ERR:EMAIL_QUEUE_ERROR | Error de configuración de base de datos.
   Exception: DataAccessException
242. [AOCR_20260217.log] 2026-02-17 14:09:50.689 | ERROR | CID:N/A | ERR:EMAIL_QUEUE_ERROR | Error de configuración de base de datos.
   Exception: DataAccessException
243. [AOCR_20260217.log] 2026-02-17 14:10:20.742 | ERROR | CID:N/A | ERR:EMAIL_QUEUE_ERROR | Error de configuración de base de datos.
   Exception: DataAccessException
244. [AOCR_20260217.log] 2026-02-17 14:10:50.803 | ERROR | CID:N/A | ERR:EMAIL_QUEUE_ERROR | Error de configuración de base de datos.
   Exception: DataAccessException
245. [AOCR_20260217.log] 2026-02-17 14:11:20.873 | ERROR | CID:N/A | ERR:EMAIL_QUEUE_ERROR | Error de configuración de base de datos.
   Exception: DataAccessException
246. [AOCR_20260217.log] 2026-02-17 14:11:50.934 | ERROR | CID:N/A | ERR:EMAIL_QUEUE_ERROR | Error de configuración de base de datos.
   Exception: DataAccessException
247. [AOCR_20260217.log] 2026-02-17 14:12:21.041 | ERROR | CID:N/A | ERR:EMAIL_QUEUE_ERROR | Error de configuración de base de datos.
   Exception: DataAccessException
248. [AOCR_20260217.log] 2026-02-17 14:12:51.097 | ERROR | CID:N/A | ERR:EMAIL_QUEUE_ERROR | Error de configuración de base de datos.
   Exception: DataAccessException
249. [AOCR_20260217.log] 2026-02-17 14:13:21.145 | ERROR | CID:N/A | ERR:EMAIL_QUEUE_ERROR | Error de configuración de base de datos.
   Exception: DataAccessException
250. [AOCR_20260217.log] 2026-02-17 14:13:51.189 | ERROR | CID:N/A | ERR:EMAIL_QUEUE_ERROR | Error de configuración de base de datos.
   Exception: DataAccessException
251. [AOCR_20260217.log] 2026-02-17 14:14:21.247 | ERROR | CID:N/A | ERR:EMAIL_QUEUE_ERROR | Error de configuración de base de datos.
   Exception: DataAccessException
252. [AOCR_20260217.log] 2026-02-17 14:14:51.350 | ERROR | CID:N/A | ERR:EMAIL_QUEUE_ERROR | Error de configuración de base de datos.
   Exception: DataAccessException
253. [AOCR_20260217.log] 2026-02-17 14:15:21.400 | ERROR | CID:N/A | ERR:EMAIL_QUEUE_ERROR | Error de configuración de base de datos.
   Exception: DataAccessException
254. [AOCR_20260217.log] 2026-02-17 14:15:51.492 | ERROR | CID:N/A | ERR:EMAIL_QUEUE_ERROR | Error de configuración de base de datos.
   Exception: DataAccessException
255. [AOCR_20260217.log] 2026-02-17 14:16:21.606 | ERROR | CID:N/A | ERR:EMAIL_QUEUE_ERROR | Error de configuración de base de datos.
   Exception: DataAccessException
256. [AOCR_20260217.log] 2026-02-17 14:16:51.673 | ERROR | CID:N/A | ERR:EMAIL_QUEUE_ERROR | Error de configuración de base de datos.
   Exception: DataAccessException
257. [AOCR_20260217.log] 2026-02-17 14:17:21.740 | ERROR | CID:N/A | ERR:EMAIL_QUEUE_ERROR | Error de configuración de base de datos.
   Exception: DataAccessException
258. [AOCR_20260217.log] 2026-02-17 14:17:51.835 | ERROR | CID:N/A | ERR:EMAIL_QUEUE_ERROR | Error de configuración de base de datos.
   Exception: DataAccessException
259. [AOCR_20260217.log] 2026-02-17 14:18:21.904 | ERROR | CID:N/A | ERR:EMAIL_QUEUE_ERROR | Error de configuración de base de datos.
   Exception: DataAccessException
260. [AOCR_20260217.log] 2026-02-17 14:18:51.972 | ERROR | CID:N/A | ERR:EMAIL_QUEUE_ERROR | Error de configuración de base de datos.
   Exception: DataAccessException
261. [AOCR_20260217.log] 2026-02-17 14:19:22.022 | ERROR | CID:N/A | ERR:EMAIL_QUEUE_ERROR | Error de configuración de base de datos.
   Exception: DataAccessException
262. [AOCR_20260217.log] 2026-02-17 14:19:52.084 | ERROR | CID:N/A | ERR:EMAIL_QUEUE_ERROR | Error de configuración de base de datos.
   Exception: DataAccessException
263. [AOCR_20260217.log] 2026-02-17 14:20:22.135 | ERROR | CID:N/A | ERR:EMAIL_QUEUE_ERROR | Error de configuración de base de datos.
   Exception: DataAccessException
264. [AOCR_20260217.log] 2026-02-17 14:20:52.237 | ERROR | CID:N/A | ERR:EMAIL_QUEUE_ERROR | Error de configuración de base de datos.
   Exception: DataAccessException
265. [AOCR_20260217.log] 2026-02-17 14:21:22.291 | ERROR | CID:N/A | ERR:EMAIL_QUEUE_ERROR | Error de configuración de base de datos.
   Exception: DataAccessException
266. [AOCR_20260217.log] 2026-02-17 14:21:52.346 | ERROR | CID:N/A | ERR:EMAIL_QUEUE_ERROR | Error de configuración de base de datos.
   Exception: DataAccessException
267. [AOCR_20260217.log] 2026-02-17 14:22:22.404 | ERROR | CID:N/A | ERR:EMAIL_QUEUE_ERROR | Error de configuración de base de datos.
   Exception: DataAccessException
268. [AOCR_20260217.log] 2026-02-17 14:22:52.458 | ERROR | CID:N/A | ERR:EMAIL_QUEUE_ERROR | Error de configuración de base de datos.
   Exception: DataAccessException
269. [AOCR_20260217.log] 2026-02-17 14:23:22.504 | ERROR | CID:N/A | ERR:EMAIL_QUEUE_ERROR | Error de configuración de base de datos.
   Exception: DataAccessException
270. [AOCR_20260217.log] 2026-02-17 14:23:52.603 | ERROR | CID:N/A | ERR:EMAIL_QUEUE_ERROR | Error de configuración de base de datos.
   Exception: DataAccessException
271. [AOCR_20260217.log] 2026-02-17 14:24:22.664 | ERROR | CID:N/A | ERR:EMAIL_QUEUE_ERROR | Error de configuración de base de datos.
   Exception: DataAccessException
272. [AOCR_20260217.log] 2026-02-17 14:24:52.741 | ERROR | CID:N/A | ERR:EMAIL_QUEUE_ERROR | Error de configuración de base de datos.
   Exception: DataAccessException
273. [AOCR_20260217.log] 2026-02-17 14:25:22.808 | ERROR | CID:N/A | ERR:EMAIL_QUEUE_ERROR | Error de configuración de base de datos.
   Exception: DataAccessException
274. [AOCR_20260217.log] 2026-02-17 14:25:52.863 | ERROR | CID:N/A | ERR:EMAIL_QUEUE_ERROR | Error de configuración de base de datos.
   Exception: DataAccessException
275. [AOCR_20260217.log] 2026-02-17 14:26:22.918 | ERROR | CID:N/A | ERR:EMAIL_QUEUE_ERROR | Error de configuración de base de datos.
   Exception: DataAccessException
276. [AOCR_20260217.log] 2026-02-17 14:26:52.969 | ERROR | CID:N/A | ERR:EMAIL_QUEUE_ERROR | Error de configuración de base de datos.
   Exception: DataAccessException
277. [AOCR_20260217.log] 2026-02-17 14:27:23.015 | ERROR | CID:N/A | ERR:EMAIL_QUEUE_ERROR | Error de configuración de base de datos.
   Exception: DataAccessException
278. [AOCR_20260217.log] 2026-02-17 14:27:53.075 | ERROR | CID:N/A | ERR:EMAIL_QUEUE_ERROR | Error de configuración de base de datos.
   Exception: DataAccessException
279. [AOCR_20260217.log] 2026-02-17 14:28:23.140 | ERROR | CID:N/A | ERR:EMAIL_QUEUE_ERROR | Error de configuración de base de datos.
   Exception: DataAccessException
280. [AOCR_20260217.log] 2026-02-17 14:28:53.207 | ERROR | CID:N/A | ERR:EMAIL_QUEUE_ERROR | Error de configuración de base de datos.
   Exception: DataAccessException
281. [AOCR_20260217.log] 2026-02-17 14:29:23.267 | ERROR | CID:N/A | ERR:EMAIL_QUEUE_ERROR | Error de configuración de base de datos.
   Exception: DataAccessException
282. [AOCR_20260217.log] 2026-02-17 14:29:53.325 | ERROR | CID:N/A | ERR:EMAIL_QUEUE_ERROR | Error de configuración de base de datos.
   Exception: DataAccessException
283. [AOCR_20260217.log] 2026-02-17 14:30:23.373 | ERROR | CID:N/A | ERR:EMAIL_QUEUE_ERROR | Error de configuración de base de datos.
   Exception: DataAccessException
284. [AOCR_20260217.log] 2026-02-17 14:30:53.434 | ERROR | CID:N/A | ERR:EMAIL_QUEUE_ERROR | Error de configuración de base de datos.
   Exception: DataAccessException
285. [AOCR_20260217.log] 2026-02-17 14:31:23.489 | ERROR | CID:N/A | ERR:EMAIL_QUEUE_ERROR | Error de configuración de base de datos.
   Exception: DataAccessException
286. [AOCR_20260217.log] 2026-02-17 14:31:53.539 | ERROR | CID:N/A | ERR:EMAIL_QUEUE_ERROR | Error de configuración de base de datos.
   Exception: DataAccessException
287. [AOCR_20260217.log] 2026-02-17 14:32:23.595 | ERROR | CID:N/A | ERR:EMAIL_QUEUE_ERROR | Error de configuración de base de datos.
   Exception: DataAccessException
288. [AOCR_20260217.log] 2026-02-17 14:32:53.651 | ERROR | CID:N/A | ERR:EMAIL_QUEUE_ERROR | Error de configuración de base de datos.
   Exception: DataAccessException
289. [AOCR_20260217.log] 2026-02-17 14:33:23.693 | ERROR | CID:N/A | ERR:EMAIL_QUEUE_ERROR | Error de configuración de base de datos.
   Exception: DataAccessException
290. [AOCR_20260217.log] 2026-02-17 14:33:53.758 | ERROR | CID:N/A | ERR:EMAIL_QUEUE_ERROR | Error de configuración de base de datos.
   Exception: DataAccessException
291. [AOCR_20260217.log] 2026-02-17 14:34:23.823 | ERROR | CID:N/A | ERR:EMAIL_QUEUE_ERROR | Error de configuración de base de datos.
   Exception: DataAccessException
292. [AOCR_20260217.log] 2026-02-17 14:34:53.878 | ERROR | CID:N/A | ERR:EMAIL_QUEUE_ERROR | Error de configuración de base de datos.
   Exception: DataAccessException
293. [AOCR_20260217.log] 2026-02-17 14:35:23.949 | ERROR | CID:N/A | ERR:EMAIL_QUEUE_ERROR | Error de configuración de base de datos.
   Exception: DataAccessException
294. [AOCR_20260217.log] 2026-02-17 14:35:54.020 | ERROR | CID:N/A | ERR:EMAIL_QUEUE_ERROR | Error de configuración de base de datos.
   Exception: DataAccessException
295. [AOCR_20260217.log] 2026-02-17 14:36:24.085 | ERROR | CID:N/A | ERR:EMAIL_QUEUE_ERROR | Error de configuración de base de datos.
   Exception: DataAccessException
296. [AOCR_20260217.log] 2026-02-17 14:36:54.145 | ERROR | CID:N/A | ERR:EMAIL_QUEUE_ERROR | Error de configuración de base de datos.
   Exception: DataAccessException
297. [AOCR_20260217.log] 2026-02-17 14:37:24.216 | ERROR | CID:N/A | ERR:EMAIL_QUEUE_ERROR | Error de configuración de base de datos.
   Exception: DataAccessException
298. [AOCR_20260217.log] 2026-02-17 14:37:54.274 | ERROR | CID:N/A | ERR:EMAIL_QUEUE_ERROR | Error de configuración de base de datos.
   Exception: DataAccessException
299. [AOCR_20260217.log] 2026-02-17 14:38:24.330 | ERROR | CID:N/A | ERR:EMAIL_QUEUE_ERROR | Error de configuración de base de datos.
   Exception: DataAccessException
300. [AOCR_20260217.log] 2026-02-17 14:38:54.378 | ERROR | CID:N/A | ERR:EMAIL_QUEUE_ERROR | Error de configuración de base de datos.
   Exception: DataAccessException
301. [AOCR_20260217.log] 2026-02-17 14:39:24.422 | ERROR | CID:N/A | ERR:EMAIL_QUEUE_ERROR | Error de configuración de base de datos.
   Exception: DataAccessException
302. [AOCR_20260217.log] 2026-02-17 14:39:54.484 | ERROR | CID:N/A | ERR:EMAIL_QUEUE_ERROR | Error de configuración de base de datos.
   Exception: DataAccessException
303. [AOCR_20260217.log] 2026-02-17 14:40:24.543 | ERROR | CID:N/A | ERR:EMAIL_QUEUE_ERROR | Error de configuración de base de datos.
   Exception: DataAccessException
304. [AOCR_20260217.log] 2026-02-17 14:40:54.602 | ERROR | CID:N/A | ERR:EMAIL_QUEUE_ERROR | Error de configuración de base de datos.
   Exception: DataAccessException
305. [AOCR_20260217.log] 2026-02-17 14:41:24.665 | ERROR | CID:N/A | ERR:EMAIL_QUEUE_ERROR | Error de configuración de base de datos.
   Exception: DataAccessException
306. [AOCR_20260217.log] 2026-02-17 14:41:54.707 | ERROR | CID:N/A | ERR:EMAIL_QUEUE_ERROR | Error de configuración de base de datos.
   Exception: DataAccessException
307. [AOCR_20260217.log] 2026-02-17 14:42:24.756 | ERROR | CID:N/A | ERR:EMAIL_QUEUE_ERROR | Error de configuración de base de datos.
   Exception: DataAccessException
308. [AOCR_20260217.log] 2026-02-17 14:42:54.802 | ERROR | CID:N/A | ERR:EMAIL_QUEUE_ERROR | Error de configuración de base de datos.
   Exception: DataAccessException
309. [AOCR_20260217.log] 2026-02-17 14:43:24.860 | ERROR | CID:N/A | ERR:EMAIL_QUEUE_ERROR | Error de configuración de base de datos.
   Exception: DataAccessException
310. [AOCR_20260217.log] 2026-02-17 14:43:54.913 | ERROR | CID:N/A | ERR:EMAIL_QUEUE_ERROR | Error de configuración de base de datos.
   Exception: DataAccessException
311. [AOCR_20260217.log] 2026-02-17 14:44:24.965 | ERROR | CID:N/A | ERR:EMAIL_QUEUE_ERROR | Error de configuración de base de datos.
   Exception: DataAccessException
312. [AOCR_20260217.log] 2026-02-17 14:44:55.020 | ERROR | CID:N/A | ERR:EMAIL_QUEUE_ERROR | Error de configuración de base de datos.
   Exception: DataAccessException
313. [AOCR_20260217.log] 2026-02-17 14:45:25.074 | ERROR | CID:N/A | ERR:EMAIL_QUEUE_ERROR | Error de configuración de base de datos.
   Exception: DataAccessException
314. [AOCR_20260217.log] 2026-02-17 14:45:55.126 | ERROR | CID:N/A | ERR:EMAIL_QUEUE_ERROR | Error de configuración de base de datos.
   Exception: DataAccessException
315. [AOCR_20260217.log] 2026-02-17 14:46:25.190 | ERROR | CID:N/A | ERR:EMAIL_QUEUE_ERROR | Error de configuración de base de datos.
   Exception: DataAccessException
316. [AOCR_20260217.log] 2026-02-17 14:46:55.251 | ERROR | CID:N/A | ERR:EMAIL_QUEUE_ERROR | Error de configuración de base de datos.
   Exception: DataAccessException
317. [AOCR_20260217.log] 2026-02-17 14:47:25.293 | ERROR | CID:N/A | ERR:EMAIL_QUEUE_ERROR | Error de configuración de base de datos.
   Exception: DataAccessException
318. [AOCR_20260217.log] 2026-02-17 14:47:55.358 | ERROR | CID:N/A | ERR:EMAIL_QUEUE_ERROR | Error de configuración de base de datos.
   Exception: DataAccessException
319. [AOCR_20260217.log] 2026-02-17 14:48:25.431 | ERROR | CID:N/A | ERR:EMAIL_QUEUE_ERROR | Error de configuración de base de datos.
   Exception: DataAccessException
320. [AOCR_20260217.log] 2026-02-17 14:48:55.475 | ERROR | CID:N/A | ERR:EMAIL_QUEUE_ERROR | Error de configuración de base de datos.
   Exception: DataAccessException
321. [AOCR_20260217.log] 2026-02-17 14:49:25.520 | ERROR | CID:N/A | ERR:EMAIL_QUEUE_ERROR | Error de configuración de base de datos.
   Exception: DataAccessException
322. [AOCR_20260217.log] 2026-02-17 14:49:55.562 | ERROR | CID:N/A | ERR:EMAIL_QUEUE_ERROR | Error de configuración de base de datos.
   Exception: DataAccessException
323. [AOCR_20260217.log] 2026-02-17 14:50:25.604 | ERROR | CID:N/A | ERR:EMAIL_QUEUE_ERROR | Error de configuración de base de datos.
   Exception: DataAccessException
324. [AOCR_20260217.log] 2026-02-17 14:50:55.664 | ERROR | CID:N/A | ERR:EMAIL_QUEUE_ERROR | Error de configuración de base de datos.
   Exception: DataAccessException
325. [AOCR_20260217.log] 2026-02-17 14:51:25.730 | ERROR | CID:N/A | ERR:EMAIL_QUEUE_ERROR | Error de configuración de base de datos.
   Exception: DataAccessException
326. [AOCR_20260217.log] 2026-02-17 14:51:55.804 | ERROR | CID:N/A | ERR:EMAIL_QUEUE_ERROR | Error de configuración de base de datos.
   Exception: DataAccessException
327. [AOCR_20260217.log] 2026-02-17 14:52:25.857 | ERROR | CID:N/A | ERR:EMAIL_QUEUE_ERROR | Error de configuración de base de datos.
   Exception: DataAccessException
328. [AOCR_20260217.log] 2026-02-17 14:52:55.919 | ERROR | CID:N/A | ERR:EMAIL_QUEUE_ERROR | Error de configuración de base de datos.
   Exception: DataAccessException
329. [AOCR_20260217.log] 2026-02-17 14:53:25.970 | ERROR | CID:N/A | ERR:EMAIL_QUEUE_ERROR | Error de configuración de base de datos.
   Exception: DataAccessException
330. [AOCR_20260217.log] 2026-02-17 14:53:56.028 | ERROR | CID:N/A | ERR:EMAIL_QUEUE_ERROR | Error de configuración de base de datos.
   Exception: DataAccessException
331. [AOCR_20260217.log] 2026-02-17 14:54:26.085 | ERROR | CID:N/A | ERR:EMAIL_QUEUE_ERROR | Error de configuración de base de datos.
   Exception: DataAccessException
332. [AOCR_20260217.log] 2026-02-17 14:54:56.141 | ERROR | CID:N/A | ERR:EMAIL_QUEUE_ERROR | Error de configuración de base de datos.
   Exception: DataAccessException
333. [AOCR_20260217.log] 2026-02-17 14:55:26.202 | ERROR | CID:N/A | ERR:EMAIL_QUEUE_ERROR | Error de configuración de base de datos.
   Exception: DataAccessException
334. [AOCR_20260217.log] 2026-02-17 14:55:56.257 | ERROR | CID:N/A | ERR:EMAIL_QUEUE_ERROR | Error de configuración de base de datos.
   Exception: DataAccessException
335. [AOCR_20260217.log] 2026-02-17 14:56:26.310 | ERROR | CID:N/A | ERR:EMAIL_QUEUE_ERROR | Error de configuración de base de datos.
   Exception: DataAccessException
336. [AOCR_20260217.log] 2026-02-17 14:56:56.360 | ERROR | CID:N/A | ERR:EMAIL_QUEUE_ERROR | Error de configuración de base de datos.
   Exception: DataAccessException
337. [AOCR_20260217.log] 2026-02-17 14:57:26.409 | ERROR | CID:N/A | ERR:EMAIL_QUEUE_ERROR | Error de configuración de base de datos.
   Exception: DataAccessException
338. [AOCR_20260217.log] 2026-02-17 14:57:56.463 | ERROR | CID:N/A | ERR:EMAIL_QUEUE_ERROR | Error de configuración de base de datos.
   Exception: DataAccessException
339. [AOCR_20260217.log] 2026-02-17 14:58:26.516 | ERROR | CID:N/A | ERR:EMAIL_QUEUE_ERROR | Error de configuración de base de datos.
   Exception: DataAccessException
340. [AOCR_20260217.log] 2026-02-17 14:58:56.570 | ERROR | CID:N/A | ERR:EMAIL_QUEUE_ERROR | Error de configuración de base de datos.
   Exception: DataAccessException
341. [AOCR_20260217.log] 2026-02-17 14:59:26.623 | ERROR | CID:N/A | ERR:EMAIL_QUEUE_ERROR | Error de configuración de base de datos.
   Exception: DataAccessException
342. [AOCR_20260217.log] 2026-02-17 14:59:56.677 | ERROR | CID:N/A | ERR:EMAIL_QUEUE_ERROR | Error de configuración de base de datos.
   Exception: DataAccessException
343. [AOCR_20260217.log] 2026-02-17 15:00:26.728 | ERROR | CID:N/A | ERR:EMAIL_QUEUE_ERROR | Error de configuración de base de datos.
   Exception: DataAccessException
344. [AOCR_20260217.log] 2026-02-17 15:00:56.804 | ERROR | CID:N/A | ERR:EMAIL_QUEUE_ERROR | Error de configuración de base de datos.
   Exception: DataAccessException
345. [AOCR_20260217.log] 2026-02-17 15:01:26.878 | ERROR | CID:N/A | ERR:EMAIL_QUEUE_ERROR | Error de configuración de base de datos.
   Exception: DataAccessException
346. [AOCR_20260217.log] 2026-02-17 15:01:56.946 | ERROR | CID:N/A | ERR:EMAIL_QUEUE_ERROR | Error de configuración de base de datos.
   Exception: DataAccessException
347. [AOCR_20260217.log] 2026-02-17 15:02:26.991 | ERROR | CID:N/A | ERR:EMAIL_QUEUE_ERROR | Error de configuración de base de datos.
   Exception: DataAccessException
348. [AOCR_20260217.log] 2026-02-17 15:02:57.048 | ERROR | CID:N/A | ERR:EMAIL_QUEUE_ERROR | Error de configuración de base de datos.
   Exception: DataAccessException
349. [AOCR_20260217.log] 2026-02-17 15:03:27.098 | ERROR | CID:N/A | ERR:EMAIL_QUEUE_ERROR | Error de configuración de base de datos.
   Exception: DataAccessException
350. [AOCR_20260217.log] 2026-02-17 15:03:57.146 | ERROR | CID:N/A | ERR:EMAIL_QUEUE_ERROR | Error de configuración de base de datos.
   Exception: DataAccessException
351. [AOCR_20260217.log] 2026-02-17 15:04:27.205 | ERROR | CID:N/A | ERR:EMAIL_QUEUE_ERROR | Error de configuración de base de datos.
   Exception: DataAccessException
352. [AOCR_20260217.log] 2026-02-17 15:04:57.264 | ERROR | CID:N/A | ERR:EMAIL_QUEUE_ERROR | Error de configuración de base de datos.
   Exception: DataAccessException
353. [AOCR_20260217.log] 2026-02-17 15:05:27.333 | ERROR | CID:N/A | ERR:EMAIL_QUEUE_ERROR | Error de configuración de base de datos.
   Exception: DataAccessException
354. [AOCR_20260217.log] 2026-02-17 15:05:57.382 | ERROR | CID:N/A | ERR:EMAIL_QUEUE_ERROR | Error de configuración de base de datos.
   Exception: DataAccessException
355. [AOCR_20260217.log] 2026-02-17 15:06:27.449 | ERROR | CID:N/A | ERR:EMAIL_QUEUE_ERROR | Error de configuración de base de datos.
   Exception: DataAccessException
356. [AOCR_20260217.log] 2026-02-17 15:06:57.506 | ERROR | CID:N/A | ERR:EMAIL_QUEUE_ERROR | Error de configuración de base de datos.
   Exception: DataAccessException
357. [AOCR_20260217.log] 2026-02-17 15:07:27.555 | ERROR | CID:N/A | ERR:EMAIL_QUEUE_ERROR | Error de configuración de base de datos.
   Exception: DataAccessException
358. [AOCR_20260217.log] 2026-02-17 15:07:57.614 | ERROR | CID:N/A | ERR:EMAIL_QUEUE_ERROR | Error de configuración de base de datos.
   Exception: DataAccessException
359. [AOCR_20260217.log] 2026-02-17 15:08:27.668 | ERROR | CID:N/A | ERR:EMAIL_QUEUE_ERROR | Error de configuración de base de datos.
   Exception: DataAccessException
360. [AOCR_20260217.log] 2026-02-17 15:08:57.730 | ERROR | CID:N/A | ERR:EMAIL_QUEUE_ERROR | Error de configuración de base de datos.
   Exception: DataAccessException
361. [AOCR_20260217.log] 2026-02-17 15:09:27.781 | ERROR | CID:N/A | ERR:EMAIL_QUEUE_ERROR | Error de configuración de base de datos.
   Exception: DataAccessException
362. [AOCR_20260217.log] 2026-02-17 15:09:57.832 | ERROR | CID:N/A | ERR:EMAIL_QUEUE_ERROR | Error de configuración de base de datos.
   Exception: DataAccessException
363. [AOCR_20260217.log] 2026-02-17 15:10:27.876 | ERROR | CID:N/A | ERR:EMAIL_QUEUE_ERROR | Error de configuración de base de datos.
   Exception: DataAccessException
364. [AOCR_20260217.log] 2026-02-17 15:10:57.923 | ERROR | CID:N/A | ERR:EMAIL_QUEUE_ERROR | Error de configuración de base de datos.
   Exception: DataAccessException
365. [AOCR_20260217.log] 2026-02-17 15:11:27.985 | ERROR | CID:N/A | ERR:EMAIL_QUEUE_ERROR | Error de configuración de base de datos.
   Exception: DataAccessException
366. [AOCR_20260217.log] 2026-02-17 15:11:58.051 | ERROR | CID:N/A | ERR:EMAIL_QUEUE_ERROR | Error de configuración de base de datos.
   Exception: DataAccessException
367. [AOCR_20260217.log] 2026-02-17 15:12:28.107 | ERROR | CID:N/A | ERR:EMAIL_QUEUE_ERROR | Error de configuración de base de datos.
   Exception: DataAccessException
368. [AOCR_20260217.log] 2026-02-17 15:12:58.165 | ERROR | CID:N/A | ERR:EMAIL_QUEUE_ERROR | Error de configuración de base de datos.
   Exception: DataAccessException
369. [AOCR_20260217.log] 2026-02-17 15:13:28.224 | ERROR | CID:N/A | ERR:EMAIL_QUEUE_ERROR | Error de configuración de base de datos.
   Exception: DataAccessException
370. [AOCR_20260217.log] 2026-02-17 15:13:58.277 | ERROR | CID:N/A | ERR:EMAIL_QUEUE_ERROR | Error de configuración de base de datos.
   Exception: DataAccessException
371. [AOCR_20260217.log] 2026-02-17 15:14:28.335 | ERROR | CID:N/A | ERR:EMAIL_QUEUE_ERROR | Error de configuración de base de datos.
   Exception: DataAccessException
372. [AOCR_20260217.log] 2026-02-17 15:14:58.379 | ERROR | CID:N/A | ERR:EMAIL_QUEUE_ERROR | Error de configuración de base de datos.
   Exception: DataAccessException
373. [AOCR_20260217.log] 2026-02-17 15:15:28.435 | ERROR | CID:N/A | ERR:EMAIL_QUEUE_ERROR | Error de configuración de base de datos.
   Exception: DataAccessException
374. [AOCR_20260217.log] 2026-02-17 15:15:58.497 | ERROR | CID:N/A | ERR:EMAIL_QUEUE_ERROR | Error de configuración de base de datos.
   Exception: DataAccessException
375. [AOCR_20260217.log] 2026-02-17 15:16:28.568 | ERROR | CID:N/A | ERR:EMAIL_QUEUE_ERROR | Error de configuración de base de datos.
   Exception: DataAccessException
376. [AOCR_20260217.log] 2026-02-17 15:16:58.649 | ERROR | CID:N/A | ERR:EMAIL_QUEUE_ERROR | Error de configuración de base de datos.
   Exception: DataAccessException
377. [AOCR_20260217.log] 2026-02-17 15:17:28.707 | ERROR | CID:N/A | ERR:EMAIL_QUEUE_ERROR | Error de configuración de base de datos.
   Exception: DataAccessException
378. [AOCR_20260217.log] 2026-02-17 15:17:58.760 | ERROR | CID:N/A | ERR:EMAIL_QUEUE_ERROR | Error de configuración de base de datos.
   Exception: DataAccessException
379. [AOCR_20260217.log] 2026-02-17 15:18:28.817 | ERROR | CID:N/A | ERR:EMAIL_QUEUE_ERROR | Error de configuración de base de datos.
   Exception: DataAccessException
380. [AOCR_20260217.log] 2026-02-17 15:18:58.866 | ERROR | CID:N/A | ERR:EMAIL_QUEUE_ERROR | Error de configuración de base de datos.
   Exception: DataAccessException
381. [AOCR_20260217.log] 2026-02-17 15:19:28.922 | ERROR | CID:N/A | ERR:EMAIL_QUEUE_ERROR | Error de configuración de base de datos.
   Exception: DataAccessException
382. [AOCR_20260217.log] 2026-02-17 15:19:58.981 | ERROR | CID:N/A | ERR:EMAIL_QUEUE_ERROR | Error de configuración de base de datos.
   Exception: DataAccessException
383. [AOCR_20260217.log] 2026-02-17 15:20:29.040 | ERROR | CID:N/A | ERR:EMAIL_QUEUE_ERROR | Error de configuración de base de datos.
   Exception: DataAccessException
384. [AOCR_20260217.log] 2026-02-17 15:20:59.099 | ERROR | CID:N/A | ERR:EMAIL_QUEUE_ERROR | Error de configuración de base de datos.
   Exception: DataAccessException
385. [AOCR_20260217.log] 2026-02-17 15:21:29.159 | ERROR | CID:N/A | ERR:EMAIL_QUEUE_ERROR | Error de configuración de base de datos.
   Exception: DataAccessException
386. [AOCR_20260217.log] 2026-02-17 15:21:59.208 | ERROR | CID:N/A | ERR:EMAIL_QUEUE_ERROR | Error de configuración de base de datos.
   Exception: DataAccessException
387. [AOCR_20260217.log] 2026-02-17 15:22:29.265 | ERROR | CID:N/A | ERR:EMAIL_QUEUE_ERROR | Error de configuración de base de datos.
   Exception: DataAccessException
388. [AOCR_20260217.log] 2026-02-17 15:22:59.332 | ERROR | CID:N/A | ERR:EMAIL_QUEUE_ERROR | Error de configuración de base de datos.
   Exception: DataAccessException
389. [AOCR_20260217.log] 2026-02-17 15:23:29.389 | ERROR | CID:N/A | ERR:EMAIL_QUEUE_ERROR | Error de configuración de base de datos.
   Exception: DataAccessException
390. [AOCR_20260217.log] 2026-02-17 15:23:59.459 | ERROR | CID:N/A | ERR:EMAIL_QUEUE_ERROR | Error de configuración de base de datos.
   Exception: DataAccessException
391. [AOCR_20260217.log] 2026-02-17 15:24:29.512 | ERROR | CID:N/A | ERR:EMAIL_QUEUE_ERROR | Error de configuración de base de datos.
   Exception: DataAccessException
392. [AOCR_20260217.log] 2026-02-17 15:24:59.567 | ERROR | CID:N/A | ERR:EMAIL_QUEUE_ERROR | Error de configuración de base de datos.
   Exception: DataAccessException
393. [AOCR_20260217.log] 2026-02-17 15:25:29.629 | ERROR | CID:N/A | ERR:EMAIL_QUEUE_ERROR | Error de configuración de base de datos.
   Exception: DataAccessException
394. [AOCR_20260217.log] 2026-02-17 15:25:59.691 | ERROR | CID:N/A | ERR:EMAIL_QUEUE_ERROR | Error de configuración de base de datos.
   Exception: DataAccessException
395. [AOCR_20260217.log] 2026-02-17 15:26:29.757 | ERROR | CID:N/A | ERR:EMAIL_QUEUE_ERROR | Error de configuración de base de datos.
   Exception: DataAccessException
396. [AOCR_20260217.log] 2026-02-17 15:26:59.827 | ERROR | CID:N/A | ERR:EMAIL_QUEUE_ERROR | Error de configuración de base de datos.
   Exception: DataAccessException
397. [AOCR_20260217.log] 2026-02-17 15:27:29.877 | ERROR | CID:N/A | ERR:EMAIL_QUEUE_ERROR | Error de configuración de base de datos.
   Exception: DataAccessException
398. [AOCR_20260217.log] 2026-02-17 15:27:59.932 | ERROR | CID:N/A | ERR:EMAIL_QUEUE_ERROR | Error de configuración de base de datos.
   Exception: DataAccessException
399. [AOCR_20260217.log] 2026-02-17 15:28:29.984 | ERROR | CID:N/A | ERR:EMAIL_QUEUE_ERROR | Error de configuración de base de datos.
   Exception: DataAccessException
400. [AOCR_20260217.log] 2026-02-17 15:29:00.041 | ERROR | CID:N/A | ERR:EMAIL_QUEUE_ERROR | Error de configuración de base de datos.
   Exception: DataAccessException
401. [AOCR_20260217.log] 2026-02-17 15:29:30.094 | ERROR | CID:N/A | ERR:EMAIL_QUEUE_ERROR | Error de configuración de base de datos.
   Exception: DataAccessException
402. [AOCR_20260217.log] 2026-02-17 15:30:00.144 | ERROR | CID:N/A | ERR:EMAIL_QUEUE_ERROR | Error de configuración de base de datos.
   Exception: DataAccessException
403. [AOCR_20260217.log] 2026-02-17 15:30:30.192 | ERROR | CID:N/A | ERR:EMAIL_QUEUE_ERROR | Error de configuración de base de datos.
   Exception: DataAccessException
404. [AOCR_20260217.log] 2026-02-17 15:31:00.243 | ERROR | CID:N/A | ERR:EMAIL_QUEUE_ERROR | Error de configuración de base de datos.
   Exception: DataAccessException
405. [AOCR_20260217.log] 2026-02-17 15:31:30.298 | ERROR | CID:N/A | ERR:EMAIL_QUEUE_ERROR | Error de configuración de base de datos.
   Exception: DataAccessException
406. [AOCR_20260217.log] 2026-02-17 15:32:00.353 | ERROR | CID:N/A | ERR:EMAIL_QUEUE_ERROR | Error de configuración de base de datos.
   Exception: DataAccessException
407. [AOCR_20260217.log] 2026-02-17 15:32:30.407 | ERROR | CID:N/A | ERR:EMAIL_QUEUE_ERROR | Error de configuración de base de datos.
   Exception: DataAccessException
408. [AOCR_20260217.log] 2026-02-17 15:33:00.456 | ERROR | CID:N/A | ERR:EMAIL_QUEUE_ERROR | Error de configuración de base de datos.
   Exception: DataAccessException
409. [AOCR_20260217.log] 2026-02-17 15:33:30.514 | ERROR | CID:N/A | ERR:EMAIL_QUEUE_ERROR | Error de configuración de base de datos.
   Exception: DataAccessException
410. [AOCR_20260217.log] 2026-02-17 15:34:00.565 | ERROR | CID:N/A | ERR:EMAIL_QUEUE_ERROR | Error de configuración de base de datos.
   Exception: DataAccessException
411. [AOCR_20260217.log] 2026-02-17 15:34:30.616 | ERROR | CID:N/A | ERR:EMAIL_QUEUE_ERROR | Error de configuración de base de datos.
   Exception: DataAccessException
412. [AOCR_20260217.log] 2026-02-17 15:35:00.684 | ERROR | CID:N/A | ERR:EMAIL_QUEUE_ERROR | Error de configuración de base de datos.
   Exception: DataAccessException
413. [AOCR_20260217.log] 2026-02-17 15:35:30.748 | ERROR | CID:N/A | ERR:EMAIL_QUEUE_ERROR | Error de configuración de base de datos.
   Exception: DataAccessException
414. [AOCR_20260217.log] 2026-02-17 15:36:00.805 | ERROR | CID:N/A | ERR:EMAIL_QUEUE_ERROR | Error de configuración de base de datos.
   Exception: DataAccessException
415. [AOCR_20260217.log] 2026-02-17 15:36:30.864 | ERROR | CID:N/A | ERR:EMAIL_QUEUE_ERROR | Error de configuración de base de datos.
   Exception: DataAccessException
416. [AOCR_20260217.log] 2026-02-17 15:37:00.928 | ERROR | CID:N/A | ERR:EMAIL_QUEUE_ERROR | Error de configuración de base de datos.
   Exception: DataAccessException
417. [AOCR_20260217.log] 2026-02-17 15:37:31.000 | ERROR | CID:N/A | ERR:EMAIL_QUEUE_ERROR | Error de configuración de base de datos.
   Exception: DataAccessException
418. [AOCR_20260217.log] 2026-02-17 15:38:01.060 | ERROR | CID:N/A | ERR:EMAIL_QUEUE_ERROR | Error de configuración de base de datos.
   Exception: DataAccessException
419. [AOCR_20260217.log] 2026-02-17 15:38:31.125 | ERROR | CID:N/A | ERR:EMAIL_QUEUE_ERROR | Error de configuración de base de datos.
   Exception: DataAccessException
420. [AOCR_20260217.log] 2026-02-17 15:39:01.192 | ERROR | CID:N/A | ERR:EMAIL_QUEUE_ERROR | Error de configuración de base de datos.
   Exception: DataAccessException
421. [AOCR_20260217.log] 2026-02-17 15:39:31.242 | ERROR | CID:N/A | ERR:EMAIL_QUEUE_ERROR | Error de configuración de base de datos.
   Exception: DataAccessException
422. [AOCR_20260217.log] 2026-02-17 15:40:01.302 | ERROR | CID:N/A | ERR:EMAIL_QUEUE_ERROR | Error de configuración de base de datos.
   Exception: DataAccessException
423. [AOCR_20260217.log] 2026-02-17 15:40:31.355 | ERROR | CID:N/A | ERR:EMAIL_QUEUE_ERROR | Error de configuración de base de datos.
   Exception: DataAccessException
424. [AOCR_20260217.log] 2026-02-17 15:41:01.411 | ERROR | CID:N/A | ERR:EMAIL_QUEUE_ERROR | Error de configuración de base de datos.
   Exception: DataAccessException
425. [AOCR_20260217.log] 2026-02-17 15:41:31.469 | ERROR | CID:N/A | ERR:EMAIL_QUEUE_ERROR | Error de configuración de base de datos.
   Exception: DataAccessException
426. [AOCR_20260217.log] 2026-02-17 15:42:01.532 | ERROR | CID:N/A | ERR:EMAIL_QUEUE_ERROR | Error de configuración de base de datos.
   Exception: DataAccessException
427. [AOCR_20260217.log] 2026-02-17 15:42:31.588 | ERROR | CID:N/A | ERR:EMAIL_QUEUE_ERROR | Error de configuración de base de datos.
   Exception: DataAccessException
428. [AOCR_20260217.log] 2026-02-17 15:43:01.639 | ERROR | CID:N/A | ERR:EMAIL_QUEUE_ERROR | Error de configuración de base de datos.
   Exception: DataAccessException
429. [AOCR_20260217.log] 2026-02-17 15:43:31.686 | ERROR | CID:N/A | ERR:EMAIL_QUEUE_ERROR | Error de configuración de base de datos.
   Exception: DataAccessException
430. [AOCR_20260217.log] 2026-02-17 15:44:01.748 | ERROR | CID:N/A | ERR:EMAIL_QUEUE_ERROR | Error de configuración de base de datos.
   Exception: DataAccessException
431. [AOCR_20260217.log] 2026-02-17 15:44:31.809 | ERROR | CID:N/A | ERR:EMAIL_QUEUE_ERROR | Error de configuración de base de datos.
   Exception: DataAccessException
432. [AOCR_20260217.log] 2026-02-17 15:45:01.880 | ERROR | CID:N/A | ERR:EMAIL_QUEUE_ERROR | Error de configuración de base de datos.
   Exception: DataAccessException
433. [AOCR_20260217.log] 2026-02-17 15:45:31.931 | ERROR | CID:N/A | ERR:EMAIL_QUEUE_ERROR | Error de configuración de base de datos.
   Exception: DataAccessException
434. [AOCR_20260217.log] 2026-02-17 15:46:01.984 | ERROR | CID:N/A | ERR:EMAIL_QUEUE_ERROR | Error de configuración de base de datos.
   Exception: DataAccessException
435. [AOCR_20260217.log] 2026-02-17 15:46:32.043 | ERROR | CID:N/A | ERR:EMAIL_QUEUE_ERROR | Error de configuración de base de datos.
   Exception: DataAccessException
436. [AOCR_20260217.log] 2026-02-17 15:47:02.097 | ERROR | CID:N/A | ERR:EMAIL_QUEUE_ERROR | Error de configuración de base de datos.
   Exception: DataAccessException
437. [AOCR_20260217.log] 2026-02-17 15:47:32.148 | ERROR | CID:N/A | ERR:EMAIL_QUEUE_ERROR | Error de configuración de base de datos.
   Exception: DataAccessException
438. [AOCR_20260217.log] 2026-02-17 15:48:02.190 | ERROR | CID:N/A | ERR:EMAIL_QUEUE_ERROR | Error de configuración de base de datos.
   Exception: DataAccessException
439. [AOCR_20260217.log] 2026-02-17 15:48:32.248 | ERROR | CID:N/A | ERR:EMAIL_QUEUE_ERROR | Error de configuración de base de datos.
   Exception: DataAccessException
440. [AOCR_20260217.log] 2026-02-17 15:49:02.314 | ERROR | CID:N/A | ERR:EMAIL_QUEUE_ERROR | Error de configuración de base de datos.
   Exception: DataAccessException
441. [AOCR_20260217.log] 2026-02-17 15:49:32.372 | ERROR | CID:N/A | ERR:EMAIL_QUEUE_ERROR | Error de configuración de base de datos.
   Exception: DataAccessException
442. [AOCR_20260217.log] 2026-02-17 15:50:02.430 | ERROR | CID:N/A | ERR:EMAIL_QUEUE_ERROR | Error de configuración de base de datos.
   Exception: DataAccessException
443. [AOCR_20260217.log] 2026-02-17 15:50:32.492 | ERROR | CID:N/A | ERR:EMAIL_QUEUE_ERROR | Error de configuración de base de datos.
   Exception: DataAccessException
444. [AOCR_20260217.log] 2026-02-17 15:51:02.538 | ERROR | CID:N/A | ERR:EMAIL_QUEUE_ERROR | Error de configuración de base de datos.
   Exception: DataAccessException
445. [AOCR_20260217.log] 2026-02-17 15:51:32.582 | ERROR | CID:N/A | ERR:EMAIL_QUEUE_ERROR | Error de configuración de base de datos.
   Exception: DataAccessException
446. [AOCR_20260217.log] 2026-02-17 15:52:02.640 | ERROR | CID:N/A | ERR:EMAIL_QUEUE_ERROR | Error de configuración de base de datos.
   Exception: DataAccessException
447. [AOCR_20260217.log] 2026-02-17 15:52:32.702 | ERROR | CID:N/A | ERR:EMAIL_QUEUE_ERROR | Error de configuración de base de datos.
   Exception: DataAccessException
448. [AOCR_20260217.log] 2026-02-17 15:53:02.752 | ERROR | CID:N/A | ERR:EMAIL_QUEUE_ERROR | Error de configuración de base de datos.
   Exception: DataAccessException
449. [AOCR_20260217.log] 2026-02-17 15:53:32.806 | ERROR | CID:N/A | ERR:EMAIL_QUEUE_ERROR | Error de configuración de base de datos.
   Exception: DataAccessException
450. [AOCR_20260217.log] 2026-02-17 15:54:02.883 | ERROR | CID:N/A | ERR:EMAIL_QUEUE_ERROR | Error de configuración de base de datos.
   Exception: DataAccessException
451. [AOCR_20260217.log] 2026-02-17 15:54:32.928 | ERROR | CID:N/A | ERR:EMAIL_QUEUE_ERROR | Error de configuración de base de datos.
   Exception: DataAccessException
452. [AOCR_20260217.log] 2026-02-17 15:55:02.983 | ERROR | CID:N/A | ERR:EMAIL_QUEUE_ERROR | Error de configuración de base de datos.
   Exception: DataAccessException
453. [AOCR_20260217.log] 2026-02-17 15:55:33.043 | ERROR | CID:N/A | ERR:EMAIL_QUEUE_ERROR | Error de configuración de base de datos.
   Exception: DataAccessException
454. [AOCR_20260217.log] 2026-02-17 15:56:03.099 | ERROR | CID:N/A | ERR:EMAIL_QUEUE_ERROR | Error de configuración de base de datos.
   Exception: DataAccessException
455. [AOCR_20260217.log] 2026-02-17 15:56:33.159 | ERROR | CID:N/A | ERR:EMAIL_QUEUE_ERROR | Error de configuración de base de datos.
   Exception: DataAccessException
456. [AOCR_20260217.log] 2026-02-17 15:57:03.213 | ERROR | CID:N/A | ERR:EMAIL_QUEUE_ERROR | Error de configuración de base de datos.
   Exception: DataAccessException
457. [AOCR_20260217.log] 2026-02-17 15:57:33.270 | ERROR | CID:N/A | ERR:EMAIL_QUEUE_ERROR | Error de configuración de base de datos.
   Exception: DataAccessException
458. [AOCR_20260217.log] 2026-02-17 15:58:03.340 | ERROR | CID:N/A | ERR:EMAIL_QUEUE_ERROR | Error de configuración de base de datos.
   Exception: DataAccessException
459. [AOCR_20260217.log] 2026-02-17 15:58:33.408 | ERROR | CID:N/A | ERR:EMAIL_QUEUE_ERROR | Error de configuración de base de datos.
   Exception: DataAccessException
460. [AOCR_20260217.log] 2026-02-17 15:59:03.472 | ERROR | CID:N/A | ERR:EMAIL_QUEUE_ERROR | Error de configuración de base de datos.
   Exception: DataAccessException
461. [AOCR_20260217.log] 2026-02-17 15:59:33.530 | ERROR | CID:N/A | ERR:EMAIL_QUEUE_ERROR | Error de configuración de base de datos.
   Exception: DataAccessException
462. [AOCR_20260217.log] 2026-02-17 16:00:03.599 | ERROR | CID:N/A | ERR:EMAIL_QUEUE_ERROR | Error de configuración de base de datos.
   Exception: DataAccessException
463. [AOCR_20260217.log] 2026-02-17 16:00:33.680 | ERROR | CID:N/A | ERR:EMAIL_QUEUE_ERROR | Error de configuración de base de datos.
   Exception: DataAccessException
464. [AOCR_20260217.log] 2026-02-17 16:01:03.747 | ERROR | CID:N/A | ERR:EMAIL_QUEUE_ERROR | Error de configuración de base de datos.
   Exception: DataAccessException
465. [AOCR_20260217.log] 2026-02-17 16:01:33.795 | ERROR | CID:N/A | ERR:EMAIL_QUEUE_ERROR | Error de configuración de base de datos.
   Exception: DataAccessException
466. [AOCR_20260217.log] 2026-02-17 16:02:03.866 | ERROR | CID:N/A | ERR:EMAIL_QUEUE_ERROR | Error de configuración de base de datos.
   Exception: DataAccessException
467. [AOCR_20260217.log] 2026-02-17 16:02:33.919 | ERROR | CID:N/A | ERR:EMAIL_QUEUE_ERROR | Error de configuración de base de datos.
   Exception: DataAccessException
468. [AOCR_20260217.log] 2026-02-17 16:03:03.972 | ERROR | CID:N/A | ERR:EMAIL_QUEUE_ERROR | Error de configuración de base de datos.
   Exception: DataAccessException
469. [AOCR_20260217.log] 2026-02-17 16:03:34.025 | ERROR | CID:N/A | ERR:EMAIL_QUEUE_ERROR | Error de configuración de base de datos.
   Exception: DataAccessException
470. [AOCR_20260217.log] 2026-02-17 16:04:04.085 | ERROR | CID:N/A | ERR:EMAIL_QUEUE_ERROR | Error de configuración de base de datos.
   Exception: DataAccessException
471. [AOCR_20260217.log] 2026-02-17 16:04:34.142 | ERROR | CID:N/A | ERR:EMAIL_QUEUE_ERROR | Error de configuración de base de datos.
   Exception: DataAccessException
472. [AOCR_20260217.log] 2026-02-17 16:05:04.195 | ERROR | CID:N/A | ERR:EMAIL_QUEUE_ERROR | Error de configuración de base de datos.
   Exception: DataAccessException
473. [AOCR_20260217.log] 2026-02-17 16:05:34.248 | ERROR | CID:N/A | ERR:EMAIL_QUEUE_ERROR | Error de configuración de base de datos.
   Exception: DataAccessException
474. [AOCR_20260217.log] 2026-02-17 16:06:04.307 | ERROR | CID:N/A | ERR:EMAIL_QUEUE_ERROR | Error de configuración de base de datos.
   Exception: DataAccessException
475. [AOCR_20260217.log] 2026-02-17 16:06:34.368 | ERROR | CID:N/A | ERR:EMAIL_QUEUE_ERROR | Error de configuración de base de datos.
   Exception: DataAccessException
476. [AOCR_20260217.log] 2026-02-17 16:07:04.422 | ERROR | CID:N/A | ERR:EMAIL_QUEUE_ERROR | Error de configuración de base de datos.
   Exception: DataAccessException
477. [AOCR_20260217.log] 2026-02-17 16:07:34.484 | ERROR | CID:N/A | ERR:EMAIL_QUEUE_ERROR | Error de configuración de base de datos.
   Exception: DataAccessException
478. [AOCR_20260217.log] 2026-02-17 16:08:04.537 | ERROR | CID:N/A | ERR:EMAIL_QUEUE_ERROR | Error de configuración de base de datos.
   Exception: DataAccessException
479. [AOCR_20260217.log] 2026-02-17 16:08:34.597 | ERROR | CID:N/A | ERR:EMAIL_QUEUE_ERROR | Error de configuración de base de datos.
   Exception: DataAccessException
480. [AOCR_20260217.log] 2026-02-17 16:09:04.653 | ERROR | CID:N/A | ERR:EMAIL_QUEUE_ERROR | Error de configuración de base de datos.
   Exception: DataAccessException
481. [AOCR_20260217.log] 2026-02-17 16:09:34.719 | ERROR | CID:N/A | ERR:EMAIL_QUEUE_ERROR | Error de configuración de base de datos.
   Exception: DataAccessException
482. [AOCR_20260217.log] 2026-02-17 16:10:04.773 | ERROR | CID:N/A | ERR:EMAIL_QUEUE_ERROR | Error de configuración de base de datos.
   Exception: DataAccessException
483. [AOCR_20260217.log] 2026-02-17 16:10:34.826 | ERROR | CID:N/A | ERR:EMAIL_QUEUE_ERROR | Error de configuración de base de datos.
   Exception: DataAccessException
484. [AOCR_20260217.log] 2026-02-17 16:11:04.884 | ERROR | CID:N/A | ERR:EMAIL_QUEUE_ERROR | Error de configuración de base de datos.
   Exception: DataAccessException
485. [AOCR_20260217.log] 2026-02-17 16:11:34.940 | ERROR | CID:N/A | ERR:EMAIL_QUEUE_ERROR | Error de configuración de base de datos.
   Exception: DataAccessException
486. [AOCR_20260217.log] 2026-02-17 16:12:04.994 | ERROR | CID:N/A | ERR:EMAIL_QUEUE_ERROR | Error de configuración de base de datos.
   Exception: DataAccessException
487. [AOCR_20260217.log] 2026-02-17 16:12:35.040 | ERROR | CID:N/A | ERR:EMAIL_QUEUE_ERROR | Error de configuración de base de datos.
   Exception: DataAccessException
488. [AOCR_20260217.log] 2026-02-17 16:13:05.104 | ERROR | CID:N/A | ERR:EMAIL_QUEUE_ERROR | Error de configuración de base de datos.
   Exception: DataAccessException
489. [AOCR_20260217.log] 2026-02-17 16:13:35.156 | ERROR | CID:N/A | ERR:EMAIL_QUEUE_ERROR | Error de configuración de base de datos.
   Exception: DataAccessException
490. [AOCR_20260217.log] 2026-02-17 16:14:05.227 | ERROR | CID:N/A | ERR:EMAIL_QUEUE_ERROR | Error de configuración de base de datos.
   Exception: DataAccessException
491. [AOCR_20260217.log] 2026-02-17 16:14:35.278 | ERROR | CID:N/A | ERR:EMAIL_QUEUE_ERROR | Error de configuración de base de datos.
   Exception: DataAccessException
492. [AOCR_20260217.log] 2026-02-17 16:15:05.332 | ERROR | CID:N/A | ERR:EMAIL_QUEUE_ERROR | Error de configuración de base de datos.
   Exception: DataAccessException
493. [AOCR_20260217.log] 2026-02-17 16:15:35.388 | ERROR | CID:N/A | ERR:EMAIL_QUEUE_ERROR | Error de configuración de base de datos.
   Exception: DataAccessException
494. [AOCR_20260217.log] 2026-02-17 16:16:05.454 | ERROR | CID:N/A | ERR:EMAIL_QUEUE_ERROR | Error de configuración de base de datos.
   Exception: DataAccessException
495. [AOCR_20260217.log] 2026-02-17 16:16:35.505 | ERROR | CID:N/A | ERR:EMAIL_QUEUE_ERROR | Error de configuración de base de datos.
   Exception: DataAccessException
496. [AOCR_20260217.log] 2026-02-17 16:17:05.566 | ERROR | CID:N/A | ERR:EMAIL_QUEUE_ERROR | Error de configuración de base de datos.
   Exception: DataAccessException
497. [AOCR_20260217.log] 2026-02-17 16:17:35.617 | ERROR | CID:N/A | ERR:EMAIL_QUEUE_ERROR | Error de configuración de base de datos.
   Exception: DataAccessException
498. [AOCR_20260217.log] 2026-02-17 16:18:05.691 | ERROR | CID:N/A | ERR:EMAIL_QUEUE_ERROR | Error de configuración de base de datos.
   Exception: DataAccessException
499. [AOCR_20260217.log] 2026-02-17 16:18:35.761 | ERROR | CID:N/A | ERR:EMAIL_QUEUE_ERROR | Error de configuración de base de datos.
   Exception: DataAccessException
500. [AOCR_20260217.log] 2026-02-17 16:19:05.816 | ERROR | CID:N/A | ERR:EMAIL_QUEUE_ERROR | Error de configuración de base de datos.
   Exception: DataAccessException
501. [AOCR_20260217.log] 2026-02-17 16:19:35.875 | ERROR | CID:N/A | ERR:EMAIL_QUEUE_ERROR | Error de configuración de base de datos.
   Exception: DataAccessException
502. [AOCR_20260217.log] 2026-02-17 16:20:05.929 | ERROR | CID:N/A | ERR:EMAIL_QUEUE_ERROR | Error de configuración de base de datos.
   Exception: DataAccessException
503. [AOCR_20260217.log] 2026-02-17 16:20:35.988 | ERROR | CID:N/A | ERR:EMAIL_QUEUE_ERROR | Error de configuración de base de datos.
   Exception: DataAccessException
504. [AOCR_20260217.log] 2026-02-17 16:21:06.037 | ERROR | CID:N/A | ERR:EMAIL_QUEUE_ERROR | Error de configuración de base de datos.
   Exception: DataAccessException
505. [AOCR_20260217.log] 2026-02-17 16:21:36.092 | ERROR | CID:N/A | ERR:EMAIL_QUEUE_ERROR | Error de configuración de base de datos.
   Exception: DataAccessException
506. [AOCR_20260217.log] 2026-02-17 16:22:06.153 | ERROR | CID:N/A | ERR:EMAIL_QUEUE_ERROR | Error de configuración de base de datos.
   Exception: DataAccessException
507. [AOCR_20260217.log] 2026-02-17 16:22:36.217 | ERROR | CID:N/A | ERR:EMAIL_QUEUE_ERROR | Error de configuración de base de datos.
   Exception: DataAccessException
508. [AOCR_20260217.log] 2026-02-17 16:23:06.269 | ERROR | CID:N/A | ERR:EMAIL_QUEUE_ERROR | Error de configuración de base de datos.
   Exception: DataAccessException
509. [AOCR_20260217.log] 2026-02-17 16:23:36.323 | ERROR | CID:N/A | ERR:EMAIL_QUEUE_ERROR | Error de configuración de base de datos.
   Exception: DataAccessException
510. [AOCR_20260217.log] 2026-02-17 16:24:06.381 | ERROR | CID:N/A | ERR:EMAIL_QUEUE_ERROR | Error de configuración de base de datos.
   Exception: DataAccessException
511. [AOCR_20260217.log] 2026-02-17 16:24:36.436 | ERROR | CID:N/A | ERR:EMAIL_QUEUE_ERROR | Error de configuración de base de datos.
   Exception: DataAccessException
512. [AOCR_20260217.log] 2026-02-17 16:25:06.483 | ERROR | CID:N/A | ERR:EMAIL_QUEUE_ERROR | Error de configuración de base de datos.
   Exception: DataAccessException
513. [AOCR_20260217.log] 2026-02-17 16:25:36.542 | ERROR | CID:N/A | ERR:EMAIL_QUEUE_ERROR | Error de configuración de base de datos.
   Exception: DataAccessException
514. [AOCR_20260217.log] 2026-02-17 16:26:06.588 | ERROR | CID:N/A | ERR:EMAIL_QUEUE_ERROR | Error de configuración de base de datos.
   Exception: DataAccessException
515. [AOCR_20260217.log] 2026-02-17 16:26:36.644 | ERROR | CID:N/A | ERR:EMAIL_QUEUE_ERROR | Error de configuración de base de datos.
   Exception: DataAccessException
516. [AOCR_20260217.log] 2026-02-17 16:27:06.701 | ERROR | CID:N/A | ERR:EMAIL_QUEUE_ERROR | Error de configuración de base de datos.
   Exception: DataAccessException
517. [AOCR_20260217.log] 2026-02-17 16:27:36.762 | ERROR | CID:N/A | ERR:EMAIL_QUEUE_ERROR | Error de configuración de base de datos.
   Exception: DataAccessException
518. [AOCR_20260217.log] 2026-02-17 16:28:06.831 | ERROR | CID:N/A | ERR:EMAIL_QUEUE_ERROR | Error de configuración de base de datos.
   Exception: DataAccessException
519. [AOCR_20260217.log] 2026-02-17 16:28:36.884 | ERROR | CID:N/A | ERR:EMAIL_QUEUE_ERROR | Error de configuración de base de datos.
   Exception: DataAccessException
520. [AOCR_20260217.log] 2026-02-17 16:29:06.936 | ERROR | CID:N/A | ERR:EMAIL_QUEUE_ERROR | Error de configuración de base de datos.
   Exception: DataAccessException
521. [AOCR_20260217.log] 2026-02-17 16:29:36.992 | ERROR | CID:N/A | ERR:EMAIL_QUEUE_ERROR | Error de configuración de base de datos.
   Exception: DataAccessException
522. [AOCR_20260217.log] 2026-02-17 16:30:07.058 | ERROR | CID:N/A | ERR:EMAIL_QUEUE_ERROR | Error de configuración de base de datos.
   Exception: DataAccessException
523. [AOCR_20260217.log] 2026-02-17 16:30:37.122 | ERROR | CID:N/A | ERR:EMAIL_QUEUE_ERROR | Error de configuración de base de datos.
   Exception: DataAccessException
524. [AOCR_20260217.log] 2026-02-17 16:31:07.184 | ERROR | CID:N/A | ERR:EMAIL_QUEUE_ERROR | Error de configuración de base de datos.
   Exception: DataAccessException
525. [AOCR_20260217.log] 2026-02-17 16:31:37.238 | ERROR | CID:N/A | ERR:EMAIL_QUEUE_ERROR | Error de configuración de base de datos.
   Exception: DataAccessException
526. [AOCR_20260217.log] 2026-02-17 16:32:07.292 | ERROR | CID:N/A | ERR:EMAIL_QUEUE_ERROR | Error de configuración de base de datos.
   Exception: DataAccessException
527. [AOCR_20260217.log] 2026-02-17 16:32:37.340 | ERROR | CID:N/A | ERR:EMAIL_QUEUE_ERROR | Error de configuración de base de datos.
   Exception: DataAccessException
528. [AOCR_20260217.log] 2026-02-17 16:33:07.403 | ERROR | CID:N/A | ERR:EMAIL_QUEUE_ERROR | Error de configuración de base de datos.
   Exception: DataAccessException
529. [AOCR_20260217.log] 2026-02-17 16:33:37.462 | ERROR | CID:N/A | ERR:EMAIL_QUEUE_ERROR | Error de configuración de base de datos.
   Exception: DataAccessException
530. [AOCR_20260217.log] 2026-02-17 16:34:07.525 | ERROR | CID:N/A | ERR:EMAIL_QUEUE_ERROR | Error de configuración de base de datos.
   Exception: DataAccessException
531. [AOCR_20260217.log] 2026-02-17 16:34:37.579 | ERROR | CID:N/A | ERR:EMAIL_QUEUE_ERROR | Error de configuración de base de datos.
   Exception: DataAccessException
532. [AOCR_20260217.log] 2026-02-17 16:35:07.625 | ERROR | CID:N/A | ERR:EMAIL_QUEUE_ERROR | Error de configuración de base de datos.
   Exception: DataAccessException
533. [AOCR_20260217.log] 2026-02-17 16:35:37.673 | ERROR | CID:N/A | ERR:EMAIL_QUEUE_ERROR | Error de configuración de base de datos.
   Exception: DataAccessException
534. [AOCR_20260217.log] 2026-02-17 16:36:07.723 | ERROR | CID:N/A | ERR:EMAIL_QUEUE_ERROR | Error de configuración de base de datos.
   Exception: DataAccessException
535. [AOCR_20260217.log] 2026-02-17 16:36:37.774 | ERROR | CID:N/A | ERR:EMAIL_QUEUE_ERROR | Error de configuración de base de datos.
   Exception: DataAccessException
536. [AOCR_20260217.log] 2026-02-17 16:37:07.823 | ERROR | CID:N/A | ERR:EMAIL_QUEUE_ERROR | Error de configuración de base de datos.
   Exception: DataAccessException
537. [AOCR_20260217.log] 2026-02-17 16:37:37.890 | ERROR | CID:N/A | ERR:EMAIL_QUEUE_ERROR | Error de configuración de base de datos.
   Exception: DataAccessException
538. [AOCR_20260217.log] 2026-02-17 16:38:07.938 | ERROR | CID:N/A | ERR:EMAIL_QUEUE_ERROR | Error de configuración de base de datos.
   Exception: DataAccessException
539. [AOCR_20260217.log] 2026-02-17 16:38:37.990 | ERROR | CID:N/A | ERR:EMAIL_QUEUE_ERROR | Error de configuración de base de datos.
   Exception: DataAccessException
540. [AOCR_20260217.log] 2026-02-17 16:39:08.050 | ERROR | CID:N/A | ERR:EMAIL_QUEUE_ERROR | Error de configuración de base de datos.
   Exception: DataAccessException
541. [AOCR_20260217.log] 2026-02-17 16:39:38.110 | ERROR | CID:N/A | ERR:EMAIL_QUEUE_ERROR | Error de configuración de base de datos.
   Exception: DataAccessException
542. [AOCR_20260217.log] 2026-02-17 16:40:08.180 | ERROR | CID:N/A | ERR:EMAIL_QUEUE_ERROR | Error de configuración de base de datos.
   Exception: DataAccessException
543. [AOCR_20260217.log] 2026-02-17 16:40:38.236 | ERROR | CID:N/A | ERR:EMAIL_QUEUE_ERROR | Error de configuración de base de datos.
   Exception: DataAccessException
544. [AOCR_20260217.log] 2026-02-17 16:41:08.301 | ERROR | CID:N/A | ERR:EMAIL_QUEUE_ERROR | Error de configuración de base de datos.
   Exception: DataAccessException
545. [AOCR_20260217.log] 2026-02-17 16:41:38.357 | ERROR | CID:N/A | ERR:EMAIL_QUEUE_ERROR | Error de configuración de base de datos.
   Exception: DataAccessException
546. [AOCR_20260217.log] 2026-02-17 16:42:08.423 | ERROR | CID:N/A | ERR:EMAIL_QUEUE_ERROR | Error de configuración de base de datos.
   Exception: DataAccessException
547. [AOCR_20260217.log] 2026-02-17 16:42:38.482 | ERROR | CID:N/A | ERR:EMAIL_QUEUE_ERROR | Error de configuración de base de datos.
   Exception: DataAccessException
548. [AOCR_20260217.log] 2026-02-17 16:43:08.542 | ERROR | CID:N/A | ERR:EMAIL_QUEUE_ERROR | Error de configuración de base de datos.
   Exception: DataAccessException
549. [AOCR_20260217.log] 2026-02-17 16:43:38.597 | ERROR | CID:N/A | ERR:EMAIL_QUEUE_ERROR | Error de configuración de base de datos.
   Exception: DataAccessException
550. [AOCR_20260217.log] 2026-02-17 16:44:08.654 | ERROR | CID:N/A | ERR:EMAIL_QUEUE_ERROR | Error de configuración de base de datos.
   Exception: DataAccessException
551. [AOCR_20260217.log] 2026-02-17 16:44:38.714 | ERROR | CID:N/A | ERR:EMAIL_QUEUE_ERROR | Error de configuración de base de datos.
   Exception: DataAccessException
552. [AOCR_20260217.log] 2026-02-17 16:45:08.776 | ERROR | CID:N/A | ERR:EMAIL_QUEUE_ERROR | Error de configuración de base de datos.
   Exception: DataAccessException
553. [AOCR_20260217.log] 2026-02-17 16:45:38.836 | ERROR | CID:N/A | ERR:EMAIL_QUEUE_ERROR | Error de configuración de base de datos.
   Exception: DataAccessException
554. [AOCR_20260217.log] 2026-02-17 16:46:08.903 | ERROR | CID:N/A | ERR:EMAIL_QUEUE_ERROR | Error de configuración de base de datos.
   Exception: DataAccessException
555. [AOCR_20260217.log] 2026-02-17 16:46:38.959 | ERROR | CID:N/A | ERR:EMAIL_QUEUE_ERROR | Error de configuración de base de datos.
   Exception: DataAccessException
556. [AOCR_20260217.log] 2026-02-17 16:47:09.009 | ERROR | CID:N/A | ERR:EMAIL_QUEUE_ERROR | Error de configuración de base de datos.
   Exception: DataAccessException
557. [AOCR_20260217.log] 2026-02-17 16:47:39.058 | ERROR | CID:N/A | ERR:EMAIL_QUEUE_ERROR | Error de configuración de base de datos.
   Exception: DataAccessException
558. [AOCR_20260217.log] 2026-02-17 16:48:09.111 | ERROR | CID:N/A | ERR:EMAIL_QUEUE_ERROR | Error de configuración de base de datos.
   Exception: DataAccessException
559. [AOCR_20260217.log] 2026-02-17 16:48:39.162 | ERROR | CID:N/A | ERR:EMAIL_QUEUE_ERROR | Error de configuración de base de datos.
   Exception: DataAccessException
560. [AOCR_20260217.log] 2026-02-17 16:49:09.228 | ERROR | CID:N/A | ERR:EMAIL_QUEUE_ERROR | Error de configuración de base de datos.
   Exception: DataAccessException
561. [AOCR_20260217.log] 2026-02-17 16:49:39.290 | ERROR | CID:N/A | ERR:EMAIL_QUEUE_ERROR | Error de configuración de base de datos.
   Exception: DataAccessException
562. [AOCR_20260217.log] 2026-02-17 16:50:09.352 | ERROR | CID:N/A | ERR:EMAIL_QUEUE_ERROR | Error de configuración de base de datos.
   Exception: DataAccessException
563. [AOCR_20260217.log] 2026-02-17 16:50:39.413 | ERROR | CID:N/A | ERR:EMAIL_QUEUE_ERROR | Error de configuración de base de datos.
   Exception: DataAccessException
564. [AOCR_20260217.log] 2026-02-17 16:51:09.470 | ERROR | CID:N/A | ERR:EMAIL_QUEUE_ERROR | Error de configuración de base de datos.
   Exception: DataAccessException
565. [AOCR_20260217.log] 2026-02-17 16:51:39.527 | ERROR | CID:N/A | ERR:EMAIL_QUEUE_ERROR | Error de configuración de base de datos.
   Exception: DataAccessException
566. [AOCR_20260217.log] 2026-02-17 16:52:09.574 | ERROR | CID:N/A | ERR:EMAIL_QUEUE_ERROR | Error de configuración de base de datos.
   Exception: DataAccessException
567. [AOCR_20260217.log] 2026-02-17 16:52:39.622 | ERROR | CID:N/A | ERR:EMAIL_QUEUE_ERROR | Error de configuración de base de datos.
   Exception: DataAccessException
568. [AOCR_20260217.log] 2026-02-17 16:53:09.684 | ERROR | CID:N/A | ERR:EMAIL_QUEUE_ERROR | Error de configuración de base de datos.
   Exception: DataAccessException
569. [AOCR_20260217.log] 2026-02-17 16:53:39.749 | ERROR | CID:N/A | ERR:EMAIL_QUEUE_ERROR | Error de configuración de base de datos.
   Exception: DataAccessException
570. [AOCR_20260217.log] 2026-02-17 16:54:09.808 | ERROR | CID:N/A | ERR:EMAIL_QUEUE_ERROR | Error de configuración de base de datos.
   Exception: DataAccessException
571. [AOCR_20260217.log] 2026-02-17 16:54:39.864 | ERROR | CID:N/A | ERR:EMAIL_QUEUE_ERROR | Error de configuración de base de datos.
   Exception: DataAccessException
572. [AOCR_20260217.log] 2026-02-17 16:55:09.913 | ERROR | CID:N/A | ERR:EMAIL_QUEUE_ERROR | Error de configuración de base de datos.
   Exception: DataAccessException
573. [AOCR_20260217.log] 2026-02-17 16:55:39.968 | ERROR | CID:N/A | ERR:EMAIL_QUEUE_ERROR | Error de configuración de base de datos.
   Exception: DataAccessException
574. [AOCR_20260217.log] 2026-02-17 16:56:10.030 | ERROR | CID:N/A | ERR:EMAIL_QUEUE_ERROR | Error de configuración de base de datos.
   Exception: DataAccessException
575. [AOCR_20260217.log] 2026-02-17 16:56:40.092 | ERROR | CID:N/A | ERR:EMAIL_QUEUE_ERROR | Error de configuración de base de datos.
   Exception: DataAccessException
576. [AOCR_20260217.log] 2026-02-17 16:57:10.157 | ERROR | CID:N/A | ERR:EMAIL_QUEUE_ERROR | Error de configuración de base de datos.
   Exception: DataAccessException
577. [AOCR_20260217.log] 2026-02-17 16:57:40.204 | ERROR | CID:N/A | ERR:EMAIL_QUEUE_ERROR | Error de configuración de base de datos.
   Exception: DataAccessException
578. [AOCR_20260217.log] 2026-02-17 16:58:10.261 | ERROR | CID:N/A | ERR:EMAIL_QUEUE_ERROR | Error de configuración de base de datos.
   Exception: DataAccessException
579. [AOCR_20260217.log] 2026-02-17 16:58:40.322 | ERROR | CID:N/A | ERR:EMAIL_QUEUE_ERROR | Error de configuración de base de datos.
   Exception: DataAccessException
580. [AOCR_20260217.log] 2026-02-17 16:59:10.378 | ERROR | CID:N/A | ERR:EMAIL_QUEUE_ERROR | Error de configuración de base de datos.
   Exception: DataAccessException
581. [AOCR_20260217.log] 2026-02-17 16:59:40.433 | ERROR | CID:N/A | ERR:EMAIL_QUEUE_ERROR | Error de configuración de base de datos.
   Exception: DataAccessException
582. [AOCR_20260217.log] 2026-02-17 17:00:10.490 | ERROR | CID:N/A | ERR:EMAIL_QUEUE_ERROR | Error de configuración de base de datos.
   Exception: DataAccessException
583. [AOCR_20260217.log] 2026-02-17 17:00:40.544 | ERROR | CID:N/A | ERR:EMAIL_QUEUE_ERROR | Error de configuración de base de datos.
   Exception: DataAccessException
584. [AOCR_20260217.log] 2026-02-17 17:01:10.601 | ERROR | CID:N/A | ERR:EMAIL_QUEUE_ERROR | Error de configuración de base de datos.
   Exception: DataAccessException
585. [AOCR_20260217.log] 2026-02-17 17:01:40.657 | ERROR | CID:N/A | ERR:EMAIL_QUEUE_ERROR | Error de configuración de base de datos.
   Exception: DataAccessException
586. [AOCR_20260217.log] 2026-02-17 17:02:10.720 | ERROR | CID:N/A | ERR:EMAIL_QUEUE_ERROR | Error de configuración de base de datos.
   Exception: DataAccessException
587. [AOCR_20260217.log] 2026-02-17 17:02:40.768 | ERROR | CID:N/A | ERR:EMAIL_QUEUE_ERROR | Error de configuración de base de datos.
   Exception: DataAccessException
588. [AOCR_20260217.log] 2026-02-17 17:03:10.822 | ERROR | CID:N/A | ERR:EMAIL_QUEUE_ERROR | Error de configuración de base de datos.
   Exception: DataAccessException
589. [AOCR_20260217.log] 2026-02-17 17:03:40.866 | ERROR | CID:N/A | ERR:EMAIL_QUEUE_ERROR | Error de configuración de base de datos.
   Exception: DataAccessException
590. [AOCR_20260217.log] 2026-02-17 17:04:10.920 | ERROR | CID:N/A | ERR:EMAIL_QUEUE_ERROR | Error de configuración de base de datos.
   Exception: DataAccessException
591. [AOCR_20260217.log] 2026-02-17 17:04:40.966 | ERROR | CID:N/A | ERR:EMAIL_QUEUE_ERROR | Error de configuración de base de datos.
   Exception: DataAccessException
592. [AOCR_20260217.log] 2026-02-17 17:05:11.024 | ERROR | CID:N/A | ERR:EMAIL_QUEUE_ERROR | Error de configuración de base de datos.
   Exception: DataAccessException
593. [AOCR_20260217.log] 2026-02-17 17:05:41.091 | ERROR | CID:N/A | ERR:EMAIL_QUEUE_ERROR | Error de configuración de base de datos.
   Exception: DataAccessException
594. [AOCR_20260217.log] 2026-02-17 17:06:11.156 | ERROR | CID:N/A | ERR:EMAIL_QUEUE_ERROR | Error de configuración de base de datos.
   Exception: DataAccessException
595. [AOCR_20260217.log] 2026-02-17 17:06:41.212 | ERROR | CID:N/A | ERR:EMAIL_QUEUE_ERROR | Error de configuración de base de datos.
   Exception: DataAccessException
596. [AOCR_20260217.log] 2026-02-17 17:07:11.269 | ERROR | CID:N/A | ERR:EMAIL_QUEUE_ERROR | Error de configuración de base de datos.
   Exception: DataAccessException
597. [AOCR_20260217.log] 2026-02-17 17:07:41.311 | ERROR | CID:N/A | ERR:EMAIL_QUEUE_ERROR | Error de configuración de base de datos.
   Exception: DataAccessException
598. [AOCR_20260217.log] 2026-02-17 17:08:11.368 | ERROR | CID:N/A | ERR:EMAIL_QUEUE_ERROR | Error de configuración de base de datos.
   Exception: DataAccessException
599. [AOCR_20260217.log] 2026-02-17 17:08:41.432 | ERROR | CID:N/A | ERR:EMAIL_QUEUE_ERROR | Error de configuración de base de datos.
   Exception: DataAccessException
600. [AOCR_20260217.log] 2026-02-17 17:09:11.500 | ERROR | CID:N/A | ERR:EMAIL_QUEUE_ERROR | Error de configuración de base de datos.
   Exception: DataAccessException
601. [AOCR_20260217.log] 2026-02-17 17:09:41.558 | ERROR | CID:N/A | ERR:EMAIL_QUEUE_ERROR | Error de configuración de base de datos.
   Exception: DataAccessException
602. [AOCR_20260217.log] 2026-02-17 17:10:11.621 | ERROR | CID:N/A | ERR:EMAIL_QUEUE_ERROR | Error de configuración de base de datos.
   Exception: DataAccessException
603. [AOCR_20260217.log] 2026-02-17 17:10:41.679 | ERROR | CID:N/A | ERR:EMAIL_QUEUE_ERROR | Error de configuración de base de datos.
   Exception: DataAccessException
604. [AOCR_20260217.log] 2026-02-17 17:11:11.737 | ERROR | CID:N/A | ERR:EMAIL_QUEUE_ERROR | Error de configuración de base de datos.
   Exception: DataAccessException
605. [AOCR_20260217.log] 2026-02-17 17:11:41.799 | ERROR | CID:N/A | ERR:EMAIL_QUEUE_ERROR | Error de configuración de base de datos.
   Exception: DataAccessException
606. [AOCR_20260217.log] 2026-02-17 17:12:11.927 | ERROR | CID:N/A | ERR:EMAIL_QUEUE_ERROR | Error de configuración de base de datos.
   Exception: DataAccessException
607. [AOCR_20260217.log] 2026-02-17 17:12:42.056 | ERROR | CID:N/A | ERR:EMAIL_QUEUE_ERROR | Error de configuración de base de datos.
   Exception: DataAccessException
608. [AOCR_20260217.log] 2026-02-17 17:13:12.109 | ERROR | CID:N/A | ERR:EMAIL_QUEUE_ERROR | Error de configuración de base de datos.
   Exception: DataAccessException
609. [AOCR_20260217.log] 2026-02-17 17:13:42.164 | ERROR | CID:N/A | ERR:EMAIL_QUEUE_ERROR | Error de configuración de base de datos.
   Exception: DataAccessException
610. [AOCR_20260217.log] 2026-02-17 17:14:12.213 | ERROR | CID:N/A | ERR:EMAIL_QUEUE_ERROR | Error de configuración de base de datos.
   Exception: DataAccessException
611. [AOCR_20260217.log] 2026-02-17 17:14:42.266 | ERROR | CID:N/A | ERR:EMAIL_QUEUE_ERROR | Error de configuración de base de datos.
   Exception: DataAccessException
612. [AOCR_20260217.log] 2026-02-17 17:15:12.321 | ERROR | CID:N/A | ERR:EMAIL_QUEUE_ERROR | Error de configuración de base de datos.
   Exception: DataAccessException
613. [AOCR_20260217.log] 2026-02-17 17:15:42.370 | ERROR | CID:N/A | ERR:EMAIL_QUEUE_ERROR | Error de configuración de base de datos.
   Exception: DataAccessException
614. [AOCR_20260217.log] 2026-02-17 17:16:12.428 | ERROR | CID:N/A | ERR:EMAIL_QUEUE_ERROR | Error de configuración de base de datos.
   Exception: DataAccessException
615. [AOCR_20260217.log] 2026-02-17 17:16:42.488 | ERROR | CID:N/A | ERR:EMAIL_QUEUE_ERROR | Error de configuración de base de datos.
   Exception: DataAccessException
616. [AOCR_20260217.log] 2026-02-17 17:17:12.544 | ERROR | CID:N/A | ERR:EMAIL_QUEUE_ERROR | Error de configuración de base de datos.
   Exception: DataAccessException
617. [AOCR_20260217.log] 2026-02-17 17:17:42.613 | ERROR | CID:N/A | ERR:EMAIL_QUEUE_ERROR | Error de configuración de base de datos.
   Exception: DataAccessException
618. [AOCR_20260217.log] 2026-02-17 17:18:12.699 | ERROR | CID:N/A | ERR:EMAIL_QUEUE_ERROR | Error de configuración de base de datos.
   Exception: DataAccessException
619. [AOCR_20260217.log] 2026-02-17 17:18:42.774 | ERROR | CID:N/A | ERR:EMAIL_QUEUE_ERROR | Error de configuración de base de datos.
   Exception: DataAccessException
620. [AOCR_20260217.log] 2026-02-17 17:19:12.823 | ERROR | CID:N/A | ERR:EMAIL_QUEUE_ERROR | Error de configuración de base de datos.
   Exception: DataAccessException
621. [AOCR_20260217.log] 2026-02-17 17:19:42.877 | ERROR | CID:N/A | ERR:EMAIL_QUEUE_ERROR | Error de configuración de base de datos.
   Exception: DataAccessException
622. [AOCR_20260217.log] 2026-02-17 17:20:12.955 | ERROR | CID:N/A | ERR:EMAIL_QUEUE_ERROR | Error de configuración de base de datos.
   Exception: DataAccessException
623. [AOCR_20260217.log] 2026-02-17 17:20:48.041 | ERROR | CID:N/A | ERR:EMAIL_QUEUE_ERROR | Error de configuración de base de datos.
   Exception: DataAccessException
624. [AOCR_20260217.log] 2026-02-17 17:21:18.139 | ERROR | CID:N/A | ERR:EMAIL_QUEUE_ERROR | Error de configuración de base de datos.
   Exception: DataAccessException
625. [AOCR_20260217.log] 2026-02-17 17:21:48.218 | ERROR | CID:N/A | ERR:EMAIL_QUEUE_ERROR | Error de configuración de base de datos.
   Exception: DataAccessException
626. [AOCR_20260217.log] 2026-02-17 17:22:18.284 | ERROR | CID:N/A | ERR:EMAIL_QUEUE_ERROR | Error de configuración de base de datos.
   Exception: DataAccessException
627. [AOCR_20260217.log] 2026-02-17 17:22:48.395 | ERROR | CID:N/A | ERR:EMAIL_QUEUE_ERROR | Error de configuración de base de datos.
   Exception: DataAccessException
628. [AOCR_20260217.log] 2026-02-17 17:23:18.492 | ERROR | CID:N/A | ERR:EMAIL_QUEUE_ERROR | Error de configuración de base de datos.
   Exception: DataAccessException
629. [AOCR_20260217.log] 2026-02-17 17:23:48.554 | ERROR | CID:N/A | ERR:EMAIL_QUEUE_ERROR | Error de configuración de base de datos.
   Exception: DataAccessException
630. [AOCR_20260217.log] 2026-02-17 17:24:18.626 | ERROR | CID:N/A | ERR:EMAIL_QUEUE_ERROR | Error de configuración de base de datos.
   Exception: DataAccessException
631. [AOCR_20260217.log] 2026-02-17 17:24:48.716 | ERROR | CID:N/A | ERR:EMAIL_QUEUE_ERROR | Error de configuración de base de datos.
   Exception: DataAccessException
632. [AOCR_20260217.log] 2026-02-17 17:25:18.808 | ERROR | CID:N/A | ERR:EMAIL_QUEUE_ERROR | Error de configuración de base de datos.
   Exception: DataAccessException
633. [AOCR_20260217.log] 2026-02-17 17:25:48.914 | ERROR | CID:N/A | ERR:EMAIL_QUEUE_ERROR | Error de configuración de base de datos.
   Exception: DataAccessException
634. [AOCR_20260217.log] 2026-02-17 17:26:19.001 | ERROR | CID:N/A | ERR:EMAIL_QUEUE_ERROR | Error de configuración de base de datos.
   Exception: DataAccessException
635. [AOCR_20260217.log] 2026-02-17 17:26:49.180 | ERROR | CID:N/A | ERR:EMAIL_QUEUE_ERROR | Error de configuración de base de datos.
   Exception: DataAccessException
636. [AOCR_20260217.log] 2026-02-17 17:27:19.317 | ERROR | CID:N/A | ERR:EMAIL_QUEUE_ERROR | Error de configuración de base de datos.
   Exception: DataAccessException
637. [AOCR_20260217.log] 2026-02-17 17:27:49.467 | ERROR | CID:N/A | ERR:EMAIL_QUEUE_ERROR | Error de configuración de base de datos.
   Exception: DataAccessException
638. [AOCR_20260217.log] 2026-02-17 17:28:19.860 | ERROR | CID:N/A | ERR:EMAIL_QUEUE_ERROR | Error de configuración de base de datos.
   Exception: DataAccessException
639. [AOCR_20260217.log] 2026-02-17 17:28:50.005 | ERROR | CID:N/A | ERR:EMAIL_QUEUE_ERROR | Error de configuración de base de datos.
   Exception: DataAccessException
640. [AOCR_20260217.log] 2026-02-17 17:29:20.143 | ERROR | CID:N/A | ERR:EMAIL_QUEUE_ERROR | Error de configuración de base de datos.
   Exception: DataAccessException
641. [AOCR_20260217.log] 2026-02-17 17:29:50.200 | ERROR | CID:N/A | ERR:EMAIL_QUEUE_ERROR | Error de configuración de base de datos.
   Exception: DataAccessException
642. [AOCR_20260217.log] 2026-02-17 17:30:20.253 | ERROR | CID:N/A | ERR:EMAIL_QUEUE_ERROR | Error de configuración de base de datos.
   Exception: DataAccessException
643. [AOCR_20260217.log] 2026-02-17 17:30:50.306 | ERROR | CID:N/A | ERR:EMAIL_QUEUE_ERROR | Error de configuración de base de datos.
   Exception: DataAccessException
644. [AOCR_20260217.log] 2026-02-17 17:31:20.380 | ERROR | CID:N/A | ERR:EMAIL_QUEUE_ERROR | Error de configuración de base de datos.
   Exception: DataAccessException
645. [AOCR_20260217.log] 2026-02-17 17:31:50.440 | ERROR | CID:N/A | ERR:EMAIL_QUEUE_ERROR | Error de configuración de base de datos.
   Exception: DataAccessException
646. [AOCR_20260217.log] 2026-02-17 17:32:20.502 | ERROR | CID:N/A | ERR:EMAIL_QUEUE_ERROR | Error de configuración de base de datos.
   Exception: DataAccessException
647. [AOCR_20260217.log] 2026-02-17 17:32:50.570 | ERROR | CID:N/A | ERR:EMAIL_QUEUE_ERROR | Error de configuración de base de datos.
   Exception: DataAccessException
648. [AOCR_20260217.log] 2026-02-17 17:33:21.318 | ERROR | CID:N/A | ERR:EMAIL_QUEUE_ERROR | Error de configuración de base de datos.
   Exception: DataAccessException
649. [AOCR_20260217.log] 2026-02-17 17:33:51.398 | ERROR | CID:N/A | ERR:EMAIL_QUEUE_ERROR | Error de configuración de base de datos.
   Exception: DataAccessException
650. [AOCR_20260217.log] 2026-02-17 17:34:21.465 | ERROR | CID:N/A | ERR:EMAIL_QUEUE_ERROR | Error de configuración de base de datos.
   Exception: DataAccessException
651. [AOCR_20260217.log] 2026-02-17 17:34:51.519 | ERROR | CID:N/A | ERR:EMAIL_QUEUE_ERROR | Error de configuración de base de datos.
   Exception: DataAccessException
652. [AOCR_20260217.log] 2026-02-17 17:35:21.619 | ERROR | CID:N/A | ERR:EMAIL_QUEUE_ERROR | Error de configuración de base de datos.
   Exception: DataAccessException
653. [AOCR_20260217.log] 2026-02-17 17:35:51.689 | ERROR | CID:N/A | ERR:EMAIL_QUEUE_ERROR | Error de configuración de base de datos.
   Exception: DataAccessException
654. [AOCR_20260217.log] 2026-02-17 17:36:21.767 | ERROR | CID:N/A | ERR:EMAIL_QUEUE_ERROR | Error de configuración de base de datos.
   Exception: DataAccessException
655. [AOCR_20260217.log] 2026-02-17 17:36:51.837 | ERROR | CID:N/A | ERR:EMAIL_QUEUE_ERROR | Error de configuración de base de datos.
   Exception: DataAccessException
656. [AOCR_20260217.log] 2026-02-17 17:37:21.919 | ERROR | CID:N/A | ERR:EMAIL_QUEUE_ERROR | Error de configuración de base de datos.
   Exception: DataAccessException
657. [AOCR_20260217.log] 2026-02-17 17:37:52.670 | ERROR | CID:N/A | ERR:EMAIL_QUEUE_ERROR | Error de configuración de base de datos.
   Exception: DataAccessException
658. [AOCR_20260217.log] 2026-02-17 17:38:22.740 | ERROR | CID:N/A | ERR:EMAIL_QUEUE_ERROR | Error de configuración de base de datos.
   Exception: DataAccessException
659. [AOCR_20260217.log] 2026-02-17 17:38:52.814 | ERROR | CID:N/A | ERR:EMAIL_QUEUE_ERROR | Error de configuración de base de datos.
   Exception: DataAccessException
660. [AOCR_20260217.log] 2026-02-17 17:39:22.865 | ERROR | CID:N/A | ERR:EMAIL_QUEUE_ERROR | Error de configuración de base de datos.
   Exception: DataAccessException
661. [AOCR_20260217.log] 2026-02-17 17:39:52.931 | ERROR | CID:N/A | ERR:EMAIL_QUEUE_ERROR | Error de configuración de base de datos.
   Exception: DataAccessException
662. [AOCR_20260217.log] 2026-02-17 17:40:23.004 | ERROR | CID:N/A | ERR:EMAIL_QUEUE_ERROR | Error de configuración de base de datos.
   Exception: DataAccessException
663. [AOCR_20260217.log] 2026-02-17 17:40:53.066 | ERROR | CID:N/A | ERR:EMAIL_QUEUE_ERROR | Error de configuración de base de datos.
   Exception: DataAccessException
664. [AOCR_20260217.log] 2026-02-17 17:41:23.137 | ERROR | CID:N/A | ERR:EMAIL_QUEUE_ERROR | Error de configuración de base de datos.
   Exception: DataAccessException
665. [AOCR_20260217.log] 2026-02-17 17:41:53.186 | ERROR | CID:N/A | ERR:EMAIL_QUEUE_ERROR | Error de configuración de base de datos.
   Exception: DataAccessException
666. [AOCR_20260217.log] 2026-02-17 17:42:23.256 | ERROR | CID:N/A | ERR:EMAIL_QUEUE_ERROR | Error de configuración de base de datos.
   Exception: DataAccessException
667. [AOCR_20260217.log] 2026-02-17 17:42:53.318 | ERROR | CID:N/A | ERR:EMAIL_QUEUE_ERROR | Error de configuración de base de datos.
   Exception: DataAccessException
668. [AOCR_20260217.log] 2026-02-17 17:43:23.373 | ERROR | CID:N/A | ERR:EMAIL_QUEUE_ERROR | Error de configuración de base de datos.
   Exception: DataAccessException
669. [AOCR_20260217.log] 2026-02-17 17:43:53.438 | ERROR | CID:N/A | ERR:EMAIL_QUEUE_ERROR | Error de configuración de base de datos.
   Exception: DataAccessException
670. [AOCR_20260217.log] 2026-02-17 17:44:23.502 | ERROR | CID:N/A | ERR:EMAIL_QUEUE_ERROR | Error de configuración de base de datos.
   Exception: DataAccessException
671. [AOCR_20260217.log] 2026-02-17 17:44:53.560 | ERROR | CID:N/A | ERR:EMAIL_QUEUE_ERROR | Error de configuración de base de datos.
   Exception: DataAccessException
672. [AOCR_20260217.log] 2026-02-17 17:45:23.625 | ERROR | CID:N/A | ERR:EMAIL_QUEUE_ERROR | Error de configuración de base de datos.
   Exception: DataAccessException
673. [AOCR_20260217.log] 2026-02-17 17:45:53.694 | ERROR | CID:N/A | ERR:EMAIL_QUEUE_ERROR | Error de configuración de base de datos.
   Exception: DataAccessException
674. [AOCR_20260217.log] 2026-02-17 17:46:23.756 | ERROR | CID:N/A | ERR:EMAIL_QUEUE_ERROR | Error de configuración de base de datos.
   Exception: DataAccessException
675. [AOCR_20260217.log] 2026-02-17 17:46:53.811 | ERROR | CID:N/A | ERR:EMAIL_QUEUE_ERROR | Error de configuración de base de datos.
   Exception: DataAccessException
676. [AOCR_20260217.log] 2026-02-17 17:47:23.873 | ERROR | CID:N/A | ERR:EMAIL_QUEUE_ERROR | Error de configuración de base de datos.
   Exception: DataAccessException
677. [AOCR_20260217.log] 2026-02-17 17:47:53.918 | ERROR | CID:N/A | ERR:EMAIL_QUEUE_ERROR | Error de configuración de base de datos.
   Exception: DataAccessException
678. [AOCR_20260217.log] 2026-02-17 17:48:23.978 | ERROR | CID:N/A | ERR:EMAIL_QUEUE_ERROR | Error de configuración de base de datos.
   Exception: DataAccessException
679. [AOCR_20260217.log] 2026-02-17 17:48:54.036 | ERROR | CID:N/A | ERR:EMAIL_QUEUE_ERROR | Error de configuración de base de datos.
   Exception: DataAccessException
680. [AOCR_20260217.log] 2026-02-17 17:49:24.088 | ERROR | CID:N/A | ERR:EMAIL_QUEUE_ERROR | Error de configuración de base de datos.
   Exception: DataAccessException
681. [AOCR_20260217.log] 2026-02-17 17:49:54.145 | ERROR | CID:N/A | ERR:EMAIL_QUEUE_ERROR | Error de configuración de base de datos.
   Exception: DataAccessException
682. [AOCR_20260217.log] 2026-02-17 17:50:24.194 | ERROR | CID:N/A | ERR:EMAIL_QUEUE_ERROR | Error de configuración de base de datos.
   Exception: DataAccessException
683. [AOCR_20260217.log] 2026-02-17 17:50:54.254 | ERROR | CID:N/A | ERR:EMAIL_QUEUE_ERROR | Error de configuración de base de datos.
   Exception: DataAccessException
684. [AOCR_20260217.log] 2026-02-17 17:51:24.327 | ERROR | CID:N/A | ERR:EMAIL_QUEUE_ERROR | Error de configuración de base de datos.
   Exception: DataAccessException
685. [AOCR_20260217.log] 2026-02-17 17:51:54.391 | ERROR | CID:N/A | ERR:EMAIL_QUEUE_ERROR | Error de configuración de base de datos.
   Exception: DataAccessException
686. [AOCR_20260217.log] 2026-02-17 17:52:24.452 | ERROR | CID:N/A | ERR:EMAIL_QUEUE_ERROR | Error de configuración de base de datos.
   Exception: DataAccessException
687. [AOCR_20260217.log] 2026-02-17 17:52:54.508 | ERROR | CID:N/A | ERR:EMAIL_QUEUE_ERROR | Error de configuración de base de datos.
   Exception: DataAccessException
688. [AOCR_20260217.log] 2026-02-17 17:53:24.565 | ERROR | CID:N/A | ERR:EMAIL_QUEUE_ERROR | Error de configuración de base de datos.
   Exception: DataAccessException
689. [AOCR_20260217.log] 2026-02-17 17:53:54.611 | ERROR | CID:N/A | ERR:EMAIL_QUEUE_ERROR | Error de configuración de base de datos.
   Exception: DataAccessException
690. [AOCR_20260217.log] 2026-02-17 17:54:24.667 | ERROR | CID:N/A | ERR:EMAIL_QUEUE_ERROR | Error de configuración de base de datos.
   Exception: DataAccessException
691. [AOCR_20260217.log] 2026-02-17 17:54:54.731 | ERROR | CID:N/A | ERR:EMAIL_QUEUE_ERROR | Error de configuración de base de datos.
   Exception: DataAccessException
692. [AOCR_20260217.log] 2026-02-17 17:55:24.816 | ERROR | CID:N/A | ERR:EMAIL_QUEUE_ERROR | Error de configuración de base de datos.
   Exception: DataAccessException
693. [AOCR_20260217.log] 2026-02-17 17:55:55.029 | ERROR | CID:N/A | ERR:EMAIL_QUEUE_ERROR | Error de configuración de base de datos.
   Exception: DataAccessException
694. [AOCR_20260217.log] 2026-02-17 17:56:25.080 | ERROR | CID:N/A | ERR:EMAIL_QUEUE_ERROR | Error de configuración de base de datos.
   Exception: DataAccessException
695. [AOCR_20260217.log] 2026-02-17 17:56:55.126 | ERROR | CID:N/A | ERR:EMAIL_QUEUE_ERROR | Error de configuración de base de datos.
   Exception: DataAccessException
696. [AOCR_20260217.log] 2026-02-17 17:57:25.184 | ERROR | CID:N/A | ERR:EMAIL_QUEUE_ERROR | Error de configuración de base de datos.
   Exception: DataAccessException
697. [AOCR_20260217.log] 2026-02-17 17:57:55.251 | ERROR | CID:N/A | ERR:EMAIL_QUEUE_ERROR | Error de configuración de base de datos.
   Exception: DataAccessException
698. [AOCR_20260217.log] 2026-02-17 17:58:25.299 | ERROR | CID:N/A | ERR:EMAIL_QUEUE_ERROR | Error de configuración de base de datos.
   Exception: DataAccessException
699. [AOCR_20260217.log] 2026-02-17 17:58:55.385 | ERROR | CID:N/A | ERR:EMAIL_QUEUE_ERROR | Error de configuración de base de datos.
   Exception: DataAccessException
700. [AOCR_20260217.log] 2026-02-17 17:59:25.456 | ERROR | CID:N/A | ERR:EMAIL_QUEUE_ERROR | Error de configuración de base de datos.
   Exception: DataAccessException
701. [AOCR_20260217.log] 2026-02-17 17:59:55.510 | ERROR | CID:N/A | ERR:EMAIL_QUEUE_ERROR | Error de configuración de base de datos.
   Exception: DataAccessException
702. [AOCR_20260217.log] 2026-02-17 18:00:25.555 | ERROR | CID:N/A | ERR:EMAIL_QUEUE_ERROR | Error de configuración de base de datos.
   Exception: DataAccessException
703. [AOCR_20260217.log] 2026-02-17 18:00:55.598 | ERROR | CID:N/A | ERR:EMAIL_QUEUE_ERROR | Error de configuración de base de datos.
   Exception: DataAccessException
704. [AOCR_20260217.log] 2026-02-17 18:01:25.650 | ERROR | CID:N/A | ERR:EMAIL_QUEUE_ERROR | Error de configuración de base de datos.
   Exception: DataAccessException
705. [AOCR_20260217.log] 2026-02-17 18:01:55.721 | ERROR | CID:N/A | ERR:EMAIL_QUEUE_ERROR | Error de configuración de base de datos.
   Exception: DataAccessException
706. [AOCR_20260217.log] 2026-02-17 18:02:25.797 | ERROR | CID:N/A | ERR:EMAIL_QUEUE_ERROR | Error de configuración de base de datos.
   Exception: DataAccessException
707. [AOCR_20260217.log] 2026-02-17 18:02:55.856 | ERROR | CID:N/A | ERR:EMAIL_QUEUE_ERROR | Error de configuración de base de datos.
   Exception: DataAccessException
708. [AOCR_20260217.log] 2026-02-17 18:03:25.920 | ERROR | CID:N/A | ERR:EMAIL_QUEUE_ERROR | Error de configuración de base de datos.
   Exception: DataAccessException
709. [AOCR_20260217.log] 2026-02-17 18:03:55.980 | ERROR | CID:N/A | ERR:EMAIL_QUEUE_ERROR | Error de configuración de base de datos.
   Exception: DataAccessException
710. [AOCR_20260217.log] 2026-02-17 18:04:26.036 | ERROR | CID:N/A | ERR:EMAIL_QUEUE_ERROR | Error de configuración de base de datos.
   Exception: DataAccessException
711. [AOCR_20260217.log] 2026-02-17 18:04:56.095 | ERROR | CID:N/A | ERR:EMAIL_QUEUE_ERROR | Error de configuración de base de datos.
   Exception: DataAccessException
712. [AOCR_20260217.log] 2026-02-17 18:05:26.153 | ERROR | CID:N/A | ERR:EMAIL_QUEUE_ERROR | Error de configuración de base de datos.
   Exception: DataAccessException
713. [AOCR_20260217.log] 2026-02-17 18:05:56.226 | ERROR | CID:N/A | ERR:EMAIL_QUEUE_ERROR | Error de configuración de base de datos.
   Exception: DataAccessException
714. [AOCR_20260217.log] 2026-02-17 18:06:26.287 | ERROR | CID:N/A | ERR:EMAIL_QUEUE_ERROR | Error de configuración de base de datos.
   Exception: DataAccessException
715. [AOCR_20260217.log] 2026-02-17 18:06:56.480 | ERROR | CID:N/A | ERR:EMAIL_QUEUE_ERROR | Error de configuración de base de datos.
   Exception: DataAccessException
716. [AOCR_20260217.log] 2026-02-17 18:07:26.542 | ERROR | CID:N/A | ERR:EMAIL_QUEUE_ERROR | Error de configuración de base de datos.
   Exception: DataAccessException
717. [AOCR_20260217.log] 2026-02-17 18:07:56.608 | ERROR | CID:N/A | ERR:EMAIL_QUEUE_ERROR | Error de configuración de base de datos.
   Exception: DataAccessException
718. [AOCR_20260217.log] 2026-02-17 18:08:26.670 | ERROR | CID:N/A | ERR:EMAIL_QUEUE_ERROR | Error de configuración de base de datos.
   Exception: DataAccessException
719. [AOCR_20260217.log] 2026-02-17 18:08:56.728 | ERROR | CID:N/A | ERR:EMAIL_QUEUE_ERROR | Error de configuración de base de datos.
   Exception: DataAccessException
720. [AOCR_20260217.log] 2026-02-17 18:09:26.787 | ERROR | CID:N/A | ERR:EMAIL_QUEUE_ERROR | Error de configuración de base de datos.
   Exception: DataAccessException
721. [AOCR_20260217.log] 2026-02-17 18:09:56.858 | ERROR | CID:N/A | ERR:EMAIL_QUEUE_ERROR | Error de configuración de base de datos.
   Exception: DataAccessException
722. [AOCR_20260217.log] 2026-02-17 18:10:26.967 | ERROR | CID:N/A | ERR:EMAIL_QUEUE_ERROR | Error de configuración de base de datos.
   Exception: DataAccessException
723. [AOCR_20260217.log] 2026-02-17 18:10:57.051 | ERROR | CID:N/A | ERR:EMAIL_QUEUE_ERROR | Error de configuración de base de datos.
   Exception: DataAccessException
724. [AOCR_20260217.log] 2026-02-17 18:11:27.163 | ERROR | CID:N/A | ERR:EMAIL_QUEUE_ERROR | Error de configuración de base de datos.
   Exception: DataAccessException
725. [AOCR_20260217.log] 2026-02-17 18:11:57.252 | ERROR | CID:N/A | ERR:EMAIL_QUEUE_ERROR | Error de configuración de base de datos.
   Exception: DataAccessException
726. [AOCR_20260217.log] 2026-02-17 18:12:27.323 | ERROR | CID:N/A | ERR:EMAIL_QUEUE_ERROR | Error de configuración de base de datos.
   Exception: DataAccessException
727. [AOCR_20260217.log] 2026-02-17 18:12:57.374 | ERROR | CID:N/A | ERR:EMAIL_QUEUE_ERROR | Error de configuración de base de datos.
   Exception: DataAccessException
728. [AOCR_20260217.log] 2026-02-17 18:13:27.439 | ERROR | CID:N/A | ERR:EMAIL_QUEUE_ERROR | Error de configuración de base de datos.
   Exception: DataAccessException
729. [AOCR_20260217.log] 2026-02-17 18:13:57.511 | ERROR | CID:N/A | ERR:EMAIL_QUEUE_ERROR | Error de configuración de base de datos.
   Exception: DataAccessException
730. [AOCR_20260217.log] 2026-02-17 18:14:27.570 | ERROR | CID:N/A | ERR:EMAIL_QUEUE_ERROR | Error de configuración de base de datos.
   Exception: DataAccessException
731. [AOCR_20260217.log] 2026-02-17 18:14:57.630 | ERROR | CID:N/A | ERR:EMAIL_QUEUE_ERROR | Error de configuración de base de datos.
   Exception: DataAccessException
732. [AOCR_20260217.log] 2026-02-17 18:15:27.696 | ERROR | CID:N/A | ERR:EMAIL_QUEUE_ERROR | Error de configuración de base de datos.
   Exception: DataAccessException
733. [AOCR_20260217.log] 2026-02-17 18:15:57.768 | ERROR | CID:N/A | ERR:EMAIL_QUEUE_ERROR | Error de configuración de base de datos.
   Exception: DataAccessException
734. [AOCR_20260217.log] 2026-02-17 18:16:27.832 | ERROR | CID:N/A | ERR:EMAIL_QUEUE_ERROR | Error de configuración de base de datos.
   Exception: DataAccessException
735. [AOCR_20260217.log] 2026-02-17 18:16:57.904 | ERROR | CID:N/A | ERR:EMAIL_QUEUE_ERROR | Error de configuración de base de datos.
   Exception: DataAccessException
736. [AOCR_20260217.log] 2026-02-17 18:17:27.966 | ERROR | CID:N/A | ERR:EMAIL_QUEUE_ERROR | Error de configuración de base de datos.
   Exception: DataAccessException
737. [AOCR_20260217.log] 2026-02-17 18:17:58.043 | ERROR | CID:N/A | ERR:EMAIL_QUEUE_ERROR | Error de configuración de base de datos.
   Exception: DataAccessException
738. [AOCR_20260217.log] 2026-02-17 18:18:28.112 | ERROR | CID:N/A | ERR:EMAIL_QUEUE_ERROR | Error de configuración de base de datos.
   Exception: DataAccessException
739. [AOCR_20260217.log] 2026-02-17 18:18:58.167 | ERROR | CID:N/A | ERR:EMAIL_QUEUE_ERROR | Error de configuración de base de datos.
   Exception: DataAccessException
740. [AOCR_20260217.log] 2026-02-17 18:19:28.223 | ERROR | CID:N/A | ERR:EMAIL_QUEUE_ERROR | Error de configuración de base de datos.
   Exception: DataAccessException
741. [AOCR_20260217.log] 2026-02-17 18:19:58.302 | ERROR | CID:N/A | ERR:EMAIL_QUEUE_ERROR | Error de configuración de base de datos.
   Exception: DataAccessException
742. [AOCR_20260217.log] 2026-02-17 18:20:28.484 | ERROR | CID:N/A | ERR:EMAIL_QUEUE_ERROR | Error de configuración de base de datos.
   Exception: DataAccessException
743. [AOCR_20260217.log] 2026-02-17 18:20:58.546 | ERROR | CID:N/A | ERR:EMAIL_QUEUE_ERROR | Error de configuración de base de datos.
   Exception: DataAccessException
744. [AOCR_20260217.log] 2026-02-17 18:21:28.603 | ERROR | CID:N/A | ERR:EMAIL_QUEUE_ERROR | Error de configuración de base de datos.
   Exception: DataAccessException
745. [AOCR_20260217.log] 2026-02-17 18:21:58.658 | ERROR | CID:N/A | ERR:EMAIL_QUEUE_ERROR | Error de configuración de base de datos.
   Exception: DataAccessException
746. [AOCR_20260217.log] 2026-02-17 18:22:28.740 | ERROR | CID:N/A | ERR:EMAIL_QUEUE_ERROR | Error de configuración de base de datos.
   Exception: DataAccessException
747. [AOCR_20260217.log] 2026-02-17 18:22:58.809 | ERROR | CID:N/A | ERR:EMAIL_QUEUE_ERROR | Error de configuración de base de datos.
   Exception: DataAccessException
748. [AOCR_20260217.log] 2026-02-17 18:23:28.862 | ERROR | CID:N/A | ERR:EMAIL_QUEUE_ERROR | Error de configuración de base de datos.
   Exception: DataAccessException
749. [AOCR_20260217.log] 2026-02-17 18:23:58.918 | ERROR | CID:N/A | ERR:EMAIL_QUEUE_ERROR | Error de configuración de base de datos.
   Exception: DataAccessException
750. [AOCR_20260217.log] 2026-02-17 18:24:28.993 | ERROR | CID:N/A | ERR:EMAIL_QUEUE_ERROR | Error de configuración de base de datos.
   Exception: DataAccessException
751. [AOCR_20260217.log] 2026-02-17 18:24:59.066 | ERROR | CID:N/A | ERR:EMAIL_QUEUE_ERROR | Error de configuración de base de datos.
   Exception: DataAccessException
752. [AOCR_20260217.log] 2026-02-17 18:25:29.108 | ERROR | CID:N/A | ERR:EMAIL_QUEUE_ERROR | Error de configuración de base de datos.
   Exception: DataAccessException
753. [AOCR_20260217.log] 2026-02-17 18:25:59.168 | ERROR | CID:N/A | ERR:EMAIL_QUEUE_ERROR | Error de configuración de base de datos.
   Exception: DataAccessException
754. [AOCR_20260217.log] 2026-02-17 18:26:29.219 | ERROR | CID:N/A | ERR:EMAIL_QUEUE_ERROR | Error de configuración de base de datos.
   Exception: DataAccessException
755. [AOCR_20260217.log] 2026-02-17 18:26:59.379 | ERROR | CID:N/A | ERR:EMAIL_QUEUE_ERROR | Error de configuración de base de datos.
   Exception: DataAccessException
756. [AOCR_20260217.log] 2026-02-17 18:27:29.453 | ERROR | CID:N/A | ERR:EMAIL_QUEUE_ERROR | Error de configuración de base de datos.
   Exception: DataAccessException
757. [AOCR_20260217.log] 2026-02-17 18:27:59.519 | ERROR | CID:N/A | ERR:EMAIL_QUEUE_ERROR | Error de configuración de base de datos.
   Exception: DataAccessException
758. [AOCR_20260217.log] 2026-02-17 18:28:29.639 | ERROR | CID:N/A | ERR:EMAIL_QUEUE_ERROR | Error de configuración de base de datos.
   Exception: DataAccessException
759. [AOCR_20260217.log] 2026-02-17 18:28:59.839 | ERROR | CID:N/A | ERR:EMAIL_QUEUE_ERROR | Error de configuración de base de datos.
   Exception: DataAccessException
760. [AOCR_20260217.log] 2026-02-17 18:29:29.908 | ERROR | CID:N/A | ERR:EMAIL_QUEUE_ERROR | Error de configuración de base de datos.
   Exception: DataAccessException
761. [AOCR_20260217.log] 2026-02-17 18:29:59.968 | ERROR | CID:N/A | ERR:EMAIL_QUEUE_ERROR | Error de configuración de base de datos.
   Exception: DataAccessException
762. [AOCR_20260217.log] 2026-02-17 18:30:30.022 | ERROR | CID:N/A | ERR:EMAIL_QUEUE_ERROR | Error de configuración de base de datos.
   Exception: DataAccessException
763. [AOCR_20260217.log] 2026-02-17 18:31:00.097 | ERROR | CID:N/A | ERR:EMAIL_QUEUE_ERROR | Error de configuración de base de datos.
   Exception: DataAccessException
764. [AOCR_20260217.log] 2026-02-17 18:31:30.180 | ERROR | CID:N/A | ERR:EMAIL_QUEUE_ERROR | Error de configuración de base de datos.
   Exception: DataAccessException
765. [AOCR_20260217.log] 2026-02-17 18:32:00.242 | ERROR | CID:N/A | ERR:EMAIL_QUEUE_ERROR | Error de configuración de base de datos.
   Exception: DataAccessException
766. [AOCR_20260217.log] 2026-02-17 18:32:30.310 | ERROR | CID:N/A | ERR:EMAIL_QUEUE_ERROR | Error de configuración de base de datos.
   Exception: DataAccessException
767. [AOCR_20260217.log] 2026-02-17 18:33:00.388 | ERROR | CID:N/A | ERR:EMAIL_QUEUE_ERROR | Error de configuración de base de datos.
   Exception: DataAccessException
768. [AOCR_20260217.log] 2026-02-17 18:33:30.457 | ERROR | CID:N/A | ERR:EMAIL_QUEUE_ERROR | Error de configuración de base de datos.
   Exception: DataAccessException
769. [AOCR_20260217.log] 2026-02-17 18:34:00.531 | ERROR | CID:N/A | ERR:EMAIL_QUEUE_ERROR | Error de configuración de base de datos.
   Exception: DataAccessException
770. [AOCR_20260217.log] 2026-02-17 18:34:30.579 | ERROR | CID:N/A | ERR:EMAIL_QUEUE_ERROR | Error de configuración de base de datos.
   Exception: DataAccessException
771. [AOCR_20260217.log] 2026-02-17 18:35:00.643 | ERROR | CID:N/A | ERR:EMAIL_QUEUE_ERROR | Error de configuración de base de datos.
   Exception: DataAccessException
772. [AOCR_20260217.log] 2026-02-17 18:35:30.699 | ERROR | CID:N/A | ERR:EMAIL_QUEUE_ERROR | Error de configuración de base de datos.
   Exception: DataAccessException
773. [AOCR_20260217.log] 2026-02-17 18:36:00.757 | ERROR | CID:N/A | ERR:EMAIL_QUEUE_ERROR | Error de configuración de base de datos.
   Exception: DataAccessException
774. [AOCR_20260217.log] 2026-02-17 18:36:31.028 | ERROR | CID:N/A | ERR:EMAIL_QUEUE_ERROR | Error de configuración de base de datos.
   Exception: DataAccessException
775. [AOCR_20260217.log] 2026-02-17 18:37:01.091 | ERROR | CID:N/A | ERR:EMAIL_QUEUE_ERROR | Error de configuración de base de datos.
   Exception: DataAccessException
776. [AOCR_20260217.log] 2026-02-17 18:37:31.150 | ERROR | CID:N/A | ERR:EMAIL_QUEUE_ERROR | Error de configuración de base de datos.
   Exception: DataAccessException
777. [AOCR_20260217.log] 2026-02-17 18:38:01.215 | ERROR | CID:N/A | ERR:EMAIL_QUEUE_ERROR | Error de configuración de base de datos.
   Exception: DataAccessException
778. [AOCR_20260217.log] 2026-02-17 18:38:31.273 | ERROR | CID:N/A | ERR:EMAIL_QUEUE_ERROR | Error de configuración de base de datos.
   Exception: DataAccessException
779. [AOCR_20260217.log] 2026-02-17 18:39:01.323 | ERROR | CID:N/A | ERR:EMAIL_QUEUE_ERROR | Error de configuración de base de datos.
   Exception: DataAccessException
780. [AOCR_20260217.log] 2026-02-17 18:39:31.386 | ERROR | CID:N/A | ERR:EMAIL_QUEUE_ERROR | Error de configuración de base de datos.
   Exception: DataAccessException
781. [AOCR_20260217.log] 2026-02-17 18:40:01.442 | ERROR | CID:N/A | ERR:EMAIL_QUEUE_ERROR | Error de configuración de base de datos.
   Exception: DataAccessException
782. [AOCR_20260217.log] 2026-02-17 18:40:31.497 | ERROR | CID:N/A | ERR:EMAIL_QUEUE_ERROR | Error de configuración de base de datos.
   Exception: DataAccessException
783. [AOCR_20260217.log] 2026-02-17 18:41:01.553 | ERROR | CID:N/A | ERR:EMAIL_QUEUE_ERROR | Error de configuración de base de datos.
   Exception: DataAccessException
784. [AOCR_20260217.log] 2026-02-17 18:41:31.612 | ERROR | CID:N/A | ERR:EMAIL_QUEUE_ERROR | Error de configuración de base de datos.
   Exception: DataAccessException
785. [AOCR_20260217.log] 2026-02-17 18:42:01.667 | ERROR | CID:N/A | ERR:EMAIL_QUEUE_ERROR | Error de configuración de base de datos.
   Exception: DataAccessException
786. [AOCR_20260217.log] 2026-02-17 18:42:31.731 | ERROR | CID:N/A | ERR:EMAIL_QUEUE_ERROR | Error de configuración de base de datos.
   Exception: DataAccessException
787. [AOCR_20260217.log] 2026-02-17 18:43:01.797 | ERROR | CID:N/A | ERR:EMAIL_QUEUE_ERROR | Error de configuración de base de datos.
   Exception: DataAccessException
788. [AOCR_20260217.log] 2026-02-17 18:43:31.855 | ERROR | CID:N/A | ERR:EMAIL_QUEUE_ERROR | Error de configuración de base de datos.
   Exception: DataAccessException
789. [AOCR_20260217.log] 2026-02-17 18:44:01.933 | ERROR | CID:N/A | ERR:EMAIL_QUEUE_ERROR | Error de configuración de base de datos.
   Exception: DataAccessException
790. [AOCR_20260217.log] 2026-02-17 18:44:31.992 | ERROR | CID:N/A | ERR:EMAIL_QUEUE_ERROR | Error de configuración de base de datos.
   Exception: DataAccessException
791. [AOCR_20260217.log] 2026-02-17 18:45:02.048 | ERROR | CID:N/A | ERR:EMAIL_QUEUE_ERROR | Error de configuración de base de datos.
   Exception: DataAccessException
792. [AOCR_20260217.log] 2026-02-17 18:45:32.108 | ERROR | CID:N/A | ERR:EMAIL_QUEUE_ERROR | Error de configuración de base de datos.
   Exception: DataAccessException
793. [AOCR_20260217.log] 2026-02-17 18:46:02.177 | ERROR | CID:N/A | ERR:EMAIL_QUEUE_ERROR | Error de configuración de base de datos.
   Exception: DataAccessException
794. [AOCR_20260217.log] 2026-02-17 18:46:32.244 | ERROR | CID:N/A | ERR:EMAIL_QUEUE_ERROR | Error de configuración de base de datos.
   Exception: DataAccessException
795. [AOCR_20260217.log] 2026-02-17 18:47:02.309 | ERROR | CID:N/A | ERR:EMAIL_QUEUE_ERROR | Error de configuración de base de datos.
   Exception: DataAccessException
796. [AOCR_20260217.log] 2026-02-17 18:47:32.379 | ERROR | CID:N/A | ERR:EMAIL_QUEUE_ERROR | Error de configuración de base de datos.
   Exception: DataAccessException
797. [AOCR_20260217.log] 2026-02-17 18:48:02.445 | ERROR | CID:N/A | ERR:EMAIL_QUEUE_ERROR | Error de configuración de base de datos.
   Exception: DataAccessException
798. [AOCR_20260217.log] 2026-02-17 18:48:32.502 | ERROR | CID:N/A | ERR:EMAIL_QUEUE_ERROR | Error de configuración de base de datos.
   Exception: DataAccessException
799. [AOCR_20260217.log] 2026-02-17 18:49:02.566 | ERROR | CID:N/A | ERR:EMAIL_QUEUE_ERROR | Error de configuración de base de datos.
   Exception: DataAccessException
800. [AOCR_20260217.log] 2026-02-17 18:49:32.623 | ERROR | CID:N/A | ERR:EMAIL_QUEUE_ERROR | Error de configuración de base de datos.
   Exception: DataAccessException
801. [AOCR_20260217.log] 2026-02-17 18:50:02.687 | ERROR | CID:N/A | ERR:EMAIL_QUEUE_ERROR | Error de configuración de base de datos.
   Exception: DataAccessException
802. [AOCR_20260217.log] 2026-02-17 18:50:32.756 | ERROR | CID:N/A | ERR:EMAIL_QUEUE_ERROR | Error de configuración de base de datos.
   Exception: DataAccessException
803. [AOCR_20260217.log] 2026-02-17 18:51:02.808 | ERROR | CID:N/A | ERR:EMAIL_QUEUE_ERROR | Error de configuración de base de datos.
   Exception: DataAccessException
804. [AOCR_20260217.log] 2026-02-17 18:51:32.876 | ERROR | CID:N/A | ERR:EMAIL_QUEUE_ERROR | Error de configuración de base de datos.
   Exception: DataAccessException
805. [AOCR_20260217.log] 2026-02-17 18:52:02.948 | ERROR | CID:N/A | ERR:EMAIL_QUEUE_ERROR | Error de configuración de base de datos.
   Exception: DataAccessException
806. [AOCR_20260217.log] 2026-02-17 18:52:33.008 | ERROR | CID:N/A | ERR:EMAIL_QUEUE_ERROR | Error de configuración de base de datos.
   Exception: DataAccessException
807. [AOCR_20260217.log] 2026-02-17 18:53:03.062 | ERROR | CID:N/A | ERR:EMAIL_QUEUE_ERROR | Error de configuración de base de datos.
   Exception: DataAccessException
808. [AOCR_20260217.log] 2026-02-17 18:53:33.122 | ERROR | CID:N/A | ERR:EMAIL_QUEUE_ERROR | Error de configuración de base de datos.
   Exception: DataAccessException
809. [AOCR_20260217.log] 2026-02-17 18:54:03.176 | ERROR | CID:N/A | ERR:EMAIL_QUEUE_ERROR | Error de configuración de base de datos.
   Exception: DataAccessException
810. [AOCR_20260217.log] 2026-02-17 18:54:33.237 | ERROR | CID:N/A | ERR:EMAIL_QUEUE_ERROR | Error de configuración de base de datos.
   Exception: DataAccessException
811. [AOCR_20260217.log] 2026-02-17 18:55:03.304 | ERROR | CID:N/A | ERR:EMAIL_QUEUE_ERROR | Error de configuración de base de datos.
   Exception: DataAccessException
812. [AOCR_20260217.log] 2026-02-17 18:55:33.386 | ERROR | CID:N/A | ERR:EMAIL_QUEUE_ERROR | Error de configuración de base de datos.
   Exception: DataAccessException
813. [AOCR_20260217.log] 2026-02-17 18:56:03.454 | ERROR | CID:N/A | ERR:EMAIL_QUEUE_ERROR | Error de configuración de base de datos.
   Exception: DataAccessException
814. [AOCR_20260217.log] 2026-02-17 18:56:33.511 | ERROR | CID:N/A | ERR:EMAIL_QUEUE_ERROR | Error de configuración de base de datos.
   Exception: DataAccessException
815. [AOCR_20260217.log] 2026-02-17 18:57:03.579 | ERROR | CID:N/A | ERR:EMAIL_QUEUE_ERROR | Error de configuración de base de datos.
   Exception: DataAccessException
816. [AOCR_20260217.log] 2026-02-17 18:57:33.643 | ERROR | CID:N/A | ERR:EMAIL_QUEUE_ERROR | Error de configuración de base de datos.
   Exception: DataAccessException
817. [AOCR_20260217.log] 2026-02-17 18:58:03.700 | ERROR | CID:N/A | ERR:EMAIL_QUEUE_ERROR | Error de configuración de base de datos.
   Exception: DataAccessException
818. [AOCR_20260217.log] 2026-02-17 18:58:33.769 | ERROR | CID:N/A | ERR:EMAIL_QUEUE_ERROR | Error de configuración de base de datos.
   Exception: DataAccessException
819. [AOCR_20260217.log] 2026-02-17 18:59:03.828 | ERROR | CID:N/A | ERR:EMAIL_QUEUE_ERROR | Error de configuración de base de datos.
   Exception: DataAccessException
820. [AOCR_20260217.log] 2026-02-17 18:59:33.884 | ERROR | CID:N/A | ERR:EMAIL_QUEUE_ERROR | Error de configuración de base de datos.
   Exception: DataAccessException
821. [AOCR_20260217.log] 2026-02-17 19:00:03.943 | ERROR | CID:N/A | ERR:EMAIL_QUEUE_ERROR | Error de configuración de base de datos.
   Exception: DataAccessException
822. [AOCR_20260217.log] 2026-02-17 19:00:33.992 | ERROR | CID:N/A | ERR:EMAIL_QUEUE_ERROR | Error de configuración de base de datos.
   Exception: DataAccessException
823. [AOCR_20260217.log] 2026-02-17 19:01:04.041 | ERROR | CID:N/A | ERR:EMAIL_QUEUE_ERROR | Error de configuración de base de datos.
   Exception: DataAccessException
824. [AOCR_20260217.log] 2026-02-17 19:01:34.109 | ERROR | CID:N/A | ERR:EMAIL_QUEUE_ERROR | Error de configuración de base de datos.
   Exception: DataAccessException
825. [AOCR_20260217.log] 2026-02-17 19:02:04.165 | ERROR | CID:N/A | ERR:EMAIL_QUEUE_ERROR | Error de configuración de base de datos.
   Exception: DataAccessException
826. [AOCR_20260217.log] 2026-02-17 19:02:34.236 | ERROR | CID:N/A | ERR:EMAIL_QUEUE_ERROR | Error de configuración de base de datos.
   Exception: DataAccessException
827. [AOCR_20260217.log] 2026-02-17 19:03:04.293 | ERROR | CID:N/A | ERR:EMAIL_QUEUE_ERROR | Error de configuración de base de datos.
   Exception: DataAccessException
828. [AOCR_20260217.log] 2026-02-17 19:03:34.346 | ERROR | CID:N/A | ERR:EMAIL_QUEUE_ERROR | Error de configuración de base de datos.
   Exception: DataAccessException
829. [AOCR_20260217.log] 2026-02-17 19:04:04.419 | ERROR | CID:N/A | ERR:EMAIL_QUEUE_ERROR | Error de configuración de base de datos.
   Exception: DataAccessException
830. [AOCR_20260217.log] 2026-02-17 19:04:34.481 | ERROR | CID:N/A | ERR:EMAIL_QUEUE_ERROR | Error de configuración de base de datos.
   Exception: DataAccessException
831. [AOCR_20260217.log] 2026-02-17 19:05:04.528 | ERROR | CID:N/A | ERR:EMAIL_QUEUE_ERROR | Error de configuración de base de datos.
   Exception: DataAccessException
832. [AOCR_20260217.log] 2026-02-17 19:05:34.600 | ERROR | CID:N/A | ERR:EMAIL_QUEUE_ERROR | Error de configuración de base de datos.
   Exception: DataAccessException
833. [AOCR_20260217.log] 2026-02-17 19:06:04.672 | ERROR | CID:N/A | ERR:EMAIL_QUEUE_ERROR | Error de configuración de base de datos.
   Exception: DataAccessException
834. [AOCR_20260217.log] 2026-02-17 19:06:34.739 | ERROR | CID:N/A | ERR:EMAIL_QUEUE_ERROR | Error de configuración de base de datos.
   Exception: DataAccessException
835. [AOCR_20260217.log] 2026-02-17 19:07:04.812 | ERROR | CID:N/A | ERR:EMAIL_QUEUE_ERROR | Error de configuración de base de datos.
   Exception: DataAccessException
836. [AOCR_20260217.log] 2026-02-17 19:07:34.875 | ERROR | CID:N/A | ERR:EMAIL_QUEUE_ERROR | Error de configuración de base de datos.
   Exception: DataAccessException
837. [AOCR_20260217.log] 2026-02-17 19:08:04.934 | ERROR | CID:N/A | ERR:EMAIL_QUEUE_ERROR | Error de configuración de base de datos.
   Exception: DataAccessException
838. [AOCR_20260217.log] 2026-02-17 19:08:35.000 | ERROR | CID:N/A | ERR:EMAIL_QUEUE_ERROR | Error de configuración de base de datos.
   Exception: DataAccessException
839. [AOCR_20260217.log] 2026-02-17 19:09:05.090 | ERROR | CID:N/A | ERR:EMAIL_QUEUE_ERROR | Error de configuración de base de datos.
   Exception: DataAccessException
840. [AOCR_20260217.log] 2026-02-17 19:09:35.131 | ERROR | CID:N/A | ERR:EMAIL_QUEUE_ERROR | Error de configuración de base de datos.
   Exception: DataAccessException
841. [AOCR_20260217.log] 2026-02-17 19:10:05.207 | ERROR | CID:N/A | ERR:EMAIL_QUEUE_ERROR | Error de configuración de base de datos.
   Exception: DataAccessException
842. [AOCR_20260217.log] 2026-02-17 19:10:35.268 | ERROR | CID:N/A | ERR:EMAIL_QUEUE_ERROR | Error de configuración de base de datos.
   Exception: DataAccessException
843. [AOCR_20260217.log] 2026-02-17 19:11:05.321 | ERROR | CID:N/A | ERR:EMAIL_QUEUE_ERROR | Error de configuración de base de datos.
   Exception: DataAccessException
844. [AOCR_20260217.log] 2026-02-17 19:11:35.402 | ERROR | CID:N/A | ERR:EMAIL_QUEUE_ERROR | Error de configuración de base de datos.
   Exception: DataAccessException
845. [AOCR_20260217.log] 2026-02-17 19:12:05.480 | ERROR | CID:N/A | ERR:EMAIL_QUEUE_ERROR | Error de configuración de base de datos.
   Exception: DataAccessException
846. [AOCR_20260217.log] 2026-02-17 19:12:35.547 | ERROR | CID:N/A | ERR:EMAIL_QUEUE_ERROR | Error de configuración de base de datos.
   Exception: DataAccessException
847. [AOCR_20260217.log] 2026-02-17 19:13:05.626 | ERROR | CID:N/A | ERR:EMAIL_QUEUE_ERROR | Error de configuración de base de datos.
   Exception: DataAccessException
848. [AOCR_20260217.log] 2026-02-17 19:13:35.685 | ERROR | CID:N/A | ERR:EMAIL_QUEUE_ERROR | Error de configuración de base de datos.
   Exception: DataAccessException
849. [AOCR_20260217.log] 2026-02-17 19:14:05.738 | ERROR | CID:N/A | ERR:EMAIL_QUEUE_ERROR | Error de configuración de base de datos.
   Exception: DataAccessException
850. [AOCR_20260217.log] 2026-02-17 19:14:35.802 | ERROR | CID:N/A | ERR:EMAIL_QUEUE_ERROR | Error de configuración de base de datos.
   Exception: DataAccessException
851. [AOCR_20260217.log] 2026-02-17 19:15:05.888 | ERROR | CID:N/A | ERR:EMAIL_QUEUE_ERROR | Error de configuración de base de datos.
   Exception: DataAccessException
852. [AOCR_20260217.log] 2026-02-17 19:15:35.938 | ERROR | CID:N/A | ERR:EMAIL_QUEUE_ERROR | Error de configuración de base de datos.
   Exception: DataAccessException
853. [AOCR_20260217.log] 2026-02-17 19:16:06.012 | ERROR | CID:N/A | ERR:EMAIL_QUEUE_ERROR | Error de configuración de base de datos.
   Exception: DataAccessException
854. [AOCR_20260217.log] 2026-02-17 19:16:36.064 | ERROR | CID:N/A | ERR:EMAIL_QUEUE_ERROR | Error de configuración de base de datos.
   Exception: DataAccessException
855. [AOCR_20260217.log] 2026-02-17 19:17:06.113 | ERROR | CID:N/A | ERR:EMAIL_QUEUE_ERROR | Error de configuración de base de datos.
   Exception: DataAccessException
856. [AOCR_20260217.log] 2026-02-17 19:17:36.177 | ERROR | CID:N/A | ERR:EMAIL_QUEUE_ERROR | Error de configuración de base de datos.
   Exception: DataAccessException
857. [AOCR_20260217.log] 2026-02-17 19:18:06.241 | ERROR | CID:N/A | ERR:EMAIL_QUEUE_ERROR | Error de configuración de base de datos.
   Exception: DataAccessException
858. [AOCR_20260217.log] 2026-02-17 19:18:36.300 | ERROR | CID:N/A | ERR:EMAIL_QUEUE_ERROR | Error de configuración de base de datos.
   Exception: DataAccessException
859. [AOCR_20260217.log] 2026-02-17 19:19:06.359 | ERROR | CID:N/A | ERR:EMAIL_QUEUE_ERROR | Error de configuración de base de datos.
   Exception: DataAccessException
860. [AOCR_20260217.log] 2026-02-17 19:19:36.422 | ERROR | CID:N/A | ERR:EMAIL_QUEUE_ERROR | Error de configuración de base de datos.
   Exception: DataAccessException
861. [AOCR_20260217.log] 2026-02-17 19:20:06.498 | ERROR | CID:N/A | ERR:EMAIL_QUEUE_ERROR | Error de configuración de base de datos.
   Exception: DataAccessException
862. [AOCR_20260217.log] 2026-02-17 19:20:36.558 | ERROR | CID:N/A | ERR:EMAIL_QUEUE_ERROR | Error de configuración de base de datos.
   Exception: DataAccessException
863. [AOCR_20260217.log] 2026-02-17 19:21:06.619 | ERROR | CID:N/A | ERR:EMAIL_QUEUE_ERROR | Error de configuración de base de datos.
   Exception: DataAccessException
864. [AOCR_20260217.log] 2026-02-17 19:21:36.672 | ERROR | CID:N/A | ERR:EMAIL_QUEUE_ERROR | Error de configuración de base de datos.
   Exception: DataAccessException
865. [AOCR_20260217.log] 2026-02-17 19:22:06.737 | ERROR | CID:N/A | ERR:EMAIL_QUEUE_ERROR | Error de configuración de base de datos.
   Exception: DataAccessException
866. [AOCR_20260217.log] 2026-02-17 19:22:36.802 | ERROR | CID:N/A | ERR:EMAIL_QUEUE_ERROR | Error de configuración de base de datos.
   Exception: DataAccessException
867. [AOCR_20260217.log] 2026-02-17 19:23:06.861 | ERROR | CID:N/A | ERR:EMAIL_QUEUE_ERROR | Error de configuración de base de datos.
   Exception: DataAccessException
868. [AOCR_20260217.log] 2026-02-17 19:23:36.917 | ERROR | CID:N/A | ERR:EMAIL_QUEUE_ERROR | Error de configuración de base de datos.
   Exception: DataAccessException
869. [AOCR_20260217.log] 2026-02-17 19:24:06.984 | ERROR | CID:N/A | ERR:EMAIL_QUEUE_ERROR | Error de configuración de base de datos.
   Exception: DataAccessException
870. [AOCR_20260217.log] 2026-02-17 19:24:37.045 | ERROR | CID:N/A | ERR:EMAIL_QUEUE_ERROR | Error de configuración de base de datos.
   Exception: DataAccessException
871. [AOCR_20260217.log] 2026-02-17 19:25:07.101 | ERROR | CID:N/A | ERR:EMAIL_QUEUE_ERROR | Error de configuración de base de datos.
   Exception: DataAccessException
872. [AOCR_20260217.log] 2026-02-17 19:25:37.160 | ERROR | CID:N/A | ERR:EMAIL_QUEUE_ERROR | Error de configuración de base de datos.
   Exception: DataAccessException
873. [AOCR_20260217.log] 2026-02-17 19:26:07.210 | ERROR | CID:N/A | ERR:EMAIL_QUEUE_ERROR | Error de configuración de base de datos.
   Exception: DataAccessException
874. [AOCR_20260217.log] 2026-02-17 19:26:37.269 | ERROR | CID:N/A | ERR:EMAIL_QUEUE_ERROR | Error de configuración de base de datos.
   Exception: DataAccessException
875. [AOCR_20260217.log] 2026-02-17 19:27:07.351 | ERROR | CID:N/A | ERR:EMAIL_QUEUE_ERROR | Error de configuración de base de datos.
   Exception: DataAccessException
876. [AOCR_20260217.log] 2026-02-17 19:27:37.448 | ERROR | CID:N/A | ERR:EMAIL_QUEUE_ERROR | Error de configuración de base de datos.
   Exception: DataAccessException
877. [AOCR_20260217.log] 2026-02-17 19:28:07.509 | ERROR | CID:N/A | ERR:EMAIL_QUEUE_ERROR | Error de configuración de base de datos.
   Exception: DataAccessException
878. [AOCR_20260217.log] 2026-02-17 19:28:37.568 | ERROR | CID:N/A | ERR:EMAIL_QUEUE_ERROR | Error de configuración de base de datos.
   Exception: DataAccessException
879. [AOCR_20260217.log] 2026-02-17 19:29:07.637 | ERROR | CID:N/A | ERR:EMAIL_QUEUE_ERROR | Error de configuración de base de datos.
   Exception: DataAccessException
880. [AOCR_20260217.log] 2026-02-17 19:29:37.709 | ERROR | CID:N/A | ERR:EMAIL_QUEUE_ERROR | Error de configuración de base de datos.
   Exception: DataAccessException
881. [AOCR_20260217.log] 2026-02-17 19:30:07.780 | ERROR | CID:N/A | ERR:EMAIL_QUEUE_ERROR | Error de configuración de base de datos.
   Exception: DataAccessException
882. [AOCR_20260217.log] 2026-02-17 19:30:37.837 | ERROR | CID:N/A | ERR:EMAIL_QUEUE_ERROR | Error de configuración de base de datos.
   Exception: DataAccessException
883. [AOCR_20260217.log] 2026-02-17 19:31:07.892 | ERROR | CID:N/A | ERR:EMAIL_QUEUE_ERROR | Error de configuración de base de datos.
   Exception: DataAccessException
884. [AOCR_20260217.log] 2026-02-17 19:31:37.958 | ERROR | CID:N/A | ERR:EMAIL_QUEUE_ERROR | Error de configuración de base de datos.
   Exception: DataAccessException
885. [AOCR_20260217.log] 2026-02-17 19:32:08.045 | ERROR | CID:N/A | ERR:EMAIL_QUEUE_ERROR | Error de configuración de base de datos.
   Exception: DataAccessException
886. [AOCR_20260217.log] 2026-02-17 19:32:38.107 | ERROR | CID:N/A | ERR:EMAIL_QUEUE_ERROR | Error de configuración de base de datos.
   Exception: DataAccessException
887. [AOCR_20260217.log] 2026-02-17 19:33:08.175 | ERROR | CID:N/A | ERR:EMAIL_QUEUE_ERROR | Error de configuración de base de datos.
   Exception: DataAccessException
888. [AOCR_20260217.log] 2026-02-17 19:33:38.222 | ERROR | CID:N/A | ERR:EMAIL_QUEUE_ERROR | Error de configuración de base de datos.
   Exception: DataAccessException
889. [AOCR_20260217.log] 2026-02-17 19:34:08.283 | ERROR | CID:N/A | ERR:EMAIL_QUEUE_ERROR | Error de configuración de base de datos.
   Exception: DataAccessException
890. [AOCR_20260217.log] 2026-02-17 19:34:38.350 | ERROR | CID:N/A | ERR:EMAIL_QUEUE_ERROR | Error de configuración de base de datos.
   Exception: DataAccessException
891. [AOCR_20260217.log] 2026-02-17 19:35:08.421 | ERROR | CID:N/A | ERR:EMAIL_QUEUE_ERROR | Error de configuración de base de datos.
   Exception: DataAccessException
892. [AOCR_20260217.log] 2026-02-17 19:35:38.488 | ERROR | CID:N/A | ERR:EMAIL_QUEUE_ERROR | Error de configuración de base de datos.
   Exception: DataAccessException
893. [AOCR_20260217.log] 2026-02-17 19:36:08.553 | ERROR | CID:N/A | ERR:EMAIL_QUEUE_ERROR | Error de configuración de base de datos.
   Exception: DataAccessException
894. [AOCR_20260217.log] 2026-02-17 19:36:38.618 | ERROR | CID:N/A | ERR:EMAIL_QUEUE_ERROR | Error de configuración de base de datos.
   Exception: DataAccessException
895. [AOCR_20260217.log] 2026-02-17 19:37:08.684 | ERROR | CID:N/A | ERR:EMAIL_QUEUE_ERROR | Error de configuración de base de datos.
   Exception: DataAccessException
896. [AOCR_20260217.log] 2026-02-17 19:37:38.743 | ERROR | CID:N/A | ERR:EMAIL_QUEUE_ERROR | Error de configuración de base de datos.
   Exception: DataAccessException
897. [AOCR_20260217.log] 2026-02-17 19:38:08.820 | ERROR | CID:N/A | ERR:EMAIL_QUEUE_ERROR | Error de configuración de base de datos.
   Exception: DataAccessException
898. [AOCR_20260217.log] 2026-02-17 19:38:38.884 | ERROR | CID:N/A | ERR:EMAIL_QUEUE_ERROR | Error de configuración de base de datos.
   Exception: DataAccessException
899. [AOCR_20260217.log] 2026-02-17 19:39:08.949 | ERROR | CID:N/A | ERR:EMAIL_QUEUE_ERROR | Error de configuración de base de datos.
   Exception: DataAccessException
900. [AOCR_20260217.log] 2026-02-17 19:39:39.006 | ERROR | CID:N/A | ERR:EMAIL_QUEUE_ERROR | Error de configuración de base de datos.
   Exception: DataAccessException
901. [AOCR_20260217.log] 2026-02-17 19:40:09.053 | ERROR | CID:N/A | ERR:EMAIL_QUEUE_ERROR | Error de configuración de base de datos.
   Exception: DataAccessException
902. [AOCR_20260217.log] 2026-02-17 19:40:39.121 | ERROR | CID:N/A | ERR:EMAIL_QUEUE_ERROR | Error de configuración de base de datos.
   Exception: DataAccessException
903. [AOCR_20260217.log] 2026-02-17 19:41:09.185 | ERROR | CID:N/A | ERR:EMAIL_QUEUE_ERROR | Error de configuración de base de datos.
   Exception: DataAccessException
904. [AOCR_20260217.log] 2026-02-17 19:41:39.238 | ERROR | CID:N/A | ERR:EMAIL_QUEUE_ERROR | Error de configuración de base de datos.
   Exception: DataAccessException
905. [AOCR_20260217.log] 2026-02-17 19:42:09.292 | ERROR | CID:N/A | ERR:EMAIL_QUEUE_ERROR | Error de configuración de base de datos.
   Exception: DataAccessException
906. [AOCR_20260217.log] 2026-02-17 19:42:39.353 | ERROR | CID:N/A | ERR:EMAIL_QUEUE_ERROR | Error de configuración de base de datos.
   Exception: DataAccessException
907. [AOCR_20260217.log] 2026-02-17 19:43:09.412 | ERROR | CID:N/A | ERR:EMAIL_QUEUE_ERROR | Error de configuración de base de datos.
   Exception: DataAccessException
908. [AOCR_20260217.log] 2026-02-17 19:43:39.480 | ERROR | CID:N/A | ERR:EMAIL_QUEUE_ERROR | Error de configuración de base de datos.
   Exception: DataAccessException
909. [AOCR_20260217.log] 2026-02-17 19:44:09.539 | ERROR | CID:N/A | ERR:EMAIL_QUEUE_ERROR | Error de configuración de base de datos.
   Exception: DataAccessException
910. [AOCR_20260217.log] 2026-02-17 19:44:39.609 | ERROR | CID:N/A | ERR:EMAIL_QUEUE_ERROR | Error de configuración de base de datos.
   Exception: DataAccessException
911. [AOCR_20260217.log] 2026-02-17 19:45:09.669 | ERROR | CID:N/A | ERR:EMAIL_QUEUE_ERROR | Error de configuración de base de datos.
   Exception: DataAccessException
912. [AOCR_20260217.log] 2026-02-17 19:45:39.730 | ERROR | CID:N/A | ERR:EMAIL_QUEUE_ERROR | Error de configuración de base de datos.
   Exception: DataAccessException
913. [AOCR_20260217.log] 2026-02-17 19:46:09.798 | ERROR | CID:N/A | ERR:EMAIL_QUEUE_ERROR | Error de configuración de base de datos.
   Exception: DataAccessException
914. [AOCR_20260217.log] 2026-02-17 19:46:39.856 | ERROR | CID:N/A | ERR:EMAIL_QUEUE_ERROR | Error de configuración de base de datos.
   Exception: DataAccessException
915. [AOCR_20260217.log] 2026-02-17 19:47:09.925 | ERROR | CID:N/A | ERR:EMAIL_QUEUE_ERROR | Error de configuración de base de datos.
   Exception: DataAccessException
916. [AOCR_20260217.log] 2026-02-17 19:47:39.979 | ERROR | CID:N/A | ERR:EMAIL_QUEUE_ERROR | Error de configuración de base de datos.
   Exception: DataAccessException
917. [AOCR_20260217.log] 2026-02-17 19:48:10.028 | ERROR | CID:N/A | ERR:EMAIL_QUEUE_ERROR | Error de configuración de base de datos.
   Exception: DataAccessException
918. [AOCR_20260217.log] 2026-02-17 19:48:40.091 | ERROR | CID:N/A | ERR:EMAIL_QUEUE_ERROR | Error de configuración de base de datos.
   Exception: DataAccessException
919. [AOCR_20260217.log] 2026-02-17 19:49:10.141 | ERROR | CID:N/A | ERR:EMAIL_QUEUE_ERROR | Error de configuración de base de datos.
   Exception: DataAccessException
920. [AOCR_20260217.log] 2026-02-17 19:49:40.205 | ERROR | CID:N/A | ERR:EMAIL_QUEUE_ERROR | Error de configuración de base de datos.
   Exception: DataAccessException
921. [AOCR_20260217.log] 2026-02-17 19:50:10.268 | ERROR | CID:N/A | ERR:EMAIL_QUEUE_ERROR | Error de configuración de base de datos.
   Exception: DataAccessException
922. [AOCR_20260217.log] 2026-02-17 19:50:40.325 | ERROR | CID:N/A | ERR:EMAIL_QUEUE_ERROR | Error de configuración de base de datos.
   Exception: DataAccessException
923. [AOCR_20260217.log] 2026-02-17 19:51:10.370 | ERROR | CID:N/A | ERR:EMAIL_QUEUE_ERROR | Error de configuración de base de datos.
   Exception: DataAccessException
924. [AOCR_20260217.log] 2026-02-17 19:51:40.425 | ERROR | CID:N/A | ERR:EMAIL_QUEUE_ERROR | Error de configuración de base de datos.
   Exception: DataAccessException
925. [AOCR_20260217.log] 2026-02-17 19:52:10.480 | ERROR | CID:N/A | ERR:EMAIL_QUEUE_ERROR | Error de configuración de base de datos.
   Exception: DataAccessException
926. [AOCR_20260217.log] 2026-02-17 19:52:40.523 | ERROR | CID:N/A | ERR:EMAIL_QUEUE_ERROR | Error de configuración de base de datos.
   Exception: DataAccessException
927. [AOCR_20260217.log] 2026-02-17 19:53:10.582 | ERROR | CID:N/A | ERR:EMAIL_QUEUE_ERROR | Error de configuración de base de datos.
   Exception: DataAccessException
928. [AOCR_20260217.log] 2026-02-17 19:53:40.630 | ERROR | CID:N/A | ERR:EMAIL_QUEUE_ERROR | Error de configuración de base de datos.
   Exception: DataAccessException
929. [AOCR_20260217.log] 2026-02-17 19:54:10.688 | ERROR | CID:N/A | ERR:EMAIL_QUEUE_ERROR | Error de configuración de base de datos.
   Exception: DataAccessException
930. [AOCR_20260217.log] 2026-02-17 19:54:40.769 | ERROR | CID:N/A | ERR:EMAIL_QUEUE_ERROR | Error de configuración de base de datos.
   Exception: DataAccessException
931. [AOCR_20260217.log] 2026-02-17 19:55:10.840 | ERROR | CID:N/A | ERR:EMAIL_QUEUE_ERROR | Error de configuración de base de datos.
   Exception: DataAccessException
932. [AOCR_20260217.log] 2026-02-17 19:55:40.897 | ERROR | CID:N/A | ERR:EMAIL_QUEUE_ERROR | Error de configuración de base de datos.
   Exception: DataAccessException
933. [AOCR_20260217.log] 2026-02-17 19:56:10.987 | ERROR | CID:N/A | ERR:EMAIL_QUEUE_ERROR | Error de configuración de base de datos.
   Exception: DataAccessException
934. [AOCR_20260217.log] 2026-02-17 19:56:41.048 | ERROR | CID:N/A | ERR:EMAIL_QUEUE_ERROR | Error de configuración de base de datos.
   Exception: DataAccessException
935. [AOCR_20260217.log] 2026-02-17 19:57:11.108 | ERROR | CID:N/A | ERR:EMAIL_QUEUE_ERROR | Error de configuración de base de datos.
   Exception: DataAccessException
936. [AOCR_20260217.log] 2026-02-17 19:57:41.165 | ERROR | CID:N/A | ERR:EMAIL_QUEUE_ERROR | Error de configuración de base de datos.
   Exception: DataAccessException
937. [AOCR_20260217.log] 2026-02-17 19:58:11.218 | ERROR | CID:N/A | ERR:EMAIL_QUEUE_ERROR | Error de configuración de base de datos.
   Exception: DataAccessException
938. [AOCR_20260217.log] 2026-02-17 19:58:41.294 | ERROR | CID:N/A | ERR:EMAIL_QUEUE_ERROR | Error de configuración de base de datos.
   Exception: DataAccessException
939. [AOCR_20260217.log] 2026-02-17 19:59:11.349 | ERROR | CID:N/A | ERR:EMAIL_QUEUE_ERROR | Error de configuración de base de datos.
   Exception: DataAccessException
940. [AOCR_20260217.log] 2026-02-17 19:59:41.400 | ERROR | CID:N/A | ERR:EMAIL_QUEUE_ERROR | Error de configuración de base de datos.
   Exception: DataAccessException
941. [AOCR_20260217.log] 2026-02-17 20:00:11.458 | ERROR | CID:N/A | ERR:EMAIL_QUEUE_ERROR | Error de configuración de base de datos.
   Exception: DataAccessException
942. [AOCR_20260217.log] 2026-02-17 20:00:41.504 | ERROR | CID:N/A | ERR:EMAIL_QUEUE_ERROR | Error de configuración de base de datos.
   Exception: DataAccessException
943. [AOCR_20260217.log] 2026-02-17 20:01:11.562 | ERROR | CID:N/A | ERR:EMAIL_QUEUE_ERROR | Error de configuración de base de datos.
   Exception: DataAccessException
944. [AOCR_20260217.log] 2026-02-17 20:01:41.619 | ERROR | CID:N/A | ERR:EMAIL_QUEUE_ERROR | Error de configuración de base de datos.
   Exception: DataAccessException
945. [AOCR_20260217.log] 2026-02-17 20:02:11.681 | ERROR | CID:N/A | ERR:EMAIL_QUEUE_ERROR | Error de configuración de base de datos.
   Exception: DataAccessException
946. [AOCR_20260217.log] 2026-02-17 20:02:41.754 | ERROR | CID:N/A | ERR:EMAIL_QUEUE_ERROR | Error de configuración de base de datos.
   Exception: DataAccessException
947. [AOCR_20260217.log] 2026-02-17 20:03:11.803 | ERROR | CID:N/A | ERR:EMAIL_QUEUE_ERROR | Error de configuración de base de datos.
   Exception: DataAccessException
948. [AOCR_20260217.log] 2026-02-17 20:03:41.856 | ERROR | CID:N/A | ERR:EMAIL_QUEUE_ERROR | Error de configuración de base de datos.
   Exception: DataAccessException
949. [AOCR_20260217.log] 2026-02-17 20:04:11.918 | ERROR | CID:N/A | ERR:EMAIL_QUEUE_ERROR | Error de configuración de base de datos.
   Exception: DataAccessException
950. [AOCR_20260217.log] 2026-02-17 20:04:41.993 | ERROR | CID:N/A | ERR:EMAIL_QUEUE_ERROR | Error de configuración de base de datos.
   Exception: DataAccessException
951. [AOCR_20260217.log] 2026-02-17 20:05:12.048 | ERROR | CID:N/A | ERR:EMAIL_QUEUE_ERROR | Error de configuración de base de datos.
   Exception: DataAccessException
952. [AOCR_20260217.log] 2026-02-17 20:05:42.110 | ERROR | CID:N/A | ERR:EMAIL_QUEUE_ERROR | Error de configuración de base de datos.
   Exception: DataAccessException
953. [AOCR_20260217.log] 2026-02-17 20:06:12.165 | ERROR | CID:N/A | ERR:EMAIL_QUEUE_ERROR | Error de configuración de base de datos.
   Exception: DataAccessException
954. [AOCR_20260217.log] 2026-02-17 20:06:42.225 | ERROR | CID:N/A | ERR:EMAIL_QUEUE_ERROR | Error de configuración de base de datos.
   Exception: DataAccessException
955. [AOCR_20260217.log] 2026-02-17 20:07:12.273 | ERROR | CID:N/A | ERR:EMAIL_QUEUE_ERROR | Error de configuración de base de datos.
   Exception: DataAccessException
956. [AOCR_20260217.log] 2026-02-17 20:07:42.328 | ERROR | CID:N/A | ERR:EMAIL_QUEUE_ERROR | Error de configuración de base de datos.
   Exception: DataAccessException
957. [AOCR_20260217.log] 2026-02-17 20:08:12.383 | ERROR | CID:N/A | ERR:EMAIL_QUEUE_ERROR | Error de configuración de base de datos.
   Exception: DataAccessException
958. [AOCR_20260217.log] 2026-02-17 20:08:42.438 | ERROR | CID:N/A | ERR:EMAIL_QUEUE_ERROR | Error de configuración de base de datos.
   Exception: DataAccessException
959. [AOCR_20260217.log] 2026-02-17 20:09:12.502 | ERROR | CID:N/A | ERR:EMAIL_QUEUE_ERROR | Error de configuración de base de datos.
   Exception: DataAccessException
960. [AOCR_20260217.log] 2026-02-17 20:09:42.572 | ERROR | CID:N/A | ERR:EMAIL_QUEUE_ERROR | Error de configuración de base de datos.
   Exception: DataAccessException
961. [AOCR_20260217.log] 2026-02-17 20:10:12.624 | ERROR | CID:N/A | ERR:EMAIL_QUEUE_ERROR | Error de configuración de base de datos.
   Exception: DataAccessException
962. [AOCR_20260217.log] 2026-02-17 20:10:42.685 | ERROR | CID:N/A | ERR:EMAIL_QUEUE_ERROR | Error de configuración de base de datos.
   Exception: DataAccessException
963. [AOCR_20260217.log] 2026-02-17 20:11:12.727 | ERROR | CID:N/A | ERR:EMAIL_QUEUE_ERROR | Error de configuración de base de datos.
   Exception: DataAccessException
964. [AOCR_20260217.log] 2026-02-17 20:11:42.803 | ERROR | CID:N/A | ERR:EMAIL_QUEUE_ERROR | Error de configuración de base de datos.
   Exception: DataAccessException
965. [AOCR_20260217.log] 2026-02-17 20:12:12.881 | ERROR | CID:N/A | ERR:EMAIL_QUEUE_ERROR | Error de configuración de base de datos.
   Exception: DataAccessException
966. [AOCR_20260217.log] 2026-02-17 20:12:42.934 | ERROR | CID:N/A | ERR:EMAIL_QUEUE_ERROR | Error de configuración de base de datos.
   Exception: DataAccessException
967. [AOCR_20260217.log] 2026-02-17 20:13:12.987 | ERROR | CID:N/A | ERR:EMAIL_QUEUE_ERROR | Error de configuración de base de datos.
   Exception: DataAccessException
968. [AOCR_20260217.log] 2026-02-17 20:13:43.052 | ERROR | CID:N/A | ERR:EMAIL_QUEUE_ERROR | Error de configuración de base de datos.
   Exception: DataAccessException
969. [AOCR_20260217.log] 2026-02-17 20:14:13.103 | ERROR | CID:N/A | ERR:EMAIL_QUEUE_ERROR | Error de configuración de base de datos.
   Exception: DataAccessException
970. [AOCR_20260217.log] 2026-02-17 20:14:43.172 | ERROR | CID:N/A | ERR:EMAIL_QUEUE_ERROR | Error de configuración de base de datos.
   Exception: DataAccessException
971. [AOCR_20260217.log] 2026-02-17 20:15:13.234 | ERROR | CID:N/A | ERR:EMAIL_QUEUE_ERROR | Error de configuración de base de datos.
   Exception: DataAccessException
972. [AOCR_20260217.log] 2026-02-17 20:15:43.301 | ERROR | CID:N/A | ERR:EMAIL_QUEUE_ERROR | Error de configuración de base de datos.
   Exception: DataAccessException
973. [AOCR_20260217.log] 2026-02-17 20:16:13.356 | ERROR | CID:N/A | ERR:EMAIL_QUEUE_ERROR | Error de configuración de base de datos.
   Exception: DataAccessException
974. [AOCR_20260217.log] 2026-02-17 20:16:43.426 | ERROR | CID:N/A | ERR:EMAIL_QUEUE_ERROR | Error de configuración de base de datos.
   Exception: DataAccessException
975. [AOCR_20260217.log] 2026-02-17 20:17:13.477 | ERROR | CID:N/A | ERR:EMAIL_QUEUE_ERROR | Error de configuración de base de datos.
   Exception: DataAccessException
976. [AOCR_20260217.log] 2026-02-17 20:17:43.541 | ERROR | CID:N/A | ERR:EMAIL_QUEUE_ERROR | Error de configuración de base de datos.
   Exception: DataAccessException
977. [AOCR_20260217.log] 2026-02-17 20:18:13.604 | ERROR | CID:N/A | ERR:EMAIL_QUEUE_ERROR | Error de configuración de base de datos.
   Exception: DataAccessException
978. [AOCR_20260217.log] 2026-02-17 20:18:43.673 | ERROR | CID:N/A | ERR:EMAIL_QUEUE_ERROR | Error de configuración de base de datos.
   Exception: DataAccessException
979. [AOCR_20260217.log] 2026-02-17 20:19:13.723 | ERROR | CID:N/A | ERR:EMAIL_QUEUE_ERROR | Error de configuración de base de datos.
   Exception: DataAccessException
980. [AOCR_20260217.log] 2026-02-17 20:19:43.778 | ERROR | CID:N/A | ERR:EMAIL_QUEUE_ERROR | Error de configuración de base de datos.
   Exception: DataAccessException
981. [AOCR_20260217.log] 2026-02-17 20:20:13.838 | ERROR | CID:N/A | ERR:EMAIL_QUEUE_ERROR | Error de configuración de base de datos.
   Exception: DataAccessException
982. [AOCR_20260217.log] 2026-02-17 20:20:43.900 | ERROR | CID:N/A | ERR:EMAIL_QUEUE_ERROR | Error de configuración de base de datos.
   Exception: DataAccessException
983. [AOCR_20260217.log] 2026-02-17 20:21:13.957 | ERROR | CID:N/A | ERR:EMAIL_QUEUE_ERROR | Error de configuración de base de datos.
   Exception: DataAccessException
984. [AOCR_20260217.log] 2026-02-17 20:21:44.018 | ERROR | CID:N/A | ERR:EMAIL_QUEUE_ERROR | Error de configuración de base de datos.
   Exception: DataAccessException
985. [AOCR_20260217.log] 2026-02-17 20:22:14.071 | ERROR | CID:N/A | ERR:EMAIL_QUEUE_ERROR | Error de configuración de base de datos.
   Exception: DataAccessException
986. [AOCR_20260217.log] 2026-02-17 20:22:44.113 | ERROR | CID:N/A | ERR:EMAIL_QUEUE_ERROR | Error de configuración de base de datos.
   Exception: DataAccessException
987. [AOCR_20260217.log] 2026-02-17 20:23:14.157 | ERROR | CID:N/A | ERR:EMAIL_QUEUE_ERROR | Error de configuración de base de datos.
   Exception: DataAccessException
988. [AOCR_20260217.log] 2026-02-17 20:23:44.222 | ERROR | CID:N/A | ERR:EMAIL_QUEUE_ERROR | Error de configuración de base de datos.
   Exception: DataAccessException
989. [AOCR_20260217.log] 2026-02-17 20:24:14.288 | ERROR | CID:N/A | ERR:EMAIL_QUEUE_ERROR | Error de configuración de base de datos.
   Exception: DataAccessException
990. [AOCR_20260217.log] 2026-02-17 20:24:44.336 | ERROR | CID:N/A | ERR:EMAIL_QUEUE_ERROR | Error de configuración de base de datos.
   Exception: DataAccessException
991. [AOCR_20260217.log] 2026-02-17 20:25:14.399 | ERROR | CID:N/A | ERR:EMAIL_QUEUE_ERROR | Error de configuración de base de datos.
   Exception: DataAccessException
992. [AOCR_20260217.log] 2026-02-17 20:25:44.453 | ERROR | CID:N/A | ERR:EMAIL_QUEUE_ERROR | Error de configuración de base de datos.
   Exception: DataAccessException
993. [AOCR_20260217.log] 2026-02-17 20:26:14.511 | ERROR | CID:N/A | ERR:EMAIL_QUEUE_ERROR | Error de configuración de base de datos.
   Exception: DataAccessException
994. [AOCR_20260217.log] 2026-02-17 20:26:44.566 | ERROR | CID:N/A | ERR:EMAIL_QUEUE_ERROR | Error de configuración de base de datos.
   Exception: DataAccessException
995. [AOCR_20260217.log] 2026-02-17 20:27:14.629 | ERROR | CID:N/A | ERR:EMAIL_QUEUE_ERROR | Error de configuración de base de datos.
   Exception: DataAccessException
996. [AOCR_20260217.log] 2026-02-17 20:27:44.685 | ERROR | CID:N/A | ERR:EMAIL_QUEUE_ERROR | Error de configuración de base de datos.
   Exception: DataAccessException
997. [AOCR_20260217.log] 2026-02-17 20:28:14.736 | ERROR | CID:N/A | ERR:EMAIL_QUEUE_ERROR | Error de configuración de base de datos.
   Exception: DataAccessException
998. [AOCR_20260217.log] 2026-02-17 20:28:44.807 | ERROR | CID:N/A | ERR:EMAIL_QUEUE_ERROR | Error de configuración de base de datos.
   Exception: DataAccessException
999. [AOCR_20260217.log] 2026-02-17 20:29:14.868 | ERROR | CID:N/A | ERR:EMAIL_QUEUE_ERROR | Error de configuración de base de datos.
   Exception: DataAccessException
1000. [AOCR_20260217.log] 2026-02-17 20:29:44.931 | ERROR | CID:N/A | ERR:EMAIL_QUEUE_ERROR | Error de configuración de base de datos.
   Exception: DataAccessException
1001. [AOCR_20260217.log] 2026-02-17 20:30:14.981 | ERROR | CID:N/A | ERR:EMAIL_QUEUE_ERROR | Error de configuración de base de datos.
   Exception: DataAccessException
1002. [AOCR_20260217.log] 2026-02-17 20:30:45.049 | ERROR | CID:N/A | ERR:EMAIL_QUEUE_ERROR | Error de configuración de base de datos.
   Exception: DataAccessException
1003. [AOCR_20260217.log] 2026-02-17 20:31:15.113 | ERROR | CID:N/A | ERR:EMAIL_QUEUE_ERROR | Error de configuración de base de datos.
   Exception: DataAccessException
1004. [AOCR_20260217.log] 2026-02-17 20:31:45.166 | ERROR | CID:N/A | ERR:EMAIL_QUEUE_ERROR | Error de configuración de base de datos.
   Exception: DataAccessException
1005. [AOCR_20260217.log] 2026-02-17 20:32:15.220 | ERROR | CID:N/A | ERR:EMAIL_QUEUE_ERROR | Error de configuración de base de datos.
   Exception: DataAccessException
1006. [AOCR_20260217.log] 2026-02-17 20:32:45.283 | ERROR | CID:N/A | ERR:EMAIL_QUEUE_ERROR | Error de configuración de base de datos.
   Exception: DataAccessException
1007. [AOCR_20260217.log] 2026-02-17 20:33:15.339 | ERROR | CID:N/A | ERR:EMAIL_QUEUE_ERROR | Error de configuración de base de datos.
   Exception: DataAccessException
1008. [AOCR_20260217.log] 2026-02-17 20:33:45.392 | ERROR | CID:N/A | ERR:EMAIL_QUEUE_ERROR | Error de configuración de base de datos.
   Exception: DataAccessException
1009. [AOCR_20260217.log] 2026-02-17 20:34:15.444 | ERROR | CID:N/A | ERR:EMAIL_QUEUE_ERROR | Error de configuración de base de datos.
   Exception: DataAccessException
1010. [AOCR_20260217.log] 2026-02-17 20:34:45.508 | ERROR | CID:N/A | ERR:EMAIL_QUEUE_ERROR | Error de configuración de base de datos.
   Exception: DataAccessException
1011. [AOCR_20260217.log] 2026-02-17 20:35:15.567 | ERROR | CID:N/A | ERR:EMAIL_QUEUE_ERROR | Error de configuración de base de datos.
   Exception: DataAccessException
1012. [AOCR_20260217.log] 2026-02-17 20:35:45.625 | ERROR | CID:N/A | ERR:EMAIL_QUEUE_ERROR | Error de configuración de base de datos.
   Exception: DataAccessException
1013. [AOCR_20260217.log] 2026-02-17 20:36:15.677 | ERROR | CID:N/A | ERR:EMAIL_QUEUE_ERROR | Error de configuración de base de datos.
   Exception: DataAccessException
1014. [AOCR_20260217.log] 2026-02-17 20:36:45.742 | ERROR | CID:N/A | ERR:EMAIL_QUEUE_ERROR | Error de configuración de base de datos.
   Exception: DataAccessException
1015. [AOCR_20260217.log] 2026-02-17 20:37:15.797 | ERROR | CID:N/A | ERR:EMAIL_QUEUE_ERROR | Error de configuración de base de datos.
   Exception: DataAccessException
1016. [AOCR_20260217.log] 2026-02-17 20:37:45.862 | ERROR | CID:N/A | ERR:EMAIL_QUEUE_ERROR | Error de configuración de base de datos.
   Exception: DataAccessException
1017. [AOCR_20260217.log] 2026-02-17 20:38:15.935 | ERROR | CID:N/A | ERR:EMAIL_QUEUE_ERROR | Error de configuración de base de datos.
   Exception: DataAccessException
1018. [AOCR_20260217.log] 2026-02-17 20:38:46.004 | ERROR | CID:N/A | ERR:EMAIL_QUEUE_ERROR | Error de configuración de base de datos.
   Exception: DataAccessException
1019. [AOCR_20260217.log] 2026-02-17 20:39:16.064 | ERROR | CID:N/A | ERR:EMAIL_QUEUE_ERROR | Error de configuración de base de datos.
   Exception: DataAccessException
1020. [AOCR_20260217.log] 2026-02-17 20:39:46.130 | ERROR | CID:N/A | ERR:EMAIL_QUEUE_ERROR | Error de configuración de base de datos.
   Exception: DataAccessException
1021. [AOCR_20260217.log] 2026-02-17 20:40:16.177 | ERROR | CID:N/A | ERR:EMAIL_QUEUE_ERROR | Error de configuración de base de datos.
   Exception: DataAccessException
1022. [AOCR_20260217.log] 2026-02-17 20:40:46.245 | ERROR | CID:N/A | ERR:EMAIL_QUEUE_ERROR | Error de configuración de base de datos.
   Exception: DataAccessException
1023. [AOCR_20260217.log] 2026-02-17 20:41:16.321 | ERROR | CID:N/A | ERR:EMAIL_QUEUE_ERROR | Error de configuración de base de datos.
   Exception: DataAccessException
1024. [AOCR_20260217.log] 2026-02-17 20:41:46.370 | ERROR | CID:N/A | ERR:EMAIL_QUEUE_ERROR | Error de configuración de base de datos.
   Exception: DataAccessException
1025. [AOCR_20260217.log] 2026-02-17 20:42:16.442 | ERROR | CID:N/A | ERR:EMAIL_QUEUE_ERROR | Error de configuración de base de datos.
   Exception: DataAccessException
1026. [AOCR_20260217.log] 2026-02-17 20:42:46.514 | ERROR | CID:N/A | ERR:EMAIL_QUEUE_ERROR | Error de configuración de base de datos.
   Exception: DataAccessException
1027. [AOCR_20260217.log] 2026-02-17 20:43:16.600 | ERROR | CID:N/A | ERR:EMAIL_QUEUE_ERROR | Error de configuración de base de datos.
   Exception: DataAccessException
1028. [AOCR_20260217.log] 2026-02-17 20:43:46.664 | ERROR | CID:N/A | ERR:EMAIL_QUEUE_ERROR | Error de configuración de base de datos.
   Exception: DataAccessException
1029. [AOCR_20260217.log] 2026-02-17 20:44:16.722 | ERROR | CID:N/A | ERR:EMAIL_QUEUE_ERROR | Error de configuración de base de datos.
   Exception: DataAccessException
1030. [AOCR_20260217.log] 2026-02-17 20:44:46.789 | ERROR | CID:N/A | ERR:EMAIL_QUEUE_ERROR | Error de configuración de base de datos.
   Exception: DataAccessException
1031. [AOCR_20260217.log] 2026-02-17 20:45:16.861 | ERROR | CID:N/A | ERR:EMAIL_QUEUE_ERROR | Error de configuración de base de datos.
   Exception: DataAccessException
1032. [AOCR_20260217.log] 2026-02-17 20:45:46.916 | ERROR | CID:N/A | ERR:EMAIL_QUEUE_ERROR | Error de configuración de base de datos.
   Exception: DataAccessException
1033. [AOCR_20260217.log] 2026-02-17 20:46:16.974 | ERROR | CID:N/A | ERR:EMAIL_QUEUE_ERROR | Error de configuración de base de datos.
   Exception: DataAccessException
1034. [AOCR_20260217.log] 2026-02-17 20:46:47.030 | ERROR | CID:N/A | ERR:EMAIL_QUEUE_ERROR | Error de configuración de base de datos.
   Exception: DataAccessException
1035. [AOCR_20260217.log] 2026-02-17 20:47:17.096 | ERROR | CID:N/A | ERR:EMAIL_QUEUE_ERROR | Error de configuración de base de datos.
   Exception: DataAccessException
1036. [AOCR_20260217.log] 2026-02-17 20:47:47.140 | ERROR | CID:N/A | ERR:EMAIL_QUEUE_ERROR | Error de configuración de base de datos.
   Exception: DataAccessException
1037. [AOCR_20260217.log] 2026-02-17 20:48:17.201 | ERROR | CID:N/A | ERR:EMAIL_QUEUE_ERROR | Error de configuración de base de datos.
   Exception: DataAccessException
1038. [AOCR_20260217.log] 2026-02-17 20:48:47.263 | ERROR | CID:N/A | ERR:EMAIL_QUEUE_ERROR | Error de configuración de base de datos.
   Exception: DataAccessException
1039. [AOCR_20260217.log] 2026-02-17 20:49:17.327 | ERROR | CID:N/A | ERR:EMAIL_QUEUE_ERROR | Error de configuración de base de datos.
   Exception: DataAccessException
1040. [AOCR_20260217.log] 2026-02-17 20:49:47.387 | ERROR | CID:N/A | ERR:EMAIL_QUEUE_ERROR | Error de configuración de base de datos.
   Exception: DataAccessException
1041. [AOCR_20260217.log] 2026-02-17 20:50:17.449 | ERROR | CID:N/A | ERR:EMAIL_QUEUE_ERROR | Error de configuración de base de datos.
   Exception: DataAccessException
1042. [AOCR_20260217.log] 2026-02-17 20:50:47.503 | ERROR | CID:N/A | ERR:EMAIL_QUEUE_ERROR | Error de configuración de base de datos.
   Exception: DataAccessException
1043. [AOCR_20260217.log] 2026-02-17 20:51:17.561 | ERROR | CID:N/A | ERR:EMAIL_QUEUE_ERROR | Error de configuración de base de datos.
   Exception: DataAccessException
1044. [AOCR_20260217.log] 2026-02-17 20:51:47.634 | ERROR | CID:N/A | ERR:EMAIL_QUEUE_ERROR | Error de configuración de base de datos.
   Exception: DataAccessException
1045. [AOCR_20260217.log] 2026-02-17 20:52:17.710 | ERROR | CID:N/A | ERR:EMAIL_QUEUE_ERROR | Error de configuración de base de datos.
   Exception: DataAccessException
1046. [AOCR_20260217.log] 2026-02-17 20:52:47.766 | ERROR | CID:N/A | ERR:EMAIL_QUEUE_ERROR | Error de configuración de base de datos.
   Exception: DataAccessException
1047. [AOCR_20260217.log] 2026-02-17 20:53:17.840 | ERROR | CID:N/A | ERR:EMAIL_QUEUE_ERROR | Error de configuración de base de datos.
   Exception: DataAccessException
1048. [AOCR_20260217.log] 2026-02-17 20:53:47.908 | ERROR | CID:N/A | ERR:EMAIL_QUEUE_ERROR | Error de configuración de base de datos.
   Exception: DataAccessException
1049. [AOCR_20260217.log] 2026-02-17 20:54:17.969 | ERROR | CID:N/A | ERR:EMAIL_QUEUE_ERROR | Error de configuración de base de datos.
   Exception: DataAccessException
1050. [AOCR_20260217.log] 2026-02-17 20:54:48.019 | ERROR | CID:N/A | ERR:EMAIL_QUEUE_ERROR | Error de configuración de base de datos.
   Exception: DataAccessException
1051. [AOCR_20260217.log] 2026-02-17 20:55:18.081 | ERROR | CID:N/A | ERR:EMAIL_QUEUE_ERROR | Error de configuración de base de datos.
   Exception: DataAccessException
1052. [AOCR_20260217.log] 2026-02-17 20:55:48.144 | ERROR | CID:N/A | ERR:EMAIL_QUEUE_ERROR | Error de configuración de base de datos.
   Exception: DataAccessException
1053. [AOCR_20260217.log] 2026-02-17 20:56:18.221 | ERROR | CID:N/A | ERR:EMAIL_QUEUE_ERROR | Error de configuración de base de datos.
   Exception: DataAccessException
1054. [AOCR_20260217.log] 2026-02-17 20:56:48.275 | ERROR | CID:N/A | ERR:EMAIL_QUEUE_ERROR | Error de configuración de base de datos.
   Exception: DataAccessException
1055. [AOCR_20260217.log] 2026-02-17 20:57:18.344 | ERROR | CID:N/A | ERR:EMAIL_QUEUE_ERROR | Error de configuración de base de datos.
   Exception: DataAccessException
1056. [AOCR_20260217.log] 2026-02-17 20:57:48.411 | ERROR | CID:N/A | ERR:EMAIL_QUEUE_ERROR | Error de configuración de base de datos.
   Exception: DataAccessException
1057. [AOCR_20260217.log] 2026-02-17 20:58:18.461 | ERROR | CID:N/A | ERR:EMAIL_QUEUE_ERROR | Error de configuración de base de datos.
   Exception: DataAccessException
1058. [AOCR_20260217.log] 2026-02-17 20:58:48.521 | ERROR | CID:N/A | ERR:EMAIL_QUEUE_ERROR | Error de configuración de base de datos.
   Exception: DataAccessException
1059. [AOCR_20260217.log] 2026-02-17 20:59:18.571 | ERROR | CID:N/A | ERR:EMAIL_QUEUE_ERROR | Error de configuración de base de datos.
   Exception: DataAccessException
1060. [AOCR_20260217.log] 2026-02-17 20:59:48.629 | ERROR | CID:N/A | ERR:EMAIL_QUEUE_ERROR | Error de configuración de base de datos.
   Exception: DataAccessException
1061. [AOCR_20260217.log] 2026-02-17 21:00:18.706 | ERROR | CID:N/A | ERR:EMAIL_QUEUE_ERROR | Error de configuración de base de datos.
   Exception: DataAccessException
1062. [AOCR_20260217.log] 2026-02-17 21:00:48.758 | ERROR | CID:N/A | ERR:EMAIL_QUEUE_ERROR | Error de configuración de base de datos.
   Exception: DataAccessException
1063. [AOCR_20260217.log] 2026-02-17 21:01:18.820 | ERROR | CID:N/A | ERR:EMAIL_QUEUE_ERROR | Error de configuración de base de datos.
   Exception: DataAccessException
1064. [AOCR_20260217.log] 2026-02-17 21:01:48.895 | ERROR | CID:N/A | ERR:EMAIL_QUEUE_ERROR | Error de configuración de base de datos.
   Exception: DataAccessException
1065. [AOCR_20260217.log] 2026-02-17 21:02:18.944 | ERROR | CID:N/A | ERR:EMAIL_QUEUE_ERROR | Error de configuración de base de datos.
   Exception: DataAccessException
1066. [AOCR_20260217.log] 2026-02-17 21:02:49.009 | ERROR | CID:N/A | ERR:EMAIL_QUEUE_ERROR | Error de configuración de base de datos.
   Exception: DataAccessException
1067. [AOCR_20260217.log] 2026-02-17 21:03:19.072 | ERROR | CID:N/A | ERR:EMAIL_QUEUE_ERROR | Error de configuración de base de datos.
   Exception: DataAccessException
1068. [AOCR_20260217.log] 2026-02-17 21:03:49.133 | ERROR | CID:N/A | ERR:EMAIL_QUEUE_ERROR | Error de configuración de base de datos.
   Exception: DataAccessException
1069. [AOCR_20260217.log] 2026-02-17 21:04:19.189 | ERROR | CID:N/A | ERR:EMAIL_QUEUE_ERROR | Error de configuración de base de datos.
   Exception: DataAccessException
1070. [AOCR_20260217.log] 2026-02-17 21:04:49.245 | ERROR | CID:N/A | ERR:EMAIL_QUEUE_ERROR | Error de configuración de base de datos.
   Exception: DataAccessException
1071. [AOCR_20260217.log] 2026-02-17 21:05:19.311 | ERROR | CID:N/A | ERR:EMAIL_QUEUE_ERROR | Error de configuración de base de datos.
   Exception: DataAccessException
1072. [AOCR_20260217.log] 2026-02-17 21:05:49.385 | ERROR | CID:N/A | ERR:EMAIL_QUEUE_ERROR | Error de configuración de base de datos.
   Exception: DataAccessException
1073. [AOCR_20260217.log] 2026-02-17 21:06:19.439 | ERROR | CID:N/A | ERR:EMAIL_QUEUE_ERROR | Error de configuración de base de datos.
   Exception: DataAccessException
1074. [AOCR_20260217.log] 2026-02-17 21:06:49.500 | ERROR | CID:N/A | ERR:EMAIL_QUEUE_ERROR | Error de configuración de base de datos.
   Exception: DataAccessException
1075. [AOCR_20260217.log] 2026-02-17 21:07:19.557 | ERROR | CID:N/A | ERR:EMAIL_QUEUE_ERROR | Error de configuración de base de datos.
   Exception: DataAccessException
1076. [AOCR_20260217.log] 2026-02-17 21:07:49.622 | ERROR | CID:N/A | ERR:EMAIL_QUEUE_ERROR | Error de configuración de base de datos.
   Exception: DataAccessException
1077. [AOCR_20260217.log] 2026-02-17 21:08:19.673 | ERROR | CID:N/A | ERR:EMAIL_QUEUE_ERROR | Error de configuración de base de datos.
   Exception: DataAccessException
1078. [AOCR_20260217.log] 2026-02-17 21:08:49.739 | ERROR | CID:N/A | ERR:EMAIL_QUEUE_ERROR | Error de configuración de base de datos.
   Exception: DataAccessException
1079. [AOCR_20260217.log] 2026-02-17 21:09:19.801 | ERROR | CID:N/A | ERR:EMAIL_QUEUE_ERROR | Error de configuración de base de datos.
   Exception: DataAccessException
1080. [AOCR_20260217.log] 2026-02-17 21:09:49.850 | ERROR | CID:N/A | ERR:EMAIL_QUEUE_ERROR | Error de configuración de base de datos.
   Exception: DataAccessException
1081. [AOCR_20260217.log] 2026-02-17 21:10:19.918 | ERROR | CID:N/A | ERR:EMAIL_QUEUE_ERROR | Error de configuración de base de datos.
   Exception: DataAccessException
1082. [AOCR_20260217.log] 2026-02-17 21:10:49.975 | ERROR | CID:N/A | ERR:EMAIL_QUEUE_ERROR | Error de configuración de base de datos.
   Exception: DataAccessException
1083. [AOCR_20260217.log] 2026-02-17 21:11:20.029 | ERROR | CID:N/A | ERR:EMAIL_QUEUE_ERROR | Error de configuración de base de datos.
   Exception: DataAccessException
1084. [AOCR_20260217.log] 2026-02-17 21:11:50.090 | ERROR | CID:N/A | ERR:EMAIL_QUEUE_ERROR | Error de configuración de base de datos.
   Exception: DataAccessException
1085. [AOCR_20260217.log] 2026-02-17 21:12:20.152 | ERROR | CID:N/A | ERR:EMAIL_QUEUE_ERROR | Error de configuración de base de datos.
   Exception: DataAccessException
1086. [AOCR_20260217.log] 2026-02-17 21:12:50.213 | ERROR | CID:N/A | ERR:EMAIL_QUEUE_ERROR | Error de configuración de base de datos.
   Exception: DataAccessException
1087. [AOCR_20260217.log] 2026-02-17 21:13:20.271 | ERROR | CID:N/A | ERR:EMAIL_QUEUE_ERROR | Error de configuración de base de datos.
   Exception: DataAccessException
1088. [AOCR_20260217.log] 2026-02-17 21:13:50.322 | ERROR | CID:N/A | ERR:EMAIL_QUEUE_ERROR | Error de configuración de base de datos.
   Exception: DataAccessException
1089. [AOCR_20260217.log] 2026-02-17 21:14:20.384 | ERROR | CID:N/A | ERR:EMAIL_QUEUE_ERROR | Error de configuración de base de datos.
   Exception: DataAccessException
1090. [AOCR_20260217.log] 2026-02-17 21:14:50.446 | ERROR | CID:N/A | ERR:EMAIL_QUEUE_ERROR | Error de configuración de base de datos.
   Exception: DataAccessException
1091. [AOCR_20260217.log] 2026-02-17 21:15:20.513 | ERROR | CID:N/A | ERR:EMAIL_QUEUE_ERROR | Error de configuración de base de datos.
   Exception: DataAccessException
1092. [AOCR_20260217.log] 2026-02-17 21:15:50.576 | ERROR | CID:N/A | ERR:EMAIL_QUEUE_ERROR | Error de configuración de base de datos.
   Exception: DataAccessException
1093. [AOCR_20260217.log] 2026-02-17 21:16:20.640 | ERROR | CID:N/A | ERR:EMAIL_QUEUE_ERROR | Error de configuración de base de datos.
   Exception: DataAccessException
1094. [AOCR_20260217.log] 2026-02-17 21:16:50.700 | ERROR | CID:N/A | ERR:EMAIL_QUEUE_ERROR | Error de configuración de base de datos.
   Exception: DataAccessException
1095. [AOCR_20260217.log] 2026-02-17 21:17:20.748 | ERROR | CID:N/A | ERR:EMAIL_QUEUE_ERROR | Error de configuración de base de datos.
   Exception: DataAccessException
1096. [AOCR_20260217.log] 2026-02-17 21:17:50.804 | ERROR | CID:N/A | ERR:EMAIL_QUEUE_ERROR | Error de configuración de base de datos.
   Exception: DataAccessException
1097. [AOCR_20260217.log] 2026-02-17 21:18:20.860 | ERROR | CID:N/A | ERR:EMAIL_QUEUE_ERROR | Error de configuración de base de datos.
   Exception: DataAccessException
1098. [AOCR_20260217.log] 2026-02-17 21:18:50.912 | ERROR | CID:N/A | ERR:EMAIL_QUEUE_ERROR | Error de configuración de base de datos.
   Exception: DataAccessException
1099. [AOCR_20260217.log] 2026-02-17 21:19:20.960 | ERROR | CID:N/A | ERR:EMAIL_QUEUE_ERROR | Error de configuración de base de datos.
   Exception: DataAccessException
1100. [AOCR_20260217.log] 2026-02-17 21:19:51.020 | ERROR | CID:N/A | ERR:EMAIL_QUEUE_ERROR | Error de configuración de base de datos.
   Exception: DataAccessException
1101. [AOCR_20260217.log] 2026-02-17 21:20:21.072 | ERROR | CID:N/A | ERR:EMAIL_QUEUE_ERROR | Error de configuración de base de datos.
   Exception: DataAccessException
1102. [AOCR_20260217.log] 2026-02-17 21:20:51.145 | ERROR | CID:N/A | ERR:EMAIL_QUEUE_ERROR | Error de configuración de base de datos.
   Exception: DataAccessException
1103. [AOCR_20260217.log] 2026-02-17 21:21:21.205 | ERROR | CID:N/A | ERR:EMAIL_QUEUE_ERROR | Error de configuración de base de datos.
   Exception: DataAccessException
1104. [AOCR_20260217.log] 2026-02-17 21:21:51.259 | ERROR | CID:N/A | ERR:EMAIL_QUEUE_ERROR | Error de configuración de base de datos.
   Exception: DataAccessException
1105. [AOCR_20260217.log] 2026-02-17 21:22:21.319 | ERROR | CID:N/A | ERR:EMAIL_QUEUE_ERROR | Error de configuración de base de datos.
   Exception: DataAccessException
1106. [AOCR_20260217.log] 2026-02-17 21:22:51.387 | ERROR | CID:N/A | ERR:EMAIL_QUEUE_ERROR | Error de configuración de base de datos.
   Exception: DataAccessException
1107. [AOCR_20260217.log] 2026-02-17 21:23:21.459 | ERROR | CID:N/A | ERR:EMAIL_QUEUE_ERROR | Error de configuración de base de datos.
   Exception: DataAccessException
1108. [AOCR_20260217.log] 2026-02-17 21:23:51.516 | ERROR | CID:N/A | ERR:EMAIL_QUEUE_ERROR | Error de configuración de base de datos.
   Exception: DataAccessException
1109. [AOCR_20260217.log] 2026-02-17 21:24:21.574 | ERROR | CID:N/A | ERR:EMAIL_QUEUE_ERROR | Error de configuración de base de datos.
   Exception: DataAccessException
1110. [AOCR_20260217.log] 2026-02-17 21:24:51.632 | ERROR | CID:N/A | ERR:EMAIL_QUEUE_ERROR | Error de configuración de base de datos.
   Exception: DataAccessException
1111. [AOCR_20260217.log] 2026-02-17 21:25:21.697 | ERROR | CID:N/A | ERR:EMAIL_QUEUE_ERROR | Error de configuración de base de datos.
   Exception: DataAccessException
1112. [AOCR_20260217.log] 2026-02-17 21:25:51.775 | ERROR | CID:N/A | ERR:EMAIL_QUEUE_ERROR | Error de configuración de base de datos.
   Exception: DataAccessException
1113. [AOCR_20260217.log] 2026-02-17 21:26:21.840 | ERROR | CID:N/A | ERR:EMAIL_QUEUE_ERROR | Error de configuración de base de datos.
   Exception: DataAccessException
1114. [AOCR_20260217.log] 2026-02-17 21:26:51.894 | ERROR | CID:N/A | ERR:EMAIL_QUEUE_ERROR | Error de configuración de base de datos.
   Exception: DataAccessException
1115. [AOCR_20260217.log] 2026-02-17 21:27:21.955 | ERROR | CID:N/A | ERR:EMAIL_QUEUE_ERROR | Error de configuración de base de datos.
   Exception: DataAccessException
1116. [AOCR_20260217.log] 2026-02-17 21:27:52.017 | ERROR | CID:N/A | ERR:EMAIL_QUEUE_ERROR | Error de configuración de base de datos.
   Exception: DataAccessException
1117. [AOCR_20260217.log] 2026-02-17 21:28:22.079 | ERROR | CID:N/A | ERR:EMAIL_QUEUE_ERROR | Error de configuración de base de datos.
   Exception: DataAccessException
1118. [AOCR_20260217.log] 2026-02-17 21:28:52.152 | ERROR | CID:N/A | ERR:EMAIL_QUEUE_ERROR | Error de configuración de base de datos.
   Exception: DataAccessException
1119. [AOCR_20260217.log] 2026-02-17 21:29:22.200 | ERROR | CID:N/A | ERR:EMAIL_QUEUE_ERROR | Error de configuración de base de datos.
   Exception: DataAccessException
1120. [AOCR_20260217.log] 2026-02-17 21:29:52.264 | ERROR | CID:N/A | ERR:EMAIL_QUEUE_ERROR | Error de configuración de base de datos.
   Exception: DataAccessException
1121. [AOCR_20260217.log] 2026-02-17 21:30:22.326 | ERROR | CID:N/A | ERR:EMAIL_QUEUE_ERROR | Error de configuración de base de datos.
   Exception: DataAccessException
1122. [AOCR_20260217.log] 2026-02-17 21:30:52.383 | ERROR | CID:N/A | ERR:EMAIL_QUEUE_ERROR | Error de configuración de base de datos.
   Exception: DataAccessException
1123. [AOCR_20260217.log] 2026-02-17 21:31:22.430 | ERROR | CID:N/A | ERR:EMAIL_QUEUE_ERROR | Error de configuración de base de datos.
   Exception: DataAccessException
1124. [AOCR_20260217.log] 2026-02-17 21:31:52.496 | ERROR | CID:N/A | ERR:EMAIL_QUEUE_ERROR | Error de configuración de base de datos.
   Exception: DataAccessException
1125. [AOCR_20260217.log] 2026-02-17 21:32:22.563 | ERROR | CID:N/A | ERR:EMAIL_QUEUE_ERROR | Error de configuración de base de datos.
   Exception: DataAccessException
1126. [AOCR_20260217.log] 2026-02-17 21:32:52.625 | ERROR | CID:N/A | ERR:EMAIL_QUEUE_ERROR | Error de configuración de base de datos.
   Exception: DataAccessException
1127. [AOCR_20260217.log] 2026-02-17 21:33:22.676 | ERROR | CID:N/A | ERR:EMAIL_QUEUE_ERROR | Error de configuración de base de datos.
   Exception: DataAccessException
1128. [AOCR_20260217.log] 2026-02-17 21:33:52.734 | ERROR | CID:N/A | ERR:EMAIL_QUEUE_ERROR | Error de configuración de base de datos.
   Exception: DataAccessException
1129. [AOCR_20260217.log] 2026-02-17 21:34:22.794 | ERROR | CID:N/A | ERR:EMAIL_QUEUE_ERROR | Error de configuración de base de datos.
   Exception: DataAccessException
1130. [AOCR_20260217.log] 2026-02-17 21:34:52.852 | ERROR | CID:N/A | ERR:EMAIL_QUEUE_ERROR | Error de configuración de base de datos.
   Exception: DataAccessException
1131. [AOCR_20260217.log] 2026-02-17 21:35:22.922 | ERROR | CID:N/A | ERR:EMAIL_QUEUE_ERROR | Error de configuración de base de datos.
   Exception: DataAccessException
1132. [AOCR_20260217.log] 2026-02-17 21:35:52.985 | ERROR | CID:N/A | ERR:EMAIL_QUEUE_ERROR | Error de configuración de base de datos.
   Exception: DataAccessException
1133. [AOCR_20260217.log] 2026-02-17 21:36:23.457 | ERROR | CID:N/A | ERR:EMAIL_QUEUE_ERROR | Error de configuración de base de datos.
   Exception: DataAccessException
1134. [AOCR_20260217.log] 2026-02-17 21:36:53.519 | ERROR | CID:N/A | ERR:EMAIL_QUEUE_ERROR | Error de configuración de base de datos.
   Exception: DataAccessException
1135. [AOCR_20260217.log] 2026-02-17 21:37:23.594 | ERROR | CID:N/A | ERR:EMAIL_QUEUE_ERROR | Error de configuración de base de datos.
   Exception: DataAccessException
1136. [AOCR_20260217.log] 2026-02-17 21:37:53.649 | ERROR | CID:N/A | ERR:EMAIL_QUEUE_ERROR | Error de configuración de base de datos.
   Exception: DataAccessException
1137. [AOCR_20260217.log] 2026-02-17 21:38:23.707 | ERROR | CID:N/A | ERR:EMAIL_QUEUE_ERROR | Error de configuración de base de datos.
   Exception: DataAccessException
1138. [AOCR_20260217.log] 2026-02-17 21:38:53.789 | ERROR | CID:N/A | ERR:EMAIL_QUEUE_ERROR | Error de configuración de base de datos.
   Exception: DataAccessException
1139. [AOCR_20260217.log] 2026-02-17 21:39:23.860 | ERROR | CID:N/A | ERR:EMAIL_QUEUE_ERROR | Error de configuración de base de datos.
   Exception: DataAccessException
1140. [AOCR_20260217.log] 2026-02-17 21:39:53.922 | ERROR | CID:N/A | ERR:EMAIL_QUEUE_ERROR | Error de configuración de base de datos.
   Exception: DataAccessException
1141. [AOCR_20260217.log] 2026-02-17 21:40:23.978 | ERROR | CID:N/A | ERR:EMAIL_QUEUE_ERROR | Error de configuración de base de datos.
   Exception: DataAccessException
1142. [AOCR_20260217.log] 2026-02-17 21:40:54.031 | ERROR | CID:N/A | ERR:EMAIL_QUEUE_ERROR | Error de configuración de base de datos.
   Exception: DataAccessException
1143. [AOCR_20260217.log] 2026-02-17 21:41:24.091 | ERROR | CID:N/A | ERR:EMAIL_QUEUE_ERROR | Error de configuración de base de datos.
   Exception: DataAccessException
1144. [AOCR_20260217.log] 2026-02-17 21:41:54.141 | ERROR | CID:N/A | ERR:EMAIL_QUEUE_ERROR | Error de configuración de base de datos.
   Exception: DataAccessException
1145. [AOCR_20260217.log] 2026-02-17 21:42:24.195 | ERROR | CID:N/A | ERR:EMAIL_QUEUE_ERROR | Error de configuración de base de datos.
   Exception: DataAccessException
1146. [AOCR_20260217.log] 2026-02-17 21:42:54.252 | ERROR | CID:N/A | ERR:EMAIL_QUEUE_ERROR | Error de configuración de base de datos.
   Exception: DataAccessException
1147. [AOCR_20260217.log] 2026-02-17 21:43:24.295 | ERROR | CID:N/A | ERR:EMAIL_QUEUE_ERROR | Error de configuración de base de datos.
   Exception: DataAccessException
1148. [AOCR_20260217.log] 2026-02-17 21:43:54.358 | ERROR | CID:N/A | ERR:EMAIL_QUEUE_ERROR | Error de configuración de base de datos.
   Exception: DataAccessException
1149. [AOCR_20260217.log] 2026-02-17 21:44:24.410 | ERROR | CID:N/A | ERR:EMAIL_QUEUE_ERROR | Error de configuración de base de datos.
   Exception: DataAccessException
1150. [AOCR_20260217.log] 2026-02-17 21:44:54.471 | ERROR | CID:N/A | ERR:EMAIL_QUEUE_ERROR | Error de configuración de base de datos.
   Exception: DataAccessException
1151. [AOCR_20260217.log] 2026-02-17 21:45:24.530 | ERROR | CID:N/A | ERR:EMAIL_QUEUE_ERROR | Error de configuración de base de datos.
   Exception: DataAccessException
1152. [AOCR_20260217.log] 2026-02-17 21:45:54.591 | ERROR | CID:N/A | ERR:EMAIL_QUEUE_ERROR | Error de configuración de base de datos.
   Exception: DataAccessException
1153. [AOCR_20260217.log] 2026-02-17 21:46:24.646 | ERROR | CID:N/A | ERR:EMAIL_QUEUE_ERROR | Error de configuración de base de datos.
   Exception: DataAccessException
1154. [AOCR_20260217.log] 2026-02-17 21:46:54.694 | ERROR | CID:N/A | ERR:EMAIL_QUEUE_ERROR | Error de configuración de base de datos.
   Exception: DataAccessException
1155. [AOCR_20260217.log] 2026-02-17 21:47:24.748 | ERROR | CID:N/A | ERR:EMAIL_QUEUE_ERROR | Error de configuración de base de datos.
   Exception: DataAccessException
1156. [AOCR_20260217.log] 2026-02-17 21:47:54.806 | ERROR | CID:N/A | ERR:EMAIL_QUEUE_ERROR | Error de configuración de base de datos.
   Exception: DataAccessException
1157. [AOCR_20260217.log] 2026-02-17 21:48:24.858 | ERROR | CID:N/A | ERR:EMAIL_QUEUE_ERROR | Error de configuración de base de datos.
   Exception: DataAccessException
1158. [AOCR_20260217.log] 2026-02-17 21:48:54.918 | ERROR | CID:N/A | ERR:EMAIL_QUEUE_ERROR | Error de configuración de base de datos.
   Exception: DataAccessException
1159. [AOCR_20260217.log] 2026-02-17 21:49:24.967 | ERROR | CID:N/A | ERR:EMAIL_QUEUE_ERROR | Error de configuración de base de datos.
   Exception: DataAccessException
1160. [AOCR_20260217.log] 2026-02-17 21:49:55.022 | ERROR | CID:N/A | ERR:EMAIL_QUEUE_ERROR | Error de configuración de base de datos.
   Exception: DataAccessException
1161. [AOCR_20260217.log] 2026-02-17 21:50:25.061 | ERROR | CID:N/A | ERR:EMAIL_QUEUE_ERROR | Error de configuración de base de datos.
   Exception: DataAccessException
1162. [AOCR_20260217.log] 2026-02-17 21:50:55.142 | ERROR | CID:N/A | ERR:EMAIL_QUEUE_ERROR | Error de configuración de base de datos.
   Exception: DataAccessException
1163. [AOCR_20260217.log] 2026-02-17 21:51:25.190 | ERROR | CID:N/A | ERR:EMAIL_QUEUE_ERROR | Error de configuración de base de datos.
   Exception: DataAccessException
1164. [AOCR_20260217.log] 2026-02-17 21:51:55.235 | ERROR | CID:N/A | ERR:EMAIL_QUEUE_ERROR | Error de configuración de base de datos.
   Exception: DataAccessException
1165. [AOCR_20260217.log] 2026-02-17 21:52:25.291 | ERROR | CID:N/A | ERR:EMAIL_QUEUE_ERROR | Error de configuración de base de datos.
   Exception: DataAccessException
1166. [AOCR_20260217.log] 2026-02-17 21:52:55.351 | ERROR | CID:N/A | ERR:EMAIL_QUEUE_ERROR | Error de configuración de base de datos.
   Exception: DataAccessException
1167. [AOCR_20260217.log] 2026-02-17 21:53:25.396 | ERROR | CID:N/A | ERR:EMAIL_QUEUE_ERROR | Error de configuración de base de datos.
   Exception: DataAccessException
1168. [AOCR_20260217.log] 2026-02-17 21:53:55.442 | ERROR | CID:N/A | ERR:EMAIL_QUEUE_ERROR | Error de configuración de base de datos.
   Exception: DataAccessException
1169. [AOCR_20260217.log] 2026-02-17 21:54:25.506 | ERROR | CID:N/A | ERR:EMAIL_QUEUE_ERROR | Error de configuración de base de datos.
   Exception: DataAccessException
1170. [AOCR_20260217.log] 2026-02-17 21:54:55.562 | ERROR | CID:N/A | ERR:EMAIL_QUEUE_ERROR | Error de configuración de base de datos.
   Exception: DataAccessException
1171. [AOCR_20260217.log] 2026-02-17 21:55:25.616 | ERROR | CID:N/A | ERR:EMAIL_QUEUE_ERROR | Error de configuración de base de datos.
   Exception: DataAccessException
1172. [AOCR_20260217.log] 2026-02-17 21:55:55.683 | ERROR | CID:N/A | ERR:EMAIL_QUEUE_ERROR | Error de configuración de base de datos.
   Exception: DataAccessException
1173. [AOCR_20260217.log] 2026-02-17 21:56:25.744 | ERROR | CID:N/A | ERR:EMAIL_QUEUE_ERROR | Error de configuración de base de datos.
   Exception: DataAccessException
1174. [AOCR_20260217.log] 2026-02-17 21:56:55.795 | ERROR | CID:N/A | ERR:EMAIL_QUEUE_ERROR | Error de configuración de base de datos.
   Exception: DataAccessException
1175. [AOCR_20260217.log] 2026-02-17 21:57:25.873 | ERROR | CID:N/A | ERR:EMAIL_QUEUE_ERROR | Error de configuración de base de datos.
   Exception: DataAccessException
1176. [AOCR_20260217.log] 2026-02-17 21:57:56.154 | ERROR | CID:N/A | ERR:EMAIL_QUEUE_ERROR | Error de configuración de base de datos.
   Exception: DataAccessException
1177. [AOCR_20260217.log] 2026-02-17 21:58:26.206 | ERROR | CID:N/A | ERR:EMAIL_QUEUE_ERROR | Error de configuración de base de datos.
   Exception: DataAccessException
1178. [AOCR_20260217.log] 2026-02-17 21:58:56.267 | ERROR | CID:N/A | ERR:EMAIL_QUEUE_ERROR | Error de configuración de base de datos.
   Exception: DataAccessException
1179. [AOCR_20260217.log] 2026-02-17 21:59:26.321 | ERROR | CID:N/A | ERR:EMAIL_QUEUE_ERROR | Error de configuración de base de datos.
   Exception: DataAccessException
1180. [AOCR_20260217.log] 2026-02-17 21:59:56.379 | ERROR | CID:N/A | ERR:EMAIL_QUEUE_ERROR | Error de configuración de base de datos.
   Exception: DataAccessException
1181. [AOCR_20260217.log] 2026-02-17 22:00:26.654 | ERROR | CID:N/A | ERR:EMAIL_QUEUE_ERROR | Error de configuración de base de datos.
   Exception: DataAccessException
1182. [AOCR_20260217.log] 2026-02-17 22:00:56.711 | ERROR | CID:N/A | ERR:EMAIL_QUEUE_ERROR | Error de configuración de base de datos.
   Exception: DataAccessException
1183. [AOCR_20260217.log] 2026-02-17 22:01:26.761 | ERROR | CID:N/A | ERR:EMAIL_QUEUE_ERROR | Error de configuración de base de datos.
   Exception: DataAccessException
1184. [AOCR_20260217.log] 2026-02-17 22:01:56.812 | ERROR | CID:N/A | ERR:EMAIL_QUEUE_ERROR | Error de configuración de base de datos.
   Exception: DataAccessException
1185. [AOCR_20260217.log] 2026-02-17 22:02:26.857 | ERROR | CID:N/A | ERR:EMAIL_QUEUE_ERROR | Error de configuración de base de datos.
   Exception: DataAccessException
1186. [AOCR_20260217.log] 2026-02-17 22:02:56.923 | ERROR | CID:N/A | ERR:EMAIL_QUEUE_ERROR | Error de configuración de base de datos.
   Exception: DataAccessException
1187. [AOCR_20260217.log] 2026-02-17 22:03:27.209 | ERROR | CID:N/A | ERR:EMAIL_QUEUE_ERROR | Error de configuración de base de datos.
   Exception: DataAccessException
1188. [AOCR_20260217.log] 2026-02-17 22:03:57.271 | ERROR | CID:N/A | ERR:EMAIL_QUEUE_ERROR | Error de configuración de base de datos.
   Exception: DataAccessException
1189. [AOCR_20260217.log] 2026-02-17 22:04:27.341 | ERROR | CID:N/A | ERR:EMAIL_QUEUE_ERROR | Error de configuración de base de datos.
   Exception: DataAccessException
1190. [AOCR_20260217.log] 2026-02-17 22:04:57.413 | ERROR | CID:N/A | ERR:EMAIL_QUEUE_ERROR | Error de configuración de base de datos.
   Exception: DataAccessException
1191. [AOCR_20260217.log] 2026-02-17 22:05:27.689 | ERROR | CID:N/A | ERR:EMAIL_QUEUE_ERROR | Error de configuración de base de datos.
   Exception: DataAccessException
1192. [AOCR_20260217.log] 2026-02-17 22:05:58.157 | ERROR | CID:N/A | ERR:EMAIL_QUEUE_ERROR | Error de configuración de base de datos.
   Exception: DataAccessException
1193. [AOCR_20260217.log] 2026-02-17 22:06:28.212 | ERROR | CID:N/A | ERR:EMAIL_QUEUE_ERROR | Error de configuración de base de datos.
   Exception: DataAccessException
1194. [AOCR_20260217.log] 2026-02-17 22:06:58.269 | ERROR | CID:N/A | ERR:EMAIL_QUEUE_ERROR | Error de configuración de base de datos.
   Exception: DataAccessException
1195. [AOCR_20260217.log] 2026-02-17 22:07:28.319 | ERROR | CID:N/A | ERR:EMAIL_QUEUE_ERROR | Error de configuración de base de datos.
   Exception: DataAccessException
1196. [AOCR_20260217.log] 2026-02-17 22:07:58.389 | ERROR | CID:N/A | ERR:EMAIL_QUEUE_ERROR | Error de configuración de base de datos.
   Exception: DataAccessException
1197. [AOCR_20260217.log] 2026-02-17 22:08:28.449 | ERROR | CID:N/A | ERR:EMAIL_QUEUE_ERROR | Error de configuración de base de datos.
   Exception: DataAccessException
1198. [AOCR_20260217.log] 2026-02-17 22:08:58.511 | ERROR | CID:N/A | ERR:EMAIL_QUEUE_ERROR | Error de configuración de base de datos.
   Exception: DataAccessException
1199. [AOCR_20260217.log] 2026-02-17 22:09:28.572 | ERROR | CID:N/A | ERR:EMAIL_QUEUE_ERROR | Error de configuración de base de datos.
   Exception: DataAccessException
1200. [AOCR_20260217.log] 2026-02-17 22:09:58.630 | ERROR | CID:N/A | ERR:EMAIL_QUEUE_ERROR | Error de configuración de base de datos.
   Exception: DataAccessException
1201. [AOCR_20260217.log] 2026-02-17 22:10:28.689 | ERROR | CID:N/A | ERR:EMAIL_QUEUE_ERROR | Error de configuración de base de datos.
   Exception: DataAccessException
1202. [AOCR_20260217.log] 2026-02-17 22:10:58.742 | ERROR | CID:N/A | ERR:EMAIL_QUEUE_ERROR | Error de configuración de base de datos.
   Exception: DataAccessException
1203. [AOCR_20260217.log] 2026-02-17 22:11:28.801 | ERROR | CID:N/A | ERR:EMAIL_QUEUE_ERROR | Error de configuración de base de datos.
   Exception: DataAccessException
1204. [AOCR_20260217.log] 2026-02-17 22:11:58.852 | ERROR | CID:N/A | ERR:EMAIL_QUEUE_ERROR | Error de configuración de base de datos.
   Exception: DataAccessException
1205. [AOCR_20260217.log] 2026-02-17 22:12:28.915 | ERROR | CID:N/A | ERR:EMAIL_QUEUE_ERROR | Error de configuración de base de datos.
   Exception: DataAccessException
1206. [AOCR_20260217.log] 2026-02-17 22:12:58.963 | ERROR | CID:N/A | ERR:EMAIL_QUEUE_ERROR | Error de configuración de base de datos.
   Exception: DataAccessException
1207. [AOCR_20260217.log] 2026-02-17 22:13:29.024 | ERROR | CID:N/A | ERR:EMAIL_QUEUE_ERROR | Error de configuración de base de datos.
   Exception: DataAccessException
1208. [AOCR_20260217.log] 2026-02-17 22:13:59.076 | ERROR | CID:N/A | ERR:EMAIL_QUEUE_ERROR | Error de configuración de base de datos.
   Exception: DataAccessException
1209. [AOCR_20260217.log] 2026-02-17 22:14:29.135 | ERROR | CID:N/A | ERR:EMAIL_QUEUE_ERROR | Error de configuración de base de datos.
   Exception: DataAccessException
1210. [AOCR_20260217.log] 2026-02-17 22:14:59.180 | ERROR | CID:N/A | ERR:EMAIL_QUEUE_ERROR | Error de configuración de base de datos.
   Exception: DataAccessException
1211. [AOCR_20260217.log] 2026-02-17 22:15:29.255 | ERROR | CID:N/A | ERR:EMAIL_QUEUE_ERROR | Error de configuración de base de datos.
   Exception: DataAccessException
1212. [AOCR_20260217.log] 2026-02-17 22:15:59.316 | ERROR | CID:N/A | ERR:EMAIL_QUEUE_ERROR | Error de configuración de base de datos.
   Exception: DataAccessException
1213. [AOCR_20260217.log] 2026-02-17 22:16:29.380 | ERROR | CID:N/A | ERR:EMAIL_QUEUE_ERROR | Error de configuración de base de datos.
   Exception: DataAccessException
1214. [AOCR_20260217.log] 2026-02-17 22:16:59.443 | ERROR | CID:N/A | ERR:EMAIL_QUEUE_ERROR | Error de configuración de base de datos.
   Exception: DataAccessException
1215. [AOCR_20260217.log] 2026-02-17 22:17:29.497 | ERROR | CID:N/A | ERR:EMAIL_QUEUE_ERROR | Error de configuración de base de datos.
   Exception: DataAccessException
1216. [AOCR_20260217.log] 2026-02-17 22:17:59.554 | ERROR | CID:N/A | ERR:EMAIL_QUEUE_ERROR | Error de configuración de base de datos.
   Exception: DataAccessException
1217. [AOCR_20260217.log] 2026-02-17 22:18:29.624 | ERROR | CID:N/A | ERR:EMAIL_QUEUE_ERROR | Error de configuración de base de datos.
   Exception: DataAccessException
1218. [AOCR_20260217.log] 2026-02-17 22:18:59.676 | ERROR | CID:N/A | ERR:EMAIL_QUEUE_ERROR | Error de configuración de base de datos.
   Exception: DataAccessException
1219. [AOCR_20260217.log] 2026-02-17 22:19:29.736 | ERROR | CID:N/A | ERR:EMAIL_QUEUE_ERROR | Error de configuración de base de datos.
   Exception: DataAccessException
1220. [AOCR_20260217.log] 2026-02-17 22:19:59.791 | ERROR | CID:N/A | ERR:EMAIL_QUEUE_ERROR | Error de configuración de base de datos.
   Exception: DataAccessException
1221. [AOCR_20260217.log] 2026-02-17 22:20:29.842 | ERROR | CID:N/A | ERR:EMAIL_QUEUE_ERROR | Error de configuración de base de datos.
   Exception: DataAccessException
1222. [AOCR_20260217.log] 2026-02-17 22:20:59.897 | ERROR | CID:N/A | ERR:EMAIL_QUEUE_ERROR | Error de configuración de base de datos.
   Exception: DataAccessException
1223. [AOCR_20260217.log] 2026-02-17 22:21:29.956 | ERROR | CID:N/A | ERR:EMAIL_QUEUE_ERROR | Error de configuración de base de datos.
   Exception: DataAccessException
1224. [AOCR_20260217.log] 2026-02-17 22:22:00.011 | ERROR | CID:N/A | ERR:EMAIL_QUEUE_ERROR | Error de configuración de base de datos.
   Exception: DataAccessException
1225. [AOCR_20260217.log] 2026-02-17 22:22:30.075 | ERROR | CID:N/A | ERR:EMAIL_QUEUE_ERROR | Error de configuración de base de datos.
   Exception: DataAccessException
1226. [AOCR_20260217.log] 2026-02-17 22:23:00.129 | ERROR | CID:N/A | ERR:EMAIL_QUEUE_ERROR | Error de configuración de base de datos.
   Exception: DataAccessException
1227. [AOCR_20260217.log] 2026-02-17 22:23:30.182 | ERROR | CID:N/A | ERR:EMAIL_QUEUE_ERROR | Error de configuración de base de datos.
   Exception: DataAccessException
1228. [AOCR_20260217.log] 2026-02-17 22:24:00.259 | ERROR | CID:N/A | ERR:EMAIL_QUEUE_ERROR | Error de configuración de base de datos.
   Exception: DataAccessException
1229. [AOCR_20260217.log] 2026-02-17 22:24:30.311 | ERROR | CID:N/A | ERR:EMAIL_QUEUE_ERROR | Error de configuración de base de datos.
   Exception: DataAccessException
1230. [AOCR_20260217.log] 2026-02-17 22:25:00.383 | ERROR | CID:N/A | ERR:EMAIL_QUEUE_ERROR | Error de configuración de base de datos.
   Exception: DataAccessException
1231. [AOCR_20260217.log] 2026-02-17 22:25:30.436 | ERROR | CID:N/A | ERR:EMAIL_QUEUE_ERROR | Error de configuración de base de datos.
   Exception: DataAccessException
1232. [AOCR_20260217.log] 2026-02-17 22:26:00.492 | ERROR | CID:N/A | ERR:EMAIL_QUEUE_ERROR | Error de configuración de base de datos.
   Exception: DataAccessException
1233. [AOCR_20260217.log] 2026-02-17 22:26:30.551 | ERROR | CID:N/A | ERR:EMAIL_QUEUE_ERROR | Error de configuración de base de datos.
   Exception: DataAccessException
1234. [AOCR_20260217.log] 2026-02-17 22:27:00.594 | ERROR | CID:N/A | ERR:EMAIL_QUEUE_ERROR | Error de configuración de base de datos.
   Exception: DataAccessException
1235. [AOCR_20260217.log] 2026-02-17 22:27:30.659 | ERROR | CID:N/A | ERR:EMAIL_QUEUE_ERROR | Error de configuración de base de datos.
   Exception: DataAccessException
1236. [AOCR_20260217.log] 2026-02-17 22:28:00.705 | ERROR | CID:N/A | ERR:EMAIL_QUEUE_ERROR | Error de configuración de base de datos.
   Exception: DataAccessException
1237. [AOCR_20260217.log] 2026-02-17 22:28:30.761 | ERROR | CID:N/A | ERR:EMAIL_QUEUE_ERROR | Error de configuración de base de datos.
   Exception: DataAccessException
1238. [AOCR_20260217.log] 2026-02-17 22:29:00.817 | ERROR | CID:N/A | ERR:EMAIL_QUEUE_ERROR | Error de configuración de base de datos.
   Exception: DataAccessException
1239. [AOCR_20260217.log] 2026-02-17 22:29:30.886 | ERROR | CID:N/A | ERR:EMAIL_QUEUE_ERROR | Error de configuración de base de datos.
   Exception: DataAccessException
1240. [AOCR_20260217.log] 2026-02-17 22:30:00.962 | ERROR | CID:N/A | ERR:EMAIL_QUEUE_ERROR | Error de configuración de base de datos.
   Exception: DataAccessException
1241. [AOCR_20260217.log] 2026-02-17 22:30:31.019 | ERROR | CID:N/A | ERR:EMAIL_QUEUE_ERROR | Error de configuración de base de datos.
   Exception: DataAccessException
1242. [AOCR_20260217.log] 2026-02-17 22:31:01.080 | ERROR | CID:N/A | ERR:EMAIL_QUEUE_ERROR | Error de configuración de base de datos.
   Exception: DataAccessException
1243. [AOCR_20260217.log] 2026-02-17 22:31:31.137 | ERROR | CID:N/A | ERR:EMAIL_QUEUE_ERROR | Error de configuración de base de datos.
   Exception: DataAccessException
1244. [AOCR_20260217.log] 2026-02-17 22:32:01.204 | ERROR | CID:N/A | ERR:EMAIL_QUEUE_ERROR | Error de configuración de base de datos.
   Exception: DataAccessException
1245. [AOCR_20260217.log] 2026-02-17 22:32:31.261 | ERROR | CID:N/A | ERR:EMAIL_QUEUE_ERROR | Error de configuración de base de datos.
   Exception: DataAccessException
1246. [AOCR_20260217.log] 2026-02-17 22:33:01.308 | ERROR | CID:N/A | ERR:EMAIL_QUEUE_ERROR | Error de configuración de base de datos.
   Exception: DataAccessException
1247. [AOCR_20260217.log] 2026-02-17 22:33:31.368 | ERROR | CID:N/A | ERR:EMAIL_QUEUE_ERROR | Error de configuración de base de datos.
   Exception: DataAccessException
1248. [AOCR_20260217.log] 2026-02-17 22:34:01.427 | ERROR | CID:N/A | ERR:EMAIL_QUEUE_ERROR | Error de configuración de base de datos.
   Exception: DataAccessException
1249. [AOCR_20260217.log] 2026-02-17 22:34:31.482 | ERROR | CID:N/A | ERR:EMAIL_QUEUE_ERROR | Error de configuración de base de datos.
   Exception: DataAccessException
1250. [AOCR_20260217.log] 2026-02-17 22:35:01.538 | ERROR | CID:N/A | ERR:EMAIL_QUEUE_ERROR | Error de configuración de base de datos.
   Exception: DataAccessException
1251. [AOCR_20260217.log] 2026-02-17 22:35:31.595 | ERROR | CID:N/A | ERR:EMAIL_QUEUE_ERROR | Error de configuración de base de datos.
   Exception: DataAccessException
1252. [AOCR_20260217.log] 2026-02-17 22:36:01.642 | ERROR | CID:N/A | ERR:EMAIL_QUEUE_ERROR | Error de configuración de base de datos.
   Exception: DataAccessException
1253. [AOCR_20260217.log] 2026-02-17 22:36:31.701 | ERROR | CID:N/A | ERR:EMAIL_QUEUE_ERROR | Error de configuración de base de datos.
   Exception: DataAccessException
1254. [AOCR_20260217.log] 2026-02-17 22:37:01.755 | ERROR | CID:N/A | ERR:EMAIL_QUEUE_ERROR | Error de configuración de base de datos.
   Exception: DataAccessException
1255. [AOCR_20260217.log] 2026-02-17 22:37:31.816 | ERROR | CID:N/A | ERR:EMAIL_QUEUE_ERROR | Error de configuración de base de datos.
   Exception: DataAccessException
1256. [AOCR_20260217.log] 2026-02-17 22:38:01.871 | ERROR | CID:N/A | ERR:EMAIL_QUEUE_ERROR | Error de configuración de base de datos.
   Exception: DataAccessException
1257. [AOCR_20260217.log] 2026-02-17 22:38:31.934 | ERROR | CID:N/A | ERR:EMAIL_QUEUE_ERROR | Error de configuración de base de datos.
   Exception: DataAccessException
1258. [AOCR_20260217.log] 2026-02-17 22:39:01.979 | ERROR | CID:N/A | ERR:EMAIL_QUEUE_ERROR | Error de configuración de base de datos.
   Exception: DataAccessException
1259. [AOCR_20260217.log] 2026-02-17 22:39:32.033 | ERROR | CID:N/A | ERR:EMAIL_QUEUE_ERROR | Error de configuración de base de datos.
   Exception: DataAccessException
1260. [AOCR_20260217.log] 2026-02-17 22:40:02.091 | ERROR | CID:N/A | ERR:EMAIL_QUEUE_ERROR | Error de configuración de base de datos.
   Exception: DataAccessException
1261. [AOCR_20260217.log] 2026-02-17 22:40:32.152 | ERROR | CID:N/A | ERR:EMAIL_QUEUE_ERROR | Error de configuración de base de datos.
   Exception: DataAccessException
1262. [AOCR_20260217.log] 2026-02-17 22:41:02.203 | ERROR | CID:N/A | ERR:EMAIL_QUEUE_ERROR | Error de configuración de base de datos.
   Exception: DataAccessException
1263. [AOCR_20260217.log] 2026-02-17 22:41:32.257 | ERROR | CID:N/A | ERR:EMAIL_QUEUE_ERROR | Error de configuración de base de datos.
   Exception: DataAccessException
1264. [AOCR_20260217.log] 2026-02-17 22:42:02.311 | ERROR | CID:N/A | ERR:EMAIL_QUEUE_ERROR | Error de configuración de base de datos.
   Exception: DataAccessException
1265. [AOCR_20260217.log] 2026-02-17 22:42:32.366 | ERROR | CID:N/A | ERR:EMAIL_QUEUE_ERROR | Error de configuración de base de datos.
   Exception: DataAccessException
1266. [AOCR_20260217.log] 2026-02-17 22:43:02.425 | ERROR | CID:N/A | ERR:EMAIL_QUEUE_ERROR | Error de configuración de base de datos.
   Exception: DataAccessException
1267. [AOCR_20260217.log] 2026-02-17 22:43:32.480 | ERROR | CID:N/A | ERR:EMAIL_QUEUE_ERROR | Error de configuración de base de datos.
   Exception: DataAccessException
1268. [AOCR_20260217.log] 2026-02-17 22:44:02.541 | ERROR | CID:N/A | ERR:EMAIL_QUEUE_ERROR | Error de configuración de base de datos.
   Exception: DataAccessException
1269. [AOCR_20260217.log] 2026-02-17 22:44:32.600 | ERROR | CID:N/A | ERR:EMAIL_QUEUE_ERROR | Error de configuración de base de datos.
   Exception: DataAccessException
1270. [AOCR_20260217.log] 2026-02-17 22:45:02.663 | ERROR | CID:N/A | ERR:EMAIL_QUEUE_ERROR | Error de configuración de base de datos.
   Exception: DataAccessException
1271. [AOCR_20260217.log] 2026-02-17 22:45:32.719 | ERROR | CID:N/A | ERR:EMAIL_QUEUE_ERROR | Error de configuración de base de datos.
   Exception: DataAccessException
1272. [AOCR_20260217.log] 2026-02-17 22:46:02.770 | ERROR | CID:N/A | ERR:EMAIL_QUEUE_ERROR | Error de configuración de base de datos.
   Exception: DataAccessException
1273. [AOCR_20260217.log] 2026-02-17 22:46:32.827 | ERROR | CID:N/A | ERR:EMAIL_QUEUE_ERROR | Error de configuración de base de datos.
   Exception: DataAccessException
1274. [AOCR_20260217.log] 2026-02-17 22:47:02.882 | ERROR | CID:N/A | ERR:EMAIL_QUEUE_ERROR | Error de configuración de base de datos.
   Exception: DataAccessException
1275. [AOCR_20260217.log] 2026-02-17 22:47:32.933 | ERROR | CID:N/A | ERR:EMAIL_QUEUE_ERROR | Error de configuración de base de datos.
   Exception: DataAccessException
1276. [AOCR_20260217.log] 2026-02-17 22:48:02.992 | ERROR | CID:N/A | ERR:EMAIL_QUEUE_ERROR | Error de configuración de base de datos.
   Exception: DataAccessException
1277. [AOCR_20260217.log] 2026-02-17 22:48:33.045 | ERROR | CID:N/A | ERR:EMAIL_QUEUE_ERROR | Error de configuración de base de datos.
   Exception: DataAccessException
1278. [AOCR_20260217.log] 2026-02-17 22:49:03.104 | ERROR | CID:N/A | ERR:EMAIL_QUEUE_ERROR | Error de configuración de base de datos.
   Exception: DataAccessException
1279. [AOCR_20260217.log] 2026-02-17 22:49:33.174 | ERROR | CID:N/A | ERR:EMAIL_QUEUE_ERROR | Error de configuración de base de datos.
   Exception: DataAccessException
1280. [AOCR_20260217.log] 2026-02-17 22:50:03.229 | ERROR | CID:N/A | ERR:EMAIL_QUEUE_ERROR | Error de configuración de base de datos.
   Exception: DataAccessException
1281. [AOCR_20260217.log] 2026-02-17 22:50:33.304 | ERROR | CID:N/A | ERR:EMAIL_QUEUE_ERROR | Error de configuración de base de datos.
   Exception: DataAccessException
1282. [AOCR_20260217.log] 2026-02-17 22:51:03.355 | ERROR | CID:N/A | ERR:EMAIL_QUEUE_ERROR | Error de configuración de base de datos.
   Exception: DataAccessException
1283. [AOCR_20260217.log] 2026-02-17 22:51:33.427 | ERROR | CID:N/A | ERR:EMAIL_QUEUE_ERROR | Error de configuración de base de datos.
   Exception: DataAccessException
1284. [AOCR_20260217.log] 2026-02-17 22:52:03.473 | ERROR | CID:N/A | ERR:EMAIL_QUEUE_ERROR | Error de configuración de base de datos.
   Exception: DataAccessException
1285. [AOCR_20260217.log] 2026-02-17 22:52:33.535 | ERROR | CID:N/A | ERR:EMAIL_QUEUE_ERROR | Error de configuración de base de datos.
   Exception: DataAccessException
1286. [AOCR_20260217.log] 2026-02-17 22:53:03.580 | ERROR | CID:N/A | ERR:EMAIL_QUEUE_ERROR | Error de configuración de base de datos.
   Exception: DataAccessException
1287. [AOCR_20260217.log] 2026-02-17 22:53:33.640 | ERROR | CID:N/A | ERR:EMAIL_QUEUE_ERROR | Error de configuración de base de datos.
   Exception: DataAccessException
1288. [AOCR_20260217.log] 2026-02-17 22:54:03.696 | ERROR | CID:N/A | ERR:EMAIL_QUEUE_ERROR | Error de configuración de base de datos.
   Exception: DataAccessException
1289. [AOCR_20260217.log] 2026-02-17 22:54:33.747 | ERROR | CID:N/A | ERR:EMAIL_QUEUE_ERROR | Error de configuración de base de datos.
   Exception: DataAccessException
1290. [AOCR_20260217.log] 2026-02-17 22:55:03.805 | ERROR | CID:N/A | ERR:EMAIL_QUEUE_ERROR | Error de configuración de base de datos.
   Exception: DataAccessException
1291. [AOCR_20260217.log] 2026-02-17 22:55:33.866 | ERROR | CID:N/A | ERR:EMAIL_QUEUE_ERROR | Error de configuración de base de datos.
   Exception: DataAccessException
1292. [AOCR_20260217.log] 2026-02-17 22:56:03.920 | ERROR | CID:N/A | ERR:EMAIL_QUEUE_ERROR | Error de configuración de base de datos.
   Exception: DataAccessException
1293. [AOCR_20260217.log] 2026-02-17 22:56:33.974 | ERROR | CID:N/A | ERR:EMAIL_QUEUE_ERROR | Error de configuración de base de datos.
   Exception: DataAccessException
1294. [AOCR_20260217.log] 2026-02-17 22:57:04.031 | ERROR | CID:N/A | ERR:EMAIL_QUEUE_ERROR | Error de configuración de base de datos.
   Exception: DataAccessException
1295. [AOCR_20260217.log] 2026-02-17 22:57:34.095 | ERROR | CID:N/A | ERR:EMAIL_QUEUE_ERROR | Error de configuración de base de datos.
   Exception: DataAccessException
1296. [AOCR_20260217.log] 2026-02-17 22:58:04.154 | ERROR | CID:N/A | ERR:EMAIL_QUEUE_ERROR | Error de configuración de base de datos.
   Exception: DataAccessException
1297. [AOCR_20260217.log] 2026-02-17 22:58:34.207 | ERROR | CID:N/A | ERR:EMAIL_QUEUE_ERROR | Error de configuración de base de datos.
   Exception: DataAccessException
1298. [AOCR_20260217.log] 2026-02-17 22:59:04.284 | ERROR | CID:N/A | ERR:EMAIL_QUEUE_ERROR | Error de configuración de base de datos.
   Exception: DataAccessException
1299. [AOCR_20260217.log] 2026-02-17 22:59:34.356 | ERROR | CID:N/A | ERR:EMAIL_QUEUE_ERROR | Error de configuración de base de datos.
   Exception: DataAccessException
1300. [AOCR_20260217.log] 2026-02-17 23:00:04.422 | ERROR | CID:N/A | ERR:EMAIL_QUEUE_ERROR | Error de configuración de base de datos.
   Exception: DataAccessException
1301. [AOCR_20260217.log] 2026-02-17 23:00:34.483 | ERROR | CID:N/A | ERR:EMAIL_QUEUE_ERROR | Error de configuración de base de datos.
   Exception: DataAccessException
1302. [AOCR_20260217.log] 2026-02-17 23:01:04.545 | ERROR | CID:N/A | ERR:EMAIL_QUEUE_ERROR | Error de configuración de base de datos.
   Exception: DataAccessException
1303. [AOCR_20260217.log] 2026-02-17 23:01:34.593 | ERROR | CID:N/A | ERR:EMAIL_QUEUE_ERROR | Error de configuración de base de datos.
   Exception: DataAccessException
1304. [AOCR_20260217.log] 2026-02-17 23:02:04.670 | ERROR | CID:N/A | ERR:EMAIL_QUEUE_ERROR | Error de configuración de base de datos.
   Exception: DataAccessException
1305. [AOCR_20260217.log] 2026-02-17 23:02:34.720 | ERROR | CID:N/A | ERR:EMAIL_QUEUE_ERROR | Error de configuración de base de datos.
   Exception: DataAccessException
1306. [AOCR_20260217.log] 2026-02-17 23:03:04.780 | ERROR | CID:N/A | ERR:EMAIL_QUEUE_ERROR | Error de configuración de base de datos.
   Exception: DataAccessException
1307. [AOCR_20260217.log] 2026-02-17 23:03:34.834 | ERROR | CID:N/A | ERR:EMAIL_QUEUE_ERROR | Error de configuración de base de datos.
   Exception: DataAccessException
1308. [AOCR_20260217.log] 2026-02-17 23:04:04.905 | ERROR | CID:N/A | ERR:EMAIL_QUEUE_ERROR | Error de configuración de base de datos.
   Exception: DataAccessException
1309. [AOCR_20260217.log] 2026-02-17 23:04:34.968 | ERROR | CID:N/A | ERR:EMAIL_QUEUE_ERROR | Error de configuración de base de datos.
   Exception: DataAccessException
1310. [AOCR_20260217.log] 2026-02-17 23:05:05.021 | ERROR | CID:N/A | ERR:EMAIL_QUEUE_ERROR | Error de configuración de base de datos.
   Exception: DataAccessException
1311. [AOCR_20260217.log] 2026-02-17 23:05:35.081 | ERROR | CID:N/A | ERR:EMAIL_QUEUE_ERROR | Error de configuración de base de datos.
   Exception: DataAccessException
1312. [AOCR_20260217.log] 2026-02-17 23:06:05.147 | ERROR | CID:N/A | ERR:EMAIL_QUEUE_ERROR | Error de configuración de base de datos.
   Exception: DataAccessException
1313. [AOCR_20260217.log] 2026-02-17 23:06:35.209 | ERROR | CID:N/A | ERR:EMAIL_QUEUE_ERROR | Error de configuración de base de datos.
   Exception: DataAccessException
1314. [AOCR_20260217.log] 2026-02-17 23:07:05.268 | ERROR | CID:N/A | ERR:EMAIL_QUEUE_ERROR | Error de configuración de base de datos.
   Exception: DataAccessException
1315. [AOCR_20260217.log] 2026-02-17 23:07:35.332 | ERROR | CID:N/A | ERR:EMAIL_QUEUE_ERROR | Error de configuración de base de datos.
   Exception: DataAccessException
1316. [AOCR_20260217.log] 2026-02-17 23:08:05.401 | ERROR | CID:N/A | ERR:EMAIL_QUEUE_ERROR | Error de configuración de base de datos.
   Exception: DataAccessException
1317. [AOCR_20260217.log] 2026-02-17 23:08:35.467 | ERROR | CID:N/A | ERR:EMAIL_QUEUE_ERROR | Error de configuración de base de datos.
   Exception: DataAccessException
1318. [AOCR_20260217.log] 2026-02-17 23:09:05.537 | ERROR | CID:N/A | ERR:EMAIL_QUEUE_ERROR | Error de configuración de base de datos.
   Exception: DataAccessException
1319. [AOCR_20260217.log] 2026-02-17 23:09:35.588 | ERROR | CID:N/A | ERR:EMAIL_QUEUE_ERROR | Error de configuración de base de datos.
   Exception: DataAccessException
1320. [AOCR_20260217.log] 2026-02-17 23:10:05.649 | ERROR | CID:N/A | ERR:EMAIL_QUEUE_ERROR | Error de configuración de base de datos.
   Exception: DataAccessException
1321. [AOCR_20260217.log] 2026-02-17 23:10:35.708 | ERROR | CID:N/A | ERR:EMAIL_QUEUE_ERROR | Error de configuración de base de datos.
   Exception: DataAccessException
1322. [AOCR_20260217.log] 2026-02-17 23:11:05.775 | ERROR | CID:N/A | ERR:EMAIL_QUEUE_ERROR | Error de configuración de base de datos.
   Exception: DataAccessException
1323. [AOCR_20260217.log] 2026-02-17 23:11:35.830 | ERROR | CID:N/A | ERR:EMAIL_QUEUE_ERROR | Error de configuración de base de datos.
   Exception: DataAccessException
1324. [AOCR_20260217.log] 2026-02-17 23:12:05.908 | ERROR | CID:N/A | ERR:EMAIL_QUEUE_ERROR | Error de configuración de base de datos.
   Exception: DataAccessException
1325. [AOCR_20260217.log] 2026-02-17 23:12:35.978 | ERROR | CID:N/A | ERR:EMAIL_QUEUE_ERROR | Error de configuración de base de datos.
   Exception: DataAccessException
1326. [AOCR_20260217.log] 2026-02-17 23:13:06.034 | ERROR | CID:N/A | ERR:EMAIL_QUEUE_ERROR | Error de configuración de base de datos.
   Exception: DataAccessException
1327. [AOCR_20260217.log] 2026-02-17 23:13:36.081 | ERROR | CID:N/A | ERR:EMAIL_QUEUE_ERROR | Error de configuración de base de datos.
   Exception: DataAccessException
1328. [AOCR_20260217.log] 2026-02-17 23:14:06.155 | ERROR | CID:N/A | ERR:EMAIL_QUEUE_ERROR | Error de configuración de base de datos.
   Exception: DataAccessException
1329. [AOCR_20260217.log] 2026-02-17 23:14:36.209 | ERROR | CID:N/A | ERR:EMAIL_QUEUE_ERROR | Error de configuración de base de datos.
   Exception: DataAccessException
1330. [AOCR_20260217.log] 2026-02-17 23:15:06.275 | ERROR | CID:N/A | ERR:EMAIL_QUEUE_ERROR | Error de configuración de base de datos.
   Exception: DataAccessException
1331. [AOCR_20260217.log] 2026-02-17 23:15:36.336 | ERROR | CID:N/A | ERR:EMAIL_QUEUE_ERROR | Error de configuración de base de datos.
   Exception: DataAccessException
1332. [AOCR_20260217.log] 2026-02-17 23:16:06.395 | ERROR | CID:N/A | ERR:EMAIL_QUEUE_ERROR | Error de configuración de base de datos.
   Exception: DataAccessException
1333. [AOCR_20260217.log] 2026-02-17 23:16:36.470 | ERROR | CID:N/A | ERR:EMAIL_QUEUE_ERROR | Error de configuración de base de datos.
   Exception: DataAccessException
1334. [AOCR_20260217.log] 2026-02-17 23:17:06.525 | ERROR | CID:N/A | ERR:EMAIL_QUEUE_ERROR | Error de configuración de base de datos.
   Exception: DataAccessException
1335. [AOCR_20260217.log] 2026-02-17 23:17:36.594 | ERROR | CID:N/A | ERR:EMAIL_QUEUE_ERROR | Error de configuración de base de datos.
   Exception: DataAccessException
1336. [AOCR_20260217.log] 2026-02-17 23:18:06.659 | ERROR | CID:N/A | ERR:EMAIL_QUEUE_ERROR | Error de configuración de base de datos.
   Exception: DataAccessException
1337. [AOCR_20260217.log] 2026-02-17 23:18:36.732 | ERROR | CID:N/A | ERR:EMAIL_QUEUE_ERROR | Error de configuración de base de datos.
   Exception: DataAccessException
1338. [AOCR_20260217.log] 2026-02-17 23:19:06.793 | ERROR | CID:N/A | ERR:EMAIL_QUEUE_ERROR | Error de configuración de base de datos.
   Exception: DataAccessException
1339. [AOCR_20260217.log] 2026-02-17 23:19:36.859 | ERROR | CID:N/A | ERR:EMAIL_QUEUE_ERROR | Error de configuración de base de datos.
   Exception: DataAccessException
1340. [AOCR_20260217.log] 2026-02-17 23:20:06.913 | ERROR | CID:N/A | ERR:EMAIL_QUEUE_ERROR | Error de configuración de base de datos.
   Exception: DataAccessException
1341. [AOCR_20260217.log] 2026-02-17 23:20:36.975 | ERROR | CID:N/A | ERR:EMAIL_QUEUE_ERROR | Error de configuración de base de datos.
   Exception: DataAccessException
1342. [AOCR_20260217.log] 2026-02-17 23:21:07.022 | ERROR | CID:N/A | ERR:EMAIL_QUEUE_ERROR | Error de configuración de base de datos.
   Exception: DataAccessException
1343. [AOCR_20260217.log] 2026-02-17 23:21:37.084 | ERROR | CID:N/A | ERR:EMAIL_QUEUE_ERROR | Error de configuración de base de datos.
   Exception: DataAccessException
1344. [AOCR_20260217.log] 2026-02-17 23:22:07.150 | ERROR | CID:N/A | ERR:EMAIL_QUEUE_ERROR | Error de configuración de base de datos.
   Exception: DataAccessException
1345. [AOCR_20260217.log] 2026-02-17 23:22:37.211 | ERROR | CID:N/A | ERR:EMAIL_QUEUE_ERROR | Error de configuración de base de datos.
   Exception: DataAccessException
1346. [AOCR_20260217.log] 2026-02-17 23:23:07.274 | ERROR | CID:N/A | ERR:EMAIL_QUEUE_ERROR | Error de configuración de base de datos.
   Exception: DataAccessException
1347. [AOCR_20260217.log] 2026-02-17 23:23:37.336 | ERROR | CID:N/A | ERR:EMAIL_QUEUE_ERROR | Error de configuración de base de datos.
   Exception: DataAccessException
1348. [AOCR_20260217.log] 2026-02-17 23:24:07.398 | ERROR | CID:N/A | ERR:EMAIL_QUEUE_ERROR | Error de configuración de base de datos.
   Exception: DataAccessException
1349. [AOCR_20260217.log] 2026-02-17 23:24:37.476 | ERROR | CID:N/A | ERR:EMAIL_QUEUE_ERROR | Error de configuración de base de datos.
   Exception: DataAccessException
1350. [AOCR_20260217.log] 2026-02-17 23:25:07.556 | ERROR | CID:N/A | ERR:EMAIL_QUEUE_ERROR | Error de configuración de base de datos.
   Exception: DataAccessException
1351. [AOCR_20260217.log] 2026-02-17 23:25:37.613 | ERROR | CID:N/A | ERR:EMAIL_QUEUE_ERROR | Error de configuración de base de datos.
   Exception: DataAccessException
1352. [AOCR_20260217.log] 2026-02-17 23:26:07.675 | ERROR | CID:N/A | ERR:EMAIL_QUEUE_ERROR | Error de configuración de base de datos.
   Exception: DataAccessException
1353. [AOCR_20260217.log] 2026-02-17 23:26:37.731 | ERROR | CID:N/A | ERR:EMAIL_QUEUE_ERROR | Error de configuración de base de datos.
   Exception: DataAccessException
1354. [AOCR_20260217.log] 2026-02-17 23:27:07.786 | ERROR | CID:N/A | ERR:EMAIL_QUEUE_ERROR | Error de configuración de base de datos.
   Exception: DataAccessException
1355. [AOCR_20260217.log] 2026-02-17 23:27:37.849 | ERROR | CID:N/A | ERR:EMAIL_QUEUE_ERROR | Error de configuración de base de datos.
   Exception: DataAccessException
1356. [AOCR_20260217.log] 2026-02-17 23:28:07.914 | ERROR | CID:N/A | ERR:EMAIL_QUEUE_ERROR | Error de configuración de base de datos.
   Exception: DataAccessException
1357. [AOCR_20260217.log] 2026-02-17 23:28:37.957 | ERROR | CID:N/A | ERR:EMAIL_QUEUE_ERROR | Error de configuración de base de datos.
   Exception: DataAccessException
1358. [AOCR_20260217.log] 2026-02-17 23:29:08.005 | ERROR | CID:N/A | ERR:EMAIL_QUEUE_ERROR | Error de configuración de base de datos.
   Exception: DataAccessException
1359. [AOCR_20260217.log] 2026-02-17 23:29:38.058 | ERROR | CID:N/A | ERR:EMAIL_QUEUE_ERROR | Error de configuración de base de datos.
   Exception: DataAccessException
1360. [AOCR_20260217.log] 2026-02-17 23:30:08.129 | ERROR | CID:N/A | ERR:EMAIL_QUEUE_ERROR | Error de configuración de base de datos.
   Exception: DataAccessException
1361. [AOCR_20260217.log] 2026-02-17 23:30:38.193 | ERROR | CID:N/A | ERR:EMAIL_QUEUE_ERROR | Error de configuración de base de datos.
   Exception: DataAccessException
1362. [AOCR_20260217.log] 2026-02-17 23:31:08.246 | ERROR | CID:N/A | ERR:EMAIL_QUEUE_ERROR | Error de configuración de base de datos.
   Exception: DataAccessException
1363. [AOCR_20260217.log] 2026-02-17 23:31:38.311 | ERROR | CID:N/A | ERR:EMAIL_QUEUE_ERROR | Error de configuración de base de datos.
   Exception: DataAccessException
1364. [AOCR_20260217.log] 2026-02-17 23:32:08.353 | ERROR | CID:N/A | ERR:EMAIL_QUEUE_ERROR | Error de configuración de base de datos.
   Exception: DataAccessException
1365. [AOCR_20260217.log] 2026-02-17 23:32:38.425 | ERROR | CID:N/A | ERR:EMAIL_QUEUE_ERROR | Error de configuración de base de datos.
   Exception: DataAccessException
1366. [AOCR_20260217.log] 2026-02-17 23:33:08.477 | ERROR | CID:N/A | ERR:EMAIL_QUEUE_ERROR | Error de configuración de base de datos.
   Exception: DataAccessException
1367. [AOCR_20260217.log] 2026-02-17 23:33:38.529 | ERROR | CID:N/A | ERR:EMAIL_QUEUE_ERROR | Error de configuración de base de datos.
   Exception: DataAccessException
1368. [AOCR_20260217.log] 2026-02-17 23:34:08.580 | ERROR | CID:N/A | ERR:EMAIL_QUEUE_ERROR | Error de configuración de base de datos.
   Exception: DataAccessException
1369. [AOCR_20260217.log] 2026-02-17 23:34:38.630 | ERROR | CID:N/A | ERR:EMAIL_QUEUE_ERROR | Error de configuración de base de datos.
   Exception: DataAccessException
1370. [AOCR_20260217.log] 2026-02-17 23:35:08.676 | ERROR | CID:N/A | ERR:EMAIL_QUEUE_ERROR | Error de configuración de base de datos.
   Exception: DataAccessException
1371. [AOCR_20260217.log] 2026-02-17 23:35:38.732 | ERROR | CID:N/A | ERR:EMAIL_QUEUE_ERROR | Error de configuración de base de datos.
   Exception: DataAccessException
1372. [AOCR_20260217.log] 2026-02-17 23:36:08.787 | ERROR | CID:N/A | ERR:EMAIL_QUEUE_ERROR | Error de configuración de base de datos.
   Exception: DataAccessException
1373. [AOCR_20260217.log] 2026-02-17 23:36:38.845 | ERROR | CID:N/A | ERR:EMAIL_QUEUE_ERROR | Error de configuración de base de datos.
   Exception: DataAccessException
1374. [AOCR_20260217.log] 2026-02-17 23:37:08.907 | ERROR | CID:N/A | ERR:EMAIL_QUEUE_ERROR | Error de configuración de base de datos.
   Exception: DataAccessException
1375. [AOCR_20260217.log] 2026-02-17 23:37:38.970 | ERROR | CID:N/A | ERR:EMAIL_QUEUE_ERROR | Error de configuración de base de datos.
   Exception: DataAccessException
1376. [AOCR_20260217.log] 2026-02-17 23:38:09.014 | ERROR | CID:N/A | ERR:EMAIL_QUEUE_ERROR | Error de configuración de base de datos.
   Exception: DataAccessException
1377. [AOCR_20260217.log] 2026-02-17 23:38:39.078 | ERROR | CID:N/A | ERR:EMAIL_QUEUE_ERROR | Error de configuración de base de datos.
   Exception: DataAccessException
1378. [AOCR_20260217.log] 2026-02-17 23:39:09.124 | ERROR | CID:N/A | ERR:EMAIL_QUEUE_ERROR | Error de configuración de base de datos.
   Exception: DataAccessException
1379. [AOCR_20260217.log] 2026-02-17 23:39:39.176 | ERROR | CID:N/A | ERR:EMAIL_QUEUE_ERROR | Error de configuración de base de datos.
   Exception: DataAccessException
1380. [AOCR_20260217.log] 2026-02-17 23:40:09.218 | ERROR | CID:N/A | ERR:EMAIL_QUEUE_ERROR | Error de configuración de base de datos.
   Exception: DataAccessException
1381. [AOCR_20260217.log] 2026-02-17 23:40:39.281 | ERROR | CID:N/A | ERR:EMAIL_QUEUE_ERROR | Error de configuración de base de datos.
   Exception: DataAccessException
1382. [AOCR_20260217.log] 2026-02-17 23:41:09.328 | ERROR | CID:N/A | ERR:EMAIL_QUEUE_ERROR | Error de configuración de base de datos.
   Exception: DataAccessException
1383. [AOCR_20260217.log] 2026-02-17 23:41:39.384 | ERROR | CID:N/A | ERR:EMAIL_QUEUE_ERROR | Error de configuración de base de datos.
   Exception: DataAccessException
1384. [AOCR_20260217.log] 2026-02-17 23:42:09.431 | ERROR | CID:N/A | ERR:EMAIL_QUEUE_ERROR | Error de configuración de base de datos.
   Exception: DataAccessException
1385. [AOCR_20260217.log] 2026-02-17 23:42:39.495 | ERROR | CID:N/A | ERR:EMAIL_QUEUE_ERROR | Error de configuración de base de datos.
   Exception: DataAccessException
1386. [AOCR_20260217.log] 2026-02-17 23:43:09.544 | ERROR | CID:N/A | ERR:EMAIL_QUEUE_ERROR | Error de configuración de base de datos.
   Exception: DataAccessException
1387. [AOCR_20260217.log] 2026-02-17 23:43:39.603 | ERROR | CID:N/A | ERR:EMAIL_QUEUE_ERROR | Error de configuración de base de datos.
   Exception: DataAccessException
1388. [AOCR_20260217.log] 2026-02-17 23:44:09.661 | ERROR | CID:N/A | ERR:EMAIL_QUEUE_ERROR | Error de configuración de base de datos.
   Exception: DataAccessException
1389. [AOCR_20260217.log] 2026-02-17 23:44:39.708 | ERROR | CID:N/A | ERR:EMAIL_QUEUE_ERROR | Error de configuración de base de datos.
   Exception: DataAccessException
1390. [AOCR_20260217.log] 2026-02-17 23:45:09.768 | ERROR | CID:N/A | ERR:EMAIL_QUEUE_ERROR | Error de configuración de base de datos.
   Exception: DataAccessException
1391. [AOCR_20260217.log] 2026-02-17 23:45:39.817 | ERROR | CID:N/A | ERR:EMAIL_QUEUE_ERROR | Error de configuración de base de datos.
   Exception: DataAccessException
1392. [AOCR_20260217.log] 2026-02-17 23:46:09.873 | ERROR | CID:N/A | ERR:EMAIL_QUEUE_ERROR | Error de configuración de base de datos.
   Exception: DataAccessException
1393. [AOCR_20260217.log] 2026-02-17 23:46:39.930 | ERROR | CID:N/A | ERR:EMAIL_QUEUE_ERROR | Error de configuración de base de datos.
   Exception: DataAccessException
1394. [AOCR_20260217.log] 2026-02-17 23:47:09.989 | ERROR | CID:N/A | ERR:EMAIL_QUEUE_ERROR | Error de configuración de base de datos.
   Exception: DataAccessException
1395. [AOCR_20260217.log] 2026-02-17 23:47:40.045 | ERROR | CID:N/A | ERR:EMAIL_QUEUE_ERROR | Error de configuración de base de datos.
   Exception: DataAccessException
1396. [AOCR_20260217.log] 2026-02-17 23:48:10.099 | ERROR | CID:N/A | ERR:EMAIL_QUEUE_ERROR | Error de configuración de base de datos.
   Exception: DataAccessException
1397. [AOCR_20260217.log] 2026-02-17 23:48:40.151 | ERROR | CID:N/A | ERR:EMAIL_QUEUE_ERROR | Error de configuración de base de datos.
   Exception: DataAccessException
1398. [AOCR_20260217.log] 2026-02-17 23:49:10.206 | ERROR | CID:N/A | ERR:EMAIL_QUEUE_ERROR | Error de configuración de base de datos.
   Exception: DataAccessException
1399. [AOCR_20260217.log] 2026-02-17 23:49:40.275 | ERROR | CID:N/A | ERR:EMAIL_QUEUE_ERROR | Error de configuración de base de datos.
   Exception: DataAccessException
1400. [AOCR_20260217.log] 2026-02-17 23:50:10.335 | ERROR | CID:N/A | ERR:EMAIL_QUEUE_ERROR | Error de configuración de base de datos.
   Exception: DataAccessException
1401. [AOCR_20260217.log] 2026-02-17 23:50:40.388 | ERROR | CID:N/A | ERR:EMAIL_QUEUE_ERROR | Error de configuración de base de datos.
   Exception: DataAccessException
1402. [AOCR_20260217.log] 2026-02-17 23:51:10.436 | ERROR | CID:N/A | ERR:EMAIL_QUEUE_ERROR | Error de configuración de base de datos.
   Exception: DataAccessException
1403. [AOCR_20260217.log] 2026-02-17 23:51:40.493 | ERROR | CID:N/A | ERR:EMAIL_QUEUE_ERROR | Error de configuración de base de datos.
   Exception: DataAccessException
1404. [AOCR_20260217.log] 2026-02-17 23:52:10.552 | ERROR | CID:N/A | ERR:EMAIL_QUEUE_ERROR | Error de configuración de base de datos.
   Exception: DataAccessException
1405. [AOCR_20260217.log] 2026-02-17 23:52:40.607 | ERROR | CID:N/A | ERR:EMAIL_QUEUE_ERROR | Error de configuración de base de datos.
   Exception: DataAccessException
1406. [AOCR_20260217.log] 2026-02-17 23:53:10.662 | ERROR | CID:N/A | ERR:EMAIL_QUEUE_ERROR | Error de configuración de base de datos.
   Exception: DataAccessException
1407. [AOCR_20260217.log] 2026-02-17 23:53:40.715 | ERROR | CID:N/A | ERR:EMAIL_QUEUE_ERROR | Error de configuración de base de datos.
   Exception: DataAccessException
1408. [AOCR_20260217.log] 2026-02-17 23:54:10.771 | ERROR | CID:N/A | ERR:EMAIL_QUEUE_ERROR | Error de configuración de base de datos.
   Exception: DataAccessException
1409. [AOCR_20260217.log] 2026-02-17 23:54:40.826 | ERROR | CID:N/A | ERR:EMAIL_QUEUE_ERROR | Error de configuración de base de datos.
   Exception: DataAccessException
1410. [AOCR_20260217.log] 2026-02-17 23:55:10.877 | ERROR | CID:N/A | ERR:EMAIL_QUEUE_ERROR | Error de configuración de base de datos.
   Exception: DataAccessException
1411. [AOCR_20260217.log] 2026-02-17 23:55:40.920 | ERROR | CID:N/A | ERR:EMAIL_QUEUE_ERROR | Error de configuración de base de datos.
   Exception: DataAccessException
1412. [AOCR_20260217.log] 2026-02-17 23:56:10.975 | ERROR | CID:N/A | ERR:EMAIL_QUEUE_ERROR | Error de configuración de base de datos.
   Exception: DataAccessException
1413. [AOCR_20260217.log] 2026-02-17 23:56:41.027 | ERROR | CID:N/A | ERR:EMAIL_QUEUE_ERROR | Error de configuración de base de datos.
   Exception: DataAccessException
1414. [AOCR_20260217.log] 2026-02-17 23:57:11.078 | ERROR | CID:N/A | ERR:EMAIL_QUEUE_ERROR | Error de configuración de base de datos.
   Exception: DataAccessException
1415. [AOCR_20260217.log] 2026-02-17 23:57:41.145 | ERROR | CID:N/A | ERR:EMAIL_QUEUE_ERROR | Error de configuración de base de datos.
   Exception: DataAccessException
1416. [AOCR_20260217.log] 2026-02-17 23:58:11.203 | ERROR | CID:N/A | ERR:EMAIL_QUEUE_ERROR | Error de configuración de base de datos.
   Exception: DataAccessException
1417. [AOCR_20260217.log] 2026-02-17 23:58:41.271 | ERROR | CID:N/A | ERR:EMAIL_QUEUE_ERROR | Error de configuración de base de datos.
   Exception: DataAccessException
1418. [AOCR_20260217.log] 2026-02-17 23:59:11.334 | ERROR | CID:N/A | ERR:EMAIL_QUEUE_ERROR | Error de configuración de base de datos.
   Exception: DataAccessException
1419. [AOCR_20260217.log] 2026-02-17 23:59:41.398 | ERROR | CID:N/A | ERR:EMAIL_QUEUE_ERROR | Error de configuración de base de datos.
   Exception: DataAccessException
1420. [AOCR_20260218.log] 2026-02-18 00:00:11.458 | ERROR | CID:N/A | ERR:EMAIL_QUEUE_ERROR | Error de configuración de base de datos.
   Exception: DataAccessException
1421. [AOCR_20260218.log] 2026-02-18 00:00:41.527 | ERROR | CID:N/A | ERR:EMAIL_QUEUE_ERROR | Error de configuración de base de datos.
   Exception: DataAccessException
1422. [AOCR_20260218.log] 2026-02-18 00:01:11.598 | ERROR | CID:N/A | ERR:EMAIL_QUEUE_ERROR | Error de configuración de base de datos.
   Exception: DataAccessException
1423. [AOCR_20260218.log] 2026-02-18 00:01:41.662 | ERROR | CID:N/A | ERR:EMAIL_QUEUE_ERROR | Error de configuración de base de datos.
   Exception: DataAccessException
1424. [AOCR_20260218.log] 2026-02-18 00:02:11.725 | ERROR | CID:N/A | ERR:EMAIL_QUEUE_ERROR | Error de configuración de base de datos.
   Exception: DataAccessException
1425. [AOCR_20260218.log] 2026-02-18 00:02:41.782 | ERROR | CID:N/A | ERR:EMAIL_QUEUE_ERROR | Error de configuración de base de datos.
   Exception: DataAccessException
1426. [AOCR_20260218.log] 2026-02-18 00:03:11.832 | ERROR | CID:N/A | ERR:EMAIL_QUEUE_ERROR | Error de configuración de base de datos.
   Exception: DataAccessException
1427. [AOCR_20260218.log] 2026-02-18 00:03:41.889 | ERROR | CID:N/A | ERR:EMAIL_QUEUE_ERROR | Error de configuración de base de datos.
   Exception: DataAccessException
1428. [AOCR_20260218.log] 2026-02-18 00:04:11.960 | ERROR | CID:N/A | ERR:EMAIL_QUEUE_ERROR | Error de configuración de base de datos.
   Exception: DataAccessException
1429. [AOCR_20260218.log] 2026-02-18 00:04:42.033 | ERROR | CID:N/A | ERR:EMAIL_QUEUE_ERROR | Error de configuración de base de datos.
   Exception: DataAccessException
1430. [AOCR_20260218.log] 2026-02-18 00:05:12.081 | ERROR | CID:N/A | ERR:EMAIL_QUEUE_ERROR | Error de configuración de base de datos.
   Exception: DataAccessException
1431. [AOCR_20260218.log] 2026-02-18 00:05:42.151 | ERROR | CID:N/A | ERR:EMAIL_QUEUE_ERROR | Error de configuración de base de datos.
   Exception: DataAccessException
1432. [AOCR_20260218.log] 2026-02-18 00:06:12.216 | ERROR | CID:N/A | ERR:EMAIL_QUEUE_ERROR | Error de configuración de base de datos.
   Exception: DataAccessException
1433. [AOCR_20260218.log] 2026-02-18 00:06:42.283 | ERROR | CID:N/A | ERR:EMAIL_QUEUE_ERROR | Error de configuración de base de datos.
   Exception: DataAccessException
1434. [AOCR_20260218.log] 2026-02-18 00:07:12.349 | ERROR | CID:N/A | ERR:EMAIL_QUEUE_ERROR | Error de configuración de base de datos.
   Exception: DataAccessException
1435. [AOCR_20260218.log] 2026-02-18 00:07:42.399 | ERROR | CID:N/A | ERR:EMAIL_QUEUE_ERROR | Error de configuración de base de datos.
   Exception: DataAccessException
1436. [AOCR_20260218.log] 2026-02-18 00:08:12.455 | ERROR | CID:N/A | ERR:EMAIL_QUEUE_ERROR | Error de configuración de base de datos.
   Exception: DataAccessException
1437. [AOCR_20260218.log] 2026-02-18 00:08:42.517 | ERROR | CID:N/A | ERR:EMAIL_QUEUE_ERROR | Error de configuración de base de datos.
   Exception: DataAccessException
1438. [AOCR_20260218.log] 2026-02-18 00:09:12.573 | ERROR | CID:N/A | ERR:EMAIL_QUEUE_ERROR | Error de configuración de base de datos.
   Exception: DataAccessException
1439. [AOCR_20260218.log] 2026-02-18 00:09:42.644 | ERROR | CID:N/A | ERR:EMAIL_QUEUE_ERROR | Error de configuración de base de datos.
   Exception: DataAccessException
1440. [AOCR_20260218.log] 2026-02-18 00:10:12.695 | ERROR | CID:N/A | ERR:EMAIL_QUEUE_ERROR | Error de configuración de base de datos.
   Exception: DataAccessException
1441. [AOCR_20260218.log] 2026-02-18 00:10:42.761 | ERROR | CID:N/A | ERR:EMAIL_QUEUE_ERROR | Error de configuración de base de datos.
   Exception: DataAccessException
1442. [AOCR_20260218.log] 2026-02-18 00:11:12.816 | ERROR | CID:N/A | ERR:EMAIL_QUEUE_ERROR | Error de configuración de base de datos.
   Exception: DataAccessException
1443. [AOCR_20260218.log] 2026-02-18 00:11:42.866 | ERROR | CID:N/A | ERR:EMAIL_QUEUE_ERROR | Error de configuración de base de datos.
   Exception: DataAccessException
1444. [AOCR_20260218.log] 2026-02-18 00:12:12.931 | ERROR | CID:N/A | ERR:EMAIL_QUEUE_ERROR | Error de configuración de base de datos.
   Exception: DataAccessException
1445. [AOCR_20260218.log] 2026-02-18 00:12:42.979 | ERROR | CID:N/A | ERR:EMAIL_QUEUE_ERROR | Error de configuración de base de datos.
   Exception: DataAccessException
1446. [AOCR_20260218.log] 2026-02-18 00:13:13.035 | ERROR | CID:N/A | ERR:EMAIL_QUEUE_ERROR | Error de configuración de base de datos.
   Exception: DataAccessException
1447. [AOCR_20260218.log] 2026-02-18 00:13:43.084 | ERROR | CID:N/A | ERR:EMAIL_QUEUE_ERROR | Error de configuración de base de datos.
   Exception: DataAccessException
1448. [AOCR_20260218.log] 2026-02-18 00:14:13.149 | ERROR | CID:N/A | ERR:EMAIL_QUEUE_ERROR | Error de configuración de base de datos.
   Exception: DataAccessException
1449. [AOCR_20260218.log] 2026-02-18 00:14:43.201 | ERROR | CID:N/A | ERR:EMAIL_QUEUE_ERROR | Error de configuración de base de datos.
   Exception: DataAccessException
1450. [AOCR_20260218.log] 2026-02-18 00:15:13.264 | ERROR | CID:N/A | ERR:EMAIL_QUEUE_ERROR | Error de configuración de base de datos.
   Exception: DataAccessException
1451. [AOCR_20260218.log] 2026-02-18 00:15:43.320 | ERROR | CID:N/A | ERR:EMAIL_QUEUE_ERROR | Error de configuración de base de datos.
   Exception: DataAccessException
1452. [AOCR_20260218.log] 2026-02-18 00:16:13.388 | ERROR | CID:N/A | ERR:EMAIL_QUEUE_ERROR | Error de configuración de base de datos.
   Exception: DataAccessException
1453. [AOCR_20260218.log] 2026-02-18 00:16:43.446 | ERROR | CID:N/A | ERR:EMAIL_QUEUE_ERROR | Error de configuración de base de datos.
   Exception: DataAccessException
1454. [AOCR_20260218.log] 2026-02-18 00:17:13.518 | ERROR | CID:N/A | ERR:EMAIL_QUEUE_ERROR | Error de configuración de base de datos.
   Exception: DataAccessException
1455. [AOCR_20260218.log] 2026-02-18 00:17:43.569 | ERROR | CID:N/A | ERR:EMAIL_QUEUE_ERROR | Error de configuración de base de datos.
   Exception: DataAccessException
1456. [AOCR_20260218.log] 2026-02-18 00:18:13.627 | ERROR | CID:N/A | ERR:EMAIL_QUEUE_ERROR | Error de configuración de base de datos.
   Exception: DataAccessException
1457. [AOCR_20260218.log] 2026-02-18 00:18:43.682 | ERROR | CID:N/A | ERR:EMAIL_QUEUE_ERROR | Error de configuración de base de datos.
   Exception: DataAccessException
1458. [AOCR_20260218.log] 2026-02-18 00:19:13.743 | ERROR | CID:N/A | ERR:EMAIL_QUEUE_ERROR | Error de configuración de base de datos.
   Exception: DataAccessException
1459. [AOCR_20260218.log] 2026-02-18 00:19:43.800 | ERROR | CID:N/A | ERR:EMAIL_QUEUE_ERROR | Error de configuración de base de datos.
   Exception: DataAccessException
1460. [AOCR_20260218.log] 2026-02-18 00:20:13.863 | ERROR | CID:N/A | ERR:EMAIL_QUEUE_ERROR | Error de configuración de base de datos.
   Exception: DataAccessException
1461. [AOCR_20260218.log] 2026-02-18 00:20:43.919 | ERROR | CID:N/A | ERR:EMAIL_QUEUE_ERROR | Error de configuración de base de datos.
   Exception: DataAccessException
1462. [AOCR_20260218.log] 2026-02-18 00:21:13.979 | ERROR | CID:N/A | ERR:EMAIL_QUEUE_ERROR | Error de configuración de base de datos.
   Exception: DataAccessException
1463. [AOCR_20260218.log] 2026-02-18 00:21:44.034 | ERROR | CID:N/A | ERR:EMAIL_QUEUE_ERROR | Error de configuración de base de datos.
   Exception: DataAccessException
1464. [AOCR_20260218.log] 2026-02-18 00:22:14.094 | ERROR | CID:N/A | ERR:EMAIL_QUEUE_ERROR | Error de configuración de base de datos.
   Exception: DataAccessException
1465. [AOCR_20260218.log] 2026-02-18 00:22:44.150 | ERROR | CID:N/A | ERR:EMAIL_QUEUE_ERROR | Error de configuración de base de datos.
   Exception: DataAccessException
1466. [AOCR_20260218.log] 2026-02-18 00:23:14.214 | ERROR | CID:N/A | ERR:EMAIL_QUEUE_ERROR | Error de configuración de base de datos.
   Exception: DataAccessException
1467. [AOCR_20260218.log] 2026-02-18 00:23:44.281 | ERROR | CID:N/A | ERR:EMAIL_QUEUE_ERROR | Error de configuración de base de datos.
   Exception: DataAccessException
1468. [AOCR_20260218.log] 2026-02-18 00:24:14.341 | ERROR | CID:N/A | ERR:EMAIL_QUEUE_ERROR | Error de configuración de base de datos.
   Exception: DataAccessException
1469. [AOCR_20260218.log] 2026-02-18 00:24:44.415 | ERROR | CID:N/A | ERR:EMAIL_QUEUE_ERROR | Error de configuración de base de datos.
   Exception: DataAccessException
1470. [AOCR_20260218.log] 2026-02-18 00:25:14.483 | ERROR | CID:N/A | ERR:EMAIL_QUEUE_ERROR | Error de configuración de base de datos.
   Exception: DataAccessException
1471. [AOCR_20260218.log] 2026-02-18 00:25:44.535 | ERROR | CID:N/A | ERR:EMAIL_QUEUE_ERROR | Error de configuración de base de datos.
   Exception: DataAccessException
1472. [AOCR_20260218.log] 2026-02-18 00:26:14.581 | ERROR | CID:N/A | ERR:EMAIL_QUEUE_ERROR | Error de configuración de base de datos.
   Exception: DataAccessException
1473. [AOCR_20260218.log] 2026-02-18 00:26:44.637 | ERROR | CID:N/A | ERR:EMAIL_QUEUE_ERROR | Error de configuración de base de datos.
   Exception: DataAccessException
1474. [AOCR_20260218.log] 2026-02-18 00:27:14.692 | ERROR | CID:N/A | ERR:EMAIL_QUEUE_ERROR | Error de configuración de base de datos.
   Exception: DataAccessException
1475. [AOCR_20260218.log] 2026-02-18 00:27:44.746 | ERROR | CID:N/A | ERR:EMAIL_QUEUE_ERROR | Error de configuración de base de datos.
   Exception: DataAccessException
1476. [AOCR_20260218.log] 2026-02-18 00:28:14.803 | ERROR | CID:N/A | ERR:EMAIL_QUEUE_ERROR | Error de configuración de base de datos.
   Exception: DataAccessException
1477. [AOCR_20260218.log] 2026-02-18 00:28:44.873 | ERROR | CID:N/A | ERR:EMAIL_QUEUE_ERROR | Error de configuración de base de datos.
   Exception: DataAccessException
1478. [AOCR_20260218.log] 2026-02-18 00:29:14.938 | ERROR | CID:N/A | ERR:EMAIL_QUEUE_ERROR | Error de configuración de base de datos.
   Exception: DataAccessException
1479. [AOCR_20260218.log] 2026-02-18 00:29:44.999 | ERROR | CID:N/A | ERR:EMAIL_QUEUE_ERROR | Error de configuración de base de datos.
   Exception: DataAccessException
1480. [AOCR_20260218.log] 2026-02-18 00:30:15.056 | ERROR | CID:N/A | ERR:EMAIL_QUEUE_ERROR | Error de configuración de base de datos.
   Exception: DataAccessException
1481. [AOCR_20260218.log] 2026-02-18 00:30:45.121 | ERROR | CID:N/A | ERR:EMAIL_QUEUE_ERROR | Error de configuración de base de datos.
   Exception: DataAccessException
1482. [AOCR_20260218.log] 2026-02-18 00:31:15.188 | ERROR | CID:N/A | ERR:EMAIL_QUEUE_ERROR | Error de configuración de base de datos.
   Exception: DataAccessException
1483. [AOCR_20260218.log] 2026-02-18 00:31:45.255 | ERROR | CID:N/A | ERR:EMAIL_QUEUE_ERROR | Error de configuración de base de datos.
   Exception: DataAccessException
1484. [AOCR_20260218.log] 2026-02-18 00:32:15.313 | ERROR | CID:N/A | ERR:EMAIL_QUEUE_ERROR | Error de configuración de base de datos.
   Exception: DataAccessException
1485. [AOCR_20260218.log] 2026-02-18 00:32:45.371 | ERROR | CID:N/A | ERR:EMAIL_QUEUE_ERROR | Error de configuración de base de datos.
   Exception: DataAccessException
1486. [AOCR_20260218.log] 2026-02-18 00:33:15.431 | ERROR | CID:N/A | ERR:EMAIL_QUEUE_ERROR | Error de configuración de base de datos.
   Exception: DataAccessException
1487. [AOCR_20260218.log] 2026-02-18 00:33:45.491 | ERROR | CID:N/A | ERR:EMAIL_QUEUE_ERROR | Error de configuración de base de datos.
   Exception: DataAccessException
1488. [AOCR_20260218.log] 2026-02-18 00:34:15.546 | ERROR | CID:N/A | ERR:EMAIL_QUEUE_ERROR | Error de configuración de base de datos.
   Exception: DataAccessException
1489. [AOCR_20260218.log] 2026-02-18 00:34:45.610 | ERROR | CID:N/A | ERR:EMAIL_QUEUE_ERROR | Error de configuración de base de datos.
   Exception: DataAccessException
1490. [AOCR_20260218.log] 2026-02-18 00:35:15.664 | ERROR | CID:N/A | ERR:EMAIL_QUEUE_ERROR | Error de configuración de base de datos.
   Exception: DataAccessException
1491. [AOCR_20260218.log] 2026-02-18 00:35:45.721 | ERROR | CID:N/A | ERR:EMAIL_QUEUE_ERROR | Error de configuración de base de datos.
   Exception: DataAccessException
1492. [AOCR_20260218.log] 2026-02-18 00:36:15.785 | ERROR | CID:N/A | ERR:EMAIL_QUEUE_ERROR | Error de configuración de base de datos.
   Exception: DataAccessException
1493. [AOCR_20260218.log] 2026-02-18 00:36:45.849 | ERROR | CID:N/A | ERR:EMAIL_QUEUE_ERROR | Error de configuración de base de datos.
   Exception: DataAccessException
1494. [AOCR_20260218.log] 2026-02-18 00:37:15.906 | ERROR | CID:N/A | ERR:EMAIL_QUEUE_ERROR | Error de configuración de base de datos.
   Exception: DataAccessException
1495. [AOCR_20260218.log] 2026-02-18 00:37:45.960 | ERROR | CID:N/A | ERR:EMAIL_QUEUE_ERROR | Error de configuración de base de datos.
   Exception: DataAccessException
1496. [AOCR_20260218.log] 2026-02-18 00:38:16.017 | ERROR | CID:N/A | ERR:EMAIL_QUEUE_ERROR | Error de configuración de base de datos.
   Exception: DataAccessException
1497. [AOCR_20260218.log] 2026-02-18 00:38:46.078 | ERROR | CID:N/A | ERR:EMAIL_QUEUE_ERROR | Error de configuración de base de datos.
   Exception: DataAccessException
1498. [AOCR_20260218.log] 2026-02-18 00:39:16.135 | ERROR | CID:N/A | ERR:EMAIL_QUEUE_ERROR | Error de configuración de base de datos.
   Exception: DataAccessException
1499. [AOCR_20260218.log] 2026-02-18 00:39:46.184 | ERROR | CID:N/A | ERR:EMAIL_QUEUE_ERROR | Error de configuración de base de datos.
   Exception: DataAccessException
1500. [AOCR_20260218.log] 2026-02-18 00:40:16.242 | ERROR | CID:N/A | ERR:EMAIL_QUEUE_ERROR | Error de configuración de base de datos.
   Exception: DataAccessException
1501. [AOCR_20260218.log] 2026-02-18 00:40:46.303 | ERROR | CID:N/A | ERR:EMAIL_QUEUE_ERROR | Error de configuración de base de datos.
   Exception: DataAccessException
1502. [AOCR_20260218.log] 2026-02-18 00:41:16.354 | ERROR | CID:N/A | ERR:EMAIL_QUEUE_ERROR | Error de configuración de base de datos.
   Exception: DataAccessException
1503. [AOCR_20260218.log] 2026-02-18 00:41:46.399 | ERROR | CID:N/A | ERR:EMAIL_QUEUE_ERROR | Error de configuración de base de datos.
   Exception: DataAccessException
1504. [AOCR_20260218.log] 2026-02-18 00:42:16.460 | ERROR | CID:N/A | ERR:EMAIL_QUEUE_ERROR | Error de configuración de base de datos.
   Exception: DataAccessException
1505. [AOCR_20260218.log] 2026-02-18 00:42:46.538 | ERROR | CID:N/A | ERR:EMAIL_QUEUE_ERROR | Error de configuración de base de datos.
   Exception: DataAccessException
1506. [AOCR_20260218.log] 2026-02-18 00:43:16.600 | ERROR | CID:N/A | ERR:EMAIL_QUEUE_ERROR | Error de configuración de base de datos.
   Exception: DataAccessException
1507. [AOCR_20260218.log] 2026-02-18 00:43:46.661 | ERROR | CID:N/A | ERR:EMAIL_QUEUE_ERROR | Error de configuración de base de datos.
   Exception: DataAccessException
1508. [AOCR_20260218.log] 2026-02-18 00:44:16.717 | ERROR | CID:N/A | ERR:EMAIL_QUEUE_ERROR | Error de configuración de base de datos.
   Exception: DataAccessException
1509. [AOCR_20260218.log] 2026-02-18 00:44:46.790 | ERROR | CID:N/A | ERR:EMAIL_QUEUE_ERROR | Error de configuración de base de datos.
   Exception: DataAccessException
1510. [AOCR_20260218.log] 2026-02-18 00:45:16.846 | ERROR | CID:N/A | ERR:EMAIL_QUEUE_ERROR | Error de configuración de base de datos.
   Exception: DataAccessException
1511. [AOCR_20260218.log] 2026-02-18 00:45:46.906 | ERROR | CID:N/A | ERR:EMAIL_QUEUE_ERROR | Error de configuración de base de datos.
   Exception: DataAccessException
1512. [AOCR_20260218.log] 2026-02-18 00:46:16.956 | ERROR | CID:N/A | ERR:EMAIL_QUEUE_ERROR | Error de configuración de base de datos.
   Exception: DataAccessException
1513. [AOCR_20260218.log] 2026-02-18 00:46:47.000 | ERROR | CID:N/A | ERR:EMAIL_QUEUE_ERROR | Error de configuración de base de datos.
   Exception: DataAccessException
1514. [AOCR_20260218.log] 2026-02-18 00:47:17.056 | ERROR | CID:N/A | ERR:EMAIL_QUEUE_ERROR | Error de configuración de base de datos.
   Exception: DataAccessException
1515. [AOCR_20260218.log] 2026-02-18 00:47:47.115 | ERROR | CID:N/A | ERR:EMAIL_QUEUE_ERROR | Error de configuración de base de datos.
   Exception: DataAccessException
1516. [AOCR_20260218.log] 2026-02-18 00:48:17.178 | ERROR | CID:N/A | ERR:EMAIL_QUEUE_ERROR | Error de configuración de base de datos.
   Exception: DataAccessException
1517. [AOCR_20260218.log] 2026-02-18 00:48:47.236 | ERROR | CID:N/A | ERR:EMAIL_QUEUE_ERROR | Error de configuración de base de datos.
   Exception: DataAccessException
1518. [AOCR_20260218.log] 2026-02-18 00:49:17.303 | ERROR | CID:N/A | ERR:EMAIL_QUEUE_ERROR | Error de configuración de base de datos.
   Exception: DataAccessException
1519. [AOCR_20260218.log] 2026-02-18 00:49:47.381 | ERROR | CID:N/A | ERR:EMAIL_QUEUE_ERROR | Error de configuración de base de datos.
   Exception: DataAccessException
1520. [AOCR_20260218.log] 2026-02-18 00:50:17.432 | ERROR | CID:N/A | ERR:EMAIL_QUEUE_ERROR | Error de configuración de base de datos.
   Exception: DataAccessException
1521. [AOCR_20260218.log] 2026-02-18 00:50:47.492 | ERROR | CID:N/A | ERR:EMAIL_QUEUE_ERROR | Error de configuración de base de datos.
   Exception: DataAccessException
1522. [AOCR_20260218.log] 2026-02-18 00:51:17.549 | ERROR | CID:N/A | ERR:EMAIL_QUEUE_ERROR | Error de configuración de base de datos.
   Exception: DataAccessException
1523. [AOCR_20260218.log] 2026-02-18 00:51:47.610 | ERROR | CID:N/A | ERR:EMAIL_QUEUE_ERROR | Error de configuración de base de datos.
   Exception: DataAccessException
1524. [AOCR_20260218.log] 2026-02-18 00:52:17.670 | ERROR | CID:N/A | ERR:EMAIL_QUEUE_ERROR | Error de configuración de base de datos.
   Exception: DataAccessException
1525. [AOCR_20260218.log] 2026-02-18 00:52:47.736 | ERROR | CID:N/A | ERR:EMAIL_QUEUE_ERROR | Error de configuración de base de datos.
   Exception: DataAccessException
1526. [AOCR_20260218.log] 2026-02-18 00:53:17.797 | ERROR | CID:N/A | ERR:EMAIL_QUEUE_ERROR | Error de configuración de base de datos.
   Exception: DataAccessException
1527. [AOCR_20260218.log] 2026-02-18 00:53:47.854 | ERROR | CID:N/A | ERR:EMAIL_QUEUE_ERROR | Error de configuración de base de datos.
   Exception: DataAccessException
1528. [AOCR_20260218.log] 2026-02-18 00:54:17.909 | ERROR | CID:N/A | ERR:EMAIL_QUEUE_ERROR | Error de configuración de base de datos.
   Exception: DataAccessException
1529. [AOCR_20260218.log] 2026-02-18 00:54:47.970 | ERROR | CID:N/A | ERR:EMAIL_QUEUE_ERROR | Error de configuración de base de datos.
   Exception: DataAccessException
1530. [AOCR_20260218.log] 2026-02-18 00:55:18.017 | ERROR | CID:N/A | ERR:EMAIL_QUEUE_ERROR | Error de configuración de base de datos.
   Exception: DataAccessException
1531. [AOCR_20260218.log] 2026-02-18 00:55:48.074 | ERROR | CID:N/A | ERR:EMAIL_QUEUE_ERROR | Error de configuración de base de datos.
   Exception: DataAccessException
1532. [AOCR_20260218.log] 2026-02-18 00:56:18.126 | ERROR | CID:N/A | ERR:EMAIL_QUEUE_ERROR | Error de configuración de base de datos.
   Exception: DataAccessException
1533. [AOCR_20260218.log] 2026-02-18 00:56:48.194 | ERROR | CID:N/A | ERR:EMAIL_QUEUE_ERROR | Error de configuración de base de datos.
   Exception: DataAccessException
1534. [AOCR_20260218.log] 2026-02-18 00:57:18.262 | ERROR | CID:N/A | ERR:EMAIL_QUEUE_ERROR | Error de configuración de base de datos.
   Exception: DataAccessException
1535. [AOCR_20260218.log] 2026-02-18 00:57:48.326 | ERROR | CID:N/A | ERR:EMAIL_QUEUE_ERROR | Error de configuración de base de datos.
   Exception: DataAccessException
1536. [AOCR_20260218.log] 2026-02-18 00:58:18.390 | ERROR | CID:N/A | ERR:EMAIL_QUEUE_ERROR | Error de configuración de base de datos.
   Exception: DataAccessException
1537. [AOCR_20260218.log] 2026-02-18 00:58:48.446 | ERROR | CID:N/A | ERR:EMAIL_QUEUE_ERROR | Error de configuración de base de datos.
   Exception: DataAccessException
1538. [AOCR_20260218.log] 2026-02-18 00:59:18.521 | ERROR | CID:N/A | ERR:EMAIL_QUEUE_ERROR | Error de configuración de base de datos.
   Exception: DataAccessException
1539. [AOCR_20260218.log] 2026-02-18 00:59:48.571 | ERROR | CID:N/A | ERR:EMAIL_QUEUE_ERROR | Error de configuración de base de datos.
   Exception: DataAccessException
1540. [AOCR_20260218.log] 2026-02-18 01:00:18.624 | ERROR | CID:N/A | ERR:EMAIL_QUEUE_ERROR | Error de configuración de base de datos.
   Exception: DataAccessException
1541. [AOCR_20260218.log] 2026-02-18 01:00:48.683 | ERROR | CID:N/A | ERR:EMAIL_QUEUE_ERROR | Error de configuración de base de datos.
   Exception: DataAccessException
1542. [AOCR_20260218.log] 2026-02-18 01:01:18.735 | ERROR | CID:N/A | ERR:EMAIL_QUEUE_ERROR | Error de configuración de base de datos.
   Exception: DataAccessException
1543. [AOCR_20260218.log] 2026-02-18 01:01:48.791 | ERROR | CID:N/A | ERR:EMAIL_QUEUE_ERROR | Error de configuración de base de datos.
   Exception: DataAccessException
1544. [AOCR_20260218.log] 2026-02-18 01:02:18.847 | ERROR | CID:N/A | ERR:EMAIL_QUEUE_ERROR | Error de configuración de base de datos.
   Exception: DataAccessException
1545. [AOCR_20260218.log] 2026-02-18 01:02:48.899 | ERROR | CID:N/A | ERR:EMAIL_QUEUE_ERROR | Error de configuración de base de datos.
   Exception: DataAccessException
1546. [AOCR_20260218.log] 2026-02-18 01:03:18.955 | ERROR | CID:N/A | ERR:EMAIL_QUEUE_ERROR | Error de configuración de base de datos.
   Exception: DataAccessException
1547. [AOCR_20260218.log] 2026-02-18 01:03:49.011 | ERROR | CID:N/A | ERR:EMAIL_QUEUE_ERROR | Error de configuración de base de datos.
   Exception: DataAccessException
1548. [AOCR_20260218.log] 2026-02-18 01:04:19.062 | ERROR | CID:N/A | ERR:EMAIL_QUEUE_ERROR | Error de configuración de base de datos.
   Exception: DataAccessException
1549. [AOCR_20260218.log] 2026-02-18 01:04:49.114 | ERROR | CID:N/A | ERR:EMAIL_QUEUE_ERROR | Error de configuración de base de datos.
   Exception: DataAccessException
1550. [AOCR_20260218.log] 2026-02-18 01:05:19.173 | ERROR | CID:N/A | ERR:EMAIL_QUEUE_ERROR | Error de configuración de base de datos.
   Exception: DataAccessException
1551. [AOCR_20260218.log] 2026-02-18 01:05:49.219 | ERROR | CID:N/A | ERR:EMAIL_QUEUE_ERROR | Error de configuración de base de datos.
   Exception: DataAccessException
1552. [AOCR_20260218.log] 2026-02-18 01:06:19.274 | ERROR | CID:N/A | ERR:EMAIL_QUEUE_ERROR | Error de configuración de base de datos.
   Exception: DataAccessException
1553. [AOCR_20260218.log] 2026-02-18 01:06:49.331 | ERROR | CID:N/A | ERR:EMAIL_QUEUE_ERROR | Error de configuración de base de datos.
   Exception: DataAccessException
1554. [AOCR_20260218.log] 2026-02-18 01:07:19.389 | ERROR | CID:N/A | ERR:EMAIL_QUEUE_ERROR | Error de configuración de base de datos.
   Exception: DataAccessException
1555. [AOCR_20260218.log] 2026-02-18 01:07:49.452 | ERROR | CID:N/A | ERR:EMAIL_QUEUE_ERROR | Error de configuración de base de datos.
   Exception: DataAccessException
1556. [AOCR_20260218.log] 2026-02-18 01:08:19.513 | ERROR | CID:N/A | ERR:EMAIL_QUEUE_ERROR | Error de configuración de base de datos.
   Exception: DataAccessException
1557. [AOCR_20260218.log] 2026-02-18 01:08:49.566 | ERROR | CID:N/A | ERR:EMAIL_QUEUE_ERROR | Error de configuración de base de datos.
   Exception: DataAccessException
1558. [AOCR_20260218.log] 2026-02-18 01:09:19.611 | ERROR | CID:N/A | ERR:EMAIL_QUEUE_ERROR | Error de configuración de base de datos.
   Exception: DataAccessException
1559. [AOCR_20260218.log] 2026-02-18 01:09:49.667 | ERROR | CID:N/A | ERR:EMAIL_QUEUE_ERROR | Error de configuración de base de datos.
   Exception: DataAccessException
1560. [AOCR_20260218.log] 2026-02-18 01:10:19.732 | ERROR | CID:N/A | ERR:EMAIL_QUEUE_ERROR | Error de configuración de base de datos.
   Exception: DataAccessException
1561. [AOCR_20260218.log] 2026-02-18 01:10:49.798 | ERROR | CID:N/A | ERR:EMAIL_QUEUE_ERROR | Error de configuración de base de datos.
   Exception: DataAccessException
1562. [AOCR_20260218.log] 2026-02-18 01:11:19.843 | ERROR | CID:N/A | ERR:EMAIL_QUEUE_ERROR | Error de configuración de base de datos.
   Exception: DataAccessException
1563. [AOCR_20260218.log] 2026-02-18 01:11:49.912 | ERROR | CID:N/A | ERR:EMAIL_QUEUE_ERROR | Error de configuración de base de datos.
   Exception: DataAccessException
1564. [AOCR_20260218.log] 2026-02-18 01:12:19.970 | ERROR | CID:N/A | ERR:EMAIL_QUEUE_ERROR | Error de configuración de base de datos.
   Exception: DataAccessException
1565. [AOCR_20260218.log] 2026-02-18 01:12:50.020 | ERROR | CID:N/A | ERR:EMAIL_QUEUE_ERROR | Error de configuración de base de datos.
   Exception: DataAccessException
1566. [AOCR_20260218.log] 2026-02-18 01:13:20.076 | ERROR | CID:N/A | ERR:EMAIL_QUEUE_ERROR | Error de configuración de base de datos.
   Exception: DataAccessException
1567. [AOCR_20260218.log] 2026-02-18 01:13:50.148 | ERROR | CID:N/A | ERR:EMAIL_QUEUE_ERROR | Error de configuración de base de datos.
   Exception: DataAccessException
1568. [AOCR_20260218.log] 2026-02-18 01:14:20.213 | ERROR | CID:N/A | ERR:EMAIL_QUEUE_ERROR | Error de configuración de base de datos.
   Exception: DataAccessException
1569. [AOCR_20260218.log] 2026-02-18 01:14:50.283 | ERROR | CID:N/A | ERR:EMAIL_QUEUE_ERROR | Error de configuración de base de datos.
   Exception: DataAccessException
1570. [AOCR_20260218.log] 2026-02-18 01:15:20.350 | ERROR | CID:N/A | ERR:EMAIL_QUEUE_ERROR | Error de configuración de base de datos.
   Exception: DataAccessException
1571. [AOCR_20260218.log] 2026-02-18 01:15:50.404 | ERROR | CID:N/A | ERR:EMAIL_QUEUE_ERROR | Error de configuración de base de datos.
   Exception: DataAccessException
1572. [AOCR_20260218.log] 2026-02-18 01:16:20.464 | ERROR | CID:N/A | ERR:EMAIL_QUEUE_ERROR | Error de configuración de base de datos.
   Exception: DataAccessException
1573. [AOCR_20260218.log] 2026-02-18 01:16:50.522 | ERROR | CID:N/A | ERR:EMAIL_QUEUE_ERROR | Error de configuración de base de datos.
   Exception: DataAccessException
1574. [AOCR_20260218.log] 2026-02-18 01:17:20.576 | ERROR | CID:N/A | ERR:EMAIL_QUEUE_ERROR | Error de configuración de base de datos.
   Exception: DataAccessException
1575. [AOCR_20260218.log] 2026-02-18 01:17:50.619 | ERROR | CID:N/A | ERR:EMAIL_QUEUE_ERROR | Error de configuración de base de datos.
   Exception: DataAccessException
1576. [AOCR_20260218.log] 2026-02-18 01:18:20.679 | ERROR | CID:N/A | ERR:EMAIL_QUEUE_ERROR | Error de configuración de base de datos.
   Exception: DataAccessException
1577. [AOCR_20260218.log] 2026-02-18 01:18:50.738 | ERROR | CID:N/A | ERR:EMAIL_QUEUE_ERROR | Error de configuración de base de datos.
   Exception: DataAccessException
1578. [AOCR_20260218.log] 2026-02-18 01:19:20.806 | ERROR | CID:N/A | ERR:EMAIL_QUEUE_ERROR | Error de configuración de base de datos.
   Exception: DataAccessException
1579. [AOCR_20260218.log] 2026-02-18 01:19:50.859 | ERROR | CID:N/A | ERR:EMAIL_QUEUE_ERROR | Error de configuración de base de datos.
   Exception: DataAccessException
1580. [AOCR_20260218.log] 2026-02-18 01:20:20.916 | ERROR | CID:N/A | ERR:EMAIL_QUEUE_ERROR | Error de configuración de base de datos.
   Exception: DataAccessException
1581. [AOCR_20260218.log] 2026-02-18 01:20:50.972 | ERROR | CID:N/A | ERR:EMAIL_QUEUE_ERROR | Error de configuración de base de datos.
   Exception: DataAccessException
1582. [AOCR_20260218.log] 2026-02-18 01:21:21.032 | ERROR | CID:N/A | ERR:EMAIL_QUEUE_ERROR | Error de configuración de base de datos.
   Exception: DataAccessException
1583. [AOCR_20260218.log] 2026-02-18 01:21:51.083 | ERROR | CID:N/A | ERR:EMAIL_QUEUE_ERROR | Error de configuración de base de datos.
   Exception: DataAccessException
1584. [AOCR_20260218.log] 2026-02-18 01:22:21.143 | ERROR | CID:N/A | ERR:EMAIL_QUEUE_ERROR | Error de configuración de base de datos.
   Exception: DataAccessException
1585. [AOCR_20260218.log] 2026-02-18 01:22:51.199 | ERROR | CID:N/A | ERR:EMAIL_QUEUE_ERROR | Error de configuración de base de datos.
   Exception: DataAccessException
1586. [AOCR_20260218.log] 2026-02-18 01:23:21.246 | ERROR | CID:N/A | ERR:EMAIL_QUEUE_ERROR | Error de configuración de base de datos.
   Exception: DataAccessException
1587. [AOCR_20260218.log] 2026-02-18 01:23:51.308 | ERROR | CID:N/A | ERR:EMAIL_QUEUE_ERROR | Error de configuración de base de datos.
   Exception: DataAccessException
1588. [AOCR_20260218.log] 2026-02-18 01:24:21.361 | ERROR | CID:N/A | ERR:EMAIL_QUEUE_ERROR | Error de configuración de base de datos.
   Exception: DataAccessException
1589. [AOCR_20260218.log] 2026-02-18 01:24:51.429 | ERROR | CID:N/A | ERR:EMAIL_QUEUE_ERROR | Error de configuración de base de datos.
   Exception: DataAccessException
1590. [AOCR_20260218.log] 2026-02-18 01:25:21.510 | ERROR | CID:N/A | ERR:EMAIL_QUEUE_ERROR | Error de configuración de base de datos.
   Exception: DataAccessException
1591. [AOCR_20260218.log] 2026-02-18 01:25:51.572 | ERROR | CID:N/A | ERR:EMAIL_QUEUE_ERROR | Error de configuración de base de datos.
   Exception: DataAccessException
1592. [AOCR_20260218.log] 2026-02-18 01:26:21.622 | ERROR | CID:N/A | ERR:EMAIL_QUEUE_ERROR | Error de configuración de base de datos.
   Exception: DataAccessException
1593. [AOCR_20260218.log] 2026-02-18 01:26:51.672 | ERROR | CID:N/A | ERR:EMAIL_QUEUE_ERROR | Error de configuración de base de datos.
   Exception: DataAccessException
1594. [AOCR_20260218.log] 2026-02-18 01:27:21.719 | ERROR | CID:N/A | ERR:EMAIL_QUEUE_ERROR | Error de configuración de base de datos.
   Exception: DataAccessException
1595. [AOCR_20260218.log] 2026-02-18 01:27:51.774 | ERROR | CID:N/A | ERR:EMAIL_QUEUE_ERROR | Error de configuración de base de datos.
   Exception: DataAccessException
1596. [AOCR_20260218.log] 2026-02-18 01:28:21.838 | ERROR | CID:N/A | ERR:EMAIL_QUEUE_ERROR | Error de configuración de base de datos.
   Exception: DataAccessException
1597. [AOCR_20260218.log] 2026-02-18 01:28:51.895 | ERROR | CID:N/A | ERR:EMAIL_QUEUE_ERROR | Error de configuración de base de datos.
   Exception: DataAccessException
1598. [AOCR_20260218.log] 2026-02-18 01:29:21.951 | ERROR | CID:N/A | ERR:EMAIL_QUEUE_ERROR | Error de configuración de base de datos.
   Exception: DataAccessException
1599. [AOCR_20260218.log] 2026-02-18 01:29:52.006 | ERROR | CID:N/A | ERR:EMAIL_QUEUE_ERROR | Error de configuración de base de datos.
   Exception: DataAccessException
1600. [AOCR_20260218.log] 2026-02-18 01:30:22.060 | ERROR | CID:N/A | ERR:EMAIL_QUEUE_ERROR | Error de configuración de base de datos.
   Exception: DataAccessException
1601. [AOCR_20260218.log] 2026-02-18 01:30:52.114 | ERROR | CID:N/A | ERR:EMAIL_QUEUE_ERROR | Error de configuración de base de datos.
   Exception: DataAccessException
1602. [AOCR_20260218.log] 2026-02-18 01:31:22.165 | ERROR | CID:N/A | ERR:EMAIL_QUEUE_ERROR | Error de configuración de base de datos.
   Exception: DataAccessException
1603. [AOCR_20260218.log] 2026-02-18 01:31:52.219 | ERROR | CID:N/A | ERR:EMAIL_QUEUE_ERROR | Error de configuración de base de datos.
   Exception: DataAccessException
1604. [AOCR_20260218.log] 2026-02-18 01:32:22.268 | ERROR | CID:N/A | ERR:EMAIL_QUEUE_ERROR | Error de configuración de base de datos.
   Exception: DataAccessException
1605. [AOCR_20260218.log] 2026-02-18 01:32:52.321 | ERROR | CID:N/A | ERR:EMAIL_QUEUE_ERROR | Error de configuración de base de datos.
   Exception: DataAccessException
1606. [AOCR_20260218.log] 2026-02-18 01:33:22.400 | ERROR | CID:N/A | ERR:EMAIL_QUEUE_ERROR | Error de configuración de base de datos.
   Exception: DataAccessException
1607. [AOCR_20260218.log] 2026-02-18 01:33:52.464 | ERROR | CID:N/A | ERR:EMAIL_QUEUE_ERROR | Error de configuración de base de datos.
   Exception: DataAccessException
1608. [AOCR_20260218.log] 2026-02-18 01:34:22.528 | ERROR | CID:N/A | ERR:EMAIL_QUEUE_ERROR | Error de configuración de base de datos.
   Exception: DataAccessException
1609. [AOCR_20260218.log] 2026-02-18 01:34:52.589 | ERROR | CID:N/A | ERR:EMAIL_QUEUE_ERROR | Error de configuración de base de datos.
   Exception: DataAccessException
1610. [AOCR_20260218.log] 2026-02-18 01:35:22.652 | ERROR | CID:N/A | ERR:EMAIL_QUEUE_ERROR | Error de configuración de base de datos.
   Exception: DataAccessException
1611. [AOCR_20260218.log] 2026-02-18 01:35:52.720 | ERROR | CID:N/A | ERR:EMAIL_QUEUE_ERROR | Error de configuración de base de datos.
   Exception: DataAccessException
1612. [AOCR_20260218.log] 2026-02-18 01:36:22.779 | ERROR | CID:N/A | ERR:EMAIL_QUEUE_ERROR | Error de configuración de base de datos.
   Exception: DataAccessException
1613. [AOCR_20260218.log] 2026-02-18 01:36:52.849 | ERROR | CID:N/A | ERR:EMAIL_QUEUE_ERROR | Error de configuración de base de datos.
   Exception: DataAccessException
1614. [AOCR_20260218.log] 2026-02-18 01:37:22.895 | ERROR | CID:N/A | ERR:EMAIL_QUEUE_ERROR | Error de configuración de base de datos.
   Exception: DataAccessException
1615. [AOCR_20260218.log] 2026-02-18 01:37:52.951 | ERROR | CID:N/A | ERR:EMAIL_QUEUE_ERROR | Error de configuración de base de datos.
   Exception: DataAccessException
1616. [AOCR_20260218.log] 2026-02-18 01:38:23.021 | ERROR | CID:N/A | ERR:EMAIL_QUEUE_ERROR | Error de configuración de base de datos.
   Exception: DataAccessException
1617. [AOCR_20260218.log] 2026-02-18 01:38:53.088 | ERROR | CID:N/A | ERR:EMAIL_QUEUE_ERROR | Error de configuración de base de datos.
   Exception: DataAccessException
1618. [AOCR_20260218.log] 2026-02-18 01:39:23.148 | ERROR | CID:N/A | ERR:EMAIL_QUEUE_ERROR | Error de configuración de base de datos.
   Exception: DataAccessException
1619. [AOCR_20260218.log] 2026-02-18 01:39:53.205 | ERROR | CID:N/A | ERR:EMAIL_QUEUE_ERROR | Error de configuración de base de datos.
   Exception: DataAccessException
1620. [AOCR_20260218.log] 2026-02-18 01:40:23.266 | ERROR | CID:N/A | ERR:EMAIL_QUEUE_ERROR | Error de configuración de base de datos.
   Exception: DataAccessException
1621. [AOCR_20260218.log] 2026-02-18 01:40:53.337 | ERROR | CID:N/A | ERR:EMAIL_QUEUE_ERROR | Error de configuración de base de datos.
   Exception: DataAccessException
1622. [AOCR_20260218.log] 2026-02-18 01:41:23.394 | ERROR | CID:N/A | ERR:EMAIL_QUEUE_ERROR | Error de configuración de base de datos.
   Exception: DataAccessException
1623. [AOCR_20260218.log] 2026-02-18 01:41:53.439 | ERROR | CID:N/A | ERR:EMAIL_QUEUE_ERROR | Error de configuración de base de datos.
   Exception: DataAccessException
1624. [AOCR_20260218.log] 2026-02-18 01:42:23.501 | ERROR | CID:N/A | ERR:EMAIL_QUEUE_ERROR | Error de configuración de base de datos.
   Exception: DataAccessException
1625. [AOCR_20260218.log] 2026-02-18 01:42:53.550 | ERROR | CID:N/A | ERR:EMAIL_QUEUE_ERROR | Error de configuración de base de datos.
   Exception: DataAccessException
1626. [AOCR_20260218.log] 2026-02-18 01:43:23.616 | ERROR | CID:N/A | ERR:EMAIL_QUEUE_ERROR | Error de configuración de base de datos.
   Exception: DataAccessException
1627. [AOCR_20260218.log] 2026-02-18 01:43:53.681 | ERROR | CID:N/A | ERR:EMAIL_QUEUE_ERROR | Error de configuración de base de datos.
   Exception: DataAccessException
1628. [AOCR_20260218.log] 2026-02-18 01:44:23.737 | ERROR | CID:N/A | ERR:EMAIL_QUEUE_ERROR | Error de configuración de base de datos.
   Exception: DataAccessException
1629. [AOCR_20260218.log] 2026-02-18 01:44:53.806 | ERROR | CID:N/A | ERR:EMAIL_QUEUE_ERROR | Error de configuración de base de datos.
   Exception: DataAccessException
1630. [AOCR_20260218.log] 2026-02-18 01:45:23.870 | ERROR | CID:N/A | ERR:EMAIL_QUEUE_ERROR | Error de configuración de base de datos.
   Exception: DataAccessException
1631. [AOCR_20260218.log] 2026-02-18 01:45:53.932 | ERROR | CID:N/A | ERR:EMAIL_QUEUE_ERROR | Error de configuración de base de datos.
   Exception: DataAccessException
1632. [AOCR_20260218.log] 2026-02-18 01:46:23.994 | ERROR | CID:N/A | ERR:EMAIL_QUEUE_ERROR | Error de configuración de base de datos.
   Exception: DataAccessException
1633. [AOCR_20260218.log] 2026-02-18 01:46:54.067 | ERROR | CID:N/A | ERR:EMAIL_QUEUE_ERROR | Error de configuración de base de datos.
   Exception: DataAccessException
1634. [AOCR_20260218.log] 2026-02-18 01:47:24.121 | ERROR | CID:N/A | ERR:EMAIL_QUEUE_ERROR | Error de configuración de base de datos.
   Exception: DataAccessException
1635. [AOCR_20260218.log] 2026-02-18 01:47:54.177 | ERROR | CID:N/A | ERR:EMAIL_QUEUE_ERROR | Error de configuración de base de datos.
   Exception: DataAccessException
1636. [AOCR_20260218.log] 2026-02-18 01:48:24.237 | ERROR | CID:N/A | ERR:EMAIL_QUEUE_ERROR | Error de configuración de base de datos.
   Exception: DataAccessException
1637. [AOCR_20260218.log] 2026-02-18 01:48:54.296 | ERROR | CID:N/A | ERR:EMAIL_QUEUE_ERROR | Error de configuración de base de datos.
   Exception: DataAccessException
1638. [AOCR_20260218.log] 2026-02-18 01:49:24.357 | ERROR | CID:N/A | ERR:EMAIL_QUEUE_ERROR | Error de configuración de base de datos.
   Exception: DataAccessException
1639. [AOCR_20260218.log] 2026-02-18 01:49:54.401 | ERROR | CID:N/A | ERR:EMAIL_QUEUE_ERROR | Error de configuración de base de datos.
   Exception: DataAccessException
1640. [AOCR_20260218.log] 2026-02-18 01:50:24.470 | ERROR | CID:N/A | ERR:EMAIL_QUEUE_ERROR | Error de configuración de base de datos.
   Exception: DataAccessException
1641. [AOCR_20260218.log] 2026-02-18 01:50:54.532 | ERROR | CID:N/A | ERR:EMAIL_QUEUE_ERROR | Error de configuración de base de datos.
   Exception: DataAccessException
1642. [AOCR_20260218.log] 2026-02-18 01:51:24.597 | ERROR | CID:N/A | ERR:EMAIL_QUEUE_ERROR | Error de configuración de base de datos.
   Exception: DataAccessException
1643. [AOCR_20260218.log] 2026-02-18 01:51:54.648 | ERROR | CID:N/A | ERR:EMAIL_QUEUE_ERROR | Error de configuración de base de datos.
   Exception: DataAccessException
1644. [AOCR_20260218.log] 2026-02-18 01:52:24.702 | ERROR | CID:N/A | ERR:EMAIL_QUEUE_ERROR | Error de configuración de base de datos.
   Exception: DataAccessException
1645. [AOCR_20260218.log] 2026-02-18 01:52:54.758 | ERROR | CID:N/A | ERR:EMAIL_QUEUE_ERROR | Error de configuración de base de datos.
   Exception: DataAccessException
1646. [AOCR_20260218.log] 2026-02-18 01:53:24.813 | ERROR | CID:N/A | ERR:EMAIL_QUEUE_ERROR | Error de configuración de base de datos.
   Exception: DataAccessException
1647. [AOCR_20260218.log] 2026-02-18 01:53:54.875 | ERROR | CID:N/A | ERR:EMAIL_QUEUE_ERROR | Error de configuración de base de datos.
   Exception: DataAccessException
1648. [AOCR_20260218.log] 2026-02-18 01:54:24.934 | ERROR | CID:N/A | ERR:EMAIL_QUEUE_ERROR | Error de configuración de base de datos.
   Exception: DataAccessException
1649. [AOCR_20260218.log] 2026-02-18 01:54:54.999 | ERROR | CID:N/A | ERR:EMAIL_QUEUE_ERROR | Error de configuración de base de datos.
   Exception: DataAccessException
1650. [AOCR_20260218.log] 2026-02-18 01:55:25.071 | ERROR | CID:N/A | ERR:EMAIL_QUEUE_ERROR | Error de configuración de base de datos.
   Exception: DataAccessException
1651. [AOCR_20260218.log] 2026-02-18 01:55:55.130 | ERROR | CID:N/A | ERR:EMAIL_QUEUE_ERROR | Error de configuración de base de datos.
   Exception: DataAccessException
1652. [AOCR_20260218.log] 2026-02-18 01:56:25.183 | ERROR | CID:N/A | ERR:EMAIL_QUEUE_ERROR | Error de configuración de base de datos.
   Exception: DataAccessException
1653. [AOCR_20260218.log] 2026-02-18 01:56:55.235 | ERROR | CID:N/A | ERR:EMAIL_QUEUE_ERROR | Error de configuración de base de datos.
   Exception: DataAccessException
1654. [AOCR_20260218.log] 2026-02-18 01:57:25.298 | ERROR | CID:N/A | ERR:EMAIL_QUEUE_ERROR | Error de configuración de base de datos.
   Exception: DataAccessException
1655. [AOCR_20260218.log] 2026-02-18 01:57:55.364 | ERROR | CID:N/A | ERR:EMAIL_QUEUE_ERROR | Error de configuración de base de datos.
   Exception: DataAccessException
1656. [AOCR_20260218.log] 2026-02-18 01:58:25.415 | ERROR | CID:N/A | ERR:EMAIL_QUEUE_ERROR | Error de configuración de base de datos.
   Exception: DataAccessException
1657. [AOCR_20260218.log] 2026-02-18 01:58:55.481 | ERROR | CID:N/A | ERR:EMAIL_QUEUE_ERROR | Error de configuración de base de datos.
   Exception: DataAccessException
1658. [AOCR_20260218.log] 2026-02-18 01:59:25.538 | ERROR | CID:N/A | ERR:EMAIL_QUEUE_ERROR | Error de configuración de base de datos.
   Exception: DataAccessException
1659. [AOCR_20260218.log] 2026-02-18 01:59:55.602 | ERROR | CID:N/A | ERR:EMAIL_QUEUE_ERROR | Error de configuración de base de datos.
   Exception: DataAccessException
1660. [AOCR_20260218.log] 2026-02-18 02:00:25.675 | ERROR | CID:N/A | ERR:EMAIL_QUEUE_ERROR | Error de configuración de base de datos.
   Exception: DataAccessException
1661. [AOCR_20260218.log] 2026-02-18 02:00:55.731 | ERROR | CID:N/A | ERR:EMAIL_QUEUE_ERROR | Error de configuración de base de datos.
   Exception: DataAccessException
1662. [AOCR_20260218.log] 2026-02-18 02:01:25.794 | ERROR | CID:N/A | ERR:EMAIL_QUEUE_ERROR | Error de configuración de base de datos.
   Exception: DataAccessException
1663. [AOCR_20260218.log] 2026-02-18 02:01:55.852 | ERROR | CID:N/A | ERR:EMAIL_QUEUE_ERROR | Error de configuración de base de datos.
   Exception: DataAccessException
1664. [AOCR_20260218.log] 2026-02-18 02:02:25.928 | ERROR | CID:N/A | ERR:EMAIL_QUEUE_ERROR | Error de configuración de base de datos.
   Exception: DataAccessException
1665. [AOCR_20260218.log] 2026-02-18 02:02:55.996 | ERROR | CID:N/A | ERR:EMAIL_QUEUE_ERROR | Error de configuración de base de datos.
   Exception: DataAccessException
1666. [AOCR_20260218.log] 2026-02-18 02:03:26.053 | ERROR | CID:N/A | ERR:EMAIL_QUEUE_ERROR | Error de configuración de base de datos.
   Exception: DataAccessException
1667. [AOCR_20260218.log] 2026-02-18 02:03:56.101 | ERROR | CID:N/A | ERR:EMAIL_QUEUE_ERROR | Error de configuración de base de datos.
   Exception: DataAccessException
1668. [AOCR_20260218.log] 2026-02-18 02:04:26.155 | ERROR | CID:N/A | ERR:EMAIL_QUEUE_ERROR | Error de configuración de base de datos.
   Exception: DataAccessException
1669. [AOCR_20260218.log] 2026-02-18 02:04:56.213 | ERROR | CID:N/A | ERR:EMAIL_QUEUE_ERROR | Error de configuración de base de datos.
   Exception: DataAccessException
1670. [AOCR_20260218.log] 2026-02-18 02:05:26.279 | ERROR | CID:N/A | ERR:EMAIL_QUEUE_ERROR | Error de configuración de base de datos.
   Exception: DataAccessException
1671. [AOCR_20260218.log] 2026-02-18 02:05:56.338 | ERROR | CID:N/A | ERR:EMAIL_QUEUE_ERROR | Error de configuración de base de datos.
   Exception: DataAccessException
1672. [AOCR_20260218.log] 2026-02-18 02:06:26.404 | ERROR | CID:N/A | ERR:EMAIL_QUEUE_ERROR | Error de configuración de base de datos.
   Exception: DataAccessException
1673. [AOCR_20260218.log] 2026-02-18 02:06:56.465 | ERROR | CID:N/A | ERR:EMAIL_QUEUE_ERROR | Error de configuración de base de datos.
   Exception: DataAccessException
1674. [AOCR_20260218.log] 2026-02-18 02:07:26.529 | ERROR | CID:N/A | ERR:EMAIL_QUEUE_ERROR | Error de configuración de base de datos.
   Exception: DataAccessException
1675. [AOCR_20260218.log] 2026-02-18 02:07:56.591 | ERROR | CID:N/A | ERR:EMAIL_QUEUE_ERROR | Error de configuración de base de datos.
   Exception: DataAccessException
1676. [AOCR_20260218.log] 2026-02-18 02:08:26.635 | ERROR | CID:N/A | ERR:EMAIL_QUEUE_ERROR | Error de configuración de base de datos.
   Exception: DataAccessException
1677. [AOCR_20260218.log] 2026-02-18 02:08:56.710 | ERROR | CID:N/A | ERR:EMAIL_QUEUE_ERROR | Error de configuración de base de datos.
   Exception: DataAccessException
1678. [AOCR_20260218.log] 2026-02-18 02:09:26.767 | ERROR | CID:N/A | ERR:EMAIL_QUEUE_ERROR | Error de configuración de base de datos.
   Exception: DataAccessException
1679. [AOCR_20260218.log] 2026-02-18 02:09:56.812 | ERROR | CID:N/A | ERR:EMAIL_QUEUE_ERROR | Error de configuración de base de datos.
   Exception: DataAccessException
1680. [AOCR_20260218.log] 2026-02-18 02:10:26.873 | ERROR | CID:N/A | ERR:EMAIL_QUEUE_ERROR | Error de configuración de base de datos.
   Exception: DataAccessException
1681. [AOCR_20260218.log] 2026-02-18 02:10:56.931 | ERROR | CID:N/A | ERR:EMAIL_QUEUE_ERROR | Error de configuración de base de datos.
   Exception: DataAccessException
1682. [AOCR_20260218.log] 2026-02-18 02:11:26.998 | ERROR | CID:N/A | ERR:EMAIL_QUEUE_ERROR | Error de configuración de base de datos.
   Exception: DataAccessException
1683. [AOCR_20260218.log] 2026-02-18 02:11:57.060 | ERROR | CID:N/A | ERR:EMAIL_QUEUE_ERROR | Error de configuración de base de datos.
   Exception: DataAccessException
1684. [AOCR_20260218.log] 2026-02-18 02:12:27.111 | ERROR | CID:N/A | ERR:EMAIL_QUEUE_ERROR | Error de configuración de base de datos.
   Exception: DataAccessException
1685. [AOCR_20260218.log] 2026-02-18 02:12:57.170 | ERROR | CID:N/A | ERR:EMAIL_QUEUE_ERROR | Error de configuración de base de datos.
   Exception: DataAccessException
1686. [AOCR_20260218.log] 2026-02-18 02:13:27.218 | ERROR | CID:N/A | ERR:EMAIL_QUEUE_ERROR | Error de configuración de base de datos.
   Exception: DataAccessException
1687. [AOCR_20260218.log] 2026-02-18 02:13:57.279 | ERROR | CID:N/A | ERR:EMAIL_QUEUE_ERROR | Error de configuración de base de datos.
   Exception: DataAccessException
1688. [AOCR_20260218.log] 2026-02-18 02:14:27.333 | ERROR | CID:N/A | ERR:EMAIL_QUEUE_ERROR | Error de configuración de base de datos.
   Exception: DataAccessException
1689. [AOCR_20260218.log] 2026-02-18 02:14:57.396 | ERROR | CID:N/A | ERR:EMAIL_QUEUE_ERROR | Error de configuración de base de datos.
   Exception: DataAccessException
1690. [AOCR_20260218.log] 2026-02-18 02:15:27.450 | ERROR | CID:N/A | ERR:EMAIL_QUEUE_ERROR | Error de configuración de base de datos.
   Exception: DataAccessException
1691. [AOCR_20260218.log] 2026-02-18 02:15:57.510 | ERROR | CID:N/A | ERR:EMAIL_QUEUE_ERROR | Error de configuración de base de datos.
   Exception: DataAccessException
1692. [AOCR_20260218.log] 2026-02-18 02:16:27.565 | ERROR | CID:N/A | ERR:EMAIL_QUEUE_ERROR | Error de configuración de base de datos.
   Exception: DataAccessException
1693. [AOCR_20260218.log] 2026-02-18 02:16:57.647 | ERROR | CID:N/A | ERR:EMAIL_QUEUE_ERROR | Error de configuración de base de datos.
   Exception: DataAccessException
1694. [AOCR_20260218.log] 2026-02-18 02:17:27.703 | ERROR | CID:N/A | ERR:EMAIL_QUEUE_ERROR | Error de configuración de base de datos.
   Exception: DataAccessException
1695. [AOCR_20260218.log] 2026-02-18 02:17:57.763 | ERROR | CID:N/A | ERR:EMAIL_QUEUE_ERROR | Error de configuración de base de datos.
   Exception: DataAccessException
1696. [AOCR_20260218.log] 2026-02-18 02:18:27.833 | ERROR | CID:N/A | ERR:EMAIL_QUEUE_ERROR | Error de configuración de base de datos.
   Exception: DataAccessException
1697. [AOCR_20260218.log] 2026-02-18 02:18:57.898 | ERROR | CID:N/A | ERR:EMAIL_QUEUE_ERROR | Error de configuración de base de datos.
   Exception: DataAccessException
1698. [AOCR_20260218.log] 2026-02-18 02:19:27.954 | ERROR | CID:N/A | ERR:EMAIL_QUEUE_ERROR | Error de configuración de base de datos.
   Exception: DataAccessException
1699. [AOCR_20260218.log] 2026-02-18 02:19:58.019 | ERROR | CID:N/A | ERR:EMAIL_QUEUE_ERROR | Error de configuración de base de datos.
   Exception: DataAccessException
1700. [AOCR_20260218.log] 2026-02-18 02:20:28.075 | ERROR | CID:N/A | ERR:EMAIL_QUEUE_ERROR | Error de configuración de base de datos.
   Exception: DataAccessException
1701. [AOCR_20260218.log] 2026-02-18 02:20:58.128 | ERROR | CID:N/A | ERR:EMAIL_QUEUE_ERROR | Error de configuración de base de datos.
   Exception: DataAccessException
1702. [AOCR_20260218.log] 2026-02-18 02:21:28.181 | ERROR | CID:N/A | ERR:EMAIL_QUEUE_ERROR | Error de configuración de base de datos.
   Exception: DataAccessException
1703. [AOCR_20260218.log] 2026-02-18 02:21:58.247 | ERROR | CID:N/A | ERR:EMAIL_QUEUE_ERROR | Error de configuración de base de datos.
   Exception: DataAccessException
1704. [AOCR_20260218.log] 2026-02-18 02:22:28.301 | ERROR | CID:N/A | ERR:EMAIL_QUEUE_ERROR | Error de configuración de base de datos.
   Exception: DataAccessException
1705. [AOCR_20260218.log] 2026-02-18 02:22:58.370 | ERROR | CID:N/A | ERR:EMAIL_QUEUE_ERROR | Error de configuración de base de datos.
   Exception: DataAccessException
1706. [AOCR_20260218.log] 2026-02-18 02:23:28.435 | ERROR | CID:N/A | ERR:EMAIL_QUEUE_ERROR | Error de configuración de base de datos.
   Exception: DataAccessException
1707. [AOCR_20260218.log] 2026-02-18 02:23:58.487 | ERROR | CID:N/A | ERR:EMAIL_QUEUE_ERROR | Error de configuración de base de datos.
   Exception: DataAccessException
1708. [AOCR_20260218.log] 2026-02-18 02:24:28.560 | ERROR | CID:N/A | ERR:EMAIL_QUEUE_ERROR | Error de configuración de base de datos.
   Exception: DataAccessException
1709. [AOCR_20260218.log] 2026-02-18 02:24:58.609 | ERROR | CID:N/A | ERR:EMAIL_QUEUE_ERROR | Error de configuración de base de datos.
   Exception: DataAccessException
1710. [AOCR_20260218.log] 2026-02-18 02:25:28.681 | ERROR | CID:N/A | ERR:EMAIL_QUEUE_ERROR | Error de configuración de base de datos.
   Exception: DataAccessException
1711. [AOCR_20260218.log] 2026-02-18 02:25:58.736 | ERROR | CID:N/A | ERR:EMAIL_QUEUE_ERROR | Error de configuración de base de datos.
   Exception: DataAccessException
1712. [AOCR_20260218.log] 2026-02-18 02:26:28.796 | ERROR | CID:N/A | ERR:EMAIL_QUEUE_ERROR | Error de configuración de base de datos.
   Exception: DataAccessException
1713. [AOCR_20260218.log] 2026-02-18 02:26:58.852 | ERROR | CID:N/A | ERR:EMAIL_QUEUE_ERROR | Error de configuración de base de datos.
   Exception: DataAccessException
1714. [AOCR_20260218.log] 2026-02-18 02:27:28.896 | ERROR | CID:N/A | ERR:EMAIL_QUEUE_ERROR | Error de configuración de base de datos.
   Exception: DataAccessException
1715. [AOCR_20260218.log] 2026-02-18 02:27:58.941 | ERROR | CID:N/A | ERR:EMAIL_QUEUE_ERROR | Error de configuración de base de datos.
   Exception: DataAccessException
1716. [AOCR_20260218.log] 2026-02-18 02:28:29.012 | ERROR | CID:N/A | ERR:EMAIL_QUEUE_ERROR | Error de configuración de base de datos.
   Exception: DataAccessException
1717. [AOCR_20260218.log] 2026-02-18 02:28:59.066 | ERROR | CID:N/A | ERR:EMAIL_QUEUE_ERROR | Error de configuración de base de datos.
   Exception: DataAccessException
1718. [AOCR_20260218.log] 2026-02-18 02:29:29.113 | ERROR | CID:N/A | ERR:EMAIL_QUEUE_ERROR | Error de configuración de base de datos.
   Exception: DataAccessException
1719. [AOCR_20260218.log] 2026-02-18 02:29:59.174 | ERROR | CID:N/A | ERR:EMAIL_QUEUE_ERROR | Error de configuración de base de datos.
   Exception: DataAccessException
1720. [AOCR_20260218.log] 2026-02-18 02:30:29.238 | ERROR | CID:N/A | ERR:EMAIL_QUEUE_ERROR | Error de configuración de base de datos.
   Exception: DataAccessException
1721. [AOCR_20260218.log] 2026-02-18 02:30:59.306 | ERROR | CID:N/A | ERR:EMAIL_QUEUE_ERROR | Error de configuración de base de datos.
   Exception: DataAccessException
1722. [AOCR_20260218.log] 2026-02-18 02:31:29.367 | ERROR | CID:N/A | ERR:EMAIL_QUEUE_ERROR | Error de configuración de base de datos.
   Exception: DataAccessException
1723. [AOCR_20260218.log] 2026-02-18 02:31:59.421 | ERROR | CID:N/A | ERR:EMAIL_QUEUE_ERROR | Error de configuración de base de datos.
   Exception: DataAccessException
1724. [AOCR_20260218.log] 2026-02-18 02:32:29.495 | ERROR | CID:N/A | ERR:EMAIL_QUEUE_ERROR | Error de configuración de base de datos.
   Exception: DataAccessException
1725. [AOCR_20260218.log] 2026-02-18 02:32:59.571 | ERROR | CID:N/A | ERR:EMAIL_QUEUE_ERROR | Error de configuración de base de datos.
   Exception: DataAccessException
1726. [AOCR_20260218.log] 2026-02-18 02:33:29.647 | ERROR | CID:N/A | ERR:EMAIL_QUEUE_ERROR | Error de configuración de base de datos.
   Exception: DataAccessException
1727. [AOCR_20260218.log] 2026-02-18 02:33:59.704 | ERROR | CID:N/A | ERR:EMAIL_QUEUE_ERROR | Error de configuración de base de datos.
   Exception: DataAccessException
1728. [AOCR_20260218.log] 2026-02-18 02:34:29.770 | ERROR | CID:N/A | ERR:EMAIL_QUEUE_ERROR | Error de configuración de base de datos.
   Exception: DataAccessException
1729. [AOCR_20260218.log] 2026-02-18 02:34:59.818 | ERROR | CID:N/A | ERR:EMAIL_QUEUE_ERROR | Error de configuración de base de datos.
   Exception: DataAccessException
1730. [AOCR_20260218.log] 2026-02-18 02:35:29.868 | ERROR | CID:N/A | ERR:EMAIL_QUEUE_ERROR | Error de configuración de base de datos.
   Exception: DataAccessException
1731. [AOCR_20260218.log] 2026-02-18 02:35:59.936 | ERROR | CID:N/A | ERR:EMAIL_QUEUE_ERROR | Error de configuración de base de datos.
   Exception: DataAccessException
1732. [AOCR_20260218.log] 2026-02-18 02:36:29.987 | ERROR | CID:N/A | ERR:EMAIL_QUEUE_ERROR | Error de configuración de base de datos.
   Exception: DataAccessException
1733. [AOCR_20260218.log] 2026-02-18 02:37:00.043 | ERROR | CID:N/A | ERR:EMAIL_QUEUE_ERROR | Error de configuración de base de datos.
   Exception: DataAccessException
1734. [AOCR_20260218.log] 2026-02-18 02:37:30.104 | ERROR | CID:N/A | ERR:EMAIL_QUEUE_ERROR | Error de configuración de base de datos.
   Exception: DataAccessException
1735. [AOCR_20260218.log] 2026-02-18 02:38:00.154 | ERROR | CID:N/A | ERR:EMAIL_QUEUE_ERROR | Error de configuración de base de datos.
   Exception: DataAccessException
1736. [AOCR_20260218.log] 2026-02-18 02:38:30.225 | ERROR | CID:N/A | ERR:EMAIL_QUEUE_ERROR | Error de configuración de base de datos.
   Exception: DataAccessException
1737. [AOCR_20260218.log] 2026-02-18 02:39:00.284 | ERROR | CID:N/A | ERR:EMAIL_QUEUE_ERROR | Error de configuración de base de datos.
   Exception: DataAccessException
1738. [AOCR_20260218.log] 2026-02-18 02:39:30.339 | ERROR | CID:N/A | ERR:EMAIL_QUEUE_ERROR | Error de configuración de base de datos.
   Exception: DataAccessException
1739. [AOCR_20260218.log] 2026-02-18 02:40:00.387 | ERROR | CID:N/A | ERR:EMAIL_QUEUE_ERROR | Error de configuración de base de datos.
   Exception: DataAccessException
1740. [AOCR_20260218.log] 2026-02-18 02:40:30.445 | ERROR | CID:N/A | ERR:EMAIL_QUEUE_ERROR | Error de configuración de base de datos.
   Exception: DataAccessException
1741. [AOCR_20260218.log] 2026-02-18 02:41:00.499 | ERROR | CID:N/A | ERR:EMAIL_QUEUE_ERROR | Error de configuración de base de datos.
   Exception: DataAccessException
1742. [AOCR_20260218.log] 2026-02-18 02:41:30.547 | ERROR | CID:N/A | ERR:EMAIL_QUEUE_ERROR | Error de configuración de base de datos.
   Exception: DataAccessException
1743. [AOCR_20260218.log] 2026-02-18 02:42:00.608 | ERROR | CID:N/A | ERR:EMAIL_QUEUE_ERROR | Error de configuración de base de datos.
   Exception: DataAccessException
1744. [AOCR_20260218.log] 2026-02-18 02:42:30.673 | ERROR | CID:N/A | ERR:EMAIL_QUEUE_ERROR | Error de configuración de base de datos.
   Exception: DataAccessException
1745. [AOCR_20260218.log] 2026-02-18 02:43:00.722 | ERROR | CID:N/A | ERR:EMAIL_QUEUE_ERROR | Error de configuración de base de datos.
   Exception: DataAccessException
1746. [AOCR_20260218.log] 2026-02-18 02:43:30.773 | ERROR | CID:N/A | ERR:EMAIL_QUEUE_ERROR | Error de configuración de base de datos.
   Exception: DataAccessException
1747. [AOCR_20260218.log] 2026-02-18 02:44:00.828 | ERROR | CID:N/A | ERR:EMAIL_QUEUE_ERROR | Error de configuración de base de datos.
   Exception: DataAccessException
1748. [AOCR_20260218.log] 2026-02-18 02:44:30.892 | ERROR | CID:N/A | ERR:EMAIL_QUEUE_ERROR | Error de configuración de base de datos.
   Exception: DataAccessException
1749. [AOCR_20260218.log] 2026-02-18 02:45:00.953 | ERROR | CID:N/A | ERR:EMAIL_QUEUE_ERROR | Error de configuración de base de datos.
   Exception: DataAccessException
1750. [AOCR_20260218.log] 2026-02-18 02:45:31.022 | ERROR | CID:N/A | ERR:EMAIL_QUEUE_ERROR | Error de configuración de base de datos.
   Exception: DataAccessException
1751. [AOCR_20260218.log] 2026-02-18 02:46:01.080 | ERROR | CID:N/A | ERR:EMAIL_QUEUE_ERROR | Error de configuración de base de datos.
   Exception: DataAccessException
1752. [AOCR_20260218.log] 2026-02-18 02:46:31.140 | ERROR | CID:N/A | ERR:EMAIL_QUEUE_ERROR | Error de configuración de base de datos.
   Exception: DataAccessException
1753. [AOCR_20260218.log] 2026-02-18 02:47:01.192 | ERROR | CID:N/A | ERR:EMAIL_QUEUE_ERROR | Error de configuración de base de datos.
   Exception: DataAccessException
1754. [AOCR_20260218.log] 2026-02-18 02:47:31.246 | ERROR | CID:N/A | ERR:EMAIL_QUEUE_ERROR | Error de configuración de base de datos.
   Exception: DataAccessException
1755. [AOCR_20260218.log] 2026-02-18 02:48:01.289 | ERROR | CID:N/A | ERR:EMAIL_QUEUE_ERROR | Error de configuración de base de datos.
   Exception: DataAccessException
1756. [AOCR_20260218.log] 2026-02-18 02:48:31.331 | ERROR | CID:N/A | ERR:EMAIL_QUEUE_ERROR | Error de configuración de base de datos.
   Exception: DataAccessException
1757. [AOCR_20260218.log] 2026-02-18 02:49:01.374 | ERROR | CID:N/A | ERR:EMAIL_QUEUE_ERROR | Error de configuración de base de datos.
   Exception: DataAccessException
1758. [AOCR_20260218.log] 2026-02-18 02:49:31.432 | ERROR | CID:N/A | ERR:EMAIL_QUEUE_ERROR | Error de configuración de base de datos.
   Exception: DataAccessException
1759. [AOCR_20260218.log] 2026-02-18 02:50:01.500 | ERROR | CID:N/A | ERR:EMAIL_QUEUE_ERROR | Error de configuración de base de datos.
   Exception: DataAccessException
1760. [AOCR_20260218.log] 2026-02-18 02:50:31.558 | ERROR | CID:N/A | ERR:EMAIL_QUEUE_ERROR | Error de configuración de base de datos.
   Exception: DataAccessException
1761. [AOCR_20260218.log] 2026-02-18 02:51:01.610 | ERROR | CID:N/A | ERR:EMAIL_QUEUE_ERROR | Error de configuración de base de datos.
   Exception: DataAccessException
1762. [AOCR_20260218.log] 2026-02-18 02:51:31.667 | ERROR | CID:N/A | ERR:EMAIL_QUEUE_ERROR | Error de configuración de base de datos.
   Exception: DataAccessException
1763. [AOCR_20260218.log] 2026-02-18 02:52:01.719 | ERROR | CID:N/A | ERR:EMAIL_QUEUE_ERROR | Error de configuración de base de datos.
   Exception: DataAccessException
1764. [AOCR_20260218.log] 2026-02-18 02:52:31.787 | ERROR | CID:N/A | ERR:EMAIL_QUEUE_ERROR | Error de configuración de base de datos.
   Exception: DataAccessException
1765. [AOCR_20260218.log] 2026-02-18 02:53:01.847 | ERROR | CID:N/A | ERR:EMAIL_QUEUE_ERROR | Error de configuración de base de datos.
   Exception: DataAccessException
1766. [AOCR_20260218.log] 2026-02-18 02:53:31.909 | ERROR | CID:N/A | ERR:EMAIL_QUEUE_ERROR | Error de configuración de base de datos.
   Exception: DataAccessException
1767. [AOCR_20260218.log] 2026-02-18 02:54:01.969 | ERROR | CID:N/A | ERR:EMAIL_QUEUE_ERROR | Error de configuración de base de datos.
   Exception: DataAccessException
1768. [AOCR_20260218.log] 2026-02-18 02:54:32.026 | ERROR | CID:N/A | ERR:EMAIL_QUEUE_ERROR | Error de configuración de base de datos.
   Exception: DataAccessException
1769. [AOCR_20260218.log] 2026-02-18 02:55:02.089 | ERROR | CID:N/A | ERR:EMAIL_QUEUE_ERROR | Error de configuración de base de datos.
   Exception: DataAccessException
1770. [AOCR_20260218.log] 2026-02-18 02:55:32.155 | ERROR | CID:N/A | ERR:EMAIL_QUEUE_ERROR | Error de configuración de base de datos.
   Exception: DataAccessException
1771. [AOCR_20260218.log] 2026-02-18 02:56:02.218 | ERROR | CID:N/A | ERR:EMAIL_QUEUE_ERROR | Error de configuración de base de datos.
   Exception: DataAccessException
1772. [AOCR_20260218.log] 2026-02-18 02:56:32.276 | ERROR | CID:N/A | ERR:EMAIL_QUEUE_ERROR | Error de configuración de base de datos.
   Exception: DataAccessException
1773. [AOCR_20260218.log] 2026-02-18 02:57:02.345 | ERROR | CID:N/A | ERR:EMAIL_QUEUE_ERROR | Error de configuración de base de datos.
   Exception: DataAccessException
1774. [AOCR_20260218.log] 2026-02-18 02:57:32.394 | ERROR | CID:N/A | ERR:EMAIL_QUEUE_ERROR | Error de configuración de base de datos.
   Exception: DataAccessException
1775. [AOCR_20260218.log] 2026-02-18 02:58:02.460 | ERROR | CID:N/A | ERR:EMAIL_QUEUE_ERROR | Error de configuración de base de datos.
   Exception: DataAccessException
1776. [AOCR_20260218.log] 2026-02-18 02:58:32.508 | ERROR | CID:N/A | ERR:EMAIL_QUEUE_ERROR | Error de configuración de base de datos.
   Exception: DataAccessException
1777. [AOCR_20260218.log] 2026-02-18 02:59:02.582 | ERROR | CID:N/A | ERR:EMAIL_QUEUE_ERROR | Error de configuración de base de datos.
   Exception: DataAccessException
1778. [AOCR_20260218.log] 2026-02-18 02:59:32.642 | ERROR | CID:N/A | ERR:EMAIL_QUEUE_ERROR | Error de configuración de base de datos.
   Exception: DataAccessException
1779. [AOCR_20260218.log] 2026-02-18 03:00:02.711 | ERROR | CID:N/A | ERR:EMAIL_QUEUE_ERROR | Error de configuración de base de datos.
   Exception: DataAccessException
1780. [AOCR_20260218.log] 2026-02-18 03:00:32.768 | ERROR | CID:N/A | ERR:EMAIL_QUEUE_ERROR | Error de configuración de base de datos.
   Exception: DataAccessException
1781. [AOCR_20260218.log] 2026-02-18 03:01:02.833 | ERROR | CID:N/A | ERR:EMAIL_QUEUE_ERROR | Error de configuración de base de datos.
   Exception: DataAccessException
1782. [AOCR_20260218.log] 2026-02-18 03:01:32.891 | ERROR | CID:N/A | ERR:EMAIL_QUEUE_ERROR | Error de configuración de base de datos.
   Exception: DataAccessException
1783. [AOCR_20260218.log] 2026-02-18 03:02:02.960 | ERROR | CID:N/A | ERR:EMAIL_QUEUE_ERROR | Error de configuración de base de datos.
   Exception: DataAccessException
1784. [AOCR_20260218.log] 2026-02-18 03:02:33.028 | ERROR | CID:N/A | ERR:EMAIL_QUEUE_ERROR | Error de configuración de base de datos.
   Exception: DataAccessException
1785. [AOCR_20260218.log] 2026-02-18 03:03:03.087 | ERROR | CID:N/A | ERR:EMAIL_QUEUE_ERROR | Error de configuración de base de datos.
   Exception: DataAccessException
1786. [AOCR_20260218.log] 2026-02-18 03:03:33.154 | ERROR | CID:N/A | ERR:EMAIL_QUEUE_ERROR | Error de configuración de base de datos.
   Exception: DataAccessException
1787. [AOCR_20260218.log] 2026-02-18 03:04:03.211 | ERROR | CID:N/A | ERR:EMAIL_QUEUE_ERROR | Error de configuración de base de datos.
   Exception: DataAccessException
1788. [AOCR_20260218.log] 2026-02-18 03:04:33.273 | ERROR | CID:N/A | ERR:EMAIL_QUEUE_ERROR | Error de configuración de base de datos.
   Exception: DataAccessException
1789. [AOCR_20260218.log] 2026-02-18 03:05:03.331 | ERROR | CID:N/A | ERR:EMAIL_QUEUE_ERROR | Error de configuración de base de datos.
   Exception: DataAccessException
1790. [AOCR_20260218.log] 2026-02-18 03:05:33.405 | ERROR | CID:N/A | ERR:EMAIL_QUEUE_ERROR | Error de configuración de base de datos.
   Exception: DataAccessException
1791. [AOCR_20260218.log] 2026-02-18 03:06:03.466 | ERROR | CID:N/A | ERR:EMAIL_QUEUE_ERROR | Error de configuración de base de datos.
   Exception: DataAccessException
1792. [AOCR_20260218.log] 2026-02-18 03:06:33.538 | ERROR | CID:N/A | ERR:EMAIL_QUEUE_ERROR | Error de configuración de base de datos.
   Exception: DataAccessException
1793. [AOCR_20260218.log] 2026-02-18 03:07:03.611 | ERROR | CID:N/A | ERR:EMAIL_QUEUE_ERROR | Error de configuración de base de datos.
   Exception: DataAccessException
1794. [AOCR_20260218.log] 2026-02-18 03:07:33.677 | ERROR | CID:N/A | ERR:EMAIL_QUEUE_ERROR | Error de configuración de base de datos.
   Exception: DataAccessException
1795. [AOCR_20260218.log] 2026-02-18 03:08:03.731 | ERROR | CID:N/A | ERR:EMAIL_QUEUE_ERROR | Error de configuración de base de datos.
   Exception: DataAccessException
1796. [AOCR_20260218.log] 2026-02-18 03:08:33.790 | ERROR | CID:N/A | ERR:EMAIL_QUEUE_ERROR | Error de configuración de base de datos.
   Exception: DataAccessException
1797. [AOCR_20260218.log] 2026-02-18 03:09:03.847 | ERROR | CID:N/A | ERR:EMAIL_QUEUE_ERROR | Error de configuración de base de datos.
   Exception: DataAccessException
1798. [AOCR_20260218.log] 2026-02-18 03:09:33.908 | ERROR | CID:N/A | ERR:EMAIL_QUEUE_ERROR | Error de configuración de base de datos.
   Exception: DataAccessException
1799. [AOCR_20260218.log] 2026-02-18 03:10:03.969 | ERROR | CID:N/A | ERR:EMAIL_QUEUE_ERROR | Error de configuración de base de datos.
   Exception: DataAccessException
1800. [AOCR_20260218.log] 2026-02-18 03:10:34.021 | ERROR | CID:N/A | ERR:EMAIL_QUEUE_ERROR | Error de configuración de base de datos.
   Exception: DataAccessException
1801. [AOCR_20260218.log] 2026-02-18 03:11:04.068 | ERROR | CID:N/A | ERR:EMAIL_QUEUE_ERROR | Error de configuración de base de datos.
   Exception: DataAccessException
1802. [AOCR_20260218.log] 2026-02-18 03:11:34.130 | ERROR | CID:N/A | ERR:EMAIL_QUEUE_ERROR | Error de configuración de base de datos.
   Exception: DataAccessException
1803. [AOCR_20260218.log] 2026-02-18 03:12:04.178 | ERROR | CID:N/A | ERR:EMAIL_QUEUE_ERROR | Error de configuración de base de datos.
   Exception: DataAccessException
1804. [AOCR_20260218.log] 2026-02-18 03:12:34.228 | ERROR | CID:N/A | ERR:EMAIL_QUEUE_ERROR | Error de configuración de base de datos.
   Exception: DataAccessException
1805. [AOCR_20260218.log] 2026-02-18 03:13:04.285 | ERROR | CID:N/A | ERR:EMAIL_QUEUE_ERROR | Error de configuración de base de datos.
   Exception: DataAccessException
1806. [AOCR_20260218.log] 2026-02-18 03:13:34.340 | ERROR | CID:N/A | ERR:EMAIL_QUEUE_ERROR | Error de configuración de base de datos.
   Exception: DataAccessException
1807. [AOCR_20260218.log] 2026-02-18 03:14:04.398 | ERROR | CID:N/A | ERR:EMAIL_QUEUE_ERROR | Error de configuración de base de datos.
   Exception: DataAccessException
1808. [AOCR_20260218.log] 2026-02-18 03:14:34.450 | ERROR | CID:N/A | ERR:EMAIL_QUEUE_ERROR | Error de configuración de base de datos.
   Exception: DataAccessException
1809. [AOCR_20260218.log] 2026-02-18 03:15:04.513 | ERROR | CID:N/A | ERR:EMAIL_QUEUE_ERROR | Error de configuración de base de datos.
   Exception: DataAccessException
1810. [AOCR_20260218.log] 2026-02-18 03:15:34.568 | ERROR | CID:N/A | ERR:EMAIL_QUEUE_ERROR | Error de configuración de base de datos.
   Exception: DataAccessException
1811. [AOCR_20260218.log] 2026-02-18 03:16:04.636 | ERROR | CID:N/A | ERR:EMAIL_QUEUE_ERROR | Error de configuración de base de datos.
   Exception: DataAccessException
1812. [AOCR_20260218.log] 2026-02-18 03:16:34.692 | ERROR | CID:N/A | ERR:EMAIL_QUEUE_ERROR | Error de configuración de base de datos.
   Exception: DataAccessException
1813. [AOCR_20260218.log] 2026-02-18 03:17:04.749 | ERROR | CID:N/A | ERR:EMAIL_QUEUE_ERROR | Error de configuración de base de datos.
   Exception: DataAccessException
1814. [AOCR_20260218.log] 2026-02-18 03:17:34.800 | ERROR | CID:N/A | ERR:EMAIL_QUEUE_ERROR | Error de configuración de base de datos.
   Exception: DataAccessException
1815. [AOCR_20260218.log] 2026-02-18 03:18:04.850 | ERROR | CID:N/A | ERR:EMAIL_QUEUE_ERROR | Error de configuración de base de datos.
   Exception: DataAccessException
1816. [AOCR_20260218.log] 2026-02-18 03:18:34.902 | ERROR | CID:N/A | ERR:EMAIL_QUEUE_ERROR | Error de configuración de base de datos.
   Exception: DataAccessException
1817. [AOCR_20260218.log] 2026-02-18 03:19:04.955 | ERROR | CID:N/A | ERR:EMAIL_QUEUE_ERROR | Error de configuración de base de datos.
   Exception: DataAccessException
1818. [AOCR_20260218.log] 2026-02-18 03:19:35.012 | ERROR | CID:N/A | ERR:EMAIL_QUEUE_ERROR | Error de configuración de base de datos.
   Exception: DataAccessException
1819. [AOCR_20260218.log] 2026-02-18 03:20:05.056 | ERROR | CID:N/A | ERR:EMAIL_QUEUE_ERROR | Error de configuración de base de datos.
   Exception: DataAccessException
1820. [AOCR_20260218.log] 2026-02-18 03:20:35.127 | ERROR | CID:N/A | ERR:EMAIL_QUEUE_ERROR | Error de configuración de base de datos.
   Exception: DataAccessException
1821. [AOCR_20260218.log] 2026-02-18 03:21:05.182 | ERROR | CID:N/A | ERR:EMAIL_QUEUE_ERROR | Error de configuración de base de datos.
   Exception: DataAccessException
1822. [AOCR_20260218.log] 2026-02-18 03:21:35.247 | ERROR | CID:N/A | ERR:EMAIL_QUEUE_ERROR | Error de configuración de base de datos.
   Exception: DataAccessException
1823. [AOCR_20260218.log] 2026-02-18 03:22:05.293 | ERROR | CID:N/A | ERR:EMAIL_QUEUE_ERROR | Error de configuración de base de datos.
   Exception: DataAccessException
1824. [AOCR_20260218.log] 2026-02-18 03:22:35.349 | ERROR | CID:N/A | ERR:EMAIL_QUEUE_ERROR | Error de configuración de base de datos.
   Exception: DataAccessException
1825. [AOCR_20260218.log] 2026-02-18 03:23:05.398 | ERROR | CID:N/A | ERR:EMAIL_QUEUE_ERROR | Error de configuración de base de datos.
   Exception: DataAccessException
1826. [AOCR_20260218.log] 2026-02-18 03:23:35.462 | ERROR | CID:N/A | ERR:EMAIL_QUEUE_ERROR | Error de configuración de base de datos.
   Exception: DataAccessException
1827. [AOCR_20260218.log] 2026-02-18 03:24:05.525 | ERROR | CID:N/A | ERR:EMAIL_QUEUE_ERROR | Error de configuración de base de datos.
   Exception: DataAccessException
1828. [AOCR_20260218.log] 2026-02-18 03:24:35.589 | ERROR | CID:N/A | ERR:EMAIL_QUEUE_ERROR | Error de configuración de base de datos.
   Exception: DataAccessException
1829. [AOCR_20260218.log] 2026-02-18 03:25:05.640 | ERROR | CID:N/A | ERR:EMAIL_QUEUE_ERROR | Error de configuración de base de datos.
   Exception: DataAccessException
1830. [AOCR_20260218.log] 2026-02-18 03:25:35.704 | ERROR | CID:N/A | ERR:EMAIL_QUEUE_ERROR | Error de configuración de base de datos.
   Exception: DataAccessException
1831. [AOCR_20260218.log] 2026-02-18 03:26:05.766 | ERROR | CID:N/A | ERR:EMAIL_QUEUE_ERROR | Error de configuración de base de datos.
   Exception: DataAccessException
1832. [AOCR_20260218.log] 2026-02-18 03:26:35.843 | ERROR | CID:N/A | ERR:EMAIL_QUEUE_ERROR | Error de configuración de base de datos.
   Exception: DataAccessException
1833. [AOCR_20260218.log] 2026-02-18 03:27:05.910 | ERROR | CID:N/A | ERR:EMAIL_QUEUE_ERROR | Error de configuración de base de datos.
   Exception: DataAccessException
1834. [AOCR_20260218.log] 2026-02-18 03:27:35.978 | ERROR | CID:N/A | ERR:EMAIL_QUEUE_ERROR | Error de configuración de base de datos.
   Exception: DataAccessException
1835. [AOCR_20260218.log] 2026-02-18 03:28:06.051 | ERROR | CID:N/A | ERR:EMAIL_QUEUE_ERROR | Error de configuración de base de datos.
   Exception: DataAccessException
1836. [AOCR_20260218.log] 2026-02-18 03:28:36.106 | ERROR | CID:N/A | ERR:EMAIL_QUEUE_ERROR | Error de configuración de base de datos.
   Exception: DataAccessException
1837. [AOCR_20260218.log] 2026-02-18 03:29:06.164 | ERROR | CID:N/A | ERR:EMAIL_QUEUE_ERROR | Error de configuración de base de datos.
   Exception: DataAccessException
1838. [AOCR_20260218.log] 2026-02-18 03:29:36.229 | ERROR | CID:N/A | ERR:EMAIL_QUEUE_ERROR | Error de configuración de base de datos.
   Exception: DataAccessException
1839. [AOCR_20260218.log] 2026-02-18 03:30:06.285 | ERROR | CID:N/A | ERR:EMAIL_QUEUE_ERROR | Error de configuración de base de datos.
   Exception: DataAccessException
1840. [AOCR_20260218.log] 2026-02-18 03:30:36.345 | ERROR | CID:N/A | ERR:EMAIL_QUEUE_ERROR | Error de configuración de base de datos.
   Exception: DataAccessException
1841. [AOCR_20260218.log] 2026-02-18 03:31:06.407 | ERROR | CID:N/A | ERR:EMAIL_QUEUE_ERROR | Error de configuración de base de datos.
   Exception: DataAccessException
1842. [AOCR_20260218.log] 2026-02-18 03:31:36.456 | ERROR | CID:N/A | ERR:EMAIL_QUEUE_ERROR | Error de configuración de base de datos.
   Exception: DataAccessException
1843. [AOCR_20260218.log] 2026-02-18 03:32:06.510 | ERROR | CID:N/A | ERR:EMAIL_QUEUE_ERROR | Error de configuración de base de datos.
   Exception: DataAccessException
1844. [AOCR_20260218.log] 2026-02-18 03:32:36.568 | ERROR | CID:N/A | ERR:EMAIL_QUEUE_ERROR | Error de configuración de base de datos.
   Exception: DataAccessException
1845. [AOCR_20260218.log] 2026-02-18 03:33:06.619 | ERROR | CID:N/A | ERR:EMAIL_QUEUE_ERROR | Error de configuración de base de datos.
   Exception: DataAccessException
1846. [AOCR_20260218.log] 2026-02-18 03:33:36.669 | ERROR | CID:N/A | ERR:EMAIL_QUEUE_ERROR | Error de configuración de base de datos.
   Exception: DataAccessException
1847. [AOCR_20260218.log] 2026-02-18 03:34:06.731 | ERROR | CID:N/A | ERR:EMAIL_QUEUE_ERROR | Error de configuración de base de datos.
   Exception: DataAccessException
1848. [AOCR_20260218.log] 2026-02-18 03:34:36.800 | ERROR | CID:N/A | ERR:EMAIL_QUEUE_ERROR | Error de configuración de base de datos.
   Exception: DataAccessException
1849. [AOCR_20260218.log] 2026-02-18 03:35:06.868 | ERROR | CID:N/A | ERR:EMAIL_QUEUE_ERROR | Error de configuración de base de datos.
   Exception: DataAccessException
1850. [AOCR_20260218.log] 2026-02-18 03:35:36.921 | ERROR | CID:N/A | ERR:EMAIL_QUEUE_ERROR | Error de configuración de base de datos.
   Exception: DataAccessException
1851. [AOCR_20260218.log] 2026-02-18 03:36:06.987 | ERROR | CID:N/A | ERR:EMAIL_QUEUE_ERROR | Error de configuración de base de datos.
   Exception: DataAccessException
1852. [AOCR_20260218.log] 2026-02-18 03:36:37.037 | ERROR | CID:N/A | ERR:EMAIL_QUEUE_ERROR | Error de configuración de base de datos.
   Exception: DataAccessException
1853. [AOCR_20260218.log] 2026-02-18 03:37:07.096 | ERROR | CID:N/A | ERR:EMAIL_QUEUE_ERROR | Error de configuración de base de datos.
   Exception: DataAccessException
1854. [AOCR_20260218.log] 2026-02-18 03:37:37.169 | ERROR | CID:N/A | ERR:EMAIL_QUEUE_ERROR | Error de configuración de base de datos.
   Exception: DataAccessException
1855. [AOCR_20260218.log] 2026-02-18 03:38:07.241 | ERROR | CID:N/A | ERR:EMAIL_QUEUE_ERROR | Error de configuración de base de datos.
   Exception: DataAccessException
1856. [AOCR_20260218.log] 2026-02-18 03:38:37.308 | ERROR | CID:N/A | ERR:EMAIL_QUEUE_ERROR | Error de configuración de base de datos.
   Exception: DataAccessException
1857. [AOCR_20260218.log] 2026-02-18 03:39:07.356 | ERROR | CID:N/A | ERR:EMAIL_QUEUE_ERROR | Error de configuración de base de datos.
   Exception: DataAccessException
1858. [AOCR_20260218.log] 2026-02-18 03:39:37.414 | ERROR | CID:N/A | ERR:EMAIL_QUEUE_ERROR | Error de configuración de base de datos.
   Exception: DataAccessException
1859. [AOCR_20260218.log] 2026-02-18 03:40:07.468 | ERROR | CID:N/A | ERR:EMAIL_QUEUE_ERROR | Error de configuración de base de datos.
   Exception: DataAccessException
1860. [AOCR_20260218.log] 2026-02-18 03:40:37.521 | ERROR | CID:N/A | ERR:EMAIL_QUEUE_ERROR | Error de configuración de base de datos.
   Exception: DataAccessException
1861. [AOCR_20260218.log] 2026-02-18 03:41:07.584 | ERROR | CID:N/A | ERR:EMAIL_QUEUE_ERROR | Error de configuración de base de datos.
   Exception: DataAccessException
1862. [AOCR_20260218.log] 2026-02-18 03:41:37.641 | ERROR | CID:N/A | ERR:EMAIL_QUEUE_ERROR | Error de configuración de base de datos.
   Exception: DataAccessException
1863. [AOCR_20260218.log] 2026-02-18 03:42:07.712 | ERROR | CID:N/A | ERR:EMAIL_QUEUE_ERROR | Error de configuración de base de datos.
   Exception: DataAccessException
1864. [AOCR_20260218.log] 2026-02-18 03:42:37.778 | ERROR | CID:N/A | ERR:EMAIL_QUEUE_ERROR | Error de configuración de base de datos.
   Exception: DataAccessException
1865. [AOCR_20260218.log] 2026-02-18 03:43:07.834 | ERROR | CID:N/A | ERR:EMAIL_QUEUE_ERROR | Error de configuración de base de datos.
   Exception: DataAccessException
1866. [AOCR_20260218.log] 2026-02-18 03:43:37.905 | ERROR | CID:N/A | ERR:EMAIL_QUEUE_ERROR | Error de configuración de base de datos.
   Exception: DataAccessException
1867. [AOCR_20260218.log] 2026-02-18 03:44:07.972 | ERROR | CID:N/A | ERR:EMAIL_QUEUE_ERROR | Error de configuración de base de datos.
   Exception: DataAccessException
1868. [AOCR_20260218.log] 2026-02-18 03:44:38.031 | ERROR | CID:N/A | ERR:EMAIL_QUEUE_ERROR | Error de configuración de base de datos.
   Exception: DataAccessException
1869. [AOCR_20260218.log] 2026-02-18 03:45:08.091 | ERROR | CID:N/A | ERR:EMAIL_QUEUE_ERROR | Error de configuración de base de datos.
   Exception: DataAccessException
1870. [AOCR_20260218.log] 2026-02-18 03:45:38.154 | ERROR | CID:N/A | ERR:EMAIL_QUEUE_ERROR | Error de configuración de base de datos.
   Exception: DataAccessException
1871. [AOCR_20260218.log] 2026-02-18 03:46:08.210 | ERROR | CID:N/A | ERR:EMAIL_QUEUE_ERROR | Error de configuración de base de datos.
   Exception: DataAccessException
1872. [AOCR_20260218.log] 2026-02-18 03:46:38.276 | ERROR | CID:N/A | ERR:EMAIL_QUEUE_ERROR | Error de configuración de base de datos.
   Exception: DataAccessException
1873. [AOCR_20260218.log] 2026-02-18 03:47:08.338 | ERROR | CID:N/A | ERR:EMAIL_QUEUE_ERROR | Error de configuración de base de datos.
   Exception: DataAccessException
1874. [AOCR_20260218.log] 2026-02-18 03:47:38.402 | ERROR | CID:N/A | ERR:EMAIL_QUEUE_ERROR | Error de configuración de base de datos.
   Exception: DataAccessException
1875. [AOCR_20260218.log] 2026-02-18 03:48:08.460 | ERROR | CID:N/A | ERR:EMAIL_QUEUE_ERROR | Error de configuración de base de datos.
   Exception: DataAccessException
1876. [AOCR_20260218.log] 2026-02-18 03:48:38.519 | ERROR | CID:N/A | ERR:EMAIL_QUEUE_ERROR | Error de configuración de base de datos.
   Exception: DataAccessException
1877. [AOCR_20260218.log] 2026-02-18 03:49:08.573 | ERROR | CID:N/A | ERR:EMAIL_QUEUE_ERROR | Error de configuración de base de datos.
   Exception: DataAccessException
1878. [AOCR_20260218.log] 2026-02-18 03:49:38.630 | ERROR | CID:N/A | ERR:EMAIL_QUEUE_ERROR | Error de configuración de base de datos.
   Exception: DataAccessException
1879. [AOCR_20260218.log] 2026-02-18 03:50:08.684 | ERROR | CID:N/A | ERR:EMAIL_QUEUE_ERROR | Error de configuración de base de datos.
   Exception: DataAccessException
1880. [AOCR_20260218.log] 2026-02-18 03:50:38.755 | ERROR | CID:N/A | ERR:EMAIL_QUEUE_ERROR | Error de configuración de base de datos.
   Exception: DataAccessException
1881. [AOCR_20260218.log] 2026-02-18 03:51:08.806 | ERROR | CID:N/A | ERR:EMAIL_QUEUE_ERROR | Error de configuración de base de datos.
   Exception: DataAccessException
1882. [AOCR_20260218.log] 2026-02-18 03:51:38.865 | ERROR | CID:N/A | ERR:EMAIL_QUEUE_ERROR | Error de configuración de base de datos.
   Exception: DataAccessException
1883. [AOCR_20260218.log] 2026-02-18 03:52:08.930 | ERROR | CID:N/A | ERR:EMAIL_QUEUE_ERROR | Error de configuración de base de datos.
   Exception: DataAccessException
1884. [AOCR_20260218.log] 2026-02-18 03:52:38.993 | ERROR | CID:N/A | ERR:EMAIL_QUEUE_ERROR | Error de configuración de base de datos.
   Exception: DataAccessException
1885. [AOCR_20260218.log] 2026-02-18 03:53:09.054 | ERROR | CID:N/A | ERR:EMAIL_QUEUE_ERROR | Error de configuración de base de datos.
   Exception: DataAccessException
1886. [AOCR_20260218.log] 2026-02-18 03:53:39.130 | ERROR | CID:N/A | ERR:EMAIL_QUEUE_ERROR | Error de configuración de base de datos.
   Exception: DataAccessException
1887. [AOCR_20260218.log] 2026-02-18 03:54:09.184 | ERROR | CID:N/A | ERR:EMAIL_QUEUE_ERROR | Error de configuración de base de datos.
   Exception: DataAccessException
1888. [AOCR_20260218.log] 2026-02-18 03:54:39.246 | ERROR | CID:N/A | ERR:EMAIL_QUEUE_ERROR | Error de configuración de base de datos.
   Exception: DataAccessException
1889. [AOCR_20260218.log] 2026-02-18 03:55:09.310 | ERROR | CID:N/A | ERR:EMAIL_QUEUE_ERROR | Error de configuración de base de datos.
   Exception: DataAccessException
1890. [AOCR_20260218.log] 2026-02-18 03:55:39.389 | ERROR | CID:N/A | ERR:EMAIL_QUEUE_ERROR | Error de configuración de base de datos.
   Exception: DataAccessException
1891. [AOCR_20260218.log] 2026-02-18 03:56:09.447 | ERROR | CID:N/A | ERR:EMAIL_QUEUE_ERROR | Error de configuración de base de datos.
   Exception: DataAccessException
1892. [AOCR_20260218.log] 2026-02-18 03:56:39.515 | ERROR | CID:N/A | ERR:EMAIL_QUEUE_ERROR | Error de configuración de base de datos.
   Exception: DataAccessException
1893. [AOCR_20260218.log] 2026-02-18 03:57:09.575 | ERROR | CID:N/A | ERR:EMAIL_QUEUE_ERROR | Error de configuración de base de datos.
   Exception: DataAccessException
1894. [AOCR_20260218.log] 2026-02-18 03:57:39.656 | ERROR | CID:N/A | ERR:EMAIL_QUEUE_ERROR | Error de configuración de base de datos.
   Exception: DataAccessException
1895. [AOCR_20260218.log] 2026-02-18 03:58:09.709 | ERROR | CID:N/A | ERR:EMAIL_QUEUE_ERROR | Error de configuración de base de datos.
   Exception: DataAccessException
1896. [AOCR_20260218.log] 2026-02-18 03:58:39.771 | ERROR | CID:N/A | ERR:EMAIL_QUEUE_ERROR | Error de configuración de base de datos.
   Exception: DataAccessException
1897. [AOCR_20260218.log] 2026-02-18 03:59:09.832 | ERROR | CID:N/A | ERR:EMAIL_QUEUE_ERROR | Error de configuración de base de datos.
   Exception: DataAccessException
1898. [AOCR_20260218.log] 2026-02-18 03:59:39.896 | ERROR | CID:N/A | ERR:EMAIL_QUEUE_ERROR | Error de configuración de base de datos.
   Exception: DataAccessException
1899. [AOCR_20260218.log] 2026-02-18 04:00:09.956 | ERROR | CID:N/A | ERR:EMAIL_QUEUE_ERROR | Error de configuración de base de datos.
   Exception: DataAccessException
1900. [AOCR_20260218.log] 2026-02-18 04:00:40.021 | ERROR | CID:N/A | ERR:EMAIL_QUEUE_ERROR | Error de configuración de base de datos.
   Exception: DataAccessException
1901. [AOCR_20260218.log] 2026-02-18 04:01:10.088 | ERROR | CID:N/A | ERR:EMAIL_QUEUE_ERROR | Error de configuración de base de datos.
   Exception: DataAccessException
1902. [AOCR_20260218.log] 2026-02-18 04:01:40.164 | ERROR | CID:N/A | ERR:EMAIL_QUEUE_ERROR | Error de configuración de base de datos.
   Exception: DataAccessException
1903. [AOCR_20260218.log] 2026-02-18 04:02:10.231 | ERROR | CID:N/A | ERR:EMAIL_QUEUE_ERROR | Error de configuración de base de datos.
   Exception: DataAccessException
1904. [AOCR_20260218.log] 2026-02-18 04:02:40.285 | ERROR | CID:N/A | ERR:EMAIL_QUEUE_ERROR | Error de configuración de base de datos.
   Exception: DataAccessException
1905. [AOCR_20260218.log] 2026-02-18 04:03:10.342 | ERROR | CID:N/A | ERR:EMAIL_QUEUE_ERROR | Error de configuración de base de datos.
   Exception: DataAccessException
1906. [AOCR_20260218.log] 2026-02-18 04:03:40.405 | ERROR | CID:N/A | ERR:EMAIL_QUEUE_ERROR | Error de configuración de base de datos.
   Exception: DataAccessException
1907. [AOCR_20260218.log] 2026-02-18 04:04:10.486 | ERROR | CID:N/A | ERR:EMAIL_QUEUE_ERROR | Error de configuración de base de datos.
   Exception: DataAccessException
1908. [AOCR_20260218.log] 2026-02-18 04:04:40.531 | ERROR | CID:N/A | ERR:EMAIL_QUEUE_ERROR | Error de configuración de base de datos.
   Exception: DataAccessException
1909. [AOCR_20260218.log] 2026-02-18 04:05:10.602 | ERROR | CID:N/A | ERR:EMAIL_QUEUE_ERROR | Error de configuración de base de datos.
   Exception: DataAccessException
1910. [AOCR_20260218.log] 2026-02-18 04:05:40.656 | ERROR | CID:N/A | ERR:EMAIL_QUEUE_ERROR | Error de configuración de base de datos.
   Exception: DataAccessException
1911. [AOCR_20260218.log] 2026-02-18 04:06:10.724 | ERROR | CID:N/A | ERR:EMAIL_QUEUE_ERROR | Error de configuración de base de datos.
   Exception: DataAccessException
1912. [AOCR_20260218.log] 2026-02-18 04:06:40.799 | ERROR | CID:N/A | ERR:EMAIL_QUEUE_ERROR | Error de configuración de base de datos.
   Exception: DataAccessException
1913. [AOCR_20260218.log] 2026-02-18 04:07:10.846 | ERROR | CID:N/A | ERR:EMAIL_QUEUE_ERROR | Error de configuración de base de datos.
   Exception: DataAccessException
1914. [AOCR_20260218.log] 2026-02-18 04:07:40.896 | ERROR | CID:N/A | ERR:EMAIL_QUEUE_ERROR | Error de configuración de base de datos.
   Exception: DataAccessException
1915. [AOCR_20260218.log] 2026-02-18 04:08:10.945 | ERROR | CID:N/A | ERR:EMAIL_QUEUE_ERROR | Error de configuración de base de datos.
   Exception: DataAccessException
1916. [AOCR_20260218.log] 2026-02-18 04:08:40.999 | ERROR | CID:N/A | ERR:EMAIL_QUEUE_ERROR | Error de configuración de base de datos.
   Exception: DataAccessException
1917. [AOCR_20260218.log] 2026-02-18 04:09:11.052 | ERROR | CID:N/A | ERR:EMAIL_QUEUE_ERROR | Error de configuración de base de datos.
   Exception: DataAccessException
1918. [AOCR_20260218.log] 2026-02-18 04:09:41.106 | ERROR | CID:N/A | ERR:EMAIL_QUEUE_ERROR | Error de configuración de base de datos.
   Exception: DataAccessException
1919. [AOCR_20260218.log] 2026-02-18 04:10:11.169 | ERROR | CID:N/A | ERR:EMAIL_QUEUE_ERROR | Error de configuración de base de datos.
   Exception: DataAccessException
1920. [AOCR_20260218.log] 2026-02-18 04:10:41.222 | ERROR | CID:N/A | ERR:EMAIL_QUEUE_ERROR | Error de configuración de base de datos.
   Exception: DataAccessException
1921. [AOCR_20260218.log] 2026-02-18 04:11:11.282 | ERROR | CID:N/A | ERR:EMAIL_QUEUE_ERROR | Error de configuración de base de datos.
   Exception: DataAccessException
1922. [AOCR_20260218.log] 2026-02-18 04:11:41.345 | ERROR | CID:N/A | ERR:EMAIL_QUEUE_ERROR | Error de configuración de base de datos.
   Exception: DataAccessException
1923. [AOCR_20260218.log] 2026-02-18 04:12:11.410 | ERROR | CID:N/A | ERR:EMAIL_QUEUE_ERROR | Error de configuración de base de datos.
   Exception: DataAccessException
1924. [AOCR_20260218.log] 2026-02-18 04:12:41.470 | ERROR | CID:N/A | ERR:EMAIL_QUEUE_ERROR | Error de configuración de base de datos.
   Exception: DataAccessException
1925. [AOCR_20260218.log] 2026-02-18 04:13:11.540 | ERROR | CID:N/A | ERR:EMAIL_QUEUE_ERROR | Error de configuración de base de datos.
   Exception: DataAccessException
1926. [AOCR_20260218.log] 2026-02-18 04:13:41.604 | ERROR | CID:N/A | ERR:EMAIL_QUEUE_ERROR | Error de configuración de base de datos.
   Exception: DataAccessException
1927. [AOCR_20260218.log] 2026-02-18 04:14:11.664 | ERROR | CID:N/A | ERR:EMAIL_QUEUE_ERROR | Error de configuración de base de datos.
   Exception: DataAccessException
1928. [AOCR_20260218.log] 2026-02-18 04:14:41.718 | ERROR | CID:N/A | ERR:EMAIL_QUEUE_ERROR | Error de configuración de base de datos.
   Exception: DataAccessException
1929. [AOCR_20260218.log] 2026-02-18 04:15:11.769 | ERROR | CID:N/A | ERR:EMAIL_QUEUE_ERROR | Error de configuración de base de datos.
   Exception: DataAccessException
1930. [AOCR_20260218.log] 2026-02-18 04:15:41.821 | ERROR | CID:N/A | ERR:EMAIL_QUEUE_ERROR | Error de configuración de base de datos.
   Exception: DataAccessException
1931. [AOCR_20260218.log] 2026-02-18 04:16:11.874 | ERROR | CID:N/A | ERR:EMAIL_QUEUE_ERROR | Error de configuración de base de datos.
   Exception: DataAccessException
1932. [AOCR_20260218.log] 2026-02-18 04:16:41.935 | ERROR | CID:N/A | ERR:EMAIL_QUEUE_ERROR | Error de configuración de base de datos.
   Exception: DataAccessException
1933. [AOCR_20260218.log] 2026-02-18 04:17:12.006 | ERROR | CID:N/A | ERR:EMAIL_QUEUE_ERROR | Error de configuración de base de datos.
   Exception: DataAccessException
1934. [AOCR_20260218.log] 2026-02-18 04:17:42.082 | ERROR | CID:N/A | ERR:EMAIL_QUEUE_ERROR | Error de configuración de base de datos.
   Exception: DataAccessException
1935. [AOCR_20260218.log] 2026-02-18 04:18:12.135 | ERROR | CID:N/A | ERR:EMAIL_QUEUE_ERROR | Error de configuración de base de datos.
   Exception: DataAccessException
1936. [AOCR_20260218.log] 2026-02-18 04:18:42.205 | ERROR | CID:N/A | ERR:EMAIL_QUEUE_ERROR | Error de configuración de base de datos.
   Exception: DataAccessException
1937. [AOCR_20260218.log] 2026-02-18 04:19:12.258 | ERROR | CID:N/A | ERR:EMAIL_QUEUE_ERROR | Error de configuración de base de datos.
   Exception: DataAccessException
1938. [AOCR_20260218.log] 2026-02-18 04:19:42.318 | ERROR | CID:N/A | ERR:EMAIL_QUEUE_ERROR | Error de configuración de base de datos.
   Exception: DataAccessException
1939. [AOCR_20260218.log] 2026-02-18 04:20:12.375 | ERROR | CID:N/A | ERR:EMAIL_QUEUE_ERROR | Error de configuración de base de datos.
   Exception: DataAccessException
1940. [AOCR_20260218.log] 2026-02-18 04:20:42.437 | ERROR | CID:N/A | ERR:EMAIL_QUEUE_ERROR | Error de configuración de base de datos.
   Exception: DataAccessException
1941. [AOCR_20260218.log] 2026-02-18 04:21:12.500 | ERROR | CID:N/A | ERR:EMAIL_QUEUE_ERROR | Error de configuración de base de datos.
   Exception: DataAccessException
1942. [AOCR_20260218.log] 2026-02-18 04:21:42.564 | ERROR | CID:N/A | ERR:EMAIL_QUEUE_ERROR | Error de configuración de base de datos.
   Exception: DataAccessException
1943. [AOCR_20260218.log] 2026-02-18 04:22:12.612 | ERROR | CID:N/A | ERR:EMAIL_QUEUE_ERROR | Error de configuración de base de datos.
   Exception: DataAccessException
1944. [AOCR_20260218.log] 2026-02-18 04:22:42.676 | ERROR | CID:N/A | ERR:EMAIL_QUEUE_ERROR | Error de configuración de base de datos.
   Exception: DataAccessException
1945. [AOCR_20260218.log] 2026-02-18 04:23:12.722 | ERROR | CID:N/A | ERR:EMAIL_QUEUE_ERROR | Error de configuración de base de datos.
   Exception: DataAccessException
1946. [AOCR_20260218.log] 2026-02-18 04:23:42.791 | ERROR | CID:N/A | ERR:EMAIL_QUEUE_ERROR | Error de configuración de base de datos.
   Exception: DataAccessException
1947. [AOCR_20260218.log] 2026-02-18 04:24:12.869 | ERROR | CID:N/A | ERR:EMAIL_QUEUE_ERROR | Error de configuración de base de datos.
   Exception: DataAccessException
1948. [AOCR_20260218.log] 2026-02-18 04:24:42.921 | ERROR | CID:N/A | ERR:EMAIL_QUEUE_ERROR | Error de configuración de base de datos.
   Exception: DataAccessException
1949. [AOCR_20260218.log] 2026-02-18 04:25:12.971 | ERROR | CID:N/A | ERR:EMAIL_QUEUE_ERROR | Error de configuración de base de datos.
   Exception: DataAccessException
1950. [AOCR_20260218.log] 2026-02-18 04:25:43.027 | ERROR | CID:N/A | ERR:EMAIL_QUEUE_ERROR | Error de configuración de base de datos.
   Exception: DataAccessException
1951. [AOCR_20260218.log] 2026-02-18 04:26:13.097 | ERROR | CID:N/A | ERR:EMAIL_QUEUE_ERROR | Error de configuración de base de datos.
   Exception: DataAccessException
1952. [AOCR_20260218.log] 2026-02-18 04:26:43.146 | ERROR | CID:N/A | ERR:EMAIL_QUEUE_ERROR | Error de configuración de base de datos.
   Exception: DataAccessException
1953. [AOCR_20260218.log] 2026-02-18 04:27:13.187 | ERROR | CID:N/A | ERR:EMAIL_QUEUE_ERROR | Error de configuración de base de datos.
   Exception: DataAccessException
1954. [AOCR_20260218.log] 2026-02-18 04:27:43.244 | ERROR | CID:N/A | ERR:EMAIL_QUEUE_ERROR | Error de configuración de base de datos.
   Exception: DataAccessException
1955. [AOCR_20260218.log] 2026-02-18 04:28:13.299 | ERROR | CID:N/A | ERR:EMAIL_QUEUE_ERROR | Error de configuración de base de datos.
   Exception: DataAccessException
1956. [AOCR_20260218.log] 2026-02-18 04:28:43.367 | ERROR | CID:N/A | ERR:EMAIL_QUEUE_ERROR | Error de configuración de base de datos.
   Exception: DataAccessException
1957. [AOCR_20260218.log] 2026-02-18 04:29:13.422 | ERROR | CID:N/A | ERR:EMAIL_QUEUE_ERROR | Error de configuración de base de datos.
   Exception: DataAccessException
1958. [AOCR_20260218.log] 2026-02-18 04:29:43.489 | ERROR | CID:N/A | ERR:EMAIL_QUEUE_ERROR | Error de configuración de base de datos.
   Exception: DataAccessException
1959. [AOCR_20260218.log] 2026-02-18 04:30:13.550 | ERROR | CID:N/A | ERR:EMAIL_QUEUE_ERROR | Error de configuración de base de datos.
   Exception: DataAccessException
1960. [AOCR_20260218.log] 2026-02-18 04:30:43.609 | ERROR | CID:N/A | ERR:EMAIL_QUEUE_ERROR | Error de configuración de base de datos.
   Exception: DataAccessException
1961. [AOCR_20260218.log] 2026-02-18 04:31:13.662 | ERROR | CID:N/A | ERR:EMAIL_QUEUE_ERROR | Error de configuración de base de datos.
   Exception: DataAccessException
1962. [AOCR_20260218.log] 2026-02-18 04:31:43.722 | ERROR | CID:N/A | ERR:EMAIL_QUEUE_ERROR | Error de configuración de base de datos.
   Exception: DataAccessException
1963. [AOCR_20260218.log] 2026-02-18 04:32:13.773 | ERROR | CID:N/A | ERR:EMAIL_QUEUE_ERROR | Error de configuración de base de datos.
   Exception: DataAccessException
1964. [AOCR_20260218.log] 2026-02-18 04:32:43.836 | ERROR | CID:N/A | ERR:EMAIL_QUEUE_ERROR | Error de configuración de base de datos.
   Exception: DataAccessException
1965. [AOCR_20260218.log] 2026-02-18 04:33:13.897 | ERROR | CID:N/A | ERR:EMAIL_QUEUE_ERROR | Error de configuración de base de datos.
   Exception: DataAccessException
1966. [AOCR_20260218.log] 2026-02-18 04:33:43.953 | ERROR | CID:N/A | ERR:EMAIL_QUEUE_ERROR | Error de configuración de base de datos.
   Exception: DataAccessException
1967. [AOCR_20260218.log] 2026-02-18 04:34:14.011 | ERROR | CID:N/A | ERR:EMAIL_QUEUE_ERROR | Error de configuración de base de datos.
   Exception: DataAccessException
1968. [AOCR_20260218.log] 2026-02-18 04:34:44.079 | ERROR | CID:N/A | ERR:EMAIL_QUEUE_ERROR | Error de configuración de base de datos.
   Exception: DataAccessException
1969. [AOCR_20260218.log] 2026-02-18 04:35:14.139 | ERROR | CID:N/A | ERR:EMAIL_QUEUE_ERROR | Error de configuración de base de datos.
   Exception: DataAccessException
1970. [AOCR_20260218.log] 2026-02-18 04:35:44.191 | ERROR | CID:N/A | ERR:EMAIL_QUEUE_ERROR | Error de configuración de base de datos.
   Exception: DataAccessException
1971. [AOCR_20260218.log] 2026-02-18 04:36:14.245 | ERROR | CID:N/A | ERR:EMAIL_QUEUE_ERROR | Error de configuración de base de datos.
   Exception: DataAccessException
1972. [AOCR_20260218.log] 2026-02-18 04:36:44.300 | ERROR | CID:N/A | ERR:EMAIL_QUEUE_ERROR | Error de configuración de base de datos.
   Exception: DataAccessException
1973. [AOCR_20260218.log] 2026-02-18 04:37:14.353 | ERROR | CID:N/A | ERR:EMAIL_QUEUE_ERROR | Error de configuración de base de datos.
   Exception: DataAccessException
1974. [AOCR_20260218.log] 2026-02-18 04:37:44.411 | ERROR | CID:N/A | ERR:EMAIL_QUEUE_ERROR | Error de configuración de base de datos.
   Exception: DataAccessException
1975. [AOCR_20260218.log] 2026-02-18 04:38:14.461 | ERROR | CID:N/A | ERR:EMAIL_QUEUE_ERROR | Error de configuración de base de datos.
   Exception: DataAccessException
1976. [AOCR_20260218.log] 2026-02-18 04:38:44.527 | ERROR | CID:N/A | ERR:EMAIL_QUEUE_ERROR | Error de configuración de base de datos.
   Exception: DataAccessException
1977. [AOCR_20260218.log] 2026-02-18 04:39:14.584 | ERROR | CID:N/A | ERR:EMAIL_QUEUE_ERROR | Error de configuración de base de datos.
   Exception: DataAccessException
1978. [AOCR_20260218.log] 2026-02-18 04:39:44.642 | ERROR | CID:N/A | ERR:EMAIL_QUEUE_ERROR | Error de configuración de base de datos.
   Exception: DataAccessException
1979. [AOCR_20260218.log] 2026-02-18 04:40:14.693 | ERROR | CID:N/A | ERR:EMAIL_QUEUE_ERROR | Error de configuración de base de datos.
   Exception: DataAccessException
1980. [AOCR_20260218.log] 2026-02-18 04:40:44.742 | ERROR | CID:N/A | ERR:EMAIL_QUEUE_ERROR | Error de configuración de base de datos.
   Exception: DataAccessException
1981. [AOCR_20260218.log] 2026-02-18 04:41:14.800 | ERROR | CID:N/A | ERR:EMAIL_QUEUE_ERROR | Error de configuración de base de datos.
   Exception: DataAccessException
1982. [AOCR_20260218.log] 2026-02-18 04:41:44.853 | ERROR | CID:N/A | ERR:EMAIL_QUEUE_ERROR | Error de configuración de base de datos.
   Exception: DataAccessException
1983. [AOCR_20260218.log] 2026-02-18 04:42:14.903 | ERROR | CID:N/A | ERR:EMAIL_QUEUE_ERROR | Error de configuración de base de datos.
   Exception: DataAccessException
1984. [AOCR_20260218.log] 2026-02-18 04:42:44.969 | ERROR | CID:N/A | ERR:EMAIL_QUEUE_ERROR | Error de configuración de base de datos.
   Exception: DataAccessException
1985. [AOCR_20260218.log] 2026-02-18 04:43:15.013 | ERROR | CID:N/A | ERR:EMAIL_QUEUE_ERROR | Error de configuración de base de datos.
   Exception: DataAccessException
1986. [AOCR_20260218.log] 2026-02-18 04:43:45.059 | ERROR | CID:N/A | ERR:EMAIL_QUEUE_ERROR | Error de configuración de base de datos.
   Exception: DataAccessException
1987. [AOCR_20260218.log] 2026-02-18 04:44:15.112 | ERROR | CID:N/A | ERR:EMAIL_QUEUE_ERROR | Error de configuración de base de datos.
   Exception: DataAccessException
1988. [AOCR_20260218.log] 2026-02-18 04:44:45.176 | ERROR | CID:N/A | ERR:EMAIL_QUEUE_ERROR | Error de configuración de base de datos.
   Exception: DataAccessException
1989. [AOCR_20260218.log] 2026-02-18 04:45:15.223 | ERROR | CID:N/A | ERR:EMAIL_QUEUE_ERROR | Error de configuración de base de datos.
   Exception: DataAccessException
1990. [AOCR_20260218.log] 2026-02-18 04:45:45.281 | ERROR | CID:N/A | ERR:EMAIL_QUEUE_ERROR | Error de configuración de base de datos.
   Exception: DataAccessException
1991. [AOCR_20260218.log] 2026-02-18 04:46:15.338 | ERROR | CID:N/A | ERR:EMAIL_QUEUE_ERROR | Error de configuración de base de datos.
   Exception: DataAccessException
1992. [AOCR_20260218.log] 2026-02-18 04:46:45.388 | ERROR | CID:N/A | ERR:EMAIL_QUEUE_ERROR | Error de configuración de base de datos.
   Exception: DataAccessException
1993. [AOCR_20260218.log] 2026-02-18 04:47:15.446 | ERROR | CID:N/A | ERR:EMAIL_QUEUE_ERROR | Error de configuración de base de datos.
   Exception: DataAccessException
1994. [AOCR_20260218.log] 2026-02-18 04:47:45.505 | ERROR | CID:N/A | ERR:EMAIL_QUEUE_ERROR | Error de configuración de base de datos.
   Exception: DataAccessException
1995. [AOCR_20260218.log] 2026-02-18 04:48:15.566 | ERROR | CID:N/A | ERR:EMAIL_QUEUE_ERROR | Error de configuración de base de datos.
   Exception: DataAccessException
1996. [AOCR_20260218.log] 2026-02-18 04:48:45.621 | ERROR | CID:N/A | ERR:EMAIL_QUEUE_ERROR | Error de configuración de base de datos.
   Exception: DataAccessException
1997. [AOCR_20260218.log] 2026-02-18 04:49:15.689 | ERROR | CID:N/A | ERR:EMAIL_QUEUE_ERROR | Error de configuración de base de datos.
   Exception: DataAccessException
1998. [AOCR_20260218.log] 2026-02-18 04:49:45.746 | ERROR | CID:N/A | ERR:EMAIL_QUEUE_ERROR | Error de configuración de base de datos.
   Exception: DataAccessException
1999. [AOCR_20260218.log] 2026-02-18 04:50:15.814 | ERROR | CID:N/A | ERR:EMAIL_QUEUE_ERROR | Error de configuración de base de datos.
   Exception: DataAccessException
2000. [AOCR_20260218.log] 2026-02-18 04:50:45.876 | ERROR | CID:N/A | ERR:EMAIL_QUEUE_ERROR | Error de configuración de base de datos.
   Exception: DataAccessException
2001. [AOCR_20260218.log] 2026-02-18 04:51:15.939 | ERROR | CID:N/A | ERR:EMAIL_QUEUE_ERROR | Error de configuración de base de datos.
   Exception: DataAccessException
2002. [AOCR_20260218.log] 2026-02-18 04:51:45.987 | ERROR | CID:N/A | ERR:EMAIL_QUEUE_ERROR | Error de configuración de base de datos.
   Exception: DataAccessException
2003. [AOCR_20260218.log] 2026-02-18 04:52:16.044 | ERROR | CID:N/A | ERR:EMAIL_QUEUE_ERROR | Error de configuración de base de datos.
   Exception: DataAccessException
2004. [AOCR_20260218.log] 2026-02-18 04:52:46.105 | ERROR | CID:N/A | ERR:EMAIL_QUEUE_ERROR | Error de configuración de base de datos.
   Exception: DataAccessException
2005. [AOCR_20260218.log] 2026-02-18 04:53:16.175 | ERROR | CID:N/A | ERR:EMAIL_QUEUE_ERROR | Error de configuración de base de datos.
   Exception: DataAccessException
2006. [AOCR_20260218.log] 2026-02-18 04:53:46.232 | ERROR | CID:N/A | ERR:EMAIL_QUEUE_ERROR | Error de configuración de base de datos.
   Exception: DataAccessException
2007. [AOCR_20260218.log] 2026-02-18 04:54:16.287 | ERROR | CID:N/A | ERR:EMAIL_QUEUE_ERROR | Error de configuración de base de datos.
   Exception: DataAccessException
2008. [AOCR_20260218.log] 2026-02-18 04:54:46.343 | ERROR | CID:N/A | ERR:EMAIL_QUEUE_ERROR | Error de configuración de base de datos.
   Exception: DataAccessException
2009. [AOCR_20260218.log] 2026-02-18 04:55:16.401 | ERROR | CID:N/A | ERR:EMAIL_QUEUE_ERROR | Error de configuración de base de datos.
   Exception: DataAccessException
2010. [AOCR_20260218.log] 2026-02-18 04:55:46.462 | ERROR | CID:N/A | ERR:EMAIL_QUEUE_ERROR | Error de configuración de base de datos.
   Exception: DataAccessException
2011. [AOCR_20260218.log] 2026-02-18 04:56:16.508 | ERROR | CID:N/A | ERR:EMAIL_QUEUE_ERROR | Error de configuración de base de datos.
   Exception: DataAccessException
2012. [AOCR_20260218.log] 2026-02-18 04:56:46.567 | ERROR | CID:N/A | ERR:EMAIL_QUEUE_ERROR | Error de configuración de base de datos.
   Exception: DataAccessException
2013. [AOCR_20260218.log] 2026-02-18 04:57:16.616 | ERROR | CID:N/A | ERR:EMAIL_QUEUE_ERROR | Error de configuración de base de datos.
   Exception: DataAccessException
2014. [AOCR_20260218.log] 2026-02-18 04:57:46.664 | ERROR | CID:N/A | ERR:EMAIL_QUEUE_ERROR | Error de configuración de base de datos.
   Exception: DataAccessException
2015. [AOCR_20260218.log] 2026-02-18 04:58:16.724 | ERROR | CID:N/A | ERR:EMAIL_QUEUE_ERROR | Error de configuración de base de datos.
   Exception: DataAccessException
2016. [AOCR_20260218.log] 2026-02-18 04:58:46.785 | ERROR | CID:N/A | ERR:EMAIL_QUEUE_ERROR | Error de configuración de base de datos.
   Exception: DataAccessException
2017. [AOCR_20260218.log] 2026-02-18 04:59:16.841 | ERROR | CID:N/A | ERR:EMAIL_QUEUE_ERROR | Error de configuración de base de datos.
   Exception: DataAccessException
2018. [AOCR_20260218.log] 2026-02-18 04:59:46.893 | ERROR | CID:N/A | ERR:EMAIL_QUEUE_ERROR | Error de configuración de base de datos.
   Exception: DataAccessException
2019. [AOCR_20260218.log] 2026-02-18 05:00:16.937 | ERROR | CID:N/A | ERR:EMAIL_QUEUE_ERROR | Error de configuración de base de datos.
   Exception: DataAccessException
2020. [AOCR_20260218.log] 2026-02-18 05:00:46.991 | ERROR | CID:N/A | ERR:EMAIL_QUEUE_ERROR | Error de configuración de base de datos.
   Exception: DataAccessException
2021. [AOCR_20260218.log] 2026-02-18 05:01:17.057 | ERROR | CID:N/A | ERR:EMAIL_QUEUE_ERROR | Error de configuración de base de datos.
   Exception: DataAccessException
2022. [AOCR_20260218.log] 2026-02-18 05:01:47.114 | ERROR | CID:N/A | ERR:EMAIL_QUEUE_ERROR | Error de configuración de base de datos.
   Exception: DataAccessException
2023. [AOCR_20260218.log] 2026-02-18 05:02:17.180 | ERROR | CID:N/A | ERR:EMAIL_QUEUE_ERROR | Error de configuración de base de datos.
   Exception: DataAccessException
2024. [AOCR_20260218.log] 2026-02-18 05:02:47.243 | ERROR | CID:N/A | ERR:EMAIL_QUEUE_ERROR | Error de configuración de base de datos.
   Exception: DataAccessException
2025. [AOCR_20260218.log] 2026-02-18 05:03:17.315 | ERROR | CID:N/A | ERR:EMAIL_QUEUE_ERROR | Error de configuración de base de datos.
   Exception: DataAccessException
2026. [AOCR_20260218.log] 2026-02-18 05:03:47.381 | ERROR | CID:N/A | ERR:EMAIL_QUEUE_ERROR | Error de configuración de base de datos.
   Exception: DataAccessException
2027. [AOCR_20260218.log] 2026-02-18 05:04:17.438 | ERROR | CID:N/A | ERR:EMAIL_QUEUE_ERROR | Error de configuración de base de datos.
   Exception: DataAccessException
2028. [AOCR_20260218.log] 2026-02-18 05:04:47.497 | ERROR | CID:N/A | ERR:EMAIL_QUEUE_ERROR | Error de configuración de base de datos.
   Exception: DataAccessException
2029. [AOCR_20260218.log] 2026-02-18 05:05:17.549 | ERROR | CID:N/A | ERR:EMAIL_QUEUE_ERROR | Error de configuración de base de datos.
   Exception: DataAccessException
2030. [AOCR_20260218.log] 2026-02-18 05:05:47.611 | ERROR | CID:N/A | ERR:EMAIL_QUEUE_ERROR | Error de configuración de base de datos.
   Exception: DataAccessException
2031. [AOCR_20260218.log] 2026-02-18 05:06:17.668 | ERROR | CID:N/A | ERR:EMAIL_QUEUE_ERROR | Error de configuración de base de datos.
   Exception: DataAccessException
2032. [AOCR_20260218.log] 2026-02-18 05:06:47.722 | ERROR | CID:N/A | ERR:EMAIL_QUEUE_ERROR | Error de configuración de base de datos.
   Exception: DataAccessException
2033. [AOCR_20260218.log] 2026-02-18 05:07:17.781 | ERROR | CID:N/A | ERR:EMAIL_QUEUE_ERROR | Error de configuración de base de datos.
   Exception: DataAccessException
2034. [AOCR_20260218.log] 2026-02-18 05:07:47.852 | ERROR | CID:N/A | ERR:EMAIL_QUEUE_ERROR | Error de configuración de base de datos.
   Exception: DataAccessException
2035. [AOCR_20260218.log] 2026-02-18 05:08:17.919 | ERROR | CID:N/A | ERR:EMAIL_QUEUE_ERROR | Error de configuración de base de datos.
   Exception: DataAccessException
2036. [AOCR_20260218.log] 2026-02-18 05:08:47.988 | ERROR | CID:N/A | ERR:EMAIL_QUEUE_ERROR | Error de configuración de base de datos.
   Exception: DataAccessException
2037. [AOCR_20260218.log] 2026-02-18 05:09:18.051 | ERROR | CID:N/A | ERR:EMAIL_QUEUE_ERROR | Error de configuración de base de datos.
   Exception: DataAccessException
2038. [AOCR_20260218.log] 2026-02-18 05:09:48.112 | ERROR | CID:N/A | ERR:EMAIL_QUEUE_ERROR | Error de configuración de base de datos.
   Exception: DataAccessException
2039. [AOCR_20260218.log] 2026-02-18 05:10:18.180 | ERROR | CID:N/A | ERR:EMAIL_QUEUE_ERROR | Error de configuración de base de datos.
   Exception: DataAccessException
2040. [AOCR_20260218.log] 2026-02-18 05:10:48.247 | ERROR | CID:N/A | ERR:EMAIL_QUEUE_ERROR | Error de configuración de base de datos.
   Exception: DataAccessException
2041. [AOCR_20260218.log] 2026-02-18 05:11:18.295 | ERROR | CID:N/A | ERR:EMAIL_QUEUE_ERROR | Error de configuración de base de datos.
   Exception: DataAccessException
2042. [AOCR_20260218.log] 2026-02-18 05:11:48.348 | ERROR | CID:N/A | ERR:EMAIL_QUEUE_ERROR | Error de configuración de base de datos.
   Exception: DataAccessException
2043. [AOCR_20260218.log] 2026-02-18 05:12:18.400 | ERROR | CID:N/A | ERR:EMAIL_QUEUE_ERROR | Error de configuración de base de datos.
   Exception: DataAccessException
2044. [AOCR_20260218.log] 2026-02-18 05:12:48.462 | ERROR | CID:N/A | ERR:EMAIL_QUEUE_ERROR | Error de configuración de base de datos.
   Exception: DataAccessException
2045. [AOCR_20260218.log] 2026-02-18 05:13:18.527 | ERROR | CID:N/A | ERR:EMAIL_QUEUE_ERROR | Error de configuración de base de datos.
   Exception: DataAccessException
2046. [AOCR_20260218.log] 2026-02-18 05:13:48.597 | ERROR | CID:N/A | ERR:EMAIL_QUEUE_ERROR | Error de configuración de base de datos.
   Exception: DataAccessException
2047. [AOCR_20260218.log] 2026-02-18 05:14:18.662 | ERROR | CID:N/A | ERR:EMAIL_QUEUE_ERROR | Error de configuración de base de datos.
   Exception: DataAccessException
2048. [AOCR_20260218.log] 2026-02-18 05:14:48.727 | ERROR | CID:N/A | ERR:EMAIL_QUEUE_ERROR | Error de configuración de base de datos.
   Exception: DataAccessException
2049. [AOCR_20260218.log] 2026-02-18 05:15:18.790 | ERROR | CID:N/A | ERR:EMAIL_QUEUE_ERROR | Error de configuración de base de datos.
   Exception: DataAccessException
2050. [AOCR_20260218.log] 2026-02-18 05:15:48.866 | ERROR | CID:N/A | ERR:EMAIL_QUEUE_ERROR | Error de configuración de base de datos.
   Exception: DataAccessException
2051. [AOCR_20260218.log] 2026-02-18 05:16:18.928 | ERROR | CID:N/A | ERR:EMAIL_QUEUE_ERROR | Error de configuración de base de datos.
   Exception: DataAccessException
2052. [AOCR_20260218.log] 2026-02-18 05:16:48.973 | ERROR | CID:N/A | ERR:EMAIL_QUEUE_ERROR | Error de configuración de base de datos.
   Exception: DataAccessException
2053. [AOCR_20260218.log] 2026-02-18 05:17:19.021 | ERROR | CID:N/A | ERR:EMAIL_QUEUE_ERROR | Error de configuración de base de datos.
   Exception: DataAccessException
2054. [AOCR_20260218.log] 2026-02-18 05:17:49.077 | ERROR | CID:N/A | ERR:EMAIL_QUEUE_ERROR | Error de configuración de base de datos.
   Exception: DataAccessException
2055. [AOCR_20260218.log] 2026-02-18 05:18:19.143 | ERROR | CID:N/A | ERR:EMAIL_QUEUE_ERROR | Error de configuración de base de datos.
   Exception: DataAccessException
2056. [AOCR_20260218.log] 2026-02-18 05:18:49.201 | ERROR | CID:N/A | ERR:EMAIL_QUEUE_ERROR | Error de configuración de base de datos.
   Exception: DataAccessException
2057. [AOCR_20260218.log] 2026-02-18 05:19:19.276 | ERROR | CID:N/A | ERR:EMAIL_QUEUE_ERROR | Error de configuración de base de datos.
   Exception: DataAccessException
2058. [AOCR_20260218.log] 2026-02-18 05:19:49.341 | ERROR | CID:N/A | ERR:EMAIL_QUEUE_ERROR | Error de configuración de base de datos.
   Exception: DataAccessException
2059. [AOCR_20260218.log] 2026-02-18 05:20:19.402 | ERROR | CID:N/A | ERR:EMAIL_QUEUE_ERROR | Error de configuración de base de datos.
   Exception: DataAccessException
2060. [AOCR_20260218.log] 2026-02-18 05:20:49.451 | ERROR | CID:N/A | ERR:EMAIL_QUEUE_ERROR | Error de configuración de base de datos.
   Exception: DataAccessException
2061. [AOCR_20260218.log] 2026-02-18 05:21:19.513 | ERROR | CID:N/A | ERR:EMAIL_QUEUE_ERROR | Error de configuración de base de datos.
   Exception: DataAccessException
2062. [AOCR_20260218.log] 2026-02-18 05:21:49.564 | ERROR | CID:N/A | ERR:EMAIL_QUEUE_ERROR | Error de configuración de base de datos.
   Exception: DataAccessException
2063. [AOCR_20260218.log] 2026-02-18 05:22:19.618 | ERROR | CID:N/A | ERR:EMAIL_QUEUE_ERROR | Error de configuración de base de datos.
   Exception: DataAccessException
2064. [AOCR_20260218.log] 2026-02-18 05:22:49.680 | ERROR | CID:N/A | ERR:EMAIL_QUEUE_ERROR | Error de configuración de base de datos.
   Exception: DataAccessException
2065. [AOCR_20260218.log] 2026-02-18 05:23:19.733 | ERROR | CID:N/A | ERR:EMAIL_QUEUE_ERROR | Error de configuración de base de datos.
   Exception: DataAccessException
2066. [AOCR_20260218.log] 2026-02-18 05:23:49.809 | ERROR | CID:N/A | ERR:EMAIL_QUEUE_ERROR | Error de configuración de base de datos.
   Exception: DataAccessException
2067. [AOCR_20260218.log] 2026-02-18 05:24:19.876 | ERROR | CID:N/A | ERR:EMAIL_QUEUE_ERROR | Error de configuración de base de datos.
   Exception: DataAccessException
2068. [AOCR_20260218.log] 2026-02-18 05:24:49.931 | ERROR | CID:N/A | ERR:EMAIL_QUEUE_ERROR | Error de configuración de base de datos.
   Exception: DataAccessException
2069. [AOCR_20260218.log] 2026-02-18 05:25:19.988 | ERROR | CID:N/A | ERR:EMAIL_QUEUE_ERROR | Error de configuración de base de datos.
   Exception: DataAccessException
2070. [AOCR_20260218.log] 2026-02-18 05:25:50.034 | ERROR | CID:N/A | ERR:EMAIL_QUEUE_ERROR | Error de configuración de base de datos.
   Exception: DataAccessException
2071. [AOCR_20260218.log] 2026-02-18 05:26:20.084 | ERROR | CID:N/A | ERR:EMAIL_QUEUE_ERROR | Error de configuración de base de datos.
   Exception: DataAccessException
2072. [AOCR_20260218.log] 2026-02-18 05:26:50.145 | ERROR | CID:N/A | ERR:EMAIL_QUEUE_ERROR | Error de configuración de base de datos.
   Exception: DataAccessException
2073. [AOCR_20260218.log] 2026-02-18 05:27:20.202 | ERROR | CID:N/A | ERR:EMAIL_QUEUE_ERROR | Error de configuración de base de datos.
   Exception: DataAccessException
2074. [AOCR_20260218.log] 2026-02-18 05:27:50.263 | ERROR | CID:N/A | ERR:EMAIL_QUEUE_ERROR | Error de configuración de base de datos.
   Exception: DataAccessException
2075. [AOCR_20260218.log] 2026-02-18 05:28:20.315 | ERROR | CID:N/A | ERR:EMAIL_QUEUE_ERROR | Error de configuración de base de datos.
   Exception: DataAccessException
2076. [AOCR_20260218.log] 2026-02-18 05:28:50.372 | ERROR | CID:N/A | ERR:EMAIL_QUEUE_ERROR | Error de configuración de base de datos.
   Exception: DataAccessException
2077. [AOCR_20260218.log] 2026-02-18 05:29:20.429 | ERROR | CID:N/A | ERR:EMAIL_QUEUE_ERROR | Error de configuración de base de datos.
   Exception: DataAccessException
2078. [AOCR_20260218.log] 2026-02-18 05:29:50.486 | ERROR | CID:N/A | ERR:EMAIL_QUEUE_ERROR | Error de configuración de base de datos.
   Exception: DataAccessException
2079. [AOCR_20260218.log] 2026-02-18 05:30:20.550 | ERROR | CID:N/A | ERR:EMAIL_QUEUE_ERROR | Error de configuración de base de datos.
   Exception: DataAccessException
2080. [AOCR_20260218.log] 2026-02-18 05:30:50.623 | ERROR | CID:N/A | ERR:EMAIL_QUEUE_ERROR | Error de configuración de base de datos.
   Exception: DataAccessException
2081. [AOCR_20260218.log] 2026-02-18 05:31:20.685 | ERROR | CID:N/A | ERR:EMAIL_QUEUE_ERROR | Error de configuración de base de datos.
   Exception: DataAccessException
2082. [AOCR_20260218.log] 2026-02-18 05:31:50.737 | ERROR | CID:N/A | ERR:EMAIL_QUEUE_ERROR | Error de configuración de base de datos.
   Exception: DataAccessException
2083. [AOCR_20260218.log] 2026-02-18 05:32:20.782 | ERROR | CID:N/A | ERR:EMAIL_QUEUE_ERROR | Error de configuración de base de datos.
   Exception: DataAccessException
2084. [AOCR_20260218.log] 2026-02-18 05:32:50.842 | ERROR | CID:N/A | ERR:EMAIL_QUEUE_ERROR | Error de configuración de base de datos.
   Exception: DataAccessException
2085. [AOCR_20260218.log] 2026-02-18 05:33:20.905 | ERROR | CID:N/A | ERR:EMAIL_QUEUE_ERROR | Error de configuración de base de datos.
   Exception: DataAccessException
2086. [AOCR_20260218.log] 2026-02-18 05:33:50.961 | ERROR | CID:N/A | ERR:EMAIL_QUEUE_ERROR | Error de configuración de base de datos.
   Exception: DataAccessException
2087. [AOCR_20260218.log] 2026-02-18 05:34:21.012 | ERROR | CID:N/A | ERR:EMAIL_QUEUE_ERROR | Error de configuración de base de datos.
   Exception: DataAccessException
2088. [AOCR_20260218.log] 2026-02-18 05:34:51.071 | ERROR | CID:N/A | ERR:EMAIL_QUEUE_ERROR | Error de configuración de base de datos.
   Exception: DataAccessException
2089. [AOCR_20260218.log] 2026-02-18 05:35:21.139 | ERROR | CID:N/A | ERR:EMAIL_QUEUE_ERROR | Error de configuración de base de datos.
   Exception: DataAccessException
2090. [AOCR_20260218.log] 2026-02-18 05:35:51.190 | ERROR | CID:N/A | ERR:EMAIL_QUEUE_ERROR | Error de configuración de base de datos.
   Exception: DataAccessException
2091. [AOCR_20260218.log] 2026-02-18 05:36:21.249 | ERROR | CID:N/A | ERR:EMAIL_QUEUE_ERROR | Error de configuración de base de datos.
   Exception: DataAccessException
2092. [AOCR_20260218.log] 2026-02-18 05:36:51.308 | ERROR | CID:N/A | ERR:EMAIL_QUEUE_ERROR | Error de configuración de base de datos.
   Exception: DataAccessException
2093. [AOCR_20260218.log] 2026-02-18 05:37:21.353 | ERROR | CID:N/A | ERR:EMAIL_QUEUE_ERROR | Error de configuración de base de datos.
   Exception: DataAccessException
2094. [AOCR_20260218.log] 2026-02-18 05:37:51.409 | ERROR | CID:N/A | ERR:EMAIL_QUEUE_ERROR | Error de configuración de base de datos.
   Exception: DataAccessException
2095. [AOCR_20260218.log] 2026-02-18 05:38:21.467 | ERROR | CID:N/A | ERR:EMAIL_QUEUE_ERROR | Error de configuración de base de datos.
   Exception: DataAccessException
2096. [AOCR_20260218.log] 2026-02-18 05:38:51.520 | ERROR | CID:N/A | ERR:EMAIL_QUEUE_ERROR | Error de configuración de base de datos.
   Exception: DataAccessException
2097. [AOCR_20260218.log] 2026-02-18 05:39:21.578 | ERROR | CID:N/A | ERR:EMAIL_QUEUE_ERROR | Error de configuración de base de datos.
   Exception: DataAccessException
2098. [AOCR_20260218.log] 2026-02-18 05:39:51.657 | ERROR | CID:N/A | ERR:EMAIL_QUEUE_ERROR | Error de configuración de base de datos.
   Exception: DataAccessException
2099. [AOCR_20260218.log] 2026-02-18 05:40:21.734 | ERROR | CID:N/A | ERR:EMAIL_QUEUE_ERROR | Error de configuración de base de datos.
   Exception: DataAccessException
2100. [AOCR_20260218.log] 2026-02-18 05:40:51.791 | ERROR | CID:N/A | ERR:EMAIL_QUEUE_ERROR | Error de configuración de base de datos.
   Exception: DataAccessException
2101. [AOCR_20260218.log] 2026-02-18 05:41:21.842 | ERROR | CID:N/A | ERR:EMAIL_QUEUE_ERROR | Error de configuración de base de datos.
   Exception: DataAccessException
2102. [AOCR_20260218.log] 2026-02-18 05:41:51.893 | ERROR | CID:N/A | ERR:EMAIL_QUEUE_ERROR | Error de configuración de base de datos.
   Exception: DataAccessException
2103. [AOCR_20260218.log] 2026-02-18 05:42:21.949 | ERROR | CID:N/A | ERR:EMAIL_QUEUE_ERROR | Error de configuración de base de datos.
   Exception: DataAccessException
2104. [AOCR_20260218.log] 2026-02-18 05:42:52.009 | ERROR | CID:N/A | ERR:EMAIL_QUEUE_ERROR | Error de configuración de base de datos.
   Exception: DataAccessException
2105. [AOCR_20260218.log] 2026-02-18 05:43:22.070 | ERROR | CID:N/A | ERR:EMAIL_QUEUE_ERROR | Error de configuración de base de datos.
   Exception: DataAccessException
2106. [AOCR_20260218.log] 2026-02-18 05:43:52.124 | ERROR | CID:N/A | ERR:EMAIL_QUEUE_ERROR | Error de configuración de base de datos.
   Exception: DataAccessException
2107. [AOCR_20260218.log] 2026-02-18 05:44:22.183 | ERROR | CID:N/A | ERR:EMAIL_QUEUE_ERROR | Error de configuración de base de datos.
   Exception: DataAccessException
2108. [AOCR_20260218.log] 2026-02-18 05:44:52.248 | ERROR | CID:N/A | ERR:EMAIL_QUEUE_ERROR | Error de configuración de base de datos.
   Exception: DataAccessException
2109. [AOCR_20260218.log] 2026-02-18 05:45:22.310 | ERROR | CID:N/A | ERR:EMAIL_QUEUE_ERROR | Error de configuración de base de datos.
   Exception: DataAccessException
2110. [AOCR_20260218.log] 2026-02-18 05:45:52.373 | ERROR | CID:N/A | ERR:EMAIL_QUEUE_ERROR | Error de configuración de base de datos.
   Exception: DataAccessException
2111. [AOCR_20260218.log] 2026-02-18 05:46:22.423 | ERROR | CID:N/A | ERR:EMAIL_QUEUE_ERROR | Error de configuración de base de datos.
   Exception: DataAccessException
2112. [AOCR_20260218.log] 2026-02-18 05:46:52.494 | ERROR | CID:N/A | ERR:EMAIL_QUEUE_ERROR | Error de configuración de base de datos.
   Exception: DataAccessException
2113. [AOCR_20260218.log] 2026-02-18 05:47:22.563 | ERROR | CID:N/A | ERR:EMAIL_QUEUE_ERROR | Error de configuración de base de datos.
   Exception: DataAccessException
2114. [AOCR_20260218.log] 2026-02-18 05:47:52.618 | ERROR | CID:N/A | ERR:EMAIL_QUEUE_ERROR | Error de configuración de base de datos.
   Exception: DataAccessException
2115. [AOCR_20260218.log] 2026-02-18 05:48:22.670 | ERROR | CID:N/A | ERR:EMAIL_QUEUE_ERROR | Error de configuración de base de datos.
   Exception: DataAccessException
2116. [AOCR_20260218.log] 2026-02-18 05:48:52.728 | ERROR | CID:N/A | ERR:EMAIL_QUEUE_ERROR | Error de configuración de base de datos.
   Exception: DataAccessException
2117. [AOCR_20260218.log] 2026-02-18 05:49:22.782 | ERROR | CID:N/A | ERR:EMAIL_QUEUE_ERROR | Error de configuración de base de datos.
   Exception: DataAccessException
2118. [AOCR_20260218.log] 2026-02-18 05:49:52.860 | ERROR | CID:N/A | ERR:EMAIL_QUEUE_ERROR | Error de configuración de base de datos.
   Exception: DataAccessException
2119. [AOCR_20260218.log] 2026-02-18 05:50:22.916 | ERROR | CID:N/A | ERR:EMAIL_QUEUE_ERROR | Error de configuración de base de datos.
   Exception: DataAccessException
2120. [AOCR_20260218.log] 2026-02-18 05:50:52.979 | ERROR | CID:N/A | ERR:EMAIL_QUEUE_ERROR | Error de configuración de base de datos.
   Exception: DataAccessException
2121. [AOCR_20260218.log] 2026-02-18 05:51:23.033 | ERROR | CID:N/A | ERR:EMAIL_QUEUE_ERROR | Error de configuración de base de datos.
   Exception: DataAccessException
2122. [AOCR_20260218.log] 2026-02-18 05:51:53.085 | ERROR | CID:N/A | ERR:EMAIL_QUEUE_ERROR | Error de configuración de base de datos.
   Exception: DataAccessException
2123. [AOCR_20260218.log] 2026-02-18 05:52:23.136 | ERROR | CID:N/A | ERR:EMAIL_QUEUE_ERROR | Error de configuración de base de datos.
   Exception: DataAccessException
2124. [AOCR_20260218.log] 2026-02-18 05:52:53.191 | ERROR | CID:N/A | ERR:EMAIL_QUEUE_ERROR | Error de configuración de base de datos.
   Exception: DataAccessException
2125. [AOCR_20260218.log] 2026-02-18 05:53:23.243 | ERROR | CID:N/A | ERR:EMAIL_QUEUE_ERROR | Error de configuración de base de datos.
   Exception: DataAccessException
2126. [AOCR_20260218.log] 2026-02-18 05:53:53.308 | ERROR | CID:N/A | ERR:EMAIL_QUEUE_ERROR | Error de configuración de base de datos.
   Exception: DataAccessException
2127. [AOCR_20260218.log] 2026-02-18 05:54:23.373 | ERROR | CID:N/A | ERR:EMAIL_QUEUE_ERROR | Error de configuración de base de datos.
   Exception: DataAccessException
2128. [AOCR_20260218.log] 2026-02-18 05:54:53.427 | ERROR | CID:N/A | ERR:EMAIL_QUEUE_ERROR | Error de configuración de base de datos.
   Exception: DataAccessException
2129. [AOCR_20260218.log] 2026-02-18 05:55:23.487 | ERROR | CID:N/A | ERR:EMAIL_QUEUE_ERROR | Error de configuración de base de datos.
   Exception: DataAccessException
2130. [AOCR_20260218.log] 2026-02-18 05:55:53.537 | ERROR | CID:N/A | ERR:EMAIL_QUEUE_ERROR | Error de configuración de base de datos.
   Exception: DataAccessException
2131. [AOCR_20260218.log] 2026-02-18 05:56:23.610 | ERROR | CID:N/A | ERR:EMAIL_QUEUE_ERROR | Error de configuración de base de datos.
   Exception: DataAccessException
2132. [AOCR_20260218.log] 2026-02-18 05:56:53.677 | ERROR | CID:N/A | ERR:EMAIL_QUEUE_ERROR | Error de configuración de base de datos.
   Exception: DataAccessException
2133. [AOCR_20260218.log] 2026-02-18 05:57:23.752 | ERROR | CID:N/A | ERR:EMAIL_QUEUE_ERROR | Error de configuración de base de datos.
   Exception: DataAccessException
2134. [AOCR_20260218.log] 2026-02-18 05:57:53.813 | ERROR | CID:N/A | ERR:EMAIL_QUEUE_ERROR | Error de configuración de base de datos.
   Exception: DataAccessException
2135. [AOCR_20260218.log] 2026-02-18 05:58:23.879 | ERROR | CID:N/A | ERR:EMAIL_QUEUE_ERROR | Error de configuración de base de datos.
   Exception: DataAccessException
2136. [AOCR_20260218.log] 2026-02-18 05:58:53.932 | ERROR | CID:N/A | ERR:EMAIL_QUEUE_ERROR | Error de configuración de base de datos.
   Exception: DataAccessException
2137. [AOCR_20260218.log] 2026-02-18 05:59:23.988 | ERROR | CID:N/A | ERR:EMAIL_QUEUE_ERROR | Error de configuración de base de datos.
   Exception: DataAccessException
2138. [AOCR_20260218.log] 2026-02-18 05:59:54.037 | ERROR | CID:N/A | ERR:EMAIL_QUEUE_ERROR | Error de configuración de base de datos.
   Exception: DataAccessException
2139. [AOCR_20260218.log] 2026-02-18 06:00:24.092 | ERROR | CID:N/A | ERR:EMAIL_QUEUE_ERROR | Error de configuración de base de datos.
   Exception: DataAccessException
2140. [AOCR_20260218.log] 2026-02-18 06:00:54.153 | ERROR | CID:N/A | ERR:EMAIL_QUEUE_ERROR | Error de configuración de base de datos.
   Exception: DataAccessException
2141. [AOCR_20260218.log] 2026-02-18 06:01:24.220 | ERROR | CID:N/A | ERR:EMAIL_QUEUE_ERROR | Error de configuración de base de datos.
   Exception: DataAccessException
2142. [AOCR_20260218.log] 2026-02-18 06:01:54.276 | ERROR | CID:N/A | ERR:EMAIL_QUEUE_ERROR | Error de configuración de base de datos.
   Exception: DataAccessException
2143. [AOCR_20260218.log] 2026-02-18 06:02:24.340 | ERROR | CID:N/A | ERR:EMAIL_QUEUE_ERROR | Error de configuración de base de datos.
   Exception: DataAccessException
2144. [AOCR_20260218.log] 2026-02-18 06:02:54.416 | ERROR | CID:N/A | ERR:EMAIL_QUEUE_ERROR | Error de configuración de base de datos.
   Exception: DataAccessException
2145. [AOCR_20260218.log] 2026-02-18 06:03:24.482 | ERROR | CID:N/A | ERR:EMAIL_QUEUE_ERROR | Error de configuración de base de datos.
   Exception: DataAccessException
2146. [AOCR_20260218.log] 2026-02-18 06:03:54.536 | ERROR | CID:N/A | ERR:EMAIL_QUEUE_ERROR | Error de configuración de base de datos.
   Exception: DataAccessException
2147. [AOCR_20260218.log] 2026-02-18 06:04:24.597 | ERROR | CID:N/A | ERR:EMAIL_QUEUE_ERROR | Error de configuración de base de datos.
   Exception: DataAccessException
2148. [AOCR_20260218.log] 2026-02-18 06:04:54.660 | ERROR | CID:N/A | ERR:EMAIL_QUEUE_ERROR | Error de configuración de base de datos.
   Exception: DataAccessException
2149. [AOCR_20260218.log] 2026-02-18 06:05:24.718 | ERROR | CID:N/A | ERR:EMAIL_QUEUE_ERROR | Error de configuración de base de datos.
   Exception: DataAccessException
2150. [AOCR_20260218.log] 2026-02-18 06:05:54.773 | ERROR | CID:N/A | ERR:EMAIL_QUEUE_ERROR | Error de configuración de base de datos.
   Exception: DataAccessException
2151. [AOCR_20260218.log] 2026-02-18 06:06:24.846 | ERROR | CID:N/A | ERR:EMAIL_QUEUE_ERROR | Error de configuración de base de datos.
   Exception: DataAccessException
2152. [AOCR_20260218.log] 2026-02-18 06:06:54.902 | ERROR | CID:N/A | ERR:EMAIL_QUEUE_ERROR | Error de configuración de base de datos.
   Exception: DataAccessException
2153. [AOCR_20260218.log] 2026-02-18 06:07:24.964 | ERROR | CID:N/A | ERR:EMAIL_QUEUE_ERROR | Error de configuración de base de datos.
   Exception: DataAccessException
2154. [AOCR_20260218.log] 2026-02-18 06:07:55.033 | ERROR | CID:N/A | ERR:EMAIL_QUEUE_ERROR | Error de configuración de base de datos.
   Exception: DataAccessException
2155. [AOCR_20260218.log] 2026-02-18 06:08:25.090 | ERROR | CID:N/A | ERR:EMAIL_QUEUE_ERROR | Error de configuración de base de datos.
   Exception: DataAccessException
2156. [AOCR_20260218.log] 2026-02-18 06:08:55.140 | ERROR | CID:N/A | ERR:EMAIL_QUEUE_ERROR | Error de configuración de base de datos.
   Exception: DataAccessException
2157. [AOCR_20260218.log] 2026-02-18 06:09:25.195 | ERROR | CID:N/A | ERR:EMAIL_QUEUE_ERROR | Error de configuración de base de datos.
   Exception: DataAccessException
2158. [AOCR_20260218.log] 2026-02-18 06:09:55.248 | ERROR | CID:N/A | ERR:EMAIL_QUEUE_ERROR | Error de configuración de base de datos.
   Exception: DataAccessException
2159. [AOCR_20260218.log] 2026-02-18 06:10:25.305 | ERROR | CID:N/A | ERR:EMAIL_QUEUE_ERROR | Error de configuración de base de datos.
   Exception: DataAccessException
2160. [AOCR_20260218.log] 2026-02-18 06:10:55.356 | ERROR | CID:N/A | ERR:EMAIL_QUEUE_ERROR | Error de configuración de base de datos.
   Exception: DataAccessException
2161. [AOCR_20260218.log] 2026-02-18 06:11:25.428 | ERROR | CID:N/A | ERR:EMAIL_QUEUE_ERROR | Error de configuración de base de datos.
   Exception: DataAccessException
2162. [AOCR_20260218.log] 2026-02-18 06:11:55.482 | ERROR | CID:N/A | ERR:EMAIL_QUEUE_ERROR | Error de configuración de base de datos.
   Exception: DataAccessException
2163. [AOCR_20260218.log] 2026-02-18 06:12:25.529 | ERROR | CID:N/A | ERR:EMAIL_QUEUE_ERROR | Error de configuración de base de datos.
   Exception: DataAccessException
2164. [AOCR_20260218.log] 2026-02-18 06:12:55.596 | ERROR | CID:N/A | ERR:EMAIL_QUEUE_ERROR | Error de configuración de base de datos.
   Exception: DataAccessException
2165. [AOCR_20260218.log] 2026-02-18 06:13:25.641 | ERROR | CID:N/A | ERR:EMAIL_QUEUE_ERROR | Error de configuración de base de datos.
   Exception: DataAccessException
2166. [AOCR_20260218.log] 2026-02-18 06:13:55.699 | ERROR | CID:N/A | ERR:EMAIL_QUEUE_ERROR | Error de configuración de base de datos.
   Exception: DataAccessException
2167. [AOCR_20260218.log] 2026-02-18 06:14:25.765 | ERROR | CID:N/A | ERR:EMAIL_QUEUE_ERROR | Error de configuración de base de datos.
   Exception: DataAccessException
2168. [AOCR_20260218.log] 2026-02-18 06:14:55.824 | ERROR | CID:N/A | ERR:EMAIL_QUEUE_ERROR | Error de configuración de base de datos.
   Exception: DataAccessException
2169. [AOCR_20260218.log] 2026-02-18 06:15:25.876 | ERROR | CID:N/A | ERR:EMAIL_QUEUE_ERROR | Error de configuración de base de datos.
   Exception: DataAccessException
2170. [AOCR_20260218.log] 2026-02-18 06:15:55.930 | ERROR | CID:N/A | ERR:EMAIL_QUEUE_ERROR | Error de configuración de base de datos.
   Exception: DataAccessException
2171. [AOCR_20260218.log] 2026-02-18 06:16:25.989 | ERROR | CID:N/A | ERR:EMAIL_QUEUE_ERROR | Error de configuración de base de datos.
   Exception: DataAccessException
2172. [AOCR_20260218.log] 2026-02-18 06:16:56.043 | ERROR | CID:N/A | ERR:EMAIL_QUEUE_ERROR | Error de configuración de base de datos.
   Exception: DataAccessException
2173. [AOCR_20260218.log] 2026-02-18 06:17:26.095 | ERROR | CID:N/A | ERR:EMAIL_QUEUE_ERROR | Error de configuración de base de datos.
   Exception: DataAccessException
2174. [AOCR_20260218.log] 2026-02-18 06:17:56.165 | ERROR | CID:N/A | ERR:EMAIL_QUEUE_ERROR | Error de configuración de base de datos.
   Exception: DataAccessException
2175. [AOCR_20260218.log] 2026-02-18 06:18:26.223 | ERROR | CID:N/A | ERR:EMAIL_QUEUE_ERROR | Error de configuración de base de datos.
   Exception: DataAccessException
2176. [AOCR_20260218.log] 2026-02-18 06:18:56.273 | ERROR | CID:N/A | ERR:EMAIL_QUEUE_ERROR | Error de configuración de base de datos.
   Exception: DataAccessException
2177. [AOCR_20260218.log] 2026-02-18 06:19:26.329 | ERROR | CID:N/A | ERR:EMAIL_QUEUE_ERROR | Error de configuración de base de datos.
   Exception: DataAccessException
2178. [AOCR_20260218.log] 2026-02-18 06:19:56.381 | ERROR | CID:N/A | ERR:EMAIL_QUEUE_ERROR | Error de configuración de base de datos.
   Exception: DataAccessException
2179. [AOCR_20260218.log] 2026-02-18 06:20:26.427 | ERROR | CID:N/A | ERR:EMAIL_QUEUE_ERROR | Error de configuración de base de datos.
   Exception: DataAccessException
2180. [AOCR_20260218.log] 2026-02-18 06:20:56.479 | ERROR | CID:N/A | ERR:EMAIL_QUEUE_ERROR | Error de configuración de base de datos.
   Exception: DataAccessException
2181. [AOCR_20260218.log] 2026-02-18 06:21:26.534 | ERROR | CID:N/A | ERR:EMAIL_QUEUE_ERROR | Error de configuración de base de datos.
   Exception: DataAccessException
2182. [AOCR_20260218.log] 2026-02-18 06:21:56.596 | ERROR | CID:N/A | ERR:EMAIL_QUEUE_ERROR | Error de configuración de base de datos.
   Exception: DataAccessException
2183. [AOCR_20260218.log] 2026-02-18 06:22:26.644 | ERROR | CID:N/A | ERR:EMAIL_QUEUE_ERROR | Error de configuración de base de datos.
   Exception: DataAccessException
2184. [AOCR_20260218.log] 2026-02-18 06:22:56.704 | ERROR | CID:N/A | ERR:EMAIL_QUEUE_ERROR | Error de configuración de base de datos.
   Exception: DataAccessException
2185. [AOCR_20260218.log] 2026-02-18 06:23:26.757 | ERROR | CID:N/A | ERR:EMAIL_QUEUE_ERROR | Error de configuración de base de datos.
   Exception: DataAccessException
2186. [AOCR_20260218.log] 2026-02-18 06:23:56.808 | ERROR | CID:N/A | ERR:EMAIL_QUEUE_ERROR | Error de configuración de base de datos.
   Exception: DataAccessException
2187. [AOCR_20260218.log] 2026-02-18 06:24:26.861 | ERROR | CID:N/A | ERR:EMAIL_QUEUE_ERROR | Error de configuración de base de datos.
   Exception: DataAccessException
2188. [AOCR_20260218.log] 2026-02-18 06:24:56.926 | ERROR | CID:N/A | ERR:EMAIL_QUEUE_ERROR | Error de configuración de base de datos.
   Exception: DataAccessException
2189. [AOCR_20260218.log] 2026-02-18 06:25:26.974 | ERROR | CID:N/A | ERR:EMAIL_QUEUE_ERROR | Error de configuración de base de datos.
   Exception: DataAccessException
2190. [AOCR_20260218.log] 2026-02-18 06:25:57.040 | ERROR | CID:N/A | ERR:EMAIL_QUEUE_ERROR | Error de configuración de base de datos.
   Exception: DataAccessException
2191. [AOCR_20260218.log] 2026-02-18 06:26:27.102 | ERROR | CID:N/A | ERR:EMAIL_QUEUE_ERROR | Error de configuración de base de datos.
   Exception: DataAccessException
2192. [AOCR_20260218.log] 2026-02-18 06:26:57.165 | ERROR | CID:N/A | ERR:EMAIL_QUEUE_ERROR | Error de configuración de base de datos.
   Exception: DataAccessException
2193. [AOCR_20260218.log] 2026-02-18 06:27:27.225 | ERROR | CID:N/A | ERR:EMAIL_QUEUE_ERROR | Error de configuración de base de datos.
   Exception: DataAccessException
2194. [AOCR_20260218.log] 2026-02-18 06:27:57.293 | ERROR | CID:N/A | ERR:EMAIL_QUEUE_ERROR | Error de configuración de base de datos.
   Exception: DataAccessException
2195. [AOCR_20260218.log] 2026-02-18 06:28:27.347 | ERROR | CID:N/A | ERR:EMAIL_QUEUE_ERROR | Error de configuración de base de datos.
   Exception: DataAccessException
2196. [AOCR_20260218.log] 2026-02-18 06:28:57.422 | ERROR | CID:N/A | ERR:EMAIL_QUEUE_ERROR | Error de configuración de base de datos.
   Exception: DataAccessException
2197. [AOCR_20260218.log] 2026-02-18 06:29:27.489 | ERROR | CID:N/A | ERR:EMAIL_QUEUE_ERROR | Error de configuración de base de datos.
   Exception: DataAccessException
2198. [AOCR_20260218.log] 2026-02-18 06:29:57.564 | ERROR | CID:N/A | ERR:EMAIL_QUEUE_ERROR | Error de configuración de base de datos.
   Exception: DataAccessException
2199. [AOCR_20260218.log] 2026-02-18 06:30:27.613 | ERROR | CID:N/A | ERR:EMAIL_QUEUE_ERROR | Error de configuración de base de datos.
   Exception: DataAccessException
2200. [AOCR_20260218.log] 2026-02-18 06:30:57.662 | ERROR | CID:N/A | ERR:EMAIL_QUEUE_ERROR | Error de configuración de base de datos.
   Exception: DataAccessException
2201. [AOCR_20260218.log] 2026-02-18 06:31:27.713 | ERROR | CID:N/A | ERR:EMAIL_QUEUE_ERROR | Error de configuración de base de datos.
   Exception: DataAccessException
2202. [AOCR_20260218.log] 2026-02-18 06:31:57.773 | ERROR | CID:N/A | ERR:EMAIL_QUEUE_ERROR | Error de configuración de base de datos.
   Exception: DataAccessException
2203. [AOCR_20260218.log] 2026-02-18 06:32:27.833 | ERROR | CID:N/A | ERR:EMAIL_QUEUE_ERROR | Error de configuración de base de datos.
   Exception: DataAccessException
2204. [AOCR_20260218.log] 2026-02-18 06:32:57.885 | ERROR | CID:N/A | ERR:EMAIL_QUEUE_ERROR | Error de configuración de base de datos.
   Exception: DataAccessException
2205. [AOCR_20260218.log] 2026-02-18 06:33:27.948 | ERROR | CID:N/A | ERR:EMAIL_QUEUE_ERROR | Error de configuración de base de datos.
   Exception: DataAccessException
2206. [AOCR_20260218.log] 2026-02-18 06:33:58.003 | ERROR | CID:N/A | ERR:EMAIL_QUEUE_ERROR | Error de configuración de base de datos.
   Exception: DataAccessException
2207. [AOCR_20260218.log] 2026-02-18 06:34:28.061 | ERROR | CID:N/A | ERR:EMAIL_QUEUE_ERROR | Error de configuración de base de datos.
   Exception: DataAccessException
2208. [AOCR_20260218.log] 2026-02-18 06:34:58.122 | ERROR | CID:N/A | ERR:EMAIL_QUEUE_ERROR | Error de configuración de base de datos.
   Exception: DataAccessException
2209. [AOCR_20260218.log] 2026-02-18 06:35:28.177 | ERROR | CID:N/A | ERR:EMAIL_QUEUE_ERROR | Error de configuración de base de datos.
   Exception: DataAccessException
2210. [AOCR_20260218.log] 2026-02-18 06:35:58.232 | ERROR | CID:N/A | ERR:EMAIL_QUEUE_ERROR | Error de configuración de base de datos.
   Exception: DataAccessException
2211. [AOCR_20260218.log] 2026-02-18 06:36:28.283 | ERROR | CID:N/A | ERR:EMAIL_QUEUE_ERROR | Error de configuración de base de datos.
   Exception: DataAccessException
2212. [AOCR_20260218.log] 2026-02-18 06:36:58.361 | ERROR | CID:N/A | ERR:EMAIL_QUEUE_ERROR | Error de configuración de base de datos.
   Exception: DataAccessException
2213. [AOCR_20260218.log] 2026-02-18 06:37:28.431 | ERROR | CID:N/A | ERR:EMAIL_QUEUE_ERROR | Error de configuración de base de datos.
   Exception: DataAccessException
2214. [AOCR_20260218.log] 2026-02-18 06:37:58.485 | ERROR | CID:N/A | ERR:EMAIL_QUEUE_ERROR | Error de configuración de base de datos.
   Exception: DataAccessException
2215. [AOCR_20260218.log] 2026-02-18 06:38:28.549 | ERROR | CID:N/A | ERR:EMAIL_QUEUE_ERROR | Error de configuración de base de datos.
   Exception: DataAccessException
2216. [AOCR_20260218.log] 2026-02-18 06:38:58.610 | ERROR | CID:N/A | ERR:EMAIL_QUEUE_ERROR | Error de configuración de base de datos.
   Exception: DataAccessException
2217. [AOCR_20260218.log] 2026-02-18 06:39:28.674 | ERROR | CID:N/A | ERR:EMAIL_QUEUE_ERROR | Error de configuración de base de datos.
   Exception: DataAccessException
2218. [AOCR_20260218.log] 2026-02-18 06:39:58.720 | ERROR | CID:N/A | ERR:EMAIL_QUEUE_ERROR | Error de configuración de base de datos.
   Exception: DataAccessException
2219. [AOCR_20260218.log] 2026-02-18 06:40:28.781 | ERROR | CID:N/A | ERR:EMAIL_QUEUE_ERROR | Error de configuración de base de datos.
   Exception: DataAccessException
2220. [AOCR_20260218.log] 2026-02-18 06:40:58.842 | ERROR | CID:N/A | ERR:EMAIL_QUEUE_ERROR | Error de configuración de base de datos.
   Exception: DataAccessException
2221. [AOCR_20260218.log] 2026-02-18 06:41:28.898 | ERROR | CID:N/A | ERR:EMAIL_QUEUE_ERROR | Error de configuración de base de datos.
   Exception: DataAccessException
2222. [AOCR_20260218.log] 2026-02-18 06:41:58.961 | ERROR | CID:N/A | ERR:EMAIL_QUEUE_ERROR | Error de configuración de base de datos.
   Exception: DataAccessException
2223. [AOCR_20260218.log] 2026-02-18 06:42:29.022 | ERROR | CID:N/A | ERR:EMAIL_QUEUE_ERROR | Error de configuración de base de datos.
   Exception: DataAccessException
2224. [AOCR_20260218.log] 2026-02-18 06:42:59.080 | ERROR | CID:N/A | ERR:EMAIL_QUEUE_ERROR | Error de configuración de base de datos.
   Exception: DataAccessException
2225. [AOCR_20260218.log] 2026-02-18 06:43:29.138 | ERROR | CID:N/A | ERR:EMAIL_QUEUE_ERROR | Error de configuración de base de datos.
   Exception: DataAccessException
2226. [AOCR_20260218.log] 2026-02-18 06:43:59.194 | ERROR | CID:N/A | ERR:EMAIL_QUEUE_ERROR | Error de configuración de base de datos.
   Exception: DataAccessException
2227. [AOCR_20260218.log] 2026-02-18 06:44:29.248 | ERROR | CID:N/A | ERR:EMAIL_QUEUE_ERROR | Error de configuración de base de datos.
   Exception: DataAccessException
2228. [AOCR_20260218.log] 2026-02-18 06:44:59.314 | ERROR | CID:N/A | ERR:EMAIL_QUEUE_ERROR | Error de configuración de base de datos.
   Exception: DataAccessException
2229. [AOCR_20260218.log] 2026-02-18 06:45:29.375 | ERROR | CID:N/A | ERR:EMAIL_QUEUE_ERROR | Error de configuración de base de datos.
   Exception: DataAccessException
2230. [AOCR_20260218.log] 2026-02-18 06:45:59.442 | ERROR | CID:N/A | ERR:EMAIL_QUEUE_ERROR | Error de configuración de base de datos.
   Exception: DataAccessException
2231. [AOCR_20260218.log] 2026-02-18 06:46:29.503 | ERROR | CID:N/A | ERR:EMAIL_QUEUE_ERROR | Error de configuración de base de datos.
   Exception: DataAccessException
2232. [AOCR_20260218.log] 2026-02-18 06:46:59.554 | ERROR | CID:N/A | ERR:EMAIL_QUEUE_ERROR | Error de configuración de base de datos.
   Exception: DataAccessException
2233. [AOCR_20260218.log] 2026-02-18 06:47:29.620 | ERROR | CID:N/A | ERR:EMAIL_QUEUE_ERROR | Error de configuración de base de datos.
   Exception: DataAccessException
2234. [AOCR_20260218.log] 2026-02-18 06:47:59.678 | ERROR | CID:N/A | ERR:EMAIL_QUEUE_ERROR | Error de configuración de base de datos.
   Exception: DataAccessException
2235. [AOCR_20260218.log] 2026-02-18 06:48:29.748 | ERROR | CID:N/A | ERR:EMAIL_QUEUE_ERROR | Error de configuración de base de datos.
   Exception: DataAccessException
2236. [AOCR_20260218.log] 2026-02-18 06:48:59.804 | ERROR | CID:N/A | ERR:EMAIL_QUEUE_ERROR | Error de configuración de base de datos.
   Exception: DataAccessException
2237. [AOCR_20260218.log] 2026-02-18 06:49:29.863 | ERROR | CID:N/A | ERR:EMAIL_QUEUE_ERROR | Error de configuración de base de datos.
   Exception: DataAccessException
2238. [AOCR_20260218.log] 2026-02-18 06:49:59.919 | ERROR | CID:N/A | ERR:EMAIL_QUEUE_ERROR | Error de configuración de base de datos.
   Exception: DataAccessException
2239. [AOCR_20260218.log] 2026-02-18 06:50:29.980 | ERROR | CID:N/A | ERR:EMAIL_QUEUE_ERROR | Error de configuración de base de datos.
   Exception: DataAccessException
2240. [AOCR_20260218.log] 2026-02-18 06:51:00.044 | ERROR | CID:N/A | ERR:EMAIL_QUEUE_ERROR | Error de configuración de base de datos.
   Exception: DataAccessException
2241. [AOCR_20260218.log] 2026-02-18 06:51:30.107 | ERROR | CID:N/A | ERR:EMAIL_QUEUE_ERROR | Error de configuración de base de datos.
   Exception: DataAccessException
2242. [AOCR_20260218.log] 2026-02-18 06:52:00.178 | ERROR | CID:N/A | ERR:EMAIL_QUEUE_ERROR | Error de configuración de base de datos.
   Exception: DataAccessException
2243. [AOCR_20260218.log] 2026-02-18 06:52:30.246 | ERROR | CID:N/A | ERR:EMAIL_QUEUE_ERROR | Error de configuración de base de datos.
   Exception: DataAccessException
2244. [AOCR_20260218.log] 2026-02-18 06:53:00.309 | ERROR | CID:N/A | ERR:EMAIL_QUEUE_ERROR | Error de configuración de base de datos.
   Exception: DataAccessException
2245. [AOCR_20260218.log] 2026-02-18 06:53:30.378 | ERROR | CID:N/A | ERR:EMAIL_QUEUE_ERROR | Error de configuración de base de datos.
   Exception: DataAccessException
2246. [AOCR_20260218.log] 2026-02-18 06:54:00.426 | ERROR | CID:N/A | ERR:EMAIL_QUEUE_ERROR | Error de configuración de base de datos.
   Exception: DataAccessException
2247. [AOCR_20260218.log] 2026-02-18 06:54:30.480 | ERROR | CID:N/A | ERR:EMAIL_QUEUE_ERROR | Error de configuración de base de datos.
   Exception: DataAccessException
2248. [AOCR_20260218.log] 2026-02-18 06:55:00.533 | ERROR | CID:N/A | ERR:EMAIL_QUEUE_ERROR | Error de configuración de base de datos.
   Exception: DataAccessException
2249. [AOCR_20260218.log] 2026-02-18 06:55:30.586 | ERROR | CID:N/A | ERR:EMAIL_QUEUE_ERROR | Error de configuración de base de datos.
   Exception: DataAccessException
2250. [AOCR_20260218.log] 2026-02-18 06:56:00.648 | ERROR | CID:N/A | ERR:EMAIL_QUEUE_ERROR | Error de configuración de base de datos.
   Exception: DataAccessException
2251. [AOCR_20260218.log] 2026-02-18 06:56:30.720 | ERROR | CID:N/A | ERR:EMAIL_QUEUE_ERROR | Error de configuración de base de datos.
   Exception: DataAccessException
2252. [AOCR_20260218.log] 2026-02-18 06:57:00.781 | ERROR | CID:N/A | ERR:EMAIL_QUEUE_ERROR | Error de configuración de base de datos.
   Exception: DataAccessException
2253. [AOCR_20260218.log] 2026-02-18 06:57:30.849 | ERROR | CID:N/A | ERR:EMAIL_QUEUE_ERROR | Error de configuración de base de datos.
   Exception: DataAccessException
2254. [AOCR_20260218.log] 2026-02-18 06:58:00.912 | ERROR | CID:N/A | ERR:EMAIL_QUEUE_ERROR | Error de configuración de base de datos.
   Exception: DataAccessException
2255. [AOCR_20260218.log] 2026-02-18 06:58:30.967 | ERROR | CID:N/A | ERR:EMAIL_QUEUE_ERROR | Error de configuración de base de datos.
   Exception: DataAccessException
2256. [AOCR_20260218.log] 2026-02-18 06:59:01.019 | ERROR | CID:N/A | ERR:EMAIL_QUEUE_ERROR | Error de configuración de base de datos.
   Exception: DataAccessException
2257. [AOCR_20260218.log] 2026-02-18 06:59:31.060 | ERROR | CID:N/A | ERR:EMAIL_QUEUE_ERROR | Error de configuración de base de datos.
   Exception: DataAccessException
2258. [AOCR_20260218.log] 2026-02-18 07:00:01.121 | ERROR | CID:N/A | ERR:EMAIL_QUEUE_ERROR | Error de configuración de base de datos.
   Exception: DataAccessException
2259. [AOCR_20260218.log] 2026-02-18 07:00:31.179 | ERROR | CID:N/A | ERR:EMAIL_QUEUE_ERROR | Error de configuración de base de datos.
   Exception: DataAccessException
2260. [AOCR_20260218.log] 2026-02-18 07:01:01.247 | ERROR | CID:N/A | ERR:EMAIL_QUEUE_ERROR | Error de configuración de base de datos.
   Exception: DataAccessException
2261. [AOCR_20260218.log] 2026-02-18 07:01:31.303 | ERROR | CID:N/A | ERR:EMAIL_QUEUE_ERROR | Error de configuración de base de datos.
   Exception: DataAccessException
2262. [AOCR_20260218.log] 2026-02-18 07:02:01.368 | ERROR | CID:N/A | ERR:EMAIL_QUEUE_ERROR | Error de configuración de base de datos.
   Exception: DataAccessException
2263. [AOCR_20260218.log] 2026-02-18 07:02:31.425 | ERROR | CID:N/A | ERR:EMAIL_QUEUE_ERROR | Error de configuración de base de datos.
   Exception: DataAccessException
2264. [AOCR_20260218.log] 2026-02-18 07:03:01.486 | ERROR | CID:N/A | ERR:EMAIL_QUEUE_ERROR | Error de configuración de base de datos.
   Exception: DataAccessException
2265. [AOCR_20260218.log] 2026-02-18 07:03:31.539 | ERROR | CID:N/A | ERR:EMAIL_QUEUE_ERROR | Error de configuración de base de datos.
   Exception: DataAccessException
2266. [AOCR_20260218.log] 2026-02-18 07:04:01.610 | ERROR | CID:N/A | ERR:EMAIL_QUEUE_ERROR | Error de configuración de base de datos.
   Exception: DataAccessException
2267. [AOCR_20260218.log] 2026-02-18 07:04:31.664 | ERROR | CID:N/A | ERR:EMAIL_QUEUE_ERROR | Error de configuración de base de datos.
   Exception: DataAccessException
2268. [AOCR_20260218.log] 2026-02-18 07:05:01.727 | ERROR | CID:N/A | ERR:EMAIL_QUEUE_ERROR | Error de configuración de base de datos.
   Exception: DataAccessException
2269. [AOCR_20260218.log] 2026-02-18 07:05:31.792 | ERROR | CID:N/A | ERR:EMAIL_QUEUE_ERROR | Error de configuración de base de datos.
   Exception: DataAccessException
2270. [AOCR_20260218.log] 2026-02-18 07:06:01.854 | ERROR | CID:N/A | ERR:EMAIL_QUEUE_ERROR | Error de configuración de base de datos.
   Exception: DataAccessException
2271. [AOCR_20260218.log] 2026-02-18 07:06:31.905 | ERROR | CID:N/A | ERR:EMAIL_QUEUE_ERROR | Error de configuración de base de datos.
   Exception: DataAccessException
2272. [AOCR_20260218.log] 2026-02-18 07:07:01.969 | ERROR | CID:N/A | ERR:EMAIL_QUEUE_ERROR | Error de configuración de base de datos.
   Exception: DataAccessException
2273. [AOCR_20260218.log] 2026-02-18 07:07:32.019 | ERROR | CID:N/A | ERR:EMAIL_QUEUE_ERROR | Error de configuración de base de datos.
   Exception: DataAccessException
2274. [AOCR_20260218.log] 2026-02-18 07:08:02.081 | ERROR | CID:N/A | ERR:EMAIL_QUEUE_ERROR | Error de configuración de base de datos.
   Exception: DataAccessException
2275. [AOCR_20260218.log] 2026-02-18 07:08:32.142 | ERROR | CID:N/A | ERR:EMAIL_QUEUE_ERROR | Error de configuración de base de datos.
   Exception: DataAccessException
2276. [AOCR_20260218.log] 2026-02-18 07:09:02.190 | ERROR | CID:N/A | ERR:EMAIL_QUEUE_ERROR | Error de configuración de base de datos.
   Exception: DataAccessException
2277. [AOCR_20260218.log] 2026-02-18 07:09:32.256 | ERROR | CID:N/A | ERR:EMAIL_QUEUE_ERROR | Error de configuración de base de datos.
   Exception: DataAccessException
2278. [AOCR_20260218.log] 2026-02-18 07:10:02.312 | ERROR | CID:N/A | ERR:EMAIL_QUEUE_ERROR | Error de configuración de base de datos.
   Exception: DataAccessException
2279. [AOCR_20260218.log] 2026-02-18 07:10:32.369 | ERROR | CID:N/A | ERR:EMAIL_QUEUE_ERROR | Error de configuración de base de datos.
   Exception: DataAccessException
2280. [AOCR_20260218.log] 2026-02-18 07:11:02.432 | ERROR | CID:N/A | ERR:EMAIL_QUEUE_ERROR | Error de configuración de base de datos.
   Exception: DataAccessException
2281. [AOCR_20260218.log] 2026-02-18 07:11:32.481 | ERROR | CID:N/A | ERR:EMAIL_QUEUE_ERROR | Error de configuración de base de datos.
   Exception: DataAccessException
2282. [AOCR_20260218.log] 2026-02-18 07:12:02.545 | ERROR | CID:N/A | ERR:EMAIL_QUEUE_ERROR | Error de configuración de base de datos.
   Exception: DataAccessException
2283. [AOCR_20260218.log] 2026-02-18 07:12:32.596 | ERROR | CID:N/A | ERR:EMAIL_QUEUE_ERROR | Error de configuración de base de datos.
   Exception: DataAccessException
2284. [AOCR_20260218.log] 2026-02-18 07:13:02.665 | ERROR | CID:N/A | ERR:EMAIL_QUEUE_ERROR | Error de configuración de base de datos.
   Exception: DataAccessException
2285. [AOCR_20260218.log] 2026-02-18 07:13:32.720 | ERROR | CID:N/A | ERR:EMAIL_QUEUE_ERROR | Error de configuración de base de datos.
   Exception: DataAccessException
2286. [AOCR_20260218.log] 2026-02-18 07:14:02.782 | ERROR | CID:N/A | ERR:EMAIL_QUEUE_ERROR | Error de configuración de base de datos.
   Exception: DataAccessException
2287. [AOCR_20260218.log] 2026-02-18 07:14:32.844 | ERROR | CID:N/A | ERR:EMAIL_QUEUE_ERROR | Error de configuración de base de datos.
   Exception: DataAccessException
2288. [AOCR_20260218.log] 2026-02-18 07:15:02.906 | ERROR | CID:N/A | ERR:EMAIL_QUEUE_ERROR | Error de configuración de base de datos.
   Exception: DataAccessException
2289. [AOCR_20260218.log] 2026-02-18 07:15:32.967 | ERROR | CID:N/A | ERR:EMAIL_QUEUE_ERROR | Error de configuración de base de datos.
   Exception: DataAccessException
2290. [AOCR_20260218.log] 2026-02-18 07:16:03.034 | ERROR | CID:N/A | ERR:EMAIL_QUEUE_ERROR | Error de configuración de base de datos.
   Exception: DataAccessException
2291. [AOCR_20260218.log] 2026-02-18 07:16:33.109 | ERROR | CID:N/A | ERR:EMAIL_QUEUE_ERROR | Error de configuración de base de datos.
   Exception: DataAccessException
2292. [AOCR_20260218.log] 2026-02-18 07:17:03.173 | ERROR | CID:N/A | ERR:EMAIL_QUEUE_ERROR | Error de configuración de base de datos.
   Exception: DataAccessException
2293. [AOCR_20260218.log] 2026-02-18 07:17:33.234 | ERROR | CID:N/A | ERR:EMAIL_QUEUE_ERROR | Error de configuración de base de datos.
   Exception: DataAccessException
2294. [AOCR_20260218.log] 2026-02-18 07:18:03.302 | ERROR | CID:N/A | ERR:EMAIL_QUEUE_ERROR | Error de configuración de base de datos.
   Exception: DataAccessException
2295. [AOCR_20260218.log] 2026-02-18 07:18:33.354 | ERROR | CID:N/A | ERR:EMAIL_QUEUE_ERROR | Error de configuración de base de datos.
   Exception: DataAccessException
2296. [AOCR_20260218.log] 2026-02-18 07:19:03.406 | ERROR | CID:N/A | ERR:EMAIL_QUEUE_ERROR | Error de configuración de base de datos.
   Exception: DataAccessException
2297. [AOCR_20260218.log] 2026-02-18 07:19:33.474 | ERROR | CID:N/A | ERR:EMAIL_QUEUE_ERROR | Error de configuración de base de datos.
   Exception: DataAccessException
2298. [AOCR_20260218.log] 2026-02-18 07:20:03.529 | ERROR | CID:N/A | ERR:EMAIL_QUEUE_ERROR | Error de configuración de base de datos.
   Exception: DataAccessException
2299. [AOCR_20260218.log] 2026-02-18 07:20:33.600 | ERROR | CID:N/A | ERR:EMAIL_QUEUE_ERROR | Error de configuración de base de datos.
   Exception: DataAccessException
2300. [AOCR_20260218.log] 2026-02-18 07:21:03.660 | ERROR | CID:N/A | ERR:EMAIL_QUEUE_ERROR | Error de configuración de base de datos.
   Exception: DataAccessException
2301. [AOCR_20260218.log] 2026-02-18 07:21:33.727 | ERROR | CID:N/A | ERR:EMAIL_QUEUE_ERROR | Error de configuración de base de datos.
   Exception: DataAccessException
2302. [AOCR_20260218.log] 2026-02-18 07:22:03.798 | ERROR | CID:N/A | ERR:EMAIL_QUEUE_ERROR | Error de configuración de base de datos.
   Exception: DataAccessException
2303. [AOCR_20260218.log] 2026-02-18 07:22:33.863 | ERROR | CID:N/A | ERR:EMAIL_QUEUE_ERROR | Error de configuración de base de datos.
   Exception: DataAccessException
2304. [AOCR_20260218.log] 2026-02-18 07:23:03.919 | ERROR | CID:N/A | ERR:EMAIL_QUEUE_ERROR | Error de configuración de base de datos.
   Exception: DataAccessException
2305. [AOCR_20260218.log] 2026-02-18 07:23:33.982 | ERROR | CID:N/A | ERR:EMAIL_QUEUE_ERROR | Error de configuración de base de datos.
   Exception: DataAccessException
2306. [AOCR_20260218.log] 2026-02-18 07:24:04.046 | ERROR | CID:N/A | ERR:EMAIL_QUEUE_ERROR | Error de configuración de base de datos.
   Exception: DataAccessException
2307. [AOCR_20260218.log] 2026-02-18 07:24:34.104 | ERROR | CID:N/A | ERR:EMAIL_QUEUE_ERROR | Error de configuración de base de datos.
   Exception: DataAccessException
2308. [AOCR_20260218.log] 2026-02-18 07:25:04.175 | ERROR | CID:N/A | ERR:EMAIL_QUEUE_ERROR | Error de configuración de base de datos.
   Exception: DataAccessException
2309. [AOCR_20260218.log] 2026-02-18 07:25:34.228 | ERROR | CID:N/A | ERR:EMAIL_QUEUE_ERROR | Error de configuración de base de datos.
   Exception: DataAccessException
2310. [AOCR_20260218.log] 2026-02-18 07:26:04.285 | ERROR | CID:N/A | ERR:EMAIL_QUEUE_ERROR | Error de configuración de base de datos.
   Exception: DataAccessException
2311. [AOCR_20260218.log] 2026-02-18 07:26:34.342 | ERROR | CID:N/A | ERR:EMAIL_QUEUE_ERROR | Error de configuración de base de datos.
   Exception: DataAccessException
2312. [AOCR_20260218.log] 2026-02-18 07:27:04.414 | ERROR | CID:N/A | ERR:EMAIL_QUEUE_ERROR | Error de configuración de base de datos.
   Exception: DataAccessException
2313. [AOCR_20260218.log] 2026-02-18 07:27:34.492 | ERROR | CID:N/A | ERR:EMAIL_QUEUE_ERROR | Error de configuración de base de datos.
   Exception: DataAccessException
2314. [AOCR_20260218.log] 2026-02-18 07:28:04.545 | ERROR | CID:N/A | ERR:EMAIL_QUEUE_ERROR | Error de configuración de base de datos.
   Exception: DataAccessException
2315. [AOCR_20260218.log] 2026-02-18 07:28:34.602 | ERROR | CID:N/A | ERR:EMAIL_QUEUE_ERROR | Error de configuración de base de datos.
   Exception: DataAccessException
2316. [AOCR_20260218.log] 2026-02-18 07:29:04.664 | ERROR | CID:N/A | ERR:EMAIL_QUEUE_ERROR | Error de configuración de base de datos.
   Exception: DataAccessException
2317. [AOCR_20260218.log] 2026-02-18 07:29:34.729 | ERROR | CID:N/A | ERR:EMAIL_QUEUE_ERROR | Error de configuración de base de datos.
   Exception: DataAccessException
2318. [AOCR_20260218.log] 2026-02-18 07:30:04.790 | ERROR | CID:N/A | ERR:EMAIL_QUEUE_ERROR | Error de configuración de base de datos.
   Exception: DataAccessException
2319. [AOCR_20260218.log] 2026-02-18 07:30:34.853 | ERROR | CID:N/A | ERR:EMAIL_QUEUE_ERROR | Error de configuración de base de datos.
   Exception: DataAccessException
2320. [AOCR_20260218.log] 2026-02-18 07:31:04.908 | ERROR | CID:N/A | ERR:EMAIL_QUEUE_ERROR | Error de configuración de base de datos.
   Exception: DataAccessException
2321. [AOCR_20260218.log] 2026-02-18 07:31:34.977 | ERROR | CID:N/A | ERR:EMAIL_QUEUE_ERROR | Error de configuración de base de datos.
   Exception: DataAccessException
2322. [AOCR_20260218.log] 2026-02-18 07:32:05.034 | ERROR | CID:N/A | ERR:EMAIL_QUEUE_ERROR | Error de configuración de base de datos.
   Exception: DataAccessException
2323. [AOCR_20260218.log] 2026-02-18 07:32:35.086 | ERROR | CID:N/A | ERR:EMAIL_QUEUE_ERROR | Error de configuración de base de datos.
   Exception: DataAccessException
2324. [AOCR_20260218.log] 2026-02-18 07:33:05.135 | ERROR | CID:N/A | ERR:EMAIL_QUEUE_ERROR | Error de configuración de base de datos.
   Exception: DataAccessException
2325. [AOCR_20260218.log] 2026-02-18 07:33:35.196 | ERROR | CID:N/A | ERR:EMAIL_QUEUE_ERROR | Error de configuración de base de datos.
   Exception: DataAccessException
2326. [AOCR_20260218.log] 2026-02-18 07:34:05.250 | ERROR | CID:N/A | ERR:EMAIL_QUEUE_ERROR | Error de configuración de base de datos.
   Exception: DataAccessException
2327. [AOCR_20260218.log] 2026-02-18 07:34:35.310 | ERROR | CID:N/A | ERR:EMAIL_QUEUE_ERROR | Error de configuración de base de datos.
   Exception: DataAccessException
2328. [AOCR_20260218.log] 2026-02-18 07:35:05.376 | ERROR | CID:N/A | ERR:EMAIL_QUEUE_ERROR | Error de configuración de base de datos.
   Exception: DataAccessException
2329. [AOCR_20260218.log] 2026-02-18 07:35:35.448 | ERROR | CID:N/A | ERR:EMAIL_QUEUE_ERROR | Error de configuración de base de datos.
   Exception: DataAccessException
2330. [AOCR_20260218.log] 2026-02-18 07:36:05.503 | ERROR | CID:N/A | ERR:EMAIL_QUEUE_ERROR | Error de configuración de base de datos.
   Exception: DataAccessException
2331. [AOCR_20260218.log] 2026-02-18 07:36:35.569 | ERROR | CID:N/A | ERR:EMAIL_QUEUE_ERROR | Error de configuración de base de datos.
   Exception: DataAccessException
2332. [AOCR_20260218.log] 2026-02-18 07:37:05.631 | ERROR | CID:N/A | ERR:EMAIL_QUEUE_ERROR | Error de configuración de base de datos.
   Exception: DataAccessException
2333. [AOCR_20260218.log] 2026-02-18 07:37:35.686 | ERROR | CID:N/A | ERR:EMAIL_QUEUE_ERROR | Error de configuración de base de datos.
   Exception: DataAccessException
2334. [AOCR_20260218.log] 2026-02-18 07:38:05.745 | ERROR | CID:N/A | ERR:EMAIL_QUEUE_ERROR | Error de configuración de base de datos.
   Exception: DataAccessException
2335. [AOCR_20260218.log] 2026-02-18 07:38:35.812 | ERROR | CID:N/A | ERR:EMAIL_QUEUE_ERROR | Error de configuración de base de datos.
   Exception: DataAccessException
2336. [AOCR_20260218.log] 2026-02-18 07:39:05.877 | ERROR | CID:N/A | ERR:EMAIL_QUEUE_ERROR | Error de configuración de base de datos.
   Exception: DataAccessException
2337. [AOCR_20260218.log] 2026-02-18 07:39:35.934 | ERROR | CID:N/A | ERR:EMAIL_QUEUE_ERROR | Error de configuración de base de datos.
   Exception: DataAccessException
2338. [AOCR_20260218.log] 2026-02-18 07:40:05.993 | ERROR | CID:N/A | ERR:EMAIL_QUEUE_ERROR | Error de configuración de base de datos.
   Exception: DataAccessException
2339. [AOCR_20260218.log] 2026-02-18 07:40:36.058 | ERROR | CID:N/A | ERR:EMAIL_QUEUE_ERROR | Error de configuración de base de datos.
   Exception: DataAccessException
2340. [AOCR_20260218.log] 2026-02-18 07:41:06.129 | ERROR | CID:N/A | ERR:EMAIL_QUEUE_ERROR | Error de configuración de base de datos.
   Exception: DataAccessException
2341. [AOCR_20260218.log] 2026-02-18 07:41:36.208 | ERROR | CID:N/A | ERR:EMAIL_QUEUE_ERROR | Error de configuración de base de datos.
   Exception: DataAccessException
2342. [AOCR_20260218.log] 2026-02-18 07:42:06.267 | ERROR | CID:N/A | ERR:EMAIL_QUEUE_ERROR | Error de configuración de base de datos.
   Exception: DataAccessException
2343. [AOCR_20260218.log] 2026-02-18 07:42:36.332 | ERROR | CID:N/A | ERR:EMAIL_QUEUE_ERROR | Error de configuración de base de datos.
   Exception: DataAccessException
2344. [AOCR_20260218.log] 2026-02-18 07:43:06.392 | ERROR | CID:N/A | ERR:EMAIL_QUEUE_ERROR | Error de configuración de base de datos.
   Exception: DataAccessException
2345. [AOCR_20260218.log] 2026-02-18 07:43:36.454 | ERROR | CID:N/A | ERR:EMAIL_QUEUE_ERROR | Error de configuración de base de datos.
   Exception: DataAccessException
2346. [AOCR_20260218.log] 2026-02-18 07:44:06.536 | ERROR | CID:N/A | ERR:EMAIL_QUEUE_ERROR | Error de configuración de base de datos.
   Exception: DataAccessException
2347. [AOCR_20260218.log] 2026-02-18 07:44:36.602 | ERROR | CID:N/A | ERR:EMAIL_QUEUE_ERROR | Error de configuración de base de datos.
   Exception: DataAccessException
2348. [AOCR_20260218.log] 2026-02-18 07:45:06.669 | ERROR | CID:N/A | ERR:EMAIL_QUEUE_ERROR | Error de configuración de base de datos.
   Exception: DataAccessException
2349. [AOCR_20260218.log] 2026-02-18 07:45:36.729 | ERROR | CID:N/A | ERR:EMAIL_QUEUE_ERROR | Error de configuración de base de datos.
   Exception: DataAccessException
2350. [AOCR_20260218.log] 2026-02-18 07:46:06.787 | ERROR | CID:N/A | ERR:EMAIL_QUEUE_ERROR | Error de configuración de base de datos.
   Exception: DataAccessException
2351. [AOCR_20260218.log] 2026-02-18 07:46:36.854 | ERROR | CID:N/A | ERR:EMAIL_QUEUE_ERROR | Error de configuración de base de datos.
   Exception: DataAccessException
2352. [AOCR_20260218.log] 2026-02-18 07:47:06.918 | ERROR | CID:N/A | ERR:EMAIL_QUEUE_ERROR | Error de configuración de base de datos.
   Exception: DataAccessException
2353. [AOCR_20260218.log] 2026-02-18 07:47:36.978 | ERROR | CID:N/A | ERR:EMAIL_QUEUE_ERROR | Error de configuración de base de datos.
   Exception: DataAccessException
2354. [AOCR_20260218.log] 2026-02-18 07:48:07.033 | ERROR | CID:N/A | ERR:EMAIL_QUEUE_ERROR | Error de configuración de base de datos.
   Exception: DataAccessException
2355. [AOCR_20260218.log] 2026-02-18 07:48:37.091 | ERROR | CID:N/A | ERR:EMAIL_QUEUE_ERROR | Error de configuración de base de datos.
   Exception: DataAccessException
2356. [AOCR_20260218.log] 2026-02-18 07:49:07.161 | ERROR | CID:N/A | ERR:EMAIL_QUEUE_ERROR | Error de configuración de base de datos.
   Exception: DataAccessException
2357. [AOCR_20260218.log] 2026-02-18 07:49:37.228 | ERROR | CID:N/A | ERR:EMAIL_QUEUE_ERROR | Error de configuración de base de datos.
   Exception: DataAccessException
2358. [AOCR_20260218.log] 2026-02-18 07:50:07.286 | ERROR | CID:N/A | ERR:EMAIL_QUEUE_ERROR | Error de configuración de base de datos.
   Exception: DataAccessException
2359. [AOCR_20260218.log] 2026-02-18 07:50:37.338 | ERROR | CID:N/A | ERR:EMAIL_QUEUE_ERROR | Error de configuración de base de datos.
   Exception: DataAccessException
2360. [AOCR_20260218.log] 2026-02-18 07:51:07.409 | ERROR | CID:N/A | ERR:EMAIL_QUEUE_ERROR | Error de configuración de base de datos.
   Exception: DataAccessException
2361. [AOCR_20260218.log] 2026-02-18 07:51:37.464 | ERROR | CID:N/A | ERR:EMAIL_QUEUE_ERROR | Error de configuración de base de datos.
   Exception: DataAccessException
2362. [AOCR_20260218.log] 2026-02-18 07:52:07.513 | ERROR | CID:N/A | ERR:EMAIL_QUEUE_ERROR | Error de configuración de base de datos.
   Exception: DataAccessException
2363. [AOCR_20260218.log] 2026-02-18 07:52:37.577 | ERROR | CID:N/A | ERR:EMAIL_QUEUE_ERROR | Error de configuración de base de datos.
   Exception: DataAccessException
2364. [AOCR_20260218.log] 2026-02-18 07:53:07.629 | ERROR | CID:N/A | ERR:EMAIL_QUEUE_ERROR | Error de configuración de base de datos.
   Exception: DataAccessException
2365. [AOCR_20260218.log] 2026-02-18 07:53:37.681 | ERROR | CID:N/A | ERR:EMAIL_QUEUE_ERROR | Error de configuración de base de datos.
   Exception: DataAccessException
2366. [AOCR_20260218.log] 2026-02-18 07:54:07.737 | ERROR | CID:N/A | ERR:EMAIL_QUEUE_ERROR | Error de configuración de base de datos.
   Exception: DataAccessException
2367. [AOCR_20260218.log] 2026-02-18 07:54:37.788 | ERROR | CID:N/A | ERR:EMAIL_QUEUE_ERROR | Error de configuración de base de datos.
   Exception: DataAccessException
2368. [AOCR_20260218.log] 2026-02-18 07:55:07.843 | ERROR | CID:N/A | ERR:EMAIL_QUEUE_ERROR | Error de configuración de base de datos.
   Exception: DataAccessException
2369. [AOCR_20260218.log] 2026-02-18 07:55:37.907 | ERROR | CID:N/A | ERR:EMAIL_QUEUE_ERROR | Error de configuración de base de datos.
   Exception: DataAccessException
2370. [AOCR_20260218.log] 2026-02-18 07:56:07.959 | ERROR | CID:N/A | ERR:EMAIL_QUEUE_ERROR | Error de configuración de base de datos.
   Exception: DataAccessException
2371. [AOCR_20260218.log] 2026-02-18 07:56:38.018 | ERROR | CID:N/A | ERR:EMAIL_QUEUE_ERROR | Error de configuración de base de datos.
   Exception: DataAccessException
2372. [AOCR_20260218.log] 2026-02-18 07:57:08.067 | ERROR | CID:N/A | ERR:EMAIL_QUEUE_ERROR | Error de configuración de base de datos.
   Exception: DataAccessException
2373. [AOCR_20260218.log] 2026-02-18 07:57:38.120 | ERROR | CID:N/A | ERR:EMAIL_QUEUE_ERROR | Error de configuración de base de datos.
   Exception: DataAccessException
2374. [AOCR_20260218.log] 2026-02-18 07:58:08.185 | ERROR | CID:N/A | ERR:EMAIL_QUEUE_ERROR | Error de configuración de base de datos.
   Exception: DataAccessException
2375. [AOCR_20260218.log] 2026-02-18 07:58:38.253 | ERROR | CID:N/A | ERR:EMAIL_QUEUE_ERROR | Error de configuración de base de datos.
   Exception: DataAccessException
2376. [AOCR_20260218.log] 2026-02-18 07:59:08.309 | ERROR | CID:N/A | ERR:EMAIL_QUEUE_ERROR | Error de configuración de base de datos.
   Exception: DataAccessException
2377. [AOCR_20260218.log] 2026-02-18 07:59:38.365 | ERROR | CID:N/A | ERR:EMAIL_QUEUE_ERROR | Error de configuración de base de datos.
   Exception: DataAccessException
2378. [AOCR_20260218.log] 2026-02-18 08:00:08.429 | ERROR | CID:N/A | ERR:EMAIL_QUEUE_ERROR | Error de configuración de base de datos.
   Exception: DataAccessException
2379. [AOCR_20260218.log] 2026-02-18 08:00:38.479 | ERROR | CID:N/A | ERR:EMAIL_QUEUE_ERROR | Error de configuración de base de datos.
   Exception: DataAccessException
2380. [AOCR_20260218.log] 2026-02-18 08:01:08.537 | ERROR | CID:N/A | ERR:EMAIL_QUEUE_ERROR | Error de configuración de base de datos.
   Exception: DataAccessException
2381. [AOCR_20260218.log] 2026-02-18 08:01:38.604 | ERROR | CID:N/A | ERR:EMAIL_QUEUE_ERROR | Error de configuración de base de datos.
   Exception: DataAccessException
2382. [AOCR_20260218.log] 2026-02-18 08:02:08.656 | ERROR | CID:N/A | ERR:EMAIL_QUEUE_ERROR | Error de configuración de base de datos.
   Exception: DataAccessException
2383. [AOCR_20260218.log] 2026-02-18 08:02:38.720 | ERROR | CID:N/A | ERR:EMAIL_QUEUE_ERROR | Error de configuración de base de datos.
   Exception: DataAccessException
2384. [AOCR_20260218.log] 2026-02-18 08:03:08.781 | ERROR | CID:N/A | ERR:EMAIL_QUEUE_ERROR | Error de configuración de base de datos.
   Exception: DataAccessException
2385. [AOCR_20260218.log] 2026-02-18 08:03:38.834 | ERROR | CID:N/A | ERR:EMAIL_QUEUE_ERROR | Error de configuración de base de datos.
   Exception: DataAccessException
2386. [AOCR_20260218.log] 2026-02-18 08:04:08.892 | ERROR | CID:N/A | ERR:EMAIL_QUEUE_ERROR | Error de configuración de base de datos.
   Exception: DataAccessException
2387. [AOCR_20260218.log] 2026-02-18 08:04:38.955 | ERROR | CID:N/A | ERR:EMAIL_QUEUE_ERROR | Error de configuración de base de datos.
   Exception: DataAccessException
2388. [AOCR_20260218.log] 2026-02-18 08:05:09.012 | ERROR | CID:N/A | ERR:EMAIL_QUEUE_ERROR | Error de configuración de base de datos.
   Exception: DataAccessException
2389. [AOCR_20260218.log] 2026-02-18 08:05:39.061 | ERROR | CID:N/A | ERR:EMAIL_QUEUE_ERROR | Error de configuración de base de datos.
   Exception: DataAccessException
2390. [AOCR_20260218.log] 2026-02-18 08:06:09.119 | ERROR | CID:N/A | ERR:EMAIL_QUEUE_ERROR | Error de configuración de base de datos.
   Exception: DataAccessException
2391. [AOCR_20260218.log] 2026-02-18 08:06:39.181 | ERROR | CID:N/A | ERR:EMAIL_QUEUE_ERROR | Error de configuración de base de datos.
   Exception: DataAccessException
2392. [AOCR_20260218.log] 2026-02-18 08:07:09.242 | ERROR | CID:N/A | ERR:EMAIL_QUEUE_ERROR | Error de configuración de base de datos.
   Exception: DataAccessException
2393. [AOCR_20260218.log] 2026-02-18 08:07:39.303 | ERROR | CID:N/A | ERR:EMAIL_QUEUE_ERROR | Error de configuración de base de datos.
   Exception: DataAccessException
2394. [AOCR_20260218.log] 2026-02-18 08:08:09.375 | ERROR | CID:N/A | ERR:EMAIL_QUEUE_ERROR | Error de configuración de base de datos.
   Exception: DataAccessException
2395. [AOCR_20260218.log] 2026-02-18 08:08:39.430 | ERROR | CID:N/A | ERR:EMAIL_QUEUE_ERROR | Error de configuración de base de datos.
   Exception: DataAccessException
2396. [AOCR_20260218.log] 2026-02-18 08:09:09.488 | ERROR | CID:N/A | ERR:EMAIL_QUEUE_ERROR | Error de configuración de base de datos.
   Exception: DataAccessException
2397. [AOCR_20260218.log] 2026-02-18 08:09:39.547 | ERROR | CID:N/A | ERR:EMAIL_QUEUE_ERROR | Error de configuración de base de datos.
   Exception: DataAccessException
2398. [AOCR_20260218.log] 2026-02-18 09:45:52.088 | ERROR | CID:335c7f51591e | ERR:AUDIT_ERROR | Error de configuración de base de datos.
   Exception: DataAccessException
2399. [AOCR_20260218.log] 2026-02-18 09:45:52.162 | ERROR | CID:335c7f51591e | ERR:AUDIT_ERROR | Error de configuración de base de datos.
   Exception: DataAccessException
2400. [AOCR_20260218.log] 2026-02-18 10:32:44.128 | ERROR | CID:6679ec924fb0 | ERR:SMTP_ERROR_ADJUNTO | Error al enviar correo.
   Exception: SmtpException
2401. [AOCR_20260218.log] 2026-02-18 10:50:27.261 | ERROR | CID:8c096510d907 | USR:USU_ADMIN | Financiero/DetalleOrden | ERR:INTERNAL_ERROR | Palabra clave "if" inesperada después del carácter "@". Una vez dentro del código, no es necesario añadir prefijos a las construcciones, como "if" con "@".
2402. [AOCR_20260218.log] 2026-02-18 10:51:04.043 | ERROR | CID:4a86b68cf997 | USR:USU_ADMIN | Financiero/DetalleOrden | ERR:INTERNAL_ERROR | Palabra clave "if" inesperada después del carácter "@". Una vez dentro del código, no es necesario añadir prefijos a las construcciones, como "if" con "@".
2403. [AOCR_20260218.log] 2026-02-18 11:00:12.739 | ERROR | CID:18e7c963c401 | USR:USU_ADMIN | Financiero/DetalleOrden | ERR:INTERNAL_ERROR | Palabra clave "if" inesperada después del carácter "@". Una vez dentro del código, no es necesario añadir prefijos a las construcciones, como "if" con "@".
2404. [AOCR_20260218.log] 2026-02-18 11:05:16.369 | ERROR | CID:10897c1c053d | USR:USU_ADMIN | Financiero/DetalleOrden | ERR:INTERNAL_ERROR | Palabra clave "if" inesperada después del carácter "@". Una vez dentro del código, no es necesario añadir prefijos a las construcciones, como "if" con "@".
2405. [AOCR_20260218.log] 2026-02-18 11:25:22.532 | ERROR | CID:8513f56e5ce1 | USR:USU_ADMIN | Financiero/DetalleOrden | ERR:INTERNAL_ERROR | Palabra clave "using" inesperada después del carácter "@". Una vez dentro del código, no es necesario añadir prefijos a las construcciones, como "using" con "@".
2406. [AOCR_20260218.log] 2026-02-18 11:45:46.914 | ERROR | CID:c3480cd7e8e8 | USR:USU_ADMIN | Financiero/DetalleOrden | ERR:INTERNAL_ERROR | Palabra clave "using" inesperada después del carácter "@". Una vez dentro del código, no es necesario añadir prefijos a las construcciones, como "using" con "@".
2407. [AOCR_20260218.log] 2026-02-18 11:47:23.638 | ERROR | CID:5fd2f3cf4f16 | USR:USU_ADMIN | Financiero/DetalleOrden | ERR:INTERNAL_ERROR | Palabra clave "using" inesperada después del carácter "@". Una vez dentro del código, no es necesario añadir prefijos a las construcciones, como "using" con "@".
2408. [AOCR_20260218.log] 2026-02-18 11:48:53.716 | ERROR | CID:598363a46a9b | USR:USU_ADMIN | Financiero/DetalleOrden | ERR:INTERNAL_ERROR | Palabra clave "using" inesperada después del carácter "@". Una vez dentro del código, no es necesario añadir prefijos a las construcciones, como "using" con "@".
2409. [AOCR_20260218.log] 2026-02-18 11:51:37.193 | ERROR | CID:c2ea730c7771 | USR:USU_ADMIN | Financiero/DetalleOrden | ERR:INTERNAL_ERROR | Palabra clave "if" inesperada después del carácter "@". Una vez dentro del código, no es necesario añadir prefijos a las construcciones, como "if" con "@".
2410. [AOCR_20260218.log] 2026-02-18 11:52:08.302 | ERROR | CID:01d1f2734fb0 | USR:USU_ADMIN | Financiero/DetalleOrden | ERR:INTERNAL_ERROR | Palabra clave "if" inesperada después del carácter "@". Una vez dentro del código, no es necesario añadir prefijos a las construcciones, como "if" con "@".
2411. [AOCR_20260218.log] 2026-02-18 11:54:02.652 | ERROR | CID:fd14d48dbdf6 | USR:USU_ADMIN | Financiero/DetalleOrden | ERR:INTERNAL_ERROR | Palabra clave "if" inesperada después del carácter "@". Una vez dentro del código, no es necesario añadir prefijos a las construcciones, como "if" con "@".
2412. [AOCR_20260218.log] 2026-02-18 11:58:41.371 | ERROR | CID:a55f3996c8a9 | USR:USU_ADMIN | Financiero/DetalleOrden | ERR:INTERNAL_ERROR | Palabra clave "if" inesperada después del carácter "@". Una vez dentro del código, no es necesario añadir prefijos a las construcciones, como "if" con "@".
2413. [AOCR_20260218.log] 2026-02-18 12:05:58.635 | ERROR | CID:b6d4fad6f8b3 | USR:USU_ADMIN | Financiero/DetalleOrden | ERR:INTERNAL_ERROR | Palabra clave "else" inesperada después del carácter "@". Una vez dentro del código, no es necesario añadir prefijos a las construcciones, como "else" con "@".

TOP CODIGOS ERR
- AUDIT_ERROR: 2
- EMAIL_QUEUE_ERROR: 2397
- INTERNAL_ERROR: 13
- SMTP_ERROR_ADJUNTO: 1

EVENTOS EMAIL (AOCR_*.log): 1
1. [AOCR_20260218.log] 2026-02-18 09:40:47.545 | INFO  | CID:3ee7dffdc859 | Correo con adjunto enviado exitosamente a gercavi82@gmail.com

TOP PATRONES EMAIL
- correo con adjunto enviado: 1

UNHANDLED EXCEPTIONS (Ãºltimos 1 dÃ­as): 13
1. 2026-02-18 10:50:27.256 | Financiero/DetalleOrden | System.Web.HttpParseException (0x80004005): Palabra clave "if" inesperada despuÃ©s del carÃ¡cter "@". Una vez dentro del cÃ³digo, no es necesario aÃ±adir prefijos a las construcciones, como "if" con "@".
2. 2026-02-18 10:51:04.040 | Financiero/DetalleOrden | System.Web.HttpParseException (0x80004005): Palabra clave "if" inesperada despuÃ©s del carÃ¡cter "@". Una vez dentro del cÃ³digo, no es necesario aÃ±adir prefijos a las construcciones, como "if" con "@".
3. 2026-02-18 11:00:12.739 | Financiero/DetalleOrden | System.Web.HttpParseException (0x80004005): Palabra clave "if" inesperada despuÃ©s del carÃ¡cter "@". Una vez dentro del cÃ³digo, no es necesario aÃ±adir prefijos a las construcciones, como "if" con "@".
4. 2026-02-18 11:05:16.369 | Financiero/DetalleOrden | System.Web.HttpParseException (0x80004005): Palabra clave "if" inesperada despuÃ©s del carÃ¡cter "@". Una vez dentro del cÃ³digo, no es necesario aÃ±adir prefijos a las construcciones, como "if" con "@".
5. 2026-02-18 11:25:22.529 | Financiero/DetalleOrden | System.Web.HttpParseException (0x80004005): Palabra clave "using" inesperada despuÃ©s del carÃ¡cter "@". Una vez dentro del cÃ³digo, no es necesario aÃ±adir prefijos a las construcciones, como "using" con "@".
6. 2026-02-18 11:45:46.910 | Financiero/DetalleOrden | System.Web.HttpParseException (0x80004005): Palabra clave "using" inesperada despuÃ©s del carÃ¡cter "@". Una vez dentro del cÃ³digo, no es necesario aÃ±adir prefijos a las construcciones, como "using" con "@".
7. 2026-02-18 11:47:23.638 | Financiero/DetalleOrden | System.Web.HttpParseException (0x80004005): Palabra clave "using" inesperada despuÃ©s del carÃ¡cter "@". Una vez dentro del cÃ³digo, no es necesario aÃ±adir prefijos a las construcciones, como "using" con "@".
8. 2026-02-18 11:48:53.716 | Financiero/DetalleOrden | System.Web.HttpParseException (0x80004005): Palabra clave "using" inesperada despuÃ©s del carÃ¡cter "@". Una vez dentro del cÃ³digo, no es necesario aÃ±adir prefijos a las construcciones, como "using" con "@".
9. 2026-02-18 11:51:37.193 | Financiero/DetalleOrden | System.Web.HttpParseException (0x80004005): Palabra clave "if" inesperada despuÃ©s del carÃ¡cter "@". Una vez dentro del cÃ³digo, no es necesario aÃ±adir prefijos a las construcciones, como "if" con "@".
10. 2026-02-18 11:52:08.302 | Financiero/DetalleOrden | System.Web.HttpParseException (0x80004005): Palabra clave "if" inesperada despuÃ©s del carÃ¡cter "@". Una vez dentro del cÃ³digo, no es necesario aÃ±adir prefijos a las construcciones, como "if" con "@".
11. 2026-02-18 11:54:02.652 | Financiero/DetalleOrden | System.Web.HttpParseException (0x80004005): Palabra clave "if" inesperada despuÃ©s del carÃ¡cter "@". Una vez dentro del cÃ³digo, no es necesario aÃ±adir prefijos a las construcciones, como "if" con "@".
12. 2026-02-18 11:58:41.352 | Financiero/DetalleOrden | System.Web.HttpParseException (0x80004005): Palabra clave "if" inesperada despuÃ©s del carÃ¡cter "@". Una vez dentro del cÃ³digo, no es necesario aÃ±adir prefijos a las construcciones, como "if" con "@".
13. 2026-02-18 12:05:58.635 | Financiero/DetalleOrden | System.Web.HttpParseException (0x80004005): Palabra clave "else" inesperada despuÃ©s del carÃ¡cter "@". Una vez dentro del cÃ³digo, no es necesario aÃ±adir prefijos a las construcciones, como "else" con "@".

TOP TIPOS DE EXCEPCION (Unhandled)
- System.Web.HttpParseException: 13
