2026-02-07 17:16:51.111 | Account/Login
System.Web.Mvc.HttpAntiForgeryException (0x80004005): El token antifalsificación proporcionado se diseñó para el usuario "" pero el usuario actual es "USU_ADMIN".
   en System.Web.Helpers.AntiXsrf.TokenValidator.ValidateTokens(HttpContextBase httpContext, IIdentity identity, AntiForgeryToken sessionToken, AntiForgeryToken fieldToken)
   en System.Web.Helpers.AntiXsrf.AntiForgeryWorker.Validate(HttpContextBase httpContext)
   en System.Web.Mvc.ControllerActionInvoker.InvokeAuthorizationFilters(ControllerContext controllerContext, IList`1 filters, ActionDescriptor actionDescriptor)
   en System.Web.Mvc.Async.AsyncControllerActionInvoker.<>c__DisplayClass3_1.<BeginInvokeAction>b__0(AsyncCallback asyncCallback, Object asyncState)

2026-02-07 17:16:55.343 | Account/Login
System.Web.HttpCompileException (0x80004005): c:\AOCR\AOCR\AOCR05-01-2026\AOCR1\AOCR\CapaPresentacion\Views\Shared\Error.cshtml(23): error CS1525: El término de la expresión '.' no es válido
   en System.Web.Compilation.AssemblyBuilder.Compile()
   en System.Web.Compilation.BuildProvidersCompiler.PerformBuild()
   en System.Web.Compilation.BuildManager.CompileWebFile(VirtualPath virtualPath)
   en System.Web.Compilation.BuildManager.GetVPathBuildResultInternal(VirtualPath virtualPath, Boolean noBuild, Boolean allowCrossApp, Boolean allowBuildInPrecompile, Boolean throwIfNotFound, Boolean ensureIsUpToDate)
   en System.Web.Compilation.BuildManager.GetVPathBuildResultWithNoAssert(HttpContext context, VirtualPath virtualPath, Boolean noBuild, Boolean allowCrossApp, Boolean allowBuildInPrecompile, Boolean throwIfNotFound, Boolean ensureIsUpToDate)
   en System.Web.Compilation.BuildManager.GetVirtualPathObjectFactory(VirtualPath virtualPath, HttpContext context, Boolean allowCrossApp, Boolean throwIfNotFound)
   en System.Web.Compilation.BuildManager.GetCompiledType(VirtualPath virtualPath)
   en System.Web.Mvc.BuildManagerCompiledView.Render(ViewContext viewContext, TextWriter writer)
   en System.Web.Mvc.ViewResultBase.ExecuteResult(ControllerContext context)
   en System.Web.Mvc.Async.AsyncControllerActionInvoker.<>c__DisplayClass3_1.<BeginInvokeAction>b__1(IAsyncResult asyncResult)

2026-02-07 17:17:28.149 | Account/Login
System.Web.Mvc.HttpAntiForgeryException (0x80004005): El token antifalsificación proporcionado se diseñó para el usuario "" pero el usuario actual es "USU_ADMIN".
   en System.Web.Helpers.AntiXsrf.TokenValidator.ValidateTokens(HttpContextBase httpContext, IIdentity identity, AntiForgeryToken sessionToken, AntiForgeryToken fieldToken)
   en System.Web.Helpers.AntiXsrf.AntiForgeryWorker.Validate(HttpContextBase httpContext)
   en System.Web.Mvc.ControllerActionInvoker.InvokeAuthorizationFilters(ControllerContext controllerContext, IList`1 filters, ActionDescriptor actionDescriptor)
   en System.Web.Mvc.Async.AsyncControllerActionInvoker.<>c__DisplayClass3_1.<BeginInvokeAction>b__0(AsyncCallback asyncCallback, Object asyncState)

2026-02-07 17:17:28.999 | Account/Login
System.Web.HttpCompileException (0x80004005): c:\AOCR\AOCR\AOCR05-01-2026\AOCR1\AOCR\CapaPresentacion\Views\Shared\Error.cshtml(23): error CS1525: El término de la expresión '.' no es válido
   en System.Web.Compilation.AssemblyBuilder.Compile()
   en System.Web.Compilation.BuildProvidersCompiler.PerformBuild()
   en System.Web.Compilation.BuildManager.CompileWebFile(VirtualPath virtualPath)
   en System.Web.Compilation.BuildManager.GetVPathBuildResultInternal(VirtualPath virtualPath, Boolean noBuild, Boolean allowCrossApp, Boolean allowBuildInPrecompile, Boolean throwIfNotFound, Boolean ensureIsUpToDate)
   en System.Web.Compilation.BuildManager.GetVPathBuildResultWithNoAssert(HttpContext context, VirtualPath virtualPath, Boolean noBuild, Boolean allowCrossApp, Boolean allowBuildInPrecompile, Boolean throwIfNotFound, Boolean ensureIsUpToDate)
   en System.Web.Compilation.BuildManager.GetVirtualPathObjectFactory(VirtualPath virtualPath, HttpContext context, Boolean allowCrossApp, Boolean throwIfNotFound)
   en System.Web.Compilation.BuildManager.GetCompiledType(VirtualPath virtualPath)
   en System.Web.Mvc.BuildManagerCompiledView.Render(ViewContext viewContext, TextWriter writer)
   en System.Web.Mvc.ViewResultBase.ExecuteResult(ControllerContext context)
   en System.Web.Mvc.Async.AsyncControllerActionInvoker.<>c__DisplayClass3_1.<BeginInvokeAction>b__1(IAsyncResult asyncResult)

2026-02-07 17:20:08.707 | Account/Login
System.Web.Mvc.HttpAntiForgeryException (0x80004005): El token antifalsificación proporcionado se diseñó para el usuario "" pero el usuario actual es "USU_ADMIN".
   en System.Web.Helpers.AntiXsrf.TokenValidator.ValidateTokens(HttpContextBase httpContext, IIdentity identity, AntiForgeryToken sessionToken, AntiForgeryToken fieldToken)
   en System.Web.Helpers.AntiXsrf.AntiForgeryWorker.Validate(HttpContextBase httpContext)
   en System.Web.Mvc.ControllerActionInvoker.InvokeAuthorizationFilters(ControllerContext controllerContext, IList`1 filters, ActionDescriptor actionDescriptor)
   en System.Web.Mvc.Async.AsyncControllerActionInvoker.<>c__DisplayClass3_1.<BeginInvokeAction>b__0(AsyncCallback asyncCallback, Object asyncState)

2026-02-09 09:00:28.086 | Inspeccion/Index
System.InvalidOperationException: El elemento de modelo pasado al diccionario es de tipo 'System.Collections.Generic.List`1[CapaModelo.Inspeccion]', pero este diccionario requiere un elemento de modelo de tipo 'CapaModelo.Inspeccion'.
   en System.Web.Mvc.ViewDataDictionary`1.SetModel(Object value)
   en System.Web.Mvc.ViewDataDictionary..ctor(ViewDataDictionary dictionary)
   en System.Web.Mvc.WebViewPage`1.SetViewData(ViewDataDictionary viewData)
   en System.Web.Mvc.RazorView.RenderView(ViewContext viewContext, TextWriter writer, Object instance)
   en System.Web.Mvc.ViewResultBase.ExecuteResult(ControllerContext context)
   en System.Web.Mvc.ControllerActionInvoker.InvokeActionResultFilterRecursive(IList`1 filters, Int32 filterIndex, ResultExecutingContext preContext, ControllerContext controllerContext, ActionResult actionResult)
   en System.Web.Mvc.ControllerActionInvoker.InvokeActionResultFilterRecursive(IList`1 filters, Int32 filterIndex, ResultExecutingContext preContext, ControllerContext controllerContext, ActionResult actionResult)
   en System.Web.Mvc.ControllerActionInvoker.InvokeActionResultFilterRecursive(IList`1 filters, Int32 filterIndex, ResultExecutingContext preContext, ControllerContext controllerContext, ActionResult actionResult)
   en System.Web.Mvc.ControllerActionInvoker.InvokeActionResultFilterRecursive(IList`1 filters, Int32 filterIndex, ResultExecutingContext preContext, ControllerContext controllerContext, ActionResult actionResult)
   en System.Web.Mvc.ControllerActionInvoker.InvokeActionResultWithFilters(ControllerContext controllerContext, IList`1 filters, ActionResult actionResult)
   en System.Web.Mvc.Async.AsyncControllerActionInvoker.<>c__DisplayClass3_1.<BeginInvokeAction>b__1(IAsyncResult asyncResult)

2026-02-09 09:01:02.726 | Inspeccion/Index
System.InvalidOperationException: El elemento de modelo pasado al diccionario es de tipo 'System.Collections.Generic.List`1[CapaModelo.Inspeccion]', pero este diccionario requiere un elemento de modelo de tipo 'CapaModelo.Inspeccion'.
   en System.Web.Mvc.ViewDataDictionary`1.SetModel(Object value)
   en System.Web.Mvc.ViewDataDictionary..ctor(ViewDataDictionary dictionary)
   en System.Web.Mvc.WebViewPage`1.SetViewData(ViewDataDictionary viewData)
   en System.Web.Mvc.RazorView.RenderView(ViewContext viewContext, TextWriter writer, Object instance)
   en System.Web.Mvc.ViewResultBase.ExecuteResult(ControllerContext context)
   en System.Web.Mvc.ControllerActionInvoker.InvokeActionResultFilterRecursive(IList`1 filters, Int32 filterIndex, ResultExecutingContext preContext, ControllerContext controllerContext, ActionResult actionResult)
   en System.Web.Mvc.ControllerActionInvoker.InvokeActionResultFilterRecursive(IList`1 filters, Int32 filterIndex, ResultExecutingContext preContext, ControllerContext controllerContext, ActionResult actionResult)
   en System.Web.Mvc.ControllerActionInvoker.InvokeActionResultFilterRecursive(IList`1 filters, Int32 filterIndex, ResultExecutingContext preContext, ControllerContext controllerContext, ActionResult actionResult)
   en System.Web.Mvc.ControllerActionInvoker.InvokeActionResultFilterRecursive(IList`1 filters, Int32 filterIndex, ResultExecutingContext preContext, ControllerContext controllerContext, ActionResult actionResult)
   en System.Web.Mvc.ControllerActionInvoker.InvokeActionResultWithFilters(ControllerContext controllerContext, IList`1 filters, ActionResult actionResult)
   en System.Web.Mvc.Async.AsyncControllerActionInvoker.<>c__DisplayClass3_1.<BeginInvokeAction>b__1(IAsyncResult asyncResult)

2026-02-09 09:11:34.749 | Inspeccion/Crear
System.ArgumentException: El diccionario de parámetros contiene una entrada NULL para el parámetro 'codigoSolicitud' del tipo que no acepta valores NULL 'System.Int32' del método 'System.Web.Mvc.ActionResult Crear(Int32)' en 'CapaPresentacion.Controllers.InspeccionController'. Un parámetro opcional debe ser un tipo de referencia, un tipo que acepte valores NULL o debe declararse como parámetro opcional.
Nombre del parámetro: parameters
   en System.Web.Mvc.ActionDescriptor.ExtractParameterFromDictionary(ParameterInfo parameterInfo, IDictionary`2 parameters, MethodInfo methodInfo)
   en System.Web.Mvc.ReflectedActionDescriptor.Execute(ControllerContext controllerContext, IDictionary`2 parameters)
   en System.Web.Mvc.ControllerActionInvoker.InvokeActionMethod(ControllerContext controllerContext, ActionDescriptor actionDescriptor, IDictionary`2 parameters)
   en System.Web.Mvc.Async.AsyncControllerActionInvoker.<>c.<BeginInvokeSynchronousActionMethod>b__9_0(IAsyncResult asyncResult, ActionInvocation innerInvokeState)
   en System.Web.Mvc.Async.AsyncResultWrapper.WrappedAsyncResult`2.CallEndDelegate(IAsyncResult asyncResult)
   en System.Web.Mvc.Async.AsyncControllerActionInvoker.EndInvokeActionMethod(IAsyncResult asyncResult)
   en System.Web.Mvc.Async.AsyncControllerActionInvoker.AsyncInvocationWithFilters.<>c__DisplayClass11_0.<InvokeActionMethodFilterAsynchronouslyRecursive>b__0()
   en System.Web.Mvc.Async.AsyncControllerActionInvoker.AsyncInvocationWithFilters.<>c__DisplayClass11_2.<InvokeActionMethodFilterAsynchronouslyRecursive>b__2()
   en System.Web.Mvc.Async.AsyncControllerActionInvoker.AsyncInvocationWithFilters.<>c__DisplayClass11_2.<InvokeActionMethodFilterAsynchronouslyRecursive>b__2()
   en System.Web.Mvc.Async.AsyncControllerActionInvoker.AsyncInvocationWithFilters.<>c__DisplayClass11_2.<InvokeActionMethodFilterAsynchronouslyRecursive>b__2()
   en System.Web.Mvc.Async.AsyncControllerActionInvoker.EndInvokeActionMethodWithFilters(IAsyncResult asyncResult)
   en System.Web.Mvc.Async.AsyncControllerActionInvoker.<>c__DisplayClass3_6.<BeginInvokeAction>b__4()
   en System.Web.Mvc.Async.AsyncControllerActionInvoker.<>c__DisplayClass3_1.<BeginInvokeAction>b__1(IAsyncResult asyncResult)

2026-02-09 09:11:49.038 | Inspeccion/Crear
System.ArgumentException: El diccionario de parámetros contiene una entrada NULL para el parámetro 'codigoSolicitud' del tipo que no acepta valores NULL 'System.Int32' del método 'System.Web.Mvc.ActionResult Crear(Int32)' en 'CapaPresentacion.Controllers.InspeccionController'. Un parámetro opcional debe ser un tipo de referencia, un tipo que acepte valores NULL o debe declararse como parámetro opcional.
Nombre del parámetro: parameters
   en System.Web.Mvc.ActionDescriptor.ExtractParameterFromDictionary(ParameterInfo parameterInfo, IDictionary`2 parameters, MethodInfo methodInfo)
   en System.Web.Mvc.ReflectedActionDescriptor.Execute(ControllerContext controllerContext, IDictionary`2 parameters)
   en System.Web.Mvc.ControllerActionInvoker.InvokeActionMethod(ControllerContext controllerContext, ActionDescriptor actionDescriptor, IDictionary`2 parameters)
   en System.Web.Mvc.Async.AsyncControllerActionInvoker.<>c.<BeginInvokeSynchronousActionMethod>b__9_0(IAsyncResult asyncResult, ActionInvocation innerInvokeState)
   en System.Web.Mvc.Async.AsyncResultWrapper.WrappedAsyncResult`2.CallEndDelegate(IAsyncResult asyncResult)
   en System.Web.Mvc.Async.AsyncControllerActionInvoker.EndInvokeActionMethod(IAsyncResult asyncResult)
   en System.Web.Mvc.Async.AsyncControllerActionInvoker.AsyncInvocationWithFilters.<>c__DisplayClass11_0.<InvokeActionMethodFilterAsynchronouslyRecursive>b__0()
   en System.Web.Mvc.Async.AsyncControllerActionInvoker.AsyncInvocationWithFilters.<>c__DisplayClass11_2.<InvokeActionMethodFilterAsynchronouslyRecursive>b__2()
   en System.Web.Mvc.Async.AsyncControllerActionInvoker.AsyncInvocationWithFilters.<>c__DisplayClass11_2.<InvokeActionMethodFilterAsynchronouslyRecursive>b__2()
   en System.Web.Mvc.Async.AsyncControllerActionInvoker.AsyncInvocationWithFilters.<>c__DisplayClass11_2.<InvokeActionMethodFilterAsynchronouslyRecursive>b__2()
   en System.Web.Mvc.Async.AsyncControllerActionInvoker.EndInvokeActionMethodWithFilters(IAsyncResult asyncResult)
   en System.Web.Mvc.Async.AsyncControllerActionInvoker.<>c__DisplayClass3_6.<BeginInvokeAction>b__4()
   en System.Web.Mvc.Async.AsyncControllerActionInvoker.<>c__DisplayClass3_1.<BeginInvokeAction>b__1(IAsyncResult asyncResult)

2026-02-09 09:11:56.701 | Inspeccion/Crear
System.ArgumentException: El diccionario de parámetros contiene una entrada NULL para el parámetro 'codigoSolicitud' del tipo que no acepta valores NULL 'System.Int32' del método 'System.Web.Mvc.ActionResult Crear(Int32)' en 'CapaPresentacion.Controllers.InspeccionController'. Un parámetro opcional debe ser un tipo de referencia, un tipo que acepte valores NULL o debe declararse como parámetro opcional.
Nombre del parámetro: parameters
   en System.Web.Mvc.ActionDescriptor.ExtractParameterFromDictionary(ParameterInfo parameterInfo, IDictionary`2 parameters, MethodInfo methodInfo)
   en System.Web.Mvc.ReflectedActionDescriptor.Execute(ControllerContext controllerContext, IDictionary`2 parameters)
   en System.Web.Mvc.ControllerActionInvoker.InvokeActionMethod(ControllerContext controllerContext, ActionDescriptor actionDescriptor, IDictionary`2 parameters)
   en System.Web.Mvc.Async.AsyncControllerActionInvoker.<>c.<BeginInvokeSynchronousActionMethod>b__9_0(IAsyncResult asyncResult, ActionInvocation innerInvokeState)
   en System.Web.Mvc.Async.AsyncResultWrapper.WrappedAsyncResult`2.CallEndDelegate(IAsyncResult asyncResult)
   en System.Web.Mvc.Async.AsyncControllerActionInvoker.EndInvokeActionMethod(IAsyncResult asyncResult)
   en System.Web.Mvc.Async.AsyncControllerActionInvoker.AsyncInvocationWithFilters.<>c__DisplayClass11_0.<InvokeActionMethodFilterAsynchronouslyRecursive>b__0()
   en System.Web.Mvc.Async.AsyncControllerActionInvoker.AsyncInvocationWithFilters.<>c__DisplayClass11_2.<InvokeActionMethodFilterAsynchronouslyRecursive>b__2()
   en System.Web.Mvc.Async.AsyncControllerActionInvoker.AsyncInvocationWithFilters.<>c__DisplayClass11_2.<InvokeActionMethodFilterAsynchronouslyRecursive>b__2()
   en System.Web.Mvc.Async.AsyncControllerActionInvoker.AsyncInvocationWithFilters.<>c__DisplayClass11_2.<InvokeActionMethodFilterAsynchronouslyRecursive>b__2()
   en System.Web.Mvc.Async.AsyncControllerActionInvoker.EndInvokeActionMethodWithFilters(IAsyncResult asyncResult)
   en System.Web.Mvc.Async.AsyncControllerActionInvoker.<>c__DisplayClass3_6.<BeginInvokeAction>b__4()
   en System.Web.Mvc.Async.AsyncControllerActionInvoker.<>c__DisplayClass3_1.<BeginInvokeAction>b__1(IAsyncResult asyncResult)

2026-02-10 10:04:10.574 | OrdenRecaudacion/Detalles
System.Web.HttpCompileException (0x80004005): c:\AOCR\AOCR\AOCR05-01-2026\AOCR1\AOCR\CapaPresentacion\Views\OrdenRecaudacion\Detalles.cshtml(52): error CS0103: El nombre 'faltantes' no existe en el contexto actual
   en System.Web.Compilation.AssemblyBuilder.Compile()
   en System.Web.Compilation.BuildProvidersCompiler.PerformBuild()
   en System.Web.Compilation.BuildManager.CompileWebFile(VirtualPath virtualPath)
   en System.Web.Compilation.BuildManager.GetVPathBuildResultInternal(VirtualPath virtualPath, Boolean noBuild, Boolean allowCrossApp, Boolean allowBuildInPrecompile, Boolean throwIfNotFound, Boolean ensureIsUpToDate)
   en System.Web.Compilation.BuildManager.GetVPathBuildResultWithNoAssert(HttpContext context, VirtualPath virtualPath, Boolean noBuild, Boolean allowCrossApp, Boolean allowBuildInPrecompile, Boolean throwIfNotFound, Boolean ensureIsUpToDate)
   en System.Web.Compilation.BuildManager.GetVirtualPathObjectFactory(VirtualPath virtualPath, HttpContext context, Boolean allowCrossApp, Boolean throwIfNotFound)
   en System.Web.Compilation.BuildManager.GetCompiledType(VirtualPath virtualPath)
   en System.Web.Mvc.BuildManagerCompiledView.Render(ViewContext viewContext, TextWriter writer)
   en System.Web.Mvc.ViewResultBase.ExecuteResult(ControllerContext context)
   en System.Web.Mvc.ControllerActionInvoker.InvokeActionResultFilterRecursive(IList`1 filters, Int32 filterIndex, ResultExecutingContext preContext, ControllerContext controllerContext, ActionResult actionResult)
   en System.Web.Mvc.ControllerActionInvoker.InvokeActionResultFilterRecursive(IList`1 filters, Int32 filterIndex, ResultExecutingContext preContext, ControllerContext controllerContext, ActionResult actionResult)
   en System.Web.Mvc.ControllerActionInvoker.InvokeActionResultFilterRecursive(IList`1 filters, Int32 filterIndex, ResultExecutingContext preContext, ControllerContext controllerContext, ActionResult actionResult)
   en System.Web.Mvc.ControllerActionInvoker.InvokeActionResultFilterRecursive(IList`1 filters, Int32 filterIndex, ResultExecutingContext preContext, ControllerContext controllerContext, ActionResult actionResult)
   en System.Web.Mvc.ControllerActionInvoker.InvokeActionResultWithFilters(ControllerContext controllerContext, IList`1 filters, ActionResult actionResult)
   en System.Web.Mvc.Async.AsyncControllerActionInvoker.<>c__DisplayClass3_1.<BeginInvokeAction>b__1(IAsyncResult asyncResult)

2026-02-10 10:04:48.348 | OrdenRecaudacion/Detalles
System.Web.HttpCompileException (0x80004005): c:\AOCR\AOCR\AOCR05-01-2026\AOCR1\AOCR\CapaPresentacion\Views\OrdenRecaudacion\Detalles.cshtml(52): error CS0103: El nombre 'faltantes' no existe en el contexto actual
   en System.Web.Compilation.AssemblyBuilder.Compile()
   en System.Web.Compilation.BuildProvidersCompiler.PerformBuild()
   en System.Web.Compilation.BuildManager.CompileWebFile(VirtualPath virtualPath)
   en System.Web.Compilation.BuildManager.GetVPathBuildResultInternal(VirtualPath virtualPath, Boolean noBuild, Boolean allowCrossApp, Boolean allowBuildInPrecompile, Boolean throwIfNotFound, Boolean ensureIsUpToDate)
   en System.Web.Compilation.BuildManager.GetVPathBuildResultWithNoAssert(HttpContext context, VirtualPath virtualPath, Boolean noBuild, Boolean allowCrossApp, Boolean allowBuildInPrecompile, Boolean throwIfNotFound, Boolean ensureIsUpToDate)
   en System.Web.Compilation.BuildManager.GetVirtualPathObjectFactory(VirtualPath virtualPath, HttpContext context, Boolean allowCrossApp, Boolean throwIfNotFound)
   en System.Web.Compilation.BuildManager.GetCompiledType(VirtualPath virtualPath)
   en System.Web.Mvc.BuildManagerCompiledView.Render(ViewContext viewContext, TextWriter writer)
   en System.Web.Mvc.ViewResultBase.ExecuteResult(ControllerContext context)
   en System.Web.Mvc.ControllerActionInvoker.InvokeActionResultFilterRecursive(IList`1 filters, Int32 filterIndex, ResultExecutingContext preContext, ControllerContext controllerContext, ActionResult actionResult)
   en System.Web.Mvc.ControllerActionInvoker.InvokeActionResultFilterRecursive(IList`1 filters, Int32 filterIndex, ResultExecutingContext preContext, ControllerContext controllerContext, ActionResult actionResult)
   en System.Web.Mvc.ControllerActionInvoker.InvokeActionResultFilterRecursive(IList`1 filters, Int32 filterIndex, ResultExecutingContext preContext, ControllerContext controllerContext, ActionResult actionResult)
   en System.Web.Mvc.ControllerActionInvoker.InvokeActionResultFilterRecursive(IList`1 filters, Int32 filterIndex, ResultExecutingContext preContext, ControllerContext controllerContext, ActionResult actionResult)
   en System.Web.Mvc.ControllerActionInvoker.InvokeActionResultWithFilters(ControllerContext controllerContext, IList`1 filters, ActionResult actionResult)
   en System.Web.Mvc.Async.AsyncControllerActionInvoker.<>c__DisplayClass3_1.<BeginInvokeAction>b__1(IAsyncResult asyncResult)

2026-02-10 10:13:36.546 | OrdenRecaudacion/Detalles
System.Web.HttpCompileException (0x80004005): c:\AOCR\AOCR\AOCR05-01-2026\AOCR1\AOCR\CapaPresentacion\Views\OrdenRecaudacion\Detalles.cshtml(31): error CS0103: El nombre 'faltantes' no existe en el contexto actual
   en System.Web.Compilation.AssemblyBuilder.Compile()
   en System.Web.Compilation.BuildProvidersCompiler.PerformBuild()
   en System.Web.Compilation.BuildManager.CompileWebFile(VirtualPath virtualPath)
   en System.Web.Compilation.BuildManager.GetVPathBuildResultInternal(VirtualPath virtualPath, Boolean noBuild, Boolean allowCrossApp, Boolean allowBuildInPrecompile, Boolean throwIfNotFound, Boolean ensureIsUpToDate)
   en System.Web.Compilation.BuildManager.GetVPathBuildResultWithNoAssert(HttpContext context, VirtualPath virtualPath, Boolean noBuild, Boolean allowCrossApp, Boolean allowBuildInPrecompile, Boolean throwIfNotFound, Boolean ensureIsUpToDate)
   en System.Web.Compilation.BuildManager.GetVirtualPathObjectFactory(VirtualPath virtualPath, HttpContext context, Boolean allowCrossApp, Boolean throwIfNotFound)
   en System.Web.Compilation.BuildManager.GetCompiledType(VirtualPath virtualPath)
   en System.Web.Mvc.BuildManagerCompiledView.Render(ViewContext viewContext, TextWriter writer)
   en System.Web.Mvc.ViewResultBase.ExecuteResult(ControllerContext context)
   en System.Web.Mvc.ControllerActionInvoker.InvokeActionResultFilterRecursive(IList`1 filters, Int32 filterIndex, ResultExecutingContext preContext, ControllerContext controllerContext, ActionResult actionResult)
   en System.Web.Mvc.ControllerActionInvoker.InvokeActionResultFilterRecursive(IList`1 filters, Int32 filterIndex, ResultExecutingContext preContext, ControllerContext controllerContext, ActionResult actionResult)
   en System.Web.Mvc.ControllerActionInvoker.InvokeActionResultFilterRecursive(IList`1 filters, Int32 filterIndex, ResultExecutingContext preContext, ControllerContext controllerContext, ActionResult actionResult)
   en System.Web.Mvc.ControllerActionInvoker.InvokeActionResultFilterRecursive(IList`1 filters, Int32 filterIndex, ResultExecutingContext preContext, ControllerContext controllerContext, ActionResult actionResult)
   en System.Web.Mvc.ControllerActionInvoker.InvokeActionResultWithFilters(ControllerContext controllerContext, IList`1 filters, ActionResult actionResult)
   en System.Web.Mvc.Async.AsyncControllerActionInvoker.<>c__DisplayClass3_1.<BeginInvokeAction>b__1(IAsyncResult asyncResult)

2026-02-10 10:13:43.717 | OrdenRecaudacion/Detalles
System.Web.HttpCompileException (0x80004005): c:\AOCR\AOCR\AOCR05-01-2026\AOCR1\AOCR\CapaPresentacion\Views\OrdenRecaudacion\Detalles.cshtml(31): error CS0103: El nombre 'faltantes' no existe en el contexto actual
   en System.Web.Compilation.BuildManager.PostProcessFoundBuildResult(BuildResult result, Boolean keyFromVPP, VirtualPath virtualPath)
   en System.Web.Compilation.BuildManager.GetBuildResultFromCacheInternal(String cacheKey, Boolean keyFromVPP, VirtualPath virtualPath, Int64 hashCode, Boolean ensureIsUpToDate)
   en System.Web.Compilation.BuildManager.GetVPathBuildResultFromCacheInternal(VirtualPath virtualPath, Boolean ensureIsUpToDate)
   en System.Web.Compilation.BuildManager.GetVPathBuildResultInternal(VirtualPath virtualPath, Boolean noBuild, Boolean allowCrossApp, Boolean allowBuildInPrecompile, Boolean throwIfNotFound, Boolean ensureIsUpToDate)
   en System.Web.Compilation.BuildManager.GetVPathBuildResultWithNoAssert(HttpContext context, VirtualPath virtualPath, Boolean noBuild, Boolean allowCrossApp, Boolean allowBuildInPrecompile, Boolean throwIfNotFound, Boolean ensureIsUpToDate)
   en System.Web.Compilation.BuildManager.GetVirtualPathObjectFactory(VirtualPath virtualPath, HttpContext context, Boolean allowCrossApp, Boolean throwIfNotFound)
   en System.Web.Compilation.BuildManager.GetCompiledType(VirtualPath virtualPath)
   en System.Web.Mvc.BuildManagerCompiledView.Render(ViewContext viewContext, TextWriter writer)
   en System.Web.Mvc.ViewResultBase.ExecuteResult(ControllerContext context)
   en System.Web.Mvc.ControllerActionInvoker.InvokeActionResultFilterRecursive(IList`1 filters, Int32 filterIndex, ResultExecutingContext preContext, ControllerContext controllerContext, ActionResult actionResult)
   en System.Web.Mvc.ControllerActionInvoker.InvokeActionResultFilterRecursive(IList`1 filters, Int32 filterIndex, ResultExecutingContext preContext, ControllerContext controllerContext, ActionResult actionResult)
   en System.Web.Mvc.ControllerActionInvoker.InvokeActionResultFilterRecursive(IList`1 filters, Int32 filterIndex, ResultExecutingContext preContext, ControllerContext controllerContext, ActionResult actionResult)
   en System.Web.Mvc.ControllerActionInvoker.InvokeActionResultFilterRecursive(IList`1 filters, Int32 filterIndex, ResultExecutingContext preContext, ControllerContext controllerContext, ActionResult actionResult)
   en System.Web.Mvc.ControllerActionInvoker.InvokeActionResultWithFilters(ControllerContext controllerContext, IList`1 filters, ActionResult actionResult)
   en System.Web.Mvc.Async.AsyncControllerActionInvoker.<>c__DisplayClass3_1.<BeginInvokeAction>b__1(IAsyncResult asyncResult)

2026-02-10 10:19:10.910 | OrdenRecaudacion/Detalles
System.Web.HttpCompileException (0x80004005): c:\AOCR\AOCR\AOCR05-01-2026\AOCR1\AOCR\CapaPresentacion\Views\OrdenRecaudacion\Detalles.cshtml(64): error CS0103: El nombre 'ordenCompleta' no existe en el contexto actual
   en System.Web.Compilation.AssemblyBuilder.Compile()
   en System.Web.Compilation.BuildProvidersCompiler.PerformBuild()
   en System.Web.Compilation.BuildManager.CompileWebFile(VirtualPath virtualPath)
   en System.Web.Compilation.BuildManager.GetVPathBuildResultInternal(VirtualPath virtualPath, Boolean noBuild, Boolean allowCrossApp, Boolean allowBuildInPrecompile, Boolean throwIfNotFound, Boolean ensureIsUpToDate)
   en System.Web.Compilation.BuildManager.GetVPathBuildResultWithNoAssert(HttpContext context, VirtualPath virtualPath, Boolean noBuild, Boolean allowCrossApp, Boolean allowBuildInPrecompile, Boolean throwIfNotFound, Boolean ensureIsUpToDate)
   en System.Web.Compilation.BuildManager.GetVirtualPathObjectFactory(VirtualPath virtualPath, HttpContext context, Boolean allowCrossApp, Boolean throwIfNotFound)
   en System.Web.Compilation.BuildManager.GetCompiledType(VirtualPath virtualPath)
   en System.Web.Mvc.BuildManagerCompiledView.Render(ViewContext viewContext, TextWriter writer)
   en System.Web.Mvc.ViewResultBase.ExecuteResult(ControllerContext context)
   en System.Web.Mvc.ControllerActionInvoker.InvokeActionResultFilterRecursive(IList`1 filters, Int32 filterIndex, ResultExecutingContext preContext, ControllerContext controllerContext, ActionResult actionResult)
   en System.Web.Mvc.ControllerActionInvoker.InvokeActionResultFilterRecursive(IList`1 filters, Int32 filterIndex, ResultExecutingContext preContext, ControllerContext controllerContext, ActionResult actionResult)
   en System.Web.Mvc.ControllerActionInvoker.InvokeActionResultFilterRecursive(IList`1 filters, Int32 filterIndex, ResultExecutingContext preContext, ControllerContext controllerContext, ActionResult actionResult)
   en System.Web.Mvc.ControllerActionInvoker.InvokeActionResultFilterRecursive(IList`1 filters, Int32 filterIndex, ResultExecutingContext preContext, ControllerContext controllerContext, ActionResult actionResult)
   en System.Web.Mvc.ControllerActionInvoker.InvokeActionResultWithFilters(ControllerContext controllerContext, IList`1 filters, ActionResult actionResult)
   en System.Web.Mvc.Async.AsyncControllerActionInvoker.<>c__DisplayClass3_1.<BeginInvokeAction>b__1(IAsyncResult asyncResult)

2026-02-10 10:21:06.603 | OrdenRecaudacion/Detalles
System.Web.HttpCompileException (0x80004005): c:\AOCR\AOCR\AOCR05-01-2026\AOCR1\AOCR\CapaPresentacion\Views\OrdenRecaudacion\Detalles.cshtml(64): error CS0103: El nombre 'ordenCompleta' no existe en el contexto actual
   en System.Web.Compilation.AssemblyBuilder.Compile()
   en System.Web.Compilation.BuildProvidersCompiler.PerformBuild()
   en System.Web.Compilation.BuildManager.CompileWebFile(VirtualPath virtualPath)
   en System.Web.Compilation.BuildManager.GetVPathBuildResultInternal(VirtualPath virtualPath, Boolean noBuild, Boolean allowCrossApp, Boolean allowBuildInPrecompile, Boolean throwIfNotFound, Boolean ensureIsUpToDate)
   en System.Web.Compilation.BuildManager.GetVPathBuildResultWithNoAssert(HttpContext context, VirtualPath virtualPath, Boolean noBuild, Boolean allowCrossApp, Boolean allowBuildInPrecompile, Boolean throwIfNotFound, Boolean ensureIsUpToDate)
   en System.Web.Compilation.BuildManager.GetVirtualPathObjectFactory(VirtualPath virtualPath, HttpContext context, Boolean allowCrossApp, Boolean throwIfNotFound)
   en System.Web.Compilation.BuildManager.GetCompiledType(VirtualPath virtualPath)
   en System.Web.Mvc.BuildManagerCompiledView.Render(ViewContext viewContext, TextWriter writer)
   en System.Web.Mvc.ViewResultBase.ExecuteResult(ControllerContext context)
   en System.Web.Mvc.ControllerActionInvoker.InvokeActionResultFilterRecursive(IList`1 filters, Int32 filterIndex, ResultExecutingContext preContext, ControllerContext controllerContext, ActionResult actionResult)
   en System.Web.Mvc.ControllerActionInvoker.InvokeActionResultFilterRecursive(IList`1 filters, Int32 filterIndex, ResultExecutingContext preContext, ControllerContext controllerContext, ActionResult actionResult)
   en System.Web.Mvc.ControllerActionInvoker.InvokeActionResultFilterRecursive(IList`1 filters, Int32 filterIndex, ResultExecutingContext preContext, ControllerContext controllerContext, ActionResult actionResult)
   en System.Web.Mvc.ControllerActionInvoker.InvokeActionResultFilterRecursive(IList`1 filters, Int32 filterIndex, ResultExecutingContext preContext, ControllerContext controllerContext, ActionResult actionResult)
   en System.Web.Mvc.ControllerActionInvoker.InvokeActionResultWithFilters(ControllerContext controllerContext, IList`1 filters, ActionResult actionResult)
   en System.Web.Mvc.Async.AsyncControllerActionInvoker.<>c__DisplayClass3_1.<BeginInvokeAction>b__1(IAsyncResult asyncResult)

2026-02-11 15:53:26.516 | Usuario/ValidarRUC
System.Web.Mvc.HttpAntiForgeryException (0x80004005): El campo de formulario antifalsificación "__RequestVerificationToken" no está presente.
   en System.Web.Helpers.AntiXsrf.TokenValidator.ValidateTokens(HttpContextBase httpContext, IIdentity identity, AntiForgeryToken sessionToken, AntiForgeryToken fieldToken)
   en System.Web.Helpers.AntiXsrf.AntiForgeryWorker.Validate(HttpContextBase httpContext)
   en System.Web.Mvc.ControllerActionInvoker.InvokeAuthorizationFilters(ControllerContext controllerContext, IList`1 filters, ActionDescriptor actionDescriptor)
   en System.Web.Mvc.Async.AsyncControllerActionInvoker.<>c__DisplayClass3_1.<BeginInvokeAction>b__0(AsyncCallback asyncCallback, Object asyncState)

2026-02-11 15:53:55.621 | Usuario/ValidarCorreo
System.Web.Mvc.HttpAntiForgeryException (0x80004005): El campo de formulario antifalsificación "__RequestVerificationToken" no está presente.
   en System.Web.Helpers.AntiXsrf.TokenValidator.ValidateTokens(HttpContextBase httpContext, IIdentity identity, AntiForgeryToken sessionToken, AntiForgeryToken fieldToken)
   en System.Web.Helpers.AntiXsrf.AntiForgeryWorker.Validate(HttpContextBase httpContext)
   en System.Web.Mvc.ControllerActionInvoker.InvokeAuthorizationFilters(ControllerContext controllerContext, IList`1 filters, ActionDescriptor actionDescriptor)
   en System.Web.Mvc.Async.AsyncControllerActionInvoker.<>c__DisplayClass3_1.<BeginInvokeAction>b__0(AsyncCallback asyncCallback, Object asyncState)

2026-02-11 15:54:39.447 | Usuario/ValidarCorreo
System.Web.Mvc.HttpAntiForgeryException (0x80004005): El campo de formulario antifalsificación "__RequestVerificationToken" no está presente.
   en System.Web.Helpers.AntiXsrf.TokenValidator.ValidateTokens(HttpContextBase httpContext, IIdentity identity, AntiForgeryToken sessionToken, AntiForgeryToken fieldToken)
   en System.Web.Helpers.AntiXsrf.AntiForgeryWorker.Validate(HttpContextBase httpContext)
   en System.Web.Mvc.ControllerActionInvoker.InvokeAuthorizationFilters(ControllerContext controllerContext, IList`1 filters, ActionDescriptor actionDescriptor)
   en System.Web.Mvc.Async.AsyncControllerActionInvoker.<>c__DisplayClass3_1.<BeginInvokeAction>b__0(AsyncCallback asyncCallback, Object asyncState)

2026-02-12 08:31:24.525 | Account/Login
System.Web.Mvc.HttpAntiForgeryException (0x80004005): El token antifalsificación proporcionado se diseñó para el usuario "" pero el usuario actual es "1713091955".
   en System.Web.Helpers.AntiXsrf.TokenValidator.ValidateTokens(HttpContextBase httpContext, IIdentity identity, AntiForgeryToken sessionToken, AntiForgeryToken fieldToken)
   en System.Web.Helpers.AntiXsrf.AntiForgeryWorker.Validate(HttpContextBase httpContext)
   en System.Web.Mvc.ControllerActionInvoker.InvokeAuthorizationFilters(ControllerContext controllerContext, IList`1 filters, ActionDescriptor actionDescriptor)
   en System.Web.Mvc.Async.AsyncControllerActionInvoker.<>c__DisplayClass3_1.<BeginInvokeAction>b__0(AsyncCallback asyncCallback, Object asyncState)

2026-02-12 08:31:29.578 | Account/Login
System.Web.Mvc.HttpAntiForgeryException (0x80004005): El token antifalsificación proporcionado se diseñó para el usuario "" pero el usuario actual es "1713091955".
   en System.Web.Helpers.AntiXsrf.TokenValidator.ValidateTokens(HttpContextBase httpContext, IIdentity identity, AntiForgeryToken sessionToken, AntiForgeryToken fieldToken)
   en System.Web.Helpers.AntiXsrf.AntiForgeryWorker.Validate(HttpContextBase httpContext)
   en System.Web.Mvc.ControllerActionInvoker.InvokeAuthorizationFilters(ControllerContext controllerContext, IList`1 filters, ActionDescriptor actionDescriptor)
   en System.Web.Mvc.Async.AsyncControllerActionInvoker.<>c__DisplayClass3_1.<BeginInvokeAction>b__0(AsyncCallback asyncCallback, Object asyncState)

2026-02-12 14:06:57.452 | Usuario/RevisarDesignaciones
System.Web.HttpParseException (0x80004005): Palabra clave "using" inesperada después del carácter "@". Una vez dentro del código, no es necesario añadir prefijos a las construcciones, como "using" con "@".

   en System.Web.WebPages.Razor.RazorBuildProvider.EnsureGeneratedCode()
   en System.Web.WebPages.Razor.RazorBuildProvider.get_CodeCompilerType()
   en System.Web.Compilation.BuildProvider.GetCompilerTypeFromBuildProvider(BuildProvider buildProvider)
   en System.Web.Compilation.BuildProvidersCompiler.ProcessBuildProviders()
   en System.Web.Compilation.BuildProvidersCompiler.PerformBuild()
   en System.Web.Compilation.BuildManager.CompileWebFile(VirtualPath virtualPath)
   en System.Web.Compilation.BuildManager.GetVPathBuildResultInternal(VirtualPath virtualPath, Boolean noBuild, Boolean allowCrossApp, Boolean allowBuildInPrecompile, Boolean throwIfNotFound, Boolean ensureIsUpToDate)
   en System.Web.Compilation.BuildManager.GetVPathBuildResultWithNoAssert(HttpContext context, VirtualPath virtualPath, Boolean noBuild, Boolean allowCrossApp, Boolean allowBuildInPrecompile, Boolean throwIfNotFound, Boolean ensureIsUpToDate)
   en System.Web.Compilation.BuildManager.GetVirtualPathObjectFactory(VirtualPath virtualPath, HttpContext context, Boolean allowCrossApp, Boolean throwIfNotFound)
   en System.Web.Compilation.BuildManager.GetCompiledType(VirtualPath virtualPath)
   en System.Web.Mvc.BuildManagerCompiledView.Render(ViewContext viewContext, TextWriter writer)
   en System.Web.Mvc.ViewResultBase.ExecuteResult(ControllerContext context)
   en System.Web.Mvc.ControllerActionInvoker.InvokeActionResultFilterRecursive(IList`1 filters, Int32 filterIndex, ResultExecutingContext preContext, ControllerContext controllerContext, ActionResult actionResult)
   en System.Web.Mvc.ControllerActionInvoker.InvokeActionResultFilterRecursive(IList`1 filters, Int32 filterIndex, ResultExecutingContext preContext, ControllerContext controllerContext, ActionResult actionResult)
   en System.Web.Mvc.ControllerActionInvoker.InvokeActionResultFilterRecursive(IList`1 filters, Int32 filterIndex, ResultExecutingContext preContext, ControllerContext controllerContext, ActionResult actionResult)
   en System.Web.Mvc.ControllerActionInvoker.InvokeActionResultFilterRecursive(IList`1 filters, Int32 filterIndex, ResultExecutingContext preContext, ControllerContext controllerContext, ActionResult actionResult)
   en System.Web.Mvc.ControllerActionInvoker.InvokeActionResultWithFilters(ControllerContext controllerContext, IList`1 filters, ActionResult actionResult)
   en System.Web.Mvc.Async.AsyncControllerActionInvoker.<>c__DisplayClass3_1.<BeginInvokeAction>b__1(IAsyncResult asyncResult)

2026-02-13 11:03:12.205 | Account/EnviarRecuperar
System.Web.Mvc.HttpAntiForgeryException (0x80004005): El campo de formulario antifalsificación "__RequestVerificationToken" no está presente.
   en System.Web.Helpers.AntiXsrf.TokenValidator.ValidateTokens(HttpContextBase httpContext, IIdentity identity, AntiForgeryToken sessionToken, AntiForgeryToken fieldToken)
   en System.Web.Helpers.AntiXsrf.AntiForgeryWorker.Validate(HttpContextBase httpContext)
   en System.Web.Mvc.ControllerActionInvoker.InvokeAuthorizationFilters(ControllerContext controllerContext, IList`1 filters, ActionDescriptor actionDescriptor)
   en System.Web.Mvc.Async.AsyncControllerActionInvoker.<>c__DisplayClass3_1.<BeginInvokeAction>b__0(AsyncCallback asyncCallback, Object asyncState)

2026-02-13 11:30:44.533 | Account/Login
System.Web.Mvc.HttpAntiForgeryException (0x80004005): El token antifalsificación proporcionado se diseñó para el usuario "USU_ADMIN" pero el usuario actual es "".
   en System.Web.Helpers.AntiXsrf.TokenValidator.ValidateTokens(HttpContextBase httpContext, IIdentity identity, AntiForgeryToken sessionToken, AntiForgeryToken fieldToken)
   en System.Web.Helpers.AntiXsrf.AntiForgeryWorker.Validate(HttpContextBase httpContext)
   en System.Web.Mvc.ControllerActionInvoker.InvokeAuthorizationFilters(ControllerContext controllerContext, IList`1 filters, ActionDescriptor actionDescriptor)
   en System.Web.Mvc.Async.AsyncControllerActionInvoker.<>c__DisplayClass3_1.<BeginInvokeAction>b__0(AsyncCallback asyncCallback, Object asyncState)

2026-02-13 16:24:13.363 | Financiero/DetalleOrden
System.Web.HttpCompileException (0x80004005): c:\AOCR\AOCR\AOCR05-01-2026\AOCR1\AOCR\CapaPresentacion\Views\Financiero\DetalleOrden.cshtml(215): error CS1501: Ninguna sobrecarga para el método 'ToString' toma '1' argumentos
   en System.Web.Compilation.AssemblyBuilder.Compile()
   en System.Web.Compilation.BuildProvidersCompiler.PerformBuild()
   en System.Web.Compilation.BuildManager.CompileWebFile(VirtualPath virtualPath)
   en System.Web.Compilation.BuildManager.GetVPathBuildResultInternal(VirtualPath virtualPath, Boolean noBuild, Boolean allowCrossApp, Boolean allowBuildInPrecompile, Boolean throwIfNotFound, Boolean ensureIsUpToDate)
   en System.Web.Compilation.BuildManager.GetVPathBuildResultWithNoAssert(HttpContext context, VirtualPath virtualPath, Boolean noBuild, Boolean allowCrossApp, Boolean allowBuildInPrecompile, Boolean throwIfNotFound, Boolean ensureIsUpToDate)
   en System.Web.Compilation.BuildManager.GetVirtualPathObjectFactory(VirtualPath virtualPath, HttpContext context, Boolean allowCrossApp, Boolean throwIfNotFound)
   en System.Web.Compilation.BuildManager.GetCompiledType(VirtualPath virtualPath)
   en System.Web.Mvc.BuildManagerCompiledView.Render(ViewContext viewContext, TextWriter writer)
   en System.Web.Mvc.ViewResultBase.ExecuteResult(ControllerContext context)
   en System.Web.Mvc.ControllerActionInvoker.InvokeActionResultFilterRecursive(IList`1 filters, Int32 filterIndex, ResultExecutingContext preContext, ControllerContext controllerContext, ActionResult actionResult)
   en System.Web.Mvc.ControllerActionInvoker.InvokeActionResultFilterRecursive(IList`1 filters, Int32 filterIndex, ResultExecutingContext preContext, ControllerContext controllerContext, ActionResult actionResult)
   en System.Web.Mvc.ControllerActionInvoker.InvokeActionResultFilterRecursive(IList`1 filters, Int32 filterIndex, ResultExecutingContext preContext, ControllerContext controllerContext, ActionResult actionResult)
   en System.Web.Mvc.ControllerActionInvoker.InvokeActionResultFilterRecursive(IList`1 filters, Int32 filterIndex, ResultExecutingContext preContext, ControllerContext controllerContext, ActionResult actionResult)
   en System.Web.Mvc.ControllerActionInvoker.InvokeActionResultWithFilters(ControllerContext controllerContext, IList`1 filters, ActionResult actionResult)
   en System.Web.Mvc.Async.AsyncControllerActionInvoker.<>c__DisplayClass3_1.<BeginInvokeAction>b__1(IAsyncResult asyncResult)

2026-02-13 16:24:21.109 | Financiero/DetalleOrden
System.Web.HttpCompileException (0x80004005): c:\AOCR\AOCR\AOCR05-01-2026\AOCR1\AOCR\CapaPresentacion\Views\Financiero\DetalleOrden.cshtml(215): error CS1501: Ninguna sobrecarga para el método 'ToString' toma '1' argumentos
   en System.Web.Compilation.BuildManager.PostProcessFoundBuildResult(BuildResult result, Boolean keyFromVPP, VirtualPath virtualPath)
   en System.Web.Compilation.BuildManager.GetBuildResultFromCacheInternal(String cacheKey, Boolean keyFromVPP, VirtualPath virtualPath, Int64 hashCode, Boolean ensureIsUpToDate)
   en System.Web.Compilation.BuildManager.GetVPathBuildResultFromCacheInternal(VirtualPath virtualPath, Boolean ensureIsUpToDate)
   en System.Web.Compilation.BuildManager.GetVPathBuildResultInternal(VirtualPath virtualPath, Boolean noBuild, Boolean allowCrossApp, Boolean allowBuildInPrecompile, Boolean throwIfNotFound, Boolean ensureIsUpToDate)
   en System.Web.Compilation.BuildManager.GetVPathBuildResultWithNoAssert(HttpContext context, VirtualPath virtualPath, Boolean noBuild, Boolean allowCrossApp, Boolean allowBuildInPrecompile, Boolean throwIfNotFound, Boolean ensureIsUpToDate)
   en System.Web.Compilation.BuildManager.GetVirtualPathObjectFactory(VirtualPath virtualPath, HttpContext context, Boolean allowCrossApp, Boolean throwIfNotFound)
   en System.Web.Compilation.BuildManager.GetCompiledType(VirtualPath virtualPath)
   en System.Web.Mvc.BuildManagerCompiledView.Render(ViewContext viewContext, TextWriter writer)
   en System.Web.Mvc.ViewResultBase.ExecuteResult(ControllerContext context)
   en System.Web.Mvc.ControllerActionInvoker.InvokeActionResultFilterRecursive(IList`1 filters, Int32 filterIndex, ResultExecutingContext preContext, ControllerContext controllerContext, ActionResult actionResult)
   en System.Web.Mvc.ControllerActionInvoker.InvokeActionResultFilterRecursive(IList`1 filters, Int32 filterIndex, ResultExecutingContext preContext, ControllerContext controllerContext, ActionResult actionResult)
   en System.Web.Mvc.ControllerActionInvoker.InvokeActionResultFilterRecursive(IList`1 filters, Int32 filterIndex, ResultExecutingContext preContext, ControllerContext controllerContext, ActionResult actionResult)
   en System.Web.Mvc.ControllerActionInvoker.InvokeActionResultFilterRecursive(IList`1 filters, Int32 filterIndex, ResultExecutingContext preContext, ControllerContext controllerContext, ActionResult actionResult)
   en System.Web.Mvc.ControllerActionInvoker.InvokeActionResultWithFilters(ControllerContext controllerContext, IList`1 filters, ActionResult actionResult)
   en System.Web.Mvc.Async.AsyncControllerActionInvoker.<>c__DisplayClass3_1.<BeginInvokeAction>b__1(IAsyncResult asyncResult)

2026-02-18 10:50:27.256 | Financiero/DetalleOrden
System.Web.HttpParseException (0x80004005): Palabra clave "if" inesperada después del carácter "@". Una vez dentro del código, no es necesario añadir prefijos a las construcciones, como "if" con "@".

   en System.Web.WebPages.Razor.RazorBuildProvider.EnsureGeneratedCode()
   en System.Web.WebPages.Razor.RazorBuildProvider.get_CodeCompilerType()
   en System.Web.Compilation.BuildProvider.GetCompilerTypeFromBuildProvider(BuildProvider buildProvider)
   en System.Web.Compilation.BuildProvidersCompiler.ProcessBuildProviders()
   en System.Web.Compilation.BuildProvidersCompiler.PerformBuild()
   en System.Web.Compilation.BuildManager.CompileWebFile(VirtualPath virtualPath)
   en System.Web.Compilation.BuildManager.GetVPathBuildResultInternal(VirtualPath virtualPath, Boolean noBuild, Boolean allowCrossApp, Boolean allowBuildInPrecompile, Boolean throwIfNotFound, Boolean ensureIsUpToDate)
   en System.Web.Compilation.BuildManager.GetVPathBuildResultWithNoAssert(HttpContext context, VirtualPath virtualPath, Boolean noBuild, Boolean allowCrossApp, Boolean allowBuildInPrecompile, Boolean throwIfNotFound, Boolean ensureIsUpToDate)
   en System.Web.Compilation.BuildManager.GetVirtualPathObjectFactory(VirtualPath virtualPath, HttpContext context, Boolean allowCrossApp, Boolean throwIfNotFound)
   en System.Web.Compilation.BuildManager.GetCompiledType(VirtualPath virtualPath)
   en System.Web.Mvc.BuildManagerCompiledView.Render(ViewContext viewContext, TextWriter writer)
   en System.Web.Mvc.ViewResultBase.ExecuteResult(ControllerContext context)
   en System.Web.Mvc.ControllerActionInvoker.InvokeActionResultFilterRecursive(IList`1 filters, Int32 filterIndex, ResultExecutingContext preContext, ControllerContext controllerContext, ActionResult actionResult)
   en System.Web.Mvc.ControllerActionInvoker.InvokeActionResultFilterRecursive(IList`1 filters, Int32 filterIndex, ResultExecutingContext preContext, ControllerContext controllerContext, ActionResult actionResult)
   en System.Web.Mvc.ControllerActionInvoker.InvokeActionResultFilterRecursive(IList`1 filters, Int32 filterIndex, ResultExecutingContext preContext, ControllerContext controllerContext, ActionResult actionResult)
   en System.Web.Mvc.ControllerActionInvoker.InvokeActionResultFilterRecursive(IList`1 filters, Int32 filterIndex, ResultExecutingContext preContext, ControllerContext controllerContext, ActionResult actionResult)
   en System.Web.Mvc.ControllerActionInvoker.InvokeActionResultWithFilters(ControllerContext controllerContext, IList`1 filters, ActionResult actionResult)
   en System.Web.Mvc.Async.AsyncControllerActionInvoker.<>c__DisplayClass3_1.<BeginInvokeAction>b__1(IAsyncResult asyncResult)

2026-02-18 10:51:04.040 | Financiero/DetalleOrden
System.Web.HttpParseException (0x80004005): Palabra clave "if" inesperada después del carácter "@". Una vez dentro del código, no es necesario añadir prefijos a las construcciones, como "if" con "@".

   en System.Web.WebPages.Razor.RazorBuildProvider.EnsureGeneratedCode()
   en System.Web.WebPages.Razor.RazorBuildProvider.get_CodeCompilerType()
   en System.Web.Compilation.BuildProvider.GetCompilerTypeFromBuildProvider(BuildProvider buildProvider)
   en System.Web.Compilation.BuildProvidersCompiler.ProcessBuildProviders()
   en System.Web.Compilation.BuildProvidersCompiler.PerformBuild()
   en System.Web.Compilation.BuildManager.CompileWebFile(VirtualPath virtualPath)
   en System.Web.Compilation.BuildManager.GetVPathBuildResultInternal(VirtualPath virtualPath, Boolean noBuild, Boolean allowCrossApp, Boolean allowBuildInPrecompile, Boolean throwIfNotFound, Boolean ensureIsUpToDate)
   en System.Web.Compilation.BuildManager.GetVPathBuildResultWithNoAssert(HttpContext context, VirtualPath virtualPath, Boolean noBuild, Boolean allowCrossApp, Boolean allowBuildInPrecompile, Boolean throwIfNotFound, Boolean ensureIsUpToDate)
   en System.Web.Compilation.BuildManager.GetVirtualPathObjectFactory(VirtualPath virtualPath, HttpContext context, Boolean allowCrossApp, Boolean throwIfNotFound)
   en System.Web.Compilation.BuildManager.GetCompiledType(VirtualPath virtualPath)
   en System.Web.Mvc.BuildManagerCompiledView.Render(ViewContext viewContext, TextWriter writer)
   en System.Web.Mvc.ViewResultBase.ExecuteResult(ControllerContext context)
   en System.Web.Mvc.ControllerActionInvoker.InvokeActionResultFilterRecursive(IList`1 filters, Int32 filterIndex, ResultExecutingContext preContext, ControllerContext controllerContext, ActionResult actionResult)
   en System.Web.Mvc.ControllerActionInvoker.InvokeActionResultFilterRecursive(IList`1 filters, Int32 filterIndex, ResultExecutingContext preContext, ControllerContext controllerContext, ActionResult actionResult)
   en System.Web.Mvc.ControllerActionInvoker.InvokeActionResultFilterRecursive(IList`1 filters, Int32 filterIndex, ResultExecutingContext preContext, ControllerContext controllerContext, ActionResult actionResult)
   en System.Web.Mvc.ControllerActionInvoker.InvokeActionResultFilterRecursive(IList`1 filters, Int32 filterIndex, ResultExecutingContext preContext, ControllerContext controllerContext, ActionResult actionResult)
   en System.Web.Mvc.ControllerActionInvoker.InvokeActionResultWithFilters(ControllerContext controllerContext, IList`1 filters, ActionResult actionResult)
   en System.Web.Mvc.Async.AsyncControllerActionInvoker.<>c__DisplayClass3_1.<BeginInvokeAction>b__1(IAsyncResult asyncResult)

2026-02-18 11:00:12.739 | Financiero/DetalleOrden
System.Web.HttpParseException (0x80004005): Palabra clave "if" inesperada después del carácter "@". Una vez dentro del código, no es necesario añadir prefijos a las construcciones, como "if" con "@".

   en System.Web.WebPages.Razor.RazorBuildProvider.EnsureGeneratedCode()
   en System.Web.WebPages.Razor.RazorBuildProvider.get_CodeCompilerType()
   en System.Web.Compilation.BuildProvider.GetCompilerTypeFromBuildProvider(BuildProvider buildProvider)
   en System.Web.Compilation.BuildProvidersCompiler.ProcessBuildProviders()
   en System.Web.Compilation.BuildProvidersCompiler.PerformBuild()
   en System.Web.Compilation.BuildManager.CompileWebFile(VirtualPath virtualPath)
   en System.Web.Compilation.BuildManager.GetVPathBuildResultInternal(VirtualPath virtualPath, Boolean noBuild, Boolean allowCrossApp, Boolean allowBuildInPrecompile, Boolean throwIfNotFound, Boolean ensureIsUpToDate)
   en System.Web.Compilation.BuildManager.GetVPathBuildResultWithNoAssert(HttpContext context, VirtualPath virtualPath, Boolean noBuild, Boolean allowCrossApp, Boolean allowBuildInPrecompile, Boolean throwIfNotFound, Boolean ensureIsUpToDate)
   en System.Web.Compilation.BuildManager.GetVirtualPathObjectFactory(VirtualPath virtualPath, HttpContext context, Boolean allowCrossApp, Boolean throwIfNotFound)
   en System.Web.Compilation.BuildManager.GetCompiledType(VirtualPath virtualPath)
   en System.Web.Mvc.BuildManagerCompiledView.Render(ViewContext viewContext, TextWriter writer)
   en System.Web.Mvc.ViewResultBase.ExecuteResult(ControllerContext context)
   en System.Web.Mvc.ControllerActionInvoker.InvokeActionResultFilterRecursive(IList`1 filters, Int32 filterIndex, ResultExecutingContext preContext, ControllerContext controllerContext, ActionResult actionResult)
   en System.Web.Mvc.ControllerActionInvoker.InvokeActionResultFilterRecursive(IList`1 filters, Int32 filterIndex, ResultExecutingContext preContext, ControllerContext controllerContext, ActionResult actionResult)
   en System.Web.Mvc.ControllerActionInvoker.InvokeActionResultFilterRecursive(IList`1 filters, Int32 filterIndex, ResultExecutingContext preContext, ControllerContext controllerContext, ActionResult actionResult)
   en System.Web.Mvc.ControllerActionInvoker.InvokeActionResultFilterRecursive(IList`1 filters, Int32 filterIndex, ResultExecutingContext preContext, ControllerContext controllerContext, ActionResult actionResult)
   en System.Web.Mvc.ControllerActionInvoker.InvokeActionResultWithFilters(ControllerContext controllerContext, IList`1 filters, ActionResult actionResult)
   en System.Web.Mvc.Async.AsyncControllerActionInvoker.<>c__DisplayClass3_1.<BeginInvokeAction>b__1(IAsyncResult asyncResult)

2026-02-18 11:05:16.369 | Financiero/DetalleOrden
System.Web.HttpParseException (0x80004005): Palabra clave "if" inesperada después del carácter "@". Una vez dentro del código, no es necesario añadir prefijos a las construcciones, como "if" con "@".

   en System.Web.WebPages.Razor.RazorBuildProvider.EnsureGeneratedCode()
   en System.Web.WebPages.Razor.RazorBuildProvider.get_CodeCompilerType()
   en System.Web.Compilation.BuildProvider.GetCompilerTypeFromBuildProvider(BuildProvider buildProvider)
   en System.Web.Compilation.BuildProvidersCompiler.ProcessBuildProviders()
   en System.Web.Compilation.BuildProvidersCompiler.PerformBuild()
   en System.Web.Compilation.BuildManager.CompileWebFile(VirtualPath virtualPath)
   en System.Web.Compilation.BuildManager.GetVPathBuildResultInternal(VirtualPath virtualPath, Boolean noBuild, Boolean allowCrossApp, Boolean allowBuildInPrecompile, Boolean throwIfNotFound, Boolean ensureIsUpToDate)
   en System.Web.Compilation.BuildManager.GetVPathBuildResultWithNoAssert(HttpContext context, VirtualPath virtualPath, Boolean noBuild, Boolean allowCrossApp, Boolean allowBuildInPrecompile, Boolean throwIfNotFound, Boolean ensureIsUpToDate)
   en System.Web.Compilation.BuildManager.GetVirtualPathObjectFactory(VirtualPath virtualPath, HttpContext context, Boolean allowCrossApp, Boolean throwIfNotFound)
   en System.Web.Compilation.BuildManager.GetCompiledType(VirtualPath virtualPath)
   en System.Web.Mvc.BuildManagerCompiledView.Render(ViewContext viewContext, TextWriter writer)
   en System.Web.Mvc.ViewResultBase.ExecuteResult(ControllerContext context)
   en System.Web.Mvc.ControllerActionInvoker.InvokeActionResultFilterRecursive(IList`1 filters, Int32 filterIndex, ResultExecutingContext preContext, ControllerContext controllerContext, ActionResult actionResult)
   en System.Web.Mvc.ControllerActionInvoker.InvokeActionResultFilterRecursive(IList`1 filters, Int32 filterIndex, ResultExecutingContext preContext, ControllerContext controllerContext, ActionResult actionResult)
   en System.Web.Mvc.ControllerActionInvoker.InvokeActionResultFilterRecursive(IList`1 filters, Int32 filterIndex, ResultExecutingContext preContext, ControllerContext controllerContext, ActionResult actionResult)
   en System.Web.Mvc.ControllerActionInvoker.InvokeActionResultFilterRecursive(IList`1 filters, Int32 filterIndex, ResultExecutingContext preContext, ControllerContext controllerContext, ActionResult actionResult)
   en System.Web.Mvc.ControllerActionInvoker.InvokeActionResultWithFilters(ControllerContext controllerContext, IList`1 filters, ActionResult actionResult)
   en System.Web.Mvc.Async.AsyncControllerActionInvoker.<>c__DisplayClass3_1.<BeginInvokeAction>b__1(IAsyncResult asyncResult)

2026-02-18 11:25:22.529 | Financiero/DetalleOrden
System.Web.HttpParseException (0x80004005): Palabra clave "using" inesperada después del carácter "@". Una vez dentro del código, no es necesario añadir prefijos a las construcciones, como "using" con "@".

   en System.Web.WebPages.Razor.RazorBuildProvider.EnsureGeneratedCode()
   en System.Web.WebPages.Razor.RazorBuildProvider.get_CodeCompilerType()
   en System.Web.Compilation.BuildProvider.GetCompilerTypeFromBuildProvider(BuildProvider buildProvider)
   en System.Web.Compilation.BuildProvidersCompiler.ProcessBuildProviders()
   en System.Web.Compilation.BuildProvidersCompiler.PerformBuild()
   en System.Web.Compilation.BuildManager.CompileWebFile(VirtualPath virtualPath)
   en System.Web.Compilation.BuildManager.GetVPathBuildResultInternal(VirtualPath virtualPath, Boolean noBuild, Boolean allowCrossApp, Boolean allowBuildInPrecompile, Boolean throwIfNotFound, Boolean ensureIsUpToDate)
   en System.Web.Compilation.BuildManager.GetVPathBuildResultWithNoAssert(HttpContext context, VirtualPath virtualPath, Boolean noBuild, Boolean allowCrossApp, Boolean allowBuildInPrecompile, Boolean throwIfNotFound, Boolean ensureIsUpToDate)
   en System.Web.Compilation.BuildManager.GetVirtualPathObjectFactory(VirtualPath virtualPath, HttpContext context, Boolean allowCrossApp, Boolean throwIfNotFound)
   en System.Web.Compilation.BuildManager.GetCompiledType(VirtualPath virtualPath)
   en System.Web.Mvc.BuildManagerCompiledView.Render(ViewContext viewContext, TextWriter writer)
   en System.Web.Mvc.ViewResultBase.ExecuteResult(ControllerContext context)
   en System.Web.Mvc.ControllerActionInvoker.InvokeActionResultFilterRecursive(IList`1 filters, Int32 filterIndex, ResultExecutingContext preContext, ControllerContext controllerContext, ActionResult actionResult)
   en System.Web.Mvc.ControllerActionInvoker.InvokeActionResultFilterRecursive(IList`1 filters, Int32 filterIndex, ResultExecutingContext preContext, ControllerContext controllerContext, ActionResult actionResult)
   en System.Web.Mvc.ControllerActionInvoker.InvokeActionResultFilterRecursive(IList`1 filters, Int32 filterIndex, ResultExecutingContext preContext, ControllerContext controllerContext, ActionResult actionResult)
   en System.Web.Mvc.ControllerActionInvoker.InvokeActionResultFilterRecursive(IList`1 filters, Int32 filterIndex, ResultExecutingContext preContext, ControllerContext controllerContext, ActionResult actionResult)
   en System.Web.Mvc.ControllerActionInvoker.InvokeActionResultWithFilters(ControllerContext controllerContext, IList`1 filters, ActionResult actionResult)
   en System.Web.Mvc.Async.AsyncControllerActionInvoker.<>c__DisplayClass3_1.<BeginInvokeAction>b__1(IAsyncResult asyncResult)

2026-02-18 11:45:46.910 | Financiero/DetalleOrden
System.Web.HttpParseException (0x80004005): Palabra clave "using" inesperada después del carácter "@". Una vez dentro del código, no es necesario añadir prefijos a las construcciones, como "using" con "@".

   en System.Web.WebPages.Razor.RazorBuildProvider.EnsureGeneratedCode()
   en System.Web.WebPages.Razor.RazorBuildProvider.get_CodeCompilerType()
   en System.Web.Compilation.BuildProvider.GetCompilerTypeFromBuildProvider(BuildProvider buildProvider)
   en System.Web.Compilation.BuildProvidersCompiler.ProcessBuildProviders()
   en System.Web.Compilation.BuildProvidersCompiler.PerformBuild()
   en System.Web.Compilation.BuildManager.CompileWebFile(VirtualPath virtualPath)
   en System.Web.Compilation.BuildManager.GetVPathBuildResultInternal(VirtualPath virtualPath, Boolean noBuild, Boolean allowCrossApp, Boolean allowBuildInPrecompile, Boolean throwIfNotFound, Boolean ensureIsUpToDate)
   en System.Web.Compilation.BuildManager.GetVPathBuildResultWithNoAssert(HttpContext context, VirtualPath virtualPath, Boolean noBuild, Boolean allowCrossApp, Boolean allowBuildInPrecompile, Boolean throwIfNotFound, Boolean ensureIsUpToDate)
   en System.Web.Compilation.BuildManager.GetVirtualPathObjectFactory(VirtualPath virtualPath, HttpContext context, Boolean allowCrossApp, Boolean throwIfNotFound)
   en System.Web.Compilation.BuildManager.GetCompiledType(VirtualPath virtualPath)
   en System.Web.Mvc.BuildManagerCompiledView.Render(ViewContext viewContext, TextWriter writer)
   en System.Web.Mvc.ViewResultBase.ExecuteResult(ControllerContext context)
   en System.Web.Mvc.ControllerActionInvoker.InvokeActionResultFilterRecursive(IList`1 filters, Int32 filterIndex, ResultExecutingContext preContext, ControllerContext controllerContext, ActionResult actionResult)
   en System.Web.Mvc.ControllerActionInvoker.InvokeActionResultFilterRecursive(IList`1 filters, Int32 filterIndex, ResultExecutingContext preContext, ControllerContext controllerContext, ActionResult actionResult)
   en System.Web.Mvc.ControllerActionInvoker.InvokeActionResultFilterRecursive(IList`1 filters, Int32 filterIndex, ResultExecutingContext preContext, ControllerContext controllerContext, ActionResult actionResult)
   en System.Web.Mvc.ControllerActionInvoker.InvokeActionResultFilterRecursive(IList`1 filters, Int32 filterIndex, ResultExecutingContext preContext, ControllerContext controllerContext, ActionResult actionResult)
   en System.Web.Mvc.ControllerActionInvoker.InvokeActionResultWithFilters(ControllerContext controllerContext, IList`1 filters, ActionResult actionResult)
   en System.Web.Mvc.Async.AsyncControllerActionInvoker.<>c__DisplayClass3_1.<BeginInvokeAction>b__1(IAsyncResult asyncResult)

2026-02-18 11:47:23.638 | Financiero/DetalleOrden
System.Web.HttpParseException (0x80004005): Palabra clave "using" inesperada después del carácter "@". Una vez dentro del código, no es necesario añadir prefijos a las construcciones, como "using" con "@".

   en System.Web.WebPages.Razor.RazorBuildProvider.EnsureGeneratedCode()
   en System.Web.WebPages.Razor.RazorBuildProvider.get_CodeCompilerType()
   en System.Web.Compilation.BuildProvider.GetCompilerTypeFromBuildProvider(BuildProvider buildProvider)
   en System.Web.Compilation.BuildProvidersCompiler.ProcessBuildProviders()
   en System.Web.Compilation.BuildProvidersCompiler.PerformBuild()
   en System.Web.Compilation.BuildManager.CompileWebFile(VirtualPath virtualPath)
   en System.Web.Compilation.BuildManager.GetVPathBuildResultInternal(VirtualPath virtualPath, Boolean noBuild, Boolean allowCrossApp, Boolean allowBuildInPrecompile, Boolean throwIfNotFound, Boolean ensureIsUpToDate)
   en System.Web.Compilation.BuildManager.GetVPathBuildResultWithNoAssert(HttpContext context, VirtualPath virtualPath, Boolean noBuild, Boolean allowCrossApp, Boolean allowBuildInPrecompile, Boolean throwIfNotFound, Boolean ensureIsUpToDate)
   en System.Web.Compilation.BuildManager.GetVirtualPathObjectFactory(VirtualPath virtualPath, HttpContext context, Boolean allowCrossApp, Boolean throwIfNotFound)
   en System.Web.Compilation.BuildManager.GetCompiledType(VirtualPath virtualPath)
   en System.Web.Mvc.BuildManagerCompiledView.Render(ViewContext viewContext, TextWriter writer)
   en System.Web.Mvc.ViewResultBase.ExecuteResult(ControllerContext context)
   en System.Web.Mvc.ControllerActionInvoker.InvokeActionResultFilterRecursive(IList`1 filters, Int32 filterIndex, ResultExecutingContext preContext, ControllerContext controllerContext, ActionResult actionResult)
   en System.Web.Mvc.ControllerActionInvoker.InvokeActionResultFilterRecursive(IList`1 filters, Int32 filterIndex, ResultExecutingContext preContext, ControllerContext controllerContext, ActionResult actionResult)
   en System.Web.Mvc.ControllerActionInvoker.InvokeActionResultFilterRecursive(IList`1 filters, Int32 filterIndex, ResultExecutingContext preContext, ControllerContext controllerContext, ActionResult actionResult)
   en System.Web.Mvc.ControllerActionInvoker.InvokeActionResultFilterRecursive(IList`1 filters, Int32 filterIndex, ResultExecutingContext preContext, ControllerContext controllerContext, ActionResult actionResult)
   en System.Web.Mvc.ControllerActionInvoker.InvokeActionResultWithFilters(ControllerContext controllerContext, IList`1 filters, ActionResult actionResult)
   en System.Web.Mvc.Async.AsyncControllerActionInvoker.<>c__DisplayClass3_1.<BeginInvokeAction>b__1(IAsyncResult asyncResult)

2026-02-18 11:48:53.716 | Financiero/DetalleOrden
System.Web.HttpParseException (0x80004005): Palabra clave "using" inesperada después del carácter "@". Una vez dentro del código, no es necesario añadir prefijos a las construcciones, como "using" con "@".

   en System.Web.WebPages.Razor.RazorBuildProvider.EnsureGeneratedCode()
   en System.Web.WebPages.Razor.RazorBuildProvider.get_CodeCompilerType()
   en System.Web.Compilation.BuildProvider.GetCompilerTypeFromBuildProvider(BuildProvider buildProvider)
   en System.Web.Compilation.BuildProvidersCompiler.ProcessBuildProviders()
   en System.Web.Compilation.BuildProvidersCompiler.PerformBuild()
   en System.Web.Compilation.BuildManager.CompileWebFile(VirtualPath virtualPath)
   en System.Web.Compilation.BuildManager.GetVPathBuildResultInternal(VirtualPath virtualPath, Boolean noBuild, Boolean allowCrossApp, Boolean allowBuildInPrecompile, Boolean throwIfNotFound, Boolean ensureIsUpToDate)
   en System.Web.Compilation.BuildManager.GetVPathBuildResultWithNoAssert(HttpContext context, VirtualPath virtualPath, Boolean noBuild, Boolean allowCrossApp, Boolean allowBuildInPrecompile, Boolean throwIfNotFound, Boolean ensureIsUpToDate)
   en System.Web.Compilation.BuildManager.GetVirtualPathObjectFactory(VirtualPath virtualPath, HttpContext context, Boolean allowCrossApp, Boolean throwIfNotFound)
   en System.Web.Compilation.BuildManager.GetCompiledType(VirtualPath virtualPath)
   en System.Web.Mvc.BuildManagerCompiledView.Render(ViewContext viewContext, TextWriter writer)
   en System.Web.Mvc.ViewResultBase.ExecuteResult(ControllerContext context)
   en System.Web.Mvc.ControllerActionInvoker.InvokeActionResultFilterRecursive(IList`1 filters, Int32 filterIndex, ResultExecutingContext preContext, ControllerContext controllerContext, ActionResult actionResult)
   en System.Web.Mvc.ControllerActionInvoker.InvokeActionResultFilterRecursive(IList`1 filters, Int32 filterIndex, ResultExecutingContext preContext, ControllerContext controllerContext, ActionResult actionResult)
   en System.Web.Mvc.ControllerActionInvoker.InvokeActionResultFilterRecursive(IList`1 filters, Int32 filterIndex, ResultExecutingContext preContext, ControllerContext controllerContext, ActionResult actionResult)
   en System.Web.Mvc.ControllerActionInvoker.InvokeActionResultFilterRecursive(IList`1 filters, Int32 filterIndex, ResultExecutingContext preContext, ControllerContext controllerContext, ActionResult actionResult)
   en System.Web.Mvc.ControllerActionInvoker.InvokeActionResultWithFilters(ControllerContext controllerContext, IList`1 filters, ActionResult actionResult)
   en System.Web.Mvc.Async.AsyncControllerActionInvoker.<>c__DisplayClass3_1.<BeginInvokeAction>b__1(IAsyncResult asyncResult)

2026-02-18 11:51:37.193 | Financiero/DetalleOrden
System.Web.HttpParseException (0x80004005): Palabra clave "if" inesperada después del carácter "@". Una vez dentro del código, no es necesario añadir prefijos a las construcciones, como "if" con "@".

   en System.Web.WebPages.Razor.RazorBuildProvider.EnsureGeneratedCode()
   en System.Web.WebPages.Razor.RazorBuildProvider.get_CodeCompilerType()
   en System.Web.Compilation.BuildProvider.GetCompilerTypeFromBuildProvider(BuildProvider buildProvider)
   en System.Web.Compilation.BuildProvidersCompiler.ProcessBuildProviders()
   en System.Web.Compilation.BuildProvidersCompiler.PerformBuild()
   en System.Web.Compilation.BuildManager.CompileWebFile(VirtualPath virtualPath)
   en System.Web.Compilation.BuildManager.GetVPathBuildResultInternal(VirtualPath virtualPath, Boolean noBuild, Boolean allowCrossApp, Boolean allowBuildInPrecompile, Boolean throwIfNotFound, Boolean ensureIsUpToDate)
   en System.Web.Compilation.BuildManager.GetVPathBuildResultWithNoAssert(HttpContext context, VirtualPath virtualPath, Boolean noBuild, Boolean allowCrossApp, Boolean allowBuildInPrecompile, Boolean throwIfNotFound, Boolean ensureIsUpToDate)
   en System.Web.Compilation.BuildManager.GetVirtualPathObjectFactory(VirtualPath virtualPath, HttpContext context, Boolean allowCrossApp, Boolean throwIfNotFound)
   en System.Web.Compilation.BuildManager.GetCompiledType(VirtualPath virtualPath)
   en System.Web.Mvc.BuildManagerCompiledView.Render(ViewContext viewContext, TextWriter writer)
   en System.Web.Mvc.ViewResultBase.ExecuteResult(ControllerContext context)
   en System.Web.Mvc.ControllerActionInvoker.InvokeActionResultFilterRecursive(IList`1 filters, Int32 filterIndex, ResultExecutingContext preContext, ControllerContext controllerContext, ActionResult actionResult)
   en System.Web.Mvc.ControllerActionInvoker.InvokeActionResultFilterRecursive(IList`1 filters, Int32 filterIndex, ResultExecutingContext preContext, ControllerContext controllerContext, ActionResult actionResult)
   en System.Web.Mvc.ControllerActionInvoker.InvokeActionResultFilterRecursive(IList`1 filters, Int32 filterIndex, ResultExecutingContext preContext, ControllerContext controllerContext, ActionResult actionResult)
   en System.Web.Mvc.ControllerActionInvoker.InvokeActionResultFilterRecursive(IList`1 filters, Int32 filterIndex, ResultExecutingContext preContext, ControllerContext controllerContext, ActionResult actionResult)
   en System.Web.Mvc.ControllerActionInvoker.InvokeActionResultWithFilters(ControllerContext controllerContext, IList`1 filters, ActionResult actionResult)
   en System.Web.Mvc.Async.AsyncControllerActionInvoker.<>c__DisplayClass3_1.<BeginInvokeAction>b__1(IAsyncResult asyncResult)

2026-02-18 11:52:08.302 | Financiero/DetalleOrden
System.Web.HttpParseException (0x80004005): Palabra clave "if" inesperada después del carácter "@". Una vez dentro del código, no es necesario añadir prefijos a las construcciones, como "if" con "@".

   en System.Web.WebPages.Razor.RazorBuildProvider.EnsureGeneratedCode()
   en System.Web.WebPages.Razor.RazorBuildProvider.get_CodeCompilerType()
   en System.Web.Compilation.BuildProvider.GetCompilerTypeFromBuildProvider(BuildProvider buildProvider)
   en System.Web.Compilation.BuildProvidersCompiler.ProcessBuildProviders()
   en System.Web.Compilation.BuildProvidersCompiler.PerformBuild()
   en System.Web.Compilation.BuildManager.CompileWebFile(VirtualPath virtualPath)
   en System.Web.Compilation.BuildManager.GetVPathBuildResultInternal(VirtualPath virtualPath, Boolean noBuild, Boolean allowCrossApp, Boolean allowBuildInPrecompile, Boolean throwIfNotFound, Boolean ensureIsUpToDate)
   en System.Web.Compilation.BuildManager.GetVPathBuildResultWithNoAssert(HttpContext context, VirtualPath virtualPath, Boolean noBuild, Boolean allowCrossApp, Boolean allowBuildInPrecompile, Boolean throwIfNotFound, Boolean ensureIsUpToDate)
   en System.Web.Compilation.BuildManager.GetVirtualPathObjectFactory(VirtualPath virtualPath, HttpContext context, Boolean allowCrossApp, Boolean throwIfNotFound)
   en System.Web.Compilation.BuildManager.GetCompiledType(VirtualPath virtualPath)
   en System.Web.Mvc.BuildManagerCompiledView.Render(ViewContext viewContext, TextWriter writer)
   en System.Web.Mvc.ViewResultBase.ExecuteResult(ControllerContext context)
   en System.Web.Mvc.ControllerActionInvoker.InvokeActionResultFilterRecursive(IList`1 filters, Int32 filterIndex, ResultExecutingContext preContext, ControllerContext controllerContext, ActionResult actionResult)
   en System.Web.Mvc.ControllerActionInvoker.InvokeActionResultFilterRecursive(IList`1 filters, Int32 filterIndex, ResultExecutingContext preContext, ControllerContext controllerContext, ActionResult actionResult)
   en System.Web.Mvc.ControllerActionInvoker.InvokeActionResultFilterRecursive(IList`1 filters, Int32 filterIndex, ResultExecutingContext preContext, ControllerContext controllerContext, ActionResult actionResult)
   en System.Web.Mvc.ControllerActionInvoker.InvokeActionResultFilterRecursive(IList`1 filters, Int32 filterIndex, ResultExecutingContext preContext, ControllerContext controllerContext, ActionResult actionResult)
   en System.Web.Mvc.ControllerActionInvoker.InvokeActionResultWithFilters(ControllerContext controllerContext, IList`1 filters, ActionResult actionResult)
   en System.Web.Mvc.Async.AsyncControllerActionInvoker.<>c__DisplayClass3_1.<BeginInvokeAction>b__1(IAsyncResult asyncResult)

2026-02-18 11:54:02.652 | Financiero/DetalleOrden
System.Web.HttpParseException (0x80004005): Palabra clave "if" inesperada después del carácter "@". Una vez dentro del código, no es necesario añadir prefijos a las construcciones, como "if" con "@".

   en System.Web.WebPages.Razor.RazorBuildProvider.EnsureGeneratedCode()
   en System.Web.WebPages.Razor.RazorBuildProvider.get_CodeCompilerType()
   en System.Web.Compilation.BuildProvider.GetCompilerTypeFromBuildProvider(BuildProvider buildProvider)
   en System.Web.Compilation.BuildProvidersCompiler.ProcessBuildProviders()
   en System.Web.Compilation.BuildProvidersCompiler.PerformBuild()
   en System.Web.Compilation.BuildManager.CompileWebFile(VirtualPath virtualPath)
   en System.Web.Compilation.BuildManager.GetVPathBuildResultInternal(VirtualPath virtualPath, Boolean noBuild, Boolean allowCrossApp, Boolean allowBuildInPrecompile, Boolean throwIfNotFound, Boolean ensureIsUpToDate)
   en System.Web.Compilation.BuildManager.GetVPathBuildResultWithNoAssert(HttpContext context, VirtualPath virtualPath, Boolean noBuild, Boolean allowCrossApp, Boolean allowBuildInPrecompile, Boolean throwIfNotFound, Boolean ensureIsUpToDate)
   en System.Web.Compilation.BuildManager.GetVirtualPathObjectFactory(VirtualPath virtualPath, HttpContext context, Boolean allowCrossApp, Boolean throwIfNotFound)
   en System.Web.Compilation.BuildManager.GetCompiledType(VirtualPath virtualPath)
   en System.Web.Mvc.BuildManagerCompiledView.Render(ViewContext viewContext, TextWriter writer)
   en System.Web.Mvc.ViewResultBase.ExecuteResult(ControllerContext context)
   en System.Web.Mvc.ControllerActionInvoker.InvokeActionResultFilterRecursive(IList`1 filters, Int32 filterIndex, ResultExecutingContext preContext, ControllerContext controllerContext, ActionResult actionResult)
   en System.Web.Mvc.ControllerActionInvoker.InvokeActionResultFilterRecursive(IList`1 filters, Int32 filterIndex, ResultExecutingContext preContext, ControllerContext controllerContext, ActionResult actionResult)
   en System.Web.Mvc.ControllerActionInvoker.InvokeActionResultFilterRecursive(IList`1 filters, Int32 filterIndex, ResultExecutingContext preContext, ControllerContext controllerContext, ActionResult actionResult)
   en System.Web.Mvc.ControllerActionInvoker.InvokeActionResultFilterRecursive(IList`1 filters, Int32 filterIndex, ResultExecutingContext preContext, ControllerContext controllerContext, ActionResult actionResult)
   en System.Web.Mvc.ControllerActionInvoker.InvokeActionResultWithFilters(ControllerContext controllerContext, IList`1 filters, ActionResult actionResult)
   en System.Web.Mvc.Async.AsyncControllerActionInvoker.<>c__DisplayClass3_1.<BeginInvokeAction>b__1(IAsyncResult asyncResult)

2026-02-18 11:58:41.352 | Financiero/DetalleOrden
System.Web.HttpParseException (0x80004005): Palabra clave "if" inesperada después del carácter "@". Una vez dentro del código, no es necesario añadir prefijos a las construcciones, como "if" con "@".

   en System.Web.WebPages.Razor.RazorBuildProvider.EnsureGeneratedCode()
   en System.Web.WebPages.Razor.RazorBuildProvider.get_CodeCompilerType()
   en System.Web.Compilation.BuildProvider.GetCompilerTypeFromBuildProvider(BuildProvider buildProvider)
   en System.Web.Compilation.BuildProvidersCompiler.ProcessBuildProviders()
   en System.Web.Compilation.BuildProvidersCompiler.PerformBuild()
   en System.Web.Compilation.BuildManager.CompileWebFile(VirtualPath virtualPath)
   en System.Web.Compilation.BuildManager.GetVPathBuildResultInternal(VirtualPath virtualPath, Boolean noBuild, Boolean allowCrossApp, Boolean allowBuildInPrecompile, Boolean throwIfNotFound, Boolean ensureIsUpToDate)
   en System.Web.Compilation.BuildManager.GetVPathBuildResultWithNoAssert(HttpContext context, VirtualPath virtualPath, Boolean noBuild, Boolean allowCrossApp, Boolean allowBuildInPrecompile, Boolean throwIfNotFound, Boolean ensureIsUpToDate)
   en System.Web.Compilation.BuildManager.GetVirtualPathObjectFactory(VirtualPath virtualPath, HttpContext context, Boolean allowCrossApp, Boolean throwIfNotFound)
   en System.Web.Compilation.BuildManager.GetCompiledType(VirtualPath virtualPath)
   en System.Web.Mvc.BuildManagerCompiledView.Render(ViewContext viewContext, TextWriter writer)
   en System.Web.Mvc.ViewResultBase.ExecuteResult(ControllerContext context)
   en System.Web.Mvc.ControllerActionInvoker.InvokeActionResultFilterRecursive(IList`1 filters, Int32 filterIndex, ResultExecutingContext preContext, ControllerContext controllerContext, ActionResult actionResult)
   en System.Web.Mvc.ControllerActionInvoker.InvokeActionResultFilterRecursive(IList`1 filters, Int32 filterIndex, ResultExecutingContext preContext, ControllerContext controllerContext, ActionResult actionResult)
   en System.Web.Mvc.ControllerActionInvoker.InvokeActionResultFilterRecursive(IList`1 filters, Int32 filterIndex, ResultExecutingContext preContext, ControllerContext controllerContext, ActionResult actionResult)
   en System.Web.Mvc.ControllerActionInvoker.InvokeActionResultFilterRecursive(IList`1 filters, Int32 filterIndex, ResultExecutingContext preContext, ControllerContext controllerContext, ActionResult actionResult)
   en System.Web.Mvc.ControllerActionInvoker.InvokeActionResultWithFilters(ControllerContext controllerContext, IList`1 filters, ActionResult actionResult)
   en System.Web.Mvc.Async.AsyncControllerActionInvoker.<>c__DisplayClass3_1.<BeginInvokeAction>b__1(IAsyncResult asyncResult)

2026-02-18 12:05:58.635 | Financiero/DetalleOrden
System.Web.HttpParseException (0x80004005): Palabra clave "else" inesperada después del carácter "@". Una vez dentro del código, no es necesario añadir prefijos a las construcciones, como "else" con "@".

   en System.Web.WebPages.Razor.RazorBuildProvider.EnsureGeneratedCode()
   en System.Web.WebPages.Razor.RazorBuildProvider.get_CodeCompilerType()
   en System.Web.Compilation.BuildProvider.GetCompilerTypeFromBuildProvider(BuildProvider buildProvider)
   en System.Web.Compilation.BuildProvidersCompiler.ProcessBuildProviders()
   en System.Web.Compilation.BuildProvidersCompiler.PerformBuild()
   en System.Web.Compilation.BuildManager.CompileWebFile(VirtualPath virtualPath)
   en System.Web.Compilation.BuildManager.GetVPathBuildResultInternal(VirtualPath virtualPath, Boolean noBuild, Boolean allowCrossApp, Boolean allowBuildInPrecompile, Boolean throwIfNotFound, Boolean ensureIsUpToDate)
   en System.Web.Compilation.BuildManager.GetVPathBuildResultWithNoAssert(HttpContext context, VirtualPath virtualPath, Boolean noBuild, Boolean allowCrossApp, Boolean allowBuildInPrecompile, Boolean throwIfNotFound, Boolean ensureIsUpToDate)
   en System.Web.Compilation.BuildManager.GetVirtualPathObjectFactory(VirtualPath virtualPath, HttpContext context, Boolean allowCrossApp, Boolean throwIfNotFound)
   en System.Web.Compilation.BuildManager.GetCompiledType(VirtualPath virtualPath)
   en System.Web.Mvc.BuildManagerCompiledView.Render(ViewContext viewContext, TextWriter writer)
   en System.Web.Mvc.ViewResultBase.ExecuteResult(ControllerContext context)
   en System.Web.Mvc.ControllerActionInvoker.InvokeActionResultFilterRecursive(IList`1 filters, Int32 filterIndex, ResultExecutingContext preContext, ControllerContext controllerContext, ActionResult actionResult)
   en System.Web.Mvc.ControllerActionInvoker.InvokeActionResultFilterRecursive(IList`1 filters, Int32 filterIndex, ResultExecutingContext preContext, ControllerContext controllerContext, ActionResult actionResult)
   en System.Web.Mvc.ControllerActionInvoker.InvokeActionResultFilterRecursive(IList`1 filters, Int32 filterIndex, ResultExecutingContext preContext, ControllerContext controllerContext, ActionResult actionResult)
   en System.Web.Mvc.ControllerActionInvoker.InvokeActionResultFilterRecursive(IList`1 filters, Int32 filterIndex, ResultExecutingContext preContext, ControllerContext controllerContext, ActionResult actionResult)
   en System.Web.Mvc.ControllerActionInvoker.InvokeActionResultWithFilters(ControllerContext controllerContext, IList`1 filters, ActionResult actionResult)
   en System.Web.Mvc.Async.AsyncControllerActionInvoker.<>c__DisplayClass3_1.<BeginInvokeAction>b__1(IAsyncResult asyncResult)

2026-02-18 12:22:34.988 | Financiero/DetalleOrden
System.Web.HttpParseException (0x80004005): Palabra clave "if" inesperada después del carácter "@". Una vez dentro del código, no es necesario añadir prefijos a las construcciones, como "if" con "@".

   en System.Web.WebPages.Razor.RazorBuildProvider.EnsureGeneratedCode()
   en System.Web.WebPages.Razor.RazorBuildProvider.get_CodeCompilerType()
   en System.Web.Compilation.BuildProvider.GetCompilerTypeFromBuildProvider(BuildProvider buildProvider)
   en System.Web.Compilation.BuildProvidersCompiler.ProcessBuildProviders()
   en System.Web.Compilation.BuildProvidersCompiler.PerformBuild()
   en System.Web.Compilation.BuildManager.CompileWebFile(VirtualPath virtualPath)
   en System.Web.Compilation.BuildManager.GetVPathBuildResultInternal(VirtualPath virtualPath, Boolean noBuild, Boolean allowCrossApp, Boolean allowBuildInPrecompile, Boolean throwIfNotFound, Boolean ensureIsUpToDate)
   en System.Web.Compilation.BuildManager.GetVPathBuildResultWithNoAssert(HttpContext context, VirtualPath virtualPath, Boolean noBuild, Boolean allowCrossApp, Boolean allowBuildInPrecompile, Boolean throwIfNotFound, Boolean ensureIsUpToDate)
   en System.Web.Compilation.BuildManager.GetVirtualPathObjectFactory(VirtualPath virtualPath, HttpContext context, Boolean allowCrossApp, Boolean throwIfNotFound)
   en System.Web.Compilation.BuildManager.GetCompiledType(VirtualPath virtualPath)
   en System.Web.Mvc.BuildManagerCompiledView.Render(ViewContext viewContext, TextWriter writer)
   en System.Web.Mvc.ViewResultBase.ExecuteResult(ControllerContext context)
   en System.Web.Mvc.ControllerActionInvoker.InvokeActionResultFilterRecursive(IList`1 filters, Int32 filterIndex, ResultExecutingContext preContext, ControllerContext controllerContext, ActionResult actionResult)
   en System.Web.Mvc.ControllerActionInvoker.InvokeActionResultFilterRecursive(IList`1 filters, Int32 filterIndex, ResultExecutingContext preContext, ControllerContext controllerContext, ActionResult actionResult)
   en System.Web.Mvc.ControllerActionInvoker.InvokeActionResultFilterRecursive(IList`1 filters, Int32 filterIndex, ResultExecutingContext preContext, ControllerContext controllerContext, ActionResult actionResult)
   en System.Web.Mvc.ControllerActionInvoker.InvokeActionResultFilterRecursive(IList`1 filters, Int32 filterIndex, ResultExecutingContext preContext, ControllerContext controllerContext, ActionResult actionResult)
   en System.Web.Mvc.ControllerActionInvoker.InvokeActionResultWithFilters(ControllerContext controllerContext, IList`1 filters, ActionResult actionResult)
   en System.Web.Mvc.Async.AsyncControllerActionInvoker.<>c__DisplayClass3_1.<BeginInvokeAction>b__1(IAsyncResult asyncResult)

2026-02-18 12:26:14.031 | Financiero/DetalleOrden
System.Web.HttpParseException (0x80004005): Palabra clave "if" inesperada después del carácter "@". Una vez dentro del código, no es necesario añadir prefijos a las construcciones, como "if" con "@".

   en System.Web.WebPages.Razor.RazorBuildProvider.EnsureGeneratedCode()
   en System.Web.WebPages.Razor.RazorBuildProvider.get_CodeCompilerType()
   en System.Web.Compilation.BuildProvider.GetCompilerTypeFromBuildProvider(BuildProvider buildProvider)
   en System.Web.Compilation.BuildProvidersCompiler.ProcessBuildProviders()
   en System.Web.Compilation.BuildProvidersCompiler.PerformBuild()
   en System.Web.Compilation.BuildManager.CompileWebFile(VirtualPath virtualPath)
   en System.Web.Compilation.BuildManager.GetVPathBuildResultInternal(VirtualPath virtualPath, Boolean noBuild, Boolean allowCrossApp, Boolean allowBuildInPrecompile, Boolean throwIfNotFound, Boolean ensureIsUpToDate)
   en System.Web.Compilation.BuildManager.GetVPathBuildResultWithNoAssert(HttpContext context, VirtualPath virtualPath, Boolean noBuild, Boolean allowCrossApp, Boolean allowBuildInPrecompile, Boolean throwIfNotFound, Boolean ensureIsUpToDate)
   en System.Web.Compilation.BuildManager.GetVirtualPathObjectFactory(VirtualPath virtualPath, HttpContext context, Boolean allowCrossApp, Boolean throwIfNotFound)
   en System.Web.Compilation.BuildManager.GetCompiledType(VirtualPath virtualPath)
   en System.Web.Mvc.BuildManagerCompiledView.Render(ViewContext viewContext, TextWriter writer)
   en System.Web.Mvc.ViewResultBase.ExecuteResult(ControllerContext context)
   en System.Web.Mvc.ControllerActionInvoker.InvokeActionResultFilterRecursive(IList`1 filters, Int32 filterIndex, ResultExecutingContext preContext, ControllerContext controllerContext, ActionResult actionResult)
   en System.Web.Mvc.ControllerActionInvoker.InvokeActionResultFilterRecursive(IList`1 filters, Int32 filterIndex, ResultExecutingContext preContext, ControllerContext controllerContext, ActionResult actionResult)
   en System.Web.Mvc.ControllerActionInvoker.InvokeActionResultFilterRecursive(IList`1 filters, Int32 filterIndex, ResultExecutingContext preContext, ControllerContext controllerContext, ActionResult actionResult)
   en System.Web.Mvc.ControllerActionInvoker.InvokeActionResultFilterRecursive(IList`1 filters, Int32 filterIndex, ResultExecutingContext preContext, ControllerContext controllerContext, ActionResult actionResult)
   en System.Web.Mvc.ControllerActionInvoker.InvokeActionResultWithFilters(ControllerContext controllerContext, IList`1 filters, ActionResult actionResult)
   en System.Web.Mvc.Async.AsyncControllerActionInvoker.<>c__DisplayClass3_1.<BeginInvokeAction>b__1(IAsyncResult asyncResult)

2026-02-18 12:26:26.043 | Financiero/DetalleOrden
System.Web.HttpParseException (0x80004005): Palabra clave "if" inesperada después del carácter "@". Una vez dentro del código, no es necesario añadir prefijos a las construcciones, como "if" con "@".

   en System.Web.WebPages.Razor.RazorBuildProvider.EnsureGeneratedCode()
   en System.Web.WebPages.Razor.RazorBuildProvider.get_CodeCompilerType()
   en System.Web.Compilation.BuildProvider.GetCompilerTypeFromBuildProvider(BuildProvider buildProvider)
   en System.Web.Compilation.BuildProvidersCompiler.ProcessBuildProviders()
   en System.Web.Compilation.BuildProvidersCompiler.PerformBuild()
   en System.Web.Compilation.BuildManager.CompileWebFile(VirtualPath virtualPath)
   en System.Web.Compilation.BuildManager.GetVPathBuildResultInternal(VirtualPath virtualPath, Boolean noBuild, Boolean allowCrossApp, Boolean allowBuildInPrecompile, Boolean throwIfNotFound, Boolean ensureIsUpToDate)
   en System.Web.Compilation.BuildManager.GetVPathBuildResultWithNoAssert(HttpContext context, VirtualPath virtualPath, Boolean noBuild, Boolean allowCrossApp, Boolean allowBuildInPrecompile, Boolean throwIfNotFound, Boolean ensureIsUpToDate)
   en System.Web.Compilation.BuildManager.GetVirtualPathObjectFactory(VirtualPath virtualPath, HttpContext context, Boolean allowCrossApp, Boolean throwIfNotFound)
   en System.Web.Compilation.BuildManager.GetCompiledType(VirtualPath virtualPath)
   en System.Web.Mvc.BuildManagerCompiledView.Render(ViewContext viewContext, TextWriter writer)
   en System.Web.Mvc.ViewResultBase.ExecuteResult(ControllerContext context)
   en System.Web.Mvc.ControllerActionInvoker.InvokeActionResultFilterRecursive(IList`1 filters, Int32 filterIndex, ResultExecutingContext preContext, ControllerContext controllerContext, ActionResult actionResult)
   en System.Web.Mvc.ControllerActionInvoker.InvokeActionResultFilterRecursive(IList`1 filters, Int32 filterIndex, ResultExecutingContext preContext, ControllerContext controllerContext, ActionResult actionResult)
   en System.Web.Mvc.ControllerActionInvoker.InvokeActionResultFilterRecursive(IList`1 filters, Int32 filterIndex, ResultExecutingContext preContext, ControllerContext controllerContext, ActionResult actionResult)
   en System.Web.Mvc.ControllerActionInvoker.InvokeActionResultFilterRecursive(IList`1 filters, Int32 filterIndex, ResultExecutingContext preContext, ControllerContext controllerContext, ActionResult actionResult)
   en System.Web.Mvc.ControllerActionInvoker.InvokeActionResultWithFilters(ControllerContext controllerContext, IList`1 filters, ActionResult actionResult)
   en System.Web.Mvc.Async.AsyncControllerActionInvoker.<>c__DisplayClass3_1.<BeginInvokeAction>b__1(IAsyncResult asyncResult)

2026-02-18 13:57:22.327 | Financiero/DetalleOrden
System.Web.HttpParseException (0x80004005): Palabra clave "if" inesperada después del carácter "@". Una vez dentro del código, no es necesario añadir prefijos a las construcciones, como "if" con "@".

   en System.Web.WebPages.Razor.RazorBuildProvider.EnsureGeneratedCode()
   en System.Web.WebPages.Razor.RazorBuildProvider.get_CodeCompilerType()
   en System.Web.Compilation.BuildProvider.GetCompilerTypeFromBuildProvider(BuildProvider buildProvider)
   en System.Web.Compilation.BuildProvidersCompiler.ProcessBuildProviders()
   en System.Web.Compilation.BuildProvidersCompiler.PerformBuild()
   en System.Web.Compilation.BuildManager.CompileWebFile(VirtualPath virtualPath)
   en System.Web.Compilation.BuildManager.GetVPathBuildResultInternal(VirtualPath virtualPath, Boolean noBuild, Boolean allowCrossApp, Boolean allowBuildInPrecompile, Boolean throwIfNotFound, Boolean ensureIsUpToDate)
   en System.Web.Compilation.BuildManager.GetVPathBuildResultWithNoAssert(HttpContext context, VirtualPath virtualPath, Boolean noBuild, Boolean allowCrossApp, Boolean allowBuildInPrecompile, Boolean throwIfNotFound, Boolean ensureIsUpToDate)
   en System.Web.Compilation.BuildManager.GetVirtualPathObjectFactory(VirtualPath virtualPath, HttpContext context, Boolean allowCrossApp, Boolean throwIfNotFound)
   en System.Web.Compilation.BuildManager.GetCompiledType(VirtualPath virtualPath)
   en System.Web.Mvc.BuildManagerCompiledView.Render(ViewContext viewContext, TextWriter writer)
   en System.Web.Mvc.ViewResultBase.ExecuteResult(ControllerContext context)
   en System.Web.Mvc.ControllerActionInvoker.InvokeActionResultFilterRecursive(IList`1 filters, Int32 filterIndex, ResultExecutingContext preContext, ControllerContext controllerContext, ActionResult actionResult)
   en System.Web.Mvc.ControllerActionInvoker.InvokeActionResultFilterRecursive(IList`1 filters, Int32 filterIndex, ResultExecutingContext preContext, ControllerContext controllerContext, ActionResult actionResult)
   en System.Web.Mvc.ControllerActionInvoker.InvokeActionResultFilterRecursive(IList`1 filters, Int32 filterIndex, ResultExecutingContext preContext, ControllerContext controllerContext, ActionResult actionResult)
   en System.Web.Mvc.ControllerActionInvoker.InvokeActionResultFilterRecursive(IList`1 filters, Int32 filterIndex, ResultExecutingContext preContext, ControllerContext controllerContext, ActionResult actionResult)
   en System.Web.Mvc.ControllerActionInvoker.InvokeActionResultWithFilters(ControllerContext controllerContext, IList`1 filters, ActionResult actionResult)
   en System.Web.Mvc.Async.AsyncControllerActionInvoker.<>c__DisplayClass3_1.<BeginInvokeAction>b__1(IAsyncResult asyncResult)

2026-02-18 14:03:53.143 | Financiero/DetalleOrden
System.Web.HttpParseException (0x80004005): Palabra clave "if" inesperada después del carácter "@". Una vez dentro del código, no es necesario añadir prefijos a las construcciones, como "if" con "@".

   en System.Web.WebPages.Razor.RazorBuildProvider.EnsureGeneratedCode()
   en System.Web.WebPages.Razor.RazorBuildProvider.get_CodeCompilerType()
   en System.Web.Compilation.BuildProvider.GetCompilerTypeFromBuildProvider(BuildProvider buildProvider)
   en System.Web.Compilation.BuildProvidersCompiler.ProcessBuildProviders()
   en System.Web.Compilation.BuildProvidersCompiler.PerformBuild()
   en System.Web.Compilation.BuildManager.CompileWebFile(VirtualPath virtualPath)
   en System.Web.Compilation.BuildManager.GetVPathBuildResultInternal(VirtualPath virtualPath, Boolean noBuild, Boolean allowCrossApp, Boolean allowBuildInPrecompile, Boolean throwIfNotFound, Boolean ensureIsUpToDate)
   en System.Web.Compilation.BuildManager.GetVPathBuildResultWithNoAssert(HttpContext context, VirtualPath virtualPath, Boolean noBuild, Boolean allowCrossApp, Boolean allowBuildInPrecompile, Boolean throwIfNotFound, Boolean ensureIsUpToDate)
   en System.Web.Compilation.BuildManager.GetVirtualPathObjectFactory(VirtualPath virtualPath, HttpContext context, Boolean allowCrossApp, Boolean throwIfNotFound)
   en System.Web.Compilation.BuildManager.GetCompiledType(VirtualPath virtualPath)
   en System.Web.Mvc.BuildManagerCompiledView.Render(ViewContext viewContext, TextWriter writer)
   en System.Web.Mvc.ViewResultBase.ExecuteResult(ControllerContext context)
   en System.Web.Mvc.ControllerActionInvoker.InvokeActionResultFilterRecursive(IList`1 filters, Int32 filterIndex, ResultExecutingContext preContext, ControllerContext controllerContext, ActionResult actionResult)
   en System.Web.Mvc.ControllerActionInvoker.InvokeActionResultFilterRecursive(IList`1 filters, Int32 filterIndex, ResultExecutingContext preContext, ControllerContext controllerContext, ActionResult actionResult)
   en System.Web.Mvc.ControllerActionInvoker.InvokeActionResultFilterRecursive(IList`1 filters, Int32 filterIndex, ResultExecutingContext preContext, ControllerContext controllerContext, ActionResult actionResult)
   en System.Web.Mvc.ControllerActionInvoker.InvokeActionResultFilterRecursive(IList`1 filters, Int32 filterIndex, ResultExecutingContext preContext, ControllerContext controllerContext, ActionResult actionResult)
   en System.Web.Mvc.ControllerActionInvoker.InvokeActionResultWithFilters(ControllerContext controllerContext, IList`1 filters, ActionResult actionResult)
   en System.Web.Mvc.Async.AsyncControllerActionInvoker.<>c__DisplayClass3_1.<BeginInvokeAction>b__1(IAsyncResult asyncResult)

2026-02-18 14:04:29.622 | Financiero/DetalleOrden
System.Web.HttpParseException (0x80004005): Palabra clave "if" inesperada después del carácter "@". Una vez dentro del código, no es necesario añadir prefijos a las construcciones, como "if" con "@".

   en System.Web.WebPages.Razor.RazorBuildProvider.EnsureGeneratedCode()
   en System.Web.WebPages.Razor.RazorBuildProvider.get_CodeCompilerType()
   en System.Web.Compilation.BuildProvider.GetCompilerTypeFromBuildProvider(BuildProvider buildProvider)
   en System.Web.Compilation.BuildProvidersCompiler.ProcessBuildProviders()
   en System.Web.Compilation.BuildProvidersCompiler.PerformBuild()
   en System.Web.Compilation.BuildManager.CompileWebFile(VirtualPath virtualPath)
   en System.Web.Compilation.BuildManager.GetVPathBuildResultInternal(VirtualPath virtualPath, Boolean noBuild, Boolean allowCrossApp, Boolean allowBuildInPrecompile, Boolean throwIfNotFound, Boolean ensureIsUpToDate)
   en System.Web.Compilation.BuildManager.GetVPathBuildResultWithNoAssert(HttpContext context, VirtualPath virtualPath, Boolean noBuild, Boolean allowCrossApp, Boolean allowBuildInPrecompile, Boolean throwIfNotFound, Boolean ensureIsUpToDate)
   en System.Web.Compilation.BuildManager.GetVirtualPathObjectFactory(VirtualPath virtualPath, HttpContext context, Boolean allowCrossApp, Boolean throwIfNotFound)
   en System.Web.Compilation.BuildManager.GetCompiledType(VirtualPath virtualPath)
   en System.Web.Mvc.BuildManagerCompiledView.Render(ViewContext viewContext, TextWriter writer)
   en System.Web.Mvc.ViewResultBase.ExecuteResult(ControllerContext context)
   en System.Web.Mvc.ControllerActionInvoker.InvokeActionResultFilterRecursive(IList`1 filters, Int32 filterIndex, ResultExecutingContext preContext, ControllerContext controllerContext, ActionResult actionResult)
   en System.Web.Mvc.ControllerActionInvoker.InvokeActionResultFilterRecursive(IList`1 filters, Int32 filterIndex, ResultExecutingContext preContext, ControllerContext controllerContext, ActionResult actionResult)
   en System.Web.Mvc.ControllerActionInvoker.InvokeActionResultFilterRecursive(IList`1 filters, Int32 filterIndex, ResultExecutingContext preContext, ControllerContext controllerContext, ActionResult actionResult)
   en System.Web.Mvc.ControllerActionInvoker.InvokeActionResultFilterRecursive(IList`1 filters, Int32 filterIndex, ResultExecutingContext preContext, ControllerContext controllerContext, ActionResult actionResult)
   en System.Web.Mvc.ControllerActionInvoker.InvokeActionResultWithFilters(ControllerContext controllerContext, IList`1 filters, ActionResult actionResult)
   en System.Web.Mvc.Async.AsyncControllerActionInvoker.<>c__DisplayClass3_1.<BeginInvokeAction>b__1(IAsyncResult asyncResult)

2026-02-18 14:30:47.368 | Financiero/DetalleOrden
System.Web.HttpParseException (0x80004005): Palabra clave "if" inesperada después del carácter "@". Una vez dentro del código, no es necesario añadir prefijos a las construcciones, como "if" con "@".

   en System.Web.WebPages.Razor.RazorBuildProvider.EnsureGeneratedCode()
   en System.Web.WebPages.Razor.RazorBuildProvider.get_CodeCompilerType()
   en System.Web.Compilation.BuildProvider.GetCompilerTypeFromBuildProvider(BuildProvider buildProvider)
   en System.Web.Compilation.BuildProvidersCompiler.ProcessBuildProviders()
   en System.Web.Compilation.BuildProvidersCompiler.PerformBuild()
   en System.Web.Compilation.BuildManager.CompileWebFile(VirtualPath virtualPath)
   en System.Web.Compilation.BuildManager.GetVPathBuildResultInternal(VirtualPath virtualPath, Boolean noBuild, Boolean allowCrossApp, Boolean allowBuildInPrecompile, Boolean throwIfNotFound, Boolean ensureIsUpToDate)
   en System.Web.Compilation.BuildManager.GetVPathBuildResultWithNoAssert(HttpContext context, VirtualPath virtualPath, Boolean noBuild, Boolean allowCrossApp, Boolean allowBuildInPrecompile, Boolean throwIfNotFound, Boolean ensureIsUpToDate)
   en System.Web.Compilation.BuildManager.GetVirtualPathObjectFactory(VirtualPath virtualPath, HttpContext context, Boolean allowCrossApp, Boolean throwIfNotFound)
   en System.Web.Compilation.BuildManager.GetCompiledType(VirtualPath virtualPath)
   en System.Web.Mvc.BuildManagerCompiledView.Render(ViewContext viewContext, TextWriter writer)
   en System.Web.Mvc.ViewResultBase.ExecuteResult(ControllerContext context)
   en System.Web.Mvc.ControllerActionInvoker.InvokeActionResultFilterRecursive(IList`1 filters, Int32 filterIndex, ResultExecutingContext preContext, ControllerContext controllerContext, ActionResult actionResult)
   en System.Web.Mvc.ControllerActionInvoker.InvokeActionResultFilterRecursive(IList`1 filters, Int32 filterIndex, ResultExecutingContext preContext, ControllerContext controllerContext, ActionResult actionResult)
   en System.Web.Mvc.ControllerActionInvoker.InvokeActionResultFilterRecursive(IList`1 filters, Int32 filterIndex, ResultExecutingContext preContext, ControllerContext controllerContext, ActionResult actionResult)
   en System.Web.Mvc.ControllerActionInvoker.InvokeActionResultFilterRecursive(IList`1 filters, Int32 filterIndex, ResultExecutingContext preContext, ControllerContext controllerContext, ActionResult actionResult)
   en System.Web.Mvc.ControllerActionInvoker.InvokeActionResultWithFilters(ControllerContext controllerContext, IList`1 filters, ActionResult actionResult)
   en System.Web.Mvc.Async.AsyncControllerActionInvoker.<>c__DisplayClass3_1.<BeginInvokeAction>b__1(IAsyncResult asyncResult)

2026-02-18 14:34:35.745 | Financiero/DetalleOrden
System.Web.HttpParseException (0x80004005): Palabra clave "if" inesperada después del carácter "@". Una vez dentro del código, no es necesario añadir prefijos a las construcciones, como "if" con "@".

   en System.Web.WebPages.Razor.RazorBuildProvider.EnsureGeneratedCode()
   en System.Web.WebPages.Razor.RazorBuildProvider.get_CodeCompilerType()
   en System.Web.Compilation.BuildProvider.GetCompilerTypeFromBuildProvider(BuildProvider buildProvider)
   en System.Web.Compilation.BuildProvidersCompiler.ProcessBuildProviders()
   en System.Web.Compilation.BuildProvidersCompiler.PerformBuild()
   en System.Web.Compilation.BuildManager.CompileWebFile(VirtualPath virtualPath)
   en System.Web.Compilation.BuildManager.GetVPathBuildResultInternal(VirtualPath virtualPath, Boolean noBuild, Boolean allowCrossApp, Boolean allowBuildInPrecompile, Boolean throwIfNotFound, Boolean ensureIsUpToDate)
   en System.Web.Compilation.BuildManager.GetVPathBuildResultWithNoAssert(HttpContext context, VirtualPath virtualPath, Boolean noBuild, Boolean allowCrossApp, Boolean allowBuildInPrecompile, Boolean throwIfNotFound, Boolean ensureIsUpToDate)
   en System.Web.Compilation.BuildManager.GetVirtualPathObjectFactory(VirtualPath virtualPath, HttpContext context, Boolean allowCrossApp, Boolean throwIfNotFound)
   en System.Web.Compilation.BuildManager.GetCompiledType(VirtualPath virtualPath)
   en System.Web.Mvc.BuildManagerCompiledView.Render(ViewContext viewContext, TextWriter writer)
   en System.Web.Mvc.ViewResultBase.ExecuteResult(ControllerContext context)
   en System.Web.Mvc.ControllerActionInvoker.InvokeActionResultFilterRecursive(IList`1 filters, Int32 filterIndex, ResultExecutingContext preContext, ControllerContext controllerContext, ActionResult actionResult)
   en System.Web.Mvc.ControllerActionInvoker.InvokeActionResultFilterRecursive(IList`1 filters, Int32 filterIndex, ResultExecutingContext preContext, ControllerContext controllerContext, ActionResult actionResult)
   en System.Web.Mvc.ControllerActionInvoker.InvokeActionResultFilterRecursive(IList`1 filters, Int32 filterIndex, ResultExecutingContext preContext, ControllerContext controllerContext, ActionResult actionResult)
   en System.Web.Mvc.ControllerActionInvoker.InvokeActionResultFilterRecursive(IList`1 filters, Int32 filterIndex, ResultExecutingContext preContext, ControllerContext controllerContext, ActionResult actionResult)
   en System.Web.Mvc.ControllerActionInvoker.InvokeActionResultWithFilters(ControllerContext controllerContext, IList`1 filters, ActionResult actionResult)
   en System.Web.Mvc.Async.AsyncControllerActionInvoker.<>c__DisplayClass3_1.<BeginInvokeAction>b__1(IAsyncResult asyncResult)

2026-02-18 14:34:42.059 | Financiero/DetalleOrden
System.Web.HttpParseException (0x80004005): Palabra clave "if" inesperada después del carácter "@". Una vez dentro del código, no es necesario añadir prefijos a las construcciones, como "if" con "@".

   en System.Web.WebPages.Razor.RazorBuildProvider.EnsureGeneratedCode()
   en System.Web.WebPages.Razor.RazorBuildProvider.get_CodeCompilerType()
   en System.Web.Compilation.BuildProvider.GetCompilerTypeFromBuildProvider(BuildProvider buildProvider)
   en System.Web.Compilation.BuildProvidersCompiler.ProcessBuildProviders()
   en System.Web.Compilation.BuildProvidersCompiler.PerformBuild()
   en System.Web.Compilation.BuildManager.CompileWebFile(VirtualPath virtualPath)
   en System.Web.Compilation.BuildManager.GetVPathBuildResultInternal(VirtualPath virtualPath, Boolean noBuild, Boolean allowCrossApp, Boolean allowBuildInPrecompile, Boolean throwIfNotFound, Boolean ensureIsUpToDate)
   en System.Web.Compilation.BuildManager.GetVPathBuildResultWithNoAssert(HttpContext context, VirtualPath virtualPath, Boolean noBuild, Boolean allowCrossApp, Boolean allowBuildInPrecompile, Boolean throwIfNotFound, Boolean ensureIsUpToDate)
   en System.Web.Compilation.BuildManager.GetVirtualPathObjectFactory(VirtualPath virtualPath, HttpContext context, Boolean allowCrossApp, Boolean throwIfNotFound)
   en System.Web.Compilation.BuildManager.GetCompiledType(VirtualPath virtualPath)
   en System.Web.Mvc.BuildManagerCompiledView.Render(ViewContext viewContext, TextWriter writer)
   en System.Web.Mvc.ViewResultBase.ExecuteResult(ControllerContext context)
   en System.Web.Mvc.ControllerActionInvoker.InvokeActionResultFilterRecursive(IList`1 filters, Int32 filterIndex, ResultExecutingContext preContext, ControllerContext controllerContext, ActionResult actionResult)
   en System.Web.Mvc.ControllerActionInvoker.InvokeActionResultFilterRecursive(IList`1 filters, Int32 filterIndex, ResultExecutingContext preContext, ControllerContext controllerContext, ActionResult actionResult)
   en System.Web.Mvc.ControllerActionInvoker.InvokeActionResultFilterRecursive(IList`1 filters, Int32 filterIndex, ResultExecutingContext preContext, ControllerContext controllerContext, ActionResult actionResult)
   en System.Web.Mvc.ControllerActionInvoker.InvokeActionResultFilterRecursive(IList`1 filters, Int32 filterIndex, ResultExecutingContext preContext, ControllerContext controllerContext, ActionResult actionResult)
   en System.Web.Mvc.ControllerActionInvoker.InvokeActionResultWithFilters(ControllerContext controllerContext, IList`1 filters, ActionResult actionResult)
   en System.Web.Mvc.Async.AsyncControllerActionInvoker.<>c__DisplayClass3_1.<BeginInvokeAction>b__1(IAsyncResult asyncResult)

2026-02-18 14:34:59.490 | Financiero/DetalleOrden
System.Web.HttpParseException (0x80004005): Palabra clave "if" inesperada después del carácter "@". Una vez dentro del código, no es necesario añadir prefijos a las construcciones, como "if" con "@".

   en System.Web.WebPages.Razor.RazorBuildProvider.EnsureGeneratedCode()
   en System.Web.WebPages.Razor.RazorBuildProvider.get_CodeCompilerType()
   en System.Web.Compilation.BuildProvider.GetCompilerTypeFromBuildProvider(BuildProvider buildProvider)
   en System.Web.Compilation.BuildProvidersCompiler.ProcessBuildProviders()
   en System.Web.Compilation.BuildProvidersCompiler.PerformBuild()
   en System.Web.Compilation.BuildManager.CompileWebFile(VirtualPath virtualPath)
   en System.Web.Compilation.BuildManager.GetVPathBuildResultInternal(VirtualPath virtualPath, Boolean noBuild, Boolean allowCrossApp, Boolean allowBuildInPrecompile, Boolean throwIfNotFound, Boolean ensureIsUpToDate)
   en System.Web.Compilation.BuildManager.GetVPathBuildResultWithNoAssert(HttpContext context, VirtualPath virtualPath, Boolean noBuild, Boolean allowCrossApp, Boolean allowBuildInPrecompile, Boolean throwIfNotFound, Boolean ensureIsUpToDate)
   en System.Web.Compilation.BuildManager.GetVirtualPathObjectFactory(VirtualPath virtualPath, HttpContext context, Boolean allowCrossApp, Boolean throwIfNotFound)
   en System.Web.Compilation.BuildManager.GetCompiledType(VirtualPath virtualPath)
   en System.Web.Mvc.BuildManagerCompiledView.Render(ViewContext viewContext, TextWriter writer)
   en System.Web.Mvc.ViewResultBase.ExecuteResult(ControllerContext context)
   en System.Web.Mvc.ControllerActionInvoker.InvokeActionResultFilterRecursive(IList`1 filters, Int32 filterIndex, ResultExecutingContext preContext, ControllerContext controllerContext, ActionResult actionResult)
   en System.Web.Mvc.ControllerActionInvoker.InvokeActionResultFilterRecursive(IList`1 filters, Int32 filterIndex, ResultExecutingContext preContext, ControllerContext controllerContext, ActionResult actionResult)
   en System.Web.Mvc.ControllerActionInvoker.InvokeActionResultFilterRecursive(IList`1 filters, Int32 filterIndex, ResultExecutingContext preContext, ControllerContext controllerContext, ActionResult actionResult)
   en System.Web.Mvc.ControllerActionInvoker.InvokeActionResultFilterRecursive(IList`1 filters, Int32 filterIndex, ResultExecutingContext preContext, ControllerContext controllerContext, ActionResult actionResult)
   en System.Web.Mvc.ControllerActionInvoker.InvokeActionResultWithFilters(ControllerContext controllerContext, IList`1 filters, ActionResult actionResult)
   en System.Web.Mvc.Async.AsyncControllerActionInvoker.<>c__DisplayClass3_1.<BeginInvokeAction>b__1(IAsyncResult asyncResult)

2026-02-18 14:38:21.529 | Financiero/DetalleOrden
System.Web.HttpParseException (0x80004005): Palabra clave "if" inesperada después del carácter "@". Una vez dentro del código, no es necesario añadir prefijos a las construcciones, como "if" con "@".

   en System.Web.WebPages.Razor.RazorBuildProvider.EnsureGeneratedCode()
   en System.Web.WebPages.Razor.RazorBuildProvider.get_CodeCompilerType()
   en System.Web.Compilation.BuildProvider.GetCompilerTypeFromBuildProvider(BuildProvider buildProvider)
   en System.Web.Compilation.BuildProvidersCompiler.ProcessBuildProviders()
   en System.Web.Compilation.BuildProvidersCompiler.PerformBuild()
   en System.Web.Compilation.BuildManager.CompileWebFile(VirtualPath virtualPath)
   en System.Web.Compilation.BuildManager.GetVPathBuildResultInternal(VirtualPath virtualPath, Boolean noBuild, Boolean allowCrossApp, Boolean allowBuildInPrecompile, Boolean throwIfNotFound, Boolean ensureIsUpToDate)
   en System.Web.Compilation.BuildManager.GetVPathBuildResultWithNoAssert(HttpContext context, VirtualPath virtualPath, Boolean noBuild, Boolean allowCrossApp, Boolean allowBuildInPrecompile, Boolean throwIfNotFound, Boolean ensureIsUpToDate)
   en System.Web.Compilation.BuildManager.GetVirtualPathObjectFactory(VirtualPath virtualPath, HttpContext context, Boolean allowCrossApp, Boolean throwIfNotFound)
   en System.Web.Compilation.BuildManager.GetCompiledType(VirtualPath virtualPath)
   en System.Web.Mvc.BuildManagerCompiledView.Render(ViewContext viewContext, TextWriter writer)
   en System.Web.Mvc.ViewResultBase.ExecuteResult(ControllerContext context)
   en System.Web.Mvc.ControllerActionInvoker.InvokeActionResultFilterRecursive(IList`1 filters, Int32 filterIndex, ResultExecutingContext preContext, ControllerContext controllerContext, ActionResult actionResult)
   en System.Web.Mvc.ControllerActionInvoker.InvokeActionResultFilterRecursive(IList`1 filters, Int32 filterIndex, ResultExecutingContext preContext, ControllerContext controllerContext, ActionResult actionResult)
   en System.Web.Mvc.ControllerActionInvoker.InvokeActionResultFilterRecursive(IList`1 filters, Int32 filterIndex, ResultExecutingContext preContext, ControllerContext controllerContext, ActionResult actionResult)
   en System.Web.Mvc.ControllerActionInvoker.InvokeActionResultFilterRecursive(IList`1 filters, Int32 filterIndex, ResultExecutingContext preContext, ControllerContext controllerContext, ActionResult actionResult)
   en System.Web.Mvc.ControllerActionInvoker.InvokeActionResultWithFilters(ControllerContext controllerContext, IList`1 filters, ActionResult actionResult)
   en System.Web.Mvc.Async.AsyncControllerActionInvoker.<>c__DisplayClass3_1.<BeginInvokeAction>b__1(IAsyncResult asyncResult)

2026-02-18 14:38:27.756 | Financiero/DetalleOrden
System.Web.HttpParseException (0x80004005): Palabra clave "if" inesperada después del carácter "@". Una vez dentro del código, no es necesario añadir prefijos a las construcciones, como "if" con "@".

   en System.Web.WebPages.Razor.RazorBuildProvider.EnsureGeneratedCode()
   en System.Web.WebPages.Razor.RazorBuildProvider.get_CodeCompilerType()
   en System.Web.Compilation.BuildProvider.GetCompilerTypeFromBuildProvider(BuildProvider buildProvider)
   en System.Web.Compilation.BuildProvidersCompiler.ProcessBuildProviders()
   en System.Web.Compilation.BuildProvidersCompiler.PerformBuild()
   en System.Web.Compilation.BuildManager.CompileWebFile(VirtualPath virtualPath)
   en System.Web.Compilation.BuildManager.GetVPathBuildResultInternal(VirtualPath virtualPath, Boolean noBuild, Boolean allowCrossApp, Boolean allowBuildInPrecompile, Boolean throwIfNotFound, Boolean ensureIsUpToDate)
   en System.Web.Compilation.BuildManager.GetVPathBuildResultWithNoAssert(HttpContext context, VirtualPath virtualPath, Boolean noBuild, Boolean allowCrossApp, Boolean allowBuildInPrecompile, Boolean throwIfNotFound, Boolean ensureIsUpToDate)
   en System.Web.Compilation.BuildManager.GetVirtualPathObjectFactory(VirtualPath virtualPath, HttpContext context, Boolean allowCrossApp, Boolean throwIfNotFound)
   en System.Web.Compilation.BuildManager.GetCompiledType(VirtualPath virtualPath)
   en System.Web.Mvc.BuildManagerCompiledView.Render(ViewContext viewContext, TextWriter writer)
   en System.Web.Mvc.ViewResultBase.ExecuteResult(ControllerContext context)
   en System.Web.Mvc.ControllerActionInvoker.InvokeActionResultFilterRecursive(IList`1 filters, Int32 filterIndex, ResultExecutingContext preContext, ControllerContext controllerContext, ActionResult actionResult)
   en System.Web.Mvc.ControllerActionInvoker.InvokeActionResultFilterRecursive(IList`1 filters, Int32 filterIndex, ResultExecutingContext preContext, ControllerContext controllerContext, ActionResult actionResult)
   en System.Web.Mvc.ControllerActionInvoker.InvokeActionResultFilterRecursive(IList`1 filters, Int32 filterIndex, ResultExecutingContext preContext, ControllerContext controllerContext, ActionResult actionResult)
   en System.Web.Mvc.ControllerActionInvoker.InvokeActionResultFilterRecursive(IList`1 filters, Int32 filterIndex, ResultExecutingContext preContext, ControllerContext controllerContext, ActionResult actionResult)
   en System.Web.Mvc.ControllerActionInvoker.InvokeActionResultWithFilters(ControllerContext controllerContext, IList`1 filters, ActionResult actionResult)
   en System.Web.Mvc.Async.AsyncControllerActionInvoker.<>c__DisplayClass3_1.<BeginInvokeAction>b__1(IAsyncResult asyncResult)

2026-02-18 14:38:34.796 | Financiero/DetalleOrden
System.Web.HttpParseException (0x80004005): Palabra clave "if" inesperada después del carácter "@". Una vez dentro del código, no es necesario añadir prefijos a las construcciones, como "if" con "@".

   en System.Web.WebPages.Razor.RazorBuildProvider.EnsureGeneratedCode()
   en System.Web.WebPages.Razor.RazorBuildProvider.get_CodeCompilerType()
   en System.Web.Compilation.BuildProvider.GetCompilerTypeFromBuildProvider(BuildProvider buildProvider)
   en System.Web.Compilation.BuildProvidersCompiler.ProcessBuildProviders()
   en System.Web.Compilation.BuildProvidersCompiler.PerformBuild()
   en System.Web.Compilation.BuildManager.CompileWebFile(VirtualPath virtualPath)
   en System.Web.Compilation.BuildManager.GetVPathBuildResultInternal(VirtualPath virtualPath, Boolean noBuild, Boolean allowCrossApp, Boolean allowBuildInPrecompile, Boolean throwIfNotFound, Boolean ensureIsUpToDate)
   en System.Web.Compilation.BuildManager.GetVPathBuildResultWithNoAssert(HttpContext context, VirtualPath virtualPath, Boolean noBuild, Boolean allowCrossApp, Boolean allowBuildInPrecompile, Boolean throwIfNotFound, Boolean ensureIsUpToDate)
   en System.Web.Compilation.BuildManager.GetVirtualPathObjectFactory(VirtualPath virtualPath, HttpContext context, Boolean allowCrossApp, Boolean throwIfNotFound)
   en System.Web.Compilation.BuildManager.GetCompiledType(VirtualPath virtualPath)
   en System.Web.Mvc.BuildManagerCompiledView.Render(ViewContext viewContext, TextWriter writer)
   en System.Web.Mvc.ViewResultBase.ExecuteResult(ControllerContext context)
   en System.Web.Mvc.ControllerActionInvoker.InvokeActionResultFilterRecursive(IList`1 filters, Int32 filterIndex, ResultExecutingContext preContext, ControllerContext controllerContext, ActionResult actionResult)
   en System.Web.Mvc.ControllerActionInvoker.InvokeActionResultFilterRecursive(IList`1 filters, Int32 filterIndex, ResultExecutingContext preContext, ControllerContext controllerContext, ActionResult actionResult)
   en System.Web.Mvc.ControllerActionInvoker.InvokeActionResultFilterRecursive(IList`1 filters, Int32 filterIndex, ResultExecutingContext preContext, ControllerContext controllerContext, ActionResult actionResult)
   en System.Web.Mvc.ControllerActionInvoker.InvokeActionResultFilterRecursive(IList`1 filters, Int32 filterIndex, ResultExecutingContext preContext, ControllerContext controllerContext, ActionResult actionResult)
   en System.Web.Mvc.ControllerActionInvoker.InvokeActionResultWithFilters(ControllerContext controllerContext, IList`1 filters, ActionResult actionResult)
   en System.Web.Mvc.Async.AsyncControllerActionInvoker.<>c__DisplayClass3_1.<BeginInvokeAction>b__1(IAsyncResult asyncResult)

2026-02-18 14:40:30.539 | Financiero/DetalleOrden
System.Web.HttpParseException (0x80004005): "{" inesperado tras el carácter "@". Dentro del cuerpo de un bloque de códigos (@if {}, @{}, etc.) no es necesario utilizar "@{" para cambiar al código.

   en System.Web.WebPages.Razor.RazorBuildProvider.EnsureGeneratedCode()
   en System.Web.WebPages.Razor.RazorBuildProvider.get_CodeCompilerType()
   en System.Web.Compilation.BuildProvider.GetCompilerTypeFromBuildProvider(BuildProvider buildProvider)
   en System.Web.Compilation.BuildProvidersCompiler.ProcessBuildProviders()
   en System.Web.Compilation.BuildProvidersCompiler.PerformBuild()
   en System.Web.Compilation.BuildManager.CompileWebFile(VirtualPath virtualPath)
   en System.Web.Compilation.BuildManager.GetVPathBuildResultInternal(VirtualPath virtualPath, Boolean noBuild, Boolean allowCrossApp, Boolean allowBuildInPrecompile, Boolean throwIfNotFound, Boolean ensureIsUpToDate)
   en System.Web.Compilation.BuildManager.GetVPathBuildResultWithNoAssert(HttpContext context, VirtualPath virtualPath, Boolean noBuild, Boolean allowCrossApp, Boolean allowBuildInPrecompile, Boolean throwIfNotFound, Boolean ensureIsUpToDate)
   en System.Web.Compilation.BuildManager.GetVirtualPathObjectFactory(VirtualPath virtualPath, HttpContext context, Boolean allowCrossApp, Boolean throwIfNotFound)
   en System.Web.Compilation.BuildManager.GetCompiledType(VirtualPath virtualPath)
   en System.Web.Mvc.BuildManagerCompiledView.Render(ViewContext viewContext, TextWriter writer)
   en System.Web.Mvc.ViewResultBase.ExecuteResult(ControllerContext context)
   en System.Web.Mvc.ControllerActionInvoker.InvokeActionResultFilterRecursive(IList`1 filters, Int32 filterIndex, ResultExecutingContext preContext, ControllerContext controllerContext, ActionResult actionResult)
   en System.Web.Mvc.ControllerActionInvoker.InvokeActionResultFilterRecursive(IList`1 filters, Int32 filterIndex, ResultExecutingContext preContext, ControllerContext controllerContext, ActionResult actionResult)
   en System.Web.Mvc.ControllerActionInvoker.InvokeActionResultFilterRecursive(IList`1 filters, Int32 filterIndex, ResultExecutingContext preContext, ControllerContext controllerContext, ActionResult actionResult)
   en System.Web.Mvc.ControllerActionInvoker.InvokeActionResultFilterRecursive(IList`1 filters, Int32 filterIndex, ResultExecutingContext preContext, ControllerContext controllerContext, ActionResult actionResult)
   en System.Web.Mvc.ControllerActionInvoker.InvokeActionResultWithFilters(ControllerContext controllerContext, IList`1 filters, ActionResult actionResult)
   en System.Web.Mvc.Async.AsyncControllerActionInvoker.<>c__DisplayClass3_1.<BeginInvokeAction>b__1(IAsyncResult asyncResult)

2026-02-18 14:40:36.017 | Financiero/DetalleOrden
System.Web.HttpParseException (0x80004005): "{" inesperado tras el carácter "@". Dentro del cuerpo de un bloque de códigos (@if {}, @{}, etc.) no es necesario utilizar "@{" para cambiar al código.

   en System.Web.WebPages.Razor.RazorBuildProvider.EnsureGeneratedCode()
   en System.Web.WebPages.Razor.RazorBuildProvider.get_CodeCompilerType()
   en System.Web.Compilation.BuildProvider.GetCompilerTypeFromBuildProvider(BuildProvider buildProvider)
   en System.Web.Compilation.BuildProvidersCompiler.ProcessBuildProviders()
   en System.Web.Compilation.BuildProvidersCompiler.PerformBuild()
   en System.Web.Compilation.BuildManager.CompileWebFile(VirtualPath virtualPath)
   en System.Web.Compilation.BuildManager.GetVPathBuildResultInternal(VirtualPath virtualPath, Boolean noBuild, Boolean allowCrossApp, Boolean allowBuildInPrecompile, Boolean throwIfNotFound, Boolean ensureIsUpToDate)
   en System.Web.Compilation.BuildManager.GetVPathBuildResultWithNoAssert(HttpContext context, VirtualPath virtualPath, Boolean noBuild, Boolean allowCrossApp, Boolean allowBuildInPrecompile, Boolean throwIfNotFound, Boolean ensureIsUpToDate)
   en System.Web.Compilation.BuildManager.GetVirtualPathObjectFactory(VirtualPath virtualPath, HttpContext context, Boolean allowCrossApp, Boolean throwIfNotFound)
   en System.Web.Compilation.BuildManager.GetCompiledType(VirtualPath virtualPath)
   en System.Web.Mvc.BuildManagerCompiledView.Render(ViewContext viewContext, TextWriter writer)
   en System.Web.Mvc.ViewResultBase.ExecuteResult(ControllerContext context)
   en System.Web.Mvc.ControllerActionInvoker.InvokeActionResultFilterRecursive(IList`1 filters, Int32 filterIndex, ResultExecutingContext preContext, ControllerContext controllerContext, ActionResult actionResult)
   en System.Web.Mvc.ControllerActionInvoker.InvokeActionResultFilterRecursive(IList`1 filters, Int32 filterIndex, ResultExecutingContext preContext, ControllerContext controllerContext, ActionResult actionResult)
   en System.Web.Mvc.ControllerActionInvoker.InvokeActionResultFilterRecursive(IList`1 filters, Int32 filterIndex, ResultExecutingContext preContext, ControllerContext controllerContext, ActionResult actionResult)
   en System.Web.Mvc.ControllerActionInvoker.InvokeActionResultFilterRecursive(IList`1 filters, Int32 filterIndex, ResultExecutingContext preContext, ControllerContext controllerContext, ActionResult actionResult)
   en System.Web.Mvc.ControllerActionInvoker.InvokeActionResultWithFilters(ControllerContext controllerContext, IList`1 filters, ActionResult actionResult)
   en System.Web.Mvc.Async.AsyncControllerActionInvoker.<>c__DisplayClass3_1.<BeginInvokeAction>b__1(IAsyncResult asyncResult)

2026-02-18 14:43:38.782 | Financiero/DetalleOrden
System.Web.HttpParseException (0x80004005): "{" inesperado tras el carácter "@". Dentro del cuerpo de un bloque de códigos (@if {}, @{}, etc.) no es necesario utilizar "@{" para cambiar al código.

   en System.Web.WebPages.Razor.RazorBuildProvider.EnsureGeneratedCode()
   en System.Web.WebPages.Razor.RazorBuildProvider.get_CodeCompilerType()
   en System.Web.Compilation.BuildProvider.GetCompilerTypeFromBuildProvider(BuildProvider buildProvider)
   en System.Web.Compilation.BuildProvidersCompiler.ProcessBuildProviders()
   en System.Web.Compilation.BuildProvidersCompiler.PerformBuild()
   en System.Web.Compilation.BuildManager.CompileWebFile(VirtualPath virtualPath)
   en System.Web.Compilation.BuildManager.GetVPathBuildResultInternal(VirtualPath virtualPath, Boolean noBuild, Boolean allowCrossApp, Boolean allowBuildInPrecompile, Boolean throwIfNotFound, Boolean ensureIsUpToDate)
   en System.Web.Compilation.BuildManager.GetVPathBuildResultWithNoAssert(HttpContext context, VirtualPath virtualPath, Boolean noBuild, Boolean allowCrossApp, Boolean allowBuildInPrecompile, Boolean throwIfNotFound, Boolean ensureIsUpToDate)
   en System.Web.Compilation.BuildManager.GetVirtualPathObjectFactory(VirtualPath virtualPath, HttpContext context, Boolean allowCrossApp, Boolean throwIfNotFound)
   en System.Web.Compilation.BuildManager.GetCompiledType(VirtualPath virtualPath)
   en System.Web.Mvc.BuildManagerCompiledView.Render(ViewContext viewContext, TextWriter writer)
   en System.Web.Mvc.ViewResultBase.ExecuteResult(ControllerContext context)
   en System.Web.Mvc.ControllerActionInvoker.InvokeActionResultFilterRecursive(IList`1 filters, Int32 filterIndex, ResultExecutingContext preContext, ControllerContext controllerContext, ActionResult actionResult)
   en System.Web.Mvc.ControllerActionInvoker.InvokeActionResultFilterRecursive(IList`1 filters, Int32 filterIndex, ResultExecutingContext preContext, ControllerContext controllerContext, ActionResult actionResult)
   en System.Web.Mvc.ControllerActionInvoker.InvokeActionResultFilterRecursive(IList`1 filters, Int32 filterIndex, ResultExecutingContext preContext, ControllerContext controllerContext, ActionResult actionResult)
   en System.Web.Mvc.ControllerActionInvoker.InvokeActionResultFilterRecursive(IList`1 filters, Int32 filterIndex, ResultExecutingContext preContext, ControllerContext controllerContext, ActionResult actionResult)
   en System.Web.Mvc.ControllerActionInvoker.InvokeActionResultWithFilters(ControllerContext controllerContext, IList`1 filters, ActionResult actionResult)
   en System.Web.Mvc.Async.AsyncControllerActionInvoker.<>c__DisplayClass3_1.<BeginInvokeAction>b__1(IAsyncResult asyncResult)

2026-02-18 15:08:39.011 | Financiero/DetalleOrden
System.Web.HttpParseException (0x80004005): "{" inesperado tras el carácter "@". Dentro del cuerpo de un bloque de códigos (@if {}, @{}, etc.) no es necesario utilizar "@{" para cambiar al código.

   en System.Web.WebPages.Razor.RazorBuildProvider.EnsureGeneratedCode()
   en System.Web.WebPages.Razor.RazorBuildProvider.get_CodeCompilerType()
   en System.Web.Compilation.BuildProvider.GetCompilerTypeFromBuildProvider(BuildProvider buildProvider)
   en System.Web.Compilation.BuildProvidersCompiler.ProcessBuildProviders()
   en System.Web.Compilation.BuildProvidersCompiler.PerformBuild()
   en System.Web.Compilation.BuildManager.CompileWebFile(VirtualPath virtualPath)
   en System.Web.Compilation.BuildManager.GetVPathBuildResultInternal(VirtualPath virtualPath, Boolean noBuild, Boolean allowCrossApp, Boolean allowBuildInPrecompile, Boolean throwIfNotFound, Boolean ensureIsUpToDate)
   en System.Web.Compilation.BuildManager.GetVPathBuildResultWithNoAssert(HttpContext context, VirtualPath virtualPath, Boolean noBuild, Boolean allowCrossApp, Boolean allowBuildInPrecompile, Boolean throwIfNotFound, Boolean ensureIsUpToDate)
   en System.Web.Compilation.BuildManager.GetVirtualPathObjectFactory(VirtualPath virtualPath, HttpContext context, Boolean allowCrossApp, Boolean throwIfNotFound)
   en System.Web.Compilation.BuildManager.GetCompiledType(VirtualPath virtualPath)
   en System.Web.Mvc.BuildManagerCompiledView.Render(ViewContext viewContext, TextWriter writer)
   en System.Web.Mvc.ViewResultBase.ExecuteResult(ControllerContext context)
   en System.Web.Mvc.ControllerActionInvoker.InvokeActionResultFilterRecursive(IList`1 filters, Int32 filterIndex, ResultExecutingContext preContext, ControllerContext controllerContext, ActionResult actionResult)
   en System.Web.Mvc.ControllerActionInvoker.InvokeActionResultFilterRecursive(IList`1 filters, Int32 filterIndex, ResultExecutingContext preContext, ControllerContext controllerContext, ActionResult actionResult)
   en System.Web.Mvc.ControllerActionInvoker.InvokeActionResultFilterRecursive(IList`1 filters, Int32 filterIndex, ResultExecutingContext preContext, ControllerContext controllerContext, ActionResult actionResult)
   en System.Web.Mvc.ControllerActionInvoker.InvokeActionResultFilterRecursive(IList`1 filters, Int32 filterIndex, ResultExecutingContext preContext, ControllerContext controllerContext, ActionResult actionResult)
   en System.Web.Mvc.ControllerActionInvoker.InvokeActionResultWithFilters(ControllerContext controllerContext, IList`1 filters, ActionResult actionResult)
   en System.Web.Mvc.Async.AsyncControllerActionInvoker.<>c__DisplayClass3_1.<BeginInvokeAction>b__1(IAsyncResult asyncResult)

2026-02-18 15:25:21.477 | OrdenRecaudacion/Detalles
System.Web.HttpCompileException (0x80004005): c:\AOCR\AOCR\AOCR05-01-2026\AOCR1\AOCR\CapaPresentacion\Views\OrdenRecaudacion\Detalles.cshtml(431): error CS1525: El término de la expresión '.' no es válido
   en System.Web.Compilation.AssemblyBuilder.Compile()
   en System.Web.Compilation.BuildProvidersCompiler.PerformBuild()
   en System.Web.Compilation.BuildManager.CompileWebFile(VirtualPath virtualPath)
   en System.Web.Compilation.BuildManager.GetVPathBuildResultInternal(VirtualPath virtualPath, Boolean noBuild, Boolean allowCrossApp, Boolean allowBuildInPrecompile, Boolean throwIfNotFound, Boolean ensureIsUpToDate)
   en System.Web.Compilation.BuildManager.GetVPathBuildResultWithNoAssert(HttpContext context, VirtualPath virtualPath, Boolean noBuild, Boolean allowCrossApp, Boolean allowBuildInPrecompile, Boolean throwIfNotFound, Boolean ensureIsUpToDate)
   en System.Web.Compilation.BuildManager.GetVirtualPathObjectFactory(VirtualPath virtualPath, HttpContext context, Boolean allowCrossApp, Boolean throwIfNotFound)
   en System.Web.Compilation.BuildManager.GetCompiledType(VirtualPath virtualPath)
   en System.Web.Mvc.BuildManagerCompiledView.Render(ViewContext viewContext, TextWriter writer)
   en System.Web.Mvc.ViewResultBase.ExecuteResult(ControllerContext context)
   en System.Web.Mvc.ControllerActionInvoker.InvokeActionResultFilterRecursive(IList`1 filters, Int32 filterIndex, ResultExecutingContext preContext, ControllerContext controllerContext, ActionResult actionResult)
   en System.Web.Mvc.ControllerActionInvoker.InvokeActionResultFilterRecursive(IList`1 filters, Int32 filterIndex, ResultExecutingContext preContext, ControllerContext controllerContext, ActionResult actionResult)
   en System.Web.Mvc.ControllerActionInvoker.InvokeActionResultFilterRecursive(IList`1 filters, Int32 filterIndex, ResultExecutingContext preContext, ControllerContext controllerContext, ActionResult actionResult)
   en System.Web.Mvc.ControllerActionInvoker.InvokeActionResultFilterRecursive(IList`1 filters, Int32 filterIndex, ResultExecutingContext preContext, ControllerContext controllerContext, ActionResult actionResult)
   en System.Web.Mvc.ControllerActionInvoker.InvokeActionResultWithFilters(ControllerContext controllerContext, IList`1 filters, ActionResult actionResult)
   en System.Web.Mvc.Async.AsyncControllerActionInvoker.<>c__DisplayClass3_1.<BeginInvokeAction>b__1(IAsyncResult asyncResult)

2026-02-18 15:25:47.788 | OrdenRecaudacion/Detalles
System.Web.HttpCompileException (0x80004005): c:\AOCR\AOCR\AOCR05-01-2026\AOCR1\AOCR\CapaPresentacion\Views\OrdenRecaudacion\Detalles.cshtml(431): error CS1525: El término de la expresión '.' no es válido
   en System.Web.Compilation.AssemblyBuilder.Compile()
   en System.Web.Compilation.BuildProvidersCompiler.PerformBuild()
   en System.Web.Compilation.BuildManager.CompileWebFile(VirtualPath virtualPath)
   en System.Web.Compilation.BuildManager.GetVPathBuildResultInternal(VirtualPath virtualPath, Boolean noBuild, Boolean allowCrossApp, Boolean allowBuildInPrecompile, Boolean throwIfNotFound, Boolean ensureIsUpToDate)
   en System.Web.Compilation.BuildManager.GetVPathBuildResultWithNoAssert(HttpContext context, VirtualPath virtualPath, Boolean noBuild, Boolean allowCrossApp, Boolean allowBuildInPrecompile, Boolean throwIfNotFound, Boolean ensureIsUpToDate)
   en System.Web.Compilation.BuildManager.GetVirtualPathObjectFactory(VirtualPath virtualPath, HttpContext context, Boolean allowCrossApp, Boolean throwIfNotFound)
   en System.Web.Compilation.BuildManager.GetCompiledType(VirtualPath virtualPath)
   en System.Web.Mvc.BuildManagerCompiledView.Render(ViewContext viewContext, TextWriter writer)
   en System.Web.Mvc.ViewResultBase.ExecuteResult(ControllerContext context)
   en System.Web.Mvc.ControllerActionInvoker.InvokeActionResultFilterRecursive(IList`1 filters, Int32 filterIndex, ResultExecutingContext preContext, ControllerContext controllerContext, ActionResult actionResult)
   en System.Web.Mvc.ControllerActionInvoker.InvokeActionResultFilterRecursive(IList`1 filters, Int32 filterIndex, ResultExecutingContext preContext, ControllerContext controllerContext, ActionResult actionResult)
   en System.Web.Mvc.ControllerActionInvoker.InvokeActionResultFilterRecursive(IList`1 filters, Int32 filterIndex, ResultExecutingContext preContext, ControllerContext controllerContext, ActionResult actionResult)
   en System.Web.Mvc.ControllerActionInvoker.InvokeActionResultFilterRecursive(IList`1 filters, Int32 filterIndex, ResultExecutingContext preContext, ControllerContext controllerContext, ActionResult actionResult)
   en System.Web.Mvc.ControllerActionInvoker.InvokeActionResultWithFilters(ControllerContext controllerContext, IList`1 filters, ActionResult actionResult)
   en System.Web.Mvc.Async.AsyncControllerActionInvoker.<>c__DisplayClass3_1.<BeginInvokeAction>b__1(IAsyncResult asyncResult)

2026-02-18 15:35:33.417 | Account/Login
System.Web.Mvc.HttpAntiForgeryException (0x80004005): El token antifalsificación proporcionado se diseñó para el usuario "USU_ADMIN" pero el usuario actual es "".
   en System.Web.Helpers.AntiXsrf.TokenValidator.ValidateTokens(HttpContextBase httpContext, IIdentity identity, AntiForgeryToken sessionToken, AntiForgeryToken fieldToken)
   en System.Web.Helpers.AntiXsrf.AntiForgeryWorker.Validate(HttpContextBase httpContext)
   en System.Web.Mvc.ControllerActionInvoker.InvokeAuthorizationFilters(ControllerContext controllerContext, IList`1 filters, ActionDescriptor actionDescriptor)
   en System.Web.Mvc.Async.AsyncControllerActionInvoker.<>c__DisplayClass3_1.<BeginInvokeAction>b__0(AsyncCallback asyncCallback, Object asyncState)

2026-02-18 15:46:52.996 | Account/Login
System.Web.Mvc.HttpAntiForgeryException (0x80004005): El token antifalsificación proporcionado se diseñó para el usuario "USU_ADMIN" pero el usuario actual es "".
   en System.Web.Helpers.AntiXsrf.TokenValidator.ValidateTokens(HttpContextBase httpContext, IIdentity identity, AntiForgeryToken sessionToken, AntiForgeryToken fieldToken)
   en System.Web.Helpers.AntiXsrf.AntiForgeryWorker.Validate(HttpContextBase httpContext)
   en System.Web.Mvc.ControllerActionInvoker.InvokeAuthorizationFilters(ControllerContext controllerContext, IList`1 filters, ActionDescriptor actionDescriptor)
   en System.Web.Mvc.Async.AsyncControllerActionInvoker.<>c__DisplayClass3_1.<BeginInvokeAction>b__0(AsyncCallback asyncCallback, Object asyncState)

2026-02-18 15:50:56.250 | Account/Login
System.Web.Mvc.HttpAntiForgeryException (0x80004005): El token antifalsificación proporcionado se diseñó para el usuario "USU_ADMIN" pero el usuario actual es "".
   en System.Web.Helpers.AntiXsrf.TokenValidator.ValidateTokens(HttpContextBase httpContext, IIdentity identity, AntiForgeryToken sessionToken, AntiForgeryToken fieldToken)
   en System.Web.Helpers.AntiXsrf.AntiForgeryWorker.Validate(HttpContextBase httpContext)
   en System.Web.Mvc.ControllerActionInvoker.InvokeAuthorizationFilters(ControllerContext controllerContext, IList`1 filters, ActionDescriptor actionDescriptor)
   en System.Web.Mvc.Async.AsyncControllerActionInvoker.<>c__DisplayClass3_1.<BeginInvokeAction>b__0(AsyncCallback asyncCallback, Object asyncState)

2026-02-18 16:06:16.828 | Account/Login
System.Web.Mvc.HttpAntiForgeryException (0x80004005): El token antifalsificación proporcionado se diseñó para el usuario "USU_ADMIN" pero el usuario actual es "".
   en System.Web.Helpers.AntiXsrf.TokenValidator.ValidateTokens(HttpContextBase httpContext, IIdentity identity, AntiForgeryToken sessionToken, AntiForgeryToken fieldToken)
   en System.Web.Helpers.AntiXsrf.AntiForgeryWorker.Validate(HttpContextBase httpContext)
   en System.Web.Mvc.ControllerActionInvoker.InvokeAuthorizationFilters(ControllerContext controllerContext, IList`1 filters, ActionDescriptor actionDescriptor)
   en System.Web.Mvc.Async.AsyncControllerActionInvoker.<>c__DisplayClass3_1.<BeginInvokeAction>b__0(AsyncCallback asyncCallback, Object asyncState)

2026-02-18 16:10:04.709 | Account/Login
System.Web.Mvc.HttpAntiForgeryException (0x80004005): El token antifalsificación proporcionado se diseñó para el usuario "USU_ADMIN" pero el usuario actual es "".
   en System.Web.Helpers.AntiXsrf.TokenValidator.ValidateTokens(HttpContextBase httpContext, IIdentity identity, AntiForgeryToken sessionToken, AntiForgeryToken fieldToken)
   en System.Web.Helpers.AntiXsrf.AntiForgeryWorker.Validate(HttpContextBase httpContext)
   en System.Web.Mvc.ControllerActionInvoker.InvokeAuthorizationFilters(ControllerContext controllerContext, IList`1 filters, ActionDescriptor actionDescriptor)
   en System.Web.Mvc.Async.AsyncControllerActionInvoker.<>c__DisplayClass3_1.<BeginInvokeAction>b__0(AsyncCallback asyncCallback, Object asyncState)

2026-02-19 09:52:42.522 | Financiero/Index
System.Web.HttpParseException (0x80004005): Palabra clave "if" inesperada después del carácter "@". Una vez dentro del código, no es necesario añadir prefijos a las construcciones, como "if" con "@".

   en System.Web.WebPages.Razor.RazorBuildProvider.EnsureGeneratedCode()
   en System.Web.WebPages.Razor.RazorBuildProvider.get_CodeCompilerType()
   en System.Web.Compilation.BuildProvider.GetCompilerTypeFromBuildProvider(BuildProvider buildProvider)
   en System.Web.Compilation.BuildProvidersCompiler.ProcessBuildProviders()
   en System.Web.Compilation.BuildProvidersCompiler.PerformBuild()
   en System.Web.Compilation.BuildManager.CompileWebFile(VirtualPath virtualPath)
   en System.Web.Compilation.BuildManager.GetVPathBuildResultInternal(VirtualPath virtualPath, Boolean noBuild, Boolean allowCrossApp, Boolean allowBuildInPrecompile, Boolean throwIfNotFound, Boolean ensureIsUpToDate)
   en System.Web.Compilation.BuildManager.GetVPathBuildResultWithNoAssert(HttpContext context, VirtualPath virtualPath, Boolean noBuild, Boolean allowCrossApp, Boolean allowBuildInPrecompile, Boolean throwIfNotFound, Boolean ensureIsUpToDate)
   en System.Web.Compilation.BuildManager.GetVirtualPathObjectFactory(VirtualPath virtualPath, HttpContext context, Boolean allowCrossApp, Boolean throwIfNotFound)
   en System.Web.Compilation.BuildManager.GetCompiledType(VirtualPath virtualPath)
   en System.Web.Mvc.BuildManagerCompiledView.Render(ViewContext viewContext, TextWriter writer)
   en System.Web.Mvc.ViewResultBase.ExecuteResult(ControllerContext context)
   en System.Web.Mvc.ControllerActionInvoker.InvokeActionResultFilterRecursive(IList`1 filters, Int32 filterIndex, ResultExecutingContext preContext, ControllerContext controllerContext, ActionResult actionResult)
   en System.Web.Mvc.ControllerActionInvoker.InvokeActionResultFilterRecursive(IList`1 filters, Int32 filterIndex, ResultExecutingContext preContext, ControllerContext controllerContext, ActionResult actionResult)
   en System.Web.Mvc.ControllerActionInvoker.InvokeActionResultFilterRecursive(IList`1 filters, Int32 filterIndex, ResultExecutingContext preContext, ControllerContext controllerContext, ActionResult actionResult)
   en System.Web.Mvc.ControllerActionInvoker.InvokeActionResultFilterRecursive(IList`1 filters, Int32 filterIndex, ResultExecutingContext preContext, ControllerContext controllerContext, ActionResult actionResult)
   en System.Web.Mvc.ControllerActionInvoker.InvokeActionResultWithFilters(ControllerContext controllerContext, IList`1 filters, ActionResult actionResult)
   en System.Web.Mvc.Async.AsyncControllerActionInvoker.<>c__DisplayClass3_1.<BeginInvokeAction>b__1(IAsyncResult asyncResult)

2026-02-19 09:53:26.181 | Financiero/Index
System.Web.HttpParseException (0x80004005): Palabra clave "if" inesperada después del carácter "@". Una vez dentro del código, no es necesario añadir prefijos a las construcciones, como "if" con "@".

   en System.Web.WebPages.Razor.RazorBuildProvider.EnsureGeneratedCode()
   en System.Web.WebPages.Razor.RazorBuildProvider.get_CodeCompilerType()
   en System.Web.Compilation.BuildProvider.GetCompilerTypeFromBuildProvider(BuildProvider buildProvider)
   en System.Web.Compilation.BuildProvidersCompiler.ProcessBuildProviders()
   en System.Web.Compilation.BuildProvidersCompiler.PerformBuild()
   en System.Web.Compilation.BuildManager.CompileWebFile(VirtualPath virtualPath)
   en System.Web.Compilation.BuildManager.GetVPathBuildResultInternal(VirtualPath virtualPath, Boolean noBuild, Boolean allowCrossApp, Boolean allowBuildInPrecompile, Boolean throwIfNotFound, Boolean ensureIsUpToDate)
   en System.Web.Compilation.BuildManager.GetVPathBuildResultWithNoAssert(HttpContext context, VirtualPath virtualPath, Boolean noBuild, Boolean allowCrossApp, Boolean allowBuildInPrecompile, Boolean throwIfNotFound, Boolean ensureIsUpToDate)
   en System.Web.Compilation.BuildManager.GetVirtualPathObjectFactory(VirtualPath virtualPath, HttpContext context, Boolean allowCrossApp, Boolean throwIfNotFound)
   en System.Web.Compilation.BuildManager.GetCompiledType(VirtualPath virtualPath)
   en System.Web.Mvc.BuildManagerCompiledView.Render(ViewContext viewContext, TextWriter writer)
   en System.Web.Mvc.ViewResultBase.ExecuteResult(ControllerContext context)
   en System.Web.Mvc.ControllerActionInvoker.InvokeActionResultFilterRecursive(IList`1 filters, Int32 filterIndex, ResultExecutingContext preContext, ControllerContext controllerContext, ActionResult actionResult)
   en System.Web.Mvc.ControllerActionInvoker.InvokeActionResultFilterRecursive(IList`1 filters, Int32 filterIndex, ResultExecutingContext preContext, ControllerContext controllerContext, ActionResult actionResult)
   en System.Web.Mvc.ControllerActionInvoker.InvokeActionResultFilterRecursive(IList`1 filters, Int32 filterIndex, ResultExecutingContext preContext, ControllerContext controllerContext, ActionResult actionResult)
   en System.Web.Mvc.ControllerActionInvoker.InvokeActionResultFilterRecursive(IList`1 filters, Int32 filterIndex, ResultExecutingContext preContext, ControllerContext controllerContext, ActionResult actionResult)
   en System.Web.Mvc.ControllerActionInvoker.InvokeActionResultWithFilters(ControllerContext controllerContext, IList`1 filters, ActionResult actionResult)
   en System.Web.Mvc.Async.AsyncControllerActionInvoker.<>c__DisplayClass3_1.<BeginInvokeAction>b__1(IAsyncResult asyncResult)

2026-02-19 09:54:24.524 | Financiero/Index
System.Web.HttpParseException (0x80004005): "class" es una palabra reservada y no se puede usar en las expresiones implícitas. Debe usarse una expresión explícita ("@()").

   en System.Web.WebPages.Razor.RazorBuildProvider.EnsureGeneratedCode()
   en System.Web.WebPages.Razor.RazorBuildProvider.get_CodeCompilerType()
   en System.Web.Compilation.BuildProvider.GetCompilerTypeFromBuildProvider(BuildProvider buildProvider)
   en System.Web.Compilation.BuildProvidersCompiler.ProcessBuildProviders()
   en System.Web.Compilation.BuildProvidersCompiler.PerformBuild()
   en System.Web.Compilation.BuildManager.CompileWebFile(VirtualPath virtualPath)
   en System.Web.Compilation.BuildManager.GetVPathBuildResultInternal(VirtualPath virtualPath, Boolean noBuild, Boolean allowCrossApp, Boolean allowBuildInPrecompile, Boolean throwIfNotFound, Boolean ensureIsUpToDate)
   en System.Web.Compilation.BuildManager.GetVPathBuildResultWithNoAssert(HttpContext context, VirtualPath virtualPath, Boolean noBuild, Boolean allowCrossApp, Boolean allowBuildInPrecompile, Boolean throwIfNotFound, Boolean ensureIsUpToDate)
   en System.Web.Compilation.BuildManager.GetVirtualPathObjectFactory(VirtualPath virtualPath, HttpContext context, Boolean allowCrossApp, Boolean throwIfNotFound)
   en System.Web.Compilation.BuildManager.GetCompiledType(VirtualPath virtualPath)
   en System.Web.Mvc.BuildManagerCompiledView.Render(ViewContext viewContext, TextWriter writer)
   en System.Web.Mvc.ViewResultBase.ExecuteResult(ControllerContext context)
   en System.Web.Mvc.ControllerActionInvoker.InvokeActionResultFilterRecursive(IList`1 filters, Int32 filterIndex, ResultExecutingContext preContext, ControllerContext controllerContext, ActionResult actionResult)
   en System.Web.Mvc.ControllerActionInvoker.InvokeActionResultFilterRecursive(IList`1 filters, Int32 filterIndex, ResultExecutingContext preContext, ControllerContext controllerContext, ActionResult actionResult)
   en System.Web.Mvc.ControllerActionInvoker.InvokeActionResultFilterRecursive(IList`1 filters, Int32 filterIndex, ResultExecutingContext preContext, ControllerContext controllerContext, ActionResult actionResult)
   en System.Web.Mvc.ControllerActionInvoker.InvokeActionResultFilterRecursive(IList`1 filters, Int32 filterIndex, ResultExecutingContext preContext, ControllerContext controllerContext, ActionResult actionResult)
   en System.Web.Mvc.ControllerActionInvoker.InvokeActionResultWithFilters(ControllerContext controllerContext, IList`1 filters, ActionResult actionResult)
   en System.Web.Mvc.Async.AsyncControllerActionInvoker.<>c__DisplayClass3_1.<BeginInvokeAction>b__1(IAsyncResult asyncResult)

2026-02-19 11:12:32.796 | Financiero/Index
System.Web.HttpParseException (0x80004005): "class" es una palabra reservada y no se puede usar en las expresiones implícitas. Debe usarse una expresión explícita ("@()").

   en System.Web.WebPages.Razor.RazorBuildProvider.EnsureGeneratedCode()
   en System.Web.WebPages.Razor.RazorBuildProvider.get_CodeCompilerType()
   en System.Web.Compilation.BuildProvider.GetCompilerTypeFromBuildProvider(BuildProvider buildProvider)
   en System.Web.Compilation.BuildProvidersCompiler.ProcessBuildProviders()
   en System.Web.Compilation.BuildProvidersCompiler.PerformBuild()
   en System.Web.Compilation.BuildManager.CompileWebFile(VirtualPath virtualPath)
   en System.Web.Compilation.BuildManager.GetVPathBuildResultInternal(VirtualPath virtualPath, Boolean noBuild, Boolean allowCrossApp, Boolean allowBuildInPrecompile, Boolean throwIfNotFound, Boolean ensureIsUpToDate)
   en System.Web.Compilation.BuildManager.GetVPathBuildResultWithNoAssert(HttpContext context, VirtualPath virtualPath, Boolean noBuild, Boolean allowCrossApp, Boolean allowBuildInPrecompile, Boolean throwIfNotFound, Boolean ensureIsUpToDate)
   en System.Web.Compilation.BuildManager.GetVirtualPathObjectFactory(VirtualPath virtualPath, HttpContext context, Boolean allowCrossApp, Boolean throwIfNotFound)
   en System.Web.Compilation.BuildManager.GetCompiledType(VirtualPath virtualPath)
   en System.Web.Mvc.BuildManagerCompiledView.Render(ViewContext viewContext, TextWriter writer)
   en System.Web.Mvc.ViewResultBase.ExecuteResult(ControllerContext context)
   en System.Web.Mvc.ControllerActionInvoker.InvokeActionResultFilterRecursive(IList`1 filters, Int32 filterIndex, ResultExecutingContext preContext, ControllerContext controllerContext, ActionResult actionResult)
   en System.Web.Mvc.ControllerActionInvoker.InvokeActionResultFilterRecursive(IList`1 filters, Int32 filterIndex, ResultExecutingContext preContext, ControllerContext controllerContext, ActionResult actionResult)
   en System.Web.Mvc.ControllerActionInvoker.InvokeActionResultFilterRecursive(IList`1 filters, Int32 filterIndex, ResultExecutingContext preContext, ControllerContext controllerContext, ActionResult actionResult)
   en System.Web.Mvc.ControllerActionInvoker.InvokeActionResultFilterRecursive(IList`1 filters, Int32 filterIndex, ResultExecutingContext preContext, ControllerContext controllerContext, ActionResult actionResult)
   en System.Web.Mvc.ControllerActionInvoker.InvokeActionResultWithFilters(ControllerContext controllerContext, IList`1 filters, ActionResult actionResult)
   en System.Web.Mvc.Async.AsyncControllerActionInvoker.<>c__DisplayClass3_1.<BeginInvokeAction>b__1(IAsyncResult asyncResult)

2026-02-19 11:19:25.693 | Financiero/Index
System.Web.HttpParseException (0x80004005): Palabra clave "if" inesperada después del carácter "@". Una vez dentro del código, no es necesario añadir prefijos a las construcciones, como "if" con "@".

   en System.Web.WebPages.Razor.RazorBuildProvider.EnsureGeneratedCode()
   en System.Web.WebPages.Razor.RazorBuildProvider.get_CodeCompilerType()
   en System.Web.Compilation.BuildProvider.GetCompilerTypeFromBuildProvider(BuildProvider buildProvider)
   en System.Web.Compilation.BuildProvidersCompiler.ProcessBuildProviders()
   en System.Web.Compilation.BuildProvidersCompiler.PerformBuild()
   en System.Web.Compilation.BuildManager.CompileWebFile(VirtualPath virtualPath)
   en System.Web.Compilation.BuildManager.GetVPathBuildResultInternal(VirtualPath virtualPath, Boolean noBuild, Boolean allowCrossApp, Boolean allowBuildInPrecompile, Boolean throwIfNotFound, Boolean ensureIsUpToDate)
   en System.Web.Compilation.BuildManager.GetVPathBuildResultWithNoAssert(HttpContext context, VirtualPath virtualPath, Boolean noBuild, Boolean allowCrossApp, Boolean allowBuildInPrecompile, Boolean throwIfNotFound, Boolean ensureIsUpToDate)
   en System.Web.Compilation.BuildManager.GetVirtualPathObjectFactory(VirtualPath virtualPath, HttpContext context, Boolean allowCrossApp, Boolean throwIfNotFound)
   en System.Web.Compilation.BuildManager.GetCompiledType(VirtualPath virtualPath)
   en System.Web.Mvc.BuildManagerCompiledView.Render(ViewContext viewContext, TextWriter writer)
   en System.Web.Mvc.ViewResultBase.ExecuteResult(ControllerContext context)
   en System.Web.Mvc.ControllerActionInvoker.InvokeActionResultFilterRecursive(IList`1 filters, Int32 filterIndex, ResultExecutingContext preContext, ControllerContext controllerContext, ActionResult actionResult)
   en System.Web.Mvc.ControllerActionInvoker.InvokeActionResultFilterRecursive(IList`1 filters, Int32 filterIndex, ResultExecutingContext preContext, ControllerContext controllerContext, ActionResult actionResult)
   en System.Web.Mvc.ControllerActionInvoker.InvokeActionResultFilterRecursive(IList`1 filters, Int32 filterIndex, ResultExecutingContext preContext, ControllerContext controllerContext, ActionResult actionResult)
   en System.Web.Mvc.ControllerActionInvoker.InvokeActionResultFilterRecursive(IList`1 filters, Int32 filterIndex, ResultExecutingContext preContext, ControllerContext controllerContext, ActionResult actionResult)
   en System.Web.Mvc.ControllerActionInvoker.InvokeActionResultWithFilters(ControllerContext controllerContext, IList`1 filters, ActionResult actionResult)
   en System.Web.Mvc.Async.AsyncControllerActionInvoker.<>c__DisplayClass3_1.<BeginInvokeAction>b__1(IAsyncResult asyncResult)

2026-02-19 11:20:23.832 | Financiero/Index
System.Web.HttpParseException (0x80004005): Palabra clave "if" inesperada después del carácter "@". Una vez dentro del código, no es necesario añadir prefijos a las construcciones, como "if" con "@".

   en System.Web.WebPages.Razor.RazorBuildProvider.EnsureGeneratedCode()
   en System.Web.WebPages.Razor.RazorBuildProvider.get_CodeCompilerType()
   en System.Web.Compilation.BuildProvider.GetCompilerTypeFromBuildProvider(BuildProvider buildProvider)
   en System.Web.Compilation.BuildProvidersCompiler.ProcessBuildProviders()
   en System.Web.Compilation.BuildProvidersCompiler.PerformBuild()
   en System.Web.Compilation.BuildManager.CompileWebFile(VirtualPath virtualPath)
   en System.Web.Compilation.BuildManager.GetVPathBuildResultInternal(VirtualPath virtualPath, Boolean noBuild, Boolean allowCrossApp, Boolean allowBuildInPrecompile, Boolean throwIfNotFound, Boolean ensureIsUpToDate)
   en System.Web.Compilation.BuildManager.GetVPathBuildResultWithNoAssert(HttpContext context, VirtualPath virtualPath, Boolean noBuild, Boolean allowCrossApp, Boolean allowBuildInPrecompile, Boolean throwIfNotFound, Boolean ensureIsUpToDate)
   en System.Web.Compilation.BuildManager.GetVirtualPathObjectFactory(VirtualPath virtualPath, HttpContext context, Boolean allowCrossApp, Boolean throwIfNotFound)
   en System.Web.Compilation.BuildManager.GetCompiledType(VirtualPath virtualPath)
   en System.Web.Mvc.BuildManagerCompiledView.Render(ViewContext viewContext, TextWriter writer)
   en System.Web.Mvc.ViewResultBase.ExecuteResult(ControllerContext context)
   en System.Web.Mvc.ControllerActionInvoker.InvokeActionResultFilterRecursive(IList`1 filters, Int32 filterIndex, ResultExecutingContext preContext, ControllerContext controllerContext, ActionResult actionResult)
   en System.Web.Mvc.ControllerActionInvoker.InvokeActionResultFilterRecursive(IList`1 filters, Int32 filterIndex, ResultExecutingContext preContext, ControllerContext controllerContext, ActionResult actionResult)
   en System.Web.Mvc.ControllerActionInvoker.InvokeActionResultFilterRecursive(IList`1 filters, Int32 filterIndex, ResultExecutingContext preContext, ControllerContext controllerContext, ActionResult actionResult)
   en System.Web.Mvc.ControllerActionInvoker.InvokeActionResultFilterRecursive(IList`1 filters, Int32 filterIndex, ResultExecutingContext preContext, ControllerContext controllerContext, ActionResult actionResult)
   en System.Web.Mvc.ControllerActionInvoker.InvokeActionResultWithFilters(ControllerContext controllerContext, IList`1 filters, ActionResult actionResult)
   en System.Web.Mvc.Async.AsyncControllerActionInvoker.<>c__DisplayClass3_1.<BeginInvokeAction>b__1(IAsyncResult asyncResult)

2026-02-19 11:31:00.566 | Financiero/Index
System.Web.HttpParseException (0x80004005): Palabra clave "if" inesperada después del carácter "@". Una vez dentro del código, no es necesario añadir prefijos a las construcciones, como "if" con "@".

   en System.Web.WebPages.Razor.RazorBuildProvider.EnsureGeneratedCode()
   en System.Web.WebPages.Razor.RazorBuildProvider.get_CodeCompilerType()
   en System.Web.Compilation.BuildProvider.GetCompilerTypeFromBuildProvider(BuildProvider buildProvider)
   en System.Web.Compilation.BuildProvidersCompiler.ProcessBuildProviders()
   en System.Web.Compilation.BuildProvidersCompiler.PerformBuild()
   en System.Web.Compilation.BuildManager.CompileWebFile(VirtualPath virtualPath)
   en System.Web.Compilation.BuildManager.GetVPathBuildResultInternal(VirtualPath virtualPath, Boolean noBuild, Boolean allowCrossApp, Boolean allowBuildInPrecompile, Boolean throwIfNotFound, Boolean ensureIsUpToDate)
   en System.Web.Compilation.BuildManager.GetVPathBuildResultWithNoAssert(HttpContext context, VirtualPath virtualPath, Boolean noBuild, Boolean allowCrossApp, Boolean allowBuildInPrecompile, Boolean throwIfNotFound, Boolean ensureIsUpToDate)
   en System.Web.Compilation.BuildManager.GetVirtualPathObjectFactory(VirtualPath virtualPath, HttpContext context, Boolean allowCrossApp, Boolean throwIfNotFound)
   en System.Web.Compilation.BuildManager.GetCompiledType(VirtualPath virtualPath)
   en System.Web.Mvc.BuildManagerCompiledView.Render(ViewContext viewContext, TextWriter writer)
   en System.Web.Mvc.ViewResultBase.ExecuteResult(ControllerContext context)
   en System.Web.Mvc.ControllerActionInvoker.InvokeActionResultFilterRecursive(IList`1 filters, Int32 filterIndex, ResultExecutingContext preContext, ControllerContext controllerContext, ActionResult actionResult)
   en System.Web.Mvc.ControllerActionInvoker.InvokeActionResultFilterRecursive(IList`1 filters, Int32 filterIndex, ResultExecutingContext preContext, ControllerContext controllerContext, ActionResult actionResult)
   en System.Web.Mvc.ControllerActionInvoker.InvokeActionResultFilterRecursive(IList`1 filters, Int32 filterIndex, ResultExecutingContext preContext, ControllerContext controllerContext, ActionResult actionResult)
   en System.Web.Mvc.ControllerActionInvoker.InvokeActionResultFilterRecursive(IList`1 filters, Int32 filterIndex, ResultExecutingContext preContext, ControllerContext controllerContext, ActionResult actionResult)
   en System.Web.Mvc.ControllerActionInvoker.InvokeActionResultWithFilters(ControllerContext controllerContext, IList`1 filters, ActionResult actionResult)
   en System.Web.Mvc.Async.AsyncControllerActionInvoker.<>c__DisplayClass3_1.<BeginInvokeAction>b__1(IAsyncResult asyncResult)

2026-02-19 11:32:00.556 | Financiero/Index
System.Web.HttpParseException (0x80004005): Palabra clave "if" inesperada después del carácter "@". Una vez dentro del código, no es necesario añadir prefijos a las construcciones, como "if" con "@".

   en System.Web.WebPages.Razor.RazorBuildProvider.EnsureGeneratedCode()
   en System.Web.WebPages.Razor.RazorBuildProvider.get_CodeCompilerType()
   en System.Web.Compilation.BuildProvider.GetCompilerTypeFromBuildProvider(BuildProvider buildProvider)
   en System.Web.Compilation.BuildProvidersCompiler.ProcessBuildProviders()
   en System.Web.Compilation.BuildProvidersCompiler.PerformBuild()
   en System.Web.Compilation.BuildManager.CompileWebFile(VirtualPath virtualPath)
   en System.Web.Compilation.BuildManager.GetVPathBuildResultInternal(VirtualPath virtualPath, Boolean noBuild, Boolean allowCrossApp, Boolean allowBuildInPrecompile, Boolean throwIfNotFound, Boolean ensureIsUpToDate)
   en System.Web.Compilation.BuildManager.GetVPathBuildResultWithNoAssert(HttpContext context, VirtualPath virtualPath, Boolean noBuild, Boolean allowCrossApp, Boolean allowBuildInPrecompile, Boolean throwIfNotFound, Boolean ensureIsUpToDate)
   en System.Web.Compilation.BuildManager.GetVirtualPathObjectFactory(VirtualPath virtualPath, HttpContext context, Boolean allowCrossApp, Boolean throwIfNotFound)
   en System.Web.Compilation.BuildManager.GetCompiledType(VirtualPath virtualPath)
   en System.Web.Mvc.BuildManagerCompiledView.Render(ViewContext viewContext, TextWriter writer)
   en System.Web.Mvc.ViewResultBase.ExecuteResult(ControllerContext context)
   en System.Web.Mvc.ControllerActionInvoker.InvokeActionResultFilterRecursive(IList`1 filters, Int32 filterIndex, ResultExecutingContext preContext, ControllerContext controllerContext, ActionResult actionResult)
   en System.Web.Mvc.ControllerActionInvoker.InvokeActionResultFilterRecursive(IList`1 filters, Int32 filterIndex, ResultExecutingContext preContext, ControllerContext controllerContext, ActionResult actionResult)
   en System.Web.Mvc.ControllerActionInvoker.InvokeActionResultFilterRecursive(IList`1 filters, Int32 filterIndex, ResultExecutingContext preContext, ControllerContext controllerContext, ActionResult actionResult)
   en System.Web.Mvc.ControllerActionInvoker.InvokeActionResultFilterRecursive(IList`1 filters, Int32 filterIndex, ResultExecutingContext preContext, ControllerContext controllerContext, ActionResult actionResult)
   en System.Web.Mvc.ControllerActionInvoker.InvokeActionResultWithFilters(ControllerContext controllerContext, IList`1 filters, ActionResult actionResult)
   en System.Web.Mvc.Async.AsyncControllerActionInvoker.<>c__DisplayClass3_1.<BeginInvokeAction>b__1(IAsyncResult asyncResult)

2026-02-19 11:40:56.139 | Financiero/Index
System.Web.HttpParseException (0x80004005): "{" inesperado tras el carácter "@". Dentro del cuerpo de un bloque de códigos (@if {}, @{}, etc.) no es necesario utilizar "@{" para cambiar al código.

   en System.Web.WebPages.Razor.RazorBuildProvider.EnsureGeneratedCode()
   en System.Web.WebPages.Razor.RazorBuildProvider.get_CodeCompilerType()
   en System.Web.Compilation.BuildProvider.GetCompilerTypeFromBuildProvider(BuildProvider buildProvider)
   en System.Web.Compilation.BuildProvidersCompiler.ProcessBuildProviders()
   en System.Web.Compilation.BuildProvidersCompiler.PerformBuild()
   en System.Web.Compilation.BuildManager.CompileWebFile(VirtualPath virtualPath)
   en System.Web.Compilation.BuildManager.GetVPathBuildResultInternal(VirtualPath virtualPath, Boolean noBuild, Boolean allowCrossApp, Boolean allowBuildInPrecompile, Boolean throwIfNotFound, Boolean ensureIsUpToDate)
   en System.Web.Compilation.BuildManager.GetVPathBuildResultWithNoAssert(HttpContext context, VirtualPath virtualPath, Boolean noBuild, Boolean allowCrossApp, Boolean allowBuildInPrecompile, Boolean throwIfNotFound, Boolean ensureIsUpToDate)
   en System.Web.Compilation.BuildManager.GetVirtualPathObjectFactory(VirtualPath virtualPath, HttpContext context, Boolean allowCrossApp, Boolean throwIfNotFound)
   en System.Web.Compilation.BuildManager.GetCompiledType(VirtualPath virtualPath)
   en System.Web.Mvc.BuildManagerCompiledView.Render(ViewContext viewContext, TextWriter writer)
   en System.Web.Mvc.ViewResultBase.ExecuteResult(ControllerContext context)
   en System.Web.Mvc.ControllerActionInvoker.InvokeActionResultFilterRecursive(IList`1 filters, Int32 filterIndex, ResultExecutingContext preContext, ControllerContext controllerContext, ActionResult actionResult)
   en System.Web.Mvc.ControllerActionInvoker.InvokeActionResultFilterRecursive(IList`1 filters, Int32 filterIndex, ResultExecutingContext preContext, ControllerContext controllerContext, ActionResult actionResult)
   en System.Web.Mvc.ControllerActionInvoker.InvokeActionResultFilterRecursive(IList`1 filters, Int32 filterIndex, ResultExecutingContext preContext, ControllerContext controllerContext, ActionResult actionResult)
   en System.Web.Mvc.ControllerActionInvoker.InvokeActionResultFilterRecursive(IList`1 filters, Int32 filterIndex, ResultExecutingContext preContext, ControllerContext controllerContext, ActionResult actionResult)
   en System.Web.Mvc.ControllerActionInvoker.InvokeActionResultWithFilters(ControllerContext controllerContext, IList`1 filters, ActionResult actionResult)
   en System.Web.Mvc.Async.AsyncControllerActionInvoker.<>c__DisplayClass3_1.<BeginInvokeAction>b__1(IAsyncResult asyncResult)

2026-02-19 11:48:12.959 | Financiero/Index
System.Web.HttpParseException (0x80004005): Palabra clave "if" inesperada después del carácter "@". Una vez dentro del código, no es necesario añadir prefijos a las construcciones, como "if" con "@".

   en System.Web.WebPages.Razor.RazorBuildProvider.EnsureGeneratedCode()
   en System.Web.WebPages.Razor.RazorBuildProvider.get_CodeCompilerType()
   en System.Web.Compilation.BuildProvider.GetCompilerTypeFromBuildProvider(BuildProvider buildProvider)
   en System.Web.Compilation.BuildProvidersCompiler.ProcessBuildProviders()
   en System.Web.Compilation.BuildProvidersCompiler.PerformBuild()
   en System.Web.Compilation.BuildManager.CompileWebFile(VirtualPath virtualPath)
   en System.Web.Compilation.BuildManager.GetVPathBuildResultInternal(VirtualPath virtualPath, Boolean noBuild, Boolean allowCrossApp, Boolean allowBuildInPrecompile, Boolean throwIfNotFound, Boolean ensureIsUpToDate)
   en System.Web.Compilation.BuildManager.GetVPathBuildResultWithNoAssert(HttpContext context, VirtualPath virtualPath, Boolean noBuild, Boolean allowCrossApp, Boolean allowBuildInPrecompile, Boolean throwIfNotFound, Boolean ensureIsUpToDate)
   en System.Web.Compilation.BuildManager.GetVirtualPathObjectFactory(VirtualPath virtualPath, HttpContext context, Boolean allowCrossApp, Boolean throwIfNotFound)
   en System.Web.Compilation.BuildManager.GetCompiledType(VirtualPath virtualPath)
   en System.Web.Mvc.BuildManagerCompiledView.Render(ViewContext viewContext, TextWriter writer)
   en System.Web.Mvc.ViewResultBase.ExecuteResult(ControllerContext context)
   en System.Web.Mvc.ControllerActionInvoker.InvokeActionResultFilterRecursive(IList`1 filters, Int32 filterIndex, ResultExecutingContext preContext, ControllerContext controllerContext, ActionResult actionResult)
   en System.Web.Mvc.ControllerActionInvoker.InvokeActionResultFilterRecursive(IList`1 filters, Int32 filterIndex, ResultExecutingContext preContext, ControllerContext controllerContext, ActionResult actionResult)
   en System.Web.Mvc.ControllerActionInvoker.InvokeActionResultFilterRecursive(IList`1 filters, Int32 filterIndex, ResultExecutingContext preContext, ControllerContext controllerContext, ActionResult actionResult)
   en System.Web.Mvc.ControllerActionInvoker.InvokeActionResultFilterRecursive(IList`1 filters, Int32 filterIndex, ResultExecutingContext preContext, ControllerContext controllerContext, ActionResult actionResult)
   en System.Web.Mvc.ControllerActionInvoker.InvokeActionResultWithFilters(ControllerContext controllerContext, IList`1 filters, ActionResult actionResult)
   en System.Web.Mvc.Async.AsyncControllerActionInvoker.<>c__DisplayClass3_1.<BeginInvokeAction>b__1(IAsyncResult asyncResult)

2026-02-19 11:50:09.181 | Financiero/Index
System.Web.HttpParseException (0x80004005): Palabra clave "if" inesperada después del carácter "@". Una vez dentro del código, no es necesario añadir prefijos a las construcciones, como "if" con "@".

   en System.Web.WebPages.Razor.RazorBuildProvider.EnsureGeneratedCode()
   en System.Web.WebPages.Razor.RazorBuildProvider.get_CodeCompilerType()
   en System.Web.Compilation.BuildProvider.GetCompilerTypeFromBuildProvider(BuildProvider buildProvider)
   en System.Web.Compilation.BuildProvidersCompiler.ProcessBuildProviders()
   en System.Web.Compilation.BuildProvidersCompiler.PerformBuild()
   en System.Web.Compilation.BuildManager.CompileWebFile(VirtualPath virtualPath)
   en System.Web.Compilation.BuildManager.GetVPathBuildResultInternal(VirtualPath virtualPath, Boolean noBuild, Boolean allowCrossApp, Boolean allowBuildInPrecompile, Boolean throwIfNotFound, Boolean ensureIsUpToDate)
   en System.Web.Compilation.BuildManager.GetVPathBuildResultWithNoAssert(HttpContext context, VirtualPath virtualPath, Boolean noBuild, Boolean allowCrossApp, Boolean allowBuildInPrecompile, Boolean throwIfNotFound, Boolean ensureIsUpToDate)
   en System.Web.Compilation.BuildManager.GetVirtualPathObjectFactory(VirtualPath virtualPath, HttpContext context, Boolean allowCrossApp, Boolean throwIfNotFound)
   en System.Web.Compilation.BuildManager.GetCompiledType(VirtualPath virtualPath)
   en System.Web.Mvc.BuildManagerCompiledView.Render(ViewContext viewContext, TextWriter writer)
   en System.Web.Mvc.ViewResultBase.ExecuteResult(ControllerContext context)
   en System.Web.Mvc.ControllerActionInvoker.InvokeActionResultFilterRecursive(IList`1 filters, Int32 filterIndex, ResultExecutingContext preContext, ControllerContext controllerContext, ActionResult actionResult)
   en System.Web.Mvc.ControllerActionInvoker.InvokeActionResultFilterRecursive(IList`1 filters, Int32 filterIndex, ResultExecutingContext preContext, ControllerContext controllerContext, ActionResult actionResult)
   en System.Web.Mvc.ControllerActionInvoker.InvokeActionResultFilterRecursive(IList`1 filters, Int32 filterIndex, ResultExecutingContext preContext, ControllerContext controllerContext, ActionResult actionResult)
   en System.Web.Mvc.ControllerActionInvoker.InvokeActionResultFilterRecursive(IList`1 filters, Int32 filterIndex, ResultExecutingContext preContext, ControllerContext controllerContext, ActionResult actionResult)
   en System.Web.Mvc.ControllerActionInvoker.InvokeActionResultWithFilters(ControllerContext controllerContext, IList`1 filters, ActionResult actionResult)
   en System.Web.Mvc.Async.AsyncControllerActionInvoker.<>c__DisplayClass3_1.<BeginInvokeAction>b__1(IAsyncResult asyncResult)

2026-02-19 11:50:40.136 | Financiero/Index
System.Web.HttpParseException (0x80004005): Palabra clave "if" inesperada después del carácter "@". Una vez dentro del código, no es necesario añadir prefijos a las construcciones, como "if" con "@".

   en System.Web.WebPages.Razor.RazorBuildProvider.EnsureGeneratedCode()
   en System.Web.WebPages.Razor.RazorBuildProvider.get_CodeCompilerType()
   en System.Web.Compilation.BuildProvider.GetCompilerTypeFromBuildProvider(BuildProvider buildProvider)
   en System.Web.Compilation.BuildProvidersCompiler.ProcessBuildProviders()
   en System.Web.Compilation.BuildProvidersCompiler.PerformBuild()
   en System.Web.Compilation.BuildManager.CompileWebFile(VirtualPath virtualPath)
   en System.Web.Compilation.BuildManager.GetVPathBuildResultInternal(VirtualPath virtualPath, Boolean noBuild, Boolean allowCrossApp, Boolean allowBuildInPrecompile, Boolean throwIfNotFound, Boolean ensureIsUpToDate)
   en System.Web.Compilation.BuildManager.GetVPathBuildResultWithNoAssert(HttpContext context, VirtualPath virtualPath, Boolean noBuild, Boolean allowCrossApp, Boolean allowBuildInPrecompile, Boolean throwIfNotFound, Boolean ensureIsUpToDate)
   en System.Web.Compilation.BuildManager.GetVirtualPathObjectFactory(VirtualPath virtualPath, HttpContext context, Boolean allowCrossApp, Boolean throwIfNotFound)
   en System.Web.Compilation.BuildManager.GetCompiledType(VirtualPath virtualPath)
   en System.Web.Mvc.BuildManagerCompiledView.Render(ViewContext viewContext, TextWriter writer)
   en System.Web.Mvc.ViewResultBase.ExecuteResult(ControllerContext context)
   en System.Web.Mvc.ControllerActionInvoker.InvokeActionResultFilterRecursive(IList`1 filters, Int32 filterIndex, ResultExecutingContext preContext, ControllerContext controllerContext, ActionResult actionResult)
   en System.Web.Mvc.ControllerActionInvoker.InvokeActionResultFilterRecursive(IList`1 filters, Int32 filterIndex, ResultExecutingContext preContext, ControllerContext controllerContext, ActionResult actionResult)
   en System.Web.Mvc.ControllerActionInvoker.InvokeActionResultFilterRecursive(IList`1 filters, Int32 filterIndex, ResultExecutingContext preContext, ControllerContext controllerContext, ActionResult actionResult)
   en System.Web.Mvc.ControllerActionInvoker.InvokeActionResultFilterRecursive(IList`1 filters, Int32 filterIndex, ResultExecutingContext preContext, ControllerContext controllerContext, ActionResult actionResult)
   en System.Web.Mvc.ControllerActionInvoker.InvokeActionResultWithFilters(ControllerContext controllerContext, IList`1 filters, ActionResult actionResult)
   en System.Web.Mvc.Async.AsyncControllerActionInvoker.<>c__DisplayClass3_1.<BeginInvokeAction>b__1(IAsyncResult asyncResult)

2026-02-19 14:45:21.124 | Usuario/RevisarDesignaciones
System.Web.HttpParseException (0x80004005): Palabra clave "using" inesperada después del carácter "@". Una vez dentro del código, no es necesario añadir prefijos a las construcciones, como "using" con "@".

   en System.Web.WebPages.Razor.RazorBuildProvider.EnsureGeneratedCode()
   en System.Web.WebPages.Razor.RazorBuildProvider.get_CodeCompilerType()
   en System.Web.Compilation.BuildProvider.GetCompilerTypeFromBuildProvider(BuildProvider buildProvider)
   en System.Web.Compilation.BuildProvidersCompiler.ProcessBuildProviders()
   en System.Web.Compilation.BuildProvidersCompiler.PerformBuild()
   en System.Web.Compilation.BuildManager.CompileWebFile(VirtualPath virtualPath)
   en System.Web.Compilation.BuildManager.GetVPathBuildResultInternal(VirtualPath virtualPath, Boolean noBuild, Boolean allowCrossApp, Boolean allowBuildInPrecompile, Boolean throwIfNotFound, Boolean ensureIsUpToDate)
   en System.Web.Compilation.BuildManager.GetVPathBuildResultWithNoAssert(HttpContext context, VirtualPath virtualPath, Boolean noBuild, Boolean allowCrossApp, Boolean allowBuildInPrecompile, Boolean throwIfNotFound, Boolean ensureIsUpToDate)
   en System.Web.Compilation.BuildManager.GetVirtualPathObjectFactory(VirtualPath virtualPath, HttpContext context, Boolean allowCrossApp, Boolean throwIfNotFound)
   en System.Web.Compilation.BuildManager.GetCompiledType(VirtualPath virtualPath)
   en System.Web.Mvc.BuildManagerCompiledView.Render(ViewContext viewContext, TextWriter writer)
   en System.Web.Mvc.ViewResultBase.ExecuteResult(ControllerContext context)
   en System.Web.Mvc.ControllerActionInvoker.InvokeActionResultFilterRecursive(IList`1 filters, Int32 filterIndex, ResultExecutingContext preContext, ControllerContext controllerContext, ActionResult actionResult)
   en System.Web.Mvc.ControllerActionInvoker.InvokeActionResultFilterRecursive(IList`1 filters, Int32 filterIndex, ResultExecutingContext preContext, ControllerContext controllerContext, ActionResult actionResult)
   en System.Web.Mvc.ControllerActionInvoker.InvokeActionResultFilterRecursive(IList`1 filters, Int32 filterIndex, ResultExecutingContext preContext, ControllerContext controllerContext, ActionResult actionResult)
   en System.Web.Mvc.ControllerActionInvoker.InvokeActionResultFilterRecursive(IList`1 filters, Int32 filterIndex, ResultExecutingContext preContext, ControllerContext controllerContext, ActionResult actionResult)
   en System.Web.Mvc.ControllerActionInvoker.InvokeActionResultWithFilters(ControllerContext controllerContext, IList`1 filters, ActionResult actionResult)
   en System.Web.Mvc.Async.AsyncControllerActionInvoker.<>c__DisplayClass3_1.<BeginInvokeAction>b__1(IAsyncResult asyncResult)

2026-02-19 14:46:25.351 | Usuario/RevisarDesignaciones
System.Web.HttpParseException (0x80004005): Palabra clave "using" inesperada después del carácter "@". Una vez dentro del código, no es necesario añadir prefijos a las construcciones, como "using" con "@".

   en System.Web.WebPages.Razor.RazorBuildProvider.EnsureGeneratedCode()
   en System.Web.WebPages.Razor.RazorBuildProvider.get_CodeCompilerType()
   en System.Web.Compilation.BuildProvider.GetCompilerTypeFromBuildProvider(BuildProvider buildProvider)
   en System.Web.Compilation.BuildProvidersCompiler.ProcessBuildProviders()
   en System.Web.Compilation.BuildProvidersCompiler.PerformBuild()
   en System.Web.Compilation.BuildManager.CompileWebFile(VirtualPath virtualPath)
   en System.Web.Compilation.BuildManager.GetVPathBuildResultInternal(VirtualPath virtualPath, Boolean noBuild, Boolean allowCrossApp, Boolean allowBuildInPrecompile, Boolean throwIfNotFound, Boolean ensureIsUpToDate)
   en System.Web.Compilation.BuildManager.GetVPathBuildResultWithNoAssert(HttpContext context, VirtualPath virtualPath, Boolean noBuild, Boolean allowCrossApp, Boolean allowBuildInPrecompile, Boolean throwIfNotFound, Boolean ensureIsUpToDate)
   en System.Web.Compilation.BuildManager.GetVirtualPathObjectFactory(VirtualPath virtualPath, HttpContext context, Boolean allowCrossApp, Boolean throwIfNotFound)
   en System.Web.Compilation.BuildManager.GetCompiledType(VirtualPath virtualPath)
   en System.Web.Mvc.BuildManagerCompiledView.Render(ViewContext viewContext, TextWriter writer)
   en System.Web.Mvc.ViewResultBase.ExecuteResult(ControllerContext context)
   en System.Web.Mvc.ControllerActionInvoker.InvokeActionResultFilterRecursive(IList`1 filters, Int32 filterIndex, ResultExecutingContext preContext, ControllerContext controllerContext, ActionResult actionResult)
   en System.Web.Mvc.ControllerActionInvoker.InvokeActionResultFilterRecursive(IList`1 filters, Int32 filterIndex, ResultExecutingContext preContext, ControllerContext controllerContext, ActionResult actionResult)
   en System.Web.Mvc.ControllerActionInvoker.InvokeActionResultFilterRecursive(IList`1 filters, Int32 filterIndex, ResultExecutingContext preContext, ControllerContext controllerContext, ActionResult actionResult)
   en System.Web.Mvc.ControllerActionInvoker.InvokeActionResultFilterRecursive(IList`1 filters, Int32 filterIndex, ResultExecutingContext preContext, ControllerContext controllerContext, ActionResult actionResult)
   en System.Web.Mvc.ControllerActionInvoker.InvokeActionResultWithFilters(ControllerContext controllerContext, IList`1 filters, ActionResult actionResult)
   en System.Web.Mvc.Async.AsyncControllerActionInvoker.<>c__DisplayClass3_1.<BeginInvokeAction>b__1(IAsyncResult asyncResult)

2026-02-19 15:43:02.568 | Account/EnviarRecuperar
System.Web.Mvc.HttpAntiForgeryException (0x80004005): El campo de formulario antifalsificación "__RequestVerificationToken" no está presente.
   en System.Web.Helpers.AntiXsrf.TokenValidator.ValidateTokens(HttpContextBase httpContext, IIdentity identity, AntiForgeryToken sessionToken, AntiForgeryToken fieldToken)
   en System.Web.Helpers.AntiXsrf.AntiForgeryWorker.Validate(HttpContextBase httpContext)
   en System.Web.Mvc.ControllerActionInvoker.InvokeAuthorizationFilters(ControllerContext controllerContext, IList`1 filters, ActionDescriptor actionDescriptor)
   en System.Web.Mvc.Async.AsyncControllerActionInvoker.<>c__DisplayClass3_1.<BeginInvokeAction>b__0(AsyncCallback asyncCallback, Object asyncState)

2026-02-19 15:43:05.434 | Account/EnviarRecuperar
System.Web.Mvc.HttpAntiForgeryException (0x80004005): El campo de formulario antifalsificación "__RequestVerificationToken" no está presente.
   en System.Web.Helpers.AntiXsrf.TokenValidator.ValidateTokens(HttpContextBase httpContext, IIdentity identity, AntiForgeryToken sessionToken, AntiForgeryToken fieldToken)
   en System.Web.Helpers.AntiXsrf.AntiForgeryWorker.Validate(HttpContextBase httpContext)
   en System.Web.Mvc.ControllerActionInvoker.InvokeAuthorizationFilters(ControllerContext controllerContext, IList`1 filters, ActionDescriptor actionDescriptor)
   en System.Web.Mvc.Async.AsyncControllerActionInvoker.<>c__DisplayClass3_1.<BeginInvokeAction>b__0(AsyncCallback asyncCallback, Object asyncState)

2026-02-19 15:43:06.559 | Account/EnviarRecuperar
System.Web.Mvc.HttpAntiForgeryException (0x80004005): El campo de formulario antifalsificación "__RequestVerificationToken" no está presente.
   en System.Web.Helpers.AntiXsrf.TokenValidator.ValidateTokens(HttpContextBase httpContext, IIdentity identity, AntiForgeryToken sessionToken, AntiForgeryToken fieldToken)
   en System.Web.Helpers.AntiXsrf.AntiForgeryWorker.Validate(HttpContextBase httpContext)
   en System.Web.Mvc.ControllerActionInvoker.InvokeAuthorizationFilters(ControllerContext controllerContext, IList`1 filters, ActionDescriptor actionDescriptor)
   en System.Web.Mvc.Async.AsyncControllerActionInvoker.<>c__DisplayClass3_1.<BeginInvokeAction>b__0(AsyncCallback asyncCallback, Object asyncState)

2026-02-19 15:43:07.642 | Account/EnviarRecuperar
System.Web.Mvc.HttpAntiForgeryException (0x80004005): El campo de formulario antifalsificación "__RequestVerificationToken" no está presente.
   en System.Web.Helpers.AntiXsrf.TokenValidator.ValidateTokens(HttpContextBase httpContext, IIdentity identity, AntiForgeryToken sessionToken, AntiForgeryToken fieldToken)
   en System.Web.Helpers.AntiXsrf.AntiForgeryWorker.Validate(HttpContextBase httpContext)
   en System.Web.Mvc.ControllerActionInvoker.InvokeAuthorizationFilters(ControllerContext controllerContext, IList`1 filters, ActionDescriptor actionDescriptor)
   en System.Web.Mvc.Async.AsyncControllerActionInvoker.<>c__DisplayClass3_1.<BeginInvokeAction>b__0(AsyncCallback asyncCallback, Object asyncState)

2026-02-19 15:43:08.200 | Account/EnviarRecuperar
System.Web.Mvc.HttpAntiForgeryException (0x80004005): El campo de formulario antifalsificación "__RequestVerificationToken" no está presente.
   en System.Web.Helpers.AntiXsrf.TokenValidator.ValidateTokens(HttpContextBase httpContext, IIdentity identity, AntiForgeryToken sessionToken, AntiForgeryToken fieldToken)
   en System.Web.Helpers.AntiXsrf.AntiForgeryWorker.Validate(HttpContextBase httpContext)
   en System.Web.Mvc.ControllerActionInvoker.InvokeAuthorizationFilters(ControllerContext controllerContext, IList`1 filters, ActionDescriptor actionDescriptor)
   en System.Web.Mvc.Async.AsyncControllerActionInvoker.<>c__DisplayClass3_1.<BeginInvokeAction>b__0(AsyncCallback asyncCallback, Object asyncState)

2026-02-19 15:43:08.729 | Account/EnviarRecuperar
System.Web.Mvc.HttpAntiForgeryException (0x80004005): El campo de formulario antifalsificación "__RequestVerificationToken" no está presente.
   en System.Web.Helpers.AntiXsrf.TokenValidator.ValidateTokens(HttpContextBase httpContext, IIdentity identity, AntiForgeryToken sessionToken, AntiForgeryToken fieldToken)
   en System.Web.Helpers.AntiXsrf.AntiForgeryWorker.Validate(HttpContextBase httpContext)
   en System.Web.Mvc.ControllerActionInvoker.InvokeAuthorizationFilters(ControllerContext controllerContext, IList`1 filters, ActionDescriptor actionDescriptor)
   en System.Web.Mvc.Async.AsyncControllerActionInvoker.<>c__DisplayClass3_1.<BeginInvokeAction>b__0(AsyncCallback asyncCallback, Object asyncState)

2026-02-19 15:50:28.168 | ReportesFinancieros/Index
System.Web.HttpCompileException (0x80004005): c:\AOCR\AOCR\AOCR05-01-2026\AOCR1\AOCR\CapaPresentacion\Views\ReportesFinancieros\Index.cshtml(89): error CS1525: El término de la expresión '.' no es válido
   en System.Web.Compilation.AssemblyBuilder.Compile()
   en System.Web.Compilation.BuildProvidersCompiler.PerformBuild()
   en System.Web.Compilation.BuildManager.CompileWebFile(VirtualPath virtualPath)
   en System.Web.Compilation.BuildManager.GetVPathBuildResultInternal(VirtualPath virtualPath, Boolean noBuild, Boolean allowCrossApp, Boolean allowBuildInPrecompile, Boolean throwIfNotFound, Boolean ensureIsUpToDate)
   en System.Web.Compilation.BuildManager.GetVPathBuildResultWithNoAssert(HttpContext context, VirtualPath virtualPath, Boolean noBuild, Boolean allowCrossApp, Boolean allowBuildInPrecompile, Boolean throwIfNotFound, Boolean ensureIsUpToDate)
   en System.Web.Compilation.BuildManager.GetVirtualPathObjectFactory(VirtualPath virtualPath, HttpContext context, Boolean allowCrossApp, Boolean throwIfNotFound)
   en System.Web.Compilation.BuildManager.GetCompiledType(VirtualPath virtualPath)
   en System.Web.Mvc.BuildManagerCompiledView.Render(ViewContext viewContext, TextWriter writer)
   en System.Web.Mvc.ViewResultBase.ExecuteResult(ControllerContext context)
   en System.Web.Mvc.ControllerActionInvoker.InvokeActionResultFilterRecursive(IList`1 filters, Int32 filterIndex, ResultExecutingContext preContext, ControllerContext controllerContext, ActionResult actionResult)
   en System.Web.Mvc.ControllerActionInvoker.InvokeActionResultFilterRecursive(IList`1 filters, Int32 filterIndex, ResultExecutingContext preContext, ControllerContext controllerContext, ActionResult actionResult)
   en System.Web.Mvc.ControllerActionInvoker.InvokeActionResultFilterRecursive(IList`1 filters, Int32 filterIndex, ResultExecutingContext preContext, ControllerContext controllerContext, ActionResult actionResult)
   en System.Web.Mvc.ControllerActionInvoker.InvokeActionResultFilterRecursive(IList`1 filters, Int32 filterIndex, ResultExecutingContext preContext, ControllerContext controllerContext, ActionResult actionResult)
   en System.Web.Mvc.ControllerActionInvoker.InvokeActionResultWithFilters(ControllerContext controllerContext, IList`1 filters, ActionResult actionResult)
   en System.Web.Mvc.Async.AsyncControllerActionInvoker.<>c__DisplayClass3_1.<BeginInvokeAction>b__1(IAsyncResult asyncResult)

2026-02-19 15:51:33.529 | ReportesFinancieros/Index
System.Web.HttpCompileException (0x80004005): c:\AOCR\AOCR\AOCR05-01-2026\AOCR1\AOCR\CapaPresentacion\Views\ReportesFinancieros\Index.cshtml(89): error CS1525: El término de la expresión '.' no es válido
   en System.Web.Compilation.AssemblyBuilder.Compile()
   en System.Web.Compilation.BuildProvidersCompiler.PerformBuild()
   en System.Web.Compilation.BuildManager.CompileWebFile(VirtualPath virtualPath)
   en System.Web.Compilation.BuildManager.GetVPathBuildResultInternal(VirtualPath virtualPath, Boolean noBuild, Boolean allowCrossApp, Boolean allowBuildInPrecompile, Boolean throwIfNotFound, Boolean ensureIsUpToDate)
   en System.Web.Compilation.BuildManager.GetVPathBuildResultWithNoAssert(HttpContext context, VirtualPath virtualPath, Boolean noBuild, Boolean allowCrossApp, Boolean allowBuildInPrecompile, Boolean throwIfNotFound, Boolean ensureIsUpToDate)
   en System.Web.Compilation.BuildManager.GetVirtualPathObjectFactory(VirtualPath virtualPath, HttpContext context, Boolean allowCrossApp, Boolean throwIfNotFound)
   en System.Web.Compilation.BuildManager.GetCompiledType(VirtualPath virtualPath)
   en System.Web.Mvc.BuildManagerCompiledView.Render(ViewContext viewContext, TextWriter writer)
   en System.Web.Mvc.ViewResultBase.ExecuteResult(ControllerContext context)
   en System.Web.Mvc.ControllerActionInvoker.InvokeActionResultFilterRecursive(IList`1 filters, Int32 filterIndex, ResultExecutingContext preContext, ControllerContext controllerContext, ActionResult actionResult)
   en System.Web.Mvc.ControllerActionInvoker.InvokeActionResultFilterRecursive(IList`1 filters, Int32 filterIndex, ResultExecutingContext preContext, ControllerContext controllerContext, ActionResult actionResult)
   en System.Web.Mvc.ControllerActionInvoker.InvokeActionResultFilterRecursive(IList`1 filters, Int32 filterIndex, ResultExecutingContext preContext, ControllerContext controllerContext, ActionResult actionResult)
   en System.Web.Mvc.ControllerActionInvoker.InvokeActionResultFilterRecursive(IList`1 filters, Int32 filterIndex, ResultExecutingContext preContext, ControllerContext controllerContext, ActionResult actionResult)
   en System.Web.Mvc.ControllerActionInvoker.InvokeActionResultWithFilters(ControllerContext controllerContext, IList`1 filters, ActionResult actionResult)
   en System.Web.Mvc.Async.AsyncControllerActionInvoker.<>c__DisplayClass3_1.<BeginInvokeAction>b__1(IAsyncResult asyncResult)

2026-02-20 10:08:34.570 | Account/Login
System.Web.Mvc.HttpAntiForgeryException (0x80004005): El token antifalsificación proporcionado se diseñó para el usuario "USU_ADMIN" pero el usuario actual es "".
   en System.Web.Helpers.AntiXsrf.TokenValidator.ValidateTokens(HttpContextBase httpContext, IIdentity identity, AntiForgeryToken sessionToken, AntiForgeryToken fieldToken)
   en System.Web.Helpers.AntiXsrf.AntiForgeryWorker.Validate(HttpContextBase httpContext)
   en System.Web.Mvc.ControllerActionInvoker.InvokeAuthorizationFilters(ControllerContext controllerContext, IList`1 filters, ActionDescriptor actionDescriptor)
   en System.Web.Mvc.Async.AsyncControllerActionInvoker.<>c__DisplayClass3_1.<BeginInvokeAction>b__0(AsyncCallback asyncCallback, Object asyncState)

2026-02-20 12:12:42.087 | OrdenRecaudacion/DescargarPdf
System.Web.HttpCompileException (0x80004005): c:\AOCR\AOCR\AOCR05-01-2026\AOCR1\AOCR\CapaPresentacion\Views\OrdenRecaudacion\OrdenRecaudacionPDF.cshtml(23): error CS0103: El nombre 'page' no existe en el contexto actual
   en System.Web.Compilation.AssemblyBuilder.Compile()
   en System.Web.Compilation.BuildProvidersCompiler.PerformBuild()
   en System.Web.Compilation.BuildManager.CompileWebFile(VirtualPath virtualPath)
   en System.Web.Compilation.BuildManager.GetVPathBuildResultInternal(VirtualPath virtualPath, Boolean noBuild, Boolean allowCrossApp, Boolean allowBuildInPrecompile, Boolean throwIfNotFound, Boolean ensureIsUpToDate)
   en System.Web.Compilation.BuildManager.GetVPathBuildResultWithNoAssert(HttpContext context, VirtualPath virtualPath, Boolean noBuild, Boolean allowCrossApp, Boolean allowBuildInPrecompile, Boolean throwIfNotFound, Boolean ensureIsUpToDate)
   en System.Web.Compilation.BuildManager.GetVirtualPathObjectFactory(VirtualPath virtualPath, HttpContext context, Boolean allowCrossApp, Boolean throwIfNotFound)
   en System.Web.Compilation.BuildManager.GetCompiledType(VirtualPath virtualPath)
   en System.Web.Mvc.BuildManagerCompiledView.Render(ViewContext viewContext, TextWriter writer)
   en Rotativa.Extensions.ControllerContextExtensions.GetHtmlFromView(ControllerContext context, ViewEngineResult viewResult, String viewName, Object model)
   en Rotativa.ViewAsPdf.CallTheDriver(ControllerContext context)
   en Rotativa.AsResultBase.BuildFile(ControllerContext context)
   en Rotativa.AsResultBase.ExecuteResult(ControllerContext context)
   en System.Web.Mvc.ControllerActionInvoker.InvokeActionResultFilterRecursive(IList`1 filters, Int32 filterIndex, ResultExecutingContext preContext, ControllerContext controllerContext, ActionResult actionResult)
   en System.Web.Mvc.ControllerActionInvoker.InvokeActionResultFilterRecursive(IList`1 filters, Int32 filterIndex, ResultExecutingContext preContext, ControllerContext controllerContext, ActionResult actionResult)
   en System.Web.Mvc.ControllerActionInvoker.InvokeActionResultFilterRecursive(IList`1 filters, Int32 filterIndex, ResultExecutingContext preContext, ControllerContext controllerContext, ActionResult actionResult)
   en System.Web.Mvc.ControllerActionInvoker.InvokeActionResultFilterRecursive(IList`1 filters, Int32 filterIndex, ResultExecutingContext preContext, ControllerContext controllerContext, ActionResult actionResult)
   en System.Web.Mvc.ControllerActionInvoker.InvokeActionResultWithFilters(ControllerContext controllerContext, IList`1 filters, ActionResult actionResult)
   en System.Web.Mvc.Async.AsyncControllerActionInvoker.<>c__DisplayClass3_1.<BeginInvokeAction>b__1(IAsyncResult asyncResult)

2026-02-20 13:42:05.916 | OrdenRecaudacion/DescargarPdf
System.Web.HttpCompileException (0x80004005): c:\AOCR\AOCR\AOCR05-01-2026\AOCR1\AOCR\CapaPresentacion\Views\Shared\_PdfLayoutDGAC.cshtml(11): error CS0103: El nombre 'page' no existe en el contexto actual
   en System.Web.Compilation.AssemblyBuilder.Compile()
   en System.Web.Compilation.BuildProvidersCompiler.PerformBuild()
   en System.Web.Compilation.BuildManager.CompileWebFile(VirtualPath virtualPath)
   en System.Web.Compilation.BuildManager.GetVPathBuildResultInternal(VirtualPath virtualPath, Boolean noBuild, Boolean allowCrossApp, Boolean allowBuildInPrecompile, Boolean throwIfNotFound, Boolean ensureIsUpToDate)
   en System.Web.Compilation.BuildManager.GetVPathBuildResultWithNoAssert(HttpContext context, VirtualPath virtualPath, Boolean noBuild, Boolean allowCrossApp, Boolean allowBuildInPrecompile, Boolean throwIfNotFound, Boolean ensureIsUpToDate)
   en System.Web.Compilation.BuildManager.GetVirtualPathObjectFactory(VirtualPath virtualPath, HttpContext context, Boolean allowCrossApp, Boolean throwIfNotFound)
   en System.Web.Compilation.BuildManager.CreateInstanceFromVirtualPath(VirtualPath virtualPath, Type requiredBaseType, HttpContext context, Boolean allowCrossApp)
   en System.Web.WebPages.BuildManagerWrapper.CreateInstanceOfType[T](String virtualPath)
   en System.Web.WebPages.VirtualPathFactoryManager.CreateInstanceOfType[T](String virtualPath)
   en System.Web.WebPages.WebPageBase.CreatePageFromVirtualPath(String virtualPath, HttpContextBase httpContext, Func`2 virtualPathExists, DisplayModeProvider displayModeProvider, IDisplayMode displayMode)
   en System.Web.WebPages.WebPageBase.<>c__DisplayClass40_0.<RenderPageCore>b__0(TextWriter writer)
   en System.Web.WebPages.WebPageBase.Write(HelperResult result)
   en System.Web.WebPages.WebPageBase.RenderSurrounding(String partialViewName, Action`1 body)
   en System.Web.WebPages.WebPageBase.PopContext()
   en Rotativa.Extensions.ControllerContextExtensions.GetHtmlFromView(ControllerContext context, ViewEngineResult viewResult, String viewName, Object model)
   en Rotativa.ViewAsPdf.CallTheDriver(ControllerContext context)
   en Rotativa.AsResultBase.BuildFile(ControllerContext context)
   en Rotativa.AsResultBase.ExecuteResult(ControllerContext context)
   en System.Web.Mvc.ControllerActionInvoker.InvokeActionResultFilterRecursive(IList`1 filters, Int32 filterIndex, ResultExecutingContext preContext, ControllerContext controllerContext, ActionResult actionResult)
   en System.Web.Mvc.ControllerActionInvoker.InvokeActionResultFilterRecursive(IList`1 filters, Int32 filterIndex, ResultExecutingContext preContext, ControllerContext controllerContext, ActionResult actionResult)
   en System.Web.Mvc.ControllerActionInvoker.InvokeActionResultFilterRecursive(IList`1 filters, Int32 filterIndex, ResultExecutingContext preContext, ControllerContext controllerContext, ActionResult actionResult)
   en System.Web.Mvc.ControllerActionInvoker.InvokeActionResultFilterRecursive(IList`1 filters, Int32 filterIndex, ResultExecutingContext preContext, ControllerContext controllerContext, ActionResult actionResult)
   en System.Web.Mvc.ControllerActionInvoker.InvokeActionResultWithFilters(ControllerContext controllerContext, IList`1 filters, ActionResult actionResult)
   en System.Web.Mvc.Async.AsyncControllerActionInvoker.<>c__DisplayClass3_1.<BeginInvokeAction>b__1(IAsyncResult asyncResult)

2026-02-20 14:34:50.188 | OrdenRecaudacion/DescargarPdf
System.Web.HttpCompileException (0x80004005): c:\AOCR\AOCR\AOCR05-01-2026\AOCR1\AOCR\CapaPresentacion\Views\Shared\_PdfLayoutDGAC.cshtml(11): error CS0103: El nombre 'page' no existe en el contexto actual
   en System.Web.Compilation.AssemblyBuilder.Compile()
   en System.Web.Compilation.BuildProvidersCompiler.PerformBuild()
   en System.Web.Compilation.BuildManager.CompileWebFile(VirtualPath virtualPath)
   en System.Web.Compilation.BuildManager.GetVPathBuildResultInternal(VirtualPath virtualPath, Boolean noBuild, Boolean allowCrossApp, Boolean allowBuildInPrecompile, Boolean throwIfNotFound, Boolean ensureIsUpToDate)
   en System.Web.Compilation.BuildManager.GetVPathBuildResultWithNoAssert(HttpContext context, VirtualPath virtualPath, Boolean noBuild, Boolean allowCrossApp, Boolean allowBuildInPrecompile, Boolean throwIfNotFound, Boolean ensureIsUpToDate)
   en System.Web.Compilation.BuildManager.GetVirtualPathObjectFactory(VirtualPath virtualPath, HttpContext context, Boolean allowCrossApp, Boolean throwIfNotFound)
   en System.Web.Compilation.BuildManager.CreateInstanceFromVirtualPath(VirtualPath virtualPath, Type requiredBaseType, HttpContext context, Boolean allowCrossApp)
   en System.Web.WebPages.BuildManagerWrapper.CreateInstanceOfType[T](String virtualPath)
   en System.Web.WebPages.VirtualPathFactoryManager.CreateInstanceOfType[T](String virtualPath)
   en System.Web.WebPages.WebPageBase.CreatePageFromVirtualPath(String virtualPath, HttpContextBase httpContext, Func`2 virtualPathExists, DisplayModeProvider displayModeProvider, IDisplayMode displayMode)
   en System.Web.WebPages.WebPageBase.<>c__DisplayClass40_0.<RenderPageCore>b__0(TextWriter writer)
   en System.Web.WebPages.WebPageBase.Write(HelperResult result)
   en System.Web.WebPages.WebPageBase.RenderSurrounding(String partialViewName, Action`1 body)
   en System.Web.WebPages.WebPageBase.PopContext()
   en Rotativa.Extensions.ControllerContextExtensions.GetHtmlFromView(ControllerContext context, ViewEngineResult viewResult, String viewName, Object model)
   en Rotativa.ViewAsPdf.CallTheDriver(ControllerContext context)
   en Rotativa.AsResultBase.BuildFile(ControllerContext context)
   en Rotativa.AsResultBase.ExecuteResult(ControllerContext context)
   en System.Web.Mvc.ControllerActionInvoker.InvokeActionResultFilterRecursive(IList`1 filters, Int32 filterIndex, ResultExecutingContext preContext, ControllerContext controllerContext, ActionResult actionResult)
   en System.Web.Mvc.ControllerActionInvoker.InvokeActionResultFilterRecursive(IList`1 filters, Int32 filterIndex, ResultExecutingContext preContext, ControllerContext controllerContext, ActionResult actionResult)
   en System.Web.Mvc.ControllerActionInvoker.InvokeActionResultFilterRecursive(IList`1 filters, Int32 filterIndex, ResultExecutingContext preContext, ControllerContext controllerContext, ActionResult actionResult)
   en System.Web.Mvc.ControllerActionInvoker.InvokeActionResultFilterRecursive(IList`1 filters, Int32 filterIndex, ResultExecutingContext preContext, ControllerContext controllerContext, ActionResult actionResult)
   en System.Web.Mvc.ControllerActionInvoker.InvokeActionResultWithFilters(ControllerContext controllerContext, IList`1 filters, ActionResult actionResult)
   en System.Web.Mvc.Async.AsyncControllerActionInvoker.<>c__DisplayClass3_1.<BeginInvokeAction>b__1(IAsyncResult asyncResult)

2026-02-20 15:25:18.995 | OrdenRecaudacion/DescargarPdf
System.Web.HttpCompileException (0x80004005): c:\AOCR\AOCR\AOCR05-01-2026\AOCR1\AOCR\CapaPresentacion\Views\Shared\_PdfLayoutDGAC.cshtml(9): error CS1525: El término de la expresión '.' no es válido
   en System.Web.Compilation.AssemblyBuilder.Compile()
   en System.Web.Compilation.BuildProvidersCompiler.PerformBuild()
   en System.Web.Compilation.BuildManager.CompileWebFile(VirtualPath virtualPath)
   en System.Web.Compilation.BuildManager.GetVPathBuildResultInternal(VirtualPath virtualPath, Boolean noBuild, Boolean allowCrossApp, Boolean allowBuildInPrecompile, Boolean throwIfNotFound, Boolean ensureIsUpToDate)
   en System.Web.Compilation.BuildManager.GetVPathBuildResultWithNoAssert(HttpContext context, VirtualPath virtualPath, Boolean noBuild, Boolean allowCrossApp, Boolean allowBuildInPrecompile, Boolean throwIfNotFound, Boolean ensureIsUpToDate)
   en System.Web.Compilation.BuildManager.GetVirtualPathObjectFactory(VirtualPath virtualPath, HttpContext context, Boolean allowCrossApp, Boolean throwIfNotFound)
   en System.Web.Compilation.BuildManager.CreateInstanceFromVirtualPath(VirtualPath virtualPath, Type requiredBaseType, HttpContext context, Boolean allowCrossApp)
   en System.Web.WebPages.BuildManagerWrapper.CreateInstanceOfType[T](String virtualPath)
   en System.Web.WebPages.VirtualPathFactoryManager.CreateInstanceOfType[T](String virtualPath)
   en System.Web.WebPages.WebPageBase.CreatePageFromVirtualPath(String virtualPath, HttpContextBase httpContext, Func`2 virtualPathExists, DisplayModeProvider displayModeProvider, IDisplayMode displayMode)
   en System.Web.WebPages.WebPageBase.<>c__DisplayClass40_0.<RenderPageCore>b__0(TextWriter writer)
   en System.Web.WebPages.WebPageBase.Write(HelperResult result)
   en System.Web.WebPages.WebPageBase.RenderSurrounding(String partialViewName, Action`1 body)
   en System.Web.WebPages.WebPageBase.PopContext()
   en Rotativa.Extensions.ControllerContextExtensions.GetHtmlFromView(ControllerContext context, ViewEngineResult viewResult, String viewName, Object model)
   en Rotativa.ViewAsPdf.CallTheDriver(ControllerContext context)
   en Rotativa.AsResultBase.BuildFile(ControllerContext context)
   en Rotativa.AsResultBase.ExecuteResult(ControllerContext context)
   en System.Web.Mvc.ControllerActionInvoker.InvokeActionResultFilterRecursive(IList`1 filters, Int32 filterIndex, ResultExecutingContext preContext, ControllerContext controllerContext, ActionResult actionResult)
   en System.Web.Mvc.ControllerActionInvoker.InvokeActionResultFilterRecursive(IList`1 filters, Int32 filterIndex, ResultExecutingContext preContext, ControllerContext controllerContext, ActionResult actionResult)
   en System.Web.Mvc.ControllerActionInvoker.InvokeActionResultFilterRecursive(IList`1 filters, Int32 filterIndex, ResultExecutingContext preContext, ControllerContext controllerContext, ActionResult actionResult)
   en System.Web.Mvc.ControllerActionInvoker.InvokeActionResultFilterRecursive(IList`1 filters, Int32 filterIndex, ResultExecutingContext preContext, ControllerContext controllerContext, ActionResult actionResult)
   en System.Web.Mvc.ControllerActionInvoker.InvokeActionResultWithFilters(ControllerContext controllerContext, IList`1 filters, ActionResult actionResult)
   en System.Web.Mvc.Async.AsyncControllerActionInvoker.<>c__DisplayClass3_1.<BeginInvokeAction>b__1(IAsyncResult asyncResult)

2026-02-20 16:16:31.750 | OrdenRecaudacion/DescargarPdf
System.Web.HttpCompileException (0x80004005): c:\AOCR\AOCR\AOCR05-01-2026\AOCR1\AOCR\CapaPresentacion\Views\Shared\_PdfLayoutDGAC.cshtml(30): error CS0103: El nombre 'page' no existe en el contexto actual
   en System.Web.Compilation.AssemblyBuilder.Compile()
   en System.Web.Compilation.BuildProvidersCompiler.PerformBuild()
   en System.Web.Compilation.BuildManager.CompileWebFile(VirtualPath virtualPath)
   en System.Web.Compilation.BuildManager.GetVPathBuildResultInternal(VirtualPath virtualPath, Boolean noBuild, Boolean allowCrossApp, Boolean allowBuildInPrecompile, Boolean throwIfNotFound, Boolean ensureIsUpToDate)
   en System.Web.Compilation.BuildManager.GetVPathBuildResultWithNoAssert(HttpContext context, VirtualPath virtualPath, Boolean noBuild, Boolean allowCrossApp, Boolean allowBuildInPrecompile, Boolean throwIfNotFound, Boolean ensureIsUpToDate)
   en System.Web.Compilation.BuildManager.GetVirtualPathObjectFactory(VirtualPath virtualPath, HttpContext context, Boolean allowCrossApp, Boolean throwIfNotFound)
   en System.Web.Compilation.BuildManager.CreateInstanceFromVirtualPath(VirtualPath virtualPath, Type requiredBaseType, HttpContext context, Boolean allowCrossApp)
   en System.Web.WebPages.BuildManagerWrapper.CreateInstanceOfType[T](String virtualPath)
   en System.Web.WebPages.VirtualPathFactoryManager.CreateInstanceOfType[T](String virtualPath)
   en System.Web.WebPages.WebPageBase.CreatePageFromVirtualPath(String virtualPath, HttpContextBase httpContext, Func`2 virtualPathExists, DisplayModeProvider displayModeProvider, IDisplayMode displayMode)
   en System.Web.WebPages.WebPageBase.<>c__DisplayClass40_0.<RenderPageCore>b__0(TextWriter writer)
   en System.Web.WebPages.WebPageBase.Write(HelperResult result)
   en System.Web.WebPages.WebPageBase.RenderSurrounding(String partialViewName, Action`1 body)
   en System.Web.WebPages.WebPageBase.PopContext()
   en Rotativa.Extensions.ControllerContextExtensions.GetHtmlFromView(ControllerContext context, ViewEngineResult viewResult, String viewName, Object model)
   en Rotativa.ViewAsPdf.CallTheDriver(ControllerContext context)
   en Rotativa.AsResultBase.BuildFile(ControllerContext context)
   en Rotativa.AsResultBase.ExecuteResult(ControllerContext context)
   en System.Web.Mvc.ControllerActionInvoker.InvokeActionResultFilterRecursive(IList`1 filters, Int32 filterIndex, ResultExecutingContext preContext, ControllerContext controllerContext, ActionResult actionResult)
   en System.Web.Mvc.ControllerActionInvoker.InvokeActionResultFilterRecursive(IList`1 filters, Int32 filterIndex, ResultExecutingContext preContext, ControllerContext controllerContext, ActionResult actionResult)
   en System.Web.Mvc.ControllerActionInvoker.InvokeActionResultFilterRecursive(IList`1 filters, Int32 filterIndex, ResultExecutingContext preContext, ControllerContext controllerContext, ActionResult actionResult)
   en System.Web.Mvc.ControllerActionInvoker.InvokeActionResultFilterRecursive(IList`1 filters, Int32 filterIndex, ResultExecutingContext preContext, ControllerContext controllerContext, ActionResult actionResult)
   en System.Web.Mvc.ControllerActionInvoker.InvokeActionResultWithFilters(ControllerContext controllerContext, IList`1 filters, ActionResult actionResult)
   en System.Web.Mvc.Async.AsyncControllerActionInvoker.<>c__DisplayClass3_1.<BeginInvokeAction>b__1(IAsyncResult asyncResult)

2026-02-24 14:42:20.535 | Account/ExtenderSesion
System.Web.Mvc.HttpAntiForgeryException (0x80004005): El campo de formulario antifalsificación "__RequestVerificationToken" no está presente.
   en System.Web.Helpers.AntiXsrf.TokenValidator.ValidateTokens(HttpContextBase httpContext, IIdentity identity, AntiForgeryToken sessionToken, AntiForgeryToken fieldToken)
   en System.Web.Helpers.AntiXsrf.AntiForgeryWorker.Validate(HttpContextBase httpContext)
   en System.Web.Mvc.ControllerActionInvoker.InvokeAuthorizationFilters(ControllerContext controllerContext, IList`1 filters, ActionDescriptor actionDescriptor)
   en System.Web.Mvc.Async.AsyncControllerActionInvoker.<>c__DisplayClass3_1.<BeginInvokeAction>b__0(AsyncCallback asyncCallback, Object asyncState)

2026-02-24 15:08:15.704 | Account/Login
System.Web.Mvc.HttpAntiForgeryException (0x80004005): El token antifalsificación proporcionado se diseñó para el usuario "USU_ADMIN" pero el usuario actual es "".
   en System.Web.Helpers.AntiXsrf.TokenValidator.ValidateTokens(HttpContextBase httpContext, IIdentity identity, AntiForgeryToken sessionToken, AntiForgeryToken fieldToken)
   en System.Web.Helpers.AntiXsrf.AntiForgeryWorker.Validate(HttpContextBase httpContext)
   en System.Web.Mvc.ControllerActionInvoker.InvokeAuthorizationFilters(ControllerContext controllerContext, IList`1 filters, ActionDescriptor actionDescriptor)
   en System.Web.Mvc.Async.AsyncControllerActionInvoker.<>c__DisplayClass3_1.<BeginInvokeAction>b__0(AsyncCallback asyncCallback, Object asyncState)

2026-02-25 11:39:32.355 | Account/Login
System.Web.Mvc.HttpAntiForgeryException (0x80004005): El token antifalsificación proporcionado se diseñó para el usuario "USU_ADMIN" pero el usuario actual es "".
   en System.Web.Helpers.AntiXsrf.TokenValidator.ValidateTokens(HttpContextBase httpContext, IIdentity identity, AntiForgeryToken sessionToken, AntiForgeryToken fieldToken)
   en System.Web.Helpers.AntiXsrf.AntiForgeryWorker.Validate(HttpContextBase httpContext)
   en System.Web.Mvc.ControllerActionInvoker.InvokeAuthorizationFilters(ControllerContext controllerContext, IList`1 filters, ActionDescriptor actionDescriptor)
   en System.Web.Mvc.Async.AsyncControllerActionInvoker.<>c__DisplayClass3_1.<BeginInvokeAction>b__0(AsyncCallback asyncCallback, Object asyncState)

2026-02-25 12:06:52.783 | Account/Login
System.Web.Mvc.HttpAntiForgeryException (0x80004005): El token antifalsificación proporcionado se diseñó para el usuario "USU_ADMIN" pero el usuario actual es "".
   en System.Web.Helpers.AntiXsrf.TokenValidator.ValidateTokens(HttpContextBase httpContext, IIdentity identity, AntiForgeryToken sessionToken, AntiForgeryToken fieldToken)
   en System.Web.Helpers.AntiXsrf.AntiForgeryWorker.Validate(HttpContextBase httpContext)
   en System.Web.Mvc.ControllerActionInvoker.InvokeAuthorizationFilters(ControllerContext controllerContext, IList`1 filters, ActionDescriptor actionDescriptor)
   en System.Web.Mvc.Async.AsyncControllerActionInvoker.<>c__DisplayClass3_1.<BeginInvokeAction>b__0(AsyncCallback asyncCallback, Object asyncState)

2026-02-25 12:07:25.285 | Usuario/ValidarCorreo
System.Web.Mvc.HttpAntiForgeryException (0x80004005): El token antifalsificación proporcionado se diseñó para el usuario "USU_ADMIN" pero el usuario actual es "".
   en System.Web.Helpers.AntiXsrf.TokenValidator.ValidateTokens(HttpContextBase httpContext, IIdentity identity, AntiForgeryToken sessionToken, AntiForgeryToken fieldToken)
   en System.Web.Helpers.AntiXsrf.AntiForgeryWorker.Validate(HttpContextBase httpContext)
   en System.Web.Mvc.ControllerActionInvoker.InvokeAuthorizationFilters(ControllerContext controllerContext, IList`1 filters, ActionDescriptor actionDescriptor)
   en System.Web.Mvc.Async.AsyncControllerActionInvoker.<>c__DisplayClass3_1.<BeginInvokeAction>b__0(AsyncCallback asyncCallback, Object asyncState)

2026-02-25 12:07:30.890 | Usuario/ValidarIdentificacion
System.Web.Mvc.HttpAntiForgeryException (0x80004005): El token antifalsificación proporcionado se diseñó para el usuario "USU_ADMIN" pero el usuario actual es "".
   en System.Web.Helpers.AntiXsrf.TokenValidator.ValidateTokens(HttpContextBase httpContext, IIdentity identity, AntiForgeryToken sessionToken, AntiForgeryToken fieldToken)
   en System.Web.Helpers.AntiXsrf.AntiForgeryWorker.Validate(HttpContextBase httpContext)
   en System.Web.Mvc.ControllerActionInvoker.InvokeAuthorizationFilters(ControllerContext controllerContext, IList`1 filters, ActionDescriptor actionDescriptor)
   en System.Web.Mvc.Async.AsyncControllerActionInvoker.<>c__DisplayClass3_1.<BeginInvokeAction>b__0(AsyncCallback asyncCallback, Object asyncState)

2026-02-25 12:08:04.770 | Usuario/RegistrarDeclaracionTemporal
System.Web.Mvc.HttpAntiForgeryException (0x80004005): El token antifalsificación proporcionado se diseñó para el usuario "USU_ADMIN" pero el usuario actual es "".
   en System.Web.Helpers.AntiXsrf.TokenValidator.ValidateTokens(HttpContextBase httpContext, IIdentity identity, AntiForgeryToken sessionToken, AntiForgeryToken fieldToken)
   en System.Web.Helpers.AntiXsrf.AntiForgeryWorker.Validate(HttpContextBase httpContext)
   en System.Web.Mvc.ControllerActionInvoker.InvokeAuthorizationFilters(ControllerContext controllerContext, IList`1 filters, ActionDescriptor actionDescriptor)
   en System.Web.Mvc.Async.AsyncControllerActionInvoker.<>c__DisplayClass3_1.<BeginInvokeAction>b__0(AsyncCallback asyncCallback, Object asyncState)

2026-02-25 12:08:24.771 | Usuario/Crear
System.Web.Mvc.HttpAntiForgeryException (0x80004005): El token antifalsificación proporcionado se diseñó para el usuario "USU_ADMIN" pero el usuario actual es "".
   en System.Web.Helpers.AntiXsrf.TokenValidator.ValidateTokens(HttpContextBase httpContext, IIdentity identity, AntiForgeryToken sessionToken, AntiForgeryToken fieldToken)
   en System.Web.Helpers.AntiXsrf.AntiForgeryWorker.Validate(HttpContextBase httpContext)
   en System.Web.Mvc.ControllerActionInvoker.InvokeAuthorizationFilters(ControllerContext controllerContext, IList`1 filters, ActionDescriptor actionDescriptor)
   en System.Web.Mvc.Async.AsyncControllerActionInvoker.<>c__DisplayClass3_1.<BeginInvokeAction>b__0(AsyncCallback asyncCallback, Object asyncState)

2026-02-25 14:36:29.096 | Account/Login
System.Web.Mvc.HttpAntiForgeryException (0x80004005): El token antifalsificación proporcionado se diseñó para el usuario "1713091955001" pero el usuario actual es "".
   en System.Web.Helpers.AntiXsrf.TokenValidator.ValidateTokens(HttpContextBase httpContext, IIdentity identity, AntiForgeryToken sessionToken, AntiForgeryToken fieldToken)
   en System.Web.Helpers.AntiXsrf.AntiForgeryWorker.Validate(HttpContextBase httpContext)
   en System.Web.Mvc.ControllerActionInvoker.InvokeAuthorizationFilters(ControllerContext controllerContext, IList`1 filters, ActionDescriptor actionDescriptor)
   en System.Web.Mvc.Async.AsyncControllerActionInvoker.<>c__DisplayClass3_1.<BeginInvokeAction>b__0(AsyncCallback asyncCallback, Object asyncState)

2026-02-25 15:07:22.090 | Account/Login
System.Web.Mvc.HttpAntiForgeryException (0x80004005): El token antifalsificación proporcionado se diseñó para el usuario "USU_ADMIN" pero el usuario actual es "".
   en System.Web.Helpers.AntiXsrf.TokenValidator.ValidateTokens(HttpContextBase httpContext, IIdentity identity, AntiForgeryToken sessionToken, AntiForgeryToken fieldToken)
   en System.Web.Helpers.AntiXsrf.AntiForgeryWorker.Validate(HttpContextBase httpContext)
   en System.Web.Mvc.ControllerActionInvoker.InvokeAuthorizationFilters(ControllerContext controllerContext, IList`1 filters, ActionDescriptor actionDescriptor)
   en System.Web.Mvc.Async.AsyncControllerActionInvoker.<>c__DisplayClass3_1.<BeginInvokeAction>b__0(AsyncCallback asyncCallback, Object asyncState)

2026-02-25 15:33:57.430 | Account/Login
System.Web.Mvc.HttpAntiForgeryException (0x80004005): El token antifalsificación proporcionado se diseñó para el usuario "USU_ADMIN" pero el usuario actual es "".
   en System.Web.Helpers.AntiXsrf.TokenValidator.ValidateTokens(HttpContextBase httpContext, IIdentity identity, AntiForgeryToken sessionToken, AntiForgeryToken fieldToken)
   en System.Web.Helpers.AntiXsrf.AntiForgeryWorker.Validate(HttpContextBase httpContext)
   en System.Web.Mvc.ControllerActionInvoker.InvokeAuthorizationFilters(ControllerContext controllerContext, IList`1 filters, ActionDescriptor actionDescriptor)
   en System.Web.Mvc.Async.AsyncControllerActionInvoker.<>c__DisplayClass3_1.<BeginInvokeAction>b__0(AsyncCallback asyncCallback, Object asyncState)

2026-02-25 15:41:27.996 | Account/Login
System.Web.Mvc.HttpAntiForgeryException (0x80004005): El token antifalsificación proporcionado se diseñó para el usuario "USU_ADMIN" pero el usuario actual es "".
   en System.Web.Helpers.AntiXsrf.TokenValidator.ValidateTokens(HttpContextBase httpContext, IIdentity identity, AntiForgeryToken sessionToken, AntiForgeryToken fieldToken)
   en System.Web.Helpers.AntiXsrf.AntiForgeryWorker.Validate(HttpContextBase httpContext)
   en System.Web.Mvc.ControllerActionInvoker.InvokeAuthorizationFilters(ControllerContext controllerContext, IList`1 filters, ActionDescriptor actionDescriptor)
   en System.Web.Mvc.Async.AsyncControllerActionInvoker.<>c__DisplayClass3_1.<BeginInvokeAction>b__0(AsyncCallback asyncCallback, Object asyncState)

2026-02-25 15:47:12.988 | Account/Login
System.Web.Mvc.HttpAntiForgeryException (0x80004005): La cookie antifalsificación requerida "__RequestVerificationToken" no está presente.
   en System.Web.Helpers.AntiXsrf.TokenValidator.ValidateTokens(HttpContextBase httpContext, IIdentity identity, AntiForgeryToken sessionToken, AntiForgeryToken fieldToken)
   en System.Web.Helpers.AntiXsrf.AntiForgeryWorker.Validate(HttpContextBase httpContext)
   en System.Web.Mvc.ControllerActionInvoker.InvokeAuthorizationFilters(ControllerContext controllerContext, IList`1 filters, ActionDescriptor actionDescriptor)
   en System.Web.Mvc.Async.AsyncControllerActionInvoker.<>c__DisplayClass3_1.<BeginInvokeAction>b__0(AsyncCallback asyncCallback, Object asyncState)

2026-02-25 15:58:06.196 | Account/Login
System.Web.Mvc.HttpAntiForgeryException (0x80004005): La cookie antifalsificación requerida "__RequestVerificationToken" no está presente.
   en System.Web.Helpers.AntiXsrf.TokenValidator.ValidateTokens(HttpContextBase httpContext, IIdentity identity, AntiForgeryToken sessionToken, AntiForgeryToken fieldToken)
   en System.Web.Helpers.AntiXsrf.AntiForgeryWorker.Validate(HttpContextBase httpContext)
   en System.Web.Mvc.ControllerActionInvoker.InvokeAuthorizationFilters(ControllerContext controllerContext, IList`1 filters, ActionDescriptor actionDescriptor)
   en System.Web.Mvc.Async.AsyncControllerActionInvoker.<>c__DisplayClass3_1.<BeginInvokeAction>b__0(AsyncCallback asyncCallback, Object asyncState)

2026-02-25 16:06:52.248 | Account/Login
System.Web.Mvc.HttpAntiForgeryException (0x80004005): La cookie antifalsificación requerida "__RequestVerificationToken" no está presente.
   en System.Web.Helpers.AntiXsrf.TokenValidator.ValidateTokens(HttpContextBase httpContext, IIdentity identity, AntiForgeryToken sessionToken, AntiForgeryToken fieldToken)
   en System.Web.Helpers.AntiXsrf.AntiForgeryWorker.Validate(HttpContextBase httpContext)
   en System.Web.Mvc.ControllerActionInvoker.InvokeAuthorizationFilters(ControllerContext controllerContext, IList`1 filters, ActionDescriptor actionDescriptor)
   en System.Web.Mvc.Async.AsyncControllerActionInvoker.<>c__DisplayClass3_1.<BeginInvokeAction>b__0(AsyncCallback asyncCallback, Object asyncState)

2026-02-25 16:36:50.319 | Account/Login
System.Web.Mvc.HttpAntiForgeryException (0x80004005): El token antifalsificación proporcionado se diseñó para el usuario "USU_ADMIN" pero el usuario actual es "".
   en System.Web.Helpers.AntiXsrf.TokenValidator.ValidateTokens(HttpContextBase httpContext, IIdentity identity, AntiForgeryToken sessionToken, AntiForgeryToken fieldToken)
   en System.Web.Helpers.AntiXsrf.AntiForgeryWorker.Validate(HttpContextBase httpContext)
   en System.Web.Mvc.ControllerActionInvoker.InvokeAuthorizationFilters(ControllerContext controllerContext, IList`1 filters, ActionDescriptor actionDescriptor)
   en System.Web.Mvc.Async.AsyncControllerActionInvoker.<>c__DisplayClass3_1.<BeginInvokeAction>b__0(AsyncCallback asyncCallback, Object asyncState)

2026-03-03 08:59:01.239 | OrdenRecaudacion/Editar
System.Web.HttpCompileException (0x80004005): c:\AOCR\AOCR\AOCR05-01-2026\AOCR1\AOCR\CapaPresentacion\Views\OrdenRecaudacion\Editar.cshtml(38): error CS1525: El término de la expresión '.' no es válido
   en System.Web.Compilation.AssemblyBuilder.Compile()
   en System.Web.Compilation.BuildProvidersCompiler.PerformBuild()
   en System.Web.Compilation.BuildManager.CompileWebFile(VirtualPath virtualPath)
   en System.Web.Compilation.BuildManager.GetVPathBuildResultInternal(VirtualPath virtualPath, Boolean noBuild, Boolean allowCrossApp, Boolean allowBuildInPrecompile, Boolean throwIfNotFound, Boolean ensureIsUpToDate)
   en System.Web.Compilation.BuildManager.GetVPathBuildResultWithNoAssert(HttpContext context, VirtualPath virtualPath, Boolean noBuild, Boolean allowCrossApp, Boolean allowBuildInPrecompile, Boolean throwIfNotFound, Boolean ensureIsUpToDate)
   en System.Web.Compilation.BuildManager.GetVirtualPathObjectFactory(VirtualPath virtualPath, HttpContext context, Boolean allowCrossApp, Boolean throwIfNotFound)
   en System.Web.Compilation.BuildManager.GetCompiledType(VirtualPath virtualPath)
   en System.Web.Mvc.BuildManagerCompiledView.Render(ViewContext viewContext, TextWriter writer)
   en System.Web.Mvc.ViewResultBase.ExecuteResult(ControllerContext context)
   en System.Web.Mvc.ControllerActionInvoker.InvokeActionResultFilterRecursive(IList`1 filters, Int32 filterIndex, ResultExecutingContext preContext, ControllerContext controllerContext, ActionResult actionResult)
   en System.Web.Mvc.ControllerActionInvoker.InvokeActionResultFilterRecursive(IList`1 filters, Int32 filterIndex, ResultExecutingContext preContext, ControllerContext controllerContext, ActionResult actionResult)
   en System.Web.Mvc.ControllerActionInvoker.InvokeActionResultFilterRecursive(IList`1 filters, Int32 filterIndex, ResultExecutingContext preContext, ControllerContext controllerContext, ActionResult actionResult)
   en System.Web.Mvc.ControllerActionInvoker.InvokeActionResultFilterRecursive(IList`1 filters, Int32 filterIndex, ResultExecutingContext preContext, ControllerContext controllerContext, ActionResult actionResult)
   en System.Web.Mvc.ControllerActionInvoker.InvokeActionResultWithFilters(ControllerContext controllerContext, IList`1 filters, ActionResult actionResult)
   en System.Web.Mvc.Async.AsyncControllerActionInvoker.<>c__DisplayClass3_1.<BeginInvokeAction>b__1(IAsyncResult asyncResult)

2026-03-03 08:59:12.458 | OrdenRecaudacion/Editar
System.Web.HttpCompileException (0x80004005): c:\AOCR\AOCR\AOCR05-01-2026\AOCR1\AOCR\CapaPresentacion\Views\OrdenRecaudacion\Editar.cshtml(38): error CS1525: El término de la expresión '.' no es válido
   en System.Web.Compilation.AssemblyBuilder.Compile()
   en System.Web.Compilation.BuildProvidersCompiler.PerformBuild()
   en System.Web.Compilation.BuildManager.CompileWebFile(VirtualPath virtualPath)
   en System.Web.Compilation.BuildManager.GetVPathBuildResultInternal(VirtualPath virtualPath, Boolean noBuild, Boolean allowCrossApp, Boolean allowBuildInPrecompile, Boolean throwIfNotFound, Boolean ensureIsUpToDate)
   en System.Web.Compilation.BuildManager.GetVPathBuildResultWithNoAssert(HttpContext context, VirtualPath virtualPath, Boolean noBuild, Boolean allowCrossApp, Boolean allowBuildInPrecompile, Boolean throwIfNotFound, Boolean ensureIsUpToDate)
   en System.Web.Compilation.BuildManager.GetVirtualPathObjectFactory(VirtualPath virtualPath, HttpContext context, Boolean allowCrossApp, Boolean throwIfNotFound)
   en System.Web.Compilation.BuildManager.GetCompiledType(VirtualPath virtualPath)
   en System.Web.Mvc.BuildManagerCompiledView.Render(ViewContext viewContext, TextWriter writer)
   en System.Web.Mvc.ViewResultBase.ExecuteResult(ControllerContext context)
   en System.Web.Mvc.ControllerActionInvoker.InvokeActionResultFilterRecursive(IList`1 filters, Int32 filterIndex, ResultExecutingContext preContext, ControllerContext controllerContext, ActionResult actionResult)
   en System.Web.Mvc.ControllerActionInvoker.InvokeActionResultFilterRecursive(IList`1 filters, Int32 filterIndex, ResultExecutingContext preContext, ControllerContext controllerContext, ActionResult actionResult)
   en System.Web.Mvc.ControllerActionInvoker.InvokeActionResultFilterRecursive(IList`1 filters, Int32 filterIndex, ResultExecutingContext preContext, ControllerContext controllerContext, ActionResult actionResult)
   en System.Web.Mvc.ControllerActionInvoker.InvokeActionResultFilterRecursive(IList`1 filters, Int32 filterIndex, ResultExecutingContext preContext, ControllerContext controllerContext, ActionResult actionResult)
   en System.Web.Mvc.ControllerActionInvoker.InvokeActionResultWithFilters(ControllerContext controllerContext, IList`1 filters, ActionResult actionResult)
   en System.Web.Mvc.Async.AsyncControllerActionInvoker.<>c__DisplayClass3_1.<BeginInvokeAction>b__1(IAsyncResult asyncResult)

2026-03-04 10:03:38.661 | Account/Login
System.Web.Mvc.HttpAntiForgeryException (0x80004005): El campo de formulario y el token de la cookie antifalsficación no coinciden.
   en System.Web.Helpers.AntiXsrf.TokenValidator.ValidateTokens(HttpContextBase httpContext, IIdentity identity, AntiForgeryToken sessionToken, AntiForgeryToken fieldToken)
   en System.Web.Helpers.AntiXsrf.AntiForgeryWorker.Validate(HttpContextBase httpContext)
   en System.Web.Mvc.ControllerActionInvoker.InvokeAuthorizationFilters(ControllerContext controllerContext, IList`1 filters, ActionDescriptor actionDescriptor)
   en System.Web.Mvc.Async.AsyncControllerActionInvoker.<>c__DisplayClass3_1.<BeginInvokeAction>b__0(AsyncCallback asyncCallback, Object asyncState)

2026-03-04 11:09:24.151 | OrdenRecaudacion/RegistrarPago
System.Web.Mvc.HttpAntiForgeryException (0x80004005): El campo de formulario y el token de la cookie antifalsficación no coinciden.
   en System.Web.Helpers.AntiXsrf.TokenValidator.ValidateTokens(HttpContextBase httpContext, IIdentity identity, AntiForgeryToken sessionToken, AntiForgeryToken fieldToken)
   en System.Web.Helpers.AntiXsrf.AntiForgeryWorker.Validate(HttpContextBase httpContext)
   en System.Web.Mvc.ControllerActionInvoker.InvokeAuthorizationFilters(ControllerContext controllerContext, IList`1 filters, ActionDescriptor actionDescriptor)
   en System.Web.Mvc.Async.AsyncControllerActionInvoker.<>c__DisplayClass3_1.<BeginInvokeAction>b__0(AsyncCallback asyncCallback, Object asyncState)

2026-03-04 11:10:31.504 | Account/Login
System.Web.Mvc.HttpAntiForgeryException (0x80004005): La cookie antifalsificación requerida "__AOCR_RequestVerificationToken" no está presente.
   en System.Web.Helpers.AntiXsrf.TokenValidator.ValidateTokens(HttpContextBase httpContext, IIdentity identity, AntiForgeryToken sessionToken, AntiForgeryToken fieldToken)
   en System.Web.Helpers.AntiXsrf.AntiForgeryWorker.Validate(HttpContextBase httpContext)
   en System.Web.Mvc.ControllerActionInvoker.InvokeAuthorizationFilters(ControllerContext controllerContext, IList`1 filters, ActionDescriptor actionDescriptor)
   en System.Web.Mvc.Async.AsyncControllerActionInvoker.<>c__DisplayClass3_1.<BeginInvokeAction>b__0(AsyncCallback asyncCallback, Object asyncState)

2026-03-05 11:05:52.453 | SolicitudAOCR/FormularioEmisionAOCR
System.Web.HttpParseException (0x80004005): "]" no es válido al inicio de un bloque de código. Solo son válidos los identificadores, palabras clave, comentarios, "(" y "{".

   en System.Web.WebPages.Razor.RazorBuildProvider.EnsureGeneratedCode()
   en System.Web.WebPages.Razor.RazorBuildProvider.get_CodeCompilerType()
   en System.Web.Compilation.BuildProvider.GetCompilerTypeFromBuildProvider(BuildProvider buildProvider)
   en System.Web.Compilation.BuildProvidersCompiler.ProcessBuildProviders()
   en System.Web.Compilation.BuildProvidersCompiler.PerformBuild()
   en System.Web.Compilation.BuildManager.CompileWebFile(VirtualPath virtualPath)
   en System.Web.Compilation.BuildManager.GetVPathBuildResultInternal(VirtualPath virtualPath, Boolean noBuild, Boolean allowCrossApp, Boolean allowBuildInPrecompile, Boolean throwIfNotFound, Boolean ensureIsUpToDate)
   en System.Web.Compilation.BuildManager.GetVPathBuildResultWithNoAssert(HttpContext context, VirtualPath virtualPath, Boolean noBuild, Boolean allowCrossApp, Boolean allowBuildInPrecompile, Boolean throwIfNotFound, Boolean ensureIsUpToDate)
   en System.Web.Compilation.BuildManager.GetVirtualPathObjectFactory(VirtualPath virtualPath, HttpContext context, Boolean allowCrossApp, Boolean throwIfNotFound)
   en System.Web.Compilation.BuildManager.GetCompiledType(VirtualPath virtualPath)
   en System.Web.Mvc.BuildManagerCompiledView.Render(ViewContext viewContext, TextWriter writer)
   en System.Web.Mvc.ViewResultBase.ExecuteResult(ControllerContext context)
   en System.Web.Mvc.ControllerActionInvoker.InvokeActionResultFilterRecursive(IList`1 filters, Int32 filterIndex, ResultExecutingContext preContext, ControllerContext controllerContext, ActionResult actionResult)
   en System.Web.Mvc.ControllerActionInvoker.InvokeActionResultFilterRecursive(IList`1 filters, Int32 filterIndex, ResultExecutingContext preContext, ControllerContext controllerContext, ActionResult actionResult)
   en System.Web.Mvc.ControllerActionInvoker.InvokeActionResultFilterRecursive(IList`1 filters, Int32 filterIndex, ResultExecutingContext preContext, ControllerContext controllerContext, ActionResult actionResult)
   en System.Web.Mvc.ControllerActionInvoker.InvokeActionResultFilterRecursive(IList`1 filters, Int32 filterIndex, ResultExecutingContext preContext, ControllerContext controllerContext, ActionResult actionResult)
   en System.Web.Mvc.ControllerActionInvoker.InvokeActionResultWithFilters(ControllerContext controllerContext, IList`1 filters, ActionResult actionResult)
   en System.Web.Mvc.Async.AsyncControllerActionInvoker.<>c__DisplayClass3_1.<BeginInvokeAction>b__1(IAsyncResult asyncResult)

2026-03-05 15:35:00.273 | Account/Login
System.Web.Mvc.HttpAntiForgeryException (0x80004005): No se pudo descifrar el token antifalsificación. En caso de que esta aplicación esté alojada en una Web Farm o clúster, asegúrese de que todos los equipos ejecuten la misma versión de ASP.NET Web Pages y de que la configuración de <machineKey> especifique claves de validación y cifrado explícitas. AutoGenerate no puede utilizarse en un clúster.
   en System.Web.Helpers.AntiXsrf.AntiForgeryTokenSerializer.Deserialize(String serializedToken)
   en System.Web.Helpers.AntiXsrf.AntiForgeryWorker.Validate(HttpContextBase httpContext)
   en System.Web.Mvc.ControllerActionInvoker.InvokeAuthorizationFilters(ControllerContext controllerContext, IList`1 filters, ActionDescriptor actionDescriptor)
   en System.Web.Mvc.Async.AsyncControllerActionInvoker.<>c__DisplayClass3_1.<BeginInvokeAction>b__0(AsyncCallback asyncCallback, Object asyncState)

2026-03-05 15:40:49.238 | Account/Login
System.Web.Mvc.HttpAntiForgeryException (0x80004005): La cookie antifalsificación requerida "__AOCR_RequestVerificationToken" no está presente.
   en System.Web.Helpers.AntiXsrf.TokenValidator.ValidateTokens(HttpContextBase httpContext, IIdentity identity, AntiForgeryToken sessionToken, AntiForgeryToken fieldToken)
   en System.Web.Helpers.AntiXsrf.AntiForgeryWorker.Validate(HttpContextBase httpContext)
   en System.Web.Mvc.ControllerActionInvoker.InvokeAuthorizationFilters(ControllerContext controllerContext, IList`1 filters, ActionDescriptor actionDescriptor)
   en System.Web.Mvc.Async.AsyncControllerActionInvoker.<>c__DisplayClass3_1.<BeginInvokeAction>b__0(AsyncCallback asyncCallback, Object asyncState)

2026-03-05 15:41:35.726 | Account/Login
System.Web.Mvc.HttpAntiForgeryException (0x80004005): El campo de formulario y el token de la cookie antifalsficación no coinciden.
   en System.Web.Helpers.AntiXsrf.TokenValidator.ValidateTokens(HttpContextBase httpContext, IIdentity identity, AntiForgeryToken sessionToken, AntiForgeryToken fieldToken)
   en System.Web.Helpers.AntiXsrf.AntiForgeryWorker.Validate(HttpContextBase httpContext)
   en System.Web.Mvc.ControllerActionInvoker.InvokeAuthorizationFilters(ControllerContext controllerContext, IList`1 filters, ActionDescriptor actionDescriptor)
   en System.Web.Mvc.Async.AsyncControllerActionInvoker.<>c__DisplayClass3_1.<BeginInvokeAction>b__0(AsyncCallback asyncCallback, Object asyncState)

2026-03-06 10:29:21.439 | SolicitudAOCR/FormularioEmisionAOCR
System.Web.HttpCompileException (0x80004005): c:\AOCR\AOCR\AOCR05-01-2026\AOCR1\AOCR\CapaPresentacion\Views\SolicitudAOCR\_FormularioEmisionAOCR.cshtml(227): error CS1056: Carácter '$' inesperado
   en System.Web.Compilation.AssemblyBuilder.Compile()
   en System.Web.Compilation.BuildProvidersCompiler.PerformBuild()
   en System.Web.Compilation.BuildManager.CompileWebFile(VirtualPath virtualPath)
   en System.Web.Compilation.BuildManager.GetVPathBuildResultInternal(VirtualPath virtualPath, Boolean noBuild, Boolean allowCrossApp, Boolean allowBuildInPrecompile, Boolean throwIfNotFound, Boolean ensureIsUpToDate)
   en System.Web.Compilation.BuildManager.GetVPathBuildResultWithNoAssert(HttpContext context, VirtualPath virtualPath, Boolean noBuild, Boolean allowCrossApp, Boolean allowBuildInPrecompile, Boolean throwIfNotFound, Boolean ensureIsUpToDate)
   en System.Web.Compilation.BuildManager.GetVirtualPathObjectFactory(VirtualPath virtualPath, HttpContext context, Boolean allowCrossApp, Boolean throwIfNotFound)
   en System.Web.Compilation.BuildManager.GetCompiledType(VirtualPath virtualPath)
   en System.Web.Mvc.BuildManagerCompiledView.Render(ViewContext viewContext, TextWriter writer)
   en System.Web.Mvc.ViewResultBase.ExecuteResult(ControllerContext context)
   en System.Web.Mvc.ControllerActionInvoker.InvokeActionResultFilterRecursive(IList`1 filters, Int32 filterIndex, ResultExecutingContext preContext, ControllerContext controllerContext, ActionResult actionResult)
   en System.Web.Mvc.ControllerActionInvoker.InvokeActionResultFilterRecursive(IList`1 filters, Int32 filterIndex, ResultExecutingContext preContext, ControllerContext controllerContext, ActionResult actionResult)
   en System.Web.Mvc.ControllerActionInvoker.InvokeActionResultFilterRecursive(IList`1 filters, Int32 filterIndex, ResultExecutingContext preContext, ControllerContext controllerContext, ActionResult actionResult)
   en System.Web.Mvc.ControllerActionInvoker.InvokeActionResultFilterRecursive(IList`1 filters, Int32 filterIndex, ResultExecutingContext preContext, ControllerContext controllerContext, ActionResult actionResult)
   en System.Web.Mvc.ControllerActionInvoker.InvokeActionResultWithFilters(ControllerContext controllerContext, IList`1 filters, ActionResult actionResult)
   en System.Web.Mvc.Async.AsyncControllerActionInvoker.<>c__DisplayClass3_1.<BeginInvokeAction>b__1(IAsyncResult asyncResult)

2026-03-06 11:42:30.932 | SolicitudAOCR/FormularioEmisionAOCR
System.Web.HttpCompileException (0x80004005): c:\AOCR\AOCR\AOCR05-01-2026\AOCR1\AOCR\CapaPresentacion\Views\SolicitudAOCR\_FormularioEmisionAOCR.cshtml(161): error CS0103: El nombre 'media' no existe en el contexto actual
   en System.Web.Compilation.AssemblyBuilder.Compile()
   en System.Web.Compilation.BuildProvidersCompiler.PerformBuild()
   en System.Web.Compilation.BuildManager.CompileWebFile(VirtualPath virtualPath)
   en System.Web.Compilation.BuildManager.GetVPathBuildResultInternal(VirtualPath virtualPath, Boolean noBuild, Boolean allowCrossApp, Boolean allowBuildInPrecompile, Boolean throwIfNotFound, Boolean ensureIsUpToDate)
   en System.Web.Compilation.BuildManager.GetVPathBuildResultWithNoAssert(HttpContext context, VirtualPath virtualPath, Boolean noBuild, Boolean allowCrossApp, Boolean allowBuildInPrecompile, Boolean throwIfNotFound, Boolean ensureIsUpToDate)
   en System.Web.Compilation.BuildManager.GetVirtualPathObjectFactory(VirtualPath virtualPath, HttpContext context, Boolean allowCrossApp, Boolean throwIfNotFound)
   en System.Web.Compilation.BuildManager.GetCompiledType(VirtualPath virtualPath)
   en System.Web.Mvc.BuildManagerCompiledView.Render(ViewContext viewContext, TextWriter writer)
   en System.Web.Mvc.ViewResultBase.ExecuteResult(ControllerContext context)
   en System.Web.Mvc.ControllerActionInvoker.InvokeActionResultFilterRecursive(IList`1 filters, Int32 filterIndex, ResultExecutingContext preContext, ControllerContext controllerContext, ActionResult actionResult)
   en System.Web.Mvc.ControllerActionInvoker.InvokeActionResultFilterRecursive(IList`1 filters, Int32 filterIndex, ResultExecutingContext preContext, ControllerContext controllerContext, ActionResult actionResult)
   en System.Web.Mvc.ControllerActionInvoker.InvokeActionResultFilterRecursive(IList`1 filters, Int32 filterIndex, ResultExecutingContext preContext, ControllerContext controllerContext, ActionResult actionResult)
   en System.Web.Mvc.ControllerActionInvoker.InvokeActionResultFilterRecursive(IList`1 filters, Int32 filterIndex, ResultExecutingContext preContext, ControllerContext controllerContext, ActionResult actionResult)
   en System.Web.Mvc.ControllerActionInvoker.InvokeActionResultWithFilters(ControllerContext controllerContext, IList`1 filters, ActionResult actionResult)
   en System.Web.Mvc.Async.AsyncControllerActionInvoker.<>c__DisplayClass3_1.<BeginInvokeAction>b__1(IAsyncResult asyncResult)

2026-03-06 11:44:03.030 | SolicitudAOCR/FormularioEmisionAOCR
System.Web.HttpCompileException (0x80004005): c:\AOCR\AOCR\AOCR05-01-2026\AOCR1\AOCR\CapaPresentacion\Views\SolicitudAOCR\_FormularioEmisionAOCR.cshtml(161): error CS0103: El nombre 'media' no existe en el contexto actual
   en System.Web.Compilation.AssemblyBuilder.Compile()
   en System.Web.Compilation.BuildProvidersCompiler.PerformBuild()
   en System.Web.Compilation.BuildManager.CompileWebFile(VirtualPath virtualPath)
   en System.Web.Compilation.BuildManager.GetVPathBuildResultInternal(VirtualPath virtualPath, Boolean noBuild, Boolean allowCrossApp, Boolean allowBuildInPrecompile, Boolean throwIfNotFound, Boolean ensureIsUpToDate)
   en System.Web.Compilation.BuildManager.GetVPathBuildResultWithNoAssert(HttpContext context, VirtualPath virtualPath, Boolean noBuild, Boolean allowCrossApp, Boolean allowBuildInPrecompile, Boolean throwIfNotFound, Boolean ensureIsUpToDate)
   en System.Web.Compilation.BuildManager.GetVirtualPathObjectFactory(VirtualPath virtualPath, HttpContext context, Boolean allowCrossApp, Boolean throwIfNotFound)
   en System.Web.Compilation.BuildManager.GetCompiledType(VirtualPath virtualPath)
   en System.Web.Mvc.BuildManagerCompiledView.Render(ViewContext viewContext, TextWriter writer)
   en System.Web.Mvc.ViewResultBase.ExecuteResult(ControllerContext context)
   en System.Web.Mvc.ControllerActionInvoker.InvokeActionResultFilterRecursive(IList`1 filters, Int32 filterIndex, ResultExecutingContext preContext, ControllerContext controllerContext, ActionResult actionResult)
   en System.Web.Mvc.ControllerActionInvoker.InvokeActionResultFilterRecursive(IList`1 filters, Int32 filterIndex, ResultExecutingContext preContext, ControllerContext controllerContext, ActionResult actionResult)
   en System.Web.Mvc.ControllerActionInvoker.InvokeActionResultFilterRecursive(IList`1 filters, Int32 filterIndex, ResultExecutingContext preContext, ControllerContext controllerContext, ActionResult actionResult)
   en System.Web.Mvc.ControllerActionInvoker.InvokeActionResultFilterRecursive(IList`1 filters, Int32 filterIndex, ResultExecutingContext preContext, ControllerContext controllerContext, ActionResult actionResult)
   en System.Web.Mvc.ControllerActionInvoker.InvokeActionResultWithFilters(ControllerContext controllerContext, IList`1 filters, ActionResult actionResult)
   en System.Web.Mvc.Async.AsyncControllerActionInvoker.<>c__DisplayClass3_1.<BeginInvokeAction>b__1(IAsyncResult asyncResult)

2026-03-06 16:07:43.382 | Account/Login
System.Web.HttpParseException (0x80004005): "]" no es válido al inicio de un bloque de código. Solo son válidos los identificadores, palabras clave, comentarios, "(" y "{".

   en System.Web.WebPages.Razor.RazorBuildProvider.EnsureGeneratedCode()
   en System.Web.WebPages.Razor.RazorBuildProvider.get_CodeCompilerType()
   en System.Web.Compilation.BuildProvider.GetCompilerTypeFromBuildProvider(BuildProvider buildProvider)
   en System.Web.Compilation.BuildProvidersCompiler.ProcessBuildProviders()
   en System.Web.Compilation.BuildProvidersCompiler.PerformBuild()
   en System.Web.Compilation.BuildManager.CompileWebFile(VirtualPath virtualPath)
   en System.Web.Compilation.BuildManager.GetVPathBuildResultInternal(VirtualPath virtualPath, Boolean noBuild, Boolean allowCrossApp, Boolean allowBuildInPrecompile, Boolean throwIfNotFound, Boolean ensureIsUpToDate)
   en System.Web.Compilation.BuildManager.GetVPathBuildResultWithNoAssert(HttpContext context, VirtualPath virtualPath, Boolean noBuild, Boolean allowCrossApp, Boolean allowBuildInPrecompile, Boolean throwIfNotFound, Boolean ensureIsUpToDate)
   en System.Web.Compilation.BuildManager.GetVirtualPathObjectFactory(VirtualPath virtualPath, HttpContext context, Boolean allowCrossApp, Boolean throwIfNotFound)
   en System.Web.Compilation.BuildManager.GetCompiledType(VirtualPath virtualPath)
   en System.Web.Mvc.BuildManagerCompiledView.Render(ViewContext viewContext, TextWriter writer)
   en System.Web.Mvc.Html.PartialExtensions.Partial(HtmlHelper htmlHelper, String partialViewName, Object model, ViewDataDictionary viewData)
   en ASP._Page_Views_Account_Login_cshtml.Execute() en c:\AOCR\AOCR\AOCR05-01-2026\AOCR1\AOCR\CapaPresentacion\Views\Account\Login.cshtml:línea 234
   en System.Web.WebPages.WebPageBase.ExecutePageHierarchy()
   en System.Web.Mvc.WebViewPage.ExecutePageHierarchy()
   en System.Web.WebPages.StartPage.ExecutePageHierarchy()
   en System.Web.WebPages.WebPageBase.ExecutePageHierarchy(WebPageContext pageContext, TextWriter writer, WebPageRenderingBase startPage)
   en System.Web.Mvc.ViewResultBase.ExecuteResult(ControllerContext context)
   en System.Web.Mvc.ControllerActionInvoker.InvokeActionResultFilterRecursive(IList`1 filters, Int32 filterIndex, ResultExecutingContext preContext, ControllerContext controllerContext, ActionResult actionResult)
   en System.Web.Mvc.ControllerActionInvoker.InvokeActionResultFilterRecursive(IList`1 filters, Int32 filterIndex, ResultExecutingContext preContext, ControllerContext controllerContext, ActionResult actionResult)
   en System.Web.Mvc.ControllerActionInvoker.InvokeActionResultFilterRecursive(IList`1 filters, Int32 filterIndex, ResultExecutingContext preContext, ControllerContext controllerContext, ActionResult actionResult)
   en System.Web.Mvc.ControllerActionInvoker.InvokeActionResultFilterRecursive(IList`1 filters, Int32 filterIndex, ResultExecutingContext preContext, ControllerContext controllerContext, ActionResult actionResult)
   en System.Web.Mvc.ControllerActionInvoker.InvokeActionResultWithFilters(ControllerContext controllerContext, IList`1 filters, ActionResult actionResult)
   en System.Web.Mvc.Async.AsyncControllerActionInvoker.<>c__DisplayClass3_1.<BeginInvokeAction>b__1(IAsyncResult asyncResult)

2026-03-09 14:51:08.627 | Account/Login
System.Web.Mvc.HttpAntiForgeryException (0x80004005): La cookie antifalsificación requerida "__AOCR_RequestVerificationToken" no está presente.
   en System.Web.Helpers.AntiXsrf.TokenValidator.ValidateTokens(HttpContextBase httpContext, IIdentity identity, AntiForgeryToken sessionToken, AntiForgeryToken fieldToken)
   en System.Web.Helpers.AntiXsrf.AntiForgeryWorker.Validate(HttpContextBase httpContext)
   en System.Web.Mvc.ControllerActionInvoker.InvokeAuthorizationFilters(ControllerContext controllerContext, IList`1 filters, ActionDescriptor actionDescriptor)
   en System.Web.Mvc.Async.AsyncControllerActionInvoker.<>c__DisplayClass3_1.<BeginInvokeAction>b__0(AsyncCallback asyncCallback, Object asyncState)

2026-03-09 16:10:36.884 | Account/Login
System.Web.Mvc.HttpAntiForgeryException (0x80004005): La cookie antifalsificación requerida "__AOCR_RequestVerificationToken" no está presente.
   en System.Web.Helpers.AntiXsrf.TokenValidator.ValidateTokens(HttpContextBase httpContext, IIdentity identity, AntiForgeryToken sessionToken, AntiForgeryToken fieldToken)
   en System.Web.Helpers.AntiXsrf.AntiForgeryWorker.Validate(HttpContextBase httpContext)
   en System.Web.Mvc.ControllerActionInvoker.InvokeAuthorizationFilters(ControllerContext controllerContext, IList`1 filters, ActionDescriptor actionDescriptor)
   en System.Web.Mvc.Async.AsyncControllerActionInvoker.<>c__DisplayClass3_1.<BeginInvokeAction>b__0(AsyncCallback asyncCallback, Object asyncState)

2026-03-10 14:07:54.589 | SolicitudAOCR/Detalle
System.Web.HttpParseException (0x80004005): Palabra clave "using" inesperada después del carácter "@". Una vez dentro del código, no es necesario añadir prefijos a las construcciones, como "using" con "@".

   en System.Web.WebPages.Razor.RazorBuildProvider.EnsureGeneratedCode()
   en System.Web.WebPages.Razor.RazorBuildProvider.get_CodeCompilerType()
   en System.Web.Compilation.BuildProvider.GetCompilerTypeFromBuildProvider(BuildProvider buildProvider)
   en System.Web.Compilation.BuildProvidersCompiler.ProcessBuildProviders()
   en System.Web.Compilation.BuildProvidersCompiler.PerformBuild()
   en System.Web.Compilation.BuildManager.CompileWebFile(VirtualPath virtualPath)
   en System.Web.Compilation.BuildManager.GetVPathBuildResultInternal(VirtualPath virtualPath, Boolean noBuild, Boolean allowCrossApp, Boolean allowBuildInPrecompile, Boolean throwIfNotFound, Boolean ensureIsUpToDate)
   en System.Web.Compilation.BuildManager.GetVPathBuildResultWithNoAssert(HttpContext context, VirtualPath virtualPath, Boolean noBuild, Boolean allowCrossApp, Boolean allowBuildInPrecompile, Boolean throwIfNotFound, Boolean ensureIsUpToDate)
   en System.Web.Compilation.BuildManager.GetVirtualPathObjectFactory(VirtualPath virtualPath, HttpContext context, Boolean allowCrossApp, Boolean throwIfNotFound)
   en System.Web.Compilation.BuildManager.GetCompiledType(VirtualPath virtualPath)
   en System.Web.Mvc.BuildManagerCompiledView.Render(ViewContext viewContext, TextWriter writer)
   en System.Web.Mvc.ViewResultBase.ExecuteResult(ControllerContext context)
   en System.Web.Mvc.ControllerActionInvoker.InvokeActionResultFilterRecursive(IList`1 filters, Int32 filterIndex, ResultExecutingContext preContext, ControllerContext controllerContext, ActionResult actionResult)
   en System.Web.Mvc.ControllerActionInvoker.InvokeActionResultFilterRecursive(IList`1 filters, Int32 filterIndex, ResultExecutingContext preContext, ControllerContext controllerContext, ActionResult actionResult)
   en System.Web.Mvc.ControllerActionInvoker.InvokeActionResultFilterRecursive(IList`1 filters, Int32 filterIndex, ResultExecutingContext preContext, ControllerContext controllerContext, ActionResult actionResult)
   en System.Web.Mvc.ControllerActionInvoker.InvokeActionResultFilterRecursive(IList`1 filters, Int32 filterIndex, ResultExecutingContext preContext, ControllerContext controllerContext, ActionResult actionResult)
   en System.Web.Mvc.ControllerActionInvoker.InvokeActionResultWithFilters(ControllerContext controllerContext, IList`1 filters, ActionResult actionResult)
   en System.Web.Mvc.Async.AsyncControllerActionInvoker.<>c__DisplayClass3_1.<BeginInvokeAction>b__1(IAsyncResult asyncResult)

2026-03-10 14:14:52.417 | SolicitudAOCR/Detalle
System.Web.HttpParseException (0x80004005): Palabra clave "using" inesperada después del carácter "@". Una vez dentro del código, no es necesario añadir prefijos a las construcciones, como "using" con "@".

   en System.Web.WebPages.Razor.RazorBuildProvider.EnsureGeneratedCode()
   en System.Web.WebPages.Razor.RazorBuildProvider.get_CodeCompilerType()
   en System.Web.Compilation.BuildProvider.GetCompilerTypeFromBuildProvider(BuildProvider buildProvider)
   en System.Web.Compilation.BuildProvidersCompiler.ProcessBuildProviders()
   en System.Web.Compilation.BuildProvidersCompiler.PerformBuild()
   en System.Web.Compilation.BuildManager.CompileWebFile(VirtualPath virtualPath)
   en System.Web.Compilation.BuildManager.GetVPathBuildResultInternal(VirtualPath virtualPath, Boolean noBuild, Boolean allowCrossApp, Boolean allowBuildInPrecompile, Boolean throwIfNotFound, Boolean ensureIsUpToDate)
   en System.Web.Compilation.BuildManager.GetVPathBuildResultWithNoAssert(HttpContext context, VirtualPath virtualPath, Boolean noBuild, Boolean allowCrossApp, Boolean allowBuildInPrecompile, Boolean throwIfNotFound, Boolean ensureIsUpToDate)
   en System.Web.Compilation.BuildManager.GetVirtualPathObjectFactory(VirtualPath virtualPath, HttpContext context, Boolean allowCrossApp, Boolean throwIfNotFound)
   en System.Web.Compilation.BuildManager.GetCompiledType(VirtualPath virtualPath)
   en System.Web.Mvc.BuildManagerCompiledView.Render(ViewContext viewContext, TextWriter writer)
   en System.Web.Mvc.ViewResultBase.ExecuteResult(ControllerContext context)
   en System.Web.Mvc.ControllerActionInvoker.InvokeActionResultFilterRecursive(IList`1 filters, Int32 filterIndex, ResultExecutingContext preContext, ControllerContext controllerContext, ActionResult actionResult)
   en System.Web.Mvc.ControllerActionInvoker.InvokeActionResultFilterRecursive(IList`1 filters, Int32 filterIndex, ResultExecutingContext preContext, ControllerContext controllerContext, ActionResult actionResult)
   en System.Web.Mvc.ControllerActionInvoker.InvokeActionResultFilterRecursive(IList`1 filters, Int32 filterIndex, ResultExecutingContext preContext, ControllerContext controllerContext, ActionResult actionResult)
   en System.Web.Mvc.ControllerActionInvoker.InvokeActionResultFilterRecursive(IList`1 filters, Int32 filterIndex, ResultExecutingContext preContext, ControllerContext controllerContext, ActionResult actionResult)
   en System.Web.Mvc.ControllerActionInvoker.InvokeActionResultWithFilters(ControllerContext controllerContext, IList`1 filters, ActionResult actionResult)
   en System.Web.Mvc.Async.AsyncControllerActionInvoker.<>c__DisplayClass3_1.<BeginInvokeAction>b__1(IAsyncResult asyncResult)

2026-03-10 14:29:39.211 | SolicitudAOCR/Detalle
System.Web.HttpParseException (0x80004005): Palabra clave "using" inesperada después del carácter "@". Una vez dentro del código, no es necesario añadir prefijos a las construcciones, como "using" con "@".

   en System.Web.WebPages.Razor.RazorBuildProvider.EnsureGeneratedCode()
   en System.Web.WebPages.Razor.RazorBuildProvider.get_CodeCompilerType()
   en System.Web.Compilation.BuildProvider.GetCompilerTypeFromBuildProvider(BuildProvider buildProvider)
   en System.Web.Compilation.BuildProvidersCompiler.ProcessBuildProviders()
   en System.Web.Compilation.BuildProvidersCompiler.PerformBuild()
   en System.Web.Compilation.BuildManager.CompileWebFile(VirtualPath virtualPath)
   en System.Web.Compilation.BuildManager.GetVPathBuildResultInternal(VirtualPath virtualPath, Boolean noBuild, Boolean allowCrossApp, Boolean allowBuildInPrecompile, Boolean throwIfNotFound, Boolean ensureIsUpToDate)
   en System.Web.Compilation.BuildManager.GetVPathBuildResultWithNoAssert(HttpContext context, VirtualPath virtualPath, Boolean noBuild, Boolean allowCrossApp, Boolean allowBuildInPrecompile, Boolean throwIfNotFound, Boolean ensureIsUpToDate)
   en System.Web.Compilation.BuildManager.GetVirtualPathObjectFactory(VirtualPath virtualPath, HttpContext context, Boolean allowCrossApp, Boolean throwIfNotFound)
   en System.Web.Compilation.BuildManager.GetCompiledType(VirtualPath virtualPath)
   en System.Web.Mvc.BuildManagerCompiledView.Render(ViewContext viewContext, TextWriter writer)
   en System.Web.Mvc.ViewResultBase.ExecuteResult(ControllerContext context)
   en System.Web.Mvc.ControllerActionInvoker.InvokeActionResultFilterRecursive(IList`1 filters, Int32 filterIndex, ResultExecutingContext preContext, ControllerContext controllerContext, ActionResult actionResult)
   en System.Web.Mvc.ControllerActionInvoker.InvokeActionResultFilterRecursive(IList`1 filters, Int32 filterIndex, ResultExecutingContext preContext, ControllerContext controllerContext, ActionResult actionResult)
   en System.Web.Mvc.ControllerActionInvoker.InvokeActionResultFilterRecursive(IList`1 filters, Int32 filterIndex, ResultExecutingContext preContext, ControllerContext controllerContext, ActionResult actionResult)
   en System.Web.Mvc.ControllerActionInvoker.InvokeActionResultFilterRecursive(IList`1 filters, Int32 filterIndex, ResultExecutingContext preContext, ControllerContext controllerContext, ActionResult actionResult)
   en System.Web.Mvc.ControllerActionInvoker.InvokeActionResultWithFilters(ControllerContext controllerContext, IList`1 filters, ActionResult actionResult)
   en System.Web.Mvc.Async.AsyncControllerActionInvoker.<>c__DisplayClass3_1.<BeginInvokeAction>b__1(IAsyncResult asyncResult)

2026-03-10 14:53:02.186 | Documento/Lista
Microsoft.CSharp.RuntimeBinder.RuntimeBinderException: No se puede realizar enlace en tiempo de ejecución en una referencia NULL.
   en CallSite.Target(Closure , CallSite , Object )
   en System.Dynamic.UpdateDelegates.UpdateAndExecute1[T0,TRet](CallSite site, T0 arg0)
   en ASP._Page_Views_Documento_Lista_cshtml.Execute() en c:\AOCR\AOCR\AOCR05-01-2026\AOCR1\AOCR\CapaPresentacion\Views\Documento\Lista.cshtml:línea 23
   en System.Web.WebPages.WebPageBase.ExecutePageHierarchy()
   en System.Web.Mvc.WebViewPage.ExecutePageHierarchy()
   en System.Web.WebPages.StartPage.ExecutePageHierarchy()
   en System.Web.WebPages.WebPageBase.ExecutePageHierarchy(WebPageContext pageContext, TextWriter writer, WebPageRenderingBase startPage)
   en System.Web.Mvc.ViewResultBase.ExecuteResult(ControllerContext context)
   en System.Web.Mvc.ControllerActionInvoker.InvokeActionResultFilterRecursive(IList`1 filters, Int32 filterIndex, ResultExecutingContext preContext, ControllerContext controllerContext, ActionResult actionResult)
   en System.Web.Mvc.ControllerActionInvoker.InvokeActionResultFilterRecursive(IList`1 filters, Int32 filterIndex, ResultExecutingContext preContext, ControllerContext controllerContext, ActionResult actionResult)
   en System.Web.Mvc.ControllerActionInvoker.InvokeActionResultFilterRecursive(IList`1 filters, Int32 filterIndex, ResultExecutingContext preContext, ControllerContext controllerContext, ActionResult actionResult)
   en System.Web.Mvc.ControllerActionInvoker.InvokeActionResultFilterRecursive(IList`1 filters, Int32 filterIndex, ResultExecutingContext preContext, ControllerContext controllerContext, ActionResult actionResult)
   en System.Web.Mvc.ControllerActionInvoker.InvokeActionResultWithFilters(ControllerContext controllerContext, IList`1 filters, ActionResult actionResult)
   en System.Web.Mvc.Async.AsyncControllerActionInvoker.<>c__DisplayClass3_1.<BeginInvokeAction>b__1(IAsyncResult asyncResult)

2026-03-10 16:17:14.897 | SolicitudAOCR/Detalle
System.Web.HttpParseException (0x80004005): Palabra clave "using" inesperada después del carácter "@". Una vez dentro del código, no es necesario añadir prefijos a las construcciones, como "using" con "@".

   en System.Web.WebPages.Razor.RazorBuildProvider.EnsureGeneratedCode()
   en System.Web.WebPages.Razor.RazorBuildProvider.get_CodeCompilerType()
   en System.Web.Compilation.BuildProvider.GetCompilerTypeFromBuildProvider(BuildProvider buildProvider)
   en System.Web.Compilation.BuildProvidersCompiler.ProcessBuildProviders()
   en System.Web.Compilation.BuildProvidersCompiler.PerformBuild()
   en System.Web.Compilation.BuildManager.CompileWebFile(VirtualPath virtualPath)
   en System.Web.Compilation.BuildManager.GetVPathBuildResultInternal(VirtualPath virtualPath, Boolean noBuild, Boolean allowCrossApp, Boolean allowBuildInPrecompile, Boolean throwIfNotFound, Boolean ensureIsUpToDate)
   en System.Web.Compilation.BuildManager.GetVPathBuildResultWithNoAssert(HttpContext context, VirtualPath virtualPath, Boolean noBuild, Boolean allowCrossApp, Boolean allowBuildInPrecompile, Boolean throwIfNotFound, Boolean ensureIsUpToDate)
   en System.Web.Compilation.BuildManager.GetVirtualPathObjectFactory(VirtualPath virtualPath, HttpContext context, Boolean allowCrossApp, Boolean throwIfNotFound)
   en System.Web.Compilation.BuildManager.GetCompiledType(VirtualPath virtualPath)
   en System.Web.Mvc.BuildManagerCompiledView.Render(ViewContext viewContext, TextWriter writer)
   en System.Web.Mvc.ViewResultBase.ExecuteResult(ControllerContext context)
   en System.Web.Mvc.ControllerActionInvoker.InvokeActionResultFilterRecursive(IList`1 filters, Int32 filterIndex, ResultExecutingContext preContext, ControllerContext controllerContext, ActionResult actionResult)
   en System.Web.Mvc.ControllerActionInvoker.InvokeActionResultFilterRecursive(IList`1 filters, Int32 filterIndex, ResultExecutingContext preContext, ControllerContext controllerContext, ActionResult actionResult)
   en System.Web.Mvc.ControllerActionInvoker.InvokeActionResultFilterRecursive(IList`1 filters, Int32 filterIndex, ResultExecutingContext preContext, ControllerContext controllerContext, ActionResult actionResult)
   en System.Web.Mvc.ControllerActionInvoker.InvokeActionResultFilterRecursive(IList`1 filters, Int32 filterIndex, ResultExecutingContext preContext, ControllerContext controllerContext, ActionResult actionResult)
   en System.Web.Mvc.ControllerActionInvoker.InvokeActionResultWithFilters(ControllerContext controllerContext, IList`1 filters, ActionResult actionResult)
   en System.Web.Mvc.Async.AsyncControllerActionInvoker.<>c__DisplayClass3_1.<BeginInvokeAction>b__1(IAsyncResult asyncResult)

2026-03-10 16:22:15.620 | SolicitudAOCR/Detalle
System.Web.HttpParseException (0x80004005): Palabra clave "using" inesperada después del carácter "@". Una vez dentro del código, no es necesario añadir prefijos a las construcciones, como "using" con "@".

   en System.Web.WebPages.Razor.RazorBuildProvider.EnsureGeneratedCode()
   en System.Web.WebPages.Razor.RazorBuildProvider.get_CodeCompilerType()
   en System.Web.Compilation.BuildProvider.GetCompilerTypeFromBuildProvider(BuildProvider buildProvider)
   en System.Web.Compilation.BuildProvidersCompiler.ProcessBuildProviders()
   en System.Web.Compilation.BuildProvidersCompiler.PerformBuild()
   en System.Web.Compilation.BuildManager.CompileWebFile(VirtualPath virtualPath)
   en System.Web.Compilation.BuildManager.GetVPathBuildResultInternal(VirtualPath virtualPath, Boolean noBuild, Boolean allowCrossApp, Boolean allowBuildInPrecompile, Boolean throwIfNotFound, Boolean ensureIsUpToDate)
   en System.Web.Compilation.BuildManager.GetVPathBuildResultWithNoAssert(HttpContext context, VirtualPath virtualPath, Boolean noBuild, Boolean allowCrossApp, Boolean allowBuildInPrecompile, Boolean throwIfNotFound, Boolean ensureIsUpToDate)
   en System.Web.Compilation.BuildManager.GetVirtualPathObjectFactory(VirtualPath virtualPath, HttpContext context, Boolean allowCrossApp, Boolean throwIfNotFound)
   en System.Web.Compilation.BuildManager.GetCompiledType(VirtualPath virtualPath)
   en System.Web.Mvc.BuildManagerCompiledView.Render(ViewContext viewContext, TextWriter writer)
   en System.Web.Mvc.ViewResultBase.ExecuteResult(ControllerContext context)
   en System.Web.Mvc.ControllerActionInvoker.InvokeActionResultFilterRecursive(IList`1 filters, Int32 filterIndex, ResultExecutingContext preContext, ControllerContext controllerContext, ActionResult actionResult)
   en System.Web.Mvc.ControllerActionInvoker.InvokeActionResultFilterRecursive(IList`1 filters, Int32 filterIndex, ResultExecutingContext preContext, ControllerContext controllerContext, ActionResult actionResult)
   en System.Web.Mvc.ControllerActionInvoker.InvokeActionResultFilterRecursive(IList`1 filters, Int32 filterIndex, ResultExecutingContext preContext, ControllerContext controllerContext, ActionResult actionResult)
   en System.Web.Mvc.ControllerActionInvoker.InvokeActionResultFilterRecursive(IList`1 filters, Int32 filterIndex, ResultExecutingContext preContext, ControllerContext controllerContext, ActionResult actionResult)
   en System.Web.Mvc.ControllerActionInvoker.InvokeActionResultWithFilters(ControllerContext controllerContext, IList`1 filters, ActionResult actionResult)
   en System.Web.Mvc.Async.AsyncControllerActionInvoker.<>c__DisplayClass3_1.<BeginInvokeAction>b__1(IAsyncResult asyncResult)

2026-03-11 10:15:41.074 | Inspeccion/GuardarInformeTecnico
System.Web.HttpRequestValidationException (0x80004005): Se detectó un posible valor Request.Form peligroso en el cliente (resumen="x<zx<zx").
   en System.Web.HttpRequest.ValidateString(String value, String collectionKey, RequestValidationSource requestCollection)
   en System.Web.HttpValueCollection.EnsureKeyValidated(String key)
   en System.Web.HttpValueCollection.GetValues(String name)
   en System.Web.Mvc.NameValueCollectionValueProvider.ValueProviderResultPlaceholder.GetResultFromCollection(String key, NameValueCollection collection, CultureInfo culture)
   en System.Web.Mvc.NameValueCollectionValueProvider.GetValue(String key, Boolean skipValidation)
   en System.Web.Mvc.ValueProviderCollection.GetValue(String key, Boolean skipValidation)
   en System.Web.Mvc.DefaultModelBinder.BindModel(ControllerContext controllerContext, ModelBindingContext bindingContext)
   en System.Web.Mvc.ControllerActionInvoker.GetParameterValue(ControllerContext controllerContext, ParameterDescriptor parameterDescriptor)
   en System.Web.Mvc.ControllerActionInvoker.GetParameterValues(ControllerContext controllerContext, ActionDescriptor actionDescriptor)
   en System.Web.Mvc.Async.AsyncControllerActionInvoker.<>c__DisplayClass3_1.<BeginInvokeAction>b__0(AsyncCallback asyncCallback, Object asyncState)

2026-03-11 10:20:48.845 | Inspeccion/GuardarInformeTecnico
System.Web.HttpRequestValidationException (0x80004005): Se detectó un posible valor Request.Form peligroso en el cliente (resumen="x<zx<zx").
   en System.Web.HttpRequest.ValidateString(String value, String collectionKey, RequestValidationSource requestCollection)
   en System.Web.HttpValueCollection.EnsureKeyValidated(String key)
   en System.Web.HttpValueCollection.GetValues(String name)
   en System.Web.Mvc.NameValueCollectionValueProvider.ValueProviderResultPlaceholder.GetResultFromCollection(String key, NameValueCollection collection, CultureInfo culture)
   en System.Web.Mvc.NameValueCollectionValueProvider.GetValue(String key, Boolean skipValidation)
   en System.Web.Mvc.ValueProviderCollection.GetValue(String key, Boolean skipValidation)
   en System.Web.Mvc.DefaultModelBinder.BindModel(ControllerContext controllerContext, ModelBindingContext bindingContext)
   en System.Web.Mvc.ControllerActionInvoker.GetParameterValue(ControllerContext controllerContext, ParameterDescriptor parameterDescriptor)
   en System.Web.Mvc.ControllerActionInvoker.GetParameterValues(ControllerContext controllerContext, ActionDescriptor actionDescriptor)
   en System.Web.Mvc.Async.AsyncControllerActionInvoker.<>c__DisplayClass3_1.<BeginInvokeAction>b__0(AsyncCallback asyncCallback, Object asyncState)

2026-03-11 10:20:57.210 | Inspeccion/GuardarInformeTecnico
System.Web.HttpRequestValidationException (0x80004005): Se detectó un posible valor Request.Form peligroso en el cliente (resumen="x<zx<zx").
   en System.Web.HttpRequest.ValidateString(String value, String collectionKey, RequestValidationSource requestCollection)
   en System.Web.HttpValueCollection.EnsureKeyValidated(String key)
   en System.Web.HttpValueCollection.GetValues(String name)
   en System.Web.Mvc.NameValueCollectionValueProvider.ValueProviderResultPlaceholder.GetResultFromCollection(String key, NameValueCollection collection, CultureInfo culture)
   en System.Web.Mvc.NameValueCollectionValueProvider.GetValue(String key, Boolean skipValidation)
   en System.Web.Mvc.ValueProviderCollection.GetValue(String key, Boolean skipValidation)
   en System.Web.Mvc.DefaultModelBinder.BindModel(ControllerContext controllerContext, ModelBindingContext bindingContext)
   en System.Web.Mvc.ControllerActionInvoker.GetParameterValue(ControllerContext controllerContext, ParameterDescriptor parameterDescriptor)
   en System.Web.Mvc.ControllerActionInvoker.GetParameterValues(ControllerContext controllerContext, ActionDescriptor actionDescriptor)
   en System.Web.Mvc.Async.AsyncControllerActionInvoker.<>c__DisplayClass3_1.<BeginInvokeAction>b__0(AsyncCallback asyncCallback, Object asyncState)

2026-03-11 10:25:03.323 | Inspeccion/GuardarInformeTecnico
System.Web.HttpRequestValidationException (0x80004005): Se detectó un posible valor Request.Form peligroso en el cliente (resumen="x<zx<zx").
   en System.Web.HttpRequest.ValidateString(String value, String collectionKey, RequestValidationSource requestCollection)
   en System.Web.HttpValueCollection.EnsureKeyValidated(String key)
   en System.Web.HttpValueCollection.GetValues(String name)
   en System.Web.Mvc.NameValueCollectionValueProvider.ValueProviderResultPlaceholder.GetResultFromCollection(String key, NameValueCollection collection, CultureInfo culture)
   en System.Web.Mvc.NameValueCollectionValueProvider.GetValue(String key, Boolean skipValidation)
   en System.Web.Mvc.ValueProviderCollection.GetValue(String key, Boolean skipValidation)
   en System.Web.Mvc.DefaultModelBinder.BindModel(ControllerContext controllerContext, ModelBindingContext bindingContext)
   en System.Web.Mvc.ControllerActionInvoker.GetParameterValue(ControllerContext controllerContext, ParameterDescriptor parameterDescriptor)
   en System.Web.Mvc.ControllerActionInvoker.GetParameterValues(ControllerContext controllerContext, ActionDescriptor actionDescriptor)
   en System.Web.Mvc.Async.AsyncControllerActionInvoker.<>c__DisplayClass3_1.<BeginInvokeAction>b__0(AsyncCallback asyncCallback, Object asyncState)

2026-03-11 10:25:07.573 | Inspeccion/GuardarInformeTecnico
System.Web.HttpRequestValidationException (0x80004005): Se detectó un posible valor Request.Form peligroso en el cliente (resumen="x<zx<zx").
   en System.Web.HttpRequest.ValidateString(String value, String collectionKey, RequestValidationSource requestCollection)
   en System.Web.HttpValueCollection.EnsureKeyValidated(String key)
   en System.Web.HttpValueCollection.GetValues(String name)
   en System.Web.Mvc.NameValueCollectionValueProvider.ValueProviderResultPlaceholder.GetResultFromCollection(String key, NameValueCollection collection, CultureInfo culture)
   en System.Web.Mvc.NameValueCollectionValueProvider.GetValue(String key, Boolean skipValidation)
   en System.Web.Mvc.ValueProviderCollection.GetValue(String key, Boolean skipValidation)
   en System.Web.Mvc.DefaultModelBinder.BindModel(ControllerContext controllerContext, ModelBindingContext bindingContext)
   en System.Web.Mvc.ControllerActionInvoker.GetParameterValue(ControllerContext controllerContext, ParameterDescriptor parameterDescriptor)
   en System.Web.Mvc.ControllerActionInvoker.GetParameterValues(ControllerContext controllerContext, ActionDescriptor actionDescriptor)
   en System.Web.Mvc.Async.AsyncControllerActionInvoker.<>c__DisplayClass3_1.<BeginInvokeAction>b__0(AsyncCallback asyncCallback, Object asyncState)

2026-03-11 12:19:02.476 | SolicitudAOCR/Detalle
System.Web.HttpParseException (0x80004005): Palabra clave "using" inesperada después del carácter "@". Una vez dentro del código, no es necesario añadir prefijos a las construcciones, como "using" con "@".

   en System.Web.WebPages.Razor.RazorBuildProvider.EnsureGeneratedCode()
   en System.Web.WebPages.Razor.RazorBuildProvider.get_CodeCompilerType()
   en System.Web.Compilation.BuildProvider.GetCompilerTypeFromBuildProvider(BuildProvider buildProvider)
   en System.Web.Compilation.BuildProvidersCompiler.ProcessBuildProviders()
   en System.Web.Compilation.BuildProvidersCompiler.PerformBuild()
   en System.Web.Compilation.BuildManager.CompileWebFile(VirtualPath virtualPath)
   en System.Web.Compilation.BuildManager.GetVPathBuildResultInternal(VirtualPath virtualPath, Boolean noBuild, Boolean allowCrossApp, Boolean allowBuildInPrecompile, Boolean throwIfNotFound, Boolean ensureIsUpToDate)
   en System.Web.Compilation.BuildManager.GetVPathBuildResultWithNoAssert(HttpContext context, VirtualPath virtualPath, Boolean noBuild, Boolean allowCrossApp, Boolean allowBuildInPrecompile, Boolean throwIfNotFound, Boolean ensureIsUpToDate)
   en System.Web.Compilation.BuildManager.GetVirtualPathObjectFactory(VirtualPath virtualPath, HttpContext context, Boolean allowCrossApp, Boolean throwIfNotFound)
   en System.Web.Compilation.BuildManager.GetCompiledType(VirtualPath virtualPath)
   en System.Web.Mvc.BuildManagerCompiledView.Render(ViewContext viewContext, TextWriter writer)
   en System.Web.Mvc.ViewResultBase.ExecuteResult(ControllerContext context)
   en System.Web.Mvc.ControllerActionInvoker.InvokeActionResultFilterRecursive(IList`1 filters, Int32 filterIndex, ResultExecutingContext preContext, ControllerContext controllerContext, ActionResult actionResult)
   en System.Web.Mvc.ControllerActionInvoker.InvokeActionResultFilterRecursive(IList`1 filters, Int32 filterIndex, ResultExecutingContext preContext, ControllerContext controllerContext, ActionResult actionResult)
   en System.Web.Mvc.ControllerActionInvoker.InvokeActionResultFilterRecursive(IList`1 filters, Int32 filterIndex, ResultExecutingContext preContext, ControllerContext controllerContext, ActionResult actionResult)
   en System.Web.Mvc.ControllerActionInvoker.InvokeActionResultFilterRecursive(IList`1 filters, Int32 filterIndex, ResultExecutingContext preContext, ControllerContext controllerContext, ActionResult actionResult)
   en System.Web.Mvc.ControllerActionInvoker.InvokeActionResultWithFilters(ControllerContext controllerContext, IList`1 filters, ActionResult actionResult)
   en System.Web.Mvc.Async.AsyncControllerActionInvoker.<>c__DisplayClass3_1.<BeginInvokeAction>b__1(IAsyncResult asyncResult)

2026-03-11 12:19:43.261 | SolicitudAOCR/Detalle
System.Web.HttpParseException (0x80004005): Palabra clave "using" inesperada después del carácter "@". Una vez dentro del código, no es necesario añadir prefijos a las construcciones, como "using" con "@".

   en System.Web.WebPages.Razor.RazorBuildProvider.EnsureGeneratedCode()
   en System.Web.WebPages.Razor.RazorBuildProvider.get_CodeCompilerType()
   en System.Web.Compilation.BuildProvider.GetCompilerTypeFromBuildProvider(BuildProvider buildProvider)
   en System.Web.Compilation.BuildProvidersCompiler.ProcessBuildProviders()
   en System.Web.Compilation.BuildProvidersCompiler.PerformBuild()
   en System.Web.Compilation.BuildManager.CompileWebFile(VirtualPath virtualPath)
   en System.Web.Compilation.BuildManager.GetVPathBuildResultInternal(VirtualPath virtualPath, Boolean noBuild, Boolean allowCrossApp, Boolean allowBuildInPrecompile, Boolean throwIfNotFound, Boolean ensureIsUpToDate)
   en System.Web.Compilation.BuildManager.GetVPathBuildResultWithNoAssert(HttpContext context, VirtualPath virtualPath, Boolean noBuild, Boolean allowCrossApp, Boolean allowBuildInPrecompile, Boolean throwIfNotFound, Boolean ensureIsUpToDate)
   en System.Web.Compilation.BuildManager.GetVirtualPathObjectFactory(VirtualPath virtualPath, HttpContext context, Boolean allowCrossApp, Boolean throwIfNotFound)
   en System.Web.Compilation.BuildManager.GetCompiledType(VirtualPath virtualPath)
   en System.Web.Mvc.BuildManagerCompiledView.Render(ViewContext viewContext, TextWriter writer)
   en System.Web.Mvc.ViewResultBase.ExecuteResult(ControllerContext context)
   en System.Web.Mvc.ControllerActionInvoker.InvokeActionResultFilterRecursive(IList`1 filters, Int32 filterIndex, ResultExecutingContext preContext, ControllerContext controllerContext, ActionResult actionResult)
   en System.Web.Mvc.ControllerActionInvoker.InvokeActionResultFilterRecursive(IList`1 filters, Int32 filterIndex, ResultExecutingContext preContext, ControllerContext controllerContext, ActionResult actionResult)
   en System.Web.Mvc.ControllerActionInvoker.InvokeActionResultFilterRecursive(IList`1 filters, Int32 filterIndex, ResultExecutingContext preContext, ControllerContext controllerContext, ActionResult actionResult)
   en System.Web.Mvc.ControllerActionInvoker.InvokeActionResultFilterRecursive(IList`1 filters, Int32 filterIndex, ResultExecutingContext preContext, ControllerContext controllerContext, ActionResult actionResult)
   en System.Web.Mvc.ControllerActionInvoker.InvokeActionResultWithFilters(ControllerContext controllerContext, IList`1 filters, ActionResult actionResult)
   en System.Web.Mvc.Async.AsyncControllerActionInvoker.<>c__DisplayClass3_1.<BeginInvokeAction>b__1(IAsyncResult asyncResult)

2026-03-11 13:35:04.419 | SolicitudAOCR/Detalle
System.Web.HttpParseException (0x80004005): Se encontró la etiqueta de cierre "div" sin una etiqueta de inicio correspondiente. ¿Existe el mismo número de etiquetas de inicio y de cierre?

   en System.Web.WebPages.Razor.RazorBuildProvider.EnsureGeneratedCode()
   en System.Web.WebPages.Razor.RazorBuildProvider.get_CodeCompilerType()
   en System.Web.Compilation.BuildProvider.GetCompilerTypeFromBuildProvider(BuildProvider buildProvider)
   en System.Web.Compilation.BuildProvidersCompiler.ProcessBuildProviders()
   en System.Web.Compilation.BuildProvidersCompiler.PerformBuild()
   en System.Web.Compilation.BuildManager.CompileWebFile(VirtualPath virtualPath)
   en System.Web.Compilation.BuildManager.GetVPathBuildResultInternal(VirtualPath virtualPath, Boolean noBuild, Boolean allowCrossApp, Boolean allowBuildInPrecompile, Boolean throwIfNotFound, Boolean ensureIsUpToDate)
   en System.Web.Compilation.BuildManager.GetVPathBuildResultWithNoAssert(HttpContext context, VirtualPath virtualPath, Boolean noBuild, Boolean allowCrossApp, Boolean allowBuildInPrecompile, Boolean throwIfNotFound, Boolean ensureIsUpToDate)
   en System.Web.Compilation.BuildManager.GetVirtualPathObjectFactory(VirtualPath virtualPath, HttpContext context, Boolean allowCrossApp, Boolean throwIfNotFound)
   en System.Web.Compilation.BuildManager.GetCompiledType(VirtualPath virtualPath)
   en System.Web.Mvc.BuildManagerCompiledView.Render(ViewContext viewContext, TextWriter writer)
   en System.Web.Mvc.ViewResultBase.ExecuteResult(ControllerContext context)
   en System.Web.Mvc.ControllerActionInvoker.InvokeActionResultFilterRecursive(IList`1 filters, Int32 filterIndex, ResultExecutingContext preContext, ControllerContext controllerContext, ActionResult actionResult)
   en System.Web.Mvc.ControllerActionInvoker.InvokeActionResultFilterRecursive(IList`1 filters, Int32 filterIndex, ResultExecutingContext preContext, ControllerContext controllerContext, ActionResult actionResult)
   en System.Web.Mvc.ControllerActionInvoker.InvokeActionResultFilterRecursive(IList`1 filters, Int32 filterIndex, ResultExecutingContext preContext, ControllerContext controllerContext, ActionResult actionResult)
   en System.Web.Mvc.ControllerActionInvoker.InvokeActionResultFilterRecursive(IList`1 filters, Int32 filterIndex, ResultExecutingContext preContext, ControllerContext controllerContext, ActionResult actionResult)
   en System.Web.Mvc.ControllerActionInvoker.InvokeActionResultWithFilters(ControllerContext controllerContext, IList`1 filters, ActionResult actionResult)
   en System.Web.Mvc.Async.AsyncControllerActionInvoker.<>c__DisplayClass3_1.<BeginInvokeAction>b__1(IAsyncResult asyncResult)

2026-03-13 09:06:38.330 | Direccion/AprobarSolicitudes
System.Web.HttpCompileException (0x80004005): c:\AOCR\AOCR\AOCR05-01-2026\AOCR1\AOCR\CapaPresentacion\Views\Direccion\AprobarSolicitudes.cshtml(24): error CS1525: El término de la expresión '.' no es válido
   en System.Web.Compilation.AssemblyBuilder.Compile()
   en System.Web.Compilation.BuildProvidersCompiler.PerformBuild()
   en System.Web.Compilation.BuildManager.CompileWebFile(VirtualPath virtualPath)
   en System.Web.Compilation.BuildManager.GetVPathBuildResultInternal(VirtualPath virtualPath, Boolean noBuild, Boolean allowCrossApp, Boolean allowBuildInPrecompile, Boolean throwIfNotFound, Boolean ensureIsUpToDate)
   en System.Web.Compilation.BuildManager.GetVPathBuildResultWithNoAssert(HttpContext context, VirtualPath virtualPath, Boolean noBuild, Boolean allowCrossApp, Boolean allowBuildInPrecompile, Boolean throwIfNotFound, Boolean ensureIsUpToDate)
   en System.Web.Compilation.BuildManager.GetVirtualPathObjectFactory(VirtualPath virtualPath, HttpContext context, Boolean allowCrossApp, Boolean throwIfNotFound)
   en System.Web.Compilation.BuildManager.GetCompiledType(VirtualPath virtualPath)
   en System.Web.Mvc.BuildManagerCompiledView.Render(ViewContext viewContext, TextWriter writer)
   en System.Web.Mvc.ViewResultBase.ExecuteResult(ControllerContext context)
   en System.Web.Mvc.ControllerActionInvoker.InvokeActionResultFilterRecursive(IList`1 filters, Int32 filterIndex, ResultExecutingContext preContext, ControllerContext controllerContext, ActionResult actionResult)
   en System.Web.Mvc.ControllerActionInvoker.InvokeActionResultFilterRecursive(IList`1 filters, Int32 filterIndex, ResultExecutingContext preContext, ControllerContext controllerContext, ActionResult actionResult)
   en System.Web.Mvc.ControllerActionInvoker.InvokeActionResultFilterRecursive(IList`1 filters, Int32 filterIndex, ResultExecutingContext preContext, ControllerContext controllerContext, ActionResult actionResult)
   en System.Web.Mvc.ControllerActionInvoker.InvokeActionResultFilterRecursive(IList`1 filters, Int32 filterIndex, ResultExecutingContext preContext, ControllerContext controllerContext, ActionResult actionResult)
   en System.Web.Mvc.ControllerActionInvoker.InvokeActionResultWithFilters(ControllerContext controllerContext, IList`1 filters, ActionResult actionResult)
   en System.Web.Mvc.Async.AsyncControllerActionInvoker.<>c__DisplayClass3_1.<BeginInvokeAction>b__1(IAsyncResult asyncResult)

2026-03-13 11:17:46.139 | OrdenRecaudacion/Nueva
System.Web.HttpParseException (0x80004005): El bloque código no tiene un carácter "}" de cierre. Asegúrese de tener un carácter "}" correspondiente para todos los caracteres "{" de este bloque y de que ninguno de los caracteres "}" se interpreta como marcado.

   en System.Web.WebPages.Razor.RazorBuildProvider.EnsureGeneratedCode()
   en System.Web.WebPages.Razor.RazorBuildProvider.get_CodeCompilerType()
   en System.Web.Compilation.BuildProvider.GetCompilerTypeFromBuildProvider(BuildProvider buildProvider)
   en System.Web.Compilation.BuildProvidersCompiler.ProcessBuildProviders()
   en System.Web.Compilation.BuildProvidersCompiler.PerformBuild()
   en System.Web.Compilation.BuildManager.CompileWebFile(VirtualPath virtualPath)
   en System.Web.Compilation.BuildManager.GetVPathBuildResultInternal(VirtualPath virtualPath, Boolean noBuild, Boolean allowCrossApp, Boolean allowBuildInPrecompile, Boolean throwIfNotFound, Boolean ensureIsUpToDate)
   en System.Web.Compilation.BuildManager.GetVPathBuildResultWithNoAssert(HttpContext context, VirtualPath virtualPath, Boolean noBuild, Boolean allowCrossApp, Boolean allowBuildInPrecompile, Boolean throwIfNotFound, Boolean ensureIsUpToDate)
   en System.Web.Compilation.BuildManager.GetVirtualPathObjectFactory(VirtualPath virtualPath, HttpContext context, Boolean allowCrossApp, Boolean throwIfNotFound)
   en System.Web.Compilation.BuildManager.GetCompiledType(VirtualPath virtualPath)
   en System.Web.Mvc.BuildManagerCompiledView.Render(ViewContext viewContext, TextWriter writer)
   en System.Web.Mvc.ViewResultBase.ExecuteResult(ControllerContext context)
   en System.Web.Mvc.ControllerActionInvoker.InvokeActionResultFilterRecursive(IList`1 filters, Int32 filterIndex, ResultExecutingContext preContext, ControllerContext controllerContext, ActionResult actionResult)
   en System.Web.Mvc.ControllerActionInvoker.InvokeActionResultFilterRecursive(IList`1 filters, Int32 filterIndex, ResultExecutingContext preContext, ControllerContext controllerContext, ActionResult actionResult)
   en System.Web.Mvc.ControllerActionInvoker.InvokeActionResultFilterRecursive(IList`1 filters, Int32 filterIndex, ResultExecutingContext preContext, ControllerContext controllerContext, ActionResult actionResult)
   en System.Web.Mvc.ControllerActionInvoker.InvokeActionResultFilterRecursive(IList`1 filters, Int32 filterIndex, ResultExecutingContext preContext, ControllerContext controllerContext, ActionResult actionResult)
   en System.Web.Mvc.ControllerActionInvoker.InvokeActionResultWithFilters(ControllerContext controllerContext, IList`1 filters, ActionResult actionResult)
   en System.Web.Mvc.Async.AsyncControllerActionInvoker.<>c__DisplayClass3_1.<BeginInvokeAction>b__1(IAsyncResult asyncResult)

2026-03-17 15:11:03.893 | Dashboard/Index
Microsoft.CSharp.RuntimeBinder.RuntimeBinderException: 'object' no contiene una definición para 'Text'.
   en CallSite.Target(Closure , CallSite , Object )
   en System.Dynamic.UpdateDelegates.UpdateAndExecute1[T0,TRet](CallSite site, T0 arg0)
   en ASP._Page_Views_Shared__PageHeader_cshtml.Execute() en c:\AOCR\AOCR\AOCR05-01-2026\AOCR1\AOCR\CapaPresentacion\Views\Shared\_PageHeader.cshtml:línea 46
   en System.Web.WebPages.WebPageBase.ExecutePageHierarchy()
   en System.Web.Mvc.WebViewPage.ExecutePageHierarchy()
   en System.Web.WebPages.WebPageBase.ExecutePageHierarchy(WebPageContext pageContext, TextWriter writer, WebPageRenderingBase startPage)
   en System.Web.Mvc.Html.PartialExtensions.Partial(HtmlHelper htmlHelper, String partialViewName, Object model, ViewDataDictionary viewData)
   en ASP._Page_Views_Dashboard_Index_cshtml.Execute() en c:\AOCR\AOCR\AOCR05-01-2026\AOCR1\AOCR\CapaPresentacion\Views\Dashboard\Index.cshtml:línea 47
   en System.Web.WebPages.WebPageBase.ExecutePageHierarchy()
   en System.Web.Mvc.WebViewPage.ExecutePageHierarchy()
   en System.Web.WebPages.StartPage.ExecutePageHierarchy()
   en System.Web.WebPages.WebPageBase.ExecutePageHierarchy(WebPageContext pageContext, TextWriter writer, WebPageRenderingBase startPage)
   en System.Web.Mvc.ViewResultBase.ExecuteResult(ControllerContext context)
   en System.Web.Mvc.ControllerActionInvoker.InvokeActionResultFilterRecursive(IList`1 filters, Int32 filterIndex, ResultExecutingContext preContext, ControllerContext controllerContext, ActionResult actionResult)
   en System.Web.Mvc.ControllerActionInvoker.InvokeActionResultFilterRecursive(IList`1 filters, Int32 filterIndex, ResultExecutingContext preContext, ControllerContext controllerContext, ActionResult actionResult)
   en System.Web.Mvc.ControllerActionInvoker.InvokeActionResultFilterRecursive(IList`1 filters, Int32 filterIndex, ResultExecutingContext preContext, ControllerContext controllerContext, ActionResult actionResult)
   en System.Web.Mvc.ControllerActionInvoker.InvokeActionResultFilterRecursive(IList`1 filters, Int32 filterIndex, ResultExecutingContext preContext, ControllerContext controllerContext, ActionResult actionResult)
   en System.Web.Mvc.ControllerActionInvoker.InvokeActionResultWithFilters(ControllerContext controllerContext, IList`1 filters, ActionResult actionResult)
   en System.Web.Mvc.Async.AsyncControllerActionInvoker.<>c__DisplayClass3_1.<BeginInvokeAction>b__1(IAsyncResult asyncResult)

2026-03-17 15:11:09.509 | Dashboard/Index
Microsoft.CSharp.RuntimeBinder.RuntimeBinderException: 'object' no contiene una definición para 'Text'.
   en CallSite.Target(Closure , CallSite , Object )
   en ASP._Page_Views_Shared__PageHeader_cshtml.Execute() en c:\AOCR\AOCR\AOCR05-01-2026\AOCR1\AOCR\CapaPresentacion\Views\Shared\_PageHeader.cshtml:línea 46
   en System.Web.WebPages.WebPageBase.ExecutePageHierarchy()
   en System.Web.Mvc.WebViewPage.ExecutePageHierarchy()
   en System.Web.WebPages.WebPageBase.ExecutePageHierarchy(WebPageContext pageContext, TextWriter writer, WebPageRenderingBase startPage)
   en System.Web.Mvc.Html.PartialExtensions.Partial(HtmlHelper htmlHelper, String partialViewName, Object model, ViewDataDictionary viewData)
   en ASP._Page_Views_Dashboard_Index_cshtml.Execute() en c:\AOCR\AOCR\AOCR05-01-2026\AOCR1\AOCR\CapaPresentacion\Views\Dashboard\Index.cshtml:línea 47
   en System.Web.WebPages.WebPageBase.ExecutePageHierarchy()
   en System.Web.Mvc.WebViewPage.ExecutePageHierarchy()
   en System.Web.WebPages.StartPage.ExecutePageHierarchy()
   en System.Web.WebPages.WebPageBase.ExecutePageHierarchy(WebPageContext pageContext, TextWriter writer, WebPageRenderingBase startPage)
   en System.Web.Mvc.ViewResultBase.ExecuteResult(ControllerContext context)
   en System.Web.Mvc.ControllerActionInvoker.InvokeActionResultFilterRecursive(IList`1 filters, Int32 filterIndex, ResultExecutingContext preContext, ControllerContext controllerContext, ActionResult actionResult)
   en System.Web.Mvc.ControllerActionInvoker.InvokeActionResultFilterRecursive(IList`1 filters, Int32 filterIndex, ResultExecutingContext preContext, ControllerContext controllerContext, ActionResult actionResult)
   en System.Web.Mvc.ControllerActionInvoker.InvokeActionResultFilterRecursive(IList`1 filters, Int32 filterIndex, ResultExecutingContext preContext, ControllerContext controllerContext, ActionResult actionResult)
   en System.Web.Mvc.ControllerActionInvoker.InvokeActionResultFilterRecursive(IList`1 filters, Int32 filterIndex, ResultExecutingContext preContext, ControllerContext controllerContext, ActionResult actionResult)
   en System.Web.Mvc.ControllerActionInvoker.InvokeActionResultWithFilters(ControllerContext controllerContext, IList`1 filters, ActionResult actionResult)
   en System.Web.Mvc.Async.AsyncControllerActionInvoker.<>c__DisplayClass3_1.<BeginInvokeAction>b__1(IAsyncResult asyncResult)

2026-03-17 16:08:55.062 | Account/Login
System.Web.Mvc.HttpAntiForgeryException (0x80004005): La cookie antifalsificación requerida "__AOCR_RequestVerificationToken" no está presente.
   en System.Web.Helpers.AntiXsrf.TokenValidator.ValidateTokens(HttpContextBase httpContext, IIdentity identity, AntiForgeryToken sessionToken, AntiForgeryToken fieldToken)
   en System.Web.Helpers.AntiXsrf.AntiForgeryWorker.Validate(HttpContextBase httpContext)
   en System.Web.Mvc.ControllerActionInvoker.InvokeAuthorizationFilters(ControllerContext controllerContext, IList`1 filters, ActionDescriptor actionDescriptor)
   en System.Web.Mvc.Async.AsyncControllerActionInvoker.<>c__DisplayClass3_1.<BeginInvokeAction>b__0(AsyncCallback asyncCallback, Object asyncState)

2026-03-17 16:35:00.486 | Account/Login
System.Web.Mvc.HttpAntiForgeryException (0x80004005): La cookie antifalsificación requerida "__AOCR_RequestVerificationToken" no está presente.
   en System.Web.Helpers.AntiXsrf.TokenValidator.ValidateTokens(HttpContextBase httpContext, IIdentity identity, AntiForgeryToken sessionToken, AntiForgeryToken fieldToken)
   en System.Web.Helpers.AntiXsrf.AntiForgeryWorker.Validate(HttpContextBase httpContext)
   en System.Web.Mvc.ControllerActionInvoker.InvokeAuthorizationFilters(ControllerContext controllerContext, IList`1 filters, ActionDescriptor actionDescriptor)
   en System.Web.Mvc.Async.AsyncControllerActionInvoker.<>c__DisplayClass3_1.<BeginInvokeAction>b__0(AsyncCallback asyncCallback, Object asyncState)

2026-03-18 11:12:58.754 | Account/Login
System.Web.Mvc.HttpAntiForgeryException (0x80004005): La cookie antifalsificación requerida "__AOCR_RequestVerificationToken" no está presente.
   en System.Web.Helpers.AntiXsrf.TokenValidator.ValidateTokens(HttpContextBase httpContext, IIdentity identity, AntiForgeryToken sessionToken, AntiForgeryToken fieldToken)
   en System.Web.Helpers.AntiXsrf.AntiForgeryWorker.Validate(HttpContextBase httpContext)
   en System.Web.Mvc.ControllerActionInvoker.InvokeAuthorizationFilters(ControllerContext controllerContext, IList`1 filters, ActionDescriptor actionDescriptor)
   en System.Web.Mvc.Async.AsyncControllerActionInvoker.<>c__DisplayClass3_1.<BeginInvokeAction>b__0(AsyncCallback asyncCallback, Object asyncState)

2026-03-18 11:36:19.122 | Direccion/ConfiguracionSistema
System.FormatException: La cadena de entrada no tiene el formato correcto.
   en System.Number.StringToNumber(String str, NumberStyles options, NumberBuffer& number, NumberFormatInfo info, Boolean parseDecimal)
   en System.Number.ParseInt32(String s, NumberStyles style, NumberFormatInfo info)
   en System.String.System.IConvertible.ToInt32(IFormatProvider provider)
   en CapaDatos.DAOs.ParametroDAO.MapParametro(IDataRecord r) en C:\AOCR\AOCR\AOCR05-01-2026\AOCR1\AOCR\CapaDatos\DAOs\ParametroDAO.cs:línea 34
   en CapaDatos.DAOs.ParametroDAO.ListarTodos() en C:\AOCR\AOCR\AOCR05-01-2026\AOCR1\AOCR\CapaDatos\DAOs\ParametroDAO.cs:línea 71
   en CapaPresentacion.Controllers.DireccionController.ConfiguracionSistema() en C:\AOCR\AOCR\AOCR05-01-2026\AOCR1\AOCR\CapaPresentacion\Controllers\5_DireccionController.cs:línea 200
   en lambda_method(Closure , ControllerBase , Object[] )
   en System.Web.Mvc.ControllerActionInvoker.InvokeActionMethod(ControllerContext controllerContext, ActionDescriptor actionDescriptor, IDictionary`2 parameters)
   en System.Web.Mvc.Async.AsyncControllerActionInvoker.<>c.<BeginInvokeSynchronousActionMethod>b__9_0(IAsyncResult asyncResult, ActionInvocation innerInvokeState)
   en System.Web.Mvc.Async.AsyncResultWrapper.WrappedAsyncResult`2.CallEndDelegate(IAsyncResult asyncResult)
   en System.Web.Mvc.Async.AsyncControllerActionInvoker.EndInvokeActionMethod(IAsyncResult asyncResult)
   en System.Web.Mvc.Async.AsyncControllerActionInvoker.AsyncInvocationWithFilters.<>c__DisplayClass11_0.<InvokeActionMethodFilterAsynchronouslyRecursive>b__0()
   en System.Web.Mvc.Async.AsyncControllerActionInvoker.AsyncInvocationWithFilters.<>c__DisplayClass11_2.<InvokeActionMethodFilterAsynchronouslyRecursive>b__2()
   en System.Web.Mvc.Async.AsyncControllerActionInvoker.AsyncInvocationWithFilters.<>c__DisplayClass11_2.<InvokeActionMethodFilterAsynchronouslyRecursive>b__2()
   en System.Web.Mvc.Async.AsyncControllerActionInvoker.AsyncInvocationWithFilters.<>c__DisplayClass11_2.<InvokeActionMethodFilterAsynchronouslyRecursive>b__2()
   en System.Web.Mvc.Async.AsyncControllerActionInvoker.EndInvokeActionMethodWithFilters(IAsyncResult asyncResult)
   en System.Web.Mvc.Async.AsyncControllerActionInvoker.<>c__DisplayClass3_6.<BeginInvokeAction>b__4()
   en System.Web.Mvc.Async.AsyncControllerActionInvoker.<>c__DisplayClass3_1.<BeginInvokeAction>b__1(IAsyncResult asyncResult)

2026-03-18 12:23:45.944 | AdminUsuarios/BuscarUsuarioInternoRT
Npgsql.PostgresException (0x80004005): 42P01: relation "aocr_tbtecnico" does not exist

POSITION: 728
   en Npgsql.Internal.NpgsqlConnector.<ReadMessageLong>d__231.MoveNext()
--- Fin del seguimiento de la pila de la ubicación anterior donde se produjo la excepción ---
   en System.Runtime.ExceptionServices.ExceptionDispatchInfo.Throw()
   en Npgsql.NpgsqlDataReader.<NextResult>d__52.MoveNext()
--- Fin del seguimiento de la pila de la ubicación anterior donde se produjo la excepción ---
   en System.Runtime.ExceptionServices.ExceptionDispatchInfo.Throw()
   en Npgsql.NpgsqlDataReader.<NextResult>d__52.MoveNext()
--- Fin del seguimiento de la pila de la ubicación anterior donde se produjo la excepción ---
   en System.Runtime.ExceptionServices.ExceptionDispatchInfo.Throw()
   en System.Runtime.CompilerServices.TaskAwaiter.HandleNonSuccessAndDebuggerNotification(Task task)
   en Npgsql.NpgsqlDataReader.NextResult()
   en Npgsql.NpgsqlCommand.<ExecuteReader>d__119.MoveNext()
--- Fin del seguimiento de la pila de la ubicación anterior donde se produjo la excepción ---
   en System.Runtime.ExceptionServices.ExceptionDispatchInfo.Throw()
   en Npgsql.NpgsqlCommand.<ExecuteReader>d__119.MoveNext()
--- Fin del seguimiento de la pila de la ubicación anterior donde se produjo la excepción ---
   en System.Runtime.ExceptionServices.ExceptionDispatchInfo.Throw()
   en System.Runtime.CompilerServices.TaskAwaiter.HandleNonSuccessAndDebuggerNotification(Task task)
   en Npgsql.NpgsqlCommand.ExecuteReader(CommandBehavior behavior)
   en Dapper.SqlMapper.ExecuteReaderWithFlagsFallback(IDbCommand cmd, Boolean wasClosed, CommandBehavior behavior) en /_/Dapper/SqlMapper.cs:línea 1185
   en Dapper.SqlMapper.<QueryImpl>d__149`1.MoveNext() en /_/Dapper/SqlMapper.cs:línea 1213
   en System.Collections.Generic.List`1..ctor(IEnumerable`1 collection)
   en System.Linq.Enumerable.ToList[TSource](IEnumerable`1 source)
   en Dapper.SqlMapper.Query[T](IDbConnection cnn, String sql, Object param, IDbTransaction transaction, Boolean buffered, Nullable`1 commandTimeout, Nullable`1 commandType) en /_/Dapper/SqlMapper.cs:línea 844
   en CapaDatos.DAOs.UsuarioInternoRTDAO.BuscarTecnicosDisponibles(NpgsqlConnection cn, IDbTransaction tx, String filtro, Nullable`1 excluirUsuarioInternoId) en C:\AOCR\AOCR\AOCR05-01-2026\AOCR1\AOCR\CapaDatos\DAOs\UsuarioInternoRTDAO.cs:línea 705
   en CapaDatos.DAOs.UsuarioInternoRTDAO.BuscarTecnicosDisponibles(String filtro, Nullable`1 excluirUsuarioInternoId) en C:\AOCR\AOCR\AOCR05-01-2026\AOCR1\AOCR\CapaDatos\DAOs\UsuarioInternoRTDAO.cs:línea 252
   en CapaPresentacion.Controllers.AdminUsuariosController.BuscarUsuarioInternoRT(String codigoUsuario, Nullable`1 excluirId) en C:\AOCR\AOCR\AOCR05-01-2026\AOCR1\AOCR\CapaPresentacion\Controllers\AdminUsuariosController.cs:línea 145
   en lambda_method(Closure , ControllerBase , Object[] )
   en System.Web.Mvc.ControllerActionInvoker.InvokeActionMethod(ControllerContext controllerContext, ActionDescriptor actionDescriptor, IDictionary`2 parameters)
   en System.Web.Mvc.Async.AsyncControllerActionInvoker.<>c.<BeginInvokeSynchronousActionMethod>b__9_0(IAsyncResult asyncResult, ActionInvocation innerInvokeState)
   en System.Web.Mvc.Async.AsyncResultWrapper.WrappedAsyncResult`2.CallEndDelegate(IAsyncResult asyncResult)
   en System.Web.Mvc.Async.AsyncControllerActionInvoker.EndInvokeActionMethod(IAsyncResult asyncResult)
   en System.Web.Mvc.Async.AsyncControllerActionInvoker.AsyncInvocationWithFilters.<>c__DisplayClass11_0.<InvokeActionMethodFilterAsynchronouslyRecursive>b__0()
   en System.Web.Mvc.Async.AsyncControllerActionInvoker.AsyncInvocationWithFilters.<>c__DisplayClass11_2.<InvokeActionMethodFilterAsynchronouslyRecursive>b__2()
   en System.Web.Mvc.Async.AsyncControllerActionInvoker.AsyncInvocationWithFilters.<>c__DisplayClass11_2.<InvokeActionMethodFilterAsynchronouslyRecursive>b__2()
   en System.Web.Mvc.Async.AsyncControllerActionInvoker.AsyncInvocationWithFilters.<>c__DisplayClass11_2.<InvokeActionMethodFilterAsynchronouslyRecursive>b__2()
   en System.Web.Mvc.Async.AsyncControllerActionInvoker.EndInvokeActionMethodWithFilters(IAsyncResult asyncResult)
   en System.Web.Mvc.Async.AsyncControllerActionInvoker.<>c__DisplayClass3_6.<BeginInvokeAction>b__4()
   en System.Web.Mvc.Async.AsyncControllerActionInvoker.<>c__DisplayClass3_1.<BeginInvokeAction>b__1(IAsyncResult asyncResult)
  Exception data:
    Severity: ERROR
    SqlState: 42P01
    MessageText: relation "aocr_tbtecnico" does not exist
    Position: 728
    File: parse_relation.c
    Line: 1449
    Routine: parserOpenTable

2026-03-18 12:24:01.072 | AdminUsuarios/BuscarUsuarioInternoRT
Npgsql.PostgresException (0x80004005): 42P01: relation "aocr_tbtecnico" does not exist

POSITION: 728
   en Npgsql.Internal.NpgsqlConnector.<ReadMessageLong>d__231.MoveNext()
--- Fin del seguimiento de la pila de la ubicación anterior donde se produjo la excepción ---
   en System.Runtime.ExceptionServices.ExceptionDispatchInfo.Throw()
   en Npgsql.NpgsqlDataReader.<NextResult>d__52.MoveNext()
--- Fin del seguimiento de la pila de la ubicación anterior donde se produjo la excepción ---
   en System.Runtime.ExceptionServices.ExceptionDispatchInfo.Throw()
   en Npgsql.NpgsqlDataReader.<NextResult>d__52.MoveNext()
--- Fin del seguimiento de la pila de la ubicación anterior donde se produjo la excepción ---
   en System.Runtime.ExceptionServices.ExceptionDispatchInfo.Throw()
   en System.Runtime.CompilerServices.TaskAwaiter.HandleNonSuccessAndDebuggerNotification(Task task)
   en Npgsql.NpgsqlDataReader.NextResult()
   en Npgsql.NpgsqlCommand.<ExecuteReader>d__119.MoveNext()
--- Fin del seguimiento de la pila de la ubicación anterior donde se produjo la excepción ---
   en System.Runtime.ExceptionServices.ExceptionDispatchInfo.Throw()
   en Npgsql.NpgsqlCommand.<ExecuteReader>d__119.MoveNext()
--- Fin del seguimiento de la pila de la ubicación anterior donde se produjo la excepción ---
   en System.Runtime.ExceptionServices.ExceptionDispatchInfo.Throw()
   en System.Runtime.CompilerServices.TaskAwaiter.HandleNonSuccessAndDebuggerNotification(Task task)
   en Npgsql.NpgsqlCommand.ExecuteReader(CommandBehavior behavior)
   en Dapper.SqlMapper.ExecuteReaderWithFlagsFallback(IDbCommand cmd, Boolean wasClosed, CommandBehavior behavior) en /_/Dapper/SqlMapper.cs:línea 1185
   en Dapper.SqlMapper.<QueryImpl>d__149`1.MoveNext() en /_/Dapper/SqlMapper.cs:línea 1213
   en System.Collections.Generic.List`1..ctor(IEnumerable`1 collection)
   en System.Linq.Enumerable.ToList[TSource](IEnumerable`1 source)
   en Dapper.SqlMapper.Query[T](IDbConnection cnn, String sql, Object param, IDbTransaction transaction, Boolean buffered, Nullable`1 commandTimeout, Nullable`1 commandType) en /_/Dapper/SqlMapper.cs:línea 844
   en CapaDatos.DAOs.UsuarioInternoRTDAO.BuscarTecnicosDisponibles(NpgsqlConnection cn, IDbTransaction tx, String filtro, Nullable`1 excluirUsuarioInternoId) en C:\AOCR\AOCR\AOCR05-01-2026\AOCR1\AOCR\CapaDatos\DAOs\UsuarioInternoRTDAO.cs:línea 705
   en CapaDatos.DAOs.UsuarioInternoRTDAO.BuscarTecnicosDisponibles(String filtro, Nullable`1 excluirUsuarioInternoId) en C:\AOCR\AOCR\AOCR05-01-2026\AOCR1\AOCR\CapaDatos\DAOs\UsuarioInternoRTDAO.cs:línea 252
   en CapaPresentacion.Controllers.AdminUsuariosController.BuscarUsuarioInternoRT(String codigoUsuario, Nullable`1 excluirId) en C:\AOCR\AOCR\AOCR05-01-2026\AOCR1\AOCR\CapaPresentacion\Controllers\AdminUsuariosController.cs:línea 145
   en lambda_method(Closure , ControllerBase , Object[] )
   en System.Web.Mvc.ControllerActionInvoker.InvokeActionMethod(ControllerContext controllerContext, ActionDescriptor actionDescriptor, IDictionary`2 parameters)
   en System.Web.Mvc.Async.AsyncControllerActionInvoker.<>c.<BeginInvokeSynchronousActionMethod>b__9_0(IAsyncResult asyncResult, ActionInvocation innerInvokeState)
   en System.Web.Mvc.Async.AsyncResultWrapper.WrappedAsyncResult`2.CallEndDelegate(IAsyncResult asyncResult)
   en System.Web.Mvc.Async.AsyncControllerActionInvoker.EndInvokeActionMethod(IAsyncResult asyncResult)
   en System.Web.Mvc.Async.AsyncControllerActionInvoker.AsyncInvocationWithFilters.<>c__DisplayClass11_0.<InvokeActionMethodFilterAsynchronouslyRecursive>b__0()
   en System.Web.Mvc.Async.AsyncControllerActionInvoker.AsyncInvocationWithFilters.<>c__DisplayClass11_2.<InvokeActionMethodFilterAsynchronouslyRecursive>b__2()
   en System.Web.Mvc.Async.AsyncControllerActionInvoker.AsyncInvocationWithFilters.<>c__DisplayClass11_2.<InvokeActionMethodFilterAsynchronouslyRecursive>b__2()
   en System.Web.Mvc.Async.AsyncControllerActionInvoker.AsyncInvocationWithFilters.<>c__DisplayClass11_2.<InvokeActionMethodFilterAsynchronouslyRecursive>b__2()
   en System.Web.Mvc.Async.AsyncControllerActionInvoker.EndInvokeActionMethodWithFilters(IAsyncResult asyncResult)
   en System.Web.Mvc.Async.AsyncControllerActionInvoker.<>c__DisplayClass3_6.<BeginInvokeAction>b__4()
   en System.Web.Mvc.Async.AsyncControllerActionInvoker.<>c__DisplayClass3_1.<BeginInvokeAction>b__1(IAsyncResult asyncResult)
  Exception data:
    Severity: ERROR
    SqlState: 42P01
    MessageText: relation "aocr_tbtecnico" does not exist
    Position: 728
    File: parse_relation.c
    Line: 1449
    Routine: parserOpenTable

2026-03-19 08:57:24.559 | Account/Login
System.Web.Mvc.HttpAntiForgeryException (0x80004005): La cookie antifalsificación requerida "__AOCR_RequestVerificationToken" no está presente.
   en System.Web.Helpers.AntiXsrf.TokenValidator.ValidateTokens(HttpContextBase httpContext, IIdentity identity, AntiForgeryToken sessionToken, AntiForgeryToken fieldToken)
   en System.Web.Helpers.AntiXsrf.AntiForgeryWorker.Validate(HttpContextBase httpContext)
   en System.Web.Mvc.ControllerActionInvoker.InvokeAuthorizationFilters(ControllerContext controllerContext, IList`1 filters, ActionDescriptor actionDescriptor)
   en System.Web.Mvc.Async.AsyncControllerActionInvoker.<>c__DisplayClass3_1.<BeginInvokeAction>b__0(AsyncCallback asyncCallback, Object asyncState)

2026-03-19 15:01:42.360 | Direccion/ConfiguracionSistema
System.FormatException: La cadena de entrada no tiene el formato correcto.
   en System.Number.StringToNumber(String str, NumberStyles options, NumberBuffer& number, NumberFormatInfo info, Boolean parseDecimal)
   en System.Number.ParseInt32(String s, NumberStyles style, NumberFormatInfo info)
   en System.String.System.IConvertible.ToInt32(IFormatProvider provider)
   en CapaDatos.DAOs.ParametroDAO.MapParametro(IDataRecord r) en C:\AOCR\AOCR\AOCR05-01-2026\AOCR1\AOCR\CapaDatos\DAOs\ParametroDAO.cs:línea 34
   en CapaDatos.DAOs.ParametroDAO.ListarTodos() en C:\AOCR\AOCR\AOCR05-01-2026\AOCR1\AOCR\CapaDatos\DAOs\ParametroDAO.cs:línea 71
   en CapaPresentacion.Controllers.DireccionController.ConfiguracionSistema() en C:\AOCR\AOCR\AOCR05-01-2026\AOCR1\AOCR\CapaPresentacion\Controllers\5_DireccionController.cs:línea 200
   en lambda_method(Closure , ControllerBase , Object[] )
   en System.Web.Mvc.ControllerActionInvoker.InvokeActionMethod(ControllerContext controllerContext, ActionDescriptor actionDescriptor, IDictionary`2 parameters)
   en System.Web.Mvc.Async.AsyncControllerActionInvoker.<>c.<BeginInvokeSynchronousActionMethod>b__9_0(IAsyncResult asyncResult, ActionInvocation innerInvokeState)
   en System.Web.Mvc.Async.AsyncResultWrapper.WrappedAsyncResult`2.CallEndDelegate(IAsyncResult asyncResult)
   en System.Web.Mvc.Async.AsyncControllerActionInvoker.EndInvokeActionMethod(IAsyncResult asyncResult)
   en System.Web.Mvc.Async.AsyncControllerActionInvoker.AsyncInvocationWithFilters.<>c__DisplayClass11_0.<InvokeActionMethodFilterAsynchronouslyRecursive>b__0()
   en System.Web.Mvc.Async.AsyncControllerActionInvoker.AsyncInvocationWithFilters.<>c__DisplayClass11_2.<InvokeActionMethodFilterAsynchronouslyRecursive>b__2()
   en System.Web.Mvc.Async.AsyncControllerActionInvoker.AsyncInvocationWithFilters.<>c__DisplayClass11_2.<InvokeActionMethodFilterAsynchronouslyRecursive>b__2()
   en System.Web.Mvc.Async.AsyncControllerActionInvoker.AsyncInvocationWithFilters.<>c__DisplayClass11_2.<InvokeActionMethodFilterAsynchronouslyRecursive>b__2()
   en System.Web.Mvc.Async.AsyncControllerActionInvoker.EndInvokeActionMethodWithFilters(IAsyncResult asyncResult)
   en System.Web.Mvc.Async.AsyncControllerActionInvoker.<>c__DisplayClass3_6.<BeginInvokeAction>b__4()
   en System.Web.Mvc.Async.AsyncControllerActionInvoker.<>c__DisplayClass3_1.<BeginInvokeAction>b__1(IAsyncResult asyncResult)

2026-03-19 15:41:52.397 | Account/Login
System.Web.Mvc.HttpAntiForgeryException (0x80004005): La cookie antifalsificación requerida "__AOCR_RequestVerificationToken" no está presente.
   en System.Web.Helpers.AntiXsrf.TokenValidator.ValidateTokens(HttpContextBase httpContext, IIdentity identity, AntiForgeryToken sessionToken, AntiForgeryToken fieldToken)
   en System.Web.Helpers.AntiXsrf.AntiForgeryWorker.Validate(HttpContextBase httpContext)
   en System.Web.Mvc.ControllerActionInvoker.InvokeAuthorizationFilters(ControllerContext controllerContext, IList`1 filters, ActionDescriptor actionDescriptor)
   en System.Web.Mvc.Async.AsyncControllerActionInvoker.<>c__DisplayClass3_1.<BeginInvokeAction>b__0(AsyncCallback asyncCallback, Object asyncState)

2026-03-24 11:55:19.344 | Dashboard/Inspector
Npgsql.PostgresException (0x80004005): 42703: column s.codigo_oaci does not exist

POSITION: 256
   en Npgsql.Internal.NpgsqlConnector.<ReadMessageLong>d__231.MoveNext()
--- Fin del seguimiento de la pila de la ubicación anterior donde se produjo la excepción ---
   en System.Runtime.ExceptionServices.ExceptionDispatchInfo.Throw()
   en Npgsql.NpgsqlDataReader.<NextResult>d__52.MoveNext()
--- Fin del seguimiento de la pila de la ubicación anterior donde se produjo la excepción ---
   en System.Runtime.ExceptionServices.ExceptionDispatchInfo.Throw()
   en Npgsql.NpgsqlDataReader.<NextResult>d__52.MoveNext()
--- Fin del seguimiento de la pila de la ubicación anterior donde se produjo la excepción ---
   en System.Runtime.ExceptionServices.ExceptionDispatchInfo.Throw()
   en System.Runtime.CompilerServices.TaskAwaiter.HandleNonSuccessAndDebuggerNotification(Task task)
   en Npgsql.NpgsqlDataReader.NextResult()
   en Npgsql.NpgsqlCommand.<ExecuteReader>d__119.MoveNext()
--- Fin del seguimiento de la pila de la ubicación anterior donde se produjo la excepción ---
   en System.Runtime.ExceptionServices.ExceptionDispatchInfo.Throw()
   en Npgsql.NpgsqlCommand.<ExecuteReader>d__119.MoveNext()
--- Fin del seguimiento de la pila de la ubicación anterior donde se produjo la excepción ---
   en System.Runtime.ExceptionServices.ExceptionDispatchInfo.Throw()
   en System.Runtime.CompilerServices.TaskAwaiter.HandleNonSuccessAndDebuggerNotification(Task task)
   en Npgsql.NpgsqlCommand.ExecuteReader(CommandBehavior behavior)
   en CapaPresentacion.Services.InspectorDashboardService.ObtenerDashboard(Int32 codigoInspector, Nullable`1 fechaDesde, Nullable`1 fechaHasta, String estado, String compania, Nullable`1 codigoSolicitud) en C:\AOCR\AOCR\AOCR05-01-2026\AOCR1\AOCR\CapaPresentacion\Services\InspectorDashboardService.cs:línea 96
   en CapaPresentacion.Controllers.DashboardController.Inspector(Nullable`1 fechaDesde, Nullable`1 fechaHasta, String estado, String compania, Nullable`1 codigoSolicitud) en C:\AOCR\AOCR\AOCR05-01-2026\AOCR1\AOCR\CapaPresentacion\Controllers\DashboardController.cs:línea 123
   en lambda_method(Closure , ControllerBase , Object[] )
   en System.Web.Mvc.ControllerActionInvoker.InvokeActionMethod(ControllerContext controllerContext, ActionDescriptor actionDescriptor, IDictionary`2 parameters)
   en System.Web.Mvc.Async.AsyncControllerActionInvoker.<>c.<BeginInvokeSynchronousActionMethod>b__9_0(IAsyncResult asyncResult, ActionInvocation innerInvokeState)
   en System.Web.Mvc.Async.AsyncResultWrapper.WrappedAsyncResult`2.CallEndDelegate(IAsyncResult asyncResult)
   en System.Web.Mvc.Async.AsyncControllerActionInvoker.EndInvokeActionMethod(IAsyncResult asyncResult)
   en System.Web.Mvc.Async.AsyncControllerActionInvoker.AsyncInvocationWithFilters.<>c__DisplayClass11_0.<InvokeActionMethodFilterAsynchronouslyRecursive>b__0()
   en System.Web.Mvc.Async.AsyncControllerActionInvoker.AsyncInvocationWithFilters.<>c__DisplayClass11_2.<InvokeActionMethodFilterAsynchronouslyRecursive>b__2()
   en System.Web.Mvc.Async.AsyncControllerActionInvoker.AsyncInvocationWithFilters.<>c__DisplayClass11_2.<InvokeActionMethodFilterAsynchronouslyRecursive>b__2()
   en System.Web.Mvc.Async.AsyncControllerActionInvoker.AsyncInvocationWithFilters.<>c__DisplayClass11_2.<InvokeActionMethodFilterAsynchronouslyRecursive>b__2()
   en System.Web.Mvc.Async.AsyncControllerActionInvoker.EndInvokeActionMethodWithFilters(IAsyncResult asyncResult)
   en System.Web.Mvc.Async.AsyncControllerActionInvoker.<>c__DisplayClass3_6.<BeginInvokeAction>b__4()
   en System.Web.Mvc.Async.AsyncControllerActionInvoker.<>c__DisplayClass3_1.<BeginInvokeAction>b__1(IAsyncResult asyncResult)
  Exception data:
    Severity: ERROR
    SqlState: 42703
    MessageText: column s.codigo_oaci does not exist
    Position: 256
    File: parse_relation.c
    Line: 3722
    Routine: errorMissingColumn

2026-03-24 11:58:09.587 | Dashboard/Inspector
Npgsql.PostgresException (0x80004005): 42703: column s.codigo_oaci does not exist

POSITION: 256
   en Npgsql.Internal.NpgsqlConnector.<ReadMessageLong>d__231.MoveNext()
--- Fin del seguimiento de la pila de la ubicación anterior donde se produjo la excepción ---
   en System.Runtime.ExceptionServices.ExceptionDispatchInfo.Throw()
   en Npgsql.NpgsqlDataReader.<NextResult>d__52.MoveNext()
--- Fin del seguimiento de la pila de la ubicación anterior donde se produjo la excepción ---
   en System.Runtime.ExceptionServices.ExceptionDispatchInfo.Throw()
   en Npgsql.NpgsqlDataReader.<NextResult>d__52.MoveNext()
--- Fin del seguimiento de la pila de la ubicación anterior donde se produjo la excepción ---
   en System.Runtime.ExceptionServices.ExceptionDispatchInfo.Throw()
   en System.Runtime.CompilerServices.TaskAwaiter.HandleNonSuccessAndDebuggerNotification(Task task)
   en Npgsql.NpgsqlDataReader.NextResult()
   en Npgsql.NpgsqlCommand.<ExecuteReader>d__119.MoveNext()
--- Fin del seguimiento de la pila de la ubicación anterior donde se produjo la excepción ---
   en System.Runtime.ExceptionServices.ExceptionDispatchInfo.Throw()
   en Npgsql.NpgsqlCommand.<ExecuteReader>d__119.MoveNext()
--- Fin del seguimiento de la pila de la ubicación anterior donde se produjo la excepción ---
   en System.Runtime.ExceptionServices.ExceptionDispatchInfo.Throw()
   en System.Runtime.CompilerServices.TaskAwaiter.HandleNonSuccessAndDebuggerNotification(Task task)
   en Npgsql.NpgsqlCommand.ExecuteReader(CommandBehavior behavior)
   en CapaPresentacion.Services.InspectorDashboardService.ObtenerDashboard(Int32 codigoInspector, Nullable`1 fechaDesde, Nullable`1 fechaHasta, String estado, String compania, Nullable`1 codigoSolicitud) en C:\AOCR\AOCR\AOCR05-01-2026\AOCR1\AOCR\CapaPresentacion\Services\InspectorDashboardService.cs:línea 96
   en CapaPresentacion.Controllers.DashboardController.Inspector(Nullable`1 fechaDesde, Nullable`1 fechaHasta, String estado, String compania, Nullable`1 codigoSolicitud) en C:\AOCR\AOCR\AOCR05-01-2026\AOCR1\AOCR\CapaPresentacion\Controllers\DashboardController.cs:línea 123
   en lambda_method(Closure , ControllerBase , Object[] )
   en System.Web.Mvc.ControllerActionInvoker.InvokeActionMethod(ControllerContext controllerContext, ActionDescriptor actionDescriptor, IDictionary`2 parameters)
   en System.Web.Mvc.Async.AsyncControllerActionInvoker.<>c.<BeginInvokeSynchronousActionMethod>b__9_0(IAsyncResult asyncResult, ActionInvocation innerInvokeState)
   en System.Web.Mvc.Async.AsyncResultWrapper.WrappedAsyncResult`2.CallEndDelegate(IAsyncResult asyncResult)
   en System.Web.Mvc.Async.AsyncControllerActionInvoker.EndInvokeActionMethod(IAsyncResult asyncResult)
   en System.Web.Mvc.Async.AsyncControllerActionInvoker.AsyncInvocationWithFilters.<>c__DisplayClass11_0.<InvokeActionMethodFilterAsynchronouslyRecursive>b__0()
   en System.Web.Mvc.Async.AsyncControllerActionInvoker.AsyncInvocationWithFilters.<>c__DisplayClass11_2.<InvokeActionMethodFilterAsynchronouslyRecursive>b__2()
   en System.Web.Mvc.Async.AsyncControllerActionInvoker.AsyncInvocationWithFilters.<>c__DisplayClass11_2.<InvokeActionMethodFilterAsynchronouslyRecursive>b__2()
   en System.Web.Mvc.Async.AsyncControllerActionInvoker.AsyncInvocationWithFilters.<>c__DisplayClass11_2.<InvokeActionMethodFilterAsynchronouslyRecursive>b__2()
   en System.Web.Mvc.Async.AsyncControllerActionInvoker.EndInvokeActionMethodWithFilters(IAsyncResult asyncResult)
   en System.Web.Mvc.Async.AsyncControllerActionInvoker.<>c__DisplayClass3_6.<BeginInvokeAction>b__4()
   en System.Web.Mvc.Async.AsyncControllerActionInvoker.<>c__DisplayClass3_1.<BeginInvokeAction>b__1(IAsyncResult asyncResult)
  Exception data:
    Severity: ERROR
    SqlState: 42703
    MessageText: column s.codigo_oaci does not exist
    Position: 256
    File: parse_relation.c
    Line: 3722
    Routine: errorMissingColumn

2026-03-24 11:58:29.948 | Dashboard/Inspector
Npgsql.PostgresException (0x80004005): 42703: column s.codigo_oaci does not exist

POSITION: 256
   en Npgsql.Internal.NpgsqlConnector.<ReadMessageLong>d__231.MoveNext()
--- Fin del seguimiento de la pila de la ubicación anterior donde se produjo la excepción ---
   en System.Runtime.ExceptionServices.ExceptionDispatchInfo.Throw()
   en Npgsql.NpgsqlDataReader.<NextResult>d__52.MoveNext()
--- Fin del seguimiento de la pila de la ubicación anterior donde se produjo la excepción ---
   en System.Runtime.ExceptionServices.ExceptionDispatchInfo.Throw()
   en Npgsql.NpgsqlDataReader.<NextResult>d__52.MoveNext()
--- Fin del seguimiento de la pila de la ubicación anterior donde se produjo la excepción ---
   en System.Runtime.ExceptionServices.ExceptionDispatchInfo.Throw()
   en System.Runtime.CompilerServices.TaskAwaiter.HandleNonSuccessAndDebuggerNotification(Task task)
   en Npgsql.NpgsqlDataReader.NextResult()
   en Npgsql.NpgsqlCommand.<ExecuteReader>d__119.MoveNext()
--- Fin del seguimiento de la pila de la ubicación anterior donde se produjo la excepción ---
   en System.Runtime.ExceptionServices.ExceptionDispatchInfo.Throw()
   en Npgsql.NpgsqlCommand.<ExecuteReader>d__119.MoveNext()
--- Fin del seguimiento de la pila de la ubicación anterior donde se produjo la excepción ---
   en System.Runtime.ExceptionServices.ExceptionDispatchInfo.Throw()
   en System.Runtime.CompilerServices.TaskAwaiter.HandleNonSuccessAndDebuggerNotification(Task task)
   en Npgsql.NpgsqlCommand.ExecuteReader(CommandBehavior behavior)
   en CapaPresentacion.Services.InspectorDashboardService.ObtenerDashboard(Int32 codigoInspector, Nullable`1 fechaDesde, Nullable`1 fechaHasta, String estado, String compania, Nullable`1 codigoSolicitud) en C:\AOCR\AOCR\AOCR05-01-2026\AOCR1\AOCR\CapaPresentacion\Services\InspectorDashboardService.cs:línea 96
   en CapaPresentacion.Controllers.DashboardController.Inspector(Nullable`1 fechaDesde, Nullable`1 fechaHasta, String estado, String compania, Nullable`1 codigoSolicitud) en C:\AOCR\AOCR\AOCR05-01-2026\AOCR1\AOCR\CapaPresentacion\Controllers\DashboardController.cs:línea 123
   en lambda_method(Closure , ControllerBase , Object[] )
   en System.Web.Mvc.ControllerActionInvoker.InvokeActionMethod(ControllerContext controllerContext, ActionDescriptor actionDescriptor, IDictionary`2 parameters)
   en System.Web.Mvc.Async.AsyncControllerActionInvoker.<>c.<BeginInvokeSynchronousActionMethod>b__9_0(IAsyncResult asyncResult, ActionInvocation innerInvokeState)
   en System.Web.Mvc.Async.AsyncResultWrapper.WrappedAsyncResult`2.CallEndDelegate(IAsyncResult asyncResult)
   en System.Web.Mvc.Async.AsyncControllerActionInvoker.EndInvokeActionMethod(IAsyncResult asyncResult)
   en System.Web.Mvc.Async.AsyncControllerActionInvoker.AsyncInvocationWithFilters.<>c__DisplayClass11_0.<InvokeActionMethodFilterAsynchronouslyRecursive>b__0()
   en System.Web.Mvc.Async.AsyncControllerActionInvoker.AsyncInvocationWithFilters.<>c__DisplayClass11_2.<InvokeActionMethodFilterAsynchronouslyRecursive>b__2()
   en System.Web.Mvc.Async.AsyncControllerActionInvoker.AsyncInvocationWithFilters.<>c__DisplayClass11_2.<InvokeActionMethodFilterAsynchronouslyRecursive>b__2()
   en System.Web.Mvc.Async.AsyncControllerActionInvoker.AsyncInvocationWithFilters.<>c__DisplayClass11_2.<InvokeActionMethodFilterAsynchronouslyRecursive>b__2()
   en System.Web.Mvc.Async.AsyncControllerActionInvoker.EndInvokeActionMethodWithFilters(IAsyncResult asyncResult)
   en System.Web.Mvc.Async.AsyncControllerActionInvoker.<>c__DisplayClass3_6.<BeginInvokeAction>b__4()
   en System.Web.Mvc.Async.AsyncControllerActionInvoker.<>c__DisplayClass3_1.<BeginInvokeAction>b__1(IAsyncResult asyncResult)
  Exception data:
    Severity: ERROR
    SqlState: 42703
    MessageText: column s.codigo_oaci does not exist
    Position: 256
    File: parse_relation.c
    Line: 3722
    Routine: errorMissingColumn

2026-03-24 15:04:54.450 | Inspeccion/Editar
System.Web.HttpCompileException (0x80004005): c:\AOCR\AOCR\AOCR05-01-2026\AOCR1\AOCR\CapaPresentacion\Views\Inspeccion\Editar.cshtml(118): error CS0103: El nombre 'media' no existe en el contexto actual
   en System.Web.Compilation.AssemblyBuilder.Compile()
   en System.Web.Compilation.BuildProvidersCompiler.PerformBuild()
   en System.Web.Compilation.BuildManager.CompileWebFile(VirtualPath virtualPath)
   en System.Web.Compilation.BuildManager.GetVPathBuildResultInternal(VirtualPath virtualPath, Boolean noBuild, Boolean allowCrossApp, Boolean allowBuildInPrecompile, Boolean throwIfNotFound, Boolean ensureIsUpToDate)
   en System.Web.Compilation.BuildManager.GetVPathBuildResultWithNoAssert(HttpContext context, VirtualPath virtualPath, Boolean noBuild, Boolean allowCrossApp, Boolean allowBuildInPrecompile, Boolean throwIfNotFound, Boolean ensureIsUpToDate)
   en System.Web.Compilation.BuildManager.GetVirtualPathObjectFactory(VirtualPath virtualPath, HttpContext context, Boolean allowCrossApp, Boolean throwIfNotFound)
   en System.Web.Compilation.BuildManager.GetCompiledType(VirtualPath virtualPath)
   en System.Web.Mvc.BuildManagerCompiledView.Render(ViewContext viewContext, TextWriter writer)
   en System.Web.Mvc.ViewResultBase.ExecuteResult(ControllerContext context)
   en System.Web.Mvc.ControllerActionInvoker.InvokeActionResultFilterRecursive(IList`1 filters, Int32 filterIndex, ResultExecutingContext preContext, ControllerContext controllerContext, ActionResult actionResult)
   en System.Web.Mvc.ControllerActionInvoker.InvokeActionResultFilterRecursive(IList`1 filters, Int32 filterIndex, ResultExecutingContext preContext, ControllerContext controllerContext, ActionResult actionResult)
   en System.Web.Mvc.ControllerActionInvoker.InvokeActionResultFilterRecursive(IList`1 filters, Int32 filterIndex, ResultExecutingContext preContext, ControllerContext controllerContext, ActionResult actionResult)
   en System.Web.Mvc.ControllerActionInvoker.InvokeActionResultFilterRecursive(IList`1 filters, Int32 filterIndex, ResultExecutingContext preContext, ControllerContext controllerContext, ActionResult actionResult)
   en System.Web.Mvc.ControllerActionInvoker.InvokeActionResultWithFilters(ControllerContext controllerContext, IList`1 filters, ActionResult actionResult)
   en System.Web.Mvc.Async.AsyncControllerActionInvoker.<>c__DisplayClass3_1.<BeginInvokeAction>b__1(IAsyncResult asyncResult)

2026-03-25 10:32:29.344 | Financiero/Dashboard
System.InvalidOperationException: No se encuentra la vista 'Dashboard' ni su vista maestra o no hay un motor de búsqueda que admita las ubicaciones de búsqueda. Se buscó en las siguientes ubicaciones: 
~/Views/Financiero/Dashboard.aspx
~/Views/Financiero/Dashboard.ascx
~/Views/Shared/Dashboard.aspx
~/Views/Shared/Dashboard.ascx
~/Views/Financiero/Dashboard.cshtml
~/Views/Financiero/Dashboard.vbhtml
~/Views/Shared/Dashboard.cshtml
~/Views/Shared/Dashboard.vbhtml
   en System.Web.Mvc.ViewResult.FindView(ControllerContext context)
   en System.Web.Mvc.ViewResultBase.ExecuteResult(ControllerContext context)
   en System.Web.Mvc.ControllerActionInvoker.InvokeActionResultFilterRecursive(IList`1 filters, Int32 filterIndex, ResultExecutingContext preContext, ControllerContext controllerContext, ActionResult actionResult)
   en System.Web.Mvc.ControllerActionInvoker.InvokeActionResultFilterRecursive(IList`1 filters, Int32 filterIndex, ResultExecutingContext preContext, ControllerContext controllerContext, ActionResult actionResult)
   en System.Web.Mvc.ControllerActionInvoker.InvokeActionResultFilterRecursive(IList`1 filters, Int32 filterIndex, ResultExecutingContext preContext, ControllerContext controllerContext, ActionResult actionResult)
   en System.Web.Mvc.ControllerActionInvoker.InvokeActionResultFilterRecursive(IList`1 filters, Int32 filterIndex, ResultExecutingContext preContext, ControllerContext controllerContext, ActionResult actionResult)
   en System.Web.Mvc.ControllerActionInvoker.InvokeActionResultWithFilters(ControllerContext controllerContext, IList`1 filters, ActionResult actionResult)
   en System.Web.Mvc.Async.AsyncControllerActionInvoker.<>c__DisplayClass3_1.<BeginInvokeAction>b__1(IAsyncResult asyncResult)

2026-03-25 10:35:42.097 | Financiero/Dashboard
System.InvalidOperationException: No se encuentra la vista 'Dashboard' ni su vista maestra o no hay un motor de búsqueda que admita las ubicaciones de búsqueda. Se buscó en las siguientes ubicaciones: 
~/Views/Financiero/Dashboard.aspx
~/Views/Financiero/Dashboard.ascx
~/Views/Shared/Dashboard.aspx
~/Views/Shared/Dashboard.ascx
~/Views/Financiero/Dashboard.cshtml
~/Views/Financiero/Dashboard.vbhtml
~/Views/Shared/Dashboard.cshtml
~/Views/Shared/Dashboard.vbhtml
   en System.Web.Mvc.ViewResult.FindView(ControllerContext context)
   en System.Web.Mvc.ViewResultBase.ExecuteResult(ControllerContext context)
   en System.Web.Mvc.ControllerActionInvoker.InvokeActionResultFilterRecursive(IList`1 filters, Int32 filterIndex, ResultExecutingContext preContext, ControllerContext controllerContext, ActionResult actionResult)
   en System.Web.Mvc.ControllerActionInvoker.InvokeActionResultFilterRecursive(IList`1 filters, Int32 filterIndex, ResultExecutingContext preContext, ControllerContext controllerContext, ActionResult actionResult)
   en System.Web.Mvc.ControllerActionInvoker.InvokeActionResultFilterRecursive(IList`1 filters, Int32 filterIndex, ResultExecutingContext preContext, ControllerContext controllerContext, ActionResult actionResult)
   en System.Web.Mvc.ControllerActionInvoker.InvokeActionResultFilterRecursive(IList`1 filters, Int32 filterIndex, ResultExecutingContext preContext, ControllerContext controllerContext, ActionResult actionResult)
   en System.Web.Mvc.ControllerActionInvoker.InvokeActionResultWithFilters(ControllerContext controllerContext, IList`1 filters, ActionResult actionResult)
   en System.Web.Mvc.Async.AsyncControllerActionInvoker.<>c__DisplayClass3_1.<BeginInvokeAction>b__1(IAsyncResult asyncResult)

2026-03-25 10:36:27.092 | Financiero/Dashboard
System.InvalidOperationException: No se encuentra la vista 'Dashboard' ni su vista maestra o no hay un motor de búsqueda que admita las ubicaciones de búsqueda. Se buscó en las siguientes ubicaciones: 
~/Views/Financiero/Dashboard.aspx
~/Views/Financiero/Dashboard.ascx
~/Views/Shared/Dashboard.aspx
~/Views/Shared/Dashboard.ascx
~/Views/Financiero/Dashboard.cshtml
~/Views/Financiero/Dashboard.vbhtml
~/Views/Shared/Dashboard.cshtml
~/Views/Shared/Dashboard.vbhtml
   en System.Web.Mvc.ViewResult.FindView(ControllerContext context)
   en System.Web.Mvc.ViewResultBase.ExecuteResult(ControllerContext context)
   en System.Web.Mvc.ControllerActionInvoker.InvokeActionResultFilterRecursive(IList`1 filters, Int32 filterIndex, ResultExecutingContext preContext, ControllerContext controllerContext, ActionResult actionResult)
   en System.Web.Mvc.ControllerActionInvoker.InvokeActionResultFilterRecursive(IList`1 filters, Int32 filterIndex, ResultExecutingContext preContext, ControllerContext controllerContext, ActionResult actionResult)
   en System.Web.Mvc.ControllerActionInvoker.InvokeActionResultFilterRecursive(IList`1 filters, Int32 filterIndex, ResultExecutingContext preContext, ControllerContext controllerContext, ActionResult actionResult)
   en System.Web.Mvc.ControllerActionInvoker.InvokeActionResultFilterRecursive(IList`1 filters, Int32 filterIndex, ResultExecutingContext preContext, ControllerContext controllerContext, ActionResult actionResult)
   en System.Web.Mvc.ControllerActionInvoker.InvokeActionResultWithFilters(ControllerContext controllerContext, IList`1 filters, ActionResult actionResult)
   en System.Web.Mvc.Async.AsyncControllerActionInvoker.<>c__DisplayClass3_1.<BeginInvokeAction>b__1(IAsyncResult asyncResult)

2026-03-25 10:36:27.583 | Financiero/Dashboard
System.InvalidOperationException: No se encuentra la vista 'Dashboard' ni su vista maestra o no hay un motor de búsqueda que admita las ubicaciones de búsqueda. Se buscó en las siguientes ubicaciones: 
~/Views/Financiero/Dashboard.aspx
~/Views/Financiero/Dashboard.ascx
~/Views/Shared/Dashboard.aspx
~/Views/Shared/Dashboard.ascx
~/Views/Financiero/Dashboard.cshtml
~/Views/Financiero/Dashboard.vbhtml
~/Views/Shared/Dashboard.cshtml
~/Views/Shared/Dashboard.vbhtml
   en System.Web.Mvc.ViewResult.FindView(ControllerContext context)
   en System.Web.Mvc.ViewResultBase.ExecuteResult(ControllerContext context)
   en System.Web.Mvc.ControllerActionInvoker.InvokeActionResultFilterRecursive(IList`1 filters, Int32 filterIndex, ResultExecutingContext preContext, ControllerContext controllerContext, ActionResult actionResult)
   en System.Web.Mvc.ControllerActionInvoker.InvokeActionResultFilterRecursive(IList`1 filters, Int32 filterIndex, ResultExecutingContext preContext, ControllerContext controllerContext, ActionResult actionResult)
   en System.Web.Mvc.ControllerActionInvoker.InvokeActionResultFilterRecursive(IList`1 filters, Int32 filterIndex, ResultExecutingContext preContext, ControllerContext controllerContext, ActionResult actionResult)
   en System.Web.Mvc.ControllerActionInvoker.InvokeActionResultFilterRecursive(IList`1 filters, Int32 filterIndex, ResultExecutingContext preContext, ControllerContext controllerContext, ActionResult actionResult)
   en System.Web.Mvc.ControllerActionInvoker.InvokeActionResultWithFilters(ControllerContext controllerContext, IList`1 filters, ActionResult actionResult)
   en System.Web.Mvc.Async.AsyncControllerActionInvoker.<>c__DisplayClass3_1.<BeginInvokeAction>b__1(IAsyncResult asyncResult)

2026-03-26 11:18:33.733 | Direccion/ConfiguracionSistema
System.Web.HttpCompileException (0x80004005): c:\AOCR\AOCR\AOCR05-01-2026\AOCR1\AOCR\CapaPresentacion\Views\Direccion\ConfiguracionSistema.cshtml(34): error CS1061: 'CapaModelo.Parametro' no contiene una definición de 'Nombre' ni se encontró ningún método de extensión 'Nombre' que acepte un primer argumento de tipo 'CapaModelo.Parametro' (¿falta una directiva using o una referencia de ensamblado?)
   en System.Web.Compilation.AssemblyBuilder.Compile()
   en System.Web.Compilation.BuildProvidersCompiler.PerformBuild()
   en System.Web.Compilation.BuildManager.CompileWebFile(VirtualPath virtualPath)
   en System.Web.Compilation.BuildManager.GetVPathBuildResultInternal(VirtualPath virtualPath, Boolean noBuild, Boolean allowCrossApp, Boolean allowBuildInPrecompile, Boolean throwIfNotFound, Boolean ensureIsUpToDate)
   en System.Web.Compilation.BuildManager.GetVPathBuildResultWithNoAssert(HttpContext context, VirtualPath virtualPath, Boolean noBuild, Boolean allowCrossApp, Boolean allowBuildInPrecompile, Boolean throwIfNotFound, Boolean ensureIsUpToDate)
   en System.Web.Compilation.BuildManager.GetVirtualPathObjectFactory(VirtualPath virtualPath, HttpContext context, Boolean allowCrossApp, Boolean throwIfNotFound)
   en System.Web.Compilation.BuildManager.GetCompiledType(VirtualPath virtualPath)
   en System.Web.Mvc.BuildManagerCompiledView.Render(ViewContext viewContext, TextWriter writer)
   en System.Web.Mvc.ViewResultBase.ExecuteResult(ControllerContext context)
   en System.Web.Mvc.ControllerActionInvoker.InvokeActionResultFilterRecursive(IList`1 filters, Int32 filterIndex, ResultExecutingContext preContext, ControllerContext controllerContext, ActionResult actionResult)
   en System.Web.Mvc.ControllerActionInvoker.InvokeActionResultFilterRecursive(IList`1 filters, Int32 filterIndex, ResultExecutingContext preContext, ControllerContext controllerContext, ActionResult actionResult)
   en System.Web.Mvc.ControllerActionInvoker.InvokeActionResultFilterRecursive(IList`1 filters, Int32 filterIndex, ResultExecutingContext preContext, ControllerContext controllerContext, ActionResult actionResult)
   en System.Web.Mvc.ControllerActionInvoker.InvokeActionResultFilterRecursive(IList`1 filters, Int32 filterIndex, ResultExecutingContext preContext, ControllerContext controllerContext, ActionResult actionResult)
   en System.Web.Mvc.ControllerActionInvoker.InvokeActionResultWithFilters(ControllerContext controllerContext, IList`1 filters, ActionResult actionResult)
   en System.Web.Mvc.Async.AsyncControllerActionInvoker.<>c__DisplayClass3_1.<BeginInvokeAction>b__1(IAsyncResult asyncResult)

2026-03-27 11:00:07.156 | CoordinacionJefatura/EditarDocumentoValidacionAocr
System.Web.HttpCompileException (0x80004005): c:\AOCR\AOCR\AOCR05-01-2026\AOCR1\AOCR\CapaPresentacion\Views\CoordinacionJefatura\EditarCondicionesLimitacionesAocr.cshtml(103): error CS0411: Los argumentos de tipo para el método 'System.Web.Mvc.Html.InputExtensions.HiddenFor<TModel,TProperty>(System.Web.Mvc.HtmlHelper<TModel>, System.Linq.Expressions.Expression<System.Func<TModel,TProperty>>)' no se pueden inferir a partir del uso. Intente especificar los argumentos de tipo explícitamente.
   en System.Web.Compilation.AssemblyBuilder.Compile()
   en System.Web.Compilation.BuildProvidersCompiler.PerformBuild()
   en System.Web.Compilation.BuildManager.CompileWebFile(VirtualPath virtualPath)
   en System.Web.Compilation.BuildManager.GetVPathBuildResultInternal(VirtualPath virtualPath, Boolean noBuild, Boolean allowCrossApp, Boolean allowBuildInPrecompile, Boolean throwIfNotFound, Boolean ensureIsUpToDate)
   en System.Web.Compilation.BuildManager.GetVPathBuildResultWithNoAssert(HttpContext context, VirtualPath virtualPath, Boolean noBuild, Boolean allowCrossApp, Boolean allowBuildInPrecompile, Boolean throwIfNotFound, Boolean ensureIsUpToDate)
   en System.Web.Compilation.BuildManager.GetVirtualPathObjectFactory(VirtualPath virtualPath, HttpContext context, Boolean allowCrossApp, Boolean throwIfNotFound)
   en System.Web.Compilation.BuildManager.GetCompiledType(VirtualPath virtualPath)
   en System.Web.Mvc.BuildManagerCompiledView.Render(ViewContext viewContext, TextWriter writer)
   en System.Web.Mvc.ViewResultBase.ExecuteResult(ControllerContext context)
   en System.Web.Mvc.ControllerActionInvoker.InvokeActionResultFilterRecursive(IList`1 filters, Int32 filterIndex, ResultExecutingContext preContext, ControllerContext controllerContext, ActionResult actionResult)
   en System.Web.Mvc.ControllerActionInvoker.InvokeActionResultFilterRecursive(IList`1 filters, Int32 filterIndex, ResultExecutingContext preContext, ControllerContext controllerContext, ActionResult actionResult)
   en System.Web.Mvc.ControllerActionInvoker.InvokeActionResultFilterRecursive(IList`1 filters, Int32 filterIndex, ResultExecutingContext preContext, ControllerContext controllerContext, ActionResult actionResult)
   en System.Web.Mvc.ControllerActionInvoker.InvokeActionResultFilterRecursive(IList`1 filters, Int32 filterIndex, ResultExecutingContext preContext, ControllerContext controllerContext, ActionResult actionResult)
   en System.Web.Mvc.ControllerActionInvoker.InvokeActionResultWithFilters(ControllerContext controllerContext, IList`1 filters, ActionResult actionResult)
   en System.Web.Mvc.Async.AsyncControllerActionInvoker.<>c__DisplayClass3_1.<BeginInvokeAction>b__1(IAsyncResult asyncResult)

2026-03-27 15:44:32.309 | Account/Login
System.Web.Mvc.HttpAntiForgeryException (0x80004005): La cookie antifalsificación requerida "__AOCR_RequestVerificationToken" no está presente.
   en System.Web.Helpers.AntiXsrf.TokenValidator.ValidateTokens(HttpContextBase httpContext, IIdentity identity, AntiForgeryToken sessionToken, AntiForgeryToken fieldToken)
   en System.Web.Helpers.AntiXsrf.AntiForgeryWorker.Validate(HttpContextBase httpContext)
   en System.Web.Mvc.ControllerActionInvoker.InvokeAuthorizationFilters(ControllerContext controllerContext, IList`1 filters, ActionDescriptor actionDescriptor)
   en System.Web.Mvc.Async.AsyncControllerActionInvoker.<>c__DisplayClass3_1.<BeginInvokeAction>b__0(AsyncCallback asyncCallback, Object asyncState)

2026-03-30 11:12:24.923 | CoordinacionJefatura/DashboardInspeccion
Npgsql.PostgresException (0x80004005): 42703: column "codigoobservacion" does not exist

POSITION: 47
   en Npgsql.Internal.NpgsqlConnector.<ReadMessageLong>d__231.MoveNext()
--- Fin del seguimiento de la pila de la ubicación anterior donde se produjo la excepción ---
   en System.Runtime.ExceptionServices.ExceptionDispatchInfo.Throw()
   en Npgsql.NpgsqlDataReader.<NextResult>d__52.MoveNext()
--- Fin del seguimiento de la pila de la ubicación anterior donde se produjo la excepción ---
   en System.Runtime.ExceptionServices.ExceptionDispatchInfo.Throw()
   en Npgsql.NpgsqlDataReader.<NextResult>d__52.MoveNext()
--- Fin del seguimiento de la pila de la ubicación anterior donde se produjo la excepción ---
   en System.Runtime.ExceptionServices.ExceptionDispatchInfo.Throw()
   en System.Runtime.CompilerServices.TaskAwaiter.HandleNonSuccessAndDebuggerNotification(Task task)
   en Npgsql.NpgsqlDataReader.NextResult()
   en Npgsql.NpgsqlCommand.<ExecuteReader>d__119.MoveNext()
--- Fin del seguimiento de la pila de la ubicación anterior donde se produjo la excepción ---
   en System.Runtime.ExceptionServices.ExceptionDispatchInfo.Throw()
   en Npgsql.NpgsqlCommand.<ExecuteReader>d__119.MoveNext()
--- Fin del seguimiento de la pila de la ubicación anterior donde se produjo la excepción ---
   en System.Runtime.ExceptionServices.ExceptionDispatchInfo.Throw()
   en System.Runtime.CompilerServices.TaskAwaiter.HandleNonSuccessAndDebuggerNotification(Task task)
   en Npgsql.NpgsqlCommand.ExecuteReader(CommandBehavior behavior)
   en CapaDatos.DAOs.ObservacionDAO.ObtenerPorEstado(String estado) en C:\AOCR\AOCR\AOCR05-01-2026\AOCR1\AOCR\CapaDatos\DAOs\ObservacionDAO.cs:línea 459
   en CapaDatos.DAOs.DashboardInspeccionDAO.ObtenerNoConformidades(Int32 maxRows) en C:\AOCR\AOCR\AOCR05-01-2026\AOCR1\AOCR\CapaDatos\DAOs\DashboardInspeccionDAO.cs:línea 241
   en CapaPresentacion.Controllers.CoordinacionJefaturaController.DashboardInspeccion(String compania, String inspector, String estado) en C:\AOCR\AOCR\AOCR05-01-2026\AOCR1\AOCR\CapaPresentacion\Controllers\CoordinacionJefaturaController.cs:línea 49
   en lambda_method(Closure , ControllerBase , Object[] )
   en System.Web.Mvc.ControllerActionInvoker.InvokeActionMethod(ControllerContext controllerContext, ActionDescriptor actionDescriptor, IDictionary`2 parameters)
   en System.Web.Mvc.Async.AsyncControllerActionInvoker.<>c.<BeginInvokeSynchronousActionMethod>b__9_0(IAsyncResult asyncResult, ActionInvocation innerInvokeState)
   en System.Web.Mvc.Async.AsyncResultWrapper.WrappedAsyncResult`2.CallEndDelegate(IAsyncResult asyncResult)
   en System.Web.Mvc.Async.AsyncControllerActionInvoker.EndInvokeActionMethod(IAsyncResult asyncResult)
   en System.Web.Mvc.Async.AsyncControllerActionInvoker.AsyncInvocationWithFilters.<>c__DisplayClass11_0.<InvokeActionMethodFilterAsynchronouslyRecursive>b__0()
   en System.Web.Mvc.Async.AsyncControllerActionInvoker.AsyncInvocationWithFilters.<>c__DisplayClass11_2.<InvokeActionMethodFilterAsynchronouslyRecursive>b__2()
   en System.Web.Mvc.Async.AsyncControllerActionInvoker.AsyncInvocationWithFilters.<>c__DisplayClass11_2.<InvokeActionMethodFilterAsynchronouslyRecursive>b__2()
   en System.Web.Mvc.Async.AsyncControllerActionInvoker.AsyncInvocationWithFilters.<>c__DisplayClass11_2.<InvokeActionMethodFilterAsynchronouslyRecursive>b__2()
   en System.Web.Mvc.Async.AsyncControllerActionInvoker.EndInvokeActionMethodWithFilters(IAsyncResult asyncResult)
   en System.Web.Mvc.Async.AsyncControllerActionInvoker.<>c__DisplayClass3_6.<BeginInvokeAction>b__4()
   en System.Web.Mvc.Async.AsyncControllerActionInvoker.<>c__DisplayClass3_1.<BeginInvokeAction>b__1(IAsyncResult asyncResult)
  Exception data:
    Severity: ERROR
    SqlState: 42703
    MessageText: column "codigoobservacion" does not exist
    Hint: Perhaps you meant to reference the column "aocr_tbobservacion.codigo_observacion".
    Position: 47
    File: parse_relation.c
    Line: 3729
    Routine: errorMissingColumn

2026-03-30 11:24:47.392 | CoordinacionJefatura/DashboardInspeccion
Npgsql.PostgresException (0x80004005): 42703: column "codigoobservacion" does not exist

POSITION: 47
   en Npgsql.Internal.NpgsqlConnector.<ReadMessageLong>d__231.MoveNext()
--- Fin del seguimiento de la pila de la ubicación anterior donde se produjo la excepción ---
   en System.Runtime.ExceptionServices.ExceptionDispatchInfo.Throw()
   en Npgsql.NpgsqlDataReader.<NextResult>d__52.MoveNext()
--- Fin del seguimiento de la pila de la ubicación anterior donde se produjo la excepción ---
   en System.Runtime.ExceptionServices.ExceptionDispatchInfo.Throw()
   en Npgsql.NpgsqlDataReader.<NextResult>d__52.MoveNext()
--- Fin del seguimiento de la pila de la ubicación anterior donde se produjo la excepción ---
   en System.Runtime.ExceptionServices.ExceptionDispatchInfo.Throw()
   en System.Runtime.CompilerServices.TaskAwaiter.HandleNonSuccessAndDebuggerNotification(Task task)
   en Npgsql.NpgsqlDataReader.NextResult()
   en Npgsql.NpgsqlCommand.<ExecuteReader>d__119.MoveNext()
--- Fin del seguimiento de la pila de la ubicación anterior donde se produjo la excepción ---
   en System.Runtime.ExceptionServices.ExceptionDispatchInfo.Throw()
   en Npgsql.NpgsqlCommand.<ExecuteReader>d__119.MoveNext()
--- Fin del seguimiento de la pila de la ubicación anterior donde se produjo la excepción ---
   en System.Runtime.ExceptionServices.ExceptionDispatchInfo.Throw()
   en System.Runtime.CompilerServices.TaskAwaiter.HandleNonSuccessAndDebuggerNotification(Task task)
   en Npgsql.NpgsqlCommand.ExecuteReader(CommandBehavior behavior)
   en CapaDatos.DAOs.ObservacionDAO.ObtenerPorEstado(String estado) en C:\AOCR\AOCR\AOCR05-01-2026\AOCR1\AOCR\CapaDatos\DAOs\ObservacionDAO.cs:línea 459
   en CapaDatos.DAOs.DashboardInspeccionDAO.ObtenerNoConformidades(Int32 maxRows) en C:\AOCR\AOCR\AOCR05-01-2026\AOCR1\AOCR\CapaDatos\DAOs\DashboardInspeccionDAO.cs:línea 243
   en CapaPresentacion.Controllers.CoordinacionJefaturaController.DashboardInspeccion(String compania, String inspector, String estado, String quickFilter) en C:\AOCR\AOCR\AOCR05-01-2026\AOCR1\AOCR\CapaPresentacion\Controllers\CoordinacionJefaturaController.cs:línea 51
   en lambda_method(Closure , ControllerBase , Object[] )
   en System.Web.Mvc.ControllerActionInvoker.InvokeActionMethod(ControllerContext controllerContext, ActionDescriptor actionDescriptor, IDictionary`2 parameters)
   en System.Web.Mvc.Async.AsyncControllerActionInvoker.<>c.<BeginInvokeSynchronousActionMethod>b__9_0(IAsyncResult asyncResult, ActionInvocation innerInvokeState)
   en System.Web.Mvc.Async.AsyncResultWrapper.WrappedAsyncResult`2.CallEndDelegate(IAsyncResult asyncResult)
   en System.Web.Mvc.Async.AsyncControllerActionInvoker.EndInvokeActionMethod(IAsyncResult asyncResult)
   en System.Web.Mvc.Async.AsyncControllerActionInvoker.AsyncInvocationWithFilters.<>c__DisplayClass11_0.<InvokeActionMethodFilterAsynchronouslyRecursive>b__0()
   en System.Web.Mvc.Async.AsyncControllerActionInvoker.AsyncInvocationWithFilters.<>c__DisplayClass11_2.<InvokeActionMethodFilterAsynchronouslyRecursive>b__2()
   en System.Web.Mvc.Async.AsyncControllerActionInvoker.AsyncInvocationWithFilters.<>c__DisplayClass11_2.<InvokeActionMethodFilterAsynchronouslyRecursive>b__2()
   en System.Web.Mvc.Async.AsyncControllerActionInvoker.AsyncInvocationWithFilters.<>c__DisplayClass11_2.<InvokeActionMethodFilterAsynchronouslyRecursive>b__2()
   en System.Web.Mvc.Async.AsyncControllerActionInvoker.EndInvokeActionMethodWithFilters(IAsyncResult asyncResult)
   en System.Web.Mvc.Async.AsyncControllerActionInvoker.<>c__DisplayClass3_6.<BeginInvokeAction>b__4()
   en System.Web.Mvc.Async.AsyncControllerActionInvoker.<>c__DisplayClass3_1.<BeginInvokeAction>b__1(IAsyncResult asyncResult)
  Exception data:
    Severity: ERROR
    SqlState: 42703
    MessageText: column "codigoobservacion" does not exist
    Hint: Perhaps you meant to reference the column "aocr_tbobservacion.codigo_observacion".
    Position: 47
    File: parse_relation.c
    Line: 3729
    Routine: errorMissingColumn

2026-03-31 11:58:53.095 | Account/Login
System.Web.Mvc.HttpAntiForgeryException (0x80004005): La cookie antifalsificación requerida "__AOCR_RequestVerificationToken" no está presente.
   en System.Web.Helpers.AntiXsrf.TokenValidator.ValidateTokens(HttpContextBase httpContext, IIdentity identity, AntiForgeryToken sessionToken, AntiForgeryToken fieldToken)
   en System.Web.Helpers.AntiXsrf.AntiForgeryWorker.Validate(HttpContextBase httpContext)
   en System.Web.Mvc.ControllerActionInvoker.InvokeAuthorizationFilters(ControllerContext controllerContext, IList`1 filters, ActionDescriptor actionDescriptor)
   en System.Web.Mvc.Async.AsyncControllerActionInvoker.<>c__DisplayClass3_1.<BeginInvokeAction>b__0(AsyncCallback asyncCallback, Object asyncState)

2026-03-31 12:13:18.576 | Account/Login
System.Web.Mvc.HttpAntiForgeryException (0x80004005): La cookie antifalsificación requerida "__AOCR_RequestVerificationToken" no está presente.
   en System.Web.Helpers.AntiXsrf.TokenValidator.ValidateTokens(HttpContextBase httpContext, IIdentity identity, AntiForgeryToken sessionToken, AntiForgeryToken fieldToken)
   en System.Web.Helpers.AntiXsrf.AntiForgeryWorker.Validate(HttpContextBase httpContext)
   en System.Web.Mvc.ControllerActionInvoker.InvokeAuthorizationFilters(ControllerContext controllerContext, IList`1 filters, ActionDescriptor actionDescriptor)
   en System.Web.Mvc.Async.AsyncControllerActionInvoker.<>c__DisplayClass3_1.<BeginInvokeAction>b__0(AsyncCallback asyncCallback, Object asyncState)

2026-03-31 14:56:36.746 | Account/Login
System.Web.Mvc.HttpAntiForgeryException (0x80004005): La cookie antifalsificación requerida "__AOCR_RequestVerificationToken" no está presente.
   en System.Web.Helpers.AntiXsrf.TokenValidator.ValidateTokens(HttpContextBase httpContext, IIdentity identity, AntiForgeryToken sessionToken, AntiForgeryToken fieldToken)
   en System.Web.Helpers.AntiXsrf.AntiForgeryWorker.Validate(HttpContextBase httpContext)
   en System.Web.Mvc.ControllerActionInvoker.InvokeAuthorizationFilters(ControllerContext controllerContext, IList`1 filters, ActionDescriptor actionDescriptor)
   en System.Web.Mvc.Async.AsyncControllerActionInvoker.<>c__DisplayClass3_1.<BeginInvokeAction>b__0(AsyncCallback asyncCallback, Object asyncState)

2026-04-10 11:14:54.275 | Inspeccion/Detalle
System.Web.HttpParseException (0x80004005): "{" inesperado tras el carácter "@". Dentro del cuerpo de un bloque de códigos (@if {}, @{}, etc.) no es necesario utilizar "@{" para cambiar al código.

   en System.Web.WebPages.Razor.RazorBuildProvider.EnsureGeneratedCode()
   en System.Web.WebPages.Razor.RazorBuildProvider.get_CodeCompilerType()
   en System.Web.Compilation.BuildProvider.GetCompilerTypeFromBuildProvider(BuildProvider buildProvider)
   en System.Web.Compilation.BuildProvidersCompiler.ProcessBuildProviders()
   en System.Web.Compilation.BuildProvidersCompiler.PerformBuild()
   en System.Web.Compilation.BuildManager.CompileWebFile(VirtualPath virtualPath)
   en System.Web.Compilation.BuildManager.GetVPathBuildResultInternal(VirtualPath virtualPath, Boolean noBuild, Boolean allowCrossApp, Boolean allowBuildInPrecompile, Boolean throwIfNotFound, Boolean ensureIsUpToDate)
   en System.Web.Compilation.BuildManager.GetVPathBuildResultWithNoAssert(HttpContext context, VirtualPath virtualPath, Boolean noBuild, Boolean allowCrossApp, Boolean allowBuildInPrecompile, Boolean throwIfNotFound, Boolean ensureIsUpToDate)
   en System.Web.Compilation.BuildManager.GetVirtualPathObjectFactory(VirtualPath virtualPath, HttpContext context, Boolean allowCrossApp, Boolean throwIfNotFound)
   en System.Web.Compilation.BuildManager.GetCompiledType(VirtualPath virtualPath)
   en System.Web.Mvc.BuildManagerCompiledView.Render(ViewContext viewContext, TextWriter writer)
   en System.Web.Mvc.ViewResultBase.ExecuteResult(ControllerContext context)
   en System.Web.Mvc.ControllerActionInvoker.InvokeActionResultFilterRecursive(IList`1 filters, Int32 filterIndex, ResultExecutingContext preContext, ControllerContext controllerContext, ActionResult actionResult)
   en System.Web.Mvc.ControllerActionInvoker.InvokeActionResultFilterRecursive(IList`1 filters, Int32 filterIndex, ResultExecutingContext preContext, ControllerContext controllerContext, ActionResult actionResult)
   en System.Web.Mvc.ControllerActionInvoker.InvokeActionResultFilterRecursive(IList`1 filters, Int32 filterIndex, ResultExecutingContext preContext, ControllerContext controllerContext, ActionResult actionResult)
   en System.Web.Mvc.ControllerActionInvoker.InvokeActionResultFilterRecursive(IList`1 filters, Int32 filterIndex, ResultExecutingContext preContext, ControllerContext controllerContext, ActionResult actionResult)
   en System.Web.Mvc.ControllerActionInvoker.InvokeActionResultWithFilters(ControllerContext controllerContext, IList`1 filters, ActionResult actionResult)
   en System.Web.Mvc.Async.AsyncControllerActionInvoker.<>c__DisplayClass3_1.<BeginInvokeAction>b__1(IAsyncResult asyncResult)

2026-04-10 11:20:17.948 | Inspeccion/Detalle
System.Web.HttpCompileException (0x80004005): c:\AOCR\AOCR\AOCR05-01-2026\AOCR1\AOCR\CapaPresentacion\Views\Inspeccion\_DireccionJefaturaPanel.cshtml(55): error CS1002: Se esperaba ;
   en System.Web.Compilation.AssemblyBuilder.Compile()
   en System.Web.Compilation.BuildProvidersCompiler.PerformBuild()
   en System.Web.Compilation.BuildManager.CompileWebFile(VirtualPath virtualPath)
   en System.Web.Compilation.BuildManager.GetVPathBuildResultInternal(VirtualPath virtualPath, Boolean noBuild, Boolean allowCrossApp, Boolean allowBuildInPrecompile, Boolean throwIfNotFound, Boolean ensureIsUpToDate)
   en System.Web.Compilation.BuildManager.GetVPathBuildResultWithNoAssert(HttpContext context, VirtualPath virtualPath, Boolean noBuild, Boolean allowCrossApp, Boolean allowBuildInPrecompile, Boolean throwIfNotFound, Boolean ensureIsUpToDate)
   en System.Web.Compilation.BuildManager.GetVirtualPathObjectFactory(VirtualPath virtualPath, HttpContext context, Boolean allowCrossApp, Boolean throwIfNotFound)
   en System.Web.Compilation.BuildManager.GetCompiledType(VirtualPath virtualPath)
   en System.Web.Mvc.BuildManagerCompiledView.Render(ViewContext viewContext, TextWriter writer)
   en System.Web.Mvc.Html.PartialExtensions.Partial(HtmlHelper htmlHelper, String partialViewName, Object model, ViewDataDictionary viewData)
   en ASP._Page_Views_Inspeccion_Detalle_cshtml.Execute() en c:\AOCR\AOCR\AOCR05-01-2026\AOCR1\AOCR\CapaPresentacion\Views\Inspeccion\Detalle.cshtml:línea 2021
   en System.Web.WebPages.WebPageBase.ExecutePageHierarchy()
   en System.Web.Mvc.WebViewPage.ExecutePageHierarchy()
   en System.Web.WebPages.StartPage.ExecutePageHierarchy()
   en System.Web.WebPages.WebPageBase.ExecutePageHierarchy(WebPageContext pageContext, TextWriter writer, WebPageRenderingBase startPage)
   en System.Web.Mvc.ViewResultBase.ExecuteResult(ControllerContext context)
   en System.Web.Mvc.ControllerActionInvoker.InvokeActionResultFilterRecursive(IList`1 filters, Int32 filterIndex, ResultExecutingContext preContext, ControllerContext controllerContext, ActionResult actionResult)
   en System.Web.Mvc.ControllerActionInvoker.InvokeActionResultFilterRecursive(IList`1 filters, Int32 filterIndex, ResultExecutingContext preContext, ControllerContext controllerContext, ActionResult actionResult)
   en System.Web.Mvc.ControllerActionInvoker.InvokeActionResultFilterRecursive(IList`1 filters, Int32 filterIndex, ResultExecutingContext preContext, ControllerContext controllerContext, ActionResult actionResult)
   en System.Web.Mvc.ControllerActionInvoker.InvokeActionResultFilterRecursive(IList`1 filters, Int32 filterIndex, ResultExecutingContext preContext, ControllerContext controllerContext, ActionResult actionResult)
   en System.Web.Mvc.ControllerActionInvoker.InvokeActionResultWithFilters(ControllerContext controllerContext, IList`1 filters, ActionResult actionResult)
   en System.Web.Mvc.Async.AsyncControllerActionInvoker.<>c__DisplayClass3_1.<BeginInvokeAction>b__1(IAsyncResult asyncResult)

2026-04-10 11:20:30.262 | Inspeccion/Detalle
System.Web.HttpCompileException (0x80004005): c:\AOCR\AOCR\AOCR05-01-2026\AOCR1\AOCR\CapaPresentacion\Views\Inspeccion\_DireccionJefaturaPanel.cshtml(55): error CS1002: Se esperaba ;
   en System.Web.Compilation.AssemblyBuilder.Compile()
   en System.Web.Compilation.BuildProvidersCompiler.PerformBuild()
   en System.Web.Compilation.BuildManager.CompileWebFile(VirtualPath virtualPath)
   en System.Web.Compilation.BuildManager.GetVPathBuildResultInternal(VirtualPath virtualPath, Boolean noBuild, Boolean allowCrossApp, Boolean allowBuildInPrecompile, Boolean throwIfNotFound, Boolean ensureIsUpToDate)
   en System.Web.Compilation.BuildManager.GetVPathBuildResultWithNoAssert(HttpContext context, VirtualPath virtualPath, Boolean noBuild, Boolean allowCrossApp, Boolean allowBuildInPrecompile, Boolean throwIfNotFound, Boolean ensureIsUpToDate)
   en System.Web.Compilation.BuildManager.GetVirtualPathObjectFactory(VirtualPath virtualPath, HttpContext context, Boolean allowCrossApp, Boolean throwIfNotFound)
   en System.Web.Compilation.BuildManager.GetCompiledType(VirtualPath virtualPath)
   en System.Web.Mvc.BuildManagerCompiledView.Render(ViewContext viewContext, TextWriter writer)
   en System.Web.Mvc.Html.PartialExtensions.Partial(HtmlHelper htmlHelper, String partialViewName, Object model, ViewDataDictionary viewData)
   en ASP._Page_Views_Inspeccion_Detalle_cshtml.Execute() en c:\AOCR\AOCR\AOCR05-01-2026\AOCR1\AOCR\CapaPresentacion\Views\Inspeccion\Detalle.cshtml:línea 2021
   en System.Web.WebPages.WebPageBase.ExecutePageHierarchy()
   en System.Web.Mvc.WebViewPage.ExecutePageHierarchy()
   en System.Web.WebPages.StartPage.ExecutePageHierarchy()
   en System.Web.WebPages.WebPageBase.ExecutePageHierarchy(WebPageContext pageContext, TextWriter writer, WebPageRenderingBase startPage)
   en System.Web.Mvc.ViewResultBase.ExecuteResult(ControllerContext context)
   en System.Web.Mvc.ControllerActionInvoker.InvokeActionResultFilterRecursive(IList`1 filters, Int32 filterIndex, ResultExecutingContext preContext, ControllerContext controllerContext, ActionResult actionResult)
   en System.Web.Mvc.ControllerActionInvoker.InvokeActionResultFilterRecursive(IList`1 filters, Int32 filterIndex, ResultExecutingContext preContext, ControllerContext controllerContext, ActionResult actionResult)
   en System.Web.Mvc.ControllerActionInvoker.InvokeActionResultFilterRecursive(IList`1 filters, Int32 filterIndex, ResultExecutingContext preContext, ControllerContext controllerContext, ActionResult actionResult)
   en System.Web.Mvc.ControllerActionInvoker.InvokeActionResultFilterRecursive(IList`1 filters, Int32 filterIndex, ResultExecutingContext preContext, ControllerContext controllerContext, ActionResult actionResult)
   en System.Web.Mvc.ControllerActionInvoker.InvokeActionResultWithFilters(ControllerContext controllerContext, IList`1 filters, ActionResult actionResult)
   en System.Web.Mvc.Async.AsyncControllerActionInvoker.<>c__DisplayClass3_1.<BeginInvokeAction>b__1(IAsyncResult asyncResult)

2026-04-10 12:24:38.528 | Account/Login
Npgsql.NpgsqlException (0x80004005): Failed to connect to 172.20.16.55:5432 ---> System.TimeoutException: Timeout during connection attempt
   en Npgsql.Internal.NpgsqlConnector.Connect(NpgsqlTimeout timeout)
   en Npgsql.Internal.NpgsqlConnector.Connect(NpgsqlTimeout timeout)
   en Npgsql.Internal.NpgsqlConnector.<RawOpen>d__215.MoveNext()
--- Fin del seguimiento de la pila de la ubicación anterior donde se produjo la excepción ---
   en System.Runtime.ExceptionServices.ExceptionDispatchInfo.Throw()
   en System.Runtime.CompilerServices.TaskAwaiter.HandleNonSuccessAndDebuggerNotification(Task task)
   en Npgsql.Internal.NpgsqlConnector.<<Open>g__OpenCore|211_1>d.MoveNext()
--- Fin del seguimiento de la pila de la ubicación anterior donde se produjo la excepción ---
   en System.Runtime.ExceptionServices.ExceptionDispatchInfo.Throw()
   en System.Runtime.CompilerServices.TaskAwaiter.HandleNonSuccessAndDebuggerNotification(Task task)
   en Npgsql.Internal.NpgsqlConnector.<Open>d__211.MoveNext()
--- Fin del seguimiento de la pila de la ubicación anterior donde se produjo la excepción ---
   en System.Runtime.ExceptionServices.ExceptionDispatchInfo.Throw()
   en Npgsql.PoolingDataSource.<OpenNewConnector>d__37.MoveNext()
--- Fin del seguimiento de la pila de la ubicación anterior donde se produjo la excepción ---
   en System.Runtime.ExceptionServices.ExceptionDispatchInfo.Throw()
   en System.Runtime.CompilerServices.TaskAwaiter.HandleNonSuccessAndDebuggerNotification(Task task)
   en Npgsql.PoolingDataSource.<<Get>g__RentAsync|34_0>d.MoveNext()
--- Fin del seguimiento de la pila de la ubicación anterior donde se produjo la excepción ---
   en System.Runtime.ExceptionServices.ExceptionDispatchInfo.Throw()
   en System.Runtime.CompilerServices.TaskAwaiter.HandleNonSuccessAndDebuggerNotification(Task task)
   en Npgsql.NpgsqlConnection.<<Open>g__OpenAsync|42_0>d.MoveNext()
--- Fin del seguimiento de la pila de la ubicación anterior donde se produjo la excepción ---
   en System.Runtime.ExceptionServices.ExceptionDispatchInfo.Throw()
   en System.Runtime.CompilerServices.TaskAwaiter.HandleNonSuccessAndDebuggerNotification(Task task)
   en Npgsql.NpgsqlConnection.Open()
   en CapaDatos.DAOs.UsuarioDAO.ObtenerPorNombreUsuario(String loginInput) en C:\AOCR\AOCR\AOCR05-01-2026\AOCR1\AOCR\CapaDatos\DAOs\UsuarioDAO.cs:línea 47
   en CapaNegocio.UsuarioBL.Autenticar(String nombreUsuario, String contrasena, Usuario& usuario, List`1& roles, String& mensaje, Boolean actualizarUltimaConexion) en C:\AOCR\AOCR\AOCR05-01-2026\AOCR1\AOCR\CapaNegocio\UsuarioBL.cs:línea 170
   en CapaPresentacion.Controllers.AccountController.Login(LoginViewModel model, String returnUrl) en C:\AOCR\AOCR\AOCR05-01-2026\AOCR1\AOCR\CapaPresentacion\Controllers\AccountController.cs:línea 84
   en lambda_method(Closure , ControllerBase , Object[] )
   en System.Web.Mvc.ControllerActionInvoker.InvokeActionMethod(ControllerContext controllerContext, ActionDescriptor actionDescriptor, IDictionary`2 parameters)
   en System.Web.Mvc.Async.AsyncControllerActionInvoker.<>c.<BeginInvokeSynchronousActionMethod>b__9_0(IAsyncResult asyncResult, ActionInvocation innerInvokeState)
   en System.Web.Mvc.Async.AsyncResultWrapper.WrappedAsyncResult`2.CallEndDelegate(IAsyncResult asyncResult)
   en System.Web.Mvc.Async.AsyncControllerActionInvoker.EndInvokeActionMethod(IAsyncResult asyncResult)
   en System.Web.Mvc.Async.AsyncControllerActionInvoker.AsyncInvocationWithFilters.<>c__DisplayClass11_0.<InvokeActionMethodFilterAsynchronouslyRecursive>b__0()
   en System.Web.Mvc.Async.AsyncControllerActionInvoker.AsyncInvocationWithFilters.<>c__DisplayClass11_2.<InvokeActionMethodFilterAsynchronouslyRecursive>b__2()
   en System.Web.Mvc.Async.AsyncControllerActionInvoker.AsyncInvocationWithFilters.<>c__DisplayClass11_2.<InvokeActionMethodFilterAsynchronouslyRecursive>b__2()
   en System.Web.Mvc.Async.AsyncControllerActionInvoker.AsyncInvocationWithFilters.<>c__DisplayClass11_2.<InvokeActionMethodFilterAsynchronouslyRecursive>b__2()
   en System.Web.Mvc.Async.AsyncControllerActionInvoker.EndInvokeActionMethodWithFilters(IAsyncResult asyncResult)
   en System.Web.Mvc.Async.AsyncControllerActionInvoker.<>c__DisplayClass3_6.<BeginInvokeAction>b__4()
   en System.Web.Mvc.Async.AsyncControllerActionInvoker.<>c__DisplayClass3_1.<BeginInvokeAction>b__1(IAsyncResult asyncResult)

2026-04-10 12:30:31.822 | Account/Login
Npgsql.NpgsqlException (0x80004005): Failed to connect to 172.20.16.55:5432 ---> System.TimeoutException: Timeout during connection attempt
   en Npgsql.Internal.NpgsqlConnector.Connect(NpgsqlTimeout timeout)
   en Npgsql.Internal.NpgsqlConnector.Connect(NpgsqlTimeout timeout)
   en Npgsql.Internal.NpgsqlConnector.<RawOpen>d__215.MoveNext()
--- Fin del seguimiento de la pila de la ubicación anterior donde se produjo la excepción ---
   en System.Runtime.ExceptionServices.ExceptionDispatchInfo.Throw()
   en System.Runtime.CompilerServices.TaskAwaiter.HandleNonSuccessAndDebuggerNotification(Task task)
   en Npgsql.Internal.NpgsqlConnector.<<Open>g__OpenCore|211_1>d.MoveNext()
--- Fin del seguimiento de la pila de la ubicación anterior donde se produjo la excepción ---
   en System.Runtime.ExceptionServices.ExceptionDispatchInfo.Throw()
   en System.Runtime.CompilerServices.TaskAwaiter.HandleNonSuccessAndDebuggerNotification(Task task)
   en Npgsql.Internal.NpgsqlConnector.<Open>d__211.MoveNext()
--- Fin del seguimiento de la pila de la ubicación anterior donde se produjo la excepción ---
   en System.Runtime.ExceptionServices.ExceptionDispatchInfo.Throw()
   en Npgsql.PoolingDataSource.<OpenNewConnector>d__37.MoveNext()
--- Fin del seguimiento de la pila de la ubicación anterior donde se produjo la excepción ---
   en System.Runtime.ExceptionServices.ExceptionDispatchInfo.Throw()
   en System.Runtime.CompilerServices.TaskAwaiter.HandleNonSuccessAndDebuggerNotification(Task task)
   en Npgsql.PoolingDataSource.<<Get>g__RentAsync|34_0>d.MoveNext()
--- Fin del seguimiento de la pila de la ubicación anterior donde se produjo la excepción ---
   en System.Runtime.ExceptionServices.ExceptionDispatchInfo.Throw()
   en System.Runtime.CompilerServices.TaskAwaiter.HandleNonSuccessAndDebuggerNotification(Task task)
   en Npgsql.NpgsqlConnection.<<Open>g__OpenAsync|42_0>d.MoveNext()
--- Fin del seguimiento de la pila de la ubicación anterior donde se produjo la excepción ---
   en System.Runtime.ExceptionServices.ExceptionDispatchInfo.Throw()
   en System.Runtime.CompilerServices.TaskAwaiter.HandleNonSuccessAndDebuggerNotification(Task task)
   en Npgsql.NpgsqlConnection.Open()
   en CapaDatos.DAOs.UsuarioDAO.ObtenerPorNombreUsuario(String loginInput) en C:\AOCR\AOCR\AOCR05-01-2026\AOCR1\AOCR\CapaDatos\DAOs\UsuarioDAO.cs:línea 47
   en CapaNegocio.UsuarioBL.Autenticar(String nombreUsuario, String contrasena, Usuario& usuario, List`1& roles, String& mensaje, Boolean actualizarUltimaConexion) en C:\AOCR\AOCR\AOCR05-01-2026\AOCR1\AOCR\CapaNegocio\UsuarioBL.cs:línea 170
   en CapaPresentacion.Controllers.AccountController.Login(LoginViewModel model, String returnUrl) en C:\AOCR\AOCR\AOCR05-01-2026\AOCR1\AOCR\CapaPresentacion\Controllers\AccountController.cs:línea 84
   en lambda_method(Closure , ControllerBase , Object[] )
   en System.Web.Mvc.ControllerActionInvoker.InvokeActionMethod(ControllerContext controllerContext, ActionDescriptor actionDescriptor, IDictionary`2 parameters)
   en System.Web.Mvc.Async.AsyncControllerActionInvoker.<>c.<BeginInvokeSynchronousActionMethod>b__9_0(IAsyncResult asyncResult, ActionInvocation innerInvokeState)
   en System.Web.Mvc.Async.AsyncResultWrapper.WrappedAsyncResult`2.CallEndDelegate(IAsyncResult asyncResult)
   en System.Web.Mvc.Async.AsyncControllerActionInvoker.EndInvokeActionMethod(IAsyncResult asyncResult)
   en System.Web.Mvc.Async.AsyncControllerActionInvoker.AsyncInvocationWithFilters.<>c__DisplayClass11_0.<InvokeActionMethodFilterAsynchronouslyRecursive>b__0()
   en System.Web.Mvc.Async.AsyncControllerActionInvoker.AsyncInvocationWithFilters.<>c__DisplayClass11_2.<InvokeActionMethodFilterAsynchronouslyRecursive>b__2()
   en System.Web.Mvc.Async.AsyncControllerActionInvoker.AsyncInvocationWithFilters.<>c__DisplayClass11_2.<InvokeActionMethodFilterAsynchronouslyRecursive>b__2()
   en System.Web.Mvc.Async.AsyncControllerActionInvoker.AsyncInvocationWithFilters.<>c__DisplayClass11_2.<InvokeActionMethodFilterAsynchronouslyRecursive>b__2()
   en System.Web.Mvc.Async.AsyncControllerActionInvoker.EndInvokeActionMethodWithFilters(IAsyncResult asyncResult)
   en System.Web.Mvc.Async.AsyncControllerActionInvoker.<>c__DisplayClass3_6.<BeginInvokeAction>b__4()
   en System.Web.Mvc.Async.AsyncControllerActionInvoker.<>c__DisplayClass3_1.<BeginInvokeAction>b__1(IAsyncResult asyncResult)

2026-04-10 12:30:53.150 | Account/Login
Npgsql.NpgsqlException (0x80004005): Failed to connect to 172.20.16.55:5432 ---> System.TimeoutException: Timeout during connection attempt
   en Npgsql.Internal.NpgsqlConnector.Connect(NpgsqlTimeout timeout)
   en Npgsql.Internal.NpgsqlConnector.Connect(NpgsqlTimeout timeout)
   en Npgsql.Internal.NpgsqlConnector.<RawOpen>d__215.MoveNext()
--- Fin del seguimiento de la pila de la ubicación anterior donde se produjo la excepción ---
   en System.Runtime.ExceptionServices.ExceptionDispatchInfo.Throw()
   en System.Runtime.CompilerServices.TaskAwaiter.HandleNonSuccessAndDebuggerNotification(Task task)
   en Npgsql.Internal.NpgsqlConnector.<<Open>g__OpenCore|211_1>d.MoveNext()
--- Fin del seguimiento de la pila de la ubicación anterior donde se produjo la excepción ---
   en System.Runtime.ExceptionServices.ExceptionDispatchInfo.Throw()
   en System.Runtime.CompilerServices.TaskAwaiter.HandleNonSuccessAndDebuggerNotification(Task task)
   en Npgsql.Internal.NpgsqlConnector.<Open>d__211.MoveNext()
--- Fin del seguimiento de la pila de la ubicación anterior donde se produjo la excepción ---
   en System.Runtime.ExceptionServices.ExceptionDispatchInfo.Throw()
   en Npgsql.PoolingDataSource.<OpenNewConnector>d__37.MoveNext()
--- Fin del seguimiento de la pila de la ubicación anterior donde se produjo la excepción ---
   en System.Runtime.ExceptionServices.ExceptionDispatchInfo.Throw()
   en System.Runtime.CompilerServices.TaskAwaiter.HandleNonSuccessAndDebuggerNotification(Task task)
   en Npgsql.PoolingDataSource.<<Get>g__RentAsync|34_0>d.MoveNext()
--- Fin del seguimiento de la pila de la ubicación anterior donde se produjo la excepción ---
   en System.Runtime.ExceptionServices.ExceptionDispatchInfo.Throw()
   en System.Runtime.CompilerServices.TaskAwaiter.HandleNonSuccessAndDebuggerNotification(Task task)
   en Npgsql.NpgsqlConnection.<<Open>g__OpenAsync|42_0>d.MoveNext()
--- Fin del seguimiento de la pila de la ubicación anterior donde se produjo la excepción ---
   en System.Runtime.ExceptionServices.ExceptionDispatchInfo.Throw()
   en System.Runtime.CompilerServices.TaskAwaiter.HandleNonSuccessAndDebuggerNotification(Task task)
   en Npgsql.NpgsqlConnection.Open()
   en CapaDatos.DAOs.UsuarioDAO.ObtenerPorNombreUsuario(String loginInput) en C:\AOCR\AOCR\AOCR05-01-2026\AOCR1\AOCR\CapaDatos\DAOs\UsuarioDAO.cs:línea 47
   en CapaNegocio.UsuarioBL.Autenticar(String nombreUsuario, String contrasena, Usuario& usuario, List`1& roles, String& mensaje, Boolean actualizarUltimaConexion) en C:\AOCR\AOCR\AOCR05-01-2026\AOCR1\AOCR\CapaNegocio\UsuarioBL.cs:línea 170
   en CapaPresentacion.Controllers.AccountController.Login(LoginViewModel model, String returnUrl) en C:\AOCR\AOCR\AOCR05-01-2026\AOCR1\AOCR\CapaPresentacion\Controllers\AccountController.cs:línea 84
   en lambda_method(Closure , ControllerBase , Object[] )
   en System.Web.Mvc.ControllerActionInvoker.InvokeActionMethod(ControllerContext controllerContext, ActionDescriptor actionDescriptor, IDictionary`2 parameters)
   en System.Web.Mvc.Async.AsyncControllerActionInvoker.<>c.<BeginInvokeSynchronousActionMethod>b__9_0(IAsyncResult asyncResult, ActionInvocation innerInvokeState)
   en System.Web.Mvc.Async.AsyncResultWrapper.WrappedAsyncResult`2.CallEndDelegate(IAsyncResult asyncResult)
   en System.Web.Mvc.Async.AsyncControllerActionInvoker.EndInvokeActionMethod(IAsyncResult asyncResult)
   en System.Web.Mvc.Async.AsyncControllerActionInvoker.AsyncInvocationWithFilters.<>c__DisplayClass11_0.<InvokeActionMethodFilterAsynchronouslyRecursive>b__0()
   en System.Web.Mvc.Async.AsyncControllerActionInvoker.AsyncInvocationWithFilters.<>c__DisplayClass11_2.<InvokeActionMethodFilterAsynchronouslyRecursive>b__2()
   en System.Web.Mvc.Async.AsyncControllerActionInvoker.AsyncInvocationWithFilters.<>c__DisplayClass11_2.<InvokeActionMethodFilterAsynchronouslyRecursive>b__2()
   en System.Web.Mvc.Async.AsyncControllerActionInvoker.AsyncInvocationWithFilters.<>c__DisplayClass11_2.<InvokeActionMethodFilterAsynchronouslyRecursive>b__2()
   en System.Web.Mvc.Async.AsyncControllerActionInvoker.EndInvokeActionMethodWithFilters(IAsyncResult asyncResult)
   en System.Web.Mvc.Async.AsyncControllerActionInvoker.<>c__DisplayClass3_6.<BeginInvokeAction>b__4()
   en System.Web.Mvc.Async.AsyncControllerActionInvoker.<>c__DisplayClass3_1.<BeginInvokeAction>b__1(IAsyncResult asyncResult)

2026-04-10 12:31:41.942 | Account/Login
Npgsql.NpgsqlException (0x80004005): Failed to connect to 172.20.16.55:5432 ---> System.TimeoutException: Timeout during connection attempt
   en Npgsql.Internal.NpgsqlConnector.Connect(NpgsqlTimeout timeout)
   en Npgsql.Internal.NpgsqlConnector.Connect(NpgsqlTimeout timeout)
   en Npgsql.Internal.NpgsqlConnector.<RawOpen>d__215.MoveNext()
--- Fin del seguimiento de la pila de la ubicación anterior donde se produjo la excepción ---
   en System.Runtime.ExceptionServices.ExceptionDispatchInfo.Throw()
   en System.Runtime.CompilerServices.TaskAwaiter.HandleNonSuccessAndDebuggerNotification(Task task)
   en Npgsql.Internal.NpgsqlConnector.<<Open>g__OpenCore|211_1>d.MoveNext()
--- Fin del seguimiento de la pila de la ubicación anterior donde se produjo la excepción ---
   en System.Runtime.ExceptionServices.ExceptionDispatchInfo.Throw()
   en System.Runtime.CompilerServices.TaskAwaiter.HandleNonSuccessAndDebuggerNotification(Task task)
   en Npgsql.Internal.NpgsqlConnector.<Open>d__211.MoveNext()
--- Fin del seguimiento de la pila de la ubicación anterior donde se produjo la excepción ---
   en System.Runtime.ExceptionServices.ExceptionDispatchInfo.Throw()
   en Npgsql.PoolingDataSource.<OpenNewConnector>d__37.MoveNext()
--- Fin del seguimiento de la pila de la ubicación anterior donde se produjo la excepción ---
   en System.Runtime.ExceptionServices.ExceptionDispatchInfo.Throw()
   en System.Runtime.CompilerServices.TaskAwaiter.HandleNonSuccessAndDebuggerNotification(Task task)
   en Npgsql.PoolingDataSource.<<Get>g__RentAsync|34_0>d.MoveNext()
--- Fin del seguimiento de la pila de la ubicación anterior donde se produjo la excepción ---
   en System.Runtime.ExceptionServices.ExceptionDispatchInfo.Throw()
   en System.Runtime.CompilerServices.TaskAwaiter.HandleNonSuccessAndDebuggerNotification(Task task)
   en Npgsql.NpgsqlConnection.<<Open>g__OpenAsync|42_0>d.MoveNext()
--- Fin del seguimiento de la pila de la ubicación anterior donde se produjo la excepción ---
   en System.Runtime.ExceptionServices.ExceptionDispatchInfo.Throw()
   en System.Runtime.CompilerServices.TaskAwaiter.HandleNonSuccessAndDebuggerNotification(Task task)
   en Npgsql.NpgsqlConnection.Open()
   en CapaDatos.DAOs.UsuarioDAO.ObtenerPorNombreUsuario(String loginInput) en C:\AOCR\AOCR\AOCR05-01-2026\AOCR1\AOCR\CapaDatos\DAOs\UsuarioDAO.cs:línea 47
   en CapaNegocio.UsuarioBL.Autenticar(String nombreUsuario, String contrasena, Usuario& usuario, List`1& roles, String& mensaje, Boolean actualizarUltimaConexion) en C:\AOCR\AOCR\AOCR05-01-2026\AOCR1\AOCR\CapaNegocio\UsuarioBL.cs:línea 170
   en CapaPresentacion.Controllers.AccountController.Login(LoginViewModel model, String returnUrl) en C:\AOCR\AOCR\AOCR05-01-2026\AOCR1\AOCR\CapaPresentacion\Controllers\AccountController.cs:línea 84
   en lambda_method(Closure , ControllerBase , Object[] )
   en System.Web.Mvc.ControllerActionInvoker.InvokeActionMethod(ControllerContext controllerContext, ActionDescriptor actionDescriptor, IDictionary`2 parameters)
   en System.Web.Mvc.Async.AsyncControllerActionInvoker.<>c.<BeginInvokeSynchronousActionMethod>b__9_0(IAsyncResult asyncResult, ActionInvocation innerInvokeState)
   en System.Web.Mvc.Async.AsyncResultWrapper.WrappedAsyncResult`2.CallEndDelegate(IAsyncResult asyncResult)
   en System.Web.Mvc.Async.AsyncControllerActionInvoker.EndInvokeActionMethod(IAsyncResult asyncResult)
   en System.Web.Mvc.Async.AsyncControllerActionInvoker.AsyncInvocationWithFilters.<>c__DisplayClass11_0.<InvokeActionMethodFilterAsynchronouslyRecursive>b__0()
   en System.Web.Mvc.Async.AsyncControllerActionInvoker.AsyncInvocationWithFilters.<>c__DisplayClass11_2.<InvokeActionMethodFilterAsynchronouslyRecursive>b__2()
   en System.Web.Mvc.Async.AsyncControllerActionInvoker.AsyncInvocationWithFilters.<>c__DisplayClass11_2.<InvokeActionMethodFilterAsynchronouslyRecursive>b__2()
   en System.Web.Mvc.Async.AsyncControllerActionInvoker.AsyncInvocationWithFilters.<>c__DisplayClass11_2.<InvokeActionMethodFilterAsynchronouslyRecursive>b__2()
   en System.Web.Mvc.Async.AsyncControllerActionInvoker.EndInvokeActionMethodWithFilters(IAsyncResult asyncResult)
   en System.Web.Mvc.Async.AsyncControllerActionInvoker.<>c__DisplayClass3_6.<BeginInvokeAction>b__4()
   en System.Web.Mvc.Async.AsyncControllerActionInvoker.<>c__DisplayClass3_1.<BeginInvokeAction>b__1(IAsyncResult asyncResult)

2026-04-10 12:33:18.553 | Account/Login
Npgsql.NpgsqlException (0x80004005): Failed to connect to 172.20.16.55:5432 ---> System.TimeoutException: Timeout during connection attempt
   en Npgsql.Internal.NpgsqlConnector.Connect(NpgsqlTimeout timeout)
   en Npgsql.Internal.NpgsqlConnector.Connect(NpgsqlTimeout timeout)
   en Npgsql.Internal.NpgsqlConnector.<RawOpen>d__215.MoveNext()
--- Fin del seguimiento de la pila de la ubicación anterior donde se produjo la excepción ---
   en System.Runtime.ExceptionServices.ExceptionDispatchInfo.Throw()
   en System.Runtime.CompilerServices.TaskAwaiter.HandleNonSuccessAndDebuggerNotification(Task task)
   en Npgsql.Internal.NpgsqlConnector.<<Open>g__OpenCore|211_1>d.MoveNext()
--- Fin del seguimiento de la pila de la ubicación anterior donde se produjo la excepción ---
   en System.Runtime.ExceptionServices.ExceptionDispatchInfo.Throw()
   en System.Runtime.CompilerServices.TaskAwaiter.HandleNonSuccessAndDebuggerNotification(Task task)
   en Npgsql.Internal.NpgsqlConnector.<Open>d__211.MoveNext()
--- Fin del seguimiento de la pila de la ubicación anterior donde se produjo la excepción ---
   en System.Runtime.ExceptionServices.ExceptionDispatchInfo.Throw()
   en Npgsql.PoolingDataSource.<OpenNewConnector>d__37.MoveNext()
--- Fin del seguimiento de la pila de la ubicación anterior donde se produjo la excepción ---
   en System.Runtime.ExceptionServices.ExceptionDispatchInfo.Throw()
   en System.Runtime.CompilerServices.TaskAwaiter.HandleNonSuccessAndDebuggerNotification(Task task)
   en Npgsql.PoolingDataSource.<<Get>g__RentAsync|34_0>d.MoveNext()
--- Fin del seguimiento de la pila de la ubicación anterior donde se produjo la excepción ---
   en System.Runtime.ExceptionServices.ExceptionDispatchInfo.Throw()
   en System.Runtime.CompilerServices.TaskAwaiter.HandleNonSuccessAndDebuggerNotification(Task task)
   en Npgsql.NpgsqlConnection.<<Open>g__OpenAsync|42_0>d.MoveNext()
--- Fin del seguimiento de la pila de la ubicación anterior donde se produjo la excepción ---
   en System.Runtime.ExceptionServices.ExceptionDispatchInfo.Throw()
   en System.Runtime.CompilerServices.TaskAwaiter.HandleNonSuccessAndDebuggerNotification(Task task)
   en Npgsql.NpgsqlConnection.Open()
   en CapaDatos.DAOs.UsuarioDAO.ObtenerPorNombreUsuario(String loginInput) en C:\AOCR\AOCR\AOCR05-01-2026\AOCR1\AOCR\CapaDatos\DAOs\UsuarioDAO.cs:línea 47
   en CapaNegocio.UsuarioBL.Autenticar(String nombreUsuario, String contrasena, Usuario& usuario, List`1& roles, String& mensaje, Boolean actualizarUltimaConexion) en C:\AOCR\AOCR\AOCR05-01-2026\AOCR1\AOCR\CapaNegocio\UsuarioBL.cs:línea 170
   en CapaPresentacion.Controllers.AccountController.Login(LoginViewModel model, String returnUrl) en C:\AOCR\AOCR\AOCR05-01-2026\AOCR1\AOCR\CapaPresentacion\Controllers\AccountController.cs:línea 84
   en lambda_method(Closure , ControllerBase , Object[] )
   en System.Web.Mvc.ControllerActionInvoker.InvokeActionMethod(ControllerContext controllerContext, ActionDescriptor actionDescriptor, IDictionary`2 parameters)
   en System.Web.Mvc.Async.AsyncControllerActionInvoker.<>c.<BeginInvokeSynchronousActionMethod>b__9_0(IAsyncResult asyncResult, ActionInvocation innerInvokeState)
   en System.Web.Mvc.Async.AsyncResultWrapper.WrappedAsyncResult`2.CallEndDelegate(IAsyncResult asyncResult)
   en System.Web.Mvc.Async.AsyncControllerActionInvoker.EndInvokeActionMethod(IAsyncResult asyncResult)
   en System.Web.Mvc.Async.AsyncControllerActionInvoker.AsyncInvocationWithFilters.<>c__DisplayClass11_0.<InvokeActionMethodFilterAsynchronouslyRecursive>b__0()
   en System.Web.Mvc.Async.AsyncControllerActionInvoker.AsyncInvocationWithFilters.<>c__DisplayClass11_2.<InvokeActionMethodFilterAsynchronouslyRecursive>b__2()
   en System.Web.Mvc.Async.AsyncControllerActionInvoker.AsyncInvocationWithFilters.<>c__DisplayClass11_2.<InvokeActionMethodFilterAsynchronouslyRecursive>b__2()
   en System.Web.Mvc.Async.AsyncControllerActionInvoker.AsyncInvocationWithFilters.<>c__DisplayClass11_2.<InvokeActionMethodFilterAsynchronouslyRecursive>b__2()
   en System.Web.Mvc.Async.AsyncControllerActionInvoker.EndInvokeActionMethodWithFilters(IAsyncResult asyncResult)
   en System.Web.Mvc.Async.AsyncControllerActionInvoker.<>c__DisplayClass3_6.<BeginInvokeAction>b__4()
   en System.Web.Mvc.Async.AsyncControllerActionInvoker.<>c__DisplayClass3_1.<BeginInvokeAction>b__1(IAsyncResult asyncResult)

2026-04-10 12:34:12.635 | Account/Login
Npgsql.NpgsqlException (0x80004005): Failed to connect to 172.20.16.55:5432 ---> System.TimeoutException: Timeout during connection attempt
   en Npgsql.Internal.NpgsqlConnector.Connect(NpgsqlTimeout timeout)
   en Npgsql.Internal.NpgsqlConnector.Connect(NpgsqlTimeout timeout)
   en Npgsql.Internal.NpgsqlConnector.<RawOpen>d__215.MoveNext()
--- Fin del seguimiento de la pila de la ubicación anterior donde se produjo la excepción ---
   en System.Runtime.ExceptionServices.ExceptionDispatchInfo.Throw()
   en System.Runtime.CompilerServices.TaskAwaiter.HandleNonSuccessAndDebuggerNotification(Task task)
   en Npgsql.Internal.NpgsqlConnector.<<Open>g__OpenCore|211_1>d.MoveNext()
--- Fin del seguimiento de la pila de la ubicación anterior donde se produjo la excepción ---
   en System.Runtime.ExceptionServices.ExceptionDispatchInfo.Throw()
   en System.Runtime.CompilerServices.TaskAwaiter.HandleNonSuccessAndDebuggerNotification(Task task)
   en Npgsql.Internal.NpgsqlConnector.<Open>d__211.MoveNext()
--- Fin del seguimiento de la pila de la ubicación anterior donde se produjo la excepción ---
   en System.Runtime.ExceptionServices.ExceptionDispatchInfo.Throw()
   en Npgsql.PoolingDataSource.<OpenNewConnector>d__37.MoveNext()
--- Fin del seguimiento de la pila de la ubicación anterior donde se produjo la excepción ---
   en System.Runtime.ExceptionServices.ExceptionDispatchInfo.Throw()
   en System.Runtime.CompilerServices.TaskAwaiter.HandleNonSuccessAndDebuggerNotification(Task task)
   en Npgsql.PoolingDataSource.<<Get>g__RentAsync|34_0>d.MoveNext()
--- Fin del seguimiento de la pila de la ubicación anterior donde se produjo la excepción ---
   en System.Runtime.ExceptionServices.ExceptionDispatchInfo.Throw()
   en System.Runtime.CompilerServices.TaskAwaiter.HandleNonSuccessAndDebuggerNotification(Task task)
   en Npgsql.NpgsqlConnection.<<Open>g__OpenAsync|42_0>d.MoveNext()
--- Fin del seguimiento de la pila de la ubicación anterior donde se produjo la excepción ---
   en System.Runtime.ExceptionServices.ExceptionDispatchInfo.Throw()
   en System.Runtime.CompilerServices.TaskAwaiter.HandleNonSuccessAndDebuggerNotification(Task task)
   en Npgsql.NpgsqlConnection.Open()
   en CapaDatos.DAOs.UsuarioDAO.ObtenerPorNombreUsuario(String loginInput) en C:\AOCR\AOCR\AOCR05-01-2026\AOCR1\AOCR\CapaDatos\DAOs\UsuarioDAO.cs:línea 47
   en CapaNegocio.UsuarioBL.Autenticar(String nombreUsuario, String contrasena, Usuario& usuario, List`1& roles, String& mensaje, Boolean actualizarUltimaConexion) en C:\AOCR\AOCR\AOCR05-01-2026\AOCR1\AOCR\CapaNegocio\UsuarioBL.cs:línea 170
   en CapaPresentacion.Controllers.AccountController.Login(LoginViewModel model, String returnUrl) en C:\AOCR\AOCR\AOCR05-01-2026\AOCR1\AOCR\CapaPresentacion\Controllers\AccountController.cs:línea 84
   en lambda_method(Closure , ControllerBase , Object[] )
   en System.Web.Mvc.ControllerActionInvoker.InvokeActionMethod(ControllerContext controllerContext, ActionDescriptor actionDescriptor, IDictionary`2 parameters)
   en System.Web.Mvc.Async.AsyncControllerActionInvoker.<>c.<BeginInvokeSynchronousActionMethod>b__9_0(IAsyncResult asyncResult, ActionInvocation innerInvokeState)
   en System.Web.Mvc.Async.AsyncResultWrapper.WrappedAsyncResult`2.CallEndDelegate(IAsyncResult asyncResult)
   en System.Web.Mvc.Async.AsyncControllerActionInvoker.EndInvokeActionMethod(IAsyncResult asyncResult)
   en System.Web.Mvc.Async.AsyncControllerActionInvoker.AsyncInvocationWithFilters.<>c__DisplayClass11_0.<InvokeActionMethodFilterAsynchronouslyRecursive>b__0()
   en System.Web.Mvc.Async.AsyncControllerActionInvoker.AsyncInvocationWithFilters.<>c__DisplayClass11_2.<InvokeActionMethodFilterAsynchronouslyRecursive>b__2()
   en System.Web.Mvc.Async.AsyncControllerActionInvoker.AsyncInvocationWithFilters.<>c__DisplayClass11_2.<InvokeActionMethodFilterAsynchronouslyRecursive>b__2()
   en System.Web.Mvc.Async.AsyncControllerActionInvoker.AsyncInvocationWithFilters.<>c__DisplayClass11_2.<InvokeActionMethodFilterAsynchronouslyRecursive>b__2()
   en System.Web.Mvc.Async.AsyncControllerActionInvoker.EndInvokeActionMethodWithFilters(IAsyncResult asyncResult)
   en System.Web.Mvc.Async.AsyncControllerActionInvoker.<>c__DisplayClass3_6.<BeginInvokeAction>b__4()
   en System.Web.Mvc.Async.AsyncControllerActionInvoker.<>c__DisplayClass3_1.<BeginInvokeAction>b__1(IAsyncResult asyncResult)

2026-04-10 12:38:15.930 | Account/Login
Npgsql.NpgsqlException (0x80004005): Failed to connect to 172.20.16.55:5432 ---> System.TimeoutException: Timeout during connection attempt
   en Npgsql.Internal.NpgsqlConnector.Connect(NpgsqlTimeout timeout)
   en Npgsql.Internal.NpgsqlConnector.Connect(NpgsqlTimeout timeout)
   en Npgsql.Internal.NpgsqlConnector.<RawOpen>d__215.MoveNext()
--- Fin del seguimiento de la pila de la ubicación anterior donde se produjo la excepción ---
   en System.Runtime.ExceptionServices.ExceptionDispatchInfo.Throw()
   en System.Runtime.CompilerServices.TaskAwaiter.HandleNonSuccessAndDebuggerNotification(Task task)
   en Npgsql.Internal.NpgsqlConnector.<<Open>g__OpenCore|211_1>d.MoveNext()
--- Fin del seguimiento de la pila de la ubicación anterior donde se produjo la excepción ---
   en System.Runtime.ExceptionServices.ExceptionDispatchInfo.Throw()
   en System.Runtime.CompilerServices.TaskAwaiter.HandleNonSuccessAndDebuggerNotification(Task task)
   en Npgsql.Internal.NpgsqlConnector.<Open>d__211.MoveNext()
--- Fin del seguimiento de la pila de la ubicación anterior donde se produjo la excepción ---
   en System.Runtime.ExceptionServices.ExceptionDispatchInfo.Throw()
   en Npgsql.PoolingDataSource.<OpenNewConnector>d__37.MoveNext()
--- Fin del seguimiento de la pila de la ubicación anterior donde se produjo la excepción ---
   en System.Runtime.ExceptionServices.ExceptionDispatchInfo.Throw()
   en System.Runtime.CompilerServices.TaskAwaiter.HandleNonSuccessAndDebuggerNotification(Task task)
   en Npgsql.PoolingDataSource.<<Get>g__RentAsync|34_0>d.MoveNext()
--- Fin del seguimiento de la pila de la ubicación anterior donde se produjo la excepción ---
   en System.Runtime.ExceptionServices.ExceptionDispatchInfo.Throw()
   en System.Runtime.CompilerServices.TaskAwaiter.HandleNonSuccessAndDebuggerNotification(Task task)
   en Npgsql.NpgsqlConnection.<<Open>g__OpenAsync|42_0>d.MoveNext()
--- Fin del seguimiento de la pila de la ubicación anterior donde se produjo la excepción ---
   en System.Runtime.ExceptionServices.ExceptionDispatchInfo.Throw()
   en System.Runtime.CompilerServices.TaskAwaiter.HandleNonSuccessAndDebuggerNotification(Task task)
   en Npgsql.NpgsqlConnection.Open()
   en CapaDatos.DAOs.UsuarioDAO.ObtenerPorNombreUsuario(String loginInput) en C:\AOCR\AOCR\AOCR05-01-2026\AOCR1\AOCR\CapaDatos\DAOs\UsuarioDAO.cs:línea 47
   en CapaNegocio.UsuarioBL.Autenticar(String nombreUsuario, String contrasena, Usuario& usuario, List`1& roles, String& mensaje, Boolean actualizarUltimaConexion) en C:\AOCR\AOCR\AOCR05-01-2026\AOCR1\AOCR\CapaNegocio\UsuarioBL.cs:línea 170
   en CapaPresentacion.Controllers.AccountController.Login(LoginViewModel model, String returnUrl) en C:\AOCR\AOCR\AOCR05-01-2026\AOCR1\AOCR\CapaPresentacion\Controllers\AccountController.cs:línea 84
   en lambda_method(Closure , ControllerBase , Object[] )
   en System.Web.Mvc.ControllerActionInvoker.InvokeActionMethod(ControllerContext controllerContext, ActionDescriptor actionDescriptor, IDictionary`2 parameters)
   en System.Web.Mvc.Async.AsyncControllerActionInvoker.<>c.<BeginInvokeSynchronousActionMethod>b__9_0(IAsyncResult asyncResult, ActionInvocation innerInvokeState)
   en System.Web.Mvc.Async.AsyncResultWrapper.WrappedAsyncResult`2.CallEndDelegate(IAsyncResult asyncResult)
   en System.Web.Mvc.Async.AsyncControllerActionInvoker.EndInvokeActionMethod(IAsyncResult asyncResult)
   en System.Web.Mvc.Async.AsyncControllerActionInvoker.AsyncInvocationWithFilters.<>c__DisplayClass11_0.<InvokeActionMethodFilterAsynchronouslyRecursive>b__0()
   en System.Web.Mvc.Async.AsyncControllerActionInvoker.AsyncInvocationWithFilters.<>c__DisplayClass11_2.<InvokeActionMethodFilterAsynchronouslyRecursive>b__2()
   en System.Web.Mvc.Async.AsyncControllerActionInvoker.AsyncInvocationWithFilters.<>c__DisplayClass11_2.<InvokeActionMethodFilterAsynchronouslyRecursive>b__2()
   en System.Web.Mvc.Async.AsyncControllerActionInvoker.AsyncInvocationWithFilters.<>c__DisplayClass11_2.<InvokeActionMethodFilterAsynchronouslyRecursive>b__2()
   en System.Web.Mvc.Async.AsyncControllerActionInvoker.EndInvokeActionMethodWithFilters(IAsyncResult asyncResult)
   en System.Web.Mvc.Async.AsyncControllerActionInvoker.<>c__DisplayClass3_6.<BeginInvokeAction>b__4()
   en System.Web.Mvc.Async.AsyncControllerActionInvoker.<>c__DisplayClass3_1.<BeginInvokeAction>b__1(IAsyncResult asyncResult)

2026-04-10 12:38:45.107 | Account/Login
Npgsql.NpgsqlException (0x80004005): Failed to connect to 172.20.16.55:5432 ---> System.TimeoutException: Timeout during connection attempt
   en Npgsql.Internal.NpgsqlConnector.Connect(NpgsqlTimeout timeout)
   en Npgsql.Internal.NpgsqlConnector.Connect(NpgsqlTimeout timeout)
   en Npgsql.Internal.NpgsqlConnector.<RawOpen>d__215.MoveNext()
--- Fin del seguimiento de la pila de la ubicación anterior donde se produjo la excepción ---
   en System.Runtime.ExceptionServices.ExceptionDispatchInfo.Throw()
   en System.Runtime.CompilerServices.TaskAwaiter.HandleNonSuccessAndDebuggerNotification(Task task)
   en Npgsql.Internal.NpgsqlConnector.<<Open>g__OpenCore|211_1>d.MoveNext()
--- Fin del seguimiento de la pila de la ubicación anterior donde se produjo la excepción ---
   en System.Runtime.ExceptionServices.ExceptionDispatchInfo.Throw()
   en System.Runtime.CompilerServices.TaskAwaiter.HandleNonSuccessAndDebuggerNotification(Task task)
   en Npgsql.Internal.NpgsqlConnector.<Open>d__211.MoveNext()
--- Fin del seguimiento de la pila de la ubicación anterior donde se produjo la excepción ---
   en System.Runtime.ExceptionServices.ExceptionDispatchInfo.Throw()
   en Npgsql.PoolingDataSource.<OpenNewConnector>d__37.MoveNext()
--- Fin del seguimiento de la pila de la ubicación anterior donde se produjo la excepción ---
   en System.Runtime.ExceptionServices.ExceptionDispatchInfo.Throw()
   en System.Runtime.CompilerServices.TaskAwaiter.HandleNonSuccessAndDebuggerNotification(Task task)
   en Npgsql.PoolingDataSource.<<Get>g__RentAsync|34_0>d.MoveNext()
--- Fin del seguimiento de la pila de la ubicación anterior donde se produjo la excepción ---
   en System.Runtime.ExceptionServices.ExceptionDispatchInfo.Throw()
   en System.Runtime.CompilerServices.TaskAwaiter.HandleNonSuccessAndDebuggerNotification(Task task)
   en Npgsql.NpgsqlConnection.<<Open>g__OpenAsync|42_0>d.MoveNext()
--- Fin del seguimiento de la pila de la ubicación anterior donde se produjo la excepción ---
   en System.Runtime.ExceptionServices.ExceptionDispatchInfo.Throw()
   en System.Runtime.CompilerServices.TaskAwaiter.HandleNonSuccessAndDebuggerNotification(Task task)
   en Npgsql.NpgsqlConnection.Open()
   en CapaDatos.DAOs.UsuarioDAO.ObtenerPorNombreUsuario(String loginInput) en C:\AOCR\AOCR\AOCR05-01-2026\AOCR1\AOCR\CapaDatos\DAOs\UsuarioDAO.cs:línea 47
   en CapaNegocio.UsuarioBL.Autenticar(String nombreUsuario, String contrasena, Usuario& usuario, List`1& roles, String& mensaje, Boolean actualizarUltimaConexion) en C:\AOCR\AOCR\AOCR05-01-2026\AOCR1\AOCR\CapaNegocio\UsuarioBL.cs:línea 170
   en CapaPresentacion.Controllers.AccountController.Login(LoginViewModel model, String returnUrl) en C:\AOCR\AOCR\AOCR05-01-2026\AOCR1\AOCR\CapaPresentacion\Controllers\AccountController.cs:línea 84
   en lambda_method(Closure , ControllerBase , Object[] )
   en System.Web.Mvc.ControllerActionInvoker.InvokeActionMethod(ControllerContext controllerContext, ActionDescriptor actionDescriptor, IDictionary`2 parameters)
   en System.Web.Mvc.Async.AsyncControllerActionInvoker.<>c.<BeginInvokeSynchronousActionMethod>b__9_0(IAsyncResult asyncResult, ActionInvocation innerInvokeState)
   en System.Web.Mvc.Async.AsyncResultWrapper.WrappedAsyncResult`2.CallEndDelegate(IAsyncResult asyncResult)
   en System.Web.Mvc.Async.AsyncControllerActionInvoker.EndInvokeActionMethod(IAsyncResult asyncResult)
   en System.Web.Mvc.Async.AsyncControllerActionInvoker.AsyncInvocationWithFilters.<>c__DisplayClass11_0.<InvokeActionMethodFilterAsynchronouslyRecursive>b__0()
   en System.Web.Mvc.Async.AsyncControllerActionInvoker.AsyncInvocationWithFilters.<>c__DisplayClass11_2.<InvokeActionMethodFilterAsynchronouslyRecursive>b__2()
   en System.Web.Mvc.Async.AsyncControllerActionInvoker.AsyncInvocationWithFilters.<>c__DisplayClass11_2.<InvokeActionMethodFilterAsynchronouslyRecursive>b__2()
   en System.Web.Mvc.Async.AsyncControllerActionInvoker.AsyncInvocationWithFilters.<>c__DisplayClass11_2.<InvokeActionMethodFilterAsynchronouslyRecursive>b__2()
   en System.Web.Mvc.Async.AsyncControllerActionInvoker.EndInvokeActionMethodWithFilters(IAsyncResult asyncResult)
   en System.Web.Mvc.Async.AsyncControllerActionInvoker.<>c__DisplayClass3_6.<BeginInvokeAction>b__4()
   en System.Web.Mvc.Async.AsyncControllerActionInvoker.<>c__DisplayClass3_1.<BeginInvokeAction>b__1(IAsyncResult asyncResult)

2026-04-10 13:44:10.170 | Certificado/Generar
Npgsql.PostgresException (0x80004005): 23514: new row for relation "aocr_tbcertificado" violates check constraint "chk_estado_certificado"

DETAIL: Detail redacted as it may contain sensitive data. Specify 'Include Error Detail' in the connection string to include this information.
   en Npgsql.Internal.NpgsqlConnector.<ReadMessageLong>d__231.MoveNext()
--- Fin del seguimiento de la pila de la ubicación anterior donde se produjo la excepción ---
   en System.Runtime.ExceptionServices.ExceptionDispatchInfo.Throw()
   en System.Runtime.CompilerServices.TaskAwaiter.HandleNonSuccessAndDebuggerNotification(Task task)
   en Npgsql.NpgsqlDataReader.<<ReadMessage>g__ReadMessageSequential|49_0>d.MoveNext()
--- Fin del seguimiento de la pila de la ubicación anterior donde se produjo la excepción ---
   en System.Runtime.ExceptionServices.ExceptionDispatchInfo.Throw()
   en Npgsql.NpgsqlDataReader.<NextResult>d__52.MoveNext()
--- Fin del seguimiento de la pila de la ubicación anterior donde se produjo la excepción ---
   en System.Runtime.ExceptionServices.ExceptionDispatchInfo.Throw()
   en Npgsql.NpgsqlDataReader.<NextResult>d__52.MoveNext()
--- Fin del seguimiento de la pila de la ubicación anterior donde se produjo la excepción ---
   en System.Runtime.ExceptionServices.ExceptionDispatchInfo.Throw()
   en System.Runtime.CompilerServices.TaskAwaiter.HandleNonSuccessAndDebuggerNotification(Task task)
   en Npgsql.NpgsqlDataReader.NextResult()
   en Npgsql.NpgsqlCommand.<ExecuteReader>d__119.MoveNext()
--- Fin del seguimiento de la pila de la ubicación anterior donde se produjo la excepción ---
   en System.Runtime.ExceptionServices.ExceptionDispatchInfo.Throw()
   en Npgsql.NpgsqlCommand.<ExecuteReader>d__119.MoveNext()
--- Fin del seguimiento de la pila de la ubicación anterior donde se produjo la excepción ---
   en System.Runtime.ExceptionServices.ExceptionDispatchInfo.Throw()
   en System.Runtime.CompilerServices.TaskAwaiter.HandleNonSuccessAndDebuggerNotification(Task task)
   en Npgsql.NpgsqlCommand.<ExecuteScalar>d__110.MoveNext()
--- Fin del seguimiento de la pila de la ubicación anterior donde se produjo la excepción ---
   en System.Runtime.ExceptionServices.ExceptionDispatchInfo.Throw()
   en System.Runtime.CompilerServices.TaskAwaiter.HandleNonSuccessAndDebuggerNotification(Task task)
   en Npgsql.NpgsqlCommand.ExecuteScalar()
   en CapaDatos.DAOs.CertificadoDAO.Crear(Certificado cert) en C:\AOCR\AOCR\AOCR05-01-2026\AOCR1\AOCR\CapaDatos\DAOs\CertificadoDAO.cs:línea 99
   en CapaNegocio.CertificadoBL.GenerarCertificado(Int32 solicitudId, String usuario) en C:\AOCR\AOCR\AOCR05-01-2026\AOCR1\AOCR\CapaNegocio\CertificadoBL.cs:línea 39
   en CapaPresentacion.Controllers.CertificadoController.Generar(Int32 solicitudId) en C:\AOCR\AOCR\AOCR05-01-2026\AOCR1\AOCR\CapaPresentacion\Controllers\6_CertificadoController.cs:línea 38
   en lambda_method(Closure , ControllerBase , Object[] )
   en System.Web.Mvc.ControllerActionInvoker.InvokeActionMethod(ControllerContext controllerContext, ActionDescriptor actionDescriptor, IDictionary`2 parameters)
   en System.Web.Mvc.Async.AsyncControllerActionInvoker.<>c.<BeginInvokeSynchronousActionMethod>b__9_0(IAsyncResult asyncResult, ActionInvocation innerInvokeState)
   en System.Web.Mvc.Async.AsyncResultWrapper.WrappedAsyncResult`2.CallEndDelegate(IAsyncResult asyncResult)
   en System.Web.Mvc.Async.AsyncControllerActionInvoker.EndInvokeActionMethod(IAsyncResult asyncResult)
   en System.Web.Mvc.Async.AsyncControllerActionInvoker.AsyncInvocationWithFilters.<>c__DisplayClass11_0.<InvokeActionMethodFilterAsynchronouslyRecursive>b__0()
   en System.Web.Mvc.Async.AsyncControllerActionInvoker.AsyncInvocationWithFilters.<>c__DisplayClass11_2.<InvokeActionMethodFilterAsynchronouslyRecursive>b__2()
   en System.Web.Mvc.Async.AsyncControllerActionInvoker.AsyncInvocationWithFilters.<>c__DisplayClass11_2.<InvokeActionMethodFilterAsynchronouslyRecursive>b__2()
   en System.Web.Mvc.Async.AsyncControllerActionInvoker.AsyncInvocationWithFilters.<>c__DisplayClass11_2.<InvokeActionMethodFilterAsynchronouslyRecursive>b__2()
   en System.Web.Mvc.Async.AsyncControllerActionInvoker.EndInvokeActionMethodWithFilters(IAsyncResult asyncResult)
   en System.Web.Mvc.Async.AsyncControllerActionInvoker.<>c__DisplayClass3_6.<BeginInvokeAction>b__4()
   en System.Web.Mvc.Async.AsyncControllerActionInvoker.<>c__DisplayClass3_1.<BeginInvokeAction>b__1(IAsyncResult asyncResult)
  Exception data:
    Severity: ERROR
    SqlState: 23514
    MessageText: new row for relation "aocr_tbcertificado" violates check constraint "chk_estado_certificado"
    Detail: Detail redacted as it may contain sensitive data. Specify 'Include Error Detail' in the connection string to include this information.
    SchemaName: public
    TableName: aocr_tbcertificado
    ConstraintName: chk_estado_certificado
    File: execMain.c
    Line: 2057
    Routine: ExecConstraints

2026-04-10 14:11:15.566 | Certificado/GenerarCertificadoPdf
Npgsql.PostgresException (0x80004005): 23514: new row for relation "aocr_tbcertificado" violates check constraint "chk_estado_certificado"

DETAIL: Detail redacted as it may contain sensitive data. Specify 'Include Error Detail' in the connection string to include this information.
   en Npgsql.Internal.NpgsqlConnector.<ReadMessageLong>d__231.MoveNext()
--- Fin del seguimiento de la pila de la ubicación anterior donde se produjo la excepción ---
   en System.Runtime.ExceptionServices.ExceptionDispatchInfo.Throw()
   en System.Runtime.CompilerServices.TaskAwaiter.HandleNonSuccessAndDebuggerNotification(Task task)
   en Npgsql.NpgsqlDataReader.<<ReadMessage>g__ReadMessageSequential|49_0>d.MoveNext()
--- Fin del seguimiento de la pila de la ubicación anterior donde se produjo la excepción ---
   en System.Runtime.ExceptionServices.ExceptionDispatchInfo.Throw()
   en Npgsql.NpgsqlDataReader.<NextResult>d__52.MoveNext()
--- Fin del seguimiento de la pila de la ubicación anterior donde se produjo la excepción ---
   en System.Runtime.ExceptionServices.ExceptionDispatchInfo.Throw()
   en Npgsql.NpgsqlDataReader.<NextResult>d__52.MoveNext()
--- Fin del seguimiento de la pila de la ubicación anterior donde se produjo la excepción ---
   en System.Runtime.ExceptionServices.ExceptionDispatchInfo.Throw()
   en System.Runtime.CompilerServices.TaskAwaiter.HandleNonSuccessAndDebuggerNotification(Task task)
   en Npgsql.NpgsqlDataReader.NextResult()
   en Npgsql.NpgsqlCommand.<ExecuteReader>d__119.MoveNext()
--- Fin del seguimiento de la pila de la ubicación anterior donde se produjo la excepción ---
   en System.Runtime.ExceptionServices.ExceptionDispatchInfo.Throw()
   en Npgsql.NpgsqlCommand.<ExecuteReader>d__119.MoveNext()
--- Fin del seguimiento de la pila de la ubicación anterior donde se produjo la excepción ---
   en System.Runtime.ExceptionServices.ExceptionDispatchInfo.Throw()
   en System.Runtime.CompilerServices.TaskAwaiter.HandleNonSuccessAndDebuggerNotification(Task task)
   en Npgsql.NpgsqlCommand.<ExecuteScalar>d__110.MoveNext()
--- Fin del seguimiento de la pila de la ubicación anterior donde se produjo la excepción ---
   en System.Runtime.ExceptionServices.ExceptionDispatchInfo.Throw()
   en System.Runtime.CompilerServices.TaskAwaiter.HandleNonSuccessAndDebuggerNotification(Task task)
   en Npgsql.NpgsqlCommand.ExecuteScalar()
   en CapaDatos.DAOs.CertificadoDAO.Crear(Certificado cert) en C:\AOCR\AOCR\AOCR05-01-2026\AOCR1\AOCR\CapaDatos\DAOs\CertificadoDAO.cs:línea 99
   en CapaNegocio.CertificadoBL.GenerarCertificado(Int32 solicitudId, String usuario) en C:\AOCR\AOCR\AOCR05-01-2026\AOCR1\AOCR\CapaNegocio\CertificadoBL.cs:línea 39
   en CapaPresentacion.Controllers.CertificadoController.GenerarCertificadoPdf(Int32 solicitudId) en C:\AOCR\AOCR\AOCR05-01-2026\AOCR1\AOCR\CapaPresentacion\Controllers\6_CertificadoController.cs:línea 155
   en lambda_method(Closure , ControllerBase , Object[] )
   en System.Web.Mvc.ControllerActionInvoker.InvokeActionMethod(ControllerContext controllerContext, ActionDescriptor actionDescriptor, IDictionary`2 parameters)
   en System.Web.Mvc.Async.AsyncControllerActionInvoker.<>c.<BeginInvokeSynchronousActionMethod>b__9_0(IAsyncResult asyncResult, ActionInvocation innerInvokeState)
   en System.Web.Mvc.Async.AsyncResultWrapper.WrappedAsyncResult`2.CallEndDelegate(IAsyncResult asyncResult)
   en System.Web.Mvc.Async.AsyncControllerActionInvoker.EndInvokeActionMethod(IAsyncResult asyncResult)
   en System.Web.Mvc.Async.AsyncControllerActionInvoker.AsyncInvocationWithFilters.<>c__DisplayClass11_0.<InvokeActionMethodFilterAsynchronouslyRecursive>b__0()
   en System.Web.Mvc.Async.AsyncControllerActionInvoker.AsyncInvocationWithFilters.<>c__DisplayClass11_2.<InvokeActionMethodFilterAsynchronouslyRecursive>b__2()
   en System.Web.Mvc.Async.AsyncControllerActionInvoker.AsyncInvocationWithFilters.<>c__DisplayClass11_2.<InvokeActionMethodFilterAsynchronouslyRecursive>b__2()
   en System.Web.Mvc.Async.AsyncControllerActionInvoker.AsyncInvocationWithFilters.<>c__DisplayClass11_2.<InvokeActionMethodFilterAsynchronouslyRecursive>b__2()
   en System.Web.Mvc.Async.AsyncControllerActionInvoker.EndInvokeActionMethodWithFilters(IAsyncResult asyncResult)
   en System.Web.Mvc.Async.AsyncControllerActionInvoker.<>c__DisplayClass3_6.<BeginInvokeAction>b__4()
   en System.Web.Mvc.Async.AsyncControllerActionInvoker.<>c__DisplayClass3_1.<BeginInvokeAction>b__1(IAsyncResult asyncResult)
  Exception data:
    Severity: ERROR
    SqlState: 23514
    MessageText: new row for relation "aocr_tbcertificado" violates check constraint "chk_estado_certificado"
    Detail: Detail redacted as it may contain sensitive data. Specify 'Include Error Detail' in the connection string to include this information.
    SchemaName: public
    TableName: aocr_tbcertificado
    ConstraintName: chk_estado_certificado
    File: execMain.c
    Line: 2057
    Routine: ExecConstraints

2026-04-10 14:13:10.689 | Certificado/GenerarCertificadoPdf
Npgsql.PostgresException (0x80004005): 23514: new row for relation "aocr_tbcertificado" violates check constraint "chk_estado_certificado"

DETAIL: Detail redacted as it may contain sensitive data. Specify 'Include Error Detail' in the connection string to include this information.
   en Npgsql.Internal.NpgsqlConnector.<ReadMessageLong>d__231.MoveNext()
--- Fin del seguimiento de la pila de la ubicación anterior donde se produjo la excepción ---
   en System.Runtime.ExceptionServices.ExceptionDispatchInfo.Throw()
   en System.Runtime.CompilerServices.TaskAwaiter.HandleNonSuccessAndDebuggerNotification(Task task)
   en Npgsql.NpgsqlDataReader.<<ReadMessage>g__ReadMessageSequential|49_0>d.MoveNext()
--- Fin del seguimiento de la pila de la ubicación anterior donde se produjo la excepción ---
   en System.Runtime.ExceptionServices.ExceptionDispatchInfo.Throw()
   en Npgsql.NpgsqlDataReader.<NextResult>d__52.MoveNext()
--- Fin del seguimiento de la pila de la ubicación anterior donde se produjo la excepción ---
   en System.Runtime.ExceptionServices.ExceptionDispatchInfo.Throw()
   en Npgsql.NpgsqlDataReader.<NextResult>d__52.MoveNext()
--- Fin del seguimiento de la pila de la ubicación anterior donde se produjo la excepción ---
   en System.Runtime.ExceptionServices.ExceptionDispatchInfo.Throw()
   en System.Runtime.CompilerServices.TaskAwaiter.HandleNonSuccessAndDebuggerNotification(Task task)
   en Npgsql.NpgsqlDataReader.NextResult()
   en Npgsql.NpgsqlCommand.<ExecuteReader>d__119.MoveNext()
--- Fin del seguimiento de la pila de la ubicación anterior donde se produjo la excepción ---
   en System.Runtime.ExceptionServices.ExceptionDispatchInfo.Throw()
   en Npgsql.NpgsqlCommand.<ExecuteReader>d__119.MoveNext()
--- Fin del seguimiento de la pila de la ubicación anterior donde se produjo la excepción ---
   en System.Runtime.ExceptionServices.ExceptionDispatchInfo.Throw()
   en System.Runtime.CompilerServices.TaskAwaiter.HandleNonSuccessAndDebuggerNotification(Task task)
   en Npgsql.NpgsqlCommand.<ExecuteScalar>d__110.MoveNext()
--- Fin del seguimiento de la pila de la ubicación anterior donde se produjo la excepción ---
   en System.Runtime.ExceptionServices.ExceptionDispatchInfo.Throw()
   en System.Runtime.CompilerServices.TaskAwaiter.HandleNonSuccessAndDebuggerNotification(Task task)
   en Npgsql.NpgsqlCommand.ExecuteScalar()
   en CapaDatos.DAOs.CertificadoDAO.Crear(Certificado cert) en C:\AOCR\AOCR\AOCR05-01-2026\AOCR1\AOCR\CapaDatos\DAOs\CertificadoDAO.cs:línea 99
   en CapaNegocio.CertificadoBL.GenerarCertificado(Int32 solicitudId, String usuario) en C:\AOCR\AOCR\AOCR05-01-2026\AOCR1\AOCR\CapaNegocio\CertificadoBL.cs:línea 39
   en CapaPresentacion.Controllers.CertificadoController.GenerarCertificadoPdf(Int32 solicitudId) en C:\AOCR\AOCR\AOCR05-01-2026\AOCR1\AOCR\CapaPresentacion\Controllers\6_CertificadoController.cs:línea 155
   en lambda_method(Closure , ControllerBase , Object[] )
   en System.Web.Mvc.ControllerActionInvoker.InvokeActionMethod(ControllerContext controllerContext, ActionDescriptor actionDescriptor, IDictionary`2 parameters)
   en System.Web.Mvc.Async.AsyncControllerActionInvoker.<>c.<BeginInvokeSynchronousActionMethod>b__9_0(IAsyncResult asyncResult, ActionInvocation innerInvokeState)
   en System.Web.Mvc.Async.AsyncResultWrapper.WrappedAsyncResult`2.CallEndDelegate(IAsyncResult asyncResult)
   en System.Web.Mvc.Async.AsyncControllerActionInvoker.EndInvokeActionMethod(IAsyncResult asyncResult)
   en System.Web.Mvc.Async.AsyncControllerActionInvoker.AsyncInvocationWithFilters.<>c__DisplayClass11_0.<InvokeActionMethodFilterAsynchronouslyRecursive>b__0()
   en System.Web.Mvc.Async.AsyncControllerActionInvoker.AsyncInvocationWithFilters.<>c__DisplayClass11_2.<InvokeActionMethodFilterAsynchronouslyRecursive>b__2()
   en System.Web.Mvc.Async.AsyncControllerActionInvoker.AsyncInvocationWithFilters.<>c__DisplayClass11_2.<InvokeActionMethodFilterAsynchronouslyRecursive>b__2()
   en System.Web.Mvc.Async.AsyncControllerActionInvoker.AsyncInvocationWithFilters.<>c__DisplayClass11_2.<InvokeActionMethodFilterAsynchronouslyRecursive>b__2()
   en System.Web.Mvc.Async.AsyncControllerActionInvoker.EndInvokeActionMethodWithFilters(IAsyncResult asyncResult)
   en System.Web.Mvc.Async.AsyncControllerActionInvoker.<>c__DisplayClass3_6.<BeginInvokeAction>b__4()
   en System.Web.Mvc.Async.AsyncControllerActionInvoker.<>c__DisplayClass3_1.<BeginInvokeAction>b__1(IAsyncResult asyncResult)
  Exception data:
    Severity: ERROR
    SqlState: 23514
    MessageText: new row for relation "aocr_tbcertificado" violates check constraint "chk_estado_certificado"
    Detail: Detail redacted as it may contain sensitive data. Specify 'Include Error Detail' in the connection string to include this information.
    SchemaName: public
    TableName: aocr_tbcertificado
    ConstraintName: chk_estado_certificado
    File: execMain.c
    Line: 2057
    Routine: ExecConstraints

2026-04-13 15:09:06.940 | Account/Login
System.Web.HttpCompileException (0x80004005): c:\AOCR\AOCR\AOCR05-01-2026\AOCR1\AOCR\CapaPresentacion\Views\Account\Login.cshtml(160): error CS0012: El tipo 'System.Object' está definido en un ensamblado al que no se hace referencia. Debe agregar una referencia al ensamblado 'netstandard, Version=2.0.0.0, Culture=neutral, PublicKeyToken=cc7b13ffcd2ddd51'.
   en System.Web.Compilation.AssemblyBuilder.Compile()
   en System.Web.Compilation.BuildProvidersCompiler.PerformBuild()
   en System.Web.Compilation.BuildManager.CompileWebFile(VirtualPath virtualPath)
   en System.Web.Compilation.BuildManager.GetVPathBuildResultInternal(VirtualPath virtualPath, Boolean noBuild, Boolean allowCrossApp, Boolean allowBuildInPrecompile, Boolean throwIfNotFound, Boolean ensureIsUpToDate)
   en System.Web.Compilation.BuildManager.GetVPathBuildResultWithNoAssert(HttpContext context, VirtualPath virtualPath, Boolean noBuild, Boolean allowCrossApp, Boolean allowBuildInPrecompile, Boolean throwIfNotFound, Boolean ensureIsUpToDate)
   en System.Web.Compilation.BuildManager.GetVirtualPathObjectFactory(VirtualPath virtualPath, HttpContext context, Boolean allowCrossApp, Boolean throwIfNotFound)
   en System.Web.Compilation.BuildManager.GetCompiledType(VirtualPath virtualPath)
   en System.Web.Mvc.BuildManagerCompiledView.Render(ViewContext viewContext, TextWriter writer)
   en System.Web.Mvc.ViewResultBase.ExecuteResult(ControllerContext context)
   en System.Web.Mvc.ControllerActionInvoker.InvokeActionResultFilterRecursive(IList`1 filters, Int32 filterIndex, ResultExecutingContext preContext, ControllerContext controllerContext, ActionResult actionResult)
   en System.Web.Mvc.ControllerActionInvoker.InvokeActionResultFilterRecursive(IList`1 filters, Int32 filterIndex, ResultExecutingContext preContext, ControllerContext controllerContext, ActionResult actionResult)
   en System.Web.Mvc.ControllerActionInvoker.InvokeActionResultFilterRecursive(IList`1 filters, Int32 filterIndex, ResultExecutingContext preContext, ControllerContext controllerContext, ActionResult actionResult)
   en System.Web.Mvc.ControllerActionInvoker.InvokeActionResultFilterRecursive(IList`1 filters, Int32 filterIndex, ResultExecutingContext preContext, ControllerContext controllerContext, ActionResult actionResult)
   en System.Web.Mvc.ControllerActionInvoker.InvokeActionResultWithFilters(ControllerContext controllerContext, IList`1 filters, ActionResult actionResult)
   en System.Web.Mvc.Async.AsyncControllerActionInvoker.<>c__DisplayClass3_1.<BeginInvokeAction>b__1(IAsyncResult asyncResult)

2026-04-13 15:09:27.446 | Account/Login
System.Web.HttpCompileException (0x80004005): c:\AOCR\AOCR\AOCR05-01-2026\AOCR1\AOCR\CapaPresentacion\Views\Account\Login.cshtml(160): error CS0012: El tipo 'System.Object' está definido en un ensamblado al que no se hace referencia. Debe agregar una referencia al ensamblado 'netstandard, Version=2.0.0.0, Culture=neutral, PublicKeyToken=cc7b13ffcd2ddd51'.
   en System.Web.Compilation.AssemblyBuilder.Compile()
   en System.Web.Compilation.BuildProvidersCompiler.PerformBuild()
   en System.Web.Compilation.BuildManager.CompileWebFile(VirtualPath virtualPath)
   en System.Web.Compilation.BuildManager.GetVPathBuildResultInternal(VirtualPath virtualPath, Boolean noBuild, Boolean allowCrossApp, Boolean allowBuildInPrecompile, Boolean throwIfNotFound, Boolean ensureIsUpToDate)
   en System.Web.Compilation.BuildManager.GetVPathBuildResultWithNoAssert(HttpContext context, VirtualPath virtualPath, Boolean noBuild, Boolean allowCrossApp, Boolean allowBuildInPrecompile, Boolean throwIfNotFound, Boolean ensureIsUpToDate)
   en System.Web.Compilation.BuildManager.GetVirtualPathObjectFactory(VirtualPath virtualPath, HttpContext context, Boolean allowCrossApp, Boolean throwIfNotFound)
   en System.Web.Compilation.BuildManager.GetCompiledType(VirtualPath virtualPath)
   en System.Web.Mvc.BuildManagerCompiledView.Render(ViewContext viewContext, TextWriter writer)
   en System.Web.Mvc.ViewResultBase.ExecuteResult(ControllerContext context)
   en System.Web.Mvc.ControllerActionInvoker.InvokeActionResultFilterRecursive(IList`1 filters, Int32 filterIndex, ResultExecutingContext preContext, ControllerContext controllerContext, ActionResult actionResult)
   en System.Web.Mvc.ControllerActionInvoker.InvokeActionResultFilterRecursive(IList`1 filters, Int32 filterIndex, ResultExecutingContext preContext, ControllerContext controllerContext, ActionResult actionResult)
   en System.Web.Mvc.ControllerActionInvoker.InvokeActionResultFilterRecursive(IList`1 filters, Int32 filterIndex, ResultExecutingContext preContext, ControllerContext controllerContext, ActionResult actionResult)
   en System.Web.Mvc.ControllerActionInvoker.InvokeActionResultFilterRecursive(IList`1 filters, Int32 filterIndex, ResultExecutingContext preContext, ControllerContext controllerContext, ActionResult actionResult)
   en System.Web.Mvc.ControllerActionInvoker.InvokeActionResultWithFilters(ControllerContext controllerContext, IList`1 filters, ActionResult actionResult)
   en System.Web.Mvc.Async.AsyncControllerActionInvoker.<>c__DisplayClass3_1.<BeginInvokeAction>b__1(IAsyncResult asyncResult)

2026-04-13 15:09:28.633 | Account/Login
System.Web.HttpCompileException (0x80004005): c:\AOCR\AOCR\AOCR05-01-2026\AOCR1\AOCR\CapaPresentacion\Views\Account\Login.cshtml(160): error CS0012: El tipo 'System.Object' está definido en un ensamblado al que no se hace referencia. Debe agregar una referencia al ensamblado 'netstandard, Version=2.0.0.0, Culture=neutral, PublicKeyToken=cc7b13ffcd2ddd51'.
   en System.Web.Compilation.BuildManager.PostProcessFoundBuildResult(BuildResult result, Boolean keyFromVPP, VirtualPath virtualPath)
   en System.Web.Compilation.BuildManager.GetBuildResultFromCacheInternal(String cacheKey, Boolean keyFromVPP, VirtualPath virtualPath, Int64 hashCode, Boolean ensureIsUpToDate)
   en System.Web.Compilation.BuildManager.GetVPathBuildResultFromCacheInternal(VirtualPath virtualPath, Boolean ensureIsUpToDate)
   en System.Web.Compilation.BuildManager.GetVPathBuildResultInternal(VirtualPath virtualPath, Boolean noBuild, Boolean allowCrossApp, Boolean allowBuildInPrecompile, Boolean throwIfNotFound, Boolean ensureIsUpToDate)
   en System.Web.Compilation.BuildManager.GetVPathBuildResultWithNoAssert(HttpContext context, VirtualPath virtualPath, Boolean noBuild, Boolean allowCrossApp, Boolean allowBuildInPrecompile, Boolean throwIfNotFound, Boolean ensureIsUpToDate)
   en System.Web.Compilation.BuildManager.GetVirtualPathObjectFactory(VirtualPath virtualPath, HttpContext context, Boolean allowCrossApp, Boolean throwIfNotFound)
   en System.Web.Compilation.BuildManager.GetCompiledType(VirtualPath virtualPath)
   en System.Web.Mvc.BuildManagerCompiledView.Render(ViewContext viewContext, TextWriter writer)
   en System.Web.Mvc.ViewResultBase.ExecuteResult(ControllerContext context)
   en System.Web.Mvc.ControllerActionInvoker.InvokeActionResultFilterRecursive(IList`1 filters, Int32 filterIndex, ResultExecutingContext preContext, ControllerContext controllerContext, ActionResult actionResult)
   en System.Web.Mvc.ControllerActionInvoker.InvokeActionResultFilterRecursive(IList`1 filters, Int32 filterIndex, ResultExecutingContext preContext, ControllerContext controllerContext, ActionResult actionResult)
   en System.Web.Mvc.ControllerActionInvoker.InvokeActionResultFilterRecursive(IList`1 filters, Int32 filterIndex, ResultExecutingContext preContext, ControllerContext controllerContext, ActionResult actionResult)
   en System.Web.Mvc.ControllerActionInvoker.InvokeActionResultFilterRecursive(IList`1 filters, Int32 filterIndex, ResultExecutingContext preContext, ControllerContext controllerContext, ActionResult actionResult)
   en System.Web.Mvc.ControllerActionInvoker.InvokeActionResultWithFilters(ControllerContext controllerContext, IList`1 filters, ActionResult actionResult)
   en System.Web.Mvc.Async.AsyncControllerActionInvoker.<>c__DisplayClass3_1.<BeginInvokeAction>b__1(IAsyncResult asyncResult)

2026-04-13 15:09:28.862 | Account/Login
System.Web.HttpCompileException (0x80004005): c:\AOCR\AOCR\AOCR05-01-2026\AOCR1\AOCR\CapaPresentacion\Views\Account\Login.cshtml(160): error CS0012: El tipo 'System.Object' está definido en un ensamblado al que no se hace referencia. Debe agregar una referencia al ensamblado 'netstandard, Version=2.0.0.0, Culture=neutral, PublicKeyToken=cc7b13ffcd2ddd51'.
   en System.Web.Compilation.BuildManager.PostProcessFoundBuildResult(BuildResult result, Boolean keyFromVPP, VirtualPath virtualPath)
   en System.Web.Compilation.BuildManager.GetBuildResultFromCacheInternal(String cacheKey, Boolean keyFromVPP, VirtualPath virtualPath, Int64 hashCode, Boolean ensureIsUpToDate)
   en System.Web.Compilation.BuildManager.GetVPathBuildResultFromCacheInternal(VirtualPath virtualPath, Boolean ensureIsUpToDate)
   en System.Web.Compilation.BuildManager.GetVPathBuildResultInternal(VirtualPath virtualPath, Boolean noBuild, Boolean allowCrossApp, Boolean allowBuildInPrecompile, Boolean throwIfNotFound, Boolean ensureIsUpToDate)
   en System.Web.Compilation.BuildManager.GetVPathBuildResultWithNoAssert(HttpContext context, VirtualPath virtualPath, Boolean noBuild, Boolean allowCrossApp, Boolean allowBuildInPrecompile, Boolean throwIfNotFound, Boolean ensureIsUpToDate)
   en System.Web.Compilation.BuildManager.GetVirtualPathObjectFactory(VirtualPath virtualPath, HttpContext context, Boolean allowCrossApp, Boolean throwIfNotFound)
   en System.Web.Compilation.BuildManager.GetCompiledType(VirtualPath virtualPath)
   en System.Web.Mvc.BuildManagerCompiledView.Render(ViewContext viewContext, TextWriter writer)
   en System.Web.Mvc.ViewResultBase.ExecuteResult(ControllerContext context)
   en System.Web.Mvc.ControllerActionInvoker.InvokeActionResultFilterRecursive(IList`1 filters, Int32 filterIndex, ResultExecutingContext preContext, ControllerContext controllerContext, ActionResult actionResult)
   en System.Web.Mvc.ControllerActionInvoker.InvokeActionResultFilterRecursive(IList`1 filters, Int32 filterIndex, ResultExecutingContext preContext, ControllerContext controllerContext, ActionResult actionResult)
   en System.Web.Mvc.ControllerActionInvoker.InvokeActionResultFilterRecursive(IList`1 filters, Int32 filterIndex, ResultExecutingContext preContext, ControllerContext controllerContext, ActionResult actionResult)
   en System.Web.Mvc.ControllerActionInvoker.InvokeActionResultFilterRecursive(IList`1 filters, Int32 filterIndex, ResultExecutingContext preContext, ControllerContext controllerContext, ActionResult actionResult)
   en System.Web.Mvc.ControllerActionInvoker.InvokeActionResultWithFilters(ControllerContext controllerContext, IList`1 filters, ActionResult actionResult)
   en System.Web.Mvc.Async.AsyncControllerActionInvoker.<>c__DisplayClass3_1.<BeginInvokeAction>b__1(IAsyncResult asyncResult)

2026-04-13 15:09:36.081 | Account/Login
System.Web.HttpCompileException (0x80004005): c:\AOCR\AOCR\AOCR05-01-2026\AOCR1\AOCR\CapaPresentacion\Views\Account\Login.cshtml(160): error CS0012: El tipo 'System.Object' está definido en un ensamblado al que no se hace referencia. Debe agregar una referencia al ensamblado 'netstandard, Version=2.0.0.0, Culture=neutral, PublicKeyToken=cc7b13ffcd2ddd51'.
   en System.Web.Compilation.BuildManager.PostProcessFoundBuildResult(BuildResult result, Boolean keyFromVPP, VirtualPath virtualPath)
   en System.Web.Compilation.BuildManager.GetBuildResultFromCacheInternal(String cacheKey, Boolean keyFromVPP, VirtualPath virtualPath, Int64 hashCode, Boolean ensureIsUpToDate)
   en System.Web.Compilation.BuildManager.GetVPathBuildResultFromCacheInternal(VirtualPath virtualPath, Boolean ensureIsUpToDate)
   en System.Web.Compilation.BuildManager.GetVPathBuildResultInternal(VirtualPath virtualPath, Boolean noBuild, Boolean allowCrossApp, Boolean allowBuildInPrecompile, Boolean throwIfNotFound, Boolean ensureIsUpToDate)
   en System.Web.Compilation.BuildManager.GetVPathBuildResultWithNoAssert(HttpContext context, VirtualPath virtualPath, Boolean noBuild, Boolean allowCrossApp, Boolean allowBuildInPrecompile, Boolean throwIfNotFound, Boolean ensureIsUpToDate)
   en System.Web.Compilation.BuildManager.GetVirtualPathObjectFactory(VirtualPath virtualPath, HttpContext context, Boolean allowCrossApp, Boolean throwIfNotFound)
   en System.Web.Compilation.BuildManager.GetCompiledType(VirtualPath virtualPath)
   en System.Web.Mvc.BuildManagerCompiledView.Render(ViewContext viewContext, TextWriter writer)
   en System.Web.Mvc.ViewResultBase.ExecuteResult(ControllerContext context)
   en System.Web.Mvc.ControllerActionInvoker.InvokeActionResultFilterRecursive(IList`1 filters, Int32 filterIndex, ResultExecutingContext preContext, ControllerContext controllerContext, ActionResult actionResult)
   en System.Web.Mvc.ControllerActionInvoker.InvokeActionResultFilterRecursive(IList`1 filters, Int32 filterIndex, ResultExecutingContext preContext, ControllerContext controllerContext, ActionResult actionResult)
   en System.Web.Mvc.ControllerActionInvoker.InvokeActionResultFilterRecursive(IList`1 filters, Int32 filterIndex, ResultExecutingContext preContext, ControllerContext controllerContext, ActionResult actionResult)
   en System.Web.Mvc.ControllerActionInvoker.InvokeActionResultFilterRecursive(IList`1 filters, Int32 filterIndex, ResultExecutingContext preContext, ControllerContext controllerContext, ActionResult actionResult)
   en System.Web.Mvc.ControllerActionInvoker.InvokeActionResultWithFilters(ControllerContext controllerContext, IList`1 filters, ActionResult actionResult)
   en System.Web.Mvc.Async.AsyncControllerActionInvoker.<>c__DisplayClass3_1.<BeginInvokeAction>b__1(IAsyncResult asyncResult)

2026-04-13 15:09:36.314 | Account/Login
System.Web.HttpCompileException (0x80004005): c:\AOCR\AOCR\AOCR05-01-2026\AOCR1\AOCR\CapaPresentacion\Views\Account\Login.cshtml(160): error CS0012: El tipo 'System.Object' está definido en un ensamblado al que no se hace referencia. Debe agregar una referencia al ensamblado 'netstandard, Version=2.0.0.0, Culture=neutral, PublicKeyToken=cc7b13ffcd2ddd51'.
   en System.Web.Compilation.BuildManager.PostProcessFoundBuildResult(BuildResult result, Boolean keyFromVPP, VirtualPath virtualPath)
   en System.Web.Compilation.BuildManager.GetBuildResultFromCacheInternal(String cacheKey, Boolean keyFromVPP, VirtualPath virtualPath, Int64 hashCode, Boolean ensureIsUpToDate)
   en System.Web.Compilation.BuildManager.GetVPathBuildResultFromCacheInternal(VirtualPath virtualPath, Boolean ensureIsUpToDate)
   en System.Web.Compilation.BuildManager.GetVPathBuildResultInternal(VirtualPath virtualPath, Boolean noBuild, Boolean allowCrossApp, Boolean allowBuildInPrecompile, Boolean throwIfNotFound, Boolean ensureIsUpToDate)
   en System.Web.Compilation.BuildManager.GetVPathBuildResultWithNoAssert(HttpContext context, VirtualPath virtualPath, Boolean noBuild, Boolean allowCrossApp, Boolean allowBuildInPrecompile, Boolean throwIfNotFound, Boolean ensureIsUpToDate)
   en System.Web.Compilation.BuildManager.GetVirtualPathObjectFactory(VirtualPath virtualPath, HttpContext context, Boolean allowCrossApp, Boolean throwIfNotFound)
   en System.Web.Compilation.BuildManager.GetCompiledType(VirtualPath virtualPath)
   en System.Web.Mvc.BuildManagerCompiledView.Render(ViewContext viewContext, TextWriter writer)
   en System.Web.Mvc.ViewResultBase.ExecuteResult(ControllerContext context)
   en System.Web.Mvc.ControllerActionInvoker.InvokeActionResultFilterRecursive(IList`1 filters, Int32 filterIndex, ResultExecutingContext preContext, ControllerContext controllerContext, ActionResult actionResult)
   en System.Web.Mvc.ControllerActionInvoker.InvokeActionResultFilterRecursive(IList`1 filters, Int32 filterIndex, ResultExecutingContext preContext, ControllerContext controllerContext, ActionResult actionResult)
   en System.Web.Mvc.ControllerActionInvoker.InvokeActionResultFilterRecursive(IList`1 filters, Int32 filterIndex, ResultExecutingContext preContext, ControllerContext controllerContext, ActionResult actionResult)
   en System.Web.Mvc.ControllerActionInvoker.InvokeActionResultFilterRecursive(IList`1 filters, Int32 filterIndex, ResultExecutingContext preContext, ControllerContext controllerContext, ActionResult actionResult)
   en System.Web.Mvc.ControllerActionInvoker.InvokeActionResultWithFilters(ControllerContext controllerContext, IList`1 filters, ActionResult actionResult)
   en System.Web.Mvc.Async.AsyncControllerActionInvoker.<>c__DisplayClass3_1.<BeginInvokeAction>b__1(IAsyncResult asyncResult)

2026-04-13 15:09:39.951 | Account/Login
System.Web.HttpCompileException (0x80004005): c:\AOCR\AOCR\AOCR05-01-2026\AOCR1\AOCR\CapaPresentacion\Views\Account\Login.cshtml(160): error CS0012: El tipo 'System.Object' está definido en un ensamblado al que no se hace referencia. Debe agregar una referencia al ensamblado 'netstandard, Version=2.0.0.0, Culture=neutral, PublicKeyToken=cc7b13ffcd2ddd51'.
   en System.Web.Compilation.AssemblyBuilder.Compile()
   en System.Web.Compilation.BuildProvidersCompiler.PerformBuild()
   en System.Web.Compilation.BuildManager.CompileWebFile(VirtualPath virtualPath)
   en System.Web.Compilation.BuildManager.GetVPathBuildResultInternal(VirtualPath virtualPath, Boolean noBuild, Boolean allowCrossApp, Boolean allowBuildInPrecompile, Boolean throwIfNotFound, Boolean ensureIsUpToDate)
   en System.Web.Compilation.BuildManager.GetVPathBuildResultWithNoAssert(HttpContext context, VirtualPath virtualPath, Boolean noBuild, Boolean allowCrossApp, Boolean allowBuildInPrecompile, Boolean throwIfNotFound, Boolean ensureIsUpToDate)
   en System.Web.Compilation.BuildManager.GetVirtualPathObjectFactory(VirtualPath virtualPath, HttpContext context, Boolean allowCrossApp, Boolean throwIfNotFound)
   en System.Web.Compilation.BuildManager.GetCompiledType(VirtualPath virtualPath)
   en System.Web.Mvc.BuildManagerCompiledView.Render(ViewContext viewContext, TextWriter writer)
   en System.Web.Mvc.ViewResultBase.ExecuteResult(ControllerContext context)
   en System.Web.Mvc.ControllerActionInvoker.InvokeActionResultFilterRecursive(IList`1 filters, Int32 filterIndex, ResultExecutingContext preContext, ControllerContext controllerContext, ActionResult actionResult)
   en System.Web.Mvc.ControllerActionInvoker.InvokeActionResultFilterRecursive(IList`1 filters, Int32 filterIndex, ResultExecutingContext preContext, ControllerContext controllerContext, ActionResult actionResult)
   en System.Web.Mvc.ControllerActionInvoker.InvokeActionResultFilterRecursive(IList`1 filters, Int32 filterIndex, ResultExecutingContext preContext, ControllerContext controllerContext, ActionResult actionResult)
   en System.Web.Mvc.ControllerActionInvoker.InvokeActionResultFilterRecursive(IList`1 filters, Int32 filterIndex, ResultExecutingContext preContext, ControllerContext controllerContext, ActionResult actionResult)
   en System.Web.Mvc.ControllerActionInvoker.InvokeActionResultWithFilters(ControllerContext controllerContext, IList`1 filters, ActionResult actionResult)
   en System.Web.Mvc.Async.AsyncControllerActionInvoker.<>c__DisplayClass3_1.<BeginInvokeAction>b__1(IAsyncResult asyncResult)

2026-04-13 15:09:40.174 | Account/Login
System.Web.HttpCompileException (0x80004005): c:\AOCR\AOCR\AOCR05-01-2026\AOCR1\AOCR\CapaPresentacion\Views\Account\Login.cshtml(160): error CS0012: El tipo 'System.Object' está definido en un ensamblado al que no se hace referencia. Debe agregar una referencia al ensamblado 'netstandard, Version=2.0.0.0, Culture=neutral, PublicKeyToken=cc7b13ffcd2ddd51'.
   en System.Web.Compilation.BuildManager.PostProcessFoundBuildResult(BuildResult result, Boolean keyFromVPP, VirtualPath virtualPath)
   en System.Web.Compilation.BuildManager.GetBuildResultFromCacheInternal(String cacheKey, Boolean keyFromVPP, VirtualPath virtualPath, Int64 hashCode, Boolean ensureIsUpToDate)
   en System.Web.Compilation.BuildManager.GetVPathBuildResultFromCacheInternal(VirtualPath virtualPath, Boolean ensureIsUpToDate)
   en System.Web.Compilation.BuildManager.GetVPathBuildResultInternal(VirtualPath virtualPath, Boolean noBuild, Boolean allowCrossApp, Boolean allowBuildInPrecompile, Boolean throwIfNotFound, Boolean ensureIsUpToDate)
   en System.Web.Compilation.BuildManager.GetVPathBuildResultWithNoAssert(HttpContext context, VirtualPath virtualPath, Boolean noBuild, Boolean allowCrossApp, Boolean allowBuildInPrecompile, Boolean throwIfNotFound, Boolean ensureIsUpToDate)
   en System.Web.Compilation.BuildManager.GetVirtualPathObjectFactory(VirtualPath virtualPath, HttpContext context, Boolean allowCrossApp, Boolean throwIfNotFound)
   en System.Web.Compilation.BuildManager.GetCompiledType(VirtualPath virtualPath)
   en System.Web.Mvc.BuildManagerCompiledView.Render(ViewContext viewContext, TextWriter writer)
   en System.Web.Mvc.ViewResultBase.ExecuteResult(ControllerContext context)
   en System.Web.Mvc.ControllerActionInvoker.InvokeActionResultFilterRecursive(IList`1 filters, Int32 filterIndex, ResultExecutingContext preContext, ControllerContext controllerContext, ActionResult actionResult)
   en System.Web.Mvc.ControllerActionInvoker.InvokeActionResultFilterRecursive(IList`1 filters, Int32 filterIndex, ResultExecutingContext preContext, ControllerContext controllerContext, ActionResult actionResult)
   en System.Web.Mvc.ControllerActionInvoker.InvokeActionResultFilterRecursive(IList`1 filters, Int32 filterIndex, ResultExecutingContext preContext, ControllerContext controllerContext, ActionResult actionResult)
   en System.Web.Mvc.ControllerActionInvoker.InvokeActionResultFilterRecursive(IList`1 filters, Int32 filterIndex, ResultExecutingContext preContext, ControllerContext controllerContext, ActionResult actionResult)
   en System.Web.Mvc.ControllerActionInvoker.InvokeActionResultWithFilters(ControllerContext controllerContext, IList`1 filters, ActionResult actionResult)
   en System.Web.Mvc.Async.AsyncControllerActionInvoker.<>c__DisplayClass3_1.<BeginInvokeAction>b__1(IAsyncResult asyncResult)

2026-04-14 10:54:25.275 | CoordinacionJefatura/DashboardInspeccion
System.Web.HttpParseException (0x80004005): Solamente se permite una instrucción 'model' en un archivo.

   en System.Web.WebPages.Razor.RazorBuildProvider.EnsureGeneratedCode()
   en System.Web.WebPages.Razor.RazorBuildProvider.get_CodeCompilerType()
   en System.Web.Compilation.BuildProvider.GetCompilerTypeFromBuildProvider(BuildProvider buildProvider)
   en System.Web.Compilation.BuildProvidersCompiler.ProcessBuildProviders()
   en System.Web.Compilation.BuildProvidersCompiler.PerformBuild()
   en System.Web.Compilation.BuildManager.CompileWebFile(VirtualPath virtualPath)
   en System.Web.Compilation.BuildManager.GetVPathBuildResultInternal(VirtualPath virtualPath, Boolean noBuild, Boolean allowCrossApp, Boolean allowBuildInPrecompile, Boolean throwIfNotFound, Boolean ensureIsUpToDate)
   en System.Web.Compilation.BuildManager.GetVPathBuildResultWithNoAssert(HttpContext context, VirtualPath virtualPath, Boolean noBuild, Boolean allowCrossApp, Boolean allowBuildInPrecompile, Boolean throwIfNotFound, Boolean ensureIsUpToDate)
   en System.Web.Compilation.BuildManager.GetVirtualPathObjectFactory(VirtualPath virtualPath, HttpContext context, Boolean allowCrossApp, Boolean throwIfNotFound)
   en System.Web.Compilation.BuildManager.GetCompiledType(VirtualPath virtualPath)
   en System.Web.Mvc.BuildManagerCompiledView.Render(ViewContext viewContext, TextWriter writer)
   en System.Web.Mvc.ViewResultBase.ExecuteResult(ControllerContext context)
   en System.Web.Mvc.ControllerActionInvoker.InvokeActionResultFilterRecursive(IList`1 filters, Int32 filterIndex, ResultExecutingContext preContext, ControllerContext controllerContext, ActionResult actionResult)
   en System.Web.Mvc.ControllerActionInvoker.InvokeActionResultFilterRecursive(IList`1 filters, Int32 filterIndex, ResultExecutingContext preContext, ControllerContext controllerContext, ActionResult actionResult)
   en System.Web.Mvc.ControllerActionInvoker.InvokeActionResultFilterRecursive(IList`1 filters, Int32 filterIndex, ResultExecutingContext preContext, ControllerContext controllerContext, ActionResult actionResult)
   en System.Web.Mvc.ControllerActionInvoker.InvokeActionResultFilterRecursive(IList`1 filters, Int32 filterIndex, ResultExecutingContext preContext, ControllerContext controllerContext, ActionResult actionResult)
   en System.Web.Mvc.ControllerActionInvoker.InvokeActionResultWithFilters(ControllerContext controllerContext, IList`1 filters, ActionResult actionResult)
   en System.Web.Mvc.Async.AsyncControllerActionInvoker.<>c__DisplayClass3_1.<BeginInvokeAction>b__1(IAsyncResult asyncResult)

2026-04-14 10:55:09.842 | CoordinacionJefatura/DashboardInspeccion
System.Web.HttpParseException (0x80004005): Solamente se permite una instrucción 'model' en un archivo.

   en System.Web.WebPages.Razor.RazorBuildProvider.EnsureGeneratedCode()
   en System.Web.WebPages.Razor.RazorBuildProvider.get_CodeCompilerType()
   en System.Web.Compilation.BuildProvider.GetCompilerTypeFromBuildProvider(BuildProvider buildProvider)
   en System.Web.Compilation.BuildProvidersCompiler.ProcessBuildProviders()
   en System.Web.Compilation.BuildProvidersCompiler.PerformBuild()
   en System.Web.Compilation.BuildManager.CompileWebFile(VirtualPath virtualPath)
   en System.Web.Compilation.BuildManager.GetVPathBuildResultInternal(VirtualPath virtualPath, Boolean noBuild, Boolean allowCrossApp, Boolean allowBuildInPrecompile, Boolean throwIfNotFound, Boolean ensureIsUpToDate)
   en System.Web.Compilation.BuildManager.GetVPathBuildResultWithNoAssert(HttpContext context, VirtualPath virtualPath, Boolean noBuild, Boolean allowCrossApp, Boolean allowBuildInPrecompile, Boolean throwIfNotFound, Boolean ensureIsUpToDate)
   en System.Web.Compilation.BuildManager.GetVirtualPathObjectFactory(VirtualPath virtualPath, HttpContext context, Boolean allowCrossApp, Boolean throwIfNotFound)
   en System.Web.Compilation.BuildManager.GetCompiledType(VirtualPath virtualPath)
   en System.Web.Mvc.BuildManagerCompiledView.Render(ViewContext viewContext, TextWriter writer)
   en System.Web.Mvc.ViewResultBase.ExecuteResult(ControllerContext context)
   en System.Web.Mvc.ControllerActionInvoker.InvokeActionResultFilterRecursive(IList`1 filters, Int32 filterIndex, ResultExecutingContext preContext, ControllerContext controllerContext, ActionResult actionResult)
   en System.Web.Mvc.ControllerActionInvoker.InvokeActionResultFilterRecursive(IList`1 filters, Int32 filterIndex, ResultExecutingContext preContext, ControllerContext controllerContext, ActionResult actionResult)
   en System.Web.Mvc.ControllerActionInvoker.InvokeActionResultFilterRecursive(IList`1 filters, Int32 filterIndex, ResultExecutingContext preContext, ControllerContext controllerContext, ActionResult actionResult)
   en System.Web.Mvc.ControllerActionInvoker.InvokeActionResultFilterRecursive(IList`1 filters, Int32 filterIndex, ResultExecutingContext preContext, ControllerContext controllerContext, ActionResult actionResult)
   en System.Web.Mvc.ControllerActionInvoker.InvokeActionResultWithFilters(ControllerContext controllerContext, IList`1 filters, ActionResult actionResult)
   en System.Web.Mvc.Async.AsyncControllerActionInvoker.<>c__DisplayClass3_1.<BeginInvokeAction>b__1(IAsyncResult asyncResult)

2026-04-14 15:32:37.883 | Account/Login
System.Web.Mvc.HttpAntiForgeryException (0x80004005): La cookie antifalsificación requerida "__AOCR_RequestVerificationToken" no está presente.
   en System.Web.Helpers.AntiXsrf.TokenValidator.ValidateTokens(HttpContextBase httpContext, IIdentity identity, AntiForgeryToken sessionToken, AntiForgeryToken fieldToken)
   en System.Web.Helpers.AntiXsrf.AntiForgeryWorker.Validate(HttpContextBase httpContext)
   en System.Web.Mvc.ControllerActionInvoker.InvokeAuthorizationFilters(ControllerContext controllerContext, IList`1 filters, ActionDescriptor actionDescriptor)
   en System.Web.Mvc.Async.AsyncControllerActionInvoker.<>c__DisplayClass3_1.<BeginInvokeAction>b__0(AsyncCallback asyncCallback, Object asyncState)

2026-04-14 16:22:36.723 | Operador/Modificacion
System.InvalidOperationException: No se encuentra la vista 'Modificacion' ni su vista maestra o no hay un motor de búsqueda que admita las ubicaciones de búsqueda. Se buscó en las siguientes ubicaciones: 
~/Views/Operador/Modificacion.aspx
~/Views/Operador/Modificacion.ascx
~/Views/Shared/Modificacion.aspx
~/Views/Shared/Modificacion.ascx
~/Views/Operador/Modificacion.cshtml
~/Views/Operador/Modificacion.vbhtml
~/Views/Shared/Modificacion.cshtml
~/Views/Shared/Modificacion.vbhtml
   en System.Web.Mvc.ViewResult.FindView(ControllerContext context)
   en System.Web.Mvc.ViewResultBase.ExecuteResult(ControllerContext context)
   en System.Web.Mvc.ControllerActionInvoker.InvokeActionResultFilterRecursive(IList`1 filters, Int32 filterIndex, ResultExecutingContext preContext, ControllerContext controllerContext, ActionResult actionResult)
   en System.Web.Mvc.ControllerActionInvoker.InvokeActionResultFilterRecursive(IList`1 filters, Int32 filterIndex, ResultExecutingContext preContext, ControllerContext controllerContext, ActionResult actionResult)
   en System.Web.Mvc.ControllerActionInvoker.InvokeActionResultFilterRecursive(IList`1 filters, Int32 filterIndex, ResultExecutingContext preContext, ControllerContext controllerContext, ActionResult actionResult)
   en System.Web.Mvc.ControllerActionInvoker.InvokeActionResultFilterRecursive(IList`1 filters, Int32 filterIndex, ResultExecutingContext preContext, ControllerContext controllerContext, ActionResult actionResult)
   en System.Web.Mvc.ControllerActionInvoker.InvokeActionResultWithFilters(ControllerContext controllerContext, IList`1 filters, ActionResult actionResult)
   en System.Web.Mvc.Async.AsyncControllerActionInvoker.<>c__DisplayClass3_1.<BeginInvokeAction>b__1(IAsyncResult asyncResult)

2026-04-14 16:23:07.840 | Operador/Modificacion
System.InvalidOperationException: No se encuentra la vista 'Modificacion' ni su vista maestra o no hay un motor de búsqueda que admita las ubicaciones de búsqueda. Se buscó en las siguientes ubicaciones: 
~/Views/Operador/Modificacion.aspx
~/Views/Operador/Modificacion.ascx
~/Views/Shared/Modificacion.aspx
~/Views/Shared/Modificacion.ascx
~/Views/Operador/Modificacion.cshtml
~/Views/Operador/Modificacion.vbhtml
~/Views/Shared/Modificacion.cshtml
~/Views/Shared/Modificacion.vbhtml
   en System.Web.Mvc.ViewResult.FindView(ControllerContext context)
   en System.Web.Mvc.ViewResultBase.ExecuteResult(ControllerContext context)
   en System.Web.Mvc.ControllerActionInvoker.InvokeActionResultFilterRecursive(IList`1 filters, Int32 filterIndex, ResultExecutingContext preContext, ControllerContext controllerContext, ActionResult actionResult)
   en System.Web.Mvc.ControllerActionInvoker.InvokeActionResultFilterRecursive(IList`1 filters, Int32 filterIndex, ResultExecutingContext preContext, ControllerContext controllerContext, ActionResult actionResult)
   en System.Web.Mvc.ControllerActionInvoker.InvokeActionResultFilterRecursive(IList`1 filters, Int32 filterIndex, ResultExecutingContext preContext, ControllerContext controllerContext, ActionResult actionResult)
   en System.Web.Mvc.ControllerActionInvoker.InvokeActionResultFilterRecursive(IList`1 filters, Int32 filterIndex, ResultExecutingContext preContext, ControllerContext controllerContext, ActionResult actionResult)
   en System.Web.Mvc.ControllerActionInvoker.InvokeActionResultWithFilters(ControllerContext controllerContext, IList`1 filters, ActionResult actionResult)
   en System.Web.Mvc.Async.AsyncControllerActionInvoker.<>c__DisplayClass3_1.<BeginInvokeAction>b__1(IAsyncResult asyncResult)

2026-04-14 16:33:38.235 | Operador/Modificacion
System.Web.HttpException (0x80004005): La página de diseño "~/Views/Shared/_Layout.cshtml" no se encontró en la siguiente ruta de acceso: "~/Views/Shared/_Layout.cshtml".
   en System.Web.WebPages.WebPageExecutingBase.NormalizeLayoutPagePath(String layoutPagePath)
   en System.Web.WebPages.WebPageBase.PopContext()
   en System.Web.Mvc.ViewResultBase.ExecuteResult(ControllerContext context)
   en System.Web.Mvc.ControllerActionInvoker.InvokeActionResultFilterRecursive(IList`1 filters, Int32 filterIndex, ResultExecutingContext preContext, ControllerContext controllerContext, ActionResult actionResult)
   en System.Web.Mvc.ControllerActionInvoker.InvokeActionResultFilterRecursive(IList`1 filters, Int32 filterIndex, ResultExecutingContext preContext, ControllerContext controllerContext, ActionResult actionResult)
   en System.Web.Mvc.ControllerActionInvoker.InvokeActionResultFilterRecursive(IList`1 filters, Int32 filterIndex, ResultExecutingContext preContext, ControllerContext controllerContext, ActionResult actionResult)
   en System.Web.Mvc.ControllerActionInvoker.InvokeActionResultFilterRecursive(IList`1 filters, Int32 filterIndex, ResultExecutingContext preContext, ControllerContext controllerContext, ActionResult actionResult)
   en System.Web.Mvc.ControllerActionInvoker.InvokeActionResultWithFilters(ControllerContext controllerContext, IList`1 filters, ActionResult actionResult)
   en System.Web.Mvc.Async.AsyncControllerActionInvoker.<>c__DisplayClass3_1.<BeginInvokeAction>b__1(IAsyncResult asyncResult)

2026-04-14 16:33:51.980 | Operador/Modificacion
System.Web.HttpException (0x80004005): La página de diseño "~/Views/Shared/_Layout.cshtml" no se encontró en la siguiente ruta de acceso: "~/Views/Shared/_Layout.cshtml".
   en System.Web.WebPages.WebPageExecutingBase.NormalizeLayoutPagePath(String layoutPagePath)
   en System.Web.WebPages.WebPageBase.PopContext()
   en System.Web.Mvc.ViewResultBase.ExecuteResult(ControllerContext context)
   en System.Web.Mvc.ControllerActionInvoker.InvokeActionResultFilterRecursive(IList`1 filters, Int32 filterIndex, ResultExecutingContext preContext, ControllerContext controllerContext, ActionResult actionResult)
   en System.Web.Mvc.ControllerActionInvoker.InvokeActionResultFilterRecursive(IList`1 filters, Int32 filterIndex, ResultExecutingContext preContext, ControllerContext controllerContext, ActionResult actionResult)
   en System.Web.Mvc.ControllerActionInvoker.InvokeActionResultFilterRecursive(IList`1 filters, Int32 filterIndex, ResultExecutingContext preContext, ControllerContext controllerContext, ActionResult actionResult)
   en System.Web.Mvc.ControllerActionInvoker.InvokeActionResultFilterRecursive(IList`1 filters, Int32 filterIndex, ResultExecutingContext preContext, ControllerContext controllerContext, ActionResult actionResult)
   en System.Web.Mvc.ControllerActionInvoker.InvokeActionResultWithFilters(ControllerContext controllerContext, IList`1 filters, ActionResult actionResult)
   en System.Web.Mvc.Async.AsyncControllerActionInvoker.<>c__DisplayClass3_1.<BeginInvokeAction>b__1(IAsyncResult asyncResult)

2026-04-14 16:34:22.977 | Operador/Modificacion
System.Web.HttpException (0x80004005): La página de diseño "~/Views/Shared/_Layout.cshtml" no se encontró en la siguiente ruta de acceso: "~/Views/Shared/_Layout.cshtml".
   en System.Web.WebPages.WebPageExecutingBase.NormalizeLayoutPagePath(String layoutPagePath)
   en System.Web.WebPages.WebPageBase.PopContext()
   en System.Web.Mvc.ViewResultBase.ExecuteResult(ControllerContext context)
   en System.Web.Mvc.ControllerActionInvoker.InvokeActionResultFilterRecursive(IList`1 filters, Int32 filterIndex, ResultExecutingContext preContext, ControllerContext controllerContext, ActionResult actionResult)
   en System.Web.Mvc.ControllerActionInvoker.InvokeActionResultFilterRecursive(IList`1 filters, Int32 filterIndex, ResultExecutingContext preContext, ControllerContext controllerContext, ActionResult actionResult)
   en System.Web.Mvc.ControllerActionInvoker.InvokeActionResultFilterRecursive(IList`1 filters, Int32 filterIndex, ResultExecutingContext preContext, ControllerContext controllerContext, ActionResult actionResult)
   en System.Web.Mvc.ControllerActionInvoker.InvokeActionResultFilterRecursive(IList`1 filters, Int32 filterIndex, ResultExecutingContext preContext, ControllerContext controllerContext, ActionResult actionResult)
   en System.Web.Mvc.ControllerActionInvoker.InvokeActionResultWithFilters(ControllerContext controllerContext, IList`1 filters, ActionResult actionResult)
   en System.Web.Mvc.Async.AsyncControllerActionInvoker.<>c__DisplayClass3_1.<BeginInvokeAction>b__1(IAsyncResult asyncResult)

2026-04-17 20:14:01.877 | Inspeccion/Detalle
System.Web.HttpParseException (0x80004005): Palabra clave "if" inesperada después del carácter "@". Una vez dentro del código, no es necesario añadir prefijos a las construcciones, como "if" con "@".

   en System.Web.WebPages.Razor.RazorBuildProvider.EnsureGeneratedCode()
   en System.Web.WebPages.Razor.RazorBuildProvider.get_CodeCompilerType()
   en System.Web.Compilation.BuildProvider.GetCompilerTypeFromBuildProvider(BuildProvider buildProvider)
   en System.Web.Compilation.BuildProvidersCompiler.ProcessBuildProviders()
   en System.Web.Compilation.BuildProvidersCompiler.PerformBuild()
   en System.Web.Compilation.BuildManager.CompileWebFile(VirtualPath virtualPath)
   en System.Web.Compilation.BuildManager.GetVPathBuildResultInternal(VirtualPath virtualPath, Boolean noBuild, Boolean allowCrossApp, Boolean allowBuildInPrecompile, Boolean throwIfNotFound, Boolean ensureIsUpToDate)
   en System.Web.Compilation.BuildManager.GetVPathBuildResultWithNoAssert(HttpContext context, VirtualPath virtualPath, Boolean noBuild, Boolean allowCrossApp, Boolean allowBuildInPrecompile, Boolean throwIfNotFound, Boolean ensureIsUpToDate)
   en System.Web.Compilation.BuildManager.GetVirtualPathObjectFactory(VirtualPath virtualPath, HttpContext context, Boolean allowCrossApp, Boolean throwIfNotFound)
   en System.Web.Compilation.BuildManager.GetCompiledType(VirtualPath virtualPath)
   en System.Web.Mvc.BuildManagerCompiledView.Render(ViewContext viewContext, TextWriter writer)
   en System.Web.Mvc.Html.PartialExtensions.Partial(HtmlHelper htmlHelper, String partialViewName, Object model, ViewDataDictionary viewData)
   en ASP._Page_Views_Inspeccion_Detalle_cshtml.Execute() en c:\AOCR\AOCR\AOCR05-01-2026\AOCR1\AOCR\CapaPresentacion\Views\Inspeccion\Detalle.cshtml:línea 2042
   en System.Web.WebPages.WebPageBase.ExecutePageHierarchy()
   en System.Web.Mvc.WebViewPage.ExecutePageHierarchy()
   en System.Web.WebPages.StartPage.ExecutePageHierarchy()
   en System.Web.WebPages.WebPageBase.ExecutePageHierarchy(WebPageContext pageContext, TextWriter writer, WebPageRenderingBase startPage)
   en System.Web.Mvc.ViewResultBase.ExecuteResult(ControllerContext context)
   en System.Web.Mvc.ControllerActionInvoker.InvokeActionResultFilterRecursive(IList`1 filters, Int32 filterIndex, ResultExecutingContext preContext, ControllerContext controllerContext, ActionResult actionResult)
   en System.Web.Mvc.ControllerActionInvoker.InvokeActionResultFilterRecursive(IList`1 filters, Int32 filterIndex, ResultExecutingContext preContext, ControllerContext controllerContext, ActionResult actionResult)
   en System.Web.Mvc.ControllerActionInvoker.InvokeActionResultFilterRecursive(IList`1 filters, Int32 filterIndex, ResultExecutingContext preContext, ControllerContext controllerContext, ActionResult actionResult)
   en System.Web.Mvc.ControllerActionInvoker.InvokeActionResultFilterRecursive(IList`1 filters, Int32 filterIndex, ResultExecutingContext preContext, ControllerContext controllerContext, ActionResult actionResult)
   en System.Web.Mvc.ControllerActionInvoker.InvokeActionResultWithFilters(ControllerContext controllerContext, IList`1 filters, ActionResult actionResult)
   en System.Web.Mvc.Async.AsyncControllerActionInvoker.<>c__DisplayClass3_1.<BeginInvokeAction>b__1(IAsyncResult asyncResult)

2026-04-17 20:22:24.251 | Inspeccion/Detalle
System.Web.HttpParseException (0x80004005): Palabra clave "if" inesperada después del carácter "@". Una vez dentro del código, no es necesario añadir prefijos a las construcciones, como "if" con "@".

   en System.Web.WebPages.Razor.RazorBuildProvider.EnsureGeneratedCode()
   en System.Web.WebPages.Razor.RazorBuildProvider.get_CodeCompilerType()
   en System.Web.Compilation.BuildProvider.GetCompilerTypeFromBuildProvider(BuildProvider buildProvider)
   en System.Web.Compilation.BuildProvidersCompiler.ProcessBuildProviders()
   en System.Web.Compilation.BuildProvidersCompiler.PerformBuild()
   en System.Web.Compilation.BuildManager.CompileWebFile(VirtualPath virtualPath)
   en System.Web.Compilation.BuildManager.GetVPathBuildResultInternal(VirtualPath virtualPath, Boolean noBuild, Boolean allowCrossApp, Boolean allowBuildInPrecompile, Boolean throwIfNotFound, Boolean ensureIsUpToDate)
   en System.Web.Compilation.BuildManager.GetVPathBuildResultWithNoAssert(HttpContext context, VirtualPath virtualPath, Boolean noBuild, Boolean allowCrossApp, Boolean allowBuildInPrecompile, Boolean throwIfNotFound, Boolean ensureIsUpToDate)
   en System.Web.Compilation.BuildManager.GetVirtualPathObjectFactory(VirtualPath virtualPath, HttpContext context, Boolean allowCrossApp, Boolean throwIfNotFound)
   en System.Web.Compilation.BuildManager.GetCompiledType(VirtualPath virtualPath)
   en System.Web.Mvc.BuildManagerCompiledView.Render(ViewContext viewContext, TextWriter writer)
   en System.Web.Mvc.Html.PartialExtensions.Partial(HtmlHelper htmlHelper, String partialViewName, Object model, ViewDataDictionary viewData)
   en ASP._Page_Views_Inspeccion_Detalle_cshtml.Execute() en c:\AOCR\AOCR\AOCR05-01-2026\AOCR1\AOCR\CapaPresentacion\Views\Inspeccion\Detalle.cshtml:línea 2042
   en System.Web.WebPages.WebPageBase.ExecutePageHierarchy()
   en System.Web.Mvc.WebViewPage.ExecutePageHierarchy()
   en System.Web.WebPages.StartPage.ExecutePageHierarchy()
   en System.Web.WebPages.WebPageBase.ExecutePageHierarchy(WebPageContext pageContext, TextWriter writer, WebPageRenderingBase startPage)
   en System.Web.Mvc.ViewResultBase.ExecuteResult(ControllerContext context)
   en System.Web.Mvc.ControllerActionInvoker.InvokeActionResultFilterRecursive(IList`1 filters, Int32 filterIndex, ResultExecutingContext preContext, ControllerContext controllerContext, ActionResult actionResult)
   en System.Web.Mvc.ControllerActionInvoker.InvokeActionResultFilterRecursive(IList`1 filters, Int32 filterIndex, ResultExecutingContext preContext, ControllerContext controllerContext, ActionResult actionResult)
   en System.Web.Mvc.ControllerActionInvoker.InvokeActionResultFilterRecursive(IList`1 filters, Int32 filterIndex, ResultExecutingContext preContext, ControllerContext controllerContext, ActionResult actionResult)
   en System.Web.Mvc.ControllerActionInvoker.InvokeActionResultFilterRecursive(IList`1 filters, Int32 filterIndex, ResultExecutingContext preContext, ControllerContext controllerContext, ActionResult actionResult)
   en System.Web.Mvc.ControllerActionInvoker.InvokeActionResultWithFilters(ControllerContext controllerContext, IList`1 filters, ActionResult actionResult)
   en System.Web.Mvc.Async.AsyncControllerActionInvoker.<>c__DisplayClass3_1.<BeginInvokeAction>b__1(IAsyncResult asyncResult)

2026-04-17 20:29:44.147 | Inspeccion/Detalle
System.Web.HttpParseException (0x80004005): Palabra clave "using" inesperada después del carácter "@". Una vez dentro del código, no es necesario añadir prefijos a las construcciones, como "using" con "@".

   en System.Web.WebPages.Razor.RazorBuildProvider.EnsureGeneratedCode()
   en System.Web.WebPages.Razor.RazorBuildProvider.get_CodeCompilerType()
   en System.Web.Compilation.BuildProvider.GetCompilerTypeFromBuildProvider(BuildProvider buildProvider)
   en System.Web.Compilation.BuildProvidersCompiler.ProcessBuildProviders()
   en System.Web.Compilation.BuildProvidersCompiler.PerformBuild()
   en System.Web.Compilation.BuildManager.CompileWebFile(VirtualPath virtualPath)
   en System.Web.Compilation.BuildManager.GetVPathBuildResultInternal(VirtualPath virtualPath, Boolean noBuild, Boolean allowCrossApp, Boolean allowBuildInPrecompile, Boolean throwIfNotFound, Boolean ensureIsUpToDate)
   en System.Web.Compilation.BuildManager.GetVPathBuildResultWithNoAssert(HttpContext context, VirtualPath virtualPath, Boolean noBuild, Boolean allowCrossApp, Boolean allowBuildInPrecompile, Boolean throwIfNotFound, Boolean ensureIsUpToDate)
   en System.Web.Compilation.BuildManager.GetVirtualPathObjectFactory(VirtualPath virtualPath, HttpContext context, Boolean allowCrossApp, Boolean throwIfNotFound)
   en System.Web.Compilation.BuildManager.GetCompiledType(VirtualPath virtualPath)
   en System.Web.Mvc.BuildManagerCompiledView.Render(ViewContext viewContext, TextWriter writer)
   en System.Web.Mvc.ViewResultBase.ExecuteResult(ControllerContext context)
   en System.Web.Mvc.ControllerActionInvoker.InvokeActionResultFilterRecursive(IList`1 filters, Int32 filterIndex, ResultExecutingContext preContext, ControllerContext controllerContext, ActionResult actionResult)
   en System.Web.Mvc.ControllerActionInvoker.InvokeActionResultFilterRecursive(IList`1 filters, Int32 filterIndex, ResultExecutingContext preContext, ControllerContext controllerContext, ActionResult actionResult)
   en System.Web.Mvc.ControllerActionInvoker.InvokeActionResultFilterRecursive(IList`1 filters, Int32 filterIndex, ResultExecutingContext preContext, ControllerContext controllerContext, ActionResult actionResult)
   en System.Web.Mvc.ControllerActionInvoker.InvokeActionResultFilterRecursive(IList`1 filters, Int32 filterIndex, ResultExecutingContext preContext, ControllerContext controllerContext, ActionResult actionResult)
   en System.Web.Mvc.ControllerActionInvoker.InvokeActionResultWithFilters(ControllerContext controllerContext, IList`1 filters, ActionResult actionResult)
   en System.Web.Mvc.Async.AsyncControllerActionInvoker.<>c__DisplayClass3_1.<BeginInvokeAction>b__1(IAsyncResult asyncResult)

2026-04-17 20:34:03.905 | Inspeccion/Detalle
System.Web.HttpParseException (0x80004005): Palabra clave "if" inesperada después del carácter "@". Una vez dentro del código, no es necesario añadir prefijos a las construcciones, como "if" con "@".

   en System.Web.WebPages.Razor.RazorBuildProvider.EnsureGeneratedCode()
   en System.Web.WebPages.Razor.RazorBuildProvider.get_CodeCompilerType()
   en System.Web.Compilation.BuildProvider.GetCompilerTypeFromBuildProvider(BuildProvider buildProvider)
   en System.Web.Compilation.BuildProvidersCompiler.ProcessBuildProviders()
   en System.Web.Compilation.BuildProvidersCompiler.PerformBuild()
   en System.Web.Compilation.BuildManager.CompileWebFile(VirtualPath virtualPath)
   en System.Web.Compilation.BuildManager.GetVPathBuildResultInternal(VirtualPath virtualPath, Boolean noBuild, Boolean allowCrossApp, Boolean allowBuildInPrecompile, Boolean throwIfNotFound, Boolean ensureIsUpToDate)
   en System.Web.Compilation.BuildManager.GetVPathBuildResultWithNoAssert(HttpContext context, VirtualPath virtualPath, Boolean noBuild, Boolean allowCrossApp, Boolean allowBuildInPrecompile, Boolean throwIfNotFound, Boolean ensureIsUpToDate)
   en System.Web.Compilation.BuildManager.GetVirtualPathObjectFactory(VirtualPath virtualPath, HttpContext context, Boolean allowCrossApp, Boolean throwIfNotFound)
   en System.Web.Compilation.BuildManager.GetCompiledType(VirtualPath virtualPath)
   en System.Web.Mvc.BuildManagerCompiledView.Render(ViewContext viewContext, TextWriter writer)
   en System.Web.Mvc.Html.PartialExtensions.Partial(HtmlHelper htmlHelper, String partialViewName, Object model, ViewDataDictionary viewData)
   en ASP._Page_Views_Inspeccion_Detalle_cshtml.Execute() en c:\AOCR\AOCR\AOCR05-01-2026\AOCR1\AOCR\CapaPresentacion\Views\Inspeccion\Detalle.cshtml:línea 2042
   en System.Web.WebPages.WebPageBase.ExecutePageHierarchy()
   en System.Web.Mvc.WebViewPage.ExecutePageHierarchy()
   en System.Web.WebPages.StartPage.ExecutePageHierarchy()
   en System.Web.WebPages.WebPageBase.ExecutePageHierarchy(WebPageContext pageContext, TextWriter writer, WebPageRenderingBase startPage)
   en System.Web.Mvc.ViewResultBase.ExecuteResult(ControllerContext context)
   en System.Web.Mvc.ControllerActionInvoker.InvokeActionResultFilterRecursive(IList`1 filters, Int32 filterIndex, ResultExecutingContext preContext, ControllerContext controllerContext, ActionResult actionResult)
   en System.Web.Mvc.ControllerActionInvoker.InvokeActionResultFilterRecursive(IList`1 filters, Int32 filterIndex, ResultExecutingContext preContext, ControllerContext controllerContext, ActionResult actionResult)
   en System.Web.Mvc.ControllerActionInvoker.InvokeActionResultFilterRecursive(IList`1 filters, Int32 filterIndex, ResultExecutingContext preContext, ControllerContext controllerContext, ActionResult actionResult)
   en System.Web.Mvc.ControllerActionInvoker.InvokeActionResultFilterRecursive(IList`1 filters, Int32 filterIndex, ResultExecutingContext preContext, ControllerContext controllerContext, ActionResult actionResult)
   en System.Web.Mvc.ControllerActionInvoker.InvokeActionResultWithFilters(ControllerContext controllerContext, IList`1 filters, ActionResult actionResult)
   en System.Web.Mvc.Async.AsyncControllerActionInvoker.<>c__DisplayClass3_1.<BeginInvokeAction>b__1(IAsyncResult asyncResult)

2026-04-17 20:34:28.232 | Inspeccion/Detalle
System.Web.HttpParseException (0x80004005): Palabra clave "if" inesperada después del carácter "@". Una vez dentro del código, no es necesario añadir prefijos a las construcciones, como "if" con "@".

   en System.Web.WebPages.Razor.RazorBuildProvider.EnsureGeneratedCode()
   en System.Web.WebPages.Razor.RazorBuildProvider.get_CodeCompilerType()
   en System.Web.Compilation.BuildProvider.GetCompilerTypeFromBuildProvider(BuildProvider buildProvider)
   en System.Web.Compilation.BuildProvidersCompiler.ProcessBuildProviders()
   en System.Web.Compilation.BuildProvidersCompiler.PerformBuild()
   en System.Web.Compilation.BuildManager.CompileWebFile(VirtualPath virtualPath)
   en System.Web.Compilation.BuildManager.GetVPathBuildResultInternal(VirtualPath virtualPath, Boolean noBuild, Boolean allowCrossApp, Boolean allowBuildInPrecompile, Boolean throwIfNotFound, Boolean ensureIsUpToDate)
   en System.Web.Compilation.BuildManager.GetVPathBuildResultWithNoAssert(HttpContext context, VirtualPath virtualPath, Boolean noBuild, Boolean allowCrossApp, Boolean allowBuildInPrecompile, Boolean throwIfNotFound, Boolean ensureIsUpToDate)
   en System.Web.Compilation.BuildManager.GetVirtualPathObjectFactory(VirtualPath virtualPath, HttpContext context, Boolean allowCrossApp, Boolean throwIfNotFound)
   en System.Web.Compilation.BuildManager.GetCompiledType(VirtualPath virtualPath)
   en System.Web.Mvc.BuildManagerCompiledView.Render(ViewContext viewContext, TextWriter writer)
   en System.Web.Mvc.Html.PartialExtensions.Partial(HtmlHelper htmlHelper, String partialViewName, Object model, ViewDataDictionary viewData)
   en ASP._Page_Views_Inspeccion_Detalle_cshtml.Execute() en c:\AOCR\AOCR\AOCR05-01-2026\AOCR1\AOCR\CapaPresentacion\Views\Inspeccion\Detalle.cshtml:línea 2042
   en System.Web.WebPages.WebPageBase.ExecutePageHierarchy()
   en System.Web.Mvc.WebViewPage.ExecutePageHierarchy()
   en System.Web.WebPages.StartPage.ExecutePageHierarchy()
   en System.Web.WebPages.WebPageBase.ExecutePageHierarchy(WebPageContext pageContext, TextWriter writer, WebPageRenderingBase startPage)
   en System.Web.Mvc.ViewResultBase.ExecuteResult(ControllerContext context)
   en System.Web.Mvc.ControllerActionInvoker.InvokeActionResultFilterRecursive(IList`1 filters, Int32 filterIndex, ResultExecutingContext preContext, ControllerContext controllerContext, ActionResult actionResult)
   en System.Web.Mvc.ControllerActionInvoker.InvokeActionResultFilterRecursive(IList`1 filters, Int32 filterIndex, ResultExecutingContext preContext, ControllerContext controllerContext, ActionResult actionResult)
   en System.Web.Mvc.ControllerActionInvoker.InvokeActionResultFilterRecursive(IList`1 filters, Int32 filterIndex, ResultExecutingContext preContext, ControllerContext controllerContext, ActionResult actionResult)
   en System.Web.Mvc.ControllerActionInvoker.InvokeActionResultFilterRecursive(IList`1 filters, Int32 filterIndex, ResultExecutingContext preContext, ControllerContext controllerContext, ActionResult actionResult)
   en System.Web.Mvc.ControllerActionInvoker.InvokeActionResultWithFilters(ControllerContext controllerContext, IList`1 filters, ActionResult actionResult)
   en System.Web.Mvc.Async.AsyncControllerActionInvoker.<>c__DisplayClass3_1.<BeginInvokeAction>b__1(IAsyncResult asyncResult)

2026-04-22 10:15:08.348 | SolicitudAOCR/Detalle
Npgsql.NpgsqlException (0x80004005): Exception while reading from stream ---> System.IO.IOException: No se puede escribir datos de en la conexión de transporte: Se produjo un error durante el intento de conexión ya que la parte conectada no respondió adecuadamente tras un periodo de tiempo, o bien se produjo un error en la conexión establecida ya que el host conectado no ha podido responder. ---> System.Net.Sockets.SocketException: Se produjo un error durante el intento de conexión ya que la parte conectada no respondió adecuadamente tras un periodo de tiempo, o bien se produjo un error en la conexión establecida ya que el host conectado no ha podido responder
   en System.Net.Sockets.NetworkStream.Read(Byte[] buffer, Int32 offset, Int32 size)
   --- Fin del seguimiento de la pila de la excepción interna ---
   en System.Net.Sockets.NetworkStream.Read(Byte[] buffer, Int32 offset, Int32 size)
   en Npgsql.NpgsqlReadBuffer.<>c__DisplayClass30_0.<<Ensure>g__EnsureLong|0>d.MoveNext()
   en Npgsql.NpgsqlReadBuffer.<>c__DisplayClass30_0.<<Ensure>g__EnsureLong|0>d.MoveNext()
--- Fin del seguimiento de la pila de la ubicación anterior donde se produjo la excepción ---
   en System.Runtime.ExceptionServices.ExceptionDispatchInfo.Throw()
   en Npgsql.NpgsqlConnector.<>c__DisplayClass158_0.<<DoReadMessage>g__ReadMessageLong|0>d.MoveNext()
--- Fin del seguimiento de la pila de la ubicación anterior donde se produjo la excepción ---
   en System.Runtime.ExceptionServices.ExceptionDispatchInfo.Throw()
   en Npgsql.NpgsqlConnector.<>c__DisplayClass158_0.<<DoReadMessage>g__ReadMessageLong|0>d.MoveNext()
--- Fin del seguimiento de la pila de la ubicación anterior donde se produjo la excepción ---
   en System.Runtime.ExceptionServices.ExceptionDispatchInfo.Throw()
   en Npgsql.NpgsqlDataReader.<NextResult>d__44.MoveNext()
--- Fin del seguimiento de la pila de la ubicación anterior donde se produjo la excepción ---
   en System.Runtime.ExceptionServices.ExceptionDispatchInfo.Throw()
   en System.Runtime.CompilerServices.TaskAwaiter.HandleNonSuccessAndDebuggerNotification(Task task)
   en Npgsql.NpgsqlDataReader.NextResult()
   en Npgsql.NpgsqlCommand.<ExecuteReaderAsync>d__97.MoveNext()
--- Fin del seguimiento de la pila de la ubicación anterior donde se produjo la excepción ---
   en System.Runtime.ExceptionServices.ExceptionDispatchInfo.Throw()
   en System.Runtime.CompilerServices.TaskAwaiter.HandleNonSuccessAndDebuggerNotification(Task task)
   en Npgsql.NpgsqlCommand.ExecuteReader(CommandBehavior behavior)
   en CapaDatos.DAOs.SolicitudAOCRDAO.ObtenerPorId(Int32 id) en C:\AOCR\AOCR\AOCR05-01-2026\AOCR1\AOCR\CapaDatos\DAOs\SolicitudAOCRDAO.cs:línea 440
   en CapaPresentacion.Controllers.SolicitudAOCRController.Detalle(Int32 id) en C:\AOCR\AOCR\AOCR05-01-2026\AOCR1\AOCR\CapaPresentacion\Controllers\SolicitudAOCRController.cs:línea 2443
   en lambda_method(Closure , ControllerBase , Object[] )
   en System.Web.Mvc.ControllerActionInvoker.InvokeActionMethod(ControllerContext controllerContext, ActionDescriptor actionDescriptor, IDictionary`2 parameters)
   en System.Web.Mvc.Async.AsyncControllerActionInvoker.<>c.<BeginInvokeSynchronousActionMethod>b__9_0(IAsyncResult asyncResult, ActionInvocation innerInvokeState)
   en System.Web.Mvc.Async.AsyncResultWrapper.WrappedAsyncResult`2.CallEndDelegate(IAsyncResult asyncResult)
   en System.Web.Mvc.Async.AsyncControllerActionInvoker.EndInvokeActionMethod(IAsyncResult asyncResult)
   en System.Web.Mvc.Async.AsyncControllerActionInvoker.AsyncInvocationWithFilters.<>c__DisplayClass11_0.<InvokeActionMethodFilterAsynchronouslyRecursive>b__0()
   en System.Web.Mvc.Async.AsyncControllerActionInvoker.AsyncInvocationWithFilters.<>c__DisplayClass11_2.<InvokeActionMethodFilterAsynchronouslyRecursive>b__2()
   en System.Web.Mvc.Async.AsyncControllerActionInvoker.AsyncInvocationWithFilters.<>c__DisplayClass11_2.<InvokeActionMethodFilterAsynchronouslyRecursive>b__2()
   en System.Web.Mvc.Async.AsyncControllerActionInvoker.AsyncInvocationWithFilters.<>c__DisplayClass11_2.<InvokeActionMethodFilterAsynchronouslyRecursive>b__2()
   en System.Web.Mvc.Async.AsyncControllerActionInvoker.EndInvokeActionMethodWithFilters(IAsyncResult asyncResult)
   en System.Web.Mvc.Async.AsyncControllerActionInvoker.<>c__DisplayClass3_6.<BeginInvokeAction>b__4()
   en System.Web.Mvc.Async.AsyncControllerActionInvoker.<>c__DisplayClass3_1.<BeginInvokeAction>b__1(IAsyncResult asyncResult)

2026-04-22 11:53:35.830 | Certificado/Detalle
Npgsql.NpgsqlException (0x80004005): Exception while connecting ---> System.TimeoutException: Timeout during connection attempt
   en Npgsql.NpgsqlConnector.Connect(NpgsqlTimeout timeout)
   en Npgsql.NpgsqlConnector.Connect(NpgsqlTimeout timeout)
   en Npgsql.NpgsqlConnector.<RawOpen>d__150.MoveNext()
--- Fin del seguimiento de la pila de la ubicación anterior donde se produjo la excepción ---
   en System.Runtime.ExceptionServices.ExceptionDispatchInfo.Throw()
   en System.Runtime.CompilerServices.TaskAwaiter.HandleNonSuccessAndDebuggerNotification(Task task)
   en Npgsql.NpgsqlConnector.<Open>d__146.MoveNext()
--- Fin del seguimiento de la pila de la ubicación anterior donde se produjo la excepción ---
   en System.Runtime.ExceptionServices.ExceptionDispatchInfo.Throw()
   en Npgsql.ConnectorPool.<AllocateLong>d__28.MoveNext()
--- Fin del seguimiento de la pila de la ubicación anterior donde se produjo la excepción ---
   en System.Runtime.ExceptionServices.ExceptionDispatchInfo.Throw()
   en System.Runtime.CompilerServices.TaskAwaiter.HandleNonSuccessAndDebuggerNotification(Task task)
   en Npgsql.NpgsqlConnection.<>c__DisplayClass32_0.<<Open>g__OpenLong|0>d.MoveNext()
--- Fin del seguimiento de la pila de la ubicación anterior donde se produjo la excepción ---
   en System.Runtime.ExceptionServices.ExceptionDispatchInfo.Throw()
   en System.Runtime.CompilerServices.TaskAwaiter.HandleNonSuccessAndDebuggerNotification(Task task)
   en Npgsql.NpgsqlConnection.Open()
   en CapaDatos.DAOs.CertificadoDAO.ObtenerPorSolicitud(Int32 solicitudId) en C:\AOCR\AOCR\AOCR05-01-2026\AOCR1\AOCR\CapaDatos\DAOs\CertificadoDAO.cs:línea 175
   en CapaNegocio.CertificadoBL.ObtenerPorSolicitud(Int32 solicitudId) en C:\AOCR\AOCR\AOCR05-01-2026\AOCR1\AOCR\CapaNegocio\CertificadoBL.cs:línea 18
   en CapaPresentacion.Controllers.CertificadoController.Detalle(Int32 solicitudId) en C:\AOCR\AOCR\AOCR05-01-2026\AOCR1\AOCR\CapaPresentacion\Controllers\6_CertificadoController.cs:línea 36
   en lambda_method(Closure , ControllerBase , Object[] )
   en System.Web.Mvc.ControllerActionInvoker.InvokeActionMethod(ControllerContext controllerContext, ActionDescriptor actionDescriptor, IDictionary`2 parameters)
   en System.Web.Mvc.Async.AsyncControllerActionInvoker.<>c.<BeginInvokeSynchronousActionMethod>b__9_0(IAsyncResult asyncResult, ActionInvocation innerInvokeState)
   en System.Web.Mvc.Async.AsyncResultWrapper.WrappedAsyncResult`2.CallEndDelegate(IAsyncResult asyncResult)
   en System.Web.Mvc.Async.AsyncControllerActionInvoker.EndInvokeActionMethod(IAsyncResult asyncResult)
   en System.Web.Mvc.Async.AsyncControllerActionInvoker.AsyncInvocationWithFilters.<>c__DisplayClass11_0.<InvokeActionMethodFilterAsynchronouslyRecursive>b__0()
   en System.Web.Mvc.Async.AsyncControllerActionInvoker.AsyncInvocationWithFilters.<>c__DisplayClass11_2.<InvokeActionMethodFilterAsynchronouslyRecursive>b__2()
   en System.Web.Mvc.Async.AsyncControllerActionInvoker.AsyncInvocationWithFilters.<>c__DisplayClass11_2.<InvokeActionMethodFilterAsynchronouslyRecursive>b__2()
   en System.Web.Mvc.Async.AsyncControllerActionInvoker.AsyncInvocationWithFilters.<>c__DisplayClass11_2.<InvokeActionMethodFilterAsynchronouslyRecursive>b__2()
   en System.Web.Mvc.Async.AsyncControllerActionInvoker.EndInvokeActionMethodWithFilters(IAsyncResult asyncResult)
   en System.Web.Mvc.Async.AsyncControllerActionInvoker.<>c__DisplayClass3_6.<BeginInvokeAction>b__4()
   en System.Web.Mvc.Async.AsyncControllerActionInvoker.<>c__DisplayClass3_1.<BeginInvokeAction>b__1(IAsyncResult asyncResult)

2026-04-22 11:54:00.917 | Certificado/Detalle
Npgsql.NpgsqlException (0x80004005): Exception while connecting ---> System.TimeoutException: Timeout during connection attempt
   en Npgsql.NpgsqlConnector.Connect(NpgsqlTimeout timeout)
   en Npgsql.NpgsqlConnector.Connect(NpgsqlTimeout timeout)
   en Npgsql.NpgsqlConnector.<RawOpen>d__150.MoveNext()
--- Fin del seguimiento de la pila de la ubicación anterior donde se produjo la excepción ---
   en System.Runtime.ExceptionServices.ExceptionDispatchInfo.Throw()
   en System.Runtime.CompilerServices.TaskAwaiter.HandleNonSuccessAndDebuggerNotification(Task task)
   en Npgsql.NpgsqlConnector.<Open>d__146.MoveNext()
--- Fin del seguimiento de la pila de la ubicación anterior donde se produjo la excepción ---
   en System.Runtime.ExceptionServices.ExceptionDispatchInfo.Throw()
   en Npgsql.ConnectorPool.<AllocateLong>d__28.MoveNext()
--- Fin del seguimiento de la pila de la ubicación anterior donde se produjo la excepción ---
   en System.Runtime.ExceptionServices.ExceptionDispatchInfo.Throw()
   en System.Runtime.CompilerServices.TaskAwaiter.HandleNonSuccessAndDebuggerNotification(Task task)
   en Npgsql.NpgsqlConnection.<>c__DisplayClass32_0.<<Open>g__OpenLong|0>d.MoveNext()
--- Fin del seguimiento de la pila de la ubicación anterior donde se produjo la excepción ---
   en System.Runtime.ExceptionServices.ExceptionDispatchInfo.Throw()
   en System.Runtime.CompilerServices.TaskAwaiter.HandleNonSuccessAndDebuggerNotification(Task task)
   en Npgsql.NpgsqlConnection.Open()
   en CapaDatos.DAOs.CertificadoDAO.ObtenerPorSolicitud(Int32 solicitudId) en C:\AOCR\AOCR\AOCR05-01-2026\AOCR1\AOCR\CapaDatos\DAOs\CertificadoDAO.cs:línea 175
   en CapaNegocio.CertificadoBL.ObtenerPorSolicitud(Int32 solicitudId) en C:\AOCR\AOCR\AOCR05-01-2026\AOCR1\AOCR\CapaNegocio\CertificadoBL.cs:línea 18
   en CapaPresentacion.Controllers.CertificadoController.Detalle(Int32 solicitudId) en C:\AOCR\AOCR\AOCR05-01-2026\AOCR1\AOCR\CapaPresentacion\Controllers\6_CertificadoController.cs:línea 36
   en lambda_method(Closure , ControllerBase , Object[] )
   en System.Web.Mvc.ControllerActionInvoker.InvokeActionMethod(ControllerContext controllerContext, ActionDescriptor actionDescriptor, IDictionary`2 parameters)
   en System.Web.Mvc.Async.AsyncControllerActionInvoker.<>c.<BeginInvokeSynchronousActionMethod>b__9_0(IAsyncResult asyncResult, ActionInvocation innerInvokeState)
   en System.Web.Mvc.Async.AsyncResultWrapper.WrappedAsyncResult`2.CallEndDelegate(IAsyncResult asyncResult)
   en System.Web.Mvc.Async.AsyncControllerActionInvoker.EndInvokeActionMethod(IAsyncResult asyncResult)
   en System.Web.Mvc.Async.AsyncControllerActionInvoker.AsyncInvocationWithFilters.<>c__DisplayClass11_0.<InvokeActionMethodFilterAsynchronouslyRecursive>b__0()
   en System.Web.Mvc.Async.AsyncControllerActionInvoker.AsyncInvocationWithFilters.<>c__DisplayClass11_2.<InvokeActionMethodFilterAsynchronouslyRecursive>b__2()
   en System.Web.Mvc.Async.AsyncControllerActionInvoker.AsyncInvocationWithFilters.<>c__DisplayClass11_2.<InvokeActionMethodFilterAsynchronouslyRecursive>b__2()
   en System.Web.Mvc.Async.AsyncControllerActionInvoker.AsyncInvocationWithFilters.<>c__DisplayClass11_2.<InvokeActionMethodFilterAsynchronouslyRecursive>b__2()
   en System.Web.Mvc.Async.AsyncControllerActionInvoker.EndInvokeActionMethodWithFilters(IAsyncResult asyncResult)
   en System.Web.Mvc.Async.AsyncControllerActionInvoker.<>c__DisplayClass3_6.<BeginInvokeAction>b__4()
   en System.Web.Mvc.Async.AsyncControllerActionInvoker.<>c__DisplayClass3_1.<BeginInvokeAction>b__1(IAsyncResult asyncResult)

2026-04-22 15:11:13.742 | Tecnico/Index
System.Web.HttpParseException (0x80004005): Se esperaba "{" pero se encontró "_aocrCssDtVer". Las instrucciones de bloque deben ir entre "{" y "}". No se pueden usar instrucciones de flujo de control simples en las páginas CSHTML. Por ejemplo, no se permite lo siguiente:

@if(isLoggedIn)
    <p>Hola, @user</p>

En su lugar, incluya el contenido del bloque entre "{}":

@if(isLoggedIn) {
    <p>Hola, @user</p>
}

   en System.Web.WebPages.Razor.RazorBuildProvider.EnsureGeneratedCode()
   en System.Web.WebPages.Razor.RazorBuildProvider.get_CodeCompilerType()
   en System.Web.Compilation.BuildProvider.GetCompilerTypeFromBuildProvider(BuildProvider buildProvider)
   en System.Web.Compilation.BuildProvidersCompiler.ProcessBuildProviders()
   en System.Web.Compilation.BuildProvidersCompiler.PerformBuild()
   en System.Web.Compilation.BuildManager.CompileWebFile(VirtualPath virtualPath)
   en System.Web.Compilation.BuildManager.GetVPathBuildResultInternal(VirtualPath virtualPath, Boolean noBuild, Boolean allowCrossApp, Boolean allowBuildInPrecompile, Boolean throwIfNotFound, Boolean ensureIsUpToDate)
   en System.Web.Compilation.BuildManager.GetVPathBuildResultWithNoAssert(HttpContext context, VirtualPath virtualPath, Boolean noBuild, Boolean allowCrossApp, Boolean allowBuildInPrecompile, Boolean throwIfNotFound, Boolean ensureIsUpToDate)
   en System.Web.Compilation.BuildManager.GetVirtualPathObjectFactory(VirtualPath virtualPath, HttpContext context, Boolean allowCrossApp, Boolean throwIfNotFound)
   en System.Web.Compilation.BuildManager.CreateInstanceFromVirtualPath(VirtualPath virtualPath, Type requiredBaseType, HttpContext context, Boolean allowCrossApp)
   en System.Web.WebPages.BuildManagerWrapper.CreateInstanceOfType[T](String virtualPath)
   en System.Web.WebPages.VirtualPathFactoryManager.CreateInstanceOfType[T](String virtualPath)
   en System.Web.WebPages.WebPageBase.CreatePageFromVirtualPath(String virtualPath, HttpContextBase httpContext, Func`2 virtualPathExists, DisplayModeProvider displayModeProvider, IDisplayMode displayMode)
   en System.Web.WebPages.WebPageBase.<>c__DisplayClass40_0.<RenderPageCore>b__0(TextWriter writer)
   en System.Web.WebPages.WebPageBase.Write(HelperResult result)
   en System.Web.WebPages.WebPageBase.RenderSurrounding(String partialViewName, Action`1 body)
   en System.Web.WebPages.WebPageBase.PopContext()
   en System.Web.Mvc.ViewResultBase.ExecuteResult(ControllerContext context)
   en System.Web.Mvc.ControllerActionInvoker.InvokeActionResultFilterRecursive(IList`1 filters, Int32 filterIndex, ResultExecutingContext preContext, ControllerContext controllerContext, ActionResult actionResult)
   en System.Web.Mvc.ControllerActionInvoker.InvokeActionResultFilterRecursive(IList`1 filters, Int32 filterIndex, ResultExecutingContext preContext, ControllerContext controllerContext, ActionResult actionResult)
   en System.Web.Mvc.ControllerActionInvoker.InvokeActionResultFilterRecursive(IList`1 filters, Int32 filterIndex, ResultExecutingContext preContext, ControllerContext controllerContext, ActionResult actionResult)
   en System.Web.Mvc.ControllerActionInvoker.InvokeActionResultFilterRecursive(IList`1 filters, Int32 filterIndex, ResultExecutingContext preContext, ControllerContext controllerContext, ActionResult actionResult)
   en System.Web.Mvc.ControllerActionInvoker.InvokeActionResultWithFilters(ControllerContext controllerContext, IList`1 filters, ActionResult actionResult)
   en System.Web.Mvc.Async.AsyncControllerActionInvoker.<>c__DisplayClass3_1.<BeginInvokeAction>b__1(IAsyncResult asyncResult)

2026-04-22 15:11:17.441 | Home/Index
System.Web.HttpParseException (0x80004005): Se esperaba "{" pero se encontró "_aocrCssDtVer". Las instrucciones de bloque deben ir entre "{" y "}". No se pueden usar instrucciones de flujo de control simples en las páginas CSHTML. Por ejemplo, no se permite lo siguiente:

@if(isLoggedIn)
    <p>Hola, @user</p>

En su lugar, incluya el contenido del bloque entre "{}":

@if(isLoggedIn) {
    <p>Hola, @user</p>
}

   en System.Web.WebPages.Razor.RazorBuildProvider.EnsureGeneratedCode()
   en System.Web.WebPages.Razor.RazorBuildProvider.get_CodeCompilerType()
   en System.Web.Compilation.BuildProvider.GetCompilerTypeFromBuildProvider(BuildProvider buildProvider)
   en System.Web.Compilation.BuildProvidersCompiler.ProcessBuildProviders()
   en System.Web.Compilation.BuildProvidersCompiler.PerformBuild()
   en System.Web.Compilation.BuildManager.CompileWebFile(VirtualPath virtualPath)
   en System.Web.Compilation.BuildManager.GetVPathBuildResultInternal(VirtualPath virtualPath, Boolean noBuild, Boolean allowCrossApp, Boolean allowBuildInPrecompile, Boolean throwIfNotFound, Boolean ensureIsUpToDate)
   en System.Web.Compilation.BuildManager.GetVPathBuildResultWithNoAssert(HttpContext context, VirtualPath virtualPath, Boolean noBuild, Boolean allowCrossApp, Boolean allowBuildInPrecompile, Boolean throwIfNotFound, Boolean ensureIsUpToDate)
   en System.Web.Compilation.BuildManager.GetVirtualPathObjectFactory(VirtualPath virtualPath, HttpContext context, Boolean allowCrossApp, Boolean throwIfNotFound)
   en System.Web.Compilation.BuildManager.CreateInstanceFromVirtualPath(VirtualPath virtualPath, Type requiredBaseType, HttpContext context, Boolean allowCrossApp)
   en System.Web.WebPages.BuildManagerWrapper.CreateInstanceOfType[T](String virtualPath)
   en System.Web.WebPages.VirtualPathFactoryManager.CreateInstanceOfType[T](String virtualPath)
   en System.Web.WebPages.WebPageBase.CreatePageFromVirtualPath(String virtualPath, HttpContextBase httpContext, Func`2 virtualPathExists, DisplayModeProvider displayModeProvider, IDisplayMode displayMode)
   en System.Web.WebPages.WebPageBase.<>c__DisplayClass40_0.<RenderPageCore>b__0(TextWriter writer)
   en System.Web.WebPages.WebPageBase.Write(HelperResult result)
   en System.Web.WebPages.WebPageBase.RenderSurrounding(String partialViewName, Action`1 body)
   en System.Web.WebPages.WebPageBase.PopContext()
   en System.Web.Mvc.ViewResultBase.ExecuteResult(ControllerContext context)
   en System.Web.Mvc.ControllerActionInvoker.InvokeActionResultFilterRecursive(IList`1 filters, Int32 filterIndex, ResultExecutingContext preContext, ControllerContext controllerContext, ActionResult actionResult)
   en System.Web.Mvc.ControllerActionInvoker.InvokeActionResultFilterRecursive(IList`1 filters, Int32 filterIndex, ResultExecutingContext preContext, ControllerContext controllerContext, ActionResult actionResult)
   en System.Web.Mvc.ControllerActionInvoker.InvokeActionResultFilterRecursive(IList`1 filters, Int32 filterIndex, ResultExecutingContext preContext, ControllerContext controllerContext, ActionResult actionResult)
   en System.Web.Mvc.ControllerActionInvoker.InvokeActionResultFilterRecursive(IList`1 filters, Int32 filterIndex, ResultExecutingContext preContext, ControllerContext controllerContext, ActionResult actionResult)
   en System.Web.Mvc.ControllerActionInvoker.InvokeActionResultWithFilters(ControllerContext controllerContext, IList`1 filters, ActionResult actionResult)
   en System.Web.Mvc.Async.AsyncControllerActionInvoker.<>c__DisplayClass3_1.<BeginInvokeAction>b__1(IAsyncResult asyncResult)

2026-04-22 15:11:22.247 | Home/Index
System.Web.HttpParseException (0x80004005): Se esperaba "{" pero se encontró "_aocrCssDtVer". Las instrucciones de bloque deben ir entre "{" y "}". No se pueden usar instrucciones de flujo de control simples en las páginas CSHTML. Por ejemplo, no se permite lo siguiente:

@if(isLoggedIn)
    <p>Hola, @user</p>

En su lugar, incluya el contenido del bloque entre "{}":

@if(isLoggedIn) {
    <p>Hola, @user</p>
}

   en System.Web.WebPages.Razor.RazorBuildProvider.EnsureGeneratedCode()
   en System.Web.WebPages.Razor.RazorBuildProvider.get_CodeCompilerType()
   en System.Web.Compilation.BuildProvider.GetCompilerTypeFromBuildProvider(BuildProvider buildProvider)
   en System.Web.Compilation.BuildProvidersCompiler.ProcessBuildProviders()
   en System.Web.Compilation.BuildProvidersCompiler.PerformBuild()
   en System.Web.Compilation.BuildManager.CompileWebFile(VirtualPath virtualPath)
   en System.Web.Compilation.BuildManager.GetVPathBuildResultInternal(VirtualPath virtualPath, Boolean noBuild, Boolean allowCrossApp, Boolean allowBuildInPrecompile, Boolean throwIfNotFound, Boolean ensureIsUpToDate)
   en System.Web.Compilation.BuildManager.GetVPathBuildResultWithNoAssert(HttpContext context, VirtualPath virtualPath, Boolean noBuild, Boolean allowCrossApp, Boolean allowBuildInPrecompile, Boolean throwIfNotFound, Boolean ensureIsUpToDate)
   en System.Web.Compilation.BuildManager.GetVirtualPathObjectFactory(VirtualPath virtualPath, HttpContext context, Boolean allowCrossApp, Boolean throwIfNotFound)
   en System.Web.Compilation.BuildManager.CreateInstanceFromVirtualPath(VirtualPath virtualPath, Type requiredBaseType, HttpContext context, Boolean allowCrossApp)
   en System.Web.WebPages.BuildManagerWrapper.CreateInstanceOfType[T](String virtualPath)
   en System.Web.WebPages.VirtualPathFactoryManager.CreateInstanceOfType[T](String virtualPath)
   en System.Web.WebPages.WebPageBase.CreatePageFromVirtualPath(String virtualPath, HttpContextBase httpContext, Func`2 virtualPathExists, DisplayModeProvider displayModeProvider, IDisplayMode displayMode)
   en System.Web.WebPages.WebPageBase.<>c__DisplayClass40_0.<RenderPageCore>b__0(TextWriter writer)
   en System.Web.WebPages.WebPageBase.Write(HelperResult result)
   en System.Web.WebPages.WebPageBase.RenderSurrounding(String partialViewName, Action`1 body)
   en System.Web.WebPages.WebPageBase.PopContext()
   en System.Web.Mvc.ViewResultBase.ExecuteResult(ControllerContext context)
   en System.Web.Mvc.ControllerActionInvoker.InvokeActionResultFilterRecursive(IList`1 filters, Int32 filterIndex, ResultExecutingContext preContext, ControllerContext controllerContext, ActionResult actionResult)
   en System.Web.Mvc.ControllerActionInvoker.InvokeActionResultFilterRecursive(IList`1 filters, Int32 filterIndex, ResultExecutingContext preContext, ControllerContext controllerContext, ActionResult actionResult)
   en System.Web.Mvc.ControllerActionInvoker.InvokeActionResultFilterRecursive(IList`1 filters, Int32 filterIndex, ResultExecutingContext preContext, ControllerContext controllerContext, ActionResult actionResult)
   en System.Web.Mvc.ControllerActionInvoker.InvokeActionResultFilterRecursive(IList`1 filters, Int32 filterIndex, ResultExecutingContext preContext, ControllerContext controllerContext, ActionResult actionResult)
   en System.Web.Mvc.ControllerActionInvoker.InvokeActionResultWithFilters(ControllerContext controllerContext, IList`1 filters, ActionResult actionResult)
   en System.Web.Mvc.Async.AsyncControllerActionInvoker.<>c__DisplayClass3_1.<BeginInvokeAction>b__1(IAsyncResult asyncResult)

2026-04-22 16:19:45.188 | Account/Login
System.Web.Mvc.HttpAntiForgeryException (0x80004005): La cookie antifalsificación requerida "__AOCR_RequestVerificationToken" no está presente.
   en System.Web.Helpers.AntiXsrf.TokenValidator.ValidateTokens(HttpContextBase httpContext, IIdentity identity, AntiForgeryToken sessionToken, AntiForgeryToken fieldToken)
   en System.Web.Helpers.AntiXsrf.AntiForgeryWorker.Validate(HttpContextBase httpContext)
   en System.Web.Mvc.ControllerActionInvoker.InvokeAuthorizationFilters(ControllerContext controllerContext, IList`1 filters, ActionDescriptor actionDescriptor)
   en System.Web.Mvc.Async.AsyncControllerActionInvoker.<>c__DisplayClass3_1.<BeginInvokeAction>b__0(AsyncCallback asyncCallback, Object asyncState)

2026-04-22 22:39:32.805 | Account/Login
System.Web.Mvc.HttpAntiForgeryException (0x80004005): La cookie antifalsificación requerida "__AOCR_RequestVerificationToken" no está presente.
   en System.Web.Helpers.AntiXsrf.TokenValidator.ValidateTokens(HttpContextBase httpContext, IIdentity identity, AntiForgeryToken sessionToken, AntiForgeryToken fieldToken)
   en System.Web.Helpers.AntiXsrf.AntiForgeryWorker.Validate(HttpContextBase httpContext)
   en System.Web.Mvc.ControllerActionInvoker.InvokeAuthorizationFilters(ControllerContext controllerContext, IList`1 filters, ActionDescriptor actionDescriptor)
   en System.Web.Mvc.Async.AsyncControllerActionInvoker.<>c__DisplayClass3_1.<BeginInvokeAction>b__0(AsyncCallback asyncCallback, Object asyncState)

2026-04-23 16:14:04.753 | Account/Login
System.Web.Mvc.HttpAntiForgeryException (0x80004005): La cookie antifalsificación requerida "__AOCR_RequestVerificationToken" no está presente.
   en System.Web.Helpers.AntiXsrf.TokenValidator.ValidateTokens(HttpContextBase httpContext, IIdentity identity, AntiForgeryToken sessionToken, AntiForgeryToken fieldToken)
   en System.Web.Helpers.AntiXsrf.AntiForgeryWorker.Validate(HttpContextBase httpContext)
   en System.Web.Mvc.ControllerActionInvoker.InvokeAuthorizationFilters(ControllerContext controllerContext, IList`1 filters, ActionDescriptor actionDescriptor)
   en System.Web.Mvc.Async.AsyncControllerActionInvoker.<>c__DisplayClass3_1.<BeginInvokeAction>b__0(AsyncCallback asyncCallback, Object asyncState)

